file,symbol,line,kind,public_name,summary
fix_checkpoint_loading.py,repair,17,FunctionDef,True,repair。
fix_checkpoint_loading.py,main,102,FunctionDef,True,解析运行参数并执行本模块的实验入口。
src/fashion_multimodal_analysis/analysis/analyze_deepfashion2_categories.py,load_annotation,31,FunctionDef,True,Load one DeepFashion2 annotation file.
src/fashion_multimodal_analysis/analysis/analyze_deepfashion2_categories.py,extract_category_names,52,FunctionDef,True,Extract clothing category names from one annotation.
src/fashion_multimodal_analysis/analysis/analyze_deepfashion2_categories.py,analyze_annotations,80,FunctionDef,True,Analyze all DeepFashion2 annotation files in a directory.
src/fashion_multimodal_analysis/analysis/analyze_deepfashion2_categories.py,save_category_summary,139,FunctionDef,True,Save category counts and percentages to a CSV file.
src/fashion_multimodal_analysis/analysis/analyze_deepfashion2_categories.py,configure_logging,183,FunctionDef,True,Configure console logging for the analysis script.
src/fashion_multimodal_analysis/analysis/analyze_deepfashion2_categories.py,main,191,FunctionDef,True,Run DeepFashion2 category distribution analysis.
src/fashion_multimodal_analysis/analysis/analyze_grounding_bbox_quality.py,load_predictions,39,FunctionDef,True,Load one Grounding DINO prediction file.
src/fashion_multimodal_analysis/analysis/analyze_grounding_bbox_quality.py,is_target_related,63,FunctionDef,True,Check whether a predicted label contains the target keyword.
src/fashion_multimodal_analysis/analysis/analyze_grounding_bbox_quality.py,select_primary_detection,79,FunctionDef,True,Select the highest-confidence target-related detection.
src/fashion_multimodal_analysis/analysis/analyze_grounding_bbox_quality.py,get_image_size,110,FunctionDef,True,Read an image width and height.
src/fashion_multimodal_analysis/analysis/analyze_grounding_bbox_quality.py,calculate_area_ratio,133,FunctionDef,True,Calculate bounding-box area relative to full image area.
src/fashion_multimodal_analysis/analysis/analyze_grounding_bbox_quality.py,percentile,166,FunctionDef,True,Calculate a simple interpolated percentile.
src/fashion_multimodal_analysis/analysis/analyze_grounding_bbox_quality.py,summarize_ratios,203,FunctionDef,True,Summarize bounding-box area ratios.
src/fashion_multimodal_analysis/analysis/analyze_grounding_bbox_quality.py,collect_group_rows,243,FunctionDef,True,Collect bbox statistics for one evaluation group.
src/fashion_multimodal_analysis/analysis/analyze_grounding_bbox_quality.py,build_summary,297,FunctionDef,True,Build group-level and overall bbox summaries.
src/fashion_multimodal_analysis/analysis/analyze_grounding_bbox_quality.py,save_csv,347,FunctionDef,True,Save dictionary rows as CSV.
src/fashion_multimodal_analysis/analysis/analyze_grounding_bbox_quality.py,print_overall_summary,379,FunctionDef,True,Print overall bbox quality results.
src/fashion_multimodal_analysis/analysis/analyze_grounding_bbox_quality.py,main,406,FunctionDef,True,Analyze bbox size quality across all evaluation groups.
src/fashion_multimodal_analysis/analysis/analyze_grounding_failure_patterns.py,configure_logging,77,FunctionDef,True,Configure console logging.
src/fashion_multimodal_analysis/analysis/analyze_grounding_failure_patterns.py,parse_args,85,FunctionDef,True,Parse command-line arguments.
src/fashion_multimodal_analysis/analysis/analyze_grounding_failure_patterns.py,resolve_audit_file,118,FunctionDef,True,Resolve the input audit CSV.
src/fashion_multimodal_analysis/analysis/analyze_grounding_failure_patterns.py,read_audit_rows,152,FunctionDef,True,Read localization audit rows.
src/fashion_multimodal_analysis/analysis/analyze_grounding_failure_patterns.py,normalize_text,198,FunctionDef,True,Normalize an optional text value.
src/fashion_multimodal_analysis/analysis/analyze_grounding_failure_patterns.py,validate_reviewed_rows,215,FunctionDef,True,Validate that the audit contains manual review labels.
src/fashion_multimodal_analysis/analysis/analyze_grounding_failure_patterns.py,calculate_rate,243,FunctionDef,True,Calculate percentage rate.
src/fashion_multimodal_analysis/analysis/analyze_grounding_failure_patterns.py,analyze_by_target,262,FunctionDef,True,Summarize localization quality for each target.
src/fashion_multimodal_analysis/analysis/analyze_grounding_failure_patterns.py,analyze_error_types,347,FunctionDef,True,Summarize manual error types.
src/fashion_multimodal_analysis/analysis/analyze_grounding_failure_patterns.py,classify_target_scale,411,FunctionDef,True,Assign target to a coarse object-scale group.
src/fashion_multimodal_analysis/analysis/analyze_grounding_failure_patterns.py,analyze_by_scale_group,431,FunctionDef,True,Compare small objects with larger garment parts.
src/fashion_multimodal_analysis/analysis/analyze_grounding_failure_patterns.py,build_failure_cases,527,FunctionDef,True,Build detailed failure-case records.
src/fashion_multimodal_analysis/analysis/analyze_grounding_failure_patterns.py,save_csv,608,FunctionDef,True,Save records to CSV.
src/fashion_multimodal_analysis/analysis/analyze_grounding_failure_patterns.py,get_target_record,651,FunctionDef,True,Find one target summary.
src/fashion_multimodal_analysis/analysis/analyze_grounding_failure_patterns.py,get_scale_record,671,FunctionDef,True,Find one scale-group summary.
src/fashion_multimodal_analysis/analysis/analyze_grounding_failure_patterns.py,format_target_table,691,FunctionDef,True,Build Markdown target summary table.
src/fashion_multimodal_analysis/analysis/analyze_grounding_failure_patterns.py,format_error_table,721,FunctionDef,True,Build Markdown error-type table.
src/fashion_multimodal_analysis/analysis/analyze_grounding_failure_patterns.py,build_summary_markdown,752,FunctionDef,True,Build the Markdown experiment summary.
src/fashion_multimodal_analysis/analysis/analyze_grounding_failure_patterns.py,save_markdown,954,FunctionDef,True,Save Markdown content.
src/fashion_multimodal_analysis/analysis/analyze_grounding_failure_patterns.py,print_console_summary,980,FunctionDef,True,Print a concise analysis summary.
src/fashion_multimodal_analysis/analysis/analyze_grounding_failure_patterns.py,main,1021,FunctionDef,True,Run Grounding DINO failure-pattern analysis.
src/fashion_multimodal_analysis/analysis/analyze_visibility_filtering.py,main,16,FunctionDef,True,解析运行参数并执行本模块的实验入口。
src/fashion_multimodal_analysis/analysis/audit_dataset_overlap.py,image_key,20,FunctionDef,True,图像 标识。
src/fashion_multimodal_analysis/analysis/audit_dataset_overlap.py,read_rows,36,FunctionDef,True,读取 逐行记录。
src/fashion_multimodal_analysis/analysis/audit_dataset_overlap.py,audit,49,FunctionDef,True,检查。
src/fashion_multimodal_analysis/analysis/audit_dataset_overlap.py,main,117,FunctionDef,True,解析运行参数并执行本模块的实验入口。
src/fashion_multimodal_analysis/analysis/build_prd_3_1_2_final_summary_v1.py,main,16,FunctionDef,True,解析运行参数并执行本模块的实验入口。
src/fashion_multimodal_analysis/analysis/diagnose_prd31_v4.py,read_csv,85,FunctionDef,True,读取带表头的 CSV，保留每列原始字符串。
src/fashion_multimodal_analysis/analysis/diagnose_prd31_v4.py,write_csv,98,FunctionDef,True,按确定的字段顺序保存实验 CSV。
src/fashion_multimodal_analysis/analysis/diagnose_prd31_v4.py,digest,113,FunctionDef,True,分块计算文件 SHA-256，核对文件身份而不加载整个权重到内存。
src/fashion_multimodal_analysis/analysis/diagnose_prd31_v4.py,flag,125,FunctionDef,True,flag。
src/fashion_multimodal_analysis/analysis/diagnose_prd31_v4.py,resolve,137,FunctionDef,True,将历史原图/掩码引用迁移到本次使用的项目和数据目录。
src/fashion_multimodal_analysis/analysis/diagnose_prd31_v4.py,summarize,151,FunctionDef,True,汇总逐例结果，保持当前指标的分母定义。
src/fashion_multimodal_analysis/analysis/diagnose_prd31_v4.py,result_groups,186,FunctionDef,True,按指定字段分组逐例结果，检查是否存在共性错误。
src/fashion_multimodal_analysis/analysis/diagnose_prd31_v4.py,annotation_id,208,FunctionDef,True,提取原始标注的实例 ID，用于核对选中目标。
src/fashion_multimodal_analysis/analysis/diagnose_prd31_v4.py,usable_annotation,235,FunctionDef,True,检查原始目标标注是否可用于八类实例训练。
src/fashion_multimodal_analysis/analysis/diagnose_prd31_v4.py,audit_native_annotations,257,FunctionDef,True,Compare selected identities to usable raw annotations in the same eight classes.
src/fashion_multimodal_analysis/analysis/diagnose_prd31_v4.py,number,432,FunctionDef,True,将数值格式化为分析报告的显示文本。
src/fashion_multimodal_analysis/analysis/diagnose_prd31_v4.py,timing_summary,445,FunctionDef,True,汇总多次计时，记录均值、分位数和实际样本数量。
src/fashion_multimodal_analysis/analysis/diagnose_prd31_v4.py,markdown_report,486,FunctionDef,True,将已计算的分析字段组织为 Markdown 报告。
src/fashion_multimodal_analysis/analysis/diagnose_prd31_v4.py,run,607,FunctionDef,True,组织本模块的准备、执行和结果保存步骤。
src/fashion_multimodal_analysis/analysis/diagnose_prd31_v4.py,main,747,FunctionDef,True,解析运行参数并执行本模块的实验入口。
src/fashion_multimodal_analysis/analysis/diagnose_prd31_v6_regressions.py,digest,29,FunctionDef,True,分块计算文件 SHA-256，核对文件身份而不加载整个权重到内存。
src/fashion_multimodal_analysis/analysis/diagnose_prd31_v6_regressions.py,read_csv,45,FunctionDef,True,读取带表头的 CSV，保留每列原始字符串。
src/fashion_multimodal_analysis/analysis/diagnose_prd31_v6_regressions.py,diagnose,58,FunctionDef,True,诊断。
src/fashion_multimodal_analysis/analysis/diagnose_prd31_v6_regressions.py,check_reference,161,FunctionDef,True,检查 reference。
src/fashion_multimodal_analysis/analysis/diagnose_prd31_v6_regressions.py,montage,198,FunctionDef,True,montage。
src/fashion_multimodal_analysis/analysis/diagnose_prd31_v6_regressions.py,run,253,FunctionDef,True,组织本模块的准备、执行和结果保存步骤。
src/fashion_multimodal_analysis/analysis/diagnose_prd31_v6_regressions.py,main,492,FunctionDef,True,解析运行参数并执行本模块的实验入口。
src/fashion_multimodal_analysis/analysis/diagnose_prd31_v6_regressions.py,describe,92,FunctionDef,True,describe。
src/fashion_multimodal_analysis/analysis/diagnose_prd31_v6_regressions.py,caption,401,FunctionDef,True,caption。
src/fashion_multimodal_analysis/analysis/finalize_prd_3_1_1_v1.py,main,16,FunctionDef,True,解析运行参数并执行本模块的实验入口。
src/fashion_multimodal_analysis/analysis/finalize_prd_3_1_1_v1.py,parse_summary,76,FunctionDef,True,解析 汇总。
src/fashion_multimodal_analysis/analysis/finalize_prd_3_1_1_v1.py,pct,231,FunctionDef,True,pct。
src/fashion_multimodal_analysis/analysis/finalize_prd_3_1_1_v1.py,num,245,FunctionDef,True,num。
src/fashion_multimodal_analysis/analysis/record_maskrcnn_8class_experiment_config_v1.py,read_rows,71,FunctionDef,True,读取 逐行记录。
src/fashion_multimodal_analysis/analysis/record_maskrcnn_8class_experiment_config_v1.py,summarize_split,89,FunctionDef,True,汇总 split。
src/fashion_multimodal_analysis/analysis/record_maskrcnn_8class_experiment_config_v1.py,main,111,FunctionDef,True,解析运行参数并执行本模块的实验入口。
src/fashion_multimodal_analysis/analysis/summarize_attribute_manual_audit.py,resolve_file,44,FunctionDef,True,resolve 文件。
src/fashion_multimodal_analysis/analysis/summarize_attribute_manual_audit.py,parse_bool,74,FunctionDef,True,解析 bool。
src/fashion_multimodal_analysis/analysis/summarize_attribute_manual_audit.py,main,104,FunctionDef,True,解析运行参数并执行本模块的实验入口。
src/fashion_multimodal_analysis/analysis/summarize_prd31_acceptance.py,strict_grounding,39,FunctionDef,True,strict grounding。
src/fashion_multimodal_analysis/analysis/summarize_prd31_acceptance.py,summarize,135,FunctionDef,True,汇总逐例结果，保持当前指标的分母定义。
src/fashion_multimodal_analysis/analysis/summarize_prd31_acceptance.py,build_semantic_review_page,399,FunctionDef,True,构建 semantic 审核 page。
src/fashion_multimodal_analysis/analysis/summarize_prd31_acceptance.py,main,436,FunctionDef,True,解析运行参数并执行本模块的实验入口。
src/fashion_multimodal_analysis/analysis/summarize_prompt_diagnostic_no_pandas.py,_mean,26,FunctionDef,False,"Return the arithmetic mean, or None for an empty list."
src/fashion_multimodal_analysis/analysis/summarize_prompt_diagnostic_no_pandas.py,main,40,FunctionDef,True,Read case-level results and write grouped summary.csv.
src/fashion_multimodal_analysis/attributes/color/run_primary_color_baseline_v1.py,resolve_path,139,FunctionDef,True,将清单或配置中的相对路径解析到当前项目/数据目录。
src/fashion_multimodal_analysis/attributes/color/run_primary_color_baseline_v1.py,read_csv,151,FunctionDef,True,读取带表头的 CSV，保留每列原始字符串。
src/fashion_multimodal_analysis/attributes/color/run_primary_color_baseline_v1.py,read_manifest,164,FunctionDef,True,读取实例清单，不在读取阶段改变样本划分。
src/fashion_multimodal_analysis/attributes/color/run_primary_color_baseline_v1.py,l2_normalize,197,FunctionDef,True,按 L2 范数归一化特征，供余弦相似度比较。
src/fashion_multimodal_analysis/attributes/color/run_primary_color_baseline_v1.py,encode_texts,216,FunctionDef,True,编码文本提示，供后续图文相似度比较。
src/fashion_multimodal_analysis/attributes/color/run_primary_color_baseline_v1.py,build_color_prototypes,253,FunctionDef,True,构建 颜色 类别原型。
src/fashion_multimodal_analysis/attributes/color/run_primary_color_baseline_v1.py,get_mask_bbox,293,FunctionDef,True,取得 掩码 边界框。
src/fashion_multimodal_analysis/attributes/color/run_primary_color_baseline_v1.py,load_crop_and_mask,317,FunctionDef,True,读取服饰裁剪和对应掩码，保持二者尺寸一致。
src/fashion_multimodal_analysis/attributes/color/run_primary_color_baseline_v1.py,composite_on_background,361,FunctionDef,True,composite on background。
src/fashion_multimodal_analysis/attributes/color/run_primary_color_baseline_v1.py,encode_image,389,FunctionDef,True,编码 图像。
src/fashion_multimodal_analysis/attributes/color/run_primary_color_baseline_v1.py,robust_garment_embedding,424,FunctionDef,True,robust garment 嵌入。
src/fashion_multimodal_analysis/attributes/color/run_primary_color_baseline_v1.py,classify_color,472,FunctionDef,True,classify 颜色。
src/fashion_multimodal_analysis/attributes/color/run_primary_color_baseline_v1.py,visual_source,531,FunctionDef,True,可视化 来源。
src/fashion_multimodal_analysis/attributes/color/run_primary_color_baseline_v1.py,save_visual,552,FunctionDef,True,保存样本可视化，供错误案例复核。
src/fashion_multimodal_analysis/attributes/color/run_primary_color_baseline_v1.py,make_contact_sheet,616,FunctionDef,True,把样本图与说明拼成审核联系表，便于逐例比较。
src/fashion_multimodal_analysis/attributes/color/run_primary_color_baseline_v1.py,write_predictions,707,FunctionDef,True,保存 预测。
src/fashion_multimodal_analysis/attributes/color/run_primary_color_baseline_v1.py,make_holdout,744,FunctionDef,True,生成 holdout。
src/fashion_multimodal_analysis/attributes/color/run_primary_color_baseline_v1.py,main,846,FunctionDef,True,解析运行参数并执行本模块的实验入口。
src/fashion_multimodal_analysis/attributes/design/build_unified_garment_attribute_vector_v1.py,resolve_path,79,FunctionDef,True,将清单或配置中的相对路径解析到当前项目/数据目录。
src/fashion_multimodal_analysis/attributes/design/build_unified_garment_attribute_vector_v1.py,normalize_source_image,91,FunctionDef,True,规范化原图引用，便于清单连接与重复样本检查。
src/fashion_multimodal_analysis/attributes/design/build_unified_garment_attribute_vector_v1.py,make_key,104,FunctionDef,True,生成 标识。
src/fashion_multimodal_analysis/attributes/design/build_unified_garment_attribute_vector_v1.py,read_csv,123,FunctionDef,True,读取带表头的 CSV，保留每列原始字符串。
src/fashion_multimodal_analysis/attributes/design/build_unified_garment_attribute_vector_v1.py,read_json,140,FunctionDef,True,读取 JSON。
src/fashion_multimodal_analysis/attributes/design/build_unified_garment_attribute_vector_v1.py,safe_float,156,FunctionDef,True,可靠处理 float。
src/fashion_multimodal_analysis/attributes/design/build_unified_garment_attribute_vector_v1.py,extract_style_records,179,FunctionDef,True,提取 style records。
src/fashion_multimodal_analysis/attributes/design/build_unified_garment_attribute_vector_v1.py,build_index,215,FunctionDef,True,构建 index。
src/fashion_multimodal_analysis/attributes/design/build_unified_garment_attribute_vector_v1.py,clean_style_features,260,FunctionDef,True,clean style 特征。
src/fashion_multimodal_analysis/attributes/design/build_unified_garment_attribute_vector_v1.py,clean_quality,300,FunctionDef,True,clean 质量。
src/fashion_multimodal_analysis/attributes/design/build_unified_garment_attribute_vector_v1.py,pattern_block,340,FunctionDef,True,图案 block。
src/fashion_multimodal_analysis/attributes/design/build_unified_garment_attribute_vector_v1.py,color_block,402,FunctionDef,True,颜色 block。
src/fashion_multimodal_analysis/attributes/design/build_unified_garment_attribute_vector_v1.py,flatten_record,439,FunctionDef,True,flatten 记录。
src/fashion_multimodal_analysis/attributes/design/build_unified_garment_attribute_vector_v1.py,write_flat_csv,494,FunctionDef,True,保存 flat CSV。
src/fashion_multimodal_analysis/attributes/design/build_unified_garment_attribute_vector_v1.py,main,538,FunctionDef,True,解析运行参数并执行本模块的实验入口。
src/fashion_multimodal_analysis/attributes/design/build_unified_garment_attribute_vector_v1_fixed.py,resolve_path,79,FunctionDef,True,将清单或配置中的相对路径解析到当前项目/数据目录。
src/fashion_multimodal_analysis/attributes/design/build_unified_garment_attribute_vector_v1_fixed.py,normalize_source_image,91,FunctionDef,True,规范化原图引用，便于清单连接与重复样本检查。
src/fashion_multimodal_analysis/attributes/design/build_unified_garment_attribute_vector_v1_fixed.py,make_key,104,FunctionDef,True,生成 标识。
src/fashion_multimodal_analysis/attributes/design/build_unified_garment_attribute_vector_v1_fixed.py,read_csv,123,FunctionDef,True,读取带表头的 CSV，保留每列原始字符串。
src/fashion_multimodal_analysis/attributes/design/build_unified_garment_attribute_vector_v1_fixed.py,read_json,140,FunctionDef,True,读取 JSON。
src/fashion_multimodal_analysis/attributes/design/build_unified_garment_attribute_vector_v1_fixed.py,safe_float,156,FunctionDef,True,可靠处理 float。
src/fashion_multimodal_analysis/attributes/design/build_unified_garment_attribute_vector_v1_fixed.py,extract_style_records,179,FunctionDef,True,提取 style records。
src/fashion_multimodal_analysis/attributes/design/build_unified_garment_attribute_vector_v1_fixed.py,build_index,216,FunctionDef,True,构建 index。
src/fashion_multimodal_analysis/attributes/design/build_unified_garment_attribute_vector_v1_fixed.py,clean_style_features,261,FunctionDef,True,clean style 特征。
src/fashion_multimodal_analysis/attributes/design/build_unified_garment_attribute_vector_v1_fixed.py,clean_quality,301,FunctionDef,True,clean 质量。
src/fashion_multimodal_analysis/attributes/design/build_unified_garment_attribute_vector_v1_fixed.py,pattern_block,341,FunctionDef,True,图案 block。
src/fashion_multimodal_analysis/attributes/design/build_unified_garment_attribute_vector_v1_fixed.py,color_block,403,FunctionDef,True,颜色 block。
src/fashion_multimodal_analysis/attributes/design/build_unified_garment_attribute_vector_v1_fixed.py,flatten_record,440,FunctionDef,True,flatten 记录。
src/fashion_multimodal_analysis/attributes/design/build_unified_garment_attribute_vector_v1_fixed.py,write_flat_csv,495,FunctionDef,True,保存 flat CSV。
src/fashion_multimodal_analysis/attributes/design/build_unified_garment_attribute_vector_v1_fixed.py,main,539,FunctionDef,True,解析运行参数并执行本模块的实验入口。
src/fashion_multimodal_analysis/attributes/design/repair_design_labels_v1_outputs.py,parse_args,79,FunctionDef,True,解析并校验命令行参数。
src/fashion_multimodal_analysis/attributes/design/repair_design_labels_v1_outputs.py,resolve_path,99,FunctionDef,True,将清单或配置中的相对路径解析到当前项目/数据目录。
src/fashion_multimodal_analysis/attributes/design/repair_design_labels_v1_outputs.py,normalize_source_image,111,FunctionDef,True,规范化原图引用，便于清单连接与重复样本检查。
src/fashion_multimodal_analysis/attributes/design/repair_design_labels_v1_outputs.py,read_style_index,123,FunctionDef,True,读取 style index。
src/fashion_multimodal_analysis/attributes/design/repair_design_labels_v1_outputs.py,geometry_gate,163,FunctionDef,True,几何 gate。
src/fashion_multimodal_analysis/attributes/design/repair_design_labels_v1_outputs.py,write_csv,195,FunctionDef,True,按确定的字段顺序保存实验 CSV。
src/fashion_multimodal_analysis/attributes/design/repair_design_labels_v1_outputs.py,flatten_record,230,FunctionDef,True,flatten 记录。
src/fashion_multimodal_analysis/attributes/design/repair_design_labels_v1_outputs.py,make_balanced_audit,271,FunctionDef,True,生成 balanced 检查。
src/fashion_multimodal_analysis/attributes/design/repair_design_labels_v1_outputs.py,derive_sleeve_weak_gt,368,FunctionDef,True,derive 袖部 weak gt。
src/fashion_multimodal_analysis/attributes/design/repair_design_labels_v1_outputs.py,coarse_sleeve_prediction,391,FunctionDef,True,coarse 袖部 预测。
src/fashion_multimodal_analysis/attributes/design/repair_design_labels_v1_outputs.py,main,416,FunctionDef,True,解析运行参数并执行本模块的实验入口。
src/fashion_multimodal_analysis/attributes/design/run_attribute_baseline_clip.py,resolve_image_path,106,FunctionDef,True,resolve 图像 路径。
src/fashion_multimodal_analysis/attributes/design/run_attribute_baseline_clip.py,classify_attribute,139,FunctionDef,True,classify 属性。
src/fashion_multimodal_analysis/attributes/design/run_attribute_baseline_clip.py,make_visual,200,FunctionDef,True,生成 可视化。
src/fashion_multimodal_analysis/attributes/design/run_attribute_baseline_clip.py,main,232,FunctionDef,True,解析运行参数并执行本模块的实验入口。
src/fashion_multimodal_analysis/attributes/design/run_attribute_baseline_clip_batch.py,resolve_dir,123,FunctionDef,True,resolve dir。
src/fashion_multimodal_analysis/attributes/design/run_attribute_baseline_clip_batch.py,classify_attribute,156,FunctionDef,True,classify 属性。
src/fashion_multimodal_analysis/attributes/design/run_attribute_baseline_clip_batch.py,save_visual,216,FunctionDef,True,保存样本可视化，供错误案例复核。
src/fashion_multimodal_analysis/attributes/design/run_attribute_baseline_clip_batch.py,fit_tile,277,FunctionDef,True,按显示格子的尺寸缩放图片，保留可辨认的目标区域。
src/fashion_multimodal_analysis/attributes/design/run_attribute_baseline_clip_batch.py,make_contact_sheet,310,FunctionDef,True,把样本图与说明拼成审核联系表，便于逐例比较。
src/fashion_multimodal_analysis/attributes/design/run_attribute_baseline_clip_batch.py,write_csv,360,FunctionDef,True,按确定的字段顺序保存实验 CSV。
src/fashion_multimodal_analysis/attributes/design/run_attribute_baseline_clip_batch.py,main,390,FunctionDef,True,解析运行参数并执行本模块的实验入口。
src/fashion_multimodal_analysis/attributes/design/run_attribute_baseline_clip_instances.py,resolve_path,152,FunctionDef,True,将清单或配置中的相对路径解析到当前项目/数据目录。
src/fashion_multimodal_analysis/attributes/design/run_attribute_baseline_clip_instances.py,read_manifest,164,FunctionDef,True,读取实例清单，不在读取阶段改变样本划分。
src/fashion_multimodal_analysis/attributes/design/run_attribute_baseline_clip_instances.py,apply_optional_mask,201,FunctionDef,True,apply optional 掩码。
src/fashion_multimodal_analysis/attributes/design/run_attribute_baseline_clip_instances.py,clip_rank,237,FunctionDef,True,使用 CLIP 图文相似度给当前候选标签排序。
src/fashion_multimodal_analysis/attributes/design/run_attribute_baseline_clip_instances.py,infer_colors,297,FunctionDef,True,推理 colors。
src/fashion_multimodal_analysis/attributes/design/run_attribute_baseline_clip_instances.py,infer_single_attribute,361,FunctionDef,True,推理 single 属性。
src/fashion_multimodal_analysis/attributes/design/run_attribute_baseline_clip_instances.py,save_visual,398,FunctionDef,True,保存样本可视化，供错误案例复核。
src/fashion_multimodal_analysis/attributes/design/run_attribute_baseline_clip_instances.py,make_contact_sheet,495,FunctionDef,True,把样本图与说明拼成审核联系表，便于逐例比较。
src/fashion_multimodal_analysis/attributes/design/run_attribute_baseline_clip_instances.py,main,563,FunctionDef,True,解析运行参数并执行本模块的实验入口。
src/fashion_multimodal_analysis/attributes/design/run_attribute_baseline_clip_instances_v2.py,resolve_path,139,FunctionDef,True,将清单或配置中的相对路径解析到当前项目/数据目录。
src/fashion_multimodal_analysis/attributes/design/run_attribute_baseline_clip_instances_v2.py,read_manifest,151,FunctionDef,True,读取实例清单，不在读取阶段改变样本划分。
src/fashion_multimodal_analysis/attributes/design/run_attribute_baseline_clip_instances_v2.py,load_crop_and_mask,184,FunctionDef,True,读取服饰裁剪和对应掩码，保持二者尺寸一致。
src/fashion_multimodal_analysis/attributes/design/run_attribute_baseline_clip_instances_v2.py,masked_for_clip,209,FunctionDef,True,masked for CLIP。
src/fashion_multimodal_analysis/attributes/design/run_attribute_baseline_clip_instances_v2.py,semantic_color_name,226,FunctionDef,True,Map an RGB cluster center to a compact fashion color vocabulary.
src/fashion_multimodal_analysis/attributes/design/run_attribute_baseline_clip_instances_v2.py,quantized_color_distribution,280,FunctionDef,True,Estimate semantic color shares from garment pixels only.
src/fashion_multimodal_analysis/attributes/design/run_attribute_baseline_clip_instances_v2.py,infer_color_attributes,379,FunctionDef,True,推理 颜色 属性。
src/fashion_multimodal_analysis/attributes/design/run_attribute_baseline_clip_instances_v2.py,clip_rank,428,FunctionDef,True,使用 CLIP 图文相似度给当前候选标签排序。
src/fashion_multimodal_analysis/attributes/design/run_attribute_baseline_clip_instances_v2.py,infer_clip_attribute,482,FunctionDef,True,推理 CLIP 属性。
src/fashion_multimodal_analysis/attributes/design/run_attribute_baseline_clip_instances_v2.py,save_visual,517,FunctionDef,True,保存样本可视化，供错误案例复核。
src/fashion_multimodal_analysis/attributes/design/run_attribute_baseline_clip_instances_v2.py,make_contact_sheet,595,FunctionDef,True,把样本图与说明拼成审核联系表，便于逐例比较。
src/fashion_multimodal_analysis/attributes/design/run_attribute_baseline_clip_instances_v2.py,main,650,FunctionDef,True,解析运行参数并执行本模块的实验入口。
src/fashion_multimodal_analysis/attributes/design/run_attribute_baseline_cpu.py,resolve_image_path,126,FunctionDef,True,Resolve user input without hard-coding a machine-specific absolute path.
src/fashion_multimodal_analysis/attributes/design/run_attribute_baseline_cpu.py,build_prompt,161,FunctionDef,True,将当前标签与任务约束组织为模型文本提示。
src/fashion_multimodal_analysis/attributes/design/run_attribute_baseline_cpu.py,extract_json,224,FunctionDef,True,Extract the outermost JSON object from model output.
src/fashion_multimodal_analysis/attributes/design/run_attribute_baseline_cpu.py,validate_result,258,FunctionDef,True,Force the output back into our fixed schema.
src/fashion_multimodal_analysis/attributes/design/run_attribute_baseline_cpu.py,make_visual,294,FunctionDef,True,Save original image plus a simple text summary panel.
src/fashion_multimodal_analysis/attributes/design/run_attribute_baseline_cpu.py,main,357,FunctionDef,True,解析运行参数并执行本模块的实验入口。
src/fashion_multimodal_analysis/attributes/design/run_attribute_baseline_cpu_v2.py,resolve_image_path,105,FunctionDef,True,resolve 图像 路径。
src/fashion_multimodal_analysis/attributes/design/run_attribute_baseline_cpu_v2.py,build_prompt,138,FunctionDef,True,将当前标签与任务约束组织为模型文本提示。
src/fashion_multimodal_analysis/attributes/design/run_attribute_baseline_cpu_v2.py,extract_generated_text,185,FunctionDef,True,Handle common pipeline output shapes.
src/fashion_multimodal_analysis/attributes/design/run_attribute_baseline_cpu_v2.py,extract_json,226,FunctionDef,True,从模型响应中解析结构化 JSON 结果。
src/fashion_multimodal_analysis/attributes/design/run_attribute_baseline_cpu_v2.py,validate_result,259,FunctionDef,True,校验模型结果的字段和值是否符合本实验约定。
src/fashion_multimodal_analysis/attributes/design/run_attribute_baseline_cpu_v2.py,make_visual,294,FunctionDef,True,生成 可视化。
src/fashion_multimodal_analysis/attributes/design/run_attribute_baseline_cpu_v2.py,main,326,FunctionDef,True,解析运行参数并执行本模块的实验入口。
src/fashion_multimodal_analysis/attributes/design/run_attribute_baseline_instances_v3.py,resolve_path,139,FunctionDef,True,将清单或配置中的相对路径解析到当前项目/数据目录。
src/fashion_multimodal_analysis/attributes/design/run_attribute_baseline_instances_v3.py,read_manifest,151,FunctionDef,True,读取实例清单，不在读取阶段改变样本划分。
src/fashion_multimodal_analysis/attributes/design/run_attribute_baseline_instances_v3.py,load_crop_and_mask,184,FunctionDef,True,读取服饰裁剪和对应掩码，保持二者尺寸一致。
src/fashion_multimodal_analysis/attributes/design/run_attribute_baseline_instances_v3.py,apply_mask,214,FunctionDef,True,apply 掩码。
src/fashion_multimodal_analysis/attributes/design/run_attribute_baseline_instances_v3.py,make_neckline_local_proxy,243,FunctionDef,True,Top-center local crop used only as a proxy for a future 3.1.2 collar ROI.
src/fashion_multimodal_analysis/attributes/design/run_attribute_baseline_instances_v3.py,clip_rank,276,FunctionDef,True,使用 CLIP 图文相似度给当前候选标签排序。
src/fashion_multimodal_analysis/attributes/design/run_attribute_baseline_instances_v3.py,infer_attribute,335,FunctionDef,True,推理 属性。
src/fashion_multimodal_analysis/attributes/design/run_attribute_baseline_instances_v3.py,save_instance_visual,372,FunctionDef,True,保存 instance 可视化。
src/fashion_multimodal_analysis/attributes/design/run_attribute_baseline_instances_v3.py,make_contact_sheet,440,FunctionDef,True,把样本图与说明拼成审核联系表，便于逐例比较。
src/fashion_multimodal_analysis/attributes/design/run_attribute_baseline_instances_v3.py,main,507,FunctionDef,True,解析运行参数并执行本模块的实验入口。
src/fashion_multimodal_analysis/attributes/design/run_attribute_baseline_v1.py,build_prompt,116,FunctionDef,True,将当前标签与任务约束组织为模型文本提示。
src/fashion_multimodal_analysis/attributes/design/run_attribute_baseline_v1.py,extract_json,178,FunctionDef,True,从模型响应中解析结构化 JSON 结果。
src/fashion_multimodal_analysis/attributes/design/run_attribute_baseline_v1.py,validate_result,209,FunctionDef,True,校验模型结果的字段和值是否符合本实验约定。
src/fashion_multimodal_analysis/attributes/design/run_attribute_baseline_v1.py,main,245,FunctionDef,True,解析运行参数并执行本模块的实验入口。
src/fashion_multimodal_analysis/attributes/design/run_attribute_baseline_v2.py,resolve_image_path,99,FunctionDef,True,resolve 图像 路径。
src/fashion_multimodal_analysis/attributes/design/run_attribute_baseline_v2.py,build_prompt,131,FunctionDef,True,将当前标签与任务约束组织为模型文本提示。
src/fashion_multimodal_analysis/attributes/design/run_attribute_baseline_v2.py,extract_json,176,FunctionDef,True,从模型响应中解析结构化 JSON 结果。
src/fashion_multimodal_analysis/attributes/design/run_attribute_baseline_v2.py,validate_result,205,FunctionDef,True,校验模型结果的字段和值是否符合本实验约定。
src/fashion_multimodal_analysis/attributes/design/run_attribute_baseline_v2.py,make_visual,240,FunctionDef,True,生成 可视化。
src/fashion_multimodal_analysis/attributes/design/run_attribute_baseline_v2.py,main,268,FunctionDef,True,解析运行参数并执行本模块的实验入口。
src/fashion_multimodal_analysis/attributes/design/run_design_attribute_labels_v1.py,parse_args,101,FunctionDef,True,解析并校验命令行参数。
src/fashion_multimodal_analysis/attributes/design/run_design_attribute_labels_v1.py,resolve_path,119,FunctionDef,True,将清单或配置中的相对路径解析到当前项目/数据目录。
src/fashion_multimodal_analysis/attributes/design/run_design_attribute_labels_v1.py,read_manifest,131,FunctionDef,True,读取实例清单，不在读取阶段改变样本划分。
src/fashion_multimodal_analysis/attributes/design/run_design_attribute_labels_v1.py,read_style_json,160,FunctionDef,True,读取 style JSON。
src/fashion_multimodal_analysis/attributes/design/run_design_attribute_labels_v1.py,load_crop_and_mask,181,FunctionDef,True,读取服饰裁剪和对应掩码，保持二者尺寸一致。
src/fashion_multimodal_analysis/attributes/design/run_design_attribute_labels_v1.py,masked_white,200,FunctionDef,True,masked white。
src/fashion_multimodal_analysis/attributes/design/run_design_attribute_labels_v1.py,tight_bbox,215,FunctionDef,True,取得目标前景的紧边界框。
src/fashion_multimodal_analysis/attributes/design/run_design_attribute_labels_v1.py,neckline_crop,237,FunctionDef,True,领口 裁剪。
src/fashion_multimodal_analysis/attributes/design/run_design_attribute_labels_v1.py,norm_entropy,260,FunctionDef,True,规范化 entropy。
src/fashion_multimodal_analysis/attributes/design/run_design_attribute_labels_v1.py,classify,277,FunctionDef,True,classify。
src/fashion_multimodal_analysis/attributes/design/run_design_attribute_labels_v1.py,geometry_gate,320,FunctionDef,True,几何 gate。
src/fashion_multimodal_analysis/attributes/design/run_design_attribute_labels_v1.py,write_csv,345,FunctionDef,True,按确定的字段顺序保存实验 CSV。
src/fashion_multimodal_analysis/attributes/design/run_design_attribute_labels_v1.py,make_audit,362,FunctionDef,True,生成 检查。
src/fashion_multimodal_analysis/attributes/design/run_design_attribute_labels_v1.py,main,403,FunctionDef,True,解析运行参数并执行本模块的实验入口。
src/fashion_multimodal_analysis/attributes/geometry/apply_style_feature_validity_gating_v1.py,gate_csv,71,FunctionDef,True,gate CSV。
src/fashion_multimodal_analysis/attributes/geometry/apply_style_feature_validity_gating_v1.py,gate_json,164,FunctionDef,True,gate JSON。
src/fashion_multimodal_analysis/attributes/geometry/apply_style_feature_validity_gating_v1.py,main,232,FunctionDef,True,解析运行参数并执行本模块的实验入口。
src/fashion_multimodal_analysis/attributes/geometry/build_style_feature_vector_v1.py,safe_read_source,165,FunctionDef,True,可靠处理 读取 来源。
src/fashion_multimodal_analysis/attributes/geometry/build_style_feature_vector_v1.py,coalesce_category,219,FunctionDef,True,coalesce 类别。
src/fashion_multimodal_analysis/attributes/geometry/build_style_feature_vector_v1.py,merge_sources,255,FunctionDef,True,merge 来源。
src/fashion_multimodal_analysis/attributes/geometry/build_style_feature_vector_v1.py,clean_for_json,307,FunctionDef,True,clean for JSON。
src/fashion_multimodal_analysis/attributes/geometry/build_style_feature_vector_v1.py,build_json_records,333,FunctionDef,True,构建 JSON records。
src/fashion_multimodal_analysis/attributes/geometry/build_style_feature_vector_v1.py,main,399,FunctionDef,True,解析运行参数并执行本模块的实验入口。
src/fashion_multimodal_analysis/attributes/geometry/build_style_feature_vector_v1_nopandas.py,read_csv_rows,157,FunctionDef,True,读取 CSV 逐行记录。
src/fashion_multimodal_analysis/attributes/geometry/build_style_feature_vector_v1_nopandas.py,normalize_value,170,FunctionDef,True,规范化 value。
src/fashion_multimodal_analysis/attributes/geometry/build_style_feature_vector_v1_nopandas.py,main,203,FunctionDef,True,解析运行参数并执行本模块的实验入口。
src/fashion_multimodal_analysis/attributes/geometry/extract_neckline_geometry_continuous_v1.py,resolve_path,82,FunctionDef,True,将清单或配置中的相对路径解析到当前项目/数据目录。
src/fashion_multimodal_analysis/attributes/geometry/extract_neckline_geometry_continuous_v1.py,read_manifest,94,FunctionDef,True,读取实例清单，不在读取阶段改变样本划分。
src/fashion_multimodal_analysis/attributes/geometry/extract_neckline_geometry_continuous_v1.py,load_crop_and_mask,127,FunctionDef,True,读取服饰裁剪和对应掩码，保持二者尺寸一致。
src/fashion_multimodal_analysis/attributes/geometry/extract_neckline_geometry_continuous_v1.py,tight_bbox,170,FunctionDef,True,取得目标前景的紧边界框。
src/fashion_multimodal_analysis/attributes/geometry/extract_neckline_geometry_continuous_v1.py,tight_crop,191,FunctionDef,True,按目标前景的紧边界裁剪图像。
src/fashion_multimodal_analysis/attributes/geometry/extract_neckline_geometry_continuous_v1.py,top_boundary,210,FunctionDef,True,First foreground y for every x; NaN if column has no foreground.
src/fashion_multimodal_analysis/attributes/geometry/extract_neckline_geometry_continuous_v1.py,safe_nanmedian,238,FunctionDef,True,可靠处理 nanmedian。
src/fashion_multimodal_analysis/attributes/geometry/extract_neckline_geometry_continuous_v1.py,band_values,257,FunctionDef,True,band values。
src/fashion_multimodal_analysis/attributes/geometry/extract_neckline_geometry_continuous_v1.py,extract_features,293,FunctionDef,True,按本实验的定义提取服饰区域特征。
src/fashion_multimodal_analysis/attributes/geometry/extract_neckline_geometry_continuous_v1.py,save_visual,462,FunctionDef,True,保存样本可视化，供错误案例复核。
src/fashion_multimodal_analysis/attributes/geometry/extract_neckline_geometry_continuous_v1.py,make_contact_sheet,545,FunctionDef,True,把样本图与说明拼成审核联系表，便于逐例比较。
src/fashion_multimodal_analysis/attributes/geometry/extract_neckline_geometry_continuous_v1.py,write_csv,622,FunctionDef,True,按确定的字段顺序保存实验 CSV。
src/fashion_multimodal_analysis/attributes/geometry/extract_neckline_geometry_continuous_v1.py,main,653,FunctionDef,True,解析运行参数并执行本模块的实验入口。
src/fashion_multimodal_analysis/attributes/geometry/extract_pants_silhouette_continuous_v1.py,resolve_path,110,FunctionDef,True,将清单或配置中的相对路径解析到当前项目/数据目录。
src/fashion_multimodal_analysis/attributes/geometry/extract_pants_silhouette_continuous_v1.py,read_manifest,122,FunctionDef,True,读取实例清单，不在读取阶段改变样本划分。
src/fashion_multimodal_analysis/attributes/geometry/extract_pants_silhouette_continuous_v1.py,load_crop_and_mask,156,FunctionDef,True,读取服饰裁剪和对应掩码，保持二者尺寸一致。
src/fashion_multimodal_analysis/attributes/geometry/extract_pants_silhouette_continuous_v1.py,tight_bbox,205,FunctionDef,True,取得目标前景的紧边界框。
src/fashion_multimodal_analysis/attributes/geometry/extract_pants_silhouette_continuous_v1.py,tight_crop,226,FunctionDef,True,按目标前景的紧边界裁剪图像。
src/fashion_multimodal_analysis/attributes/geometry/extract_pants_silhouette_continuous_v1.py,contiguous_segments,239,FunctionDef,True,contiguous segments。
src/fashion_multimodal_analysis/attributes/geometry/extract_pants_silhouette_continuous_v1.py,row_total_foreground_width,273,FunctionDef,True,记录 total foreground 宽度。
src/fashion_multimodal_analysis/attributes/geometry/extract_pants_silhouette_continuous_v1.py,band_stats,294,FunctionDef,True,band stats。
src/fashion_multimodal_analysis/attributes/geometry/extract_pants_silhouette_continuous_v1.py,robust_median,349,FunctionDef,True,计算对异常点较稳健的中位数统计。
src/fashion_multimodal_analysis/attributes/geometry/extract_pants_silhouette_continuous_v1.py,lower_profile,373,FunctionDef,True,lower profile。
src/fashion_multimodal_analysis/attributes/geometry/extract_pants_silhouette_continuous_v1.py,extract_features,432,FunctionDef,True,按本实验的定义提取服饰区域特征。
src/fashion_multimodal_analysis/attributes/geometry/extract_pants_silhouette_continuous_v1.py,save_visual,546,FunctionDef,True,保存样本可视化，供错误案例复核。
src/fashion_multimodal_analysis/attributes/geometry/extract_pants_silhouette_continuous_v1.py,make_contact_sheet,671,FunctionDef,True,把样本图与说明拼成审核联系表，便于逐例比较。
src/fashion_multimodal_analysis/attributes/geometry/extract_pants_silhouette_continuous_v1.py,write_csv,744,FunctionDef,True,按确定的字段顺序保存实验 CSV。
src/fashion_multimodal_analysis/attributes/geometry/extract_pants_silhouette_continuous_v1.py,summarize_feature,775,FunctionDef,True,汇总一个属性/特征的有效样本与结果。
src/fashion_multimodal_analysis/attributes/geometry/extract_pants_silhouette_continuous_v1.py,main,802,FunctionDef,True,解析运行参数并执行本模块的实验入口。
src/fashion_multimodal_analysis/attributes/geometry/extract_skirt_flare_continuous_v1.py,resolve_path,81,FunctionDef,True,将清单或配置中的相对路径解析到当前项目/数据目录。
src/fashion_multimodal_analysis/attributes/geometry/extract_skirt_flare_continuous_v1.py,read_manifest,93,FunctionDef,True,读取实例清单，不在读取阶段改变样本划分。
src/fashion_multimodal_analysis/attributes/geometry/extract_skirt_flare_continuous_v1.py,load_crop_and_mask,126,FunctionDef,True,读取服饰裁剪和对应掩码，保持二者尺寸一致。
src/fashion_multimodal_analysis/attributes/geometry/extract_skirt_flare_continuous_v1.py,tight_crop,168,FunctionDef,True,按目标前景的紧边界裁剪图像。
src/fashion_multimodal_analysis/attributes/geometry/extract_skirt_flare_continuous_v1.py,row_width,187,FunctionDef,True,记录 宽度。
src/fashion_multimodal_analysis/attributes/geometry/extract_skirt_flare_continuous_v1.py,median_band_width,204,FunctionDef,True,median band 宽度。
src/fashion_multimodal_analysis/attributes/geometry/extract_skirt_flare_continuous_v1.py,width_expansion_slope,258,FunctionDef,True,Linear slope of normalized silhouette width from top to bottom.
src/fashion_multimodal_analysis/attributes/geometry/extract_skirt_flare_continuous_v1.py,extract_features,296,FunctionDef,True,按本实验的定义提取服饰区域特征。
src/fashion_multimodal_analysis/attributes/geometry/extract_skirt_flare_continuous_v1.py,save_visual,373,FunctionDef,True,保存样本可视化，供错误案例复核。
src/fashion_multimodal_analysis/attributes/geometry/extract_skirt_flare_continuous_v1.py,make_contact_sheet,456,FunctionDef,True,把样本图与说明拼成审核联系表，便于逐例比较。
src/fashion_multimodal_analysis/attributes/geometry/extract_skirt_flare_continuous_v1.py,write_csv,533,FunctionDef,True,按确定的字段顺序保存实验 CSV。
src/fashion_multimodal_analysis/attributes/geometry/extract_skirt_flare_continuous_v1.py,main,564,FunctionDef,True,解析运行参数并执行本模块的实验入口。
src/fashion_multimodal_analysis/attributes/geometry/extract_sleeve_geometry_features_v2.py,resolve_path,111,FunctionDef,True,将清单或配置中的相对路径解析到当前项目/数据目录。
src/fashion_multimodal_analysis/attributes/geometry/extract_sleeve_geometry_features_v2.py,read_manifest,123,FunctionDef,True,读取实例清单，不在读取阶段改变样本划分。
src/fashion_multimodal_analysis/attributes/geometry/extract_sleeve_geometry_features_v2.py,deepfashion2_gt_group,156,FunctionDef,True,DeepFashion2 gt group。
src/fashion_multimodal_analysis/attributes/geometry/extract_sleeve_geometry_features_v2.py,load_crop_and_mask,176,FunctionDef,True,读取服饰裁剪和对应掩码，保持二者尺寸一致。
src/fashion_multimodal_analysis/attributes/geometry/extract_sleeve_geometry_features_v2.py,tight_bbox,220,FunctionDef,True,取得目标前景的紧边界框。
src/fashion_multimodal_analysis/attributes/geometry/extract_sleeve_geometry_features_v2.py,crop_mask_to_bbox,238,FunctionDef,True,裁剪 掩码 转换 边界框。
src/fashion_multimodal_analysis/attributes/geometry/extract_sleeve_geometry_features_v2.py,row_span,253,FunctionDef,True,记录 span。
src/fashion_multimodal_analysis/attributes/geometry/extract_sleeve_geometry_features_v2.py,band_row_widths,268,FunctionDef,True,band 记录 widths。
src/fashion_multimodal_analysis/attributes/geometry/extract_sleeve_geometry_features_v2.py,robust_median,314,FunctionDef,True,计算对异常点较稳健的中位数统计。
src/fashion_multimodal_analysis/attributes/geometry/extract_sleeve_geometry_features_v2.py,estimate_torso_core,328,FunctionDef,True,Estimate torso center and half-width from lower-middle silhouette.
src/fashion_multimodal_analysis/attributes/geometry/extract_sleeve_geometry_features_v2.py,extract_features,378,FunctionDef,True,按本实验的定义提取服饰区域特征。
src/fashion_multimodal_analysis/attributes/geometry/extract_sleeve_geometry_features_v2.py,mean,481,FunctionDef,True,计算本组数值的平均值，并按本模块策略处理空组。
src/fashion_multimodal_analysis/attributes/geometry/extract_sleeve_geometry_features_v2.py,median,493,FunctionDef,True,计算本组数值的中位数，并处理空组。
src/fashion_multimodal_analysis/attributes/geometry/extract_sleeve_geometry_features_v2.py,pairwise_order_accuracy,514,FunctionDef,True,pairwise order 准确率。
src/fashion_multimodal_analysis/attributes/geometry/extract_sleeve_geometry_features_v2.py,write_csv,551,FunctionDef,True,按确定的字段顺序保存实验 CSV。
src/fashion_multimodal_analysis/attributes/geometry/extract_sleeve_geometry_features_v2.py,save_visual,581,FunctionDef,True,保存样本可视化，供错误案例复核。
src/fashion_multimodal_analysis/attributes/geometry/extract_sleeve_geometry_features_v2.py,make_contact_sheet,663,FunctionDef,True,把样本图与说明拼成审核联系表，便于逐例比较。
src/fashion_multimodal_analysis/attributes/geometry/extract_sleeve_geometry_features_v2.py,main,733,FunctionDef,True,解析运行参数并执行本模块的实验入口。
src/fashion_multimodal_analysis/attributes/geometry/extract_trouser_fit_continuous_v2.py,resolve_path,78,FunctionDef,True,将清单或配置中的相对路径解析到当前项目/数据目录。
src/fashion_multimodal_analysis/attributes/geometry/extract_trouser_fit_continuous_v2.py,read_manifest,90,FunctionDef,True,读取实例清单，不在读取阶段改变样本划分。
src/fashion_multimodal_analysis/attributes/geometry/extract_trouser_fit_continuous_v2.py,is_long_trouser,124,FunctionDef,True,判断 long trouser。
src/fashion_multimodal_analysis/attributes/geometry/extract_trouser_fit_continuous_v2.py,load_crop_and_mask,137,FunctionDef,True,读取服饰裁剪和对应掩码，保持二者尺寸一致。
src/fashion_multimodal_analysis/attributes/geometry/extract_trouser_fit_continuous_v2.py,tight_bbox,180,FunctionDef,True,取得目标前景的紧边界框。
src/fashion_multimodal_analysis/attributes/geometry/extract_trouser_fit_continuous_v2.py,tight_crop,199,FunctionDef,True,按目标前景的紧边界裁剪图像。
src/fashion_multimodal_analysis/attributes/geometry/extract_trouser_fit_continuous_v2.py,contiguous_segments,212,FunctionDef,True,contiguous segments。
src/fashion_multimodal_analysis/attributes/geometry/extract_trouser_fit_continuous_v2.py,row_actual_width,245,FunctionDef,True,记录 actual 宽度。
src/fashion_multimodal_analysis/attributes/geometry/extract_trouser_fit_continuous_v2.py,band_widths,266,FunctionDef,True,band widths。
src/fashion_multimodal_analysis/attributes/geometry/extract_trouser_fit_continuous_v2.py,robust_median,312,FunctionDef,True,计算对异常点较稳健的中位数统计。
src/fashion_multimodal_analysis/attributes/geometry/extract_trouser_fit_continuous_v2.py,lower_profile,336,FunctionDef,True,lower profile。
src/fashion_multimodal_analysis/attributes/geometry/extract_trouser_fit_continuous_v2.py,extract_features,372,FunctionDef,True,按本实验的定义提取服饰区域特征。
src/fashion_multimodal_analysis/attributes/geometry/extract_trouser_fit_continuous_v2.py,save_visual,479,FunctionDef,True,保存样本可视化，供错误案例复核。
src/fashion_multimodal_analysis/attributes/geometry/extract_trouser_fit_continuous_v2.py,make_contact_sheet,582,FunctionDef,True,把样本图与说明拼成审核联系表，便于逐例比较。
src/fashion_multimodal_analysis/attributes/geometry/extract_trouser_fit_continuous_v2.py,write_csv,647,FunctionDef,True,按确定的字段顺序保存实验 CSV。
src/fashion_multimodal_analysis/attributes/geometry/extract_trouser_fit_continuous_v2.py,summarize_feature,677,FunctionDef,True,汇总一个属性/特征的有效样本与结果。
src/fashion_multimodal_analysis/attributes/geometry/extract_trouser_fit_continuous_v2.py,main,704,FunctionDef,True,解析运行参数并执行本模块的实验入口。
src/fashion_multimodal_analysis/attributes/geometry/extract_upper_silhouette_continuous_v1.py,resolve_path,105,FunctionDef,True,将清单或配置中的相对路径解析到当前项目/数据目录。
src/fashion_multimodal_analysis/attributes/geometry/extract_upper_silhouette_continuous_v1.py,read_manifest,117,FunctionDef,True,读取实例清单，不在读取阶段改变样本划分。
src/fashion_multimodal_analysis/attributes/geometry/extract_upper_silhouette_continuous_v1.py,load_crop_and_mask,150,FunctionDef,True,读取服饰裁剪和对应掩码，保持二者尺寸一致。
src/fashion_multimodal_analysis/attributes/geometry/extract_upper_silhouette_continuous_v1.py,tight_bbox,199,FunctionDef,True,取得目标前景的紧边界框。
src/fashion_multimodal_analysis/attributes/geometry/extract_upper_silhouette_continuous_v1.py,tight_crop,220,FunctionDef,True,按目标前景的紧边界裁剪图像。
src/fashion_multimodal_analysis/attributes/geometry/extract_upper_silhouette_continuous_v1.py,row_width,239,FunctionDef,True,记录 宽度。
src/fashion_multimodal_analysis/attributes/geometry/extract_upper_silhouette_continuous_v1.py,width_profile,258,FunctionDef,True,宽度 profile。
src/fashion_multimodal_analysis/attributes/geometry/extract_upper_silhouette_continuous_v1.py,band_widths,308,FunctionDef,True,band widths。
src/fashion_multimodal_analysis/attributes/geometry/extract_upper_silhouette_continuous_v1.py,robust_median,358,FunctionDef,True,计算对异常点较稳健的中位数统计。
src/fashion_multimodal_analysis/attributes/geometry/extract_upper_silhouette_continuous_v1.py,extract_features,382,FunctionDef,True,按本实验的定义提取服饰区域特征。
src/fashion_multimodal_analysis/attributes/geometry/extract_upper_silhouette_continuous_v1.py,save_visual,496,FunctionDef,True,保存样本可视化，供错误案例复核。
src/fashion_multimodal_analysis/attributes/geometry/extract_upper_silhouette_continuous_v1.py,make_contact_sheet,631,FunctionDef,True,把样本图与说明拼成审核联系表，便于逐例比较。
src/fashion_multimodal_analysis/attributes/geometry/extract_upper_silhouette_continuous_v1.py,write_csv,708,FunctionDef,True,按确定的字段顺序保存实验 CSV。
src/fashion_multimodal_analysis/attributes/geometry/extract_upper_silhouette_continuous_v1.py,summarize_feature,739,FunctionDef,True,汇总一个属性/特征的有效样本与结果。
src/fashion_multimodal_analysis/attributes/geometry/extract_upper_silhouette_continuous_v1.py,main,766,FunctionDef,True,解析运行参数并执行本模块的实验入口。
src/fashion_multimodal_analysis/attributes/geometry/extract_upper_silhouette_continuous_v2.py,resolve_path,89,FunctionDef,True,将清单或配置中的相对路径解析到当前项目/数据目录。
src/fashion_multimodal_analysis/attributes/geometry/extract_upper_silhouette_continuous_v2.py,read_manifest,101,FunctionDef,True,读取实例清单，不在读取阶段改变样本划分。
src/fashion_multimodal_analysis/attributes/geometry/extract_upper_silhouette_continuous_v2.py,load_crop_and_mask,135,FunctionDef,True,读取服饰裁剪和对应掩码，保持二者尺寸一致。
src/fashion_multimodal_analysis/attributes/geometry/extract_upper_silhouette_continuous_v2.py,tight_bbox,184,FunctionDef,True,取得目标前景的紧边界框。
src/fashion_multimodal_analysis/attributes/geometry/extract_upper_silhouette_continuous_v2.py,tight_crop,205,FunctionDef,True,按目标前景的紧边界裁剪图像。
src/fashion_multimodal_analysis/attributes/geometry/extract_upper_silhouette_continuous_v2.py,contiguous_segments,224,FunctionDef,True,"Return foreground runs as [start, end) segments."
src/fashion_multimodal_analysis/attributes/geometry/extract_upper_silhouette_continuous_v2.py,choose_center_segment,258,FunctionDef,True,选择 center segment。
src/fashion_multimodal_analysis/attributes/geometry/extract_upper_silhouette_continuous_v2.py,estimate_torso_center,288,FunctionDef,True,Estimate torso center from lower-middle rows using iterative refinement.
src/fashion_multimodal_analysis/attributes/geometry/extract_upper_silhouette_continuous_v2.py,torso_width_at_row,343,FunctionDef,True,torso 宽度 at 记录。
src/fashion_multimodal_analysis/attributes/geometry/extract_upper_silhouette_continuous_v2.py,torso_band_widths,371,FunctionDef,True,torso band widths。
src/fashion_multimodal_analysis/attributes/geometry/extract_upper_silhouette_continuous_v2.py,robust_median,427,FunctionDef,True,计算对异常点较稳健的中位数统计。
src/fashion_multimodal_analysis/attributes/geometry/extract_upper_silhouette_continuous_v2.py,torso_profile,451,FunctionDef,True,torso profile。
src/fashion_multimodal_analysis/attributes/geometry/extract_upper_silhouette_continuous_v2.py,arm_contamination_ratio,507,FunctionDef,True,Fraction of upper rows whose full span is much wider than torso core.
src/fashion_multimodal_analysis/attributes/geometry/extract_upper_silhouette_continuous_v2.py,extract_features,579,FunctionDef,True,按本实验的定义提取服饰区域特征。
src/fashion_multimodal_analysis/attributes/geometry/extract_upper_silhouette_continuous_v2.py,save_visual,727,FunctionDef,True,保存样本可视化，供错误案例复核。
src/fashion_multimodal_analysis/attributes/geometry/extract_upper_silhouette_continuous_v2.py,make_contact_sheet,883,FunctionDef,True,把样本图与说明拼成审核联系表，便于逐例比较。
src/fashion_multimodal_analysis/attributes/geometry/extract_upper_silhouette_continuous_v2.py,write_csv,960,FunctionDef,True,按确定的字段顺序保存实验 CSV。
src/fashion_multimodal_analysis/attributes/geometry/extract_upper_silhouette_continuous_v2.py,summarize_feature,991,FunctionDef,True,汇总一个属性/特征的有效样本与结果。
src/fashion_multimodal_analysis/attributes/geometry/extract_upper_silhouette_continuous_v2.py,main,1018,FunctionDef,True,解析运行参数并执行本模块的实验入口。
src/fashion_multimodal_analysis/attributes/geometry/run_neckline_semantic_continuous_v2.py,resolve_path,173,FunctionDef,True,将清单或配置中的相对路径解析到当前项目/数据目录。
src/fashion_multimodal_analysis/attributes/geometry/run_neckline_semantic_continuous_v2.py,read_manifest,185,FunctionDef,True,读取实例清单，不在读取阶段改变样本划分。
src/fashion_multimodal_analysis/attributes/geometry/run_neckline_semantic_continuous_v2.py,load_crop_and_mask,218,FunctionDef,True,读取服饰裁剪和对应掩码，保持二者尺寸一致。
src/fashion_multimodal_analysis/attributes/geometry/run_neckline_semantic_continuous_v2.py,tight_bbox_from_mask,248,FunctionDef,True,tight 边界框 from 掩码。
src/fashion_multimodal_analysis/attributes/geometry/run_neckline_semantic_continuous_v2.py,make_local_neckline_crop,281,FunctionDef,True,Create a top-center local proxy crop around the neckline region.
src/fashion_multimodal_analysis/attributes/geometry/run_neckline_semantic_continuous_v2.py,infer_dimension,333,FunctionDef,True,推理 dimension。
src/fashion_multimodal_analysis/attributes/geometry/run_neckline_semantic_continuous_v2.py,write_csv,412,FunctionDef,True,按确定的字段顺序保存实验 CSV。
src/fashion_multimodal_analysis/attributes/geometry/run_neckline_semantic_continuous_v2.py,save_visual,442,FunctionDef,True,保存样本可视化，供错误案例复核。
src/fashion_multimodal_analysis/attributes/geometry/run_neckline_semantic_continuous_v2.py,make_contact_sheet,517,FunctionDef,True,把样本图与说明拼成审核联系表，便于逐例比较。
src/fashion_multimodal_analysis/attributes/geometry/run_neckline_semantic_continuous_v2.py,main,590,FunctionDef,True,解析运行参数并执行本模块的实验入口。
src/fashion_multimodal_analysis/attributes/geometry/run_pants_length_continuous_v1.py,resolve_path,126,FunctionDef,True,将清单或配置中的相对路径解析到当前项目/数据目录。
src/fashion_multimodal_analysis/attributes/geometry/run_pants_length_continuous_v1.py,read_manifest,138,FunctionDef,True,读取实例清单，不在读取阶段改变样本划分。
src/fashion_multimodal_analysis/attributes/geometry/run_pants_length_continuous_v1.py,load_masked_garment,171,FunctionDef,True,读取服饰区域并应用掩码，减少背景对属性识别的干扰。
src/fashion_multimodal_analysis/attributes/geometry/run_pants_length_continuous_v1.py,deepfashion2_gt_group,210,FunctionDef,True,Weak group label for diagnostic only.
src/fashion_multimodal_analysis/attributes/geometry/run_pants_length_continuous_v1.py,infer_continuous_ratio,238,FunctionDef,True,推理 continuous 比例。
src/fashion_multimodal_analysis/attributes/geometry/run_pants_length_continuous_v1.py,mean,316,FunctionDef,True,计算本组数值的平均值，并按本模块策略处理空组。
src/fashion_multimodal_analysis/attributes/geometry/run_pants_length_continuous_v1.py,median,330,FunctionDef,True,计算本组数值的中位数，并处理空组。
src/fashion_multimodal_analysis/attributes/geometry/run_pants_length_continuous_v1.py,pairwise_order_accuracy,352,FunctionDef,True,pairwise order 准确率。
src/fashion_multimodal_analysis/attributes/geometry/run_pants_length_continuous_v1.py,write_csv,382,FunctionDef,True,按确定的字段顺序保存实验 CSV。
src/fashion_multimodal_analysis/attributes/geometry/run_pants_length_continuous_v1.py,save_visual,412,FunctionDef,True,保存样本可视化，供错误案例复核。
src/fashion_multimodal_analysis/attributes/geometry/run_pants_length_continuous_v1.py,make_contact_sheet,475,FunctionDef,True,把样本图与说明拼成审核联系表，便于逐例比较。
src/fashion_multimodal_analysis/attributes/geometry/run_pants_length_continuous_v1.py,main,551,FunctionDef,True,解析运行参数并执行本模块的实验入口。
src/fashion_multimodal_analysis/attributes/geometry/run_skirt_dress_length_continuous_v1.py,resolve_path,104,FunctionDef,True,将清单或配置中的相对路径解析到当前项目/数据目录。
src/fashion_multimodal_analysis/attributes/geometry/run_skirt_dress_length_continuous_v1.py,read_manifest,116,FunctionDef,True,读取实例清单，不在读取阶段改变样本划分。
src/fashion_multimodal_analysis/attributes/geometry/run_skirt_dress_length_continuous_v1.py,load_masked_garment,150,FunctionDef,True,读取服饰区域并应用掩码，减少背景对属性识别的干扰。
src/fashion_multimodal_analysis/attributes/geometry/run_skirt_dress_length_continuous_v1.py,infer_length_score,189,FunctionDef,True,推理 长度 置信度。
src/fashion_multimodal_analysis/attributes/geometry/run_skirt_dress_length_continuous_v1.py,save_visual,267,FunctionDef,True,保存样本可视化，供错误案例复核。
src/fashion_multimodal_analysis/attributes/geometry/run_skirt_dress_length_continuous_v1.py,make_contact_sheet,329,FunctionDef,True,把样本图与说明拼成审核联系表，便于逐例比较。
src/fashion_multimodal_analysis/attributes/geometry/run_skirt_dress_length_continuous_v1.py,write_csv,394,FunctionDef,True,按确定的字段顺序保存实验 CSV。
src/fashion_multimodal_analysis/attributes/geometry/run_skirt_dress_length_continuous_v1.py,main,424,FunctionDef,True,解析运行参数并执行本模块的实验入口。
src/fashion_multimodal_analysis/attributes/geometry/run_sleeve_length_continuous_v1.py,resolve_path,90,FunctionDef,True,将清单或配置中的相对路径解析到当前项目/数据目录。
src/fashion_multimodal_analysis/attributes/geometry/run_sleeve_length_continuous_v1.py,read_manifest,102,FunctionDef,True,读取实例清单，不在读取阶段改变样本划分。
src/fashion_multimodal_analysis/attributes/geometry/run_sleeve_length_continuous_v1.py,load_masked_garment,135,FunctionDef,True,读取服饰区域并应用掩码，减少背景对属性识别的干扰。
src/fashion_multimodal_analysis/attributes/geometry/run_sleeve_length_continuous_v1.py,deepfashion2_gt_group,161,FunctionDef,True,DeepFashion2 gt group。
src/fashion_multimodal_analysis/attributes/geometry/run_sleeve_length_continuous_v1.py,ratio_to_bucket,181,FunctionDef,True,比例 转换 bucket。
src/fashion_multimodal_analysis/attributes/geometry/run_sleeve_length_continuous_v1.py,infer_continuous_ratio,203,FunctionDef,True,推理 continuous 比例。
src/fashion_multimodal_analysis/attributes/geometry/run_sleeve_length_continuous_v1.py,mean,274,FunctionDef,True,计算本组数值的平均值，并按本模块策略处理空组。
src/fashion_multimodal_analysis/attributes/geometry/run_sleeve_length_continuous_v1.py,median,286,FunctionDef,True,计算本组数值的中位数，并处理空组。
src/fashion_multimodal_analysis/attributes/geometry/run_sleeve_length_continuous_v1.py,pairwise_order_accuracy,305,FunctionDef,True,pairwise order 准确率。
src/fashion_multimodal_analysis/attributes/geometry/run_sleeve_length_continuous_v1.py,save_visual,331,FunctionDef,True,保存样本可视化，供错误案例复核。
src/fashion_multimodal_analysis/attributes/geometry/run_sleeve_length_continuous_v1.py,make_contact_sheet,375,FunctionDef,True,把样本图与说明拼成审核联系表，便于逐例比较。
src/fashion_multimodal_analysis/attributes/geometry/run_sleeve_length_continuous_v1.py,write_csv,420,FunctionDef,True,按确定的字段顺序保存实验 CSV。
src/fashion_multimodal_analysis/attributes/geometry/run_sleeve_length_continuous_v1.py,main,440,FunctionDef,True,解析运行参数并执行本模块的实验入口。
src/fashion_multimodal_analysis/attributes/pattern/run_pattern_baseline_v1_fixed.py,resolve_path,56,FunctionDef,True,将清单或配置中的相对路径解析到当前项目/数据目录。
src/fashion_multimodal_analysis/attributes/pattern/run_pattern_baseline_v1_fixed.py,read_manifest,68,FunctionDef,True,读取实例清单，不在读取阶段改变样本划分。
src/fashion_multimodal_analysis/attributes/pattern/run_pattern_baseline_v1_fixed.py,load_masked_garment,100,FunctionDef,True,读取服饰区域并应用掩码，减少背景对属性识别的干扰。
src/fashion_multimodal_analysis/attributes/pattern/run_pattern_baseline_v1_fixed.py,infer_pattern,123,FunctionDef,True,推理 图案。
src/fashion_multimodal_analysis/attributes/pattern/run_pattern_baseline_v1_fixed.py,save_visual,181,FunctionDef,True,保存样本可视化，供错误案例复核。
src/fashion_multimodal_analysis/attributes/pattern/run_pattern_baseline_v1_fixed.py,make_contact_sheet,214,FunctionDef,True,把样本图与说明拼成审核联系表，便于逐例比较。
src/fashion_multimodal_analysis/attributes/pattern/run_pattern_baseline_v1_fixed.py,main,257,FunctionDef,True,解析运行参数并执行本模块的实验入口。
src/fashion_multimodal_analysis/attributes/pattern/run_pattern_hierarchical_v2.py,resolve_path,160,FunctionDef,True,将清单或配置中的相对路径解析到当前项目/数据目录。
src/fashion_multimodal_analysis/attributes/pattern/run_pattern_hierarchical_v2.py,read_csv,172,FunctionDef,True,读取带表头的 CSV，保留每列原始字符串。
src/fashion_multimodal_analysis/attributes/pattern/run_pattern_hierarchical_v2.py,read_manifest,185,FunctionDef,True,读取实例清单，不在读取阶段改变样本划分。
src/fashion_multimodal_analysis/attributes/pattern/run_pattern_hierarchical_v2.py,load_masked_garment,217,FunctionDef,True,读取服饰区域并应用掩码，减少背景对属性识别的干扰。
src/fashion_multimodal_analysis/attributes/pattern/run_pattern_hierarchical_v2.py,l2_normalize,241,FunctionDef,True,按 L2 范数归一化特征，供余弦相似度比较。
src/fashion_multimodal_analysis/attributes/pattern/run_pattern_hierarchical_v2.py,build_class_prototypes,254,FunctionDef,True,由类别文本提示生成 CLIP 类别原型。
src/fashion_multimodal_analysis/attributes/pattern/run_pattern_hierarchical_v2.py,image_embedding,296,FunctionDef,True,图像 嵌入。
src/fashion_multimodal_analysis/attributes/pattern/run_pattern_hierarchical_v2.py,classify_with_prototypes,326,FunctionDef,True,比较图像特征与类别原型，输出相似度排序及候选类别。
src/fashion_multimodal_analysis/attributes/pattern/run_pattern_hierarchical_v2.py,save_visual,379,FunctionDef,True,保存样本可视化，供错误案例复核。
src/fashion_multimodal_analysis/attributes/pattern/run_pattern_hierarchical_v2.py,make_contact_sheet,437,FunctionDef,True,把样本图与说明拼成审核联系表，便于逐例比较。
src/fashion_multimodal_analysis/attributes/pattern/run_pattern_hierarchical_v2.py,excluded_keys_from_audit,490,FunctionDef,True,excluded 标识 from 检查。
src/fashion_multimodal_analysis/attributes/pattern/run_pattern_hierarchical_v2.py,write_holdout_audit,514,FunctionDef,True,保存 holdout 检查。
src/fashion_multimodal_analysis/attributes/pattern/run_pattern_hierarchical_v2.py,main,588,FunctionDef,True,解析运行参数并执行本模块的实验入口。
src/fashion_multimodal_analysis/attributes/pattern/run_pattern_hierarchical_v2_fixed.py,resolve_path,115,FunctionDef,True,将清单或配置中的相对路径解析到当前项目/数据目录。
src/fashion_multimodal_analysis/attributes/pattern/run_pattern_hierarchical_v2_fixed.py,read_csv,127,FunctionDef,True,读取带表头的 CSV，保留每列原始字符串。
src/fashion_multimodal_analysis/attributes/pattern/run_pattern_hierarchical_v2_fixed.py,read_manifest,140,FunctionDef,True,读取实例清单，不在读取阶段改变样本划分。
src/fashion_multimodal_analysis/attributes/pattern/run_pattern_hierarchical_v2_fixed.py,load_masked_garment,172,FunctionDef,True,读取服饰区域并应用掩码，减少背景对属性识别的干扰。
src/fashion_multimodal_analysis/attributes/pattern/run_pattern_hierarchical_v2_fixed.py,l2_normalize,196,FunctionDef,True,按 L2 范数归一化特征，供余弦相似度比较。
src/fashion_multimodal_analysis/attributes/pattern/run_pattern_hierarchical_v2_fixed.py,encode_texts,217,FunctionDef,True,Return projected CLIP text embeddings as a Tensor.
src/fashion_multimodal_analysis/attributes/pattern/run_pattern_hierarchical_v2_fixed.py,encode_image,259,FunctionDef,True,Return projected CLIP image embedding as a Tensor.
src/fashion_multimodal_analysis/attributes/pattern/run_pattern_hierarchical_v2_fixed.py,build_class_prototypes,295,FunctionDef,True,由类别文本提示生成 CLIP 类别原型。
src/fashion_multimodal_analysis/attributes/pattern/run_pattern_hierarchical_v2_fixed.py,classify_with_prototypes,330,FunctionDef,True,比较图像特征与类别原型，输出相似度排序及候选类别。
src/fashion_multimodal_analysis/attributes/pattern/run_pattern_hierarchical_v2_fixed.py,save_visual,382,FunctionDef,True,保存样本可视化，供错误案例复核。
src/fashion_multimodal_analysis/attributes/pattern/run_pattern_hierarchical_v2_fixed.py,make_contact_sheet,431,FunctionDef,True,把样本图与说明拼成审核联系表，便于逐例比较。
src/fashion_multimodal_analysis/attributes/pattern/run_pattern_hierarchical_v2_fixed.py,excluded_keys_from_audit,485,FunctionDef,True,excluded 标识 from 检查。
src/fashion_multimodal_analysis/attributes/pattern/run_pattern_hierarchical_v2_fixed.py,write_holdout_audit,509,FunctionDef,True,保存 holdout 检查。
src/fashion_multimodal_analysis/attributes/pattern/run_pattern_hierarchical_v2_fixed.py,main,583,FunctionDef,True,解析运行参数并执行本模块的实验入口。
src/fashion_multimodal_analysis/attributes/pattern/run_pattern_hierarchical_v3.py,resolve_path,196,FunctionDef,True,将清单或配置中的相对路径解析到当前项目/数据目录。
src/fashion_multimodal_analysis/attributes/pattern/run_pattern_hierarchical_v3.py,read_csv,208,FunctionDef,True,读取带表头的 CSV，保留每列原始字符串。
src/fashion_multimodal_analysis/attributes/pattern/run_pattern_hierarchical_v3.py,read_manifest,221,FunctionDef,True,读取实例清单，不在读取阶段改变样本划分。
src/fashion_multimodal_analysis/attributes/pattern/run_pattern_hierarchical_v3.py,load_masked_garment,253,FunctionDef,True,读取服饰区域并应用掩码，减少背景对属性识别的干扰。
src/fashion_multimodal_analysis/attributes/pattern/run_pattern_hierarchical_v3.py,l2_normalize,277,FunctionDef,True,按 L2 范数归一化特征，供余弦相似度比较。
src/fashion_multimodal_analysis/attributes/pattern/run_pattern_hierarchical_v3.py,encode_texts,298,FunctionDef,True,编码文本提示，供后续图文相似度比较。
src/fashion_multimodal_analysis/attributes/pattern/run_pattern_hierarchical_v3.py,encode_image,334,FunctionDef,True,编码 图像。
src/fashion_multimodal_analysis/attributes/pattern/run_pattern_hierarchical_v3.py,build_class_prototypes,368,FunctionDef,True,由类别文本提示生成 CLIP 类别原型。
src/fashion_multimodal_analysis/attributes/pattern/run_pattern_hierarchical_v3.py,classify_with_prototypes,403,FunctionDef,True,比较图像特征与类别原型，输出相似度排序及候选类别。
src/fashion_multimodal_analysis/attributes/pattern/run_pattern_hierarchical_v3.py,binary_route,456,FunctionDef,True,二值 route。
src/fashion_multimodal_analysis/attributes/pattern/run_pattern_hierarchical_v3.py,save_visual,477,FunctionDef,True,保存样本可视化，供错误案例复核。
src/fashion_multimodal_analysis/attributes/pattern/run_pattern_hierarchical_v3.py,make_contact_sheet,530,FunctionDef,True,把样本图与说明拼成审核联系表，便于逐例比较。
src/fashion_multimodal_analysis/attributes/pattern/run_pattern_hierarchical_v3.py,excluded_keys_from_audits,584,FunctionDef,True,excluded 标识 from audits。
src/fashion_multimodal_analysis/attributes/pattern/run_pattern_hierarchical_v3.py,write_holdout_audit,615,FunctionDef,True,保存 holdout 检查。
src/fashion_multimodal_analysis/attributes/pattern/run_pattern_hierarchical_v3.py,main,694,FunctionDef,True,解析运行参数并执行本模块的实验入口。
src/fashion_multimodal_analysis/benchmarking/audit_fashionpedia_prd_mapping_v1.py,read_csv,81,FunctionDef,True,读取带表头的 CSV，保留每列原始字符串。
src/fashion_multimodal_analysis/benchmarking/audit_fashionpedia_prd_mapping_v1.py,write_csv,94,FunctionDef,True,按确定的字段顺序保存实验 CSV。
src/fashion_multimodal_analysis/benchmarking/audit_fashionpedia_prd_mapping_v1.py,norm,118,FunctionDef,True,规范化。
src/fashion_multimodal_analysis/benchmarking/audit_fashionpedia_prd_mapping_v1.py,first,130,FunctionDef,True,first。
src/fashion_multimodal_analysis/benchmarking/audit_fashionpedia_prd_mapping_v1.py,find_coco_json,147,FunctionDef,True,查找 coco JSON。
src/fashion_multimodal_analysis/benchmarking/audit_fashionpedia_prd_mapping_v1.py,extract_ann_id,192,FunctionDef,True,提取 ann ID。
src/fashion_multimodal_analysis/benchmarking/audit_fashionpedia_prd_mapping_v1.py,code_hits,205,FunctionDef,True,code hits。
src/fashion_multimodal_analysis/benchmarking/audit_fashionpedia_prd_mapping_v1.py,main,255,FunctionDef,True,解析运行参数并执行本模块的实验入口。
src/fashion_multimodal_analysis/benchmarking/audit_prd31_benchmark_difficulty_v1.py,read_csv,106,FunctionDef,True,读取带表头的 CSV，保留每列原始字符串。
src/fashion_multimodal_analysis/benchmarking/audit_prd31_benchmark_difficulty_v1.py,write_csv,124,FunctionDef,True,按确定的字段顺序保存实验 CSV。
src/fashion_multimodal_analysis/benchmarking/audit_prd31_benchmark_difficulty_v1.py,f,152,FunctionDef,True,f。
src/fashion_multimodal_analysis/benchmarking/audit_prd31_benchmark_difficulty_v1.py,quantile,167,FunctionDef,True,quantile。
src/fashion_multimodal_analysis/benchmarking/audit_prd31_benchmark_difficulty_v1.py,area_bin,194,FunctionDef,True,面积 bin。
src/fashion_multimodal_analysis/benchmarking/audit_prd31_benchmark_difficulty_v1.py,minside_bin,213,FunctionDef,True,minside bin。
src/fashion_multimodal_analysis/benchmarking/audit_prd31_benchmark_difficulty_v1.py,used_fashionpedia_image_names,231,FunctionDef,True,used Fashionpedia 图像 names。
src/fashion_multimodal_analysis/benchmarking/audit_prd31_benchmark_difficulty_v1.py,audit_current_pool,248,FunctionDef,True,检查 current 候选池。
src/fashion_multimodal_analysis/benchmarking/audit_prd31_benchmark_difficulty_v1.py,audit_fashionpedia_raw,333,FunctionDef,True,检查 Fashionpedia raw。
src/fashion_multimodal_analysis/benchmarking/audit_prd31_benchmark_difficulty_v1.py,main,429,FunctionDef,True,解析运行参数并执行本模块的实验入口。
src/fashion_multimodal_analysis/benchmarking/audit_prd31_data_for_benchmark_v1.py,read_csv,71,FunctionDef,True,读取带表头的 CSV，保留每列原始字符串。
src/fashion_multimodal_analysis/benchmarking/audit_prd31_data_for_benchmark_v1.py,first,84,FunctionDef,True,first。
src/fashion_multimodal_analysis/benchmarking/audit_prd31_data_for_benchmark_v1.py,norm_path,101,FunctionDef,True,规范化路径分隔符，兼容 Windows 与 Linux 清单。
src/fashion_multimodal_analysis/benchmarking/audit_prd31_data_for_benchmark_v1.py,infer_role,113,FunctionDef,True,推理 role。
src/fashion_multimodal_analysis/benchmarking/audit_prd31_data_for_benchmark_v1.py,write_csv,133,FunctionDef,True,按确定的字段顺序保存实验 CSV。
src/fashion_multimodal_analysis/benchmarking/audit_prd31_data_for_benchmark_v1.py,main,157,FunctionDef,True,解析运行参数并执行本模块的实验入口。
src/fashion_multimodal_analysis/benchmarking/audit_prd31_segmentation_gt_qc_v1.py,parse_args,91,FunctionDef,True,解析并校验命令行参数。
src/fashion_multimodal_analysis/benchmarking/audit_prd31_segmentation_gt_qc_v1.py,read_csv,116,FunctionDef,True,读取带表头的 CSV，保留每列原始字符串。
src/fashion_multimodal_analysis/benchmarking/audit_prd31_segmentation_gt_qc_v1.py,write_csv,134,FunctionDef,True,按确定的字段顺序保存实验 CSV。
src/fashion_multimodal_analysis/benchmarking/audit_prd31_segmentation_gt_qc_v1.py,resolve_project_path,163,FunctionDef,True,将项目相对文件引用解析到当前工作副本。
src/fashion_multimodal_analysis/benchmarking/audit_prd31_segmentation_gt_qc_v1.py,f,175,FunctionDef,True,f。
src/fashion_multimodal_analysis/benchmarking/audit_prd31_segmentation_gt_qc_v1.py,bbox_iou,187,FunctionDef,True,边界框 IoU。
src/fashion_multimodal_analysis/benchmarking/audit_prd31_segmentation_gt_qc_v1.py,mask_bbox,216,FunctionDef,True,掩码 边界框。
src/fashion_multimodal_analysis/benchmarking/audit_prd31_segmentation_gt_qc_v1.py,connected_components,239,FunctionDef,True,connected components。
src/fashion_multimodal_analysis/benchmarking/audit_prd31_segmentation_gt_qc_v1.py,audit_row,257,FunctionDef,True,检查 记录。
src/fashion_multimodal_analysis/benchmarking/audit_prd31_segmentation_gt_qc_v1.py,main,457,FunctionDef,True,解析运行参数并执行本模块的实验入口。
src/fashion_multimodal_analysis/benchmarking/build_prd31_core_coverage_review_v1.py,read_csv,105,FunctionDef,True,读取带表头的 CSV，保留每列原始字符串。
src/fashion_multimodal_analysis/benchmarking/build_prd31_core_coverage_review_v1.py,write_csv,128,FunctionDef,True,按确定的字段顺序保存实验 CSV。
src/fashion_multimodal_analysis/benchmarking/build_prd31_core_coverage_review_v1.py,resolve_project,167,FunctionDef,True,解析当前项目内的文件引用。
src/fashion_multimodal_analysis/benchmarking/build_prd31_core_coverage_review_v1.py,proportional_quota,182,FunctionDef,True,proportional quota。
src/fashion_multimodal_analysis/benchmarking/build_prd31_core_coverage_review_v1.py,make_page,218,FunctionDef,True,10 candidates per page.
src/fashion_multimodal_analysis/benchmarking/build_prd31_core_coverage_review_v1.py,main,349,FunctionDef,True,解析运行参数并执行本模块的实验入口。
src/fashion_multimodal_analysis/benchmarking/build_prd31_core_stress_review_pool_v1.py,parse_args,192,FunctionDef,True,解析并校验命令行参数。
src/fashion_multimodal_analysis/benchmarking/build_prd31_core_stress_review_pool_v1.py,read_csv,249,FunctionDef,True,读取带表头的 CSV，保留每列原始字符串。
src/fashion_multimodal_analysis/benchmarking/build_prd31_core_stress_review_pool_v1.py,write_csv,266,FunctionDef,True,按确定的字段顺序保存实验 CSV。
src/fashion_multimodal_analysis/benchmarking/build_prd31_core_stress_review_pool_v1.py,norm,305,FunctionDef,True,规范化。
src/fashion_multimodal_analysis/benchmarking/build_prd31_core_stress_review_pool_v1.py,rel_data,317,FunctionDef,True,rel 数据。
src/fashion_multimodal_analysis/benchmarking/build_prd31_core_stress_review_pool_v1.py,rel_project,330,FunctionDef,True,rel project。
src/fashion_multimodal_analysis/benchmarking/build_prd31_core_stress_review_pool_v1.py,used_image_names,342,FunctionDef,True,used 图像 names。
src/fashion_multimodal_analysis/benchmarking/build_prd31_core_stress_review_pool_v1.py,area_bin,369,FunctionDef,True,面积 bin。
src/fashion_multimodal_analysis/benchmarking/build_prd31_core_stress_review_pool_v1.py,minside_bin,387,FunctionDef,True,minside bin。
src/fashion_multimodal_analysis/benchmarking/build_prd31_core_stress_review_pool_v1.py,valid_bbox_xyxy,405,FunctionDef,True,有效 边界框 xyxy 坐标。
src/fashion_multimodal_analysis/benchmarking/build_prd31_core_stress_review_pool_v1.py,segmentation_nonempty,428,FunctionDef,True,分割 nonempty。
src/fashion_multimodal_analysis/benchmarking/build_prd31_core_stress_review_pool_v1.py,decode_segmentation,452,FunctionDef,True,"Decode polygons or COCO RLE to uint8 {0,1}."
src/fashion_multimodal_analysis/benchmarking/build_prd31_core_stress_review_pool_v1.py,scan_df2,546,FunctionDef,True,扫描 DeepFashion2。
src/fashion_multimodal_analysis/benchmarking/build_prd31_core_stress_review_pool_v1.py,find_fp_image,659,FunctionDef,True,查找 Fashionpedia 图像。
src/fashion_multimodal_analysis/benchmarking/build_prd31_core_stress_review_pool_v1.py,scan_fp,693,FunctionDef,True,扫描 Fashionpedia。
src/fashion_multimodal_analysis/benchmarking/build_prd31_core_stress_review_pool_v1.py,stratum_key,842,FunctionDef,True,stratum 标识。
src/fashion_multimodal_analysis/benchmarking/build_prd31_core_stress_review_pool_v1.py,select_core,857,FunctionDef,True,选择 Core 固定回归。
src/fashion_multimodal_analysis/benchmarking/build_prd31_core_stress_review_pool_v1.py,select_stress,929,FunctionDef,True,选择 stress。
src/fashion_multimodal_analysis/benchmarking/build_prd31_core_stress_review_pool_v1.py,materialize_case,984,FunctionDef,True,materialize 案例。
src/fashion_multimodal_analysis/benchmarking/build_prd31_core_stress_review_pool_v1.py,make_contact_sheet,1158,FunctionDef,True,把样本图与说明拼成审核联系表，便于逐例比较。
src/fashion_multimodal_analysis/benchmarking/build_prd31_core_stress_review_pool_v1.py,main,1247,FunctionDef,True,解析运行参数并执行本模块的实验入口。
src/fashion_multimodal_analysis/benchmarking/build_prd31_human_review_packet_v1.py,read_csv,73,FunctionDef,True,读取带表头的 CSV，保留每列原始字符串。
src/fashion_multimodal_analysis/benchmarking/build_prd31_human_review_packet_v1.py,write_csv,90,FunctionDef,True,按确定的字段顺序保存实验 CSV。
src/fashion_multimodal_analysis/benchmarking/build_prd31_human_review_packet_v1.py,resolve_project_path,129,FunctionDef,True,将项目相对文件引用解析到当前工作副本。
src/fashion_multimodal_analysis/benchmarking/build_prd31_human_review_packet_v1.py,draw_full_image,141,FunctionDef,True,绘制 整图 图像。
src/fashion_multimodal_analysis/benchmarking/build_prd31_human_review_packet_v1.py,draw_zoom,187,FunctionDef,True,绘制 zoom。
src/fashion_multimodal_analysis/benchmarking/build_prd31_human_review_packet_v1.py,build_panel,283,FunctionDef,True,构建 panel。
src/fashion_multimodal_analysis/benchmarking/build_prd31_human_review_packet_v1.py,main,397,FunctionDef,True,解析运行参数并执行本模块的实验入口。
src/fashion_multimodal_analysis/benchmarking/build_prd31_minority_scene_review_packet_v1.py,read_csv,99,FunctionDef,True,读取带表头的 CSV，保留每列原始字符串。
src/fashion_multimodal_analysis/benchmarking/build_prd31_minority_scene_review_packet_v1.py,write_csv,117,FunctionDef,True,按确定的字段顺序保存实验 CSV。
src/fashion_multimodal_analysis/benchmarking/build_prd31_minority_scene_review_packet_v1.py,resolve_project,146,FunctionDef,True,解析当前项目内的文件引用。
src/fashion_multimodal_analysis/benchmarking/build_prd31_minority_scene_review_packet_v1.py,build_sheets,161,FunctionDef,True,构建 sheets。
src/fashion_multimodal_analysis/benchmarking/build_prd31_minority_scene_review_packet_v1.py,main,272,FunctionDef,True,解析运行参数并执行本模块的实验入口。
src/fashion_multimodal_analysis/benchmarking/build_prd31_provisional_core_selection_v1.py,read_csv,106,FunctionDef,True,读取带表头的 CSV，保留每列原始字符串。
src/fashion_multimodal_analysis/benchmarking/build_prd31_provisional_core_selection_v1.py,write_csv,129,FunctionDef,True,按确定的字段顺序保存实验 CSV。
src/fashion_multimodal_analysis/benchmarking/build_prd31_provisional_core_selection_v1.py,largest_remainder_quota,162,FunctionDef,True,largest remainder quota。
src/fashion_multimodal_analysis/benchmarking/build_prd31_provisional_core_selection_v1.py,load_size_quotas,202,FunctionDef,True,加载 size quotas。
src/fashion_multimodal_analysis/benchmarking/build_prd31_provisional_core_selection_v1.py,scene_low,218,FunctionDef,True,scene low。
src/fashion_multimodal_analysis/benchmarking/build_prd31_provisional_core_selection_v1.py,greedy_select_class,230,FunctionDef,True,Exact size quota; approximately proportional fine-category and scene quotas.
src/fashion_multimodal_analysis/benchmarking/build_prd31_provisional_core_selection_v1.py,resolve_project,337,FunctionDef,True,解析当前项目内的文件引用。
src/fashion_multimodal_analysis/benchmarking/build_prd31_provisional_core_selection_v1.py,make_review_sheets,352,FunctionDef,True,生成 审核 sheets。
src/fashion_multimodal_analysis/benchmarking/build_prd31_provisional_core_selection_v1.py,main,469,FunctionDef,True,解析运行参数并执行本模块的实验入口。
src/fashion_multimodal_analysis/benchmarking/build_prd31_provisional_core_selection_v1.py,score,284,FunctionDef,True,置信度。
src/fashion_multimodal_analysis/benchmarking/build_prd31_review_packet.py,image_url,126,FunctionDef,True,图像 url。
src/fashion_multimodal_analysis/benchmarking/build_prd31_review_packet.py,reuse_reviews,143,FunctionDef,True,reuse reviews。
src/fashion_multimodal_analysis/benchmarking/build_prd31_review_packet.py,build,181,FunctionDef,True,构建。
src/fashion_multimodal_analysis/benchmarking/build_prd31_review_packet.py,main,282,FunctionDef,True,解析运行参数并执行本模块的实验入口。
src/fashion_multimodal_analysis/benchmarking/build_prd31_segmentation_review_pool_v1.py,parse_args,185,FunctionDef,True,解析并校验命令行参数。
src/fashion_multimodal_analysis/benchmarking/build_prd31_segmentation_review_pool_v1.py,read_csv,198,FunctionDef,True,读取带表头的 CSV，保留每列原始字符串。
src/fashion_multimodal_analysis/benchmarking/build_prd31_segmentation_review_pool_v1.py,write_csv,211,FunctionDef,True,按确定的字段顺序保存实验 CSV。
src/fashion_multimodal_analysis/benchmarking/build_prd31_segmentation_review_pool_v1.py,norm,235,FunctionDef,True,规范化。
src/fashion_multimodal_analysis/benchmarking/build_prd31_segmentation_review_pool_v1.py,rel_data,247,FunctionDef,True,rel 数据。
src/fashion_multimodal_analysis/benchmarking/build_prd31_segmentation_review_pool_v1.py,valid_bbox_xyxy,261,FunctionDef,True,有效 边界框 xyxy 坐标。
src/fashion_multimodal_analysis/benchmarking/build_prd31_segmentation_review_pool_v1.py,bbox_area_xyxy,279,FunctionDef,True,边界框 面积 xyxy 坐标。
src/fashion_multimodal_analysis/benchmarking/build_prd31_segmentation_review_pool_v1.py,object_size_bucket,292,FunctionDef,True,object size bucket。
src/fashion_multimodal_analysis/benchmarking/build_prd31_segmentation_review_pool_v1.py,used_image_registry,309,FunctionDef,True,used 图像 registry。
src/fashion_multimodal_analysis/benchmarking/build_prd31_segmentation_review_pool_v1.py,sample_diverse,337,FunctionDef,True,Round-robin over fine/source categories while preferring unique source images.
src/fashion_multimodal_analysis/benchmarking/build_prd31_segmentation_review_pool_v1.py,scan_df2,396,FunctionDef,True,扫描 DeepFashion2。
src/fashion_multimodal_analysis/benchmarking/build_prd31_segmentation_review_pool_v1.py,discover_fp_image,486,FunctionDef,True,查找 Fashionpedia 图像。
src/fashion_multimodal_analysis/benchmarking/build_prd31_segmentation_review_pool_v1.py,scan_fashionpedia,509,FunctionDef,True,扫描 Fashionpedia。
src/fashion_multimodal_analysis/benchmarking/build_prd31_segmentation_review_pool_v1.py,make_contact_sheet,628,FunctionDef,True,把样本图与说明拼成审核联系表，便于逐例比较。
src/fashion_multimodal_analysis/benchmarking/build_prd31_segmentation_review_pool_v1.py,main,705,FunctionDef,True,解析运行参数并执行本模块的实验入口。
src/fashion_multimodal_analysis/benchmarking/build_prd31_segmentation_review_pool_v2.py,parse_args,188,FunctionDef,True,解析并校验命令行参数。
src/fashion_multimodal_analysis/benchmarking/build_prd31_segmentation_review_pool_v2.py,read_csv,207,FunctionDef,True,读取带表头的 CSV，保留每列原始字符串。
src/fashion_multimodal_analysis/benchmarking/build_prd31_segmentation_review_pool_v2.py,write_csv,220,FunctionDef,True,按确定的字段顺序保存实验 CSV。
src/fashion_multimodal_analysis/benchmarking/build_prd31_segmentation_review_pool_v2.py,norm,244,FunctionDef,True,规范化。
src/fashion_multimodal_analysis/benchmarking/build_prd31_segmentation_review_pool_v2.py,rel_data,256,FunctionDef,True,rel 数据。
src/fashion_multimodal_analysis/benchmarking/build_prd31_segmentation_review_pool_v2.py,valid_bbox_xyxy,270,FunctionDef,True,有效 边界框 xyxy 坐标。
src/fashion_multimodal_analysis/benchmarking/build_prd31_segmentation_review_pool_v2.py,bbox_area_xyxy,288,FunctionDef,True,边界框 面积 xyxy 坐标。
src/fashion_multimodal_analysis/benchmarking/build_prd31_segmentation_review_pool_v2.py,object_size_bucket,301,FunctionDef,True,object size bucket。
src/fashion_multimodal_analysis/benchmarking/build_prd31_segmentation_review_pool_v2.py,used_image_registry,318,FunctionDef,True,used 图像 registry。
src/fashion_multimodal_analysis/benchmarking/build_prd31_segmentation_review_pool_v2.py,sample_diverse,346,FunctionDef,True,Round-robin over fine/source categories while preferring unique source images.
src/fashion_multimodal_analysis/benchmarking/build_prd31_segmentation_review_pool_v2.py,scan_df2,405,FunctionDef,True,扫描 DeepFashion2。
src/fashion_multimodal_analysis/benchmarking/build_prd31_segmentation_review_pool_v2.py,discover_fp_image,495,FunctionDef,True,查找 Fashionpedia 图像。
src/fashion_multimodal_analysis/benchmarking/build_prd31_segmentation_review_pool_v2.py,scan_fashionpedia,518,FunctionDef,True,扫描 Fashionpedia。
src/fashion_multimodal_analysis/benchmarking/build_prd31_segmentation_review_pool_v2.py,make_contact_sheet,637,FunctionDef,True,把样本图与说明拼成审核联系表，便于逐例比较。
src/fashion_multimodal_analysis/benchmarking/build_prd31_segmentation_review_pool_v2.py,main,714,FunctionDef,True,解析运行参数并执行本模块的实验入口。
src/fashion_multimodal_analysis/benchmarking/discover_prd31_raw_benchmark_pool_v1.py,parse_args,87,FunctionDef,True,解析并校验命令行参数。
src/fashion_multimodal_analysis/benchmarking/discover_prd31_raw_benchmark_pool_v1.py,read_csv,109,FunctionDef,True,读取带表头的 CSV，保留每列原始字符串。
src/fashion_multimodal_analysis/benchmarking/discover_prd31_raw_benchmark_pool_v1.py,write_csv,127,FunctionDef,True,按确定的字段顺序保存实验 CSV。
src/fashion_multimodal_analysis/benchmarking/discover_prd31_raw_benchmark_pool_v1.py,norm_path,149,FunctionDef,True,规范化路径分隔符，兼容 Windows 与 Linux 清单。
src/fashion_multimodal_analysis/benchmarking/discover_prd31_raw_benchmark_pool_v1.py,project_source_path,161,FunctionDef,True,Match existing project convention:
src/fashion_multimodal_analysis/benchmarking/discover_prd31_raw_benchmark_pool_v1.py,load_used,178,FunctionDef,True,加载 used。
src/fashion_multimodal_analysis/benchmarking/discover_prd31_raw_benchmark_pool_v1.py,scan_deepfashion2,196,FunctionDef,True,扫描 DeepFashion2。
src/fashion_multimodal_analysis/benchmarking/discover_prd31_raw_benchmark_pool_v1.py,scan_fashionpedia,324,FunctionDef,True,扫描 Fashionpedia。
src/fashion_multimodal_analysis/benchmarking/discover_prd31_raw_benchmark_pool_v1.py,main,443,FunctionDef,True,解析运行参数并执行本模块的实验入口。
src/fashion_multimodal_analysis/benchmarking/freeze_prd31_reviewed_tests.py,validate_config,27,FunctionDef,True,校验 配置。
src/fashion_multimodal_analysis/benchmarking/freeze_prd31_reviewed_tests.py,validate_identity,83,FunctionDef,True,校验 identity。
src/fashion_multimodal_analysis/benchmarking/freeze_prd31_reviewed_tests.py,reviewed,114,FunctionDef,True,reviewed。
src/fashion_multimodal_analysis/benchmarking/freeze_prd31_reviewed_tests.py,validate_reviews,128,FunctionDef,True,校验 reviews。
src/fashion_multimodal_analysis/benchmarking/freeze_prd31_reviewed_tests.py,verify_frozen,252,FunctionDef,True,确认实验没有改动保留的 V5 权重和固定评估清单。
src/fashion_multimodal_analysis/benchmarking/freeze_prd31_reviewed_tests.py,freeze,282,FunctionDef,True,freeze。
src/fashion_multimodal_analysis/benchmarking/freeze_prd31_reviewed_tests.py,main,401,FunctionDef,True,解析运行参数并执行本模块的实验入口。
src/fashion_multimodal_analysis/benchmarking/freeze_prd31_segmentation_test_v1.py,read_csv,113,FunctionDef,True,读取带表头的 CSV，保留每列原始字符串。
src/fashion_multimodal_analysis/benchmarking/freeze_prd31_segmentation_test_v1.py,write_csv,131,FunctionDef,True,按确定的字段顺序保存实验 CSV。
src/fashion_multimodal_analysis/benchmarking/freeze_prd31_segmentation_test_v1.py,sha256_file,160,FunctionDef,True,分块计算文件 SHA-256，用于运行与备份追溯。
src/fashion_multimodal_analysis/benchmarking/freeze_prd31_segmentation_test_v1.py,index_unique,176,FunctionDef,True,index unique。
src/fashion_multimodal_analysis/benchmarking/freeze_prd31_segmentation_test_v1.py,fail,198,FunctionDef,True,fail。
src/fashion_multimodal_analysis/benchmarking/freeze_prd31_segmentation_test_v1.py,main,210,FunctionDef,True,解析运行参数并执行本模块的实验入口。
src/fashion_multimodal_analysis/benchmarking/prepare_prd31_core_freeze_and_protocol_v1.py,read_csv,100,FunctionDef,True,读取带表头的 CSV，保留每列原始字符串。
src/fashion_multimodal_analysis/benchmarking/prepare_prd31_core_freeze_and_protocol_v1.py,write_csv,118,FunctionDef,True,按确定的字段顺序保存实验 CSV。
src/fashion_multimodal_analysis/benchmarking/prepare_prd31_core_freeze_and_protocol_v1.py,size_bucket,144,FunctionDef,True,size bucket。
src/fashion_multimodal_analysis/benchmarking/prepare_prd31_core_freeze_and_protocol_v1.py,main,162,FunctionDef,True,解析运行参数并执行本模块的实验入口。
src/fashion_multimodal_analysis/benchmarking/prepare_prd31_recovery.py,labels_for,128,FunctionDef,True,标签 for。
src/fashion_multimodal_analysis/benchmarking/prepare_prd31_recovery.py,applies,145,FunctionDef,True,applies。
src/fashion_multimodal_analysis/benchmarking/prepare_prd31_recovery.py,digest,162,FunctionDef,True,分块计算文件 SHA-256，核对文件身份而不加载整个权重到内存。
src/fashion_multimodal_analysis/benchmarking/prepare_prd31_recovery.py,core_rows,174,FunctionDef,True,Core 固定回归 逐行记录。
src/fashion_multimodal_analysis/benchmarking/prepare_prd31_recovery.py,prepare_clean_training,186,FunctionDef,True,准备 clean 训练。
src/fashion_multimodal_analysis/benchmarking/prepare_prd31_recovery.py,import_legacy_reviews,235,FunctionDef,True,import legacy reviews。
src/fashion_multimodal_analysis/benchmarking/prepare_prd31_recovery.py,sample_case,302,FunctionDef,True,sample 案例。
src/fashion_multimodal_analysis/benchmarking/prepare_prd31_recovery.py,prepare_candidates,337,FunctionDef,True,准备 candidates。
src/fashion_multimodal_analysis/benchmarking/prepare_prd31_recovery.py,expand_grounding,470,FunctionDef,True,"Append GT review candidates based on presence coverage, preserving every prior row."
src/fashion_multimodal_analysis/benchmarking/prepare_prd31_recovery.py,prepare,573,FunctionDef,True,准备当前实验所需数据，并执行来源/划分/有效性检查。
src/fashion_multimodal_analysis/benchmarking/prepare_prd31_recovery.py,main,638,FunctionDef,True,解析运行参数并执行本模块的实验入口。
src/fashion_multimodal_analysis/benchmarking/refine_prd31_segmentation_gt_qc_v2.py,parse_args,80,FunctionDef,True,解析并校验命令行参数。
src/fashion_multimodal_analysis/benchmarking/refine_prd31_segmentation_gt_qc_v2.py,read_csv,105,FunctionDef,True,读取带表头的 CSV，保留每列原始字符串。
src/fashion_multimodal_analysis/benchmarking/refine_prd31_segmentation_gt_qc_v2.py,write_csv,128,FunctionDef,True,按确定的字段顺序保存实验 CSV。
src/fashion_multimodal_analysis/benchmarking/refine_prd31_segmentation_gt_qc_v2.py,fv,167,FunctionDef,True,fv。
src/fashion_multimodal_analysis/benchmarking/refine_prd31_segmentation_gt_qc_v2.py,classify,183,FunctionDef,True,classify。
src/fashion_multimodal_analysis/benchmarking/refine_prd31_segmentation_gt_qc_v2.py,main,271,FunctionDef,True,解析运行参数并执行本模块的实验入口。
src/fashion_multimodal_analysis/benchmarking/setup_prd31_benchmark_v1.py,main,55,FunctionDef,True,解析运行参数并执行本模块的实验入口。
src/fashion_multimodal_analysis/benchmarking/suggest_prd31_core_scene_metadata_v1.py,parse_args,148,FunctionDef,True,解析并校验命令行参数。
src/fashion_multimodal_analysis/benchmarking/suggest_prd31_core_scene_metadata_v1.py,read_csv,193,FunctionDef,True,读取带表头的 CSV，保留每列原始字符串。
src/fashion_multimodal_analysis/benchmarking/suggest_prd31_core_scene_metadata_v1.py,write_csv,216,FunctionDef,True,按确定的字段顺序保存实验 CSV。
src/fashion_multimodal_analysis/benchmarking/suggest_prd31_core_scene_metadata_v1.py,resolve_project,255,FunctionDef,True,解析当前项目内的文件引用。
src/fashion_multimodal_analysis/benchmarking/suggest_prd31_core_scene_metadata_v1.py,pooled_output,270,FunctionDef,True,Compatibility helper for different transformers CLIP return objects.
src/fashion_multimodal_analysis/benchmarking/suggest_prd31_core_scene_metadata_v1.py,encode_texts,304,FunctionDef,True,编码文本提示，供后续图文相似度比较。
src/fashion_multimodal_analysis/benchmarking/suggest_prd31_core_scene_metadata_v1.py,encode_images,345,FunctionDef,True,编码 图像。
src/fashion_multimodal_analysis/benchmarking/suggest_prd31_core_scene_metadata_v1.py,build_class_text_features,378,FunctionDef,True,构建 类别 文本 特征。
src/fashion_multimodal_analysis/benchmarking/suggest_prd31_core_scene_metadata_v1.py,probs_from_features,416,FunctionDef,True,probs from 特征。
src/fashion_multimodal_analysis/benchmarking/suggest_prd31_core_scene_metadata_v1.py,top_prediction,436,FunctionDef,True,top 预测。
src/fashion_multimodal_analysis/benchmarking/suggest_prd31_core_scene_metadata_v1.py,gt_crop_from_mask,462,FunctionDef,True,gt 裁剪 from 掩码。
src/fashion_multimodal_analysis/benchmarking/suggest_prd31_core_scene_metadata_v1.py,make_low_conf_sheets,504,FunctionDef,True,生成 low conf sheets。
src/fashion_multimodal_analysis/benchmarking/suggest_prd31_core_scene_metadata_v1.py,main,644,FunctionDef,True,解析运行参数并执行本模块的实验入口。
src/fashion_multimodal_analysis/benchmarking/suggest_prd31_core_scene_metadata_v1_fixed.py,parse_args,148,FunctionDef,True,解析并校验命令行参数。
src/fashion_multimodal_analysis/benchmarking/suggest_prd31_core_scene_metadata_v1_fixed.py,read_csv,193,FunctionDef,True,读取带表头的 CSV，保留每列原始字符串。
src/fashion_multimodal_analysis/benchmarking/suggest_prd31_core_scene_metadata_v1_fixed.py,write_csv,216,FunctionDef,True,按确定的字段顺序保存实验 CSV。
src/fashion_multimodal_analysis/benchmarking/suggest_prd31_core_scene_metadata_v1_fixed.py,resolve_project,255,FunctionDef,True,解析当前项目内的文件引用。
src/fashion_multimodal_analysis/benchmarking/suggest_prd31_core_scene_metadata_v1_fixed.py,pooled_output,270,FunctionDef,True,Compatibility helper for different transformers CLIP return objects.
src/fashion_multimodal_analysis/benchmarking/suggest_prd31_core_scene_metadata_v1_fixed.py,encode_texts,304,FunctionDef,True,编码文本提示，供后续图文相似度比较。
src/fashion_multimodal_analysis/benchmarking/suggest_prd31_core_scene_metadata_v1_fixed.py,encode_images,345,FunctionDef,True,编码 图像。
src/fashion_multimodal_analysis/benchmarking/suggest_prd31_core_scene_metadata_v1_fixed.py,build_class_text_features,378,FunctionDef,True,构建 类别 文本 特征。
src/fashion_multimodal_analysis/benchmarking/suggest_prd31_core_scene_metadata_v1_fixed.py,probs_from_features,417,FunctionDef,True,probs from 特征。
src/fashion_multimodal_analysis/benchmarking/suggest_prd31_core_scene_metadata_v1_fixed.py,top_prediction,440,FunctionDef,True,top 预测。
src/fashion_multimodal_analysis/benchmarking/suggest_prd31_core_scene_metadata_v1_fixed.py,gt_crop_from_mask,466,FunctionDef,True,gt 裁剪 from 掩码。
src/fashion_multimodal_analysis/benchmarking/suggest_prd31_core_scene_metadata_v1_fixed.py,make_low_conf_sheets,508,FunctionDef,True,生成 low conf sheets。
src/fashion_multimodal_analysis/benchmarking/suggest_prd31_core_scene_metadata_v1_fixed.py,main,648,FunctionDef,True,解析运行参数并执行本模块的实验入口。
src/fashion_multimodal_analysis/cli.py,registry,18,FunctionDef,True,读取命令注册表，连接分类脚本与 src 中的实现。
src/fashion_multimodal_analysis/cli.py,command_help,29,FunctionDef,True,显示静态参数说明，不加载模型或启动实验。
src/fashion_multimodal_analysis/cli.py,run_entry,55,FunctionDef,True,按命令注册表分派实验，运行结束后恢复 argv 和工作目录。
src/fashion_multimodal_analysis/cli.py,main,91,FunctionDef,True,解析运行参数并执行本模块的实验入口。
src/fashion_multimodal_analysis/common/io.py,read_csv,16,FunctionDef,True,读取含表头的 CSV，保留原始字符串值，不自动转换标签或数值。
src/fashion_multimodal_analysis/common/io.py,write_csv,32,FunctionDef,True,按指定字段顺序写入表格，自动创建上级目录。
src/fashion_multimodal_analysis/common/io.py,write_json,55,FunctionDef,True,写入标准 JSON，遇到 NaN 或不可序列化对象时抛出异常。
src/fashion_multimodal_analysis/common/paths.py,project_root,20,FunctionDef,True,定位包含配置与源码的项目根目录。
src/fashion_multimodal_analysis/common/paths.py,data_root,41,FunctionDef,True,定位与项目同级的外部数据目录。
src/fashion_multimodal_analysis/common/paths.py,_aliases,56,FunctionDef,False,缓存名称映射，避免逐实例读取同一份 JSON。
src/fashion_multimodal_analysis/common/paths.py,resolve_record_path,69,FunctionDef,True,将配置或历史清单中的路径映射到当前工作副本。
src/fashion_multimodal_analysis/common/paths.py,resolve_path,108,FunctionDef,True,使用当前项目与外部数据目录解析一个文件引用。
src/fashion_multimodal_analysis/data_tools/build_deepfashion2_sample.py,DeepFashion2Sample,36,ClassDef,True,Represent one DeepFashion2 training sample.
src/fashion_multimodal_analysis/data_tools/build_deepfashion2_sample.py,load_annotation,52,FunctionDef,True,Load a DeepFashion2 JSON annotation.
src/fashion_multimodal_analysis/data_tools/build_deepfashion2_sample.py,create_binary_mask,72,FunctionDef,True,Convert segmentation polygons into a binary mask.
src/fashion_multimodal_analysis/data_tools/build_deepfashion2_sample.py,build_training_sample,125,FunctionDef,True,Build one DeepFashion2 training sample.
src/fashion_multimodal_analysis/data_tools/build_deepfashion2_sample.py,configure_logging,223,FunctionDef,True,Configure console logging.
src/fashion_multimodal_analysis/data_tools/build_deepfashion2_sample.py,main,231,FunctionDef,True,Build and inspect one DeepFashion2 training sample.
src/fashion_multimodal_analysis/data_tools/build_fashionpedia_missing3_pilot_v1.py,parse_args,124,FunctionDef,True,解析并校验命令行参数。
src/fashion_multimodal_analysis/data_tools/build_fashionpedia_missing3_pilot_v1.py,normalize_name,153,FunctionDef,True,规范化名称，减少空格与大小写导致的标签匹配失败。
src/fashion_multimodal_analysis/data_tools/build_fashionpedia_missing3_pilot_v1.py,map_source_category,165,FunctionDef,True,map 来源 类别。
src/fashion_multimodal_analysis/data_tools/build_fashionpedia_missing3_pilot_v1.py,relative_display,208,FunctionDef,True,relative display。
src/fashion_multimodal_analysis/data_tools/build_fashionpedia_missing3_pilot_v1.py,polygons_to_mask,231,FunctionDef,True,将多边形标注栅格化为二值掩码。
src/fashion_multimodal_analysis/data_tools/build_fashionpedia_missing3_pilot_v1.py,rle_to_mask,263,FunctionDef,True,解码 COCO RLE 掩码，兼容当前标注的计数表示。
src/fashion_multimodal_analysis/data_tools/build_fashionpedia_missing3_pilot_v1.py,segmentation_to_mask,293,FunctionDef,True,根据标注格式选择多边形或 RLE 掩码解码。
src/fashion_multimodal_analysis/data_tools/build_fashionpedia_missing3_pilot_v1.py,bbox_from_mask,323,FunctionDef,True,从二值掩码提取前景范围，避免框与目标像素不一致。
src/fashion_multimodal_analysis/data_tools/build_fashionpedia_missing3_pilot_v1.py,ensure_dirs,347,FunctionDef,True,ensure dirs。
src/fashion_multimodal_analysis/data_tools/build_fashionpedia_missing3_pilot_v1.py,write_csv,362,FunctionDef,True,按确定的字段顺序保存实验 CSV。
src/fashion_multimodal_analysis/data_tools/build_fashionpedia_missing3_pilot_v1.py,find_image,399,FunctionDef,True,查找 图像。
src/fashion_multimodal_analysis/data_tools/build_fashionpedia_missing3_pilot_v1.py,build_image_index,421,FunctionDef,True,按原图文件名建立检索索引，减少逐行扫描目录的开销。
src/fashion_multimodal_analysis/data_tools/build_fashionpedia_missing3_pilot_v1.py,diverse_sample,449,FunctionDef,True,Prefer:
src/fashion_multimodal_analysis/data_tools/build_fashionpedia_missing3_pilot_v1.py,save_masked_crop,535,FunctionDef,True,保存 masked 裁剪。
src/fashion_multimodal_analysis/data_tools/build_fashionpedia_missing3_pilot_v1.py,save_visualization,558,FunctionDef,True,保存 visualization。
src/fashion_multimodal_analysis/data_tools/build_fashionpedia_missing3_pilot_v1.py,make_contact_sheet,620,FunctionDef,True,把样本图与说明拼成审核联系表，便于逐例比较。
src/fashion_multimodal_analysis/data_tools/build_fashionpedia_missing3_pilot_v1.py,main,700,FunctionDef,True,解析运行参数并执行本模块的实验入口。
src/fashion_multimodal_analysis/data_tools/build_fashionpedia_missing3_pilot_v2.py,parse_args,155,FunctionDef,True,解析并校验命令行参数。
src/fashion_multimodal_analysis/data_tools/build_fashionpedia_missing3_pilot_v2.py,resolve_file,193,FunctionDef,True,resolve 文件。
src/fashion_multimodal_analysis/data_tools/build_fashionpedia_missing3_pilot_v2.py,normalize_category_name,220,FunctionDef,True,规范化 类别 name。
src/fashion_multimodal_analysis/data_tools/build_fashionpedia_missing3_pilot_v2.py,project_relative,232,FunctionDef,True,Prefer a path relative to fashion_multimodal_analysis.
src/fashion_multimodal_analysis/data_tools/build_fashionpedia_missing3_pilot_v2.py,load_mapping,257,FunctionDef,True,Read the mapping JSON if available.
src/fashion_multimodal_analysis/data_tools/build_fashionpedia_missing3_pilot_v2.py,discover_validation_images,312,FunctionDef,True,Try preferred images/val first.
src/fashion_multimodal_analysis/data_tools/build_fashionpedia_missing3_pilot_v2.py,polygons_to_mask,379,FunctionDef,True,将多边形标注栅格化为二值掩码。
src/fashion_multimodal_analysis/data_tools/build_fashionpedia_missing3_pilot_v2.py,rle_to_mask,423,FunctionDef,True,解码 COCO RLE 掩码，兼容当前标注的计数表示。
src/fashion_multimodal_analysis/data_tools/build_fashionpedia_missing3_pilot_v2.py,segmentation_to_mask,456,FunctionDef,True,根据标注格式选择多边形或 RLE 掩码解码。
src/fashion_multimodal_analysis/data_tools/build_fashionpedia_missing3_pilot_v2.py,bbox_from_mask,494,FunctionDef,True,从二值掩码提取前景范围，避免框与目标像素不一致。
src/fashion_multimodal_analysis/data_tools/build_fashionpedia_missing3_pilot_v2.py,save_masked_crop,518,FunctionDef,True,保存 masked 裁剪。
src/fashion_multimodal_analysis/data_tools/build_fashionpedia_missing3_pilot_v2.py,save_visualization,553,FunctionDef,True,保存 visualization。
src/fashion_multimodal_analysis/data_tools/build_fashionpedia_missing3_pilot_v2.py,write_csv,629,FunctionDef,True,按确定的字段顺序保存实验 CSV。
src/fashion_multimodal_analysis/data_tools/build_fashionpedia_missing3_pilot_v2.py,sample_diverse_instances,682,FunctionDef,True,Try to:
src/fashion_multimodal_analysis/data_tools/build_fashionpedia_missing3_pilot_v2.py,make_contact_sheet,755,FunctionDef,True,把样本图与说明拼成审核联系表，便于逐例比较。
src/fashion_multimodal_analysis/data_tools/build_fashionpedia_missing3_pilot_v2.py,main,866,FunctionDef,True,解析运行参数并执行本模块的实验入口。
src/fashion_multimodal_analysis/data_tools/build_prd_8class_train_v2_expand_fashionpedia.py,parse_args,146,FunctionDef,True,解析并校验命令行参数。
src/fashion_multimodal_analysis/data_tools/build_prd_8class_train_v2_expand_fashionpedia.py,read_csv,173,FunctionDef,True,读取带表头的 CSV，保留每列原始字符串。
src/fashion_multimodal_analysis/data_tools/build_prd_8class_train_v2_expand_fashionpedia.py,write_csv,200,FunctionDef,True,按确定的字段顺序保存实验 CSV。
src/fashion_multimodal_analysis/data_tools/build_prd_8class_train_v2_expand_fashionpedia.py,normalize_name,237,FunctionDef,True,规范化名称，减少空格与大小写导致的标签匹配失败。
src/fashion_multimodal_analysis/data_tools/build_prd_8class_train_v2_expand_fashionpedia.py,map_source_category,249,FunctionDef,True,map 来源 类别。
src/fashion_multimodal_analysis/data_tools/build_prd_8class_train_v2_expand_fashionpedia.py,relative_to_project,289,FunctionDef,True,relative 转换 project。
src/fashion_multimodal_analysis/data_tools/build_prd_8class_train_v2_expand_fashionpedia.py,polygons_to_mask,313,FunctionDef,True,将多边形标注栅格化为二值掩码。
src/fashion_multimodal_analysis/data_tools/build_prd_8class_train_v2_expand_fashionpedia.py,rle_to_mask,365,FunctionDef,True,解码 COCO RLE 掩码，兼容当前标注的计数表示。
src/fashion_multimodal_analysis/data_tools/build_prd_8class_train_v2_expand_fashionpedia.py,segmentation_to_mask,399,FunctionDef,True,根据标注格式选择多边形或 RLE 掩码解码。
src/fashion_multimodal_analysis/data_tools/build_prd_8class_train_v2_expand_fashionpedia.py,bbox_from_mask,446,FunctionDef,True,从二值掩码提取前景范围，避免框与目标像素不一致。
src/fashion_multimodal_analysis/data_tools/build_prd_8class_train_v2_expand_fashionpedia.py,build_image_index,470,FunctionDef,True,按原图文件名建立检索索引，减少逐行扫描目录的开销。
src/fashion_multimodal_analysis/data_tools/build_prd_8class_train_v2_expand_fashionpedia.py,balanced_diverse_sample,513,FunctionDef,True,Prefer:
src/fashion_multimodal_analysis/data_tools/build_prd_8class_train_v2_expand_fashionpedia.py,make_contact_sheet,606,FunctionDef,True,把样本图与说明拼成审核联系表，便于逐例比较。
src/fashion_multimodal_analysis/data_tools/build_prd_8class_train_v2_expand_fashionpedia.py,resolve_manifest_path,719,FunctionDef,True,定位清单文件，避免依赖脚本所在目录。
src/fashion_multimodal_analysis/data_tools/build_prd_8class_train_v2_expand_fashionpedia.py,main,738,FunctionDef,True,解析运行参数并执行本模块的实验入口。
src/fashion_multimodal_analysis/data_tools/build_prd_8class_train_v2_expand_fashionpedia_fixed.py,parse_args,100,FunctionDef,True,解析并校验命令行参数。
src/fashion_multimodal_analysis/data_tools/build_prd_8class_train_v2_expand_fashionpedia_fixed.py,read_csv,113,FunctionDef,True,读取带表头的 CSV，保留每列原始字符串。
src/fashion_multimodal_analysis/data_tools/build_prd_8class_train_v2_expand_fashionpedia_fixed.py,write_csv,136,FunctionDef,True,按确定的字段顺序保存实验 CSV。
src/fashion_multimodal_analysis/data_tools/build_prd_8class_train_v2_expand_fashionpedia_fixed.py,normalize_name,165,FunctionDef,True,规范化名称，减少空格与大小写导致的标签匹配失败。
src/fashion_multimodal_analysis/data_tools/build_prd_8class_train_v2_expand_fashionpedia_fixed.py,map_source_category,177,FunctionDef,True,map 来源 类别。
src/fashion_multimodal_analysis/data_tools/build_prd_8class_train_v2_expand_fashionpedia_fixed.py,relative_to_project,216,FunctionDef,True,relative 转换 project。
src/fashion_multimodal_analysis/data_tools/build_prd_8class_train_v2_expand_fashionpedia_fixed.py,resolve_manifest_path,239,FunctionDef,True,定位清单文件，避免依赖脚本所在目录。
src/fashion_multimodal_analysis/data_tools/build_prd_8class_train_v2_expand_fashionpedia_fixed.py,polygons_to_mask,254,FunctionDef,True,将多边形标注栅格化为二值掩码。
src/fashion_multimodal_analysis/data_tools/build_prd_8class_train_v2_expand_fashionpedia_fixed.py,rle_to_mask,287,FunctionDef,True,解码 COCO RLE 掩码，兼容当前标注的计数表示。
src/fashion_multimodal_analysis/data_tools/build_prd_8class_train_v2_expand_fashionpedia_fixed.py,segmentation_to_mask,316,FunctionDef,True,根据标注格式选择多边形或 RLE 掩码解码。
src/fashion_multimodal_analysis/data_tools/build_prd_8class_train_v2_expand_fashionpedia_fixed.py,bbox_from_mask,346,FunctionDef,True,从二值掩码提取前景范围，避免框与目标像素不一致。
src/fashion_multimodal_analysis/data_tools/build_prd_8class_train_v2_expand_fashionpedia_fixed.py,build_image_index,370,FunctionDef,True,按原图文件名建立检索索引，减少逐行扫描目录的开销。
src/fashion_multimodal_analysis/data_tools/build_prd_8class_train_v2_expand_fashionpedia_fixed.py,build_candidate_order,403,FunctionDef,True,Create a deterministic-but-randomized reserve order.
src/fashion_multimodal_analysis/data_tools/build_prd_8class_train_v2_expand_fashionpedia_fixed.py,make_contact_sheet,484,FunctionDef,True,把样本图与说明拼成审核联系表，便于逐例比较。
src/fashion_multimodal_analysis/data_tools/build_prd_8class_train_v2_expand_fashionpedia_fixed.py,main,582,FunctionDef,True,解析运行参数并执行本模块的实验入口。
src/fashion_multimodal_analysis/data_tools/build_prd_8class_train_v3_expand_underrepresented.py,parse_args,117,FunctionDef,True,解析并校验命令行参数。
src/fashion_multimodal_analysis/data_tools/build_prd_8class_train_v3_expand_underrepresented.py,read_csv,129,FunctionDef,True,读取带表头的 CSV，保留每列原始字符串。
src/fashion_multimodal_analysis/data_tools/build_prd_8class_train_v3_expand_underrepresented.py,write_csv,152,FunctionDef,True,按确定的字段顺序保存实验 CSV。
src/fashion_multimodal_analysis/data_tools/build_prd_8class_train_v3_expand_underrepresented.py,normalize_name,181,FunctionDef,True,规范化名称，减少空格与大小写导致的标签匹配失败。
src/fashion_multimodal_analysis/data_tools/build_prd_8class_train_v3_expand_underrepresented.py,map_source_category,193,FunctionDef,True,Conservative Fashionpedia -> existing PRD 8-class mapping.
src/fashion_multimodal_analysis/data_tools/build_prd_8class_train_v3_expand_underrepresented.py,relative_to_project,225,FunctionDef,True,relative 转换 project。
src/fashion_multimodal_analysis/data_tools/build_prd_8class_train_v3_expand_underrepresented.py,resolve_manifest_path,248,FunctionDef,True,定位清单文件，避免依赖脚本所在目录。
src/fashion_multimodal_analysis/data_tools/build_prd_8class_train_v3_expand_underrepresented.py,polygons_to_mask,263,FunctionDef,True,将多边形标注栅格化为二值掩码。
src/fashion_multimodal_analysis/data_tools/build_prd_8class_train_v3_expand_underrepresented.py,rle_to_mask,296,FunctionDef,True,解码 COCO RLE 掩码，兼容当前标注的计数表示。
src/fashion_multimodal_analysis/data_tools/build_prd_8class_train_v3_expand_underrepresented.py,segmentation_to_mask,325,FunctionDef,True,根据标注格式选择多边形或 RLE 掩码解码。
src/fashion_multimodal_analysis/data_tools/build_prd_8class_train_v3_expand_underrepresented.py,bbox_from_mask,355,FunctionDef,True,从二值掩码提取前景范围，避免框与目标像素不一致。
src/fashion_multimodal_analysis/data_tools/build_prd_8class_train_v3_expand_underrepresented.py,build_image_index,379,FunctionDef,True,按原图文件名建立检索索引，减少逐行扫描目录的开销。
src/fashion_multimodal_analysis/data_tools/build_prd_8class_train_v3_expand_underrepresented.py,build_candidate_order,412,FunctionDef,True,Create a deterministic-but-randomized reserve order.
src/fashion_multimodal_analysis/data_tools/build_prd_8class_train_v3_expand_underrepresented.py,make_contact_sheet,493,FunctionDef,True,把样本图与说明拼成审核联系表，便于逐例比较。
src/fashion_multimodal_analysis/data_tools/build_prd_8class_train_v3_expand_underrepresented.py,main,591,FunctionDef,True,解析运行参数并执行本模块的实验入口。
src/fashion_multimodal_analysis/data_tools/build_prd_8class_train_val_split_v1.py,parse_args,86,FunctionDef,True,解析并校验命令行参数。
src/fashion_multimodal_analysis/data_tools/build_prd_8class_train_val_split_v1.py,read_csv,113,FunctionDef,True,读取带表头的 CSV，保留每列原始字符串。
src/fashion_multimodal_analysis/data_tools/build_prd_8class_train_val_split_v1.py,write_csv,136,FunctionDef,True,按确定的字段顺序保存实验 CSV。
src/fashion_multimodal_analysis/data_tools/build_prd_8class_train_val_split_v1.py,group_rows,160,FunctionDef,True,按共同标识分组记录，避免同一对象被重复统计。
src/fashion_multimodal_analysis/data_tools/build_prd_8class_train_val_split_v1.py,class_counter,181,FunctionDef,True,类别 counter。
src/fashion_multimodal_analysis/data_tools/build_prd_8class_train_val_split_v1.py,group_class_counter,193,FunctionDef,True,group 类别 counter。
src/fashion_multimodal_analysis/data_tools/build_prd_8class_train_val_split_v1.py,score_split,207,FunctionDef,True,置信度 split。
src/fashion_multimodal_analysis/data_tools/build_prd_8class_train_val_split_v1.py,initial_group_probability,259,FunctionDef,True,initial group probability。
src/fashion_multimodal_analysis/data_tools/build_prd_8class_train_val_split_v1.py,randomized_search,277,FunctionDef,True,randomized search。
src/fashion_multimodal_analysis/data_tools/build_prd_8class_train_val_split_v1.py,validate_split,390,FunctionDef,True,校验 split。
src/fashion_multimodal_analysis/data_tools/build_prd_8class_train_val_split_v1.py,main,476,FunctionDef,True,解析运行参数并执行本模块的实验入口。
src/fashion_multimodal_analysis/data_tools/build_prd_8class_train_val_split_v1.py,record_num,555,FunctionDef,True,记录 num。
src/fashion_multimodal_analysis/data_tools/build_prd_8class_unified_manifest_v1.py,read_csv,109,FunctionDef,True,读取带表头的 CSV，保留每列原始字符串。
src/fashion_multimodal_analysis/data_tools/build_prd_8class_unified_manifest_v1.py,write_csv,128,FunctionDef,True,按确定的字段顺序保存实验 CSV。
src/fashion_multimodal_analysis/data_tools/build_prd_8class_unified_manifest_v1.py,to_int_string,148,FunctionDef,True,转换 int string。
src/fashion_multimodal_analysis/data_tools/build_prd_8class_unified_manifest_v1.py,bbox_size,169,FunctionDef,True,边界框 size。
src/fashion_multimodal_analysis/data_tools/build_prd_8class_unified_manifest_v1.py,normalize_deepfashion2,194,FunctionDef,True,规范化 DeepFashion2。
src/fashion_multimodal_analysis/data_tools/build_prd_8class_unified_manifest_v1.py,normalize_fashionpedia,256,FunctionDef,True,规范化 Fashionpedia。
src/fashion_multimodal_analysis/data_tools/build_prd_8class_unified_manifest_v1.py,validate_rows,312,FunctionDef,True,校验 逐行记录。
src/fashion_multimodal_analysis/data_tools/build_prd_8class_unified_manifest_v1.py,main,403,FunctionDef,True,解析运行参数并执行本模块的实验入口。
src/fashion_multimodal_analysis/data_tools/build_prd_8class_unified_manifest_v2.py,read_csv,110,FunctionDef,True,读取带表头的 CSV，保留每列原始字符串。
src/fashion_multimodal_analysis/data_tools/build_prd_8class_unified_manifest_v2.py,write_csv,129,FunctionDef,True,按确定的字段顺序保存实验 CSV。
src/fashion_multimodal_analysis/data_tools/build_prd_8class_unified_manifest_v2.py,to_int_string,149,FunctionDef,True,转换 int string。
src/fashion_multimodal_analysis/data_tools/build_prd_8class_unified_manifest_v2.py,bbox_size,171,FunctionDef,True,边界框 size。
src/fashion_multimodal_analysis/data_tools/build_prd_8class_unified_manifest_v2.py,normalize_deepfashion2,196,FunctionDef,True,规范化 DeepFashion2。
src/fashion_multimodal_analysis/data_tools/build_prd_8class_unified_manifest_v2.py,normalize_fashionpedia,258,FunctionDef,True,规范化 Fashionpedia。
src/fashion_multimodal_analysis/data_tools/build_prd_8class_unified_manifest_v2.py,validate_rows,314,FunctionDef,True,校验 逐行记录。
src/fashion_multimodal_analysis/data_tools/build_prd_8class_unified_manifest_v2.py,main,413,FunctionDef,True,解析运行参数并执行本模块的实验入口。
src/fashion_multimodal_analysis/data_tools/build_target_balanced_candidates.py,configure_logging,143,FunctionDef,True,Configure console logging.
src/fashion_multimodal_analysis/data_tools/build_target_balanced_candidates.py,parse_args,151,FunctionDef,True,Parse command-line arguments.
src/fashion_multimodal_analysis/data_tools/build_target_balanced_candidates.py,load_annotation,228,FunctionDef,True,Load one DeepFashion2 annotation.
src/fashion_multimodal_analysis/data_tools/build_target_balanced_candidates.py,extract_garments,259,FunctionDef,True,Extract valid garment instances.
src/fashion_multimodal_analysis/data_tools/build_target_balanced_candidates.py,clip_bbox,312,FunctionDef,True,Clip bbox to image boundaries.
src/fashion_multimodal_analysis/data_tools/build_target_balanced_candidates.py,calculate_bbox_area_ratio,366,FunctionDef,True,Calculate bbox area relative to image area.
src/fashion_multimodal_analysis/data_tools/build_target_balanced_candidates.py,get_target_priority,406,FunctionDef,True,Return category priority tier for one target.
src/fashion_multimodal_analysis/data_tools/build_target_balanced_candidates.py,collect_candidates,433,FunctionDef,True,Collect target-specific candidate garments.
src/fashion_multimodal_analysis/data_tools/build_target_balanced_candidates.py,sample_by_priority,544,FunctionDef,True,Sample candidates while respecting category priority.
src/fashion_multimodal_analysis/data_tools/build_target_balanced_candidates.py,sample_candidates,600,FunctionDef,True,Sample candidates independently for each target.
src/fashion_multimodal_analysis/data_tools/build_target_balanced_candidates.py,save_crop,676,FunctionDef,True,Save one garment ROI crop.
src/fashion_multimodal_analysis/data_tools/build_target_balanced_candidates.py,resize_to_fit,733,FunctionDef,True,Resize an image while preserving aspect ratio.
src/fashion_multimodal_analysis/data_tools/build_target_balanced_candidates.py,build_contact_sheet_page,761,FunctionDef,True,Build one contact-sheet page.
src/fashion_multimodal_analysis/data_tools/build_target_balanced_candidates.py,build_contact_sheets,880,FunctionDef,True,Build paginated contact sheets.
src/fashion_multimodal_analysis/data_tools/build_target_balanced_candidates.py,save_review_csv,917,FunctionDef,True,Save manual verification sheet.
src/fashion_multimodal_analysis/data_tools/build_target_balanced_candidates.py,process_target,988,FunctionDef,True,"Create crops, CSV, and contact sheets."
src/fashion_multimodal_analysis/data_tools/build_target_balanced_candidates.py,save_manifest,1045,FunctionDef,True,Save candidate-generation metadata.
src/fashion_multimodal_analysis/data_tools/build_target_balanced_candidates.py,main,1109,FunctionDef,True,Build target-balanced candidate pools.
src/fashion_multimodal_analysis/data_tools/check_deepfashion2_dataloader.py,configure_logging,33,FunctionDef,True,Configure console logging.
src/fashion_multimodal_analysis/data_tools/check_deepfashion2_dataloader.py,main,41,FunctionDef,True,Create one DeepFashion2 batch and inspect its structure.
src/fashion_multimodal_analysis/data_tools/check_deepfashion2_dataset.py,configure_logging,30,FunctionDef,True,Configure console logging.
src/fashion_multimodal_analysis/data_tools/check_deepfashion2_dataset.py,main,38,FunctionDef,True,Load and inspect one DeepFashion2 dataset sample.
src/fashion_multimodal_analysis/data_tools/convert_annotation_to_masks.py,load_annotation,32,FunctionDef,True,Load a DeepFashion2 JSON annotation.
src/fashion_multimodal_analysis/data_tools/convert_annotation_to_masks.py,create_binary_mask,52,FunctionDef,True,Convert segmentation polygons into a binary mask.
src/fashion_multimodal_analysis/data_tools/convert_annotation_to_masks.py,save_instance_masks,107,FunctionDef,True,Create and save binary masks for all clothing instances.
src/fashion_multimodal_analysis/data_tools/convert_annotation_to_masks.py,create_mask_overlay,177,FunctionDef,True,Overlay generated instance masks on the original image.
src/fashion_multimodal_analysis/data_tools/convert_annotation_to_masks.py,configure_logging,210,FunctionDef,True,Configure console logging.
src/fashion_multimodal_analysis/data_tools/convert_annotation_to_masks.py,main,218,FunctionDef,True,Convert one DeepFashion2 annotation into instance masks.
src/fashion_multimodal_analysis/data_tools/prepare_garment_instances_from_deepfashion2.py,to_project_relative,87,FunctionDef,True,Prefer a path relative to PROJECT_ROOT; fall back to normalized string.
src/fashion_multimodal_analysis/data_tools/prepare_garment_instances_from_deepfashion2.py,anno_path_for,106,FunctionDef,True,anno 路径 for。
src/fashion_multimodal_analysis/data_tools/prepare_garment_instances_from_deepfashion2.py,extract_bbox,119,FunctionDef,True,Return clipped xyxy bbox. Supports DeepFashion2 bounding_box and common bbox
src/fashion_multimodal_analysis/data_tools/prepare_garment_instances_from_deepfashion2.py,iter_polygons,166,FunctionDef,True,Yield flat polygon coordinate lists from DeepFashion2-style segmentation.
src/fashion_multimodal_analysis/data_tools/prepare_garment_instances_from_deepfashion2.py,build_full_mask,195,FunctionDef,True,构建 整图 掩码。
src/fashion_multimodal_analysis/data_tools/prepare_garment_instances_from_deepfashion2.py,mask_crop_on_white,226,FunctionDef,True,掩码 裁剪 on white。
src/fashion_multimodal_analysis/data_tools/prepare_garment_instances_from_deepfashion2.py,garment_items,240,FunctionDef,True,Return item1/item2/... entries only.
src/fashion_multimodal_analysis/data_tools/prepare_garment_instances_from_deepfashion2.py,select_images,269,FunctionDef,True,选择 图像。
src/fashion_multimodal_analysis/data_tools/prepare_garment_instances_from_deepfashion2.py,main,317,FunctionDef,True,解析运行参数并执行本模块的实验入口。
src/fashion_multimodal_analysis/datasets/collate.py,Mask2FormerBatch,16,ClassDef,True,Batch used as Mask2Former training input.
src/fashion_multimodal_analysis/datasets/collate.py,mask2former_collate_fn,24,FunctionDef,True,Combine samples into one Mask2Former training batch.
src/fashion_multimodal_analysis/datasets/deepfashion2_dataset.py,Mask2FormerSample,27,ClassDef,True,Training sample returned by DeepFashion2Dataset.
src/fashion_multimodal_analysis/datasets/deepfashion2_dataset.py,_load_annotation,37,FunctionDef,False,Load one DeepFashion2 annotation file.
src/fashion_multimodal_analysis/datasets/deepfashion2_dataset.py,_get_item_index,57,FunctionDef,False,Extract the numeric index from a DeepFashion2 item key.
src/fashion_multimodal_analysis/datasets/deepfashion2_dataset.py,_create_binary_mask,77,FunctionDef,False,Convert segmentation polygons into one binary instance mask.
src/fashion_multimodal_analysis/datasets/deepfashion2_dataset.py,_resize_instance_masks,145,FunctionDef,False,Resize instance masks while preserving binary labels.
src/fashion_multimodal_analysis/datasets/deepfashion2_dataset.py,DeepFashion2Dataset,172,ClassDef,True,Load DeepFashion2 samples for Mask2Former training.
src/fashion_multimodal_analysis/datasets/deepfashion2_dataset.py,__init__,189,FunctionDef,False,保存当前对象需要的配置、数据引用和状态。
src/fashion_multimodal_analysis/datasets/deepfashion2_dataset.py,__len__,229,FunctionDef,False,Return the number of annotation samples.
src/fashion_multimodal_analysis/datasets/deepfashion2_dataset.py,_build_targets,237,FunctionDef,False,Build class labels and independent instance masks.
src/fashion_multimodal_analysis/datasets/deepfashion2_dataset.py,__getitem__,322,FunctionDef,False,Load and preprocess one DeepFashion2 training sample.
src/fashion_multimodal_analysis/datasets/prd8.py,read_manifest,27,FunctionDef,True,读取实例清单，不在读取阶段改变样本划分。
src/fashion_multimodal_analysis/datasets/prd8.py,group_manifest,46,FunctionDef,True,将同一原图的全部实例合并为一个训练/评估样本。
src/fashion_multimodal_analysis/datasets/prd8.py,PRD8MaskDataset,87,ClassDef,True,保存 PRD8MaskDataset 的数据/运行职责。
src/fashion_multimodal_analysis/datasets/prd8.py,collate_fn,265,FunctionDef,True,collate fn。
src/fashion_multimodal_analysis/datasets/prd8.py,__init__,98,FunctionDef,False,保存当前对象需要的配置、数据引用和状态。
src/fashion_multimodal_analysis/datasets/prd8.py,__len__,119,FunctionDef,False,返回当前数据集或容器中的样本数量。
src/fashion_multimodal_analysis/datasets/prd8.py,__getitem__,127,FunctionDef,False,取得指定样本，并生成本数据集约定的输入和目标。
src/fashion_multimodal_analysis/evaluation/metrics.py,box_iou,13,FunctionDef,True,计算两个 xyxy 边界框的交并比。
src/fashion_multimodal_analysis/evaluation/metrics.py,mask_iou,39,FunctionDef,True,计算两个同尺寸掩码的前景交并比。
src/fashion_multimodal_analysis/evaluation/protocol.py,valid_box,15,FunctionDef,True,有效 边界框。
src/fashion_multimodal_analysis/evaluation/protocol.py,confidence_first_match,35,FunctionDef,True,"Return (GT index, prediction index, IoU) in descending confidence order."
src/fashion_multimodal_analysis/evaluation/protocol.py,flag,84,FunctionDef,True,flag。
src/fashion_multimodal_analysis/evaluation/protocol.py,detection_summary,96,FunctionDef,True,detection 汇总。
src/fashion_multimodal_analysis/evaluation/protocol.py,macro_summary,162,FunctionDef,True,macro 汇总。
src/fashion_multimodal_analysis/evaluation/protocol.py,metric_status,193,FunctionDef,True,metric status。
src/fashion_multimodal_analysis/evaluation/protocol.py,grounding_success,221,FunctionDef,True,grounding success。
src/fashion_multimodal_analysis/evaluation/protocol.py,original_box,242,FunctionDef,True,original 边界框。
src/fashion_multimodal_analysis/evaluation/protocol.py,per_attribute_metrics,261,FunctionDef,True,"All reviewed eligible GT cases remain in denominator, including missing predictions."
src/fashion_multimodal_analysis/evaluation/runtime.py,postprocess_filtered,12,FunctionDef,True,先在设备上筛选分数，再传回保留候选的预测。
src/fashion_multimodal_analysis/evaluation/runtime.py,predict_timed,45,FunctionDef,True,计时一次预处理、模型前向和预测后处理。
src/fashion_multimodal_analysis/grounding/baselines/build_grounding_eval_samples.py,collect_image_files,33,FunctionDef,True,Collect supported image files from the dataset.
src/fashion_multimodal_analysis/grounding/baselines/build_grounding_eval_samples.py,build_pool,57,FunctionDef,True,Randomly build a fixed evaluation pool.
src/fashion_multimodal_analysis/grounding/baselines/build_grounding_eval_samples.py,split_pool,86,FunctionDef,True,Split the evaluation pool into non-overlapping groups.
src/fashion_multimodal_analysis/grounding/baselines/build_grounding_eval_samples.py,save_manifest,117,FunctionDef,True,Save image paths to a CSV manifest.
src/fashion_multimodal_analysis/grounding/baselines/build_grounding_eval_samples.py,main,163,FunctionDef,True,Build the evaluation pool and three evaluation groups.
src/fashion_multimodal_analysis/grounding/baselines/build_verified_positive_benchmark.py,configure_logging,165,FunctionDef,True,configure logging。
src/fashion_multimodal_analysis/grounding/baselines/build_verified_positive_benchmark.py,load_review_csv,173,FunctionDef,True,Load candidate metadata indexed by crop filename.
src/fashion_multimodal_analysis/grounding/baselines/build_verified_positive_benchmark.py,build_record,215,FunctionDef,True,Build one final benchmark record.
src/fashion_multimodal_analysis/grounding/baselines/build_verified_positive_benchmark.py,save_benchmark_csv,313,FunctionDef,True,Save the final benchmark CSV.
src/fashion_multimodal_analysis/grounding/baselines/build_verified_positive_benchmark.py,resize_to_fit,364,FunctionDef,True,缩放 转换 fit。
src/fashion_multimodal_analysis/grounding/baselines/build_verified_positive_benchmark.py,build_contact_sheet,389,FunctionDef,True,Build one final contact sheet for a target.
src/fashion_multimodal_analysis/grounding/baselines/build_verified_positive_benchmark.py,save_manifest,501,FunctionDef,True,Save benchmark metadata.
src/fashion_multimodal_analysis/grounding/baselines/build_verified_positive_benchmark.py,validate_balance,558,FunctionDef,True,Validate final benchmark balance.
src/fashion_multimodal_analysis/grounding/baselines/build_verified_positive_benchmark.py,main,582,FunctionDef,True,解析运行参数并执行本模块的实验入口。
src/fashion_multimodal_analysis/grounding/baselines/check_language_prompts.py,main,14,FunctionDef,True,解析运行参数并执行本模块的实验入口。
src/fashion_multimodal_analysis/grounding/baselines/diagnose_prompt_variants.py,main,17,FunctionDef,True,解析运行参数并执行本模块的实验入口。
src/fashion_multimodal_analysis/grounding/baselines/diagnose_prompt_variants.py,detect,93,FunctionDef,True,detect。
src/fashion_multimodal_analysis/grounding/baselines/run_grounding_dino_baseline.py,main,14,FunctionDef,True,解析运行参数并执行本模块的实验入口。
src/fashion_multimodal_analysis/grounding/baselines/run_grounding_dino_multi_test.py,main,14,FunctionDef,True,解析运行参数并执行本模块的实验入口。
src/fashion_multimodal_analysis/grounding/baselines/run_grounding_dino_prompt_optimization.py,main,14,FunctionDef,True,解析运行参数并执行本模块的实验入口。
src/fashion_multimodal_analysis/grounding/baselines/run_roi_conditioned_grounding.py,parse_args,111,FunctionDef,True,Parse command-line arguments.
src/fashion_multimodal_analysis/grounding/baselines/run_roi_conditioned_grounding.py,get_device,159,FunctionDef,True,Select the available PyTorch device.
src/fashion_multimodal_analysis/grounding/baselines/run_roi_conditioned_grounding.py,load_model,171,FunctionDef,True,Load Grounding DINO processor and model.
src/fashion_multimodal_analysis/grounding/baselines/run_roi_conditioned_grounding.py,read_audit_cases,194,FunctionDef,True,Read fixed manual localization audit cases.
src/fashion_multimodal_analysis/grounding/baselines/run_roi_conditioned_grounding.py,load_annotation,226,FunctionDef,True,Load a DeepFashion2 annotation file.
src/fashion_multimodal_analysis/grounding/baselines/run_roi_conditioned_grounding.py,get_garment_instances,252,FunctionDef,True,Extract valid garment instances from annotation.
src/fashion_multimodal_analysis/grounding/baselines/run_roi_conditioned_grounding.py,bbox_area,296,FunctionDef,True,Calculate bounding-box area.
src/fashion_multimodal_analysis/grounding/baselines/run_roi_conditioned_grounding.py,select_garment_roi,327,FunctionDef,True,Select the garment most relevant to the requested target.
src/fashion_multimodal_analysis/grounding/baselines/run_roi_conditioned_grounding.py,expand_bbox,365,FunctionDef,True,Expand a bbox while keeping it within image boundaries.
src/fashion_multimodal_analysis/grounding/baselines/run_roi_conditioned_grounding.py,run_detection,417,FunctionDef,True,Run Grounding DINO prediction.
src/fashion_multimodal_analysis/grounding/baselines/run_roi_conditioned_grounding.py,map_box_to_full_image,489,FunctionDef,True,Map an ROI-local bbox to full-image coordinates.
src/fashion_multimodal_analysis/grounding/baselines/run_roi_conditioned_grounding.py,calculate_area_ratio,524,FunctionDef,True,Calculate bbox area relative to full image.
src/fashion_multimodal_analysis/grounding/baselines/run_roi_conditioned_grounding.py,save_visualization,561,FunctionDef,True,Save ROI and prediction visualization.
src/fashion_multimodal_analysis/grounding/baselines/run_roi_conditioned_grounding.py,process_case,626,FunctionDef,True,Run ROI-conditioned grounding for one audit case.
src/fashion_multimodal_analysis/grounding/baselines/run_roi_conditioned_grounding.py,save_json,802,FunctionDef,True,Save complete experiment results as JSON.
src/fashion_multimodal_analysis/grounding/baselines/run_roi_conditioned_grounding.py,save_csv,846,FunctionDef,True,Save compact experiment results for manual audit.
src/fashion_multimodal_analysis/grounding/baselines/run_roi_conditioned_grounding.py,main,954,FunctionDef,True,Run ROI-conditioned Grounding DINO evaluation.
src/fashion_multimodal_analysis/grounding/baselines/run_verified_positive_prompt_diagnostic.py,parse_args,90,FunctionDef,True,Parse command-line arguments.
src/fashion_multimodal_analysis/grounding/baselines/run_verified_positive_prompt_diagnostic.py,load_benchmark,134,FunctionDef,True,Load usable verified-positive benchmark rows.
src/fashion_multimodal_analysis/grounding/baselines/run_verified_positive_prompt_diagnostic.py,sample_cases,155,FunctionDef,True,"Sample a deterministic diagnostic subset, stratified by target."
src/fashion_multimodal_analysis/grounding/baselines/run_verified_positive_prompt_diagnostic.py,load_model,191,FunctionDef,True,Load Grounding DINO and its processor.
src/fashion_multimodal_analysis/grounding/baselines/run_verified_positive_prompt_diagnostic.py,infer,207,FunctionDef,True,Run Grounding DINO on one image-prompt pair.
src/fashion_multimodal_analysis/grounding/baselines/run_verified_positive_prompt_diagnostic.py,box_area_ratio,265,FunctionDef,True,Return predicted box area divided by image area.
src/fashion_multimodal_analysis/grounding/baselines/run_verified_positive_prompt_diagnostic.py,draw_panel,282,FunctionDef,True,Draw detections for one prompt variant.
src/fashion_multimodal_analysis/grounding/baselines/run_verified_positive_prompt_diagnostic.py,save_comparison,312,FunctionDef,True,Save a horizontal comparison of all prompt variants.
src/fashion_multimodal_analysis/grounding/baselines/run_verified_positive_prompt_diagnostic.py,main,345,FunctionDef,True,Run the prompt diagnostic and write structured results.
src/fashion_multimodal_analysis/grounding/core_parts/annotate_core_part_boxes.py,read_csv,42,FunctionDef,True,Read CSV rows.
src/fashion_multimodal_analysis/grounding/core_parts/annotate_core_part_boxes.py,write_csv,60,FunctionDef,True,Write annotation rows.
src/fashion_multimodal_analysis/grounding/core_parts/annotate_core_part_boxes.py,load_existing,84,FunctionDef,True,Load previous annotation progress when available.
src/fashion_multimodal_analysis/grounding/core_parts/annotate_core_part_boxes.py,draw_ui,95,FunctionDef,True,Render current boxes and help text.
src/fashion_multimodal_analysis/grounding/core_parts/annotate_core_part_boxes.py,normalize_box,150,FunctionDef,True,Normalize a drag box and reject tiny accidental boxes.
src/fashion_multimodal_analysis/grounding/core_parts/annotate_core_part_boxes.py,parse_boxes,177,FunctionDef,True,Parse saved bbox JSON safely.
src/fashion_multimodal_analysis/grounding/core_parts/annotate_core_part_boxes.py,main,197,FunctionDef,True,Run interactive annotation with backward navigation.
src/fashion_multimodal_analysis/grounding/core_parts/annotate_core_part_boxes.py,mouse_callback,255,FunctionDef,True,mouse callback。
src/fashion_multimodal_analysis/grounding/core_parts/diagnose_core_part_detector_topk.py,read_csv,109,FunctionDef,True,读取带表头的 CSV，保留每列原始字符串。
src/fashion_multimodal_analysis/grounding/core_parts/diagnose_core_part_detector_topk.py,write_csv,132,FunctionDef,True,按确定的字段顺序保存实验 CSV。
src/fashion_multimodal_analysis/grounding/core_parts/diagnose_core_part_detector_topk.py,resolve_project_path,166,FunctionDef,True,将项目相对文件引用解析到当前工作副本。
src/fashion_multimodal_analysis/grounding/core_parts/diagnose_core_part_detector_topk.py,sha256_file,178,FunctionDef,True,分块计算文件 SHA-256，用于运行与备份追溯。
src/fashion_multimodal_analysis/grounding/core_parts/diagnose_core_part_detector_topk.py,parse_boxes,199,FunctionDef,True,解析 边界框。
src/fashion_multimodal_analysis/grounding/core_parts/diagnose_core_part_detector_topk.py,build_samples,221,FunctionDef,True,构建 samples。
src/fashion_multimodal_analysis/grounding/core_parts/diagnose_core_part_detector_topk.py,DiagnosticDataset,311,ClassDef,True,Dataset without augmentation for deterministic diagnosis.
src/fashion_multimodal_analysis/grounding/core_parts/diagnose_core_part_detector_topk.py,build_model,372,FunctionDef,True,Build architecture only; trained weights are loaded from checkpoint.
src/fashion_multimodal_analysis/grounding/core_parts/diagnose_core_part_detector_topk.py,load_checkpoint,407,FunctionDef,True,加载 checkpoint。
src/fashion_multimodal_analysis/grounding/core_parts/diagnose_core_part_detector_topk.py,safe_class_name,433,FunctionDef,True,可靠处理 类别 name。
src/fashion_multimodal_analysis/grounding/core_parts/diagnose_core_part_detector_topk.py,predict_dataset,450,FunctionDef,True,预测 数据集。
src/fashion_multimodal_analysis/grounding/core_parts/diagnose_core_part_detector_topk.py,select_topk_per_class,486,FunctionDef,True,Keep top-k scoring detections independently for each target class.
src/fashion_multimodal_analysis/grounding/core_parts/diagnose_core_part_detector_topk.py,greedy_match,557,FunctionDef,True,greedy 匹配。
src/fashion_multimodal_analysis/grounding/core_parts/diagnose_core_part_detector_topk.py,first_good_candidate_rank,659,FunctionDef,True,Inspect same-class candidates ranked by confidence.
src/fashion_multimodal_analysis/grounding/core_parts/diagnose_core_part_detector_topk.py,evaluate_split_topk,729,FunctionDef,True,评估 split topk。
src/fashion_multimodal_analysis/grounding/core_parts/diagnose_core_part_detector_topk.py,build_gt_rank_summary,955,FunctionDef,True,Summarize where the first IoU>=0.5 same-class candidate ranks.
src/fashion_multimodal_analysis/grounding/core_parts/diagnose_core_part_detector_topk.py,summarize_rank_group,1039,FunctionDef,True,汇总 排序 group。
src/fashion_multimodal_analysis/grounding/core_parts/diagnose_core_part_detector_topk.py,fit_tile,1113,FunctionDef,True,按显示格子的尺寸缩放图片，保留可辨认的目标区域。
src/fashion_multimodal_analysis/grounding/core_parts/diagnose_core_part_detector_topk.py,make_contact_sheet,1153,FunctionDef,True,把样本图与说明拼成审核联系表，便于逐例比较。
src/fashion_multimodal_analysis/grounding/core_parts/diagnose_core_part_detector_topk.py,draw_topk_visuals,1210,FunctionDef,True,绘制 topk visuals。
src/fashion_multimodal_analysis/grounding/core_parts/diagnose_core_part_detector_topk.py,write_notes,1314,FunctionDef,True,保存 notes。
src/fashion_multimodal_analysis/grounding/core_parts/diagnose_core_part_detector_topk.py,main,1377,FunctionDef,True,解析运行参数并执行本模块的实验入口。
src/fashion_multimodal_analysis/grounding/core_parts/diagnose_core_part_detector_topk.py,__init__,314,FunctionDef,False,保存当前对象需要的配置、数据引用和状态。
src/fashion_multimodal_analysis/grounding/core_parts/diagnose_core_part_detector_topk.py,__len__,325,FunctionDef,False,返回当前数据集或容器中的样本数量。
src/fashion_multimodal_analysis/grounding/core_parts/diagnose_core_part_detector_topk.py,__getitem__,333,FunctionDef,False,取得指定样本，并生成本数据集约定的输入和目标。
src/fashion_multimodal_analysis/grounding/core_parts/diagnose_core_part_detector_train_vs_val.py,read_csv,111,FunctionDef,True,读取带表头的 CSV，保留每列原始字符串。
src/fashion_multimodal_analysis/grounding/core_parts/diagnose_core_part_detector_train_vs_val.py,write_csv,134,FunctionDef,True,按确定的字段顺序保存实验 CSV。
src/fashion_multimodal_analysis/grounding/core_parts/diagnose_core_part_detector_train_vs_val.py,resolve_project_path,168,FunctionDef,True,将项目相对文件引用解析到当前工作副本。
src/fashion_multimodal_analysis/grounding/core_parts/diagnose_core_part_detector_train_vs_val.py,sha256_file,180,FunctionDef,True,分块计算文件 SHA-256，用于运行与备份追溯。
src/fashion_multimodal_analysis/grounding/core_parts/diagnose_core_part_detector_train_vs_val.py,parse_boxes,201,FunctionDef,True,解析 边界框。
src/fashion_multimodal_analysis/grounding/core_parts/diagnose_core_part_detector_train_vs_val.py,build_samples,223,FunctionDef,True,构建 samples。
src/fashion_multimodal_analysis/grounding/core_parts/diagnose_core_part_detector_train_vs_val.py,DiagnosticDataset,313,ClassDef,True,No augmentation: diagnosis must use original images.
src/fashion_multimodal_analysis/grounding/core_parts/diagnose_core_part_detector_train_vs_val.py,build_model,374,FunctionDef,True,Build architecture only; full trained state is loaded next.
src/fashion_multimodal_analysis/grounding/core_parts/diagnose_core_part_detector_train_vs_val.py,load_checkpoint,409,FunctionDef,True,加载 checkpoint。
src/fashion_multimodal_analysis/grounding/core_parts/diagnose_core_part_detector_train_vs_val.py,safe_class_name,435,FunctionDef,True,可靠处理 类别 name。
src/fashion_multimodal_analysis/grounding/core_parts/diagnose_core_part_detector_train_vs_val.py,threshold_tag,452,FunctionDef,True,阈值 tag。
src/fashion_multimodal_analysis/grounding/core_parts/diagnose_core_part_detector_train_vs_val.py,greedy_match,468,FunctionDef,True,greedy 匹配。
src/fashion_multimodal_analysis/grounding/core_parts/diagnose_core_part_detector_train_vs_val.py,best_prediction_for_gt,570,FunctionDef,True,best 预测 for gt。
src/fashion_multimodal_analysis/grounding/core_parts/diagnose_core_part_detector_train_vs_val.py,classify_gt_failure,640,FunctionDef,True,classify gt 失败。
src/fashion_multimodal_analysis/grounding/core_parts/diagnose_core_part_detector_train_vs_val.py,predict_dataset,684,FunctionDef,True,预测 数据集。
src/fashion_multimodal_analysis/grounding/core_parts/diagnose_core_part_detector_train_vs_val.py,filter_prediction,720,FunctionDef,True,筛选 预测。
src/fashion_multimodal_analysis/grounding/core_parts/diagnose_core_part_detector_train_vs_val.py,evaluate_split_threshold,742,FunctionDef,True,评估 split 阈值。
src/fashion_multimodal_analysis/grounding/core_parts/diagnose_core_part_detector_train_vs_val.py,draw_threshold_visuals,951,FunctionDef,True,绘制 阈值 visuals。
src/fashion_multimodal_analysis/grounding/core_parts/diagnose_core_part_detector_train_vs_val.py,fit_tile,1060,FunctionDef,True,按显示格子的尺寸缩放图片，保留可辨认的目标区域。
src/fashion_multimodal_analysis/grounding/core_parts/diagnose_core_part_detector_train_vs_val.py,make_contact_sheet,1100,FunctionDef,True,把样本图与说明拼成审核联系表，便于逐例比较。
src/fashion_multimodal_analysis/grounding/core_parts/diagnose_core_part_detector_train_vs_val.py,write_notes,1157,FunctionDef,True,保存 notes。
src/fashion_multimodal_analysis/grounding/core_parts/diagnose_core_part_detector_train_vs_val.py,main,1217,FunctionDef,True,解析运行参数并执行本模块的实验入口。
src/fashion_multimodal_analysis/grounding/core_parts/diagnose_core_part_detector_train_vs_val.py,__init__,316,FunctionDef,False,保存当前对象需要的配置、数据引用和状态。
src/fashion_multimodal_analysis/grounding/core_parts/diagnose_core_part_detector_train_vs_val.py,__len__,327,FunctionDef,False,返回当前数据集或容器中的样本数量。
src/fashion_multimodal_analysis/grounding/core_parts/diagnose_core_part_detector_train_vs_val.py,__getitem__,335,FunctionDef,False,取得指定样本，并生成本数据集约定的输入和目标。
src/fashion_multimodal_analysis/grounding/core_parts/diagnose_core_part_detector_v1.py,read_csv,73,FunctionDef,True,读取带表头的 CSV，保留每列原始字符串。
src/fashion_multimodal_analysis/grounding/core_parts/diagnose_core_part_detector_v1.py,write_csv,91,FunctionDef,True,按确定的字段顺序保存实验 CSV。
src/fashion_multimodal_analysis/grounding/core_parts/diagnose_core_part_detector_v1.py,resolve_project_path,110,FunctionDef,True,将项目相对文件引用解析到当前工作副本。
src/fashion_multimodal_analysis/grounding/core_parts/diagnose_core_part_detector_v1.py,parse_boxes,122,FunctionDef,True,解析 边界框。
src/fashion_multimodal_analysis/grounding/core_parts/diagnose_core_part_detector_v1.py,sha256_file,140,FunctionDef,True,分块计算文件 SHA-256，用于运行与备份追溯。
src/fashion_multimodal_analysis/grounding/core_parts/diagnose_core_part_detector_v1.py,build_val_samples,156,FunctionDef,True,构建 val samples。
src/fashion_multimodal_analysis/grounding/core_parts/diagnose_core_part_detector_v1.py,build_model,198,FunctionDef,True,构造与当前实验标签空间和输入尺寸一致的模型。
src/fashion_multimodal_analysis/grounding/core_parts/diagnose_core_part_detector_v1.py,load_checkpoint,223,FunctionDef,True,加载 checkpoint。
src/fashion_multimodal_analysis/grounding/core_parts/diagnose_core_part_detector_v1.py,safe_class_name,243,FunctionDef,True,可靠处理 类别 name。
src/fashion_multimodal_analysis/grounding/core_parts/diagnose_core_part_detector_v1.py,best_prediction_for_gt,255,FunctionDef,True,best 预测 for gt。
src/fashion_multimodal_analysis/grounding/core_parts/diagnose_core_part_detector_v1.py,draw_diagnostic,311,FunctionDef,True,绘制 diagnostic。
src/fashion_multimodal_analysis/grounding/core_parts/diagnose_core_part_detector_v1.py,fit_tile,356,FunctionDef,True,按显示格子的尺寸缩放图片，保留可辨认的目标区域。
src/fashion_multimodal_analysis/grounding/core_parts/diagnose_core_part_detector_v1.py,make_contact_sheet,375,FunctionDef,True,把样本图与说明拼成审核联系表，便于逐例比较。
src/fashion_multimodal_analysis/grounding/core_parts/diagnose_core_part_detector_v1.py,main,398,FunctionDef,True,解析运行参数并执行本模块的实验入口。
src/fashion_multimodal_analysis/grounding/core_parts/prepare_core_part_annotation_pilot.py,parse_args,70,FunctionDef,True,Parse command-line arguments.
src/fashion_multimodal_analysis/grounding/core_parts/prepare_core_part_annotation_pilot.py,read_csv,101,FunctionDef,True,Read a CSV file.
src/fashion_multimodal_analysis/grounding/core_parts/prepare_core_part_annotation_pilot.py,resolve_project_path,119,FunctionDef,True,将项目相对文件引用解析到当前工作副本。
src/fashion_multimodal_analysis/grounding/core_parts/prepare_core_part_annotation_pilot.py,choose_rows,131,FunctionDef,True,"Choose new, non-held-out candidates with unique source images."
src/fashion_multimodal_analysis/grounding/core_parts/prepare_core_part_annotation_pilot.py,write_csv,176,FunctionDef,True,Write dictionaries to CSV.
src/fashion_multimodal_analysis/grounding/core_parts/prepare_core_part_annotation_pilot.py,main,195,FunctionDef,True,Prepare the annotation pilot.
src/fashion_multimodal_analysis/grounding/core_parts/review_flagged_core_part_boxes.py,read_csv,51,FunctionDef,True,Read CSV rows.
src/fashion_multimodal_analysis/grounding/core_parts/review_flagged_core_part_boxes.py,write_csv,69,FunctionDef,True,Write CSV rows.
src/fashion_multimodal_analysis/grounding/core_parts/review_flagged_core_part_boxes.py,parse_boxes,87,FunctionDef,True,Parse bbox JSON.
src/fashion_multimodal_analysis/grounding/core_parts/review_flagged_core_part_boxes.py,normalize_box,105,FunctionDef,True,Normalize a mouse-drag box.
src/fashion_multimodal_analysis/grounding/core_parts/review_flagged_core_part_boxes.py,draw_ui,132,FunctionDef,True,Draw current labels and semantic-QC instructions.
src/fashion_multimodal_analysis/grounding/core_parts/review_flagged_core_part_boxes.py,main,190,FunctionDef,True,Review only flagged annotations.
src/fashion_multimodal_analysis/grounding/core_parts/review_flagged_core_part_boxes.py,mouse_callback,233,FunctionDef,True,mouse callback。
src/fashion_multimodal_analysis/grounding/core_parts/train_core_part_detector_v1.py,parse_args,71,FunctionDef,True,Parse command-line arguments.
src/fashion_multimodal_analysis/grounding/core_parts/train_core_part_detector_v1.py,set_seed,104,FunctionDef,True,Set deterministic random seeds where practical.
src/fashion_multimodal_analysis/grounding/core_parts/train_core_part_detector_v1.py,read_csv,116,FunctionDef,True,Read a CSV file.
src/fashion_multimodal_analysis/grounding/core_parts/train_core_part_detector_v1.py,write_csv,134,FunctionDef,True,Write rows to CSV.
src/fashion_multimodal_analysis/grounding/core_parts/train_core_part_detector_v1.py,resolve_project_path,153,FunctionDef,True,将项目相对文件引用解析到当前工作副本。
src/fashion_multimodal_analysis/grounding/core_parts/train_core_part_detector_v1.py,sha256_file,165,FunctionDef,True,Compute SHA-256 for a small image file.
src/fashion_multimodal_analysis/grounding/core_parts/train_core_part_detector_v1.py,parse_boxes,181,FunctionDef,True,Parse bbox JSON as float xyxy boxes.
src/fashion_multimodal_analysis/grounding/core_parts/train_core_part_detector_v1.py,build_samples,199,FunctionDef,True,"Build samples, merging exact duplicate images across region rows."
src/fashion_multimodal_analysis/grounding/core_parts/train_core_part_detector_v1.py,PartDetectionDataset,270,ClassDef,True,Small bbox detection dataset.
src/fashion_multimodal_analysis/grounding/core_parts/train_core_part_detector_v1.py,collate_fn,348,FunctionDef,True,Detection collate function.
src/fashion_multimodal_analysis/grounding/core_parts/train_core_part_detector_v1.py,build_model,360,FunctionDef,True,Build pretrained Faster R-CNN with a 4-class predictor.
src/fashion_multimodal_analysis/grounding/core_parts/train_core_part_detector_v1.py,train_one_epoch,393,FunctionDef,True,Train one epoch and return mean total loss.
src/fashion_multimodal_analysis/grounding/core_parts/train_core_part_detector_v1.py,greedy_match,443,FunctionDef,True,Greedily match predictions to GT boxes for one class.
src/fashion_multimodal_analysis/grounding/core_parts/train_core_part_detector_v1.py,evaluate,505,FunctionDef,True,Evaluate class-wise bbox matching metrics.
src/fashion_multimodal_analysis/grounding/core_parts/train_core_part_detector_v1.py,draw_predictions,629,FunctionDef,True,Save validation prediction images and one contact sheet.
src/fashion_multimodal_analysis/grounding/core_parts/train_core_part_detector_v1.py,write_notes,714,FunctionDef,True,Write reproducibility notes.
src/fashion_multimodal_analysis/grounding/core_parts/train_core_part_detector_v1.py,main,772,FunctionDef,True,Train and validate the core part detector.
src/fashion_multimodal_analysis/grounding/core_parts/train_core_part_detector_v1.py,__init__,273,FunctionDef,False,保存当前对象需要的配置、数据引用和状态。
src/fashion_multimodal_analysis/grounding/core_parts/train_core_part_detector_v1.py,__len__,287,FunctionDef,False,返回当前数据集或容器中的样本数量。
src/fashion_multimodal_analysis/grounding/core_parts/train_core_part_detector_v1.py,__getitem__,295,FunctionDef,False,取得指定样本，并生成本数据集约定的输入和目标。
src/fashion_multimodal_analysis/grounding/core_parts/visualize_core_part_annotations.py,read_csv,49,FunctionDef,True,Read CSV rows.
src/fashion_multimodal_analysis/grounding/core_parts/visualize_core_part_annotations.py,write_csv,67,FunctionDef,True,Write CSV rows.
src/fashion_multimodal_analysis/grounding/core_parts/visualize_core_part_annotations.py,load_font,86,FunctionDef,True,Load a readable font.
src/fashion_multimodal_analysis/grounding/core_parts/visualize_core_part_annotations.py,resolve_project_path,101,FunctionDef,True,将项目相对文件引用解析到当前工作副本。
src/fashion_multimodal_analysis/grounding/core_parts/visualize_core_part_annotations.py,parse_boxes,113,FunctionDef,True,Parse bbox JSON.
src/fashion_multimodal_analysis/grounding/core_parts/visualize_core_part_annotations.py,validate_box,133,FunctionDef,True,Validate one bbox against image size.
src/fashion_multimodal_analysis/grounding/core_parts/visualize_core_part_annotations.py,draw_annotation,163,FunctionDef,True,Draw saved boxes and annotation metadata.
src/fashion_multimodal_analysis/grounding/core_parts/visualize_core_part_annotations.py,fit_tile,202,FunctionDef,True,Letterbox image into a fixed tile.
src/fashion_multimodal_analysis/grounding/core_parts/visualize_core_part_annotations.py,make_contact_sheets,224,FunctionDef,True,Create annotation QC contact sheets.
src/fashion_multimodal_analysis/grounding/core_parts/visualize_core_part_annotations.py,main,270,FunctionDef,True,Validate annotations and generate visual QC sheets.
src/fashion_multimodal_analysis/grounding/evaluation/evaluate_grounding_results.py,load_results,25,FunctionDef,True,加载 结果。
src/fashion_multimodal_analysis/grounding/evaluation/evaluate_grounding_results.py,evaluate,56,FunctionDef,True,按固定评估设置计算结果，保留逐例记录和运行凭据。
src/fashion_multimodal_analysis/grounding/evaluation/evaluate_grounding_results.py,save_report,102,FunctionDef,True,保存 报告。
src/fashion_multimodal_analysis/grounding/evaluation/evaluate_grounding_results.py,main,138,FunctionDef,True,解析运行参数并执行本模块的实验入口。
src/fashion_multimodal_analysis/grounding/evaluation/evaluate_person_roi_adaptive_batch.py,configure_logging,81,FunctionDef,True,Configure console logging.
src/fashion_multimodal_analysis/grounding/evaluation/evaluate_person_roi_adaptive_batch.py,get_label_name,89,FunctionDef,True,Resolve a class ID to a model label.
src/fashion_multimodal_analysis/grounding/evaluation/evaluate_person_roi_adaptive_batch.py,run_inference,113,FunctionDef,True,Run Mask2Former instance segmentation on one image.
src/fashion_multimodal_analysis/grounding/evaluation/evaluate_person_roi_adaptive_batch.py,find_person_segments,147,FunctionDef,True,Return predicted segments classified as person.
src/fashion_multimodal_analysis/grounding/evaluation/evaluate_person_roi_adaptive_batch.py,select_primary_person,172,FunctionDef,True,Select the current primary-person candidate.
src/fashion_multimodal_analysis/grounding/evaluation/evaluate_person_roi_adaptive_batch.py,mask_to_bbox,198,FunctionDef,True,Calculate a bounding box from a binary mask.
src/fashion_multimodal_analysis/grounding/evaluation/evaluate_person_roi_adaptive_batch.py,calculate_bbox_area_ratio,221,FunctionDef,True,Calculate bounding-box area as a fraction of image area.
src/fashion_multimodal_analysis/grounding/evaluation/evaluate_person_roi_adaptive_batch.py,select_margin_ratio,243,FunctionDef,True,Select an adaptive ROI margin from person scale.
src/fashion_multimodal_analysis/grounding/evaluation/evaluate_person_roi_adaptive_batch.py,expand_bbox,263,FunctionDef,True,Expand a bounding box while keeping it inside image boundaries.
src/fashion_multimodal_analysis/grounding/evaluation/evaluate_person_roi_adaptive_batch.py,build_empty_summary_row,302,FunctionDef,True,Build a summary row for an unsuccessful ROI case.
src/fashion_multimodal_analysis/grounding/evaluation/evaluate_person_roi_adaptive_batch.py,save_image,337,FunctionDef,True,Save an OpenCV image and validate the write operation.
src/fashion_multimodal_analysis/grounding/evaluation/evaluate_person_roi_adaptive_batch.py,save_summary,359,FunctionDef,True,Save ROI evaluation rows to CSV.
src/fashion_multimodal_analysis/grounding/evaluation/evaluate_person_roi_adaptive_batch.py,evaluate_image,387,FunctionDef,True,Evaluate adaptive person ROI extraction for one image.
src/fashion_multimodal_analysis/grounding/evaluation/evaluate_person_roi_adaptive_batch.py,select_sample_images,591,FunctionDef,True,Select a deterministic random sample of input images.
src/fashion_multimodal_analysis/grounding/evaluation/evaluate_person_roi_adaptive_batch.py,main,632,FunctionDef,True,Run adaptive person ROI evaluation.
src/fashion_multimodal_analysis/grounding/evaluation/evaluate_person_roi_batch.py,configure_logging,71,FunctionDef,True,Configure console logging.
src/fashion_multimodal_analysis/grounding/evaluation/evaluate_person_roi_batch.py,get_label_name,79,FunctionDef,True,Resolve a class ID to a human-readable model label.
src/fashion_multimodal_analysis/grounding/evaluation/evaluate_person_roi_batch.py,run_inference,103,FunctionDef,True,Run Mask2Former instance segmentation on one image.
src/fashion_multimodal_analysis/grounding/evaluation/evaluate_person_roi_batch.py,find_person_segments,137,FunctionDef,True,Return predicted segments classified as person.
src/fashion_multimodal_analysis/grounding/evaluation/evaluate_person_roi_batch.py,select_primary_person,162,FunctionDef,True,Select the current primary-person candidate.
src/fashion_multimodal_analysis/grounding/evaluation/evaluate_person_roi_batch.py,mask_to_bbox,189,FunctionDef,True,Calculate a bounding box from a binary mask.
src/fashion_multimodal_analysis/grounding/evaluation/evaluate_person_roi_batch.py,expand_bbox,212,FunctionDef,True,Expand a bounding box while keeping it inside image boundaries.
src/fashion_multimodal_analysis/grounding/evaluation/evaluate_person_roi_batch.py,calculate_bbox_area_ratio,251,FunctionDef,True,Calculate bounding-box area as a fraction of image area.
src/fashion_multimodal_analysis/grounding/evaluation/evaluate_person_roi_batch.py,build_empty_summary_row,273,FunctionDef,True,Build a summary row for a failed ROI extraction case.
src/fashion_multimodal_analysis/grounding/evaluation/evaluate_person_roi_batch.py,save_image,307,FunctionDef,True,Save an OpenCV image and validate the write operation.
src/fashion_multimodal_analysis/grounding/evaluation/evaluate_person_roi_batch.py,save_summary,326,FunctionDef,True,Save ROI evaluation summary rows to CSV.
src/fashion_multimodal_analysis/grounding/evaluation/evaluate_person_roi_batch.py,evaluate_image,354,FunctionDef,True,Evaluate person ROI extraction for one image.
src/fashion_multimodal_analysis/grounding/evaluation/evaluate_person_roi_batch.py,select_sample_images,549,FunctionDef,True,Select a deterministic random sample of input images.
src/fashion_multimodal_analysis/grounding/evaluation/evaluate_person_roi_batch.py,main,590,FunctionDef,True,Run batch person ROI evaluation.
src/fashion_multimodal_analysis/grounding/evaluation/evaluate_person_roi_fallback_batch.py,configure_logging,84,FunctionDef,True,Configure console logging.
src/fashion_multimodal_analysis/grounding/evaluation/evaluate_person_roi_fallback_batch.py,get_label_name,92,FunctionDef,True,Resolve a class ID to a model label.
src/fashion_multimodal_analysis/grounding/evaluation/evaluate_person_roi_fallback_batch.py,run_inference,116,FunctionDef,True,Run Mask2Former instance segmentation on one image.
src/fashion_multimodal_analysis/grounding/evaluation/evaluate_person_roi_fallback_batch.py,find_person_segments,150,FunctionDef,True,Return predicted segments classified as person.
src/fashion_multimodal_analysis/grounding/evaluation/evaluate_person_roi_fallback_batch.py,select_primary_person,175,FunctionDef,True,Select the current primary-person candidate.
src/fashion_multimodal_analysis/grounding/evaluation/evaluate_person_roi_fallback_batch.py,mask_to_bbox,201,FunctionDef,True,Calculate a bounding box from a binary mask.
src/fashion_multimodal_analysis/grounding/evaluation/evaluate_person_roi_fallback_batch.py,calculate_bbox_area_ratio,224,FunctionDef,True,Calculate bounding-box area as a fraction of image area.
src/fashion_multimodal_analysis/grounding/evaluation/evaluate_person_roi_fallback_batch.py,select_roi_strategy,246,FunctionDef,True,Select the ROI strategy and margin from person scale.
src/fashion_multimodal_analysis/grounding/evaluation/evaluate_person_roi_fallback_batch.py,expand_bbox,273,FunctionDef,True,Expand a bounding box while keeping it inside image boundaries.
src/fashion_multimodal_analysis/grounding/evaluation/evaluate_person_roi_fallback_batch.py,build_empty_summary_row,312,FunctionDef,True,Build a summary row for an unsuccessful ROI case.
src/fashion_multimodal_analysis/grounding/evaluation/evaluate_person_roi_fallback_batch.py,save_image,348,FunctionDef,True,Save an OpenCV image and validate the write operation.
src/fashion_multimodal_analysis/grounding/evaluation/evaluate_person_roi_fallback_batch.py,save_summary,370,FunctionDef,True,Save ROI evaluation rows to CSV.
src/fashion_multimodal_analysis/grounding/evaluation/evaluate_person_roi_fallback_batch.py,evaluate_image,398,FunctionDef,True,Evaluate person ROI extraction with large-person fallback.
src/fashion_multimodal_analysis/grounding/evaluation/evaluate_person_roi_fallback_batch.py,select_sample_images,604,FunctionDef,True,Select a deterministic random sample of input images.
src/fashion_multimodal_analysis/grounding/evaluation/evaluate_person_roi_fallback_batch.py,main,645,FunctionDef,True,Run person ROI evaluation with large-person fallback.
src/fashion_multimodal_analysis/grounding/evaluation/evaluate_person_roi_quality_batch.py,configure_logging,85,FunctionDef,True,Configure console logging.
src/fashion_multimodal_analysis/grounding/evaluation/evaluate_person_roi_quality_batch.py,get_label_name,93,FunctionDef,True,Resolve a class ID to a model label.
src/fashion_multimodal_analysis/grounding/evaluation/evaluate_person_roi_quality_batch.py,run_inference,117,FunctionDef,True,Run Mask2Former instance segmentation on one image.
src/fashion_multimodal_analysis/grounding/evaluation/evaluate_person_roi_quality_batch.py,find_person_segments,151,FunctionDef,True,Return predicted person segments.
src/fashion_multimodal_analysis/grounding/evaluation/evaluate_person_roi_quality_batch.py,select_primary_person,175,FunctionDef,True,Select the highest-confidence person.
src/fashion_multimodal_analysis/grounding/evaluation/evaluate_person_roi_quality_batch.py,mask_to_bbox,198,FunctionDef,True,Calculate a bounding box from a binary mask.
src/fashion_multimodal_analysis/grounding/evaluation/evaluate_person_roi_quality_batch.py,calculate_bbox_area_ratio,220,FunctionDef,True,Calculate bounding-box area relative to image area.
src/fashion_multimodal_analysis/grounding/evaluation/evaluate_person_roi_quality_batch.py,get_largest_component,243,FunctionDef,True,Extract the largest connected component from a person mask.
src/fashion_multimodal_analysis/grounding/evaluation/evaluate_person_roi_quality_batch.py,select_adaptive_margin,290,FunctionDef,True,Select an adaptive margin for a non-full-frame bbox.
src/fashion_multimodal_analysis/grounding/evaluation/evaluate_person_roi_quality_batch.py,expand_bbox,310,FunctionDef,True,Expand a bounding box and clip it to image boundaries.
src/fashion_multimodal_analysis/grounding/evaluation/evaluate_person_roi_quality_batch.py,choose_roi,343,FunctionDef,True,Choose the ROI using full-frame and component diagnostics.
src/fashion_multimodal_analysis/grounding/evaluation/evaluate_person_roi_quality_batch.py,build_empty_summary_row,410,FunctionDef,True,Build an empty summary row for a failed sample.
src/fashion_multimodal_analysis/grounding/evaluation/evaluate_person_roi_quality_batch.py,save_image,433,FunctionDef,True,Save an OpenCV image.
src/fashion_multimodal_analysis/grounding/evaluation/evaluate_person_roi_quality_batch.py,save_summary,455,FunctionDef,True,Save experiment results to CSV.
src/fashion_multimodal_analysis/grounding/evaluation/evaluate_person_roi_quality_batch.py,evaluate_image,483,FunctionDef,True,Evaluate person-mask connectivity and ROI quality.
src/fashion_multimodal_analysis/grounding/evaluation/evaluate_person_roi_quality_batch.py,select_sample_images,738,FunctionDef,True,Select a deterministic random sample of images.
src/fashion_multimodal_analysis/grounding/evaluation/evaluate_person_roi_quality_batch.py,main,773,FunctionDef,True,Run connected-component ROI quality evaluation.
src/fashion_multimodal_analysis/grounding/evaluation/evaluate_prd_40case_coverage.py,parse_args,78,FunctionDef,True,Parse command-line arguments.
src/fashion_multimodal_analysis/grounding/evaluation/evaluate_prd_40case_coverage.py,read_csv,116,FunctionDef,True,Read a CSV file.
src/fashion_multimodal_analysis/grounding/evaluation/evaluate_prd_40case_coverage.py,write_csv,134,FunctionDef,True,Write dictionaries to CSV.
src/fashion_multimodal_analysis/grounding/evaluation/evaluate_prd_40case_coverage.py,load_candidate_metadata,153,FunctionDef,True,"Load candidate rows for all PRD regions, keyed by candidate_id."
src/fashion_multimodal_analysis/grounding/evaluation/evaluate_prd_40case_coverage.py,build_cases,177,FunctionDef,True,Join the 40-case selection with candidate metadata.
src/fashion_multimodal_analysis/grounding/evaluation/evaluate_prd_40case_coverage.py,get_device,228,FunctionDef,True,"Return CUDA when available, otherwise CPU."
src/fashion_multimodal_analysis/grounding/evaluation/evaluate_prd_40case_coverage.py,load_model,237,FunctionDef,True,Load Grounding DINO and processor.
src/fashion_multimodal_analysis/grounding/evaluation/evaluate_prd_40case_coverage.py,infer,254,FunctionDef,True,Run Grounding DINO for one image and one region prompt.
src/fashion_multimodal_analysis/grounding/evaluation/evaluate_prd_40case_coverage.py,box_area_ratio,317,FunctionDef,True,Return box area divided by image area.
src/fashion_multimodal_analysis/grounding/evaluation/evaluate_prd_40case_coverage.py,load_font,333,FunctionDef,True,Load a readable font with fallback.
src/fashion_multimodal_analysis/grounding/evaluation/evaluate_prd_40case_coverage.py,draw_result,348,FunctionDef,True,Draw all predictions on an image.
src/fashion_multimodal_analysis/grounding/evaluation/evaluate_prd_40case_coverage.py,make_contact_sheets,401,FunctionDef,True,Create one compact result contact sheet per region.
src/fashion_multimodal_analysis/grounding/evaluation/evaluate_prd_40case_coverage.py,_mean,444,FunctionDef,False,Return arithmetic mean or None.
src/fashion_multimodal_analysis/grounding/evaluation/evaluate_prd_40case_coverage.py,summarize,456,FunctionDef,True,Build summaries for regions actually present in this run.
src/fashion_multimodal_analysis/grounding/evaluation/evaluate_prd_40case_coverage.py,build_manual_audit_template,520,FunctionDef,True,Create a human-review template.
src/fashion_multimodal_analysis/grounding/evaluation/evaluate_prd_40case_coverage.py,main,551,FunctionDef,True,Run the formal 40-case coverage evaluation.
src/fashion_multimodal_analysis/grounding/evaluation/evaluate_prd_40case_coverage.py,aggregate,474,FunctionDef,True,汇总。
src/fashion_multimodal_analysis/grounding/evaluation/evaluate_prompt_variants.py,check_label_match,34,FunctionDef,True,Check whether detected label
src/fashion_multimodal_analysis/grounding/evaluation/evaluate_prompt_variants.py,evaluate_prompt,70,FunctionDef,True,评估 提示文本。
src/fashion_multimodal_analysis/grounding/evaluation/evaluate_prompt_variants.py,main,140,FunctionDef,True,解析运行参数并执行本模块的实验入口。
src/fashion_multimodal_analysis/grounding/evaluation/evaluate_verified_positive_benchmark.py,parse_args,137,FunctionDef,True,解析并校验命令行参数。
src/fashion_multimodal_analysis/grounding/evaluation/evaluate_verified_positive_benchmark.py,get_device,211,FunctionDef,True,根据参数选择当前实验的计算设备。
src/fashion_multimodal_analysis/grounding/evaluation/evaluate_verified_positive_benchmark.py,synchronize_device,223,FunctionDef,True,在 CUDA 设备上同步运算，避免异步执行低估耗时。
src/fashion_multimodal_analysis/grounding/evaluation/evaluate_verified_positive_benchmark.py,load_model,235,FunctionDef,True,加载当前实验指定的模型和权重。
src/fashion_multimodal_analysis/grounding/evaluation/evaluate_verified_positive_benchmark.py,read_benchmark,263,FunctionDef,True,读取 基准。
src/fashion_multimodal_analysis/grounding/evaluation/evaluate_verified_positive_benchmark.py,load_annotation,347,FunctionDef,True,加载 标注。
src/fashion_multimodal_analysis/grounding/evaluation/evaluate_verified_positive_benchmark.py,get_exact_garment,373,FunctionDef,True,Retrieve the exact garment used by the benchmark.
src/fashion_multimodal_analysis/grounding/evaluation/evaluate_verified_positive_benchmark.py,clip_bbox,421,FunctionDef,True,把边界框限制在图像有效范围内。
src/fashion_multimodal_analysis/grounding/evaluation/evaluate_verified_positive_benchmark.py,expand_bbox,483,FunctionDef,True,按实验配置扩展目标框，保留局部识别需要的上下文。
src/fashion_multimodal_analysis/grounding/evaluation/evaluate_verified_positive_benchmark.py,normalize_label,540,FunctionDef,True,将预测或审核标签转换为本实验统一的标签表示。
src/fashion_multimodal_analysis/grounding/evaluation/evaluate_verified_positive_benchmark.py,run_grounding_dino,566,FunctionDef,True,Run Grounding DINO on one image.
src/fashion_multimodal_analysis/grounding/evaluation/evaluate_verified_positive_benchmark.py,map_roi_detections_to_full_image,675,FunctionDef,True,map roi detections 转换 整图 图像。
src/fashion_multimodal_analysis/grounding/evaluation/evaluate_verified_positive_benchmark.py,detection_box_area_ratio,722,FunctionDef,True,detection 边界框 面积 比例。
src/fashion_multimodal_analysis/grounding/evaluation/evaluate_verified_positive_benchmark.py,summarize_single_condition,762,FunctionDef,True,分别汇总一个输入条件下的结果，避免不同条件混算。
src/fashion_multimodal_analysis/grounding/evaluation/evaluate_verified_positive_benchmark.py,draw_detection_boxes,845,FunctionDef,True,绘制候选框及其标签，保留原图坐标的对应关系。
src/fashion_multimodal_analysis/grounding/evaluation/evaluate_verified_positive_benchmark.py,save_visualizations,962,FunctionDef,True,保存本次实验的预测可视化。
src/fashion_multimodal_analysis/grounding/evaluation/evaluate_verified_positive_benchmark.py,save_raw_case_result,1031,FunctionDef,True,保存单例原始预测，避免汇总后丢失错误线索。
src/fashion_multimodal_analysis/grounding/evaluation/evaluate_verified_positive_benchmark.py,save_case_results,1090,FunctionDef,True,保存逐例结果，供总体指标回算与审核。
src/fashion_multimodal_analysis/grounding/evaluation/evaluate_verified_positive_benchmark.py,safe_mean,1152,FunctionDef,True,在有效数值上计算均值，空组按本实验的缺失值约定处理。
src/fashion_multimodal_analysis/grounding/evaluation/evaluate_verified_positive_benchmark.py,safe_median,1169,FunctionDef,True,在有效数值上计算中位数，保留缺失值的语义。
src/fashion_multimodal_analysis/grounding/evaluation/evaluate_verified_positive_benchmark.py,float_or_none,1186,FunctionDef,True,尝试解析数值，无效或缺失输入返回 None。
src/fashion_multimodal_analysis/grounding/evaluation/evaluate_verified_positive_benchmark.py,aggregate_group,1212,FunctionDef,True,汇总同一分组中的结果，保留组内样本数。
src/fashion_multimodal_analysis/grounding/evaluation/evaluate_verified_positive_benchmark.py,format_number,1264,FunctionDef,True,将数值格式化为报告文本，显式处理缺失值。
src/fashion_multimodal_analysis/grounding/evaluation/evaluate_verified_positive_benchmark.py,build_target_summary,1297,FunctionDef,True,构建 目标 汇总。
src/fashion_multimodal_analysis/grounding/evaluation/evaluate_verified_positive_benchmark.py,save_target_summary,1350,FunctionDef,True,保存 目标 汇总。
src/fashion_multimodal_analysis/grounding/evaluation/evaluate_verified_positive_benchmark.py,build_scale_group_summary,1400,FunctionDef,True,构建 scale group 汇总。
src/fashion_multimodal_analysis/grounding/evaluation/evaluate_verified_positive_benchmark.py,save_scale_group_summary,1455,FunctionDef,True,保存 scale group 汇总。
src/fashion_multimodal_analysis/grounding/evaluation/evaluate_verified_positive_benchmark.py,save_manual_audit,1504,FunctionDef,True,保存 人工 检查。
src/fashion_multimodal_analysis/grounding/evaluation/evaluate_verified_positive_benchmark.py,resize_for_panel,1605,FunctionDef,True,缩放 for panel。
src/fashion_multimodal_analysis/grounding/evaluation/evaluate_verified_positive_benchmark.py,build_paired_contact_sheets,1633,FunctionDef,True,构建 paired 联系 sheets。
src/fashion_multimodal_analysis/grounding/evaluation/evaluate_verified_positive_benchmark.py,get_rate,1804,FunctionDef,True,取得 rate。
src/fashion_multimodal_analysis/grounding/evaluation/evaluate_verified_positive_benchmark.py,build_paired_outcomes,1828,FunctionDef,True,构建 paired outcomes。
src/fashion_multimodal_analysis/grounding/evaluation/evaluate_verified_positive_benchmark.py,save_markdown_summary,1894,FunctionDef,True,保存 markdown 汇总。
src/fashion_multimodal_analysis/grounding/evaluation/evaluate_verified_positive_benchmark.py,main,2105,FunctionDef,True,解析运行参数并执行本模块的实验入口。
src/fashion_multimodal_analysis/grounding/evaluation/evaluate_verified_positive_benchmark_v2.py,parse_args,186,FunctionDef,True,解析并校验命令行参数。
src/fashion_multimodal_analysis/grounding/evaluation/evaluate_verified_positive_benchmark_v2.py,get_device,303,FunctionDef,True,根据参数选择当前实验的计算设备。
src/fashion_multimodal_analysis/grounding/evaluation/evaluate_verified_positive_benchmark_v2.py,synchronize_device,315,FunctionDef,True,在 CUDA 设备上同步运算，避免异步执行低估耗时。
src/fashion_multimodal_analysis/grounding/evaluation/evaluate_verified_positive_benchmark_v2.py,load_model,327,FunctionDef,True,加载当前实验指定的模型和权重。
src/fashion_multimodal_analysis/grounding/evaluation/evaluate_verified_positive_benchmark_v2.py,read_benchmark,355,FunctionDef,True,读取 基准。
src/fashion_multimodal_analysis/grounding/evaluation/evaluate_verified_positive_benchmark_v2.py,load_annotation,453,FunctionDef,True,加载 标注。
src/fashion_multimodal_analysis/grounding/evaluation/evaluate_verified_positive_benchmark_v2.py,get_exact_garment,479,FunctionDef,True,取得 exact garment。
src/fashion_multimodal_analysis/grounding/evaluation/evaluate_verified_positive_benchmark_v2.py,clip_bbox,523,FunctionDef,True,把边界框限制在图像有效范围内。
src/fashion_multimodal_analysis/grounding/evaluation/evaluate_verified_positive_benchmark_v2.py,expand_bbox,585,FunctionDef,True,按实验配置扩展目标框，保留局部识别需要的上下文。
src/fashion_multimodal_analysis/grounding/evaluation/evaluate_verified_positive_benchmark_v2.py,relative_window_to_bbox,642,FunctionDef,True,relative 区域窗口 转换 边界框。
src/fashion_multimodal_analysis/grounding/evaluation/evaluate_verified_positive_benchmark_v2.py,build_local_windows,708,FunctionDef,True,构建 局部 windows。
src/fashion_multimodal_analysis/grounding/evaluation/evaluate_verified_positive_benchmark_v2.py,normalize_label,749,FunctionDef,True,将预测或审核标签转换为本实验统一的标签表示。
src/fashion_multimodal_analysis/grounding/evaluation/evaluate_verified_positive_benchmark_v2.py,run_grounding_dino,775,FunctionDef,True,用图像与文本查询生成局部区域候选。
src/fashion_multimodal_analysis/grounding/evaluation/evaluate_verified_positive_benchmark_v2.py,map_crop_detections_to_full_image,884,FunctionDef,True,map 裁剪 detections 转换 整图 图像。
src/fashion_multimodal_analysis/grounding/evaluation/evaluate_verified_positive_benchmark_v2.py,box_iou,938,FunctionDef,True,计算两个 xyxy 边界框的交并比，空并集按 0 处理。
src/fashion_multimodal_analysis/grounding/evaluation/evaluate_verified_positive_benchmark_v2.py,nms_detections,1010,FunctionDef,True,nms detections。
src/fashion_multimodal_analysis/grounding/evaluation/evaluate_verified_positive_benchmark_v2.py,run_local_enlarged,1056,FunctionDef,True,执行 局部 enlarged。
src/fashion_multimodal_analysis/grounding/evaluation/evaluate_verified_positive_benchmark_v2.py,detection_box_area_ratio,1174,FunctionDef,True,detection 边界框 面积 比例。
src/fashion_multimodal_analysis/grounding/evaluation/evaluate_verified_positive_benchmark_v2.py,summarize_single_condition,1214,FunctionDef,True,分别汇总一个输入条件下的结果，避免不同条件混算。
src/fashion_multimodal_analysis/grounding/evaluation/evaluate_verified_positive_benchmark_v2.py,draw_detection_boxes,1301,FunctionDef,True,绘制候选框及其标签，保留原图坐标的对应关系。
src/fashion_multimodal_analysis/grounding/evaluation/evaluate_verified_positive_benchmark_v2.py,save_visualizations,1443,FunctionDef,True,保存本次实验的预测可视化。
src/fashion_multimodal_analysis/grounding/evaluation/evaluate_verified_positive_benchmark_v2.py,save_raw_case_result,1541,FunctionDef,True,保存单例原始预测，避免汇总后丢失错误线索。
src/fashion_multimodal_analysis/grounding/evaluation/evaluate_verified_positive_benchmark_v2.py,save_case_results,1609,FunctionDef,True,保存逐例结果，供总体指标回算与审核。
src/fashion_multimodal_analysis/grounding/evaluation/evaluate_verified_positive_benchmark_v2.py,safe_mean,1672,FunctionDef,True,在有效数值上计算均值，空组按本实验的缺失值约定处理。
src/fashion_multimodal_analysis/grounding/evaluation/evaluate_verified_positive_benchmark_v2.py,safe_median,1689,FunctionDef,True,在有效数值上计算中位数，保留缺失值的语义。
src/fashion_multimodal_analysis/grounding/evaluation/evaluate_verified_positive_benchmark_v2.py,float_or_none,1706,FunctionDef,True,尝试解析数值，无效或缺失输入返回 None。
src/fashion_multimodal_analysis/grounding/evaluation/evaluate_verified_positive_benchmark_v2.py,aggregate_group,1732,FunctionDef,True,汇总同一分组中的结果，保留组内样本数。
src/fashion_multimodal_analysis/grounding/evaluation/evaluate_verified_positive_benchmark_v2.py,format_number,1783,FunctionDef,True,将数值格式化为报告文本，显式处理缺失值。
src/fashion_multimodal_analysis/grounding/evaluation/evaluate_verified_positive_benchmark_v2.py,build_summary,1811,FunctionDef,True,构建 汇总。
src/fashion_multimodal_analysis/grounding/evaluation/evaluate_verified_positive_benchmark_v2.py,save_summary_csv,1867,FunctionDef,True,保存 汇总 CSV。
src/fashion_multimodal_analysis/grounding/evaluation/evaluate_verified_positive_benchmark_v2.py,save_manual_audit,1907,FunctionDef,True,保存 人工 检查。
src/fashion_multimodal_analysis/grounding/evaluation/evaluate_verified_positive_benchmark_v2.py,resize_for_panel,2018,FunctionDef,True,缩放 for panel。
src/fashion_multimodal_analysis/grounding/evaluation/evaluate_verified_positive_benchmark_v2.py,build_triplet_contact_sheets,2042,FunctionDef,True,构建 triplet 联系 sheets。
src/fashion_multimodal_analysis/grounding/evaluation/evaluate_verified_positive_benchmark_v2.py,get_rate,2209,FunctionDef,True,取得 rate。
src/fashion_multimodal_analysis/grounding/evaluation/evaluate_verified_positive_benchmark_v2.py,save_markdown_summary,2233,FunctionDef,True,保存 markdown 汇总。
src/fashion_multimodal_analysis/grounding/evaluation/evaluate_verified_positive_benchmark_v2.py,main,2428,FunctionDef,True,解析运行参数并执行本模块的实验入口。
src/fashion_multimodal_analysis/grounding/evaluation/evaluate_verified_positive_benchmark_v3.py,parse_args,203,FunctionDef,True,解析并校验命令行参数。
src/fashion_multimodal_analysis/grounding/evaluation/evaluate_verified_positive_benchmark_v3.py,get_device,320,FunctionDef,True,根据参数选择当前实验的计算设备。
src/fashion_multimodal_analysis/grounding/evaluation/evaluate_verified_positive_benchmark_v3.py,synchronize_device,332,FunctionDef,True,在 CUDA 设备上同步运算，避免异步执行低估耗时。
src/fashion_multimodal_analysis/grounding/evaluation/evaluate_verified_positive_benchmark_v3.py,load_model,344,FunctionDef,True,加载当前实验指定的模型和权重。
src/fashion_multimodal_analysis/grounding/evaluation/evaluate_verified_positive_benchmark_v3.py,read_benchmark,372,FunctionDef,True,读取 基准。
src/fashion_multimodal_analysis/grounding/evaluation/evaluate_verified_positive_benchmark_v3.py,load_annotation,470,FunctionDef,True,加载 标注。
src/fashion_multimodal_analysis/grounding/evaluation/evaluate_verified_positive_benchmark_v3.py,get_exact_garment,496,FunctionDef,True,取得 exact garment。
src/fashion_multimodal_analysis/grounding/evaluation/evaluate_verified_positive_benchmark_v3.py,clip_bbox,540,FunctionDef,True,把边界框限制在图像有效范围内。
src/fashion_multimodal_analysis/grounding/evaluation/evaluate_verified_positive_benchmark_v3.py,expand_bbox,602,FunctionDef,True,按实验配置扩展目标框，保留局部识别需要的上下文。
src/fashion_multimodal_analysis/grounding/evaluation/evaluate_verified_positive_benchmark_v3.py,relative_window_to_bbox,659,FunctionDef,True,relative 区域窗口 转换 边界框。
src/fashion_multimodal_analysis/grounding/evaluation/evaluate_verified_positive_benchmark_v3.py,build_local_windows,725,FunctionDef,True,构建 局部 windows。
src/fashion_multimodal_analysis/grounding/evaluation/evaluate_verified_positive_benchmark_v3.py,normalize_label,766,FunctionDef,True,将预测或审核标签转换为本实验统一的标签表示。
src/fashion_multimodal_analysis/grounding/evaluation/evaluate_verified_positive_benchmark_v3.py,run_grounding_dino,792,FunctionDef,True,用图像与文本查询生成局部区域候选。
src/fashion_multimodal_analysis/grounding/evaluation/evaluate_verified_positive_benchmark_v3.py,map_crop_detections_to_full_image,901,FunctionDef,True,map 裁剪 detections 转换 整图 图像。
src/fashion_multimodal_analysis/grounding/evaluation/evaluate_verified_positive_benchmark_v3.py,box_iou,955,FunctionDef,True,计算两个 xyxy 边界框的交并比，空并集按 0 处理。
src/fashion_multimodal_analysis/grounding/evaluation/evaluate_verified_positive_benchmark_v3.py,nms_detections,1027,FunctionDef,True,nms detections。
src/fashion_multimodal_analysis/grounding/evaluation/evaluate_verified_positive_benchmark_v3.py,run_local_enlarged,1073,FunctionDef,True,执行 局部 enlarged。
src/fashion_multimodal_analysis/grounding/evaluation/evaluate_verified_positive_benchmark_v3.py,detection_box_area_ratio,1191,FunctionDef,True,detection 边界框 面积 比例。
src/fashion_multimodal_analysis/grounding/evaluation/evaluate_verified_positive_benchmark_v3.py,summarize_single_condition,1231,FunctionDef,True,分别汇总一个输入条件下的结果，避免不同条件混算。
src/fashion_multimodal_analysis/grounding/evaluation/evaluate_verified_positive_benchmark_v3.py,draw_detection_boxes,1318,FunctionDef,True,绘制候选框及其标签，保留原图坐标的对应关系。
src/fashion_multimodal_analysis/grounding/evaluation/evaluate_verified_positive_benchmark_v3.py,save_visualizations,1460,FunctionDef,True,保存本次实验的预测可视化。
src/fashion_multimodal_analysis/grounding/evaluation/evaluate_verified_positive_benchmark_v3.py,save_raw_case_result,1558,FunctionDef,True,保存单例原始预测，避免汇总后丢失错误线索。
src/fashion_multimodal_analysis/grounding/evaluation/evaluate_verified_positive_benchmark_v3.py,save_case_results,1626,FunctionDef,True,保存逐例结果，供总体指标回算与审核。
src/fashion_multimodal_analysis/grounding/evaluation/evaluate_verified_positive_benchmark_v3.py,safe_mean,1689,FunctionDef,True,在有效数值上计算均值，空组按本实验的缺失值约定处理。
src/fashion_multimodal_analysis/grounding/evaluation/evaluate_verified_positive_benchmark_v3.py,safe_median,1706,FunctionDef,True,在有效数值上计算中位数，保留缺失值的语义。
src/fashion_multimodal_analysis/grounding/evaluation/evaluate_verified_positive_benchmark_v3.py,float_or_none,1723,FunctionDef,True,尝试解析数值，无效或缺失输入返回 None。
src/fashion_multimodal_analysis/grounding/evaluation/evaluate_verified_positive_benchmark_v3.py,aggregate_group,1749,FunctionDef,True,汇总同一分组中的结果，保留组内样本数。
src/fashion_multimodal_analysis/grounding/evaluation/evaluate_verified_positive_benchmark_v3.py,format_number,1800,FunctionDef,True,将数值格式化为报告文本，显式处理缺失值。
src/fashion_multimodal_analysis/grounding/evaluation/evaluate_verified_positive_benchmark_v3.py,build_summary,1828,FunctionDef,True,构建 汇总。
src/fashion_multimodal_analysis/grounding/evaluation/evaluate_verified_positive_benchmark_v3.py,save_summary_csv,1884,FunctionDef,True,保存 汇总 CSV。
src/fashion_multimodal_analysis/grounding/evaluation/evaluate_verified_positive_benchmark_v3.py,save_manual_audit,1924,FunctionDef,True,保存 人工 检查。
src/fashion_multimodal_analysis/grounding/evaluation/evaluate_verified_positive_benchmark_v3.py,resize_for_panel,2035,FunctionDef,True,缩放 for panel。
src/fashion_multimodal_analysis/grounding/evaluation/evaluate_verified_positive_benchmark_v3.py,build_triplet_contact_sheets,2059,FunctionDef,True,构建 triplet 联系 sheets。
src/fashion_multimodal_analysis/grounding/evaluation/evaluate_verified_positive_benchmark_v3.py,get_rate,2226,FunctionDef,True,取得 rate。
src/fashion_multimodal_analysis/grounding/evaluation/evaluate_verified_positive_benchmark_v3.py,save_markdown_summary,2250,FunctionDef,True,保存 markdown 汇总。
src/fashion_multimodal_analysis/grounding/evaluation/evaluate_verified_positive_benchmark_v3.py,main,2445,FunctionDef,True,解析运行参数并执行本模块的实验入口。
src/fashion_multimodal_analysis/grounding/evaluation/run_grounding_group_evaluation.py,parse_args,60,FunctionDef,True,Parse command-line arguments.
src/fashion_multimodal_analysis/grounding/evaluation/run_grounding_group_evaluation.py,get_device,90,FunctionDef,True,Select the available PyTorch device.
src/fashion_multimodal_analysis/grounding/evaluation/run_grounding_group_evaluation.py,load_model,102,FunctionDef,True,Load the Grounding DINO processor and model.
src/fashion_multimodal_analysis/grounding/evaluation/run_grounding_group_evaluation.py,read_manifest,129,FunctionDef,True,Read sampled image records from a CSV manifest.
src/fashion_multimodal_analysis/grounding/evaluation/run_grounding_group_evaluation.py,run_detection,161,FunctionDef,True,Run one Grounding DINO prediction.
src/fashion_multimodal_analysis/grounding/evaluation/run_grounding_group_evaluation.py,evaluate_prompt,218,FunctionDef,True,Evaluate one prompt on all selected images.
src/fashion_multimodal_analysis/grounding/evaluation/run_grounding_group_evaluation.py,save_results,268,FunctionDef,True,Save evaluation results as JSON.
src/fashion_multimodal_analysis/grounding/evaluation/run_grounding_group_evaluation.py,run_experiment,295,FunctionDef,True,Run baseline and optimized prompt evaluation.
src/fashion_multimodal_analysis/grounding/evaluation/run_grounding_group_evaluation.py,main,349,FunctionDef,True,Run the sampled Grounding DINO evaluation.
src/fashion_multimodal_analysis/grounding/refinement/build_remaining5_region_diagnostic_v1.py,read_csv,36,FunctionDef,True,读取带表头的 CSV，保留每列原始字符串。
src/fashion_multimodal_analysis/grounding/refinement/build_remaining5_region_diagnostic_v1.py,write_csv,54,FunctionDef,True,按确定的字段顺序保存实验 CSV。
src/fashion_multimodal_analysis/grounding/refinement/build_remaining5_region_diagnostic_v1.py,resolve_project_path,71,FunctionDef,True,将项目相对文件引用解析到当前工作副本。
src/fashion_multimodal_analysis/grounding/refinement/build_remaining5_region_diagnostic_v1.py,is_yes,83,FunctionDef,True,判断 yes。
src/fashion_multimodal_analysis/grounding/refinement/build_remaining5_region_diagnostic_v1.py,as_float,95,FunctionDef,True,as float。
src/fashion_multimodal_analysis/grounding/refinement/build_remaining5_region_diagnostic_v1.py,parse_detections,111,FunctionDef,True,解析 detections。
src/fashion_multimodal_analysis/grounding/refinement/build_remaining5_region_diagnostic_v1.py,merge_rows,127,FunctionDef,True,merge 逐行记录。
src/fashion_multimodal_analysis/grounding/refinement/build_remaining5_region_diagnostic_v1.py,make_summary,193,FunctionDef,True,生成 汇总。
src/fashion_multimodal_analysis/grounding/refinement/build_remaining5_region_diagnostic_v1.py,draw_case,245,FunctionDef,True,绘制 案例。
src/fashion_multimodal_analysis/grounding/refinement/build_remaining5_region_diagnostic_v1.py,make_contact_sheet,311,FunctionDef,True,把样本图与说明拼成审核联系表，便于逐例比较。
src/fashion_multimodal_analysis/grounding/refinement/build_remaining5_region_diagnostic_v1.py,main,348,FunctionDef,True,解析运行参数并执行本模块的实验入口。
src/fashion_multimodal_analysis/grounding/refinement/build_shoulder_waist_pattern_refinement_inputs_v1.py,read_csv,49,FunctionDef,True,读取带表头的 CSV，保留每列原始字符串。
src/fashion_multimodal_analysis/grounding/refinement/build_shoulder_waist_pattern_refinement_inputs_v1.py,write_csv,67,FunctionDef,True,按确定的字段顺序保存实验 CSV。
src/fashion_multimodal_analysis/grounding/refinement/build_shoulder_waist_pattern_refinement_inputs_v1.py,resolve_project_path,81,FunctionDef,True,将项目相对文件引用解析到当前工作副本。
src/fashion_multimodal_analysis/grounding/refinement/build_shoulder_waist_pattern_refinement_inputs_v1.py,rel,93,FunctionDef,True,rel。
src/fashion_multimodal_analysis/grounding/refinement/build_shoulder_waist_pattern_refinement_inputs_v1.py,windows_for,108,FunctionDef,True,windows for。
src/fashion_multimodal_analysis/grounding/refinement/build_shoulder_waist_pattern_refinement_inputs_v1.py,main,143,FunctionDef,True,解析运行参数并执行本模块的实验入口。
src/fashion_multimodal_analysis/grounding/refinement/build_shoulder_waist_pattern_refinement_inputs_v1_fixed.py,read_csv,52,FunctionDef,True,读取带表头的 CSV，保留每列原始字符串。
src/fashion_multimodal_analysis/grounding/refinement/build_shoulder_waist_pattern_refinement_inputs_v1_fixed.py,write_csv,70,FunctionDef,True,按确定的字段顺序保存实验 CSV。
src/fashion_multimodal_analysis/grounding/refinement/build_shoulder_waist_pattern_refinement_inputs_v1_fixed.py,resolve_project_path,89,FunctionDef,True,将项目相对文件引用解析到当前工作副本。
src/fashion_multimodal_analysis/grounding/refinement/build_shoulder_waist_pattern_refinement_inputs_v1_fixed.py,rel,101,FunctionDef,True,rel。
src/fashion_multimodal_analysis/grounding/refinement/build_shoulder_waist_pattern_refinement_inputs_v1_fixed.py,build_garment_index,124,FunctionDef,True,Index existing garment-instance manifests by:
src/fashion_multimodal_analysis/grounding/refinement/build_shoulder_waist_pattern_refinement_inputs_v1_fixed.py,candidate_item_variants,213,FunctionDef,True,"Region coverage cases usually use item1 / item2, while garment manifests"
src/fashion_multimodal_analysis/grounding/refinement/build_shoulder_waist_pattern_refinement_inputs_v1_fixed.py,find_manifest_row,227,FunctionDef,True,查找 清单 记录。
src/fashion_multimodal_analysis/grounding/refinement/build_shoulder_waist_pattern_refinement_inputs_v1_fixed.py,valid_image,274,FunctionDef,True,有效 图像。
src/fashion_multimodal_analysis/grounding/refinement/build_shoulder_waist_pattern_refinement_inputs_v1_fixed.py,rebuild_parent_crop,289,FunctionDef,True,Resolution order:
src/fashion_multimodal_analysis/grounding/refinement/build_shoulder_waist_pattern_refinement_inputs_v1_fixed.py,windows_for,406,FunctionDef,True,windows for。
src/fashion_multimodal_analysis/grounding/refinement/build_shoulder_waist_pattern_refinement_inputs_v1_fixed.py,main,437,FunctionDef,True,解析运行参数并执行本模块的实验入口。
src/fashion_multimodal_analysis/grounding/refinement/build_shoulder_waist_pattern_refinement_inputs_v1_v2.py,read_csv,55,FunctionDef,True,读取带表头的 CSV，保留每列原始字符串。
src/fashion_multimodal_analysis/grounding/refinement/build_shoulder_waist_pattern_refinement_inputs_v1_v2.py,write_csv,73,FunctionDef,True,按确定的字段顺序保存实验 CSV。
src/fashion_multimodal_analysis/grounding/refinement/build_shoulder_waist_pattern_refinement_inputs_v1_v2.py,resolve_project_path,95,FunctionDef,True,将项目相对文件引用解析到当前工作副本。
src/fashion_multimodal_analysis/grounding/refinement/build_shoulder_waist_pattern_refinement_inputs_v1_v2.py,rel,107,FunctionDef,True,rel。
src/fashion_multimodal_analysis/grounding/refinement/build_shoulder_waist_pattern_refinement_inputs_v1_v2.py,valid_file,131,FunctionDef,True,有效 文件。
src/fashion_multimodal_analysis/grounding/refinement/build_shoulder_waist_pattern_refinement_inputs_v1_v2.py,build_manifest_index,146,FunctionDef,True,构建 清单 index。
src/fashion_multimodal_analysis/grounding/refinement/build_shoulder_waist_pattern_refinement_inputs_v1_v2.py,find_manifest_row,207,FunctionDef,True,查找 清单 记录。
src/fashion_multimodal_analysis/grounding/refinement/build_shoulder_waist_pattern_refinement_inputs_v1_v2.py,find_deepfashion_image,250,FunctionDef,True,查找 deepfashion 图像。
src/fashion_multimodal_analysis/grounding/refinement/build_shoulder_waist_pattern_refinement_inputs_v1_v2.py,find_deepfashion_annotation,291,FunctionDef,True,查找 deepfashion 标注。
src/fashion_multimodal_analysis/grounding/refinement/build_shoulder_waist_pattern_refinement_inputs_v1_v2.py,bbox_from_segmentation,339,FunctionDef,True,边界框 from 分割。
src/fashion_multimodal_analysis/grounding/refinement/build_shoulder_waist_pattern_refinement_inputs_v1_v2.py,rebuild_from_deepfashion_annotation,385,FunctionDef,True,rebuild from deepfashion 标注。
src/fashion_multimodal_analysis/grounding/refinement/build_shoulder_waist_pattern_refinement_inputs_v1_v2.py,recover_parent_crop,469,FunctionDef,True,recover parent 裁剪。
src/fashion_multimodal_analysis/grounding/refinement/build_shoulder_waist_pattern_refinement_inputs_v1_v2.py,windows_for,649,FunctionDef,True,windows for。
src/fashion_multimodal_analysis/grounding/refinement/build_shoulder_waist_pattern_refinement_inputs_v1_v2.py,main,704,FunctionDef,True,解析运行参数并执行本模块的实验入口。
src/fashion_multimodal_analysis/grounding/refinement/evaluate_core_regions_spatial_hr.py,parse_args,102,FunctionDef,True,Parse command-line arguments.
src/fashion_multimodal_analysis/grounding/refinement/evaluate_core_regions_spatial_hr.py,read_csv,165,FunctionDef,True,Read a CSV file into dictionaries.
src/fashion_multimodal_analysis/grounding/refinement/evaluate_core_regions_spatial_hr.py,write_csv,184,FunctionDef,True,Write dictionaries to CSV.
src/fashion_multimodal_analysis/grounding/refinement/evaluate_core_regions_spatial_hr.py,normalize_project_path,208,FunctionDef,True,Convert a stored Windows/portable relative path to a project path.
src/fashion_multimodal_analysis/grounding/refinement/evaluate_core_regions_spatial_hr.py,load_baseline_cases,221,FunctionDef,True,Load exactly the 15 collar/cuff/hem baseline cases.
src/fashion_multimodal_analysis/grounding/refinement/evaluate_core_regions_spatial_hr.py,load_baseline_audit,248,FunctionDef,True,Load frozen baseline manual labels keyed by candidate_id.
src/fashion_multimodal_analysis/grounding/refinement/evaluate_core_regions_spatial_hr.py,get_device,258,FunctionDef,True,"Return CUDA when available, otherwise CPU."
src/fashion_multimodal_analysis/grounding/refinement/evaluate_core_regions_spatial_hr.py,load_model,267,FunctionDef,True,Load Grounding DINO and processor.
src/fashion_multimodal_analysis/grounding/refinement/evaluate_core_regions_spatial_hr.py,normalized_window_to_box,288,FunctionDef,True,Convert one normalized spatial window to pixel coordinates.
src/fashion_multimodal_analysis/grounding/refinement/evaluate_core_regions_spatial_hr.py,infer_spatial_hr,324,FunctionDef,True,Run Grounding DINO with a higher processor resolution.
src/fashion_multimodal_analysis/grounding/refinement/evaluate_core_regions_spatial_hr.py,box_area,405,FunctionDef,True,Return non-negative bbox area.
src/fashion_multimodal_analysis/grounding/refinement/evaluate_core_regions_spatial_hr.py,area_ratio,418,FunctionDef,True,Return bbox area divided by image area.
src/fashion_multimodal_analysis/grounding/refinement/evaluate_core_regions_spatial_hr.py,map_box_to_parent,439,FunctionDef,True,Map a local-window bbox into parent garment-crop coordinates.
src/fashion_multimodal_analysis/grounding/refinement/evaluate_core_regions_spatial_hr.py,run_best_window,462,FunctionDef,True,Run all fixed windows and return the highest-scoring candidate.
src/fashion_multimodal_analysis/grounding/refinement/evaluate_core_regions_spatial_hr.py,load_font,528,FunctionDef,True,Load a readable font with a safe fallback.
src/fashion_multimodal_analysis/grounding/refinement/evaluate_core_regions_spatial_hr.py,draw_detections,546,FunctionDef,True,Draw detections and title.
src/fashion_multimodal_analysis/grounding/refinement/evaluate_core_regions_spatial_hr.py,fit_panel,585,FunctionDef,True,Letterbox an image into a fixed-size panel.
src/fashion_multimodal_analysis/grounding/refinement/evaluate_core_regions_spatial_hr.py,save_case_comparison,608,FunctionDef,True,Save BASELINE / SPATIAL_HR / mapped-on-parent comparison.
src/fashion_multimodal_analysis/grounding/refinement/evaluate_core_regions_spatial_hr.py,make_region_contact_sheet,673,FunctionDef,True,Combine five case-comparison images into one region sheet.
src/fashion_multimodal_analysis/grounding/refinement/evaluate_core_regions_spatial_hr.py,_mean,724,FunctionDef,False,Return arithmetic mean or None.
src/fashion_multimodal_analysis/grounding/refinement/evaluate_core_regions_spatial_hr.py,summarize,736,FunctionDef,True,Summarize BASELINE and SPATIAL_HR automatic results.
src/fashion_multimodal_analysis/grounding/refinement/evaluate_core_regions_spatial_hr.py,write_notes,830,FunctionDef,True,Write a concise experiment protocol.
src/fashion_multimodal_analysis/grounding/refinement/evaluate_core_regions_spatial_hr.py,main,898,FunctionDef,True,Run the 15-case BASELINE vs SPATIAL_HR experiment.
src/fashion_multimodal_analysis/grounding/refinement/evaluate_core_regions_spatial_hr.py,aggregate,757,FunctionDef,True,汇总。
src/fashion_multimodal_analysis/grounding/refinement/evaluate_sam_refinement_9case.py,parse_args,98,FunctionDef,True,Parse command-line arguments.
src/fashion_multimodal_analysis/grounding/refinement/evaluate_sam_refinement_9case.py,read_csv,133,FunctionDef,True,Read a CSV file.
src/fashion_multimodal_analysis/grounding/refinement/evaluate_sam_refinement_9case.py,write_csv,152,FunctionDef,True,Write dictionaries to CSV.
src/fashion_multimodal_analysis/grounding/refinement/evaluate_sam_refinement_9case.py,load_selection,172,FunctionDef,True,Load and validate the fixed 9-case selection.
src/fashion_multimodal_analysis/grounding/refinement/evaluate_sam_refinement_9case.py,normalize_project_path,197,FunctionDef,True,Resolve a stored project-relative path.
src/fashion_multimodal_analysis/grounding/refinement/evaluate_sam_refinement_9case.py,load_baseline_map,209,FunctionDef,True,Load frozen 40-case baseline results by candidate id.
src/fashion_multimodal_analysis/grounding/refinement/evaluate_sam_refinement_9case.py,load_spatial_map,218,FunctionDef,True,Load SPATIAL_HR result rows by candidate id.
src/fashion_multimodal_analysis/grounding/refinement/evaluate_sam_refinement_9case.py,get_device,231,FunctionDef,True,"Return CUDA when available, otherwise CPU."
src/fashion_multimodal_analysis/grounding/refinement/evaluate_sam_refinement_9case.py,load_sam,240,FunctionDef,True,Load SAM processor and model.
src/fashion_multimodal_analysis/grounding/refinement/evaluate_sam_refinement_9case.py,normalized_window_box,261,FunctionDef,True,Convert normalized window coordinates to pixels.
src/fashion_multimodal_analysis/grounding/refinement/evaluate_sam_refinement_9case.py,clip_box,284,FunctionDef,True,Clip a box to image bounds.
src/fashion_multimodal_analysis/grounding/refinement/evaluate_sam_refinement_9case.py,map_local_box_to_parent,307,FunctionDef,True,Map a local SPATIAL_HR box back into garment-crop coordinates.
src/fashion_multimodal_analysis/grounding/refinement/evaluate_sam_refinement_9case.py,proposal_from_spatial,330,FunctionDef,True,Recover the top SPATIAL_HR box in parent coordinates.
src/fashion_multimodal_analysis/grounding/refinement/evaluate_sam_refinement_9case.py,proposal_from_baseline,365,FunctionDef,True,Recover the frozen baseline top box.
src/fashion_multimodal_analysis/grounding/refinement/evaluate_sam_refinement_9case.py,proposal_from_prior,392,FunctionDef,True,Use a fixed spatial prior when no detector proposal exists.
src/fashion_multimodal_analysis/grounding/refinement/evaluate_sam_refinement_9case.py,choose_proposal,418,FunctionDef,True,"Choose SPATIAL_HR, BASELINE, then fixed-prior proposal."
src/fashion_multimodal_analysis/grounding/refinement/evaluate_sam_refinement_9case.py,run_sam,461,FunctionDef,True,Run SAM with one box prompt and return the best predicted mask.
src/fashion_multimodal_analysis/grounding/refinement/evaluate_sam_refinement_9case.py,mask_bbox,528,FunctionDef,True,Return the tight bbox around a binary mask.
src/fashion_multimodal_analysis/grounding/refinement/evaluate_sam_refinement_9case.py,box_area_ratio,549,FunctionDef,True,Return box area divided by image area.
src/fashion_multimodal_analysis/grounding/refinement/evaluate_sam_refinement_9case.py,mask_area_ratio,569,FunctionDef,True,Return mask foreground proportion.
src/fashion_multimodal_analysis/grounding/refinement/evaluate_sam_refinement_9case.py,load_font,581,FunctionDef,True,Load a readable font with fallback.
src/fashion_multimodal_analysis/grounding/refinement/evaluate_sam_refinement_9case.py,overlay_mask,596,FunctionDef,True,Overlay a semi-transparent mask for visual inspection.
src/fashion_multimodal_analysis/grounding/refinement/evaluate_sam_refinement_9case.py,draw_box,623,FunctionDef,True,Draw a box and title.
src/fashion_multimodal_analysis/grounding/refinement/evaluate_sam_refinement_9case.py,fit_panel,648,FunctionDef,True,Letterbox an image into a fixed panel.
src/fashion_multimodal_analysis/grounding/refinement/evaluate_sam_refinement_9case.py,save_visual,670,FunctionDef,True,Save proposal / SAM mask / refined bbox comparison.
src/fashion_multimodal_analysis/grounding/refinement/evaluate_sam_refinement_9case.py,make_contact_sheet,730,FunctionDef,True,Combine case visualizations for one region.
src/fashion_multimodal_analysis/grounding/refinement/evaluate_sam_refinement_9case.py,_mean,766,FunctionDef,False,Return arithmetic mean or None.
src/fashion_multimodal_analysis/grounding/refinement/evaluate_sam_refinement_9case.py,summarize,778,FunctionDef,True,Summarize SAM refinement diagnostics.
src/fashion_multimodal_analysis/grounding/refinement/evaluate_sam_refinement_9case.py,write_notes,841,FunctionDef,True,Write experiment notes.
src/fashion_multimodal_analysis/grounding/refinement/evaluate_sam_refinement_9case.py,main,892,FunctionDef,True,Run the 9-case SAM refinement pilot.
src/fashion_multimodal_analysis/grounding/refinement/run_pocket_decoration_prompt_scale_diagnostic_v1.py,parse_args,63,FunctionDef,True,解析并校验命令行参数。
src/fashion_multimodal_analysis/grounding/refinement/run_pocket_decoration_prompt_scale_diagnostic_v1.py,choose_device,83,FunctionDef,True,选择可用计算设备，并按本实验策略处理 CUDA 可用性。
src/fashion_multimodal_analysis/grounding/refinement/run_pocket_decoration_prompt_scale_diagnostic_v1.py,read_csv,104,FunctionDef,True,读取带表头的 CSV，保留每列原始字符串。
src/fashion_multimodal_analysis/grounding/refinement/run_pocket_decoration_prompt_scale_diagnostic_v1.py,write_csv,122,FunctionDef,True,按确定的字段顺序保存实验 CSV。
src/fashion_multimodal_analysis/grounding/refinement/run_pocket_decoration_prompt_scale_diagnostic_v1.py,resolve_project_path,143,FunctionDef,True,将项目相对文件引用解析到当前工作副本。
src/fashion_multimodal_analysis/grounding/refinement/run_pocket_decoration_prompt_scale_diagnostic_v1.py,rel,155,FunctionDef,True,rel。
src/fashion_multimodal_analysis/grounding/refinement/run_pocket_decoration_prompt_scale_diagnostic_v1.py,valid_file,179,FunctionDef,True,有效 文件。
src/fashion_multimodal_analysis/grounding/refinement/run_pocket_decoration_prompt_scale_diagnostic_v1.py,find_deepfashion_image,196,FunctionDef,True,查找 deepfashion 图像。
src/fashion_multimodal_analysis/grounding/refinement/run_pocket_decoration_prompt_scale_diagnostic_v1.py,find_deepfashion_annotation,234,FunctionDef,True,查找 deepfashion 标注。
src/fashion_multimodal_analysis/grounding/refinement/run_pocket_decoration_prompt_scale_diagnostic_v1.py,bbox_from_segmentation,278,FunctionDef,True,边界框 from 分割。
src/fashion_multimodal_analysis/grounding/refinement/run_pocket_decoration_prompt_scale_diagnostic_v1.py,recover_parent_crop,318,FunctionDef,True,recover parent 裁剪。
src/fashion_multimodal_analysis/grounding/refinement/run_pocket_decoration_prompt_scale_diagnostic_v1.py,prompt_variants,394,FunctionDef,True,提示文本 variants。
src/fashion_multimodal_analysis/grounding/refinement/run_pocket_decoration_prompt_scale_diagnostic_v1.py,tiles_for_parent,427,FunctionDef,True,Four overlapping 60%-size tiles.
src/fashion_multimodal_analysis/grounding/refinement/run_pocket_decoration_prompt_scale_diagnostic_v1.py,to_python,458,FunctionDef,True,转换 python。
src/fashion_multimodal_analysis/grounding/refinement/run_pocket_decoration_prompt_scale_diagnostic_v1.py,run_grounding_dino,472,FunctionDef,True,用图像与文本查询生成局部区域候选。
src/fashion_multimodal_analysis/grounding/refinement/run_pocket_decoration_prompt_scale_diagnostic_v1.py,map_box_to_parent,575,FunctionDef,True,map 边界框 转换 parent。
src/fashion_multimodal_analysis/grounding/refinement/run_pocket_decoration_prompt_scale_diagnostic_v1.py,box_area_ratio,606,FunctionDef,True,边界框 面积 比例。
src/fashion_multimodal_analysis/grounding/refinement/run_pocket_decoration_prompt_scale_diagnostic_v1.py,save_crop,626,FunctionDef,True,保存 裁剪。
src/fashion_multimodal_analysis/grounding/refinement/run_pocket_decoration_prompt_scale_diagnostic_v1.py,build_conditions,663,FunctionDef,True,构建 conditions。
src/fashion_multimodal_analysis/grounding/refinement/run_pocket_decoration_prompt_scale_diagnostic_v1.py,make_contact_sheet,728,FunctionDef,True,把样本图与说明拼成审核联系表，便于逐例比较。
src/fashion_multimodal_analysis/grounding/refinement/run_pocket_decoration_prompt_scale_diagnostic_v1.py,main,839,FunctionDef,True,解析运行参数并执行本模块的实验入口。
src/fashion_multimodal_analysis/grounding/refinement/run_segmentation_first_diagnostic.py,parse_args,93,FunctionDef,True,Parse command-line arguments.
src/fashion_multimodal_analysis/grounding/refinement/run_segmentation_first_diagnostic.py,load_csv,131,FunctionDef,True,Load a CSV file as dictionaries.
src/fashion_multimodal_analysis/grounding/refinement/run_segmentation_first_diagnostic.py,load_original_baselines,149,FunctionDef,True,Load the already-computed part-specific ORIGINAL results.
src/fashion_multimodal_analysis/grounding/refinement/run_segmentation_first_diagnostic.py,load_model,163,FunctionDef,True,Load Grounding DINO and its processor.
src/fashion_multimodal_analysis/grounding/refinement/run_segmentation_first_diagnostic.py,_annotation_item,179,FunctionDef,False,Return the requested DeepFashion2 item annotation.
src/fashion_multimodal_analysis/grounding/refinement/run_segmentation_first_diagnostic.py,_iter_polygons,208,FunctionDef,False,Normalize DeepFashion2 segmentation into polygon coordinate lists.
src/fashion_multimodal_analysis/grounding/refinement/run_segmentation_first_diagnostic.py,build_oracle_garment_crop,239,FunctionDef,True,Mask background using GT garment segmentation and return a tight crop.
src/fashion_multimodal_analysis/grounding/refinement/run_segmentation_first_diagnostic.py,normalized_window_to_box,327,FunctionDef,True,Convert a normalized crop window to integer pixel coordinates.
src/fashion_multimodal_analysis/grounding/refinement/run_segmentation_first_diagnostic.py,infer,350,FunctionDef,True,Run Grounding DINO on one image-prompt pair.
src/fashion_multimodal_analysis/grounding/refinement/run_segmentation_first_diagnostic.py,box_area,411,FunctionDef,True,Return non-negative box area.
src/fashion_multimodal_analysis/grounding/refinement/run_segmentation_first_diagnostic.py,detection_row,424,FunctionDef,True,Build one structured result row.
src/fashion_multimodal_analysis/grounding/refinement/run_segmentation_first_diagnostic.py,baseline_row,507,FunctionDef,True,Convert the existing prompt diagnostic baseline to the new schema.
src/fashion_multimodal_analysis/grounding/refinement/run_segmentation_first_diagnostic.py,draw_prediction,549,FunctionDef,True,Draw detections and a title on an image.
src/fashion_multimodal_analysis/grounding/refinement/run_segmentation_first_diagnostic.py,fit_panel,575,FunctionDef,True,Letterbox an image to a fixed panel size.
src/fashion_multimodal_analysis/grounding/refinement/run_segmentation_first_diagnostic.py,save_comparison,594,FunctionDef,True,Save ORIGINAL / SEGMENT_TIGHT / SEGMENT_SPATIAL side by side.
src/fashion_multimodal_analysis/grounding/refinement/run_segmentation_first_diagnostic.py,_mean,649,FunctionDef,False,Return arithmetic mean or None.
src/fashion_multimodal_analysis/grounding/refinement/run_segmentation_first_diagnostic.py,summarize,661,FunctionDef,True,Aggregate results without pandas.
src/fashion_multimodal_analysis/grounding/refinement/run_segmentation_first_diagnostic.py,write_csv,769,FunctionDef,True,Write dictionaries to CSV.
src/fashion_multimodal_analysis/grounding/refinement/run_segmentation_first_diagnostic.py,main,788,FunctionDef,True,Run the diagnostic.
src/fashion_multimodal_analysis/grounding/refinement/run_shoulder_waist_pattern_groundingdino_refinement_v1.py,parse_args,50,FunctionDef,True,解析并校验命令行参数。
src/fashion_multimodal_analysis/grounding/refinement/run_shoulder_waist_pattern_groundingdino_refinement_v1.py,choose_device,74,FunctionDef,True,选择可用计算设备，并按本实验策略处理 CUDA 可用性。
src/fashion_multimodal_analysis/grounding/refinement/run_shoulder_waist_pattern_groundingdino_refinement_v1.py,read_csv,95,FunctionDef,True,读取带表头的 CSV，保留每列原始字符串。
src/fashion_multimodal_analysis/grounding/refinement/run_shoulder_waist_pattern_groundingdino_refinement_v1.py,write_csv,113,FunctionDef,True,按确定的字段顺序保存实验 CSV。
src/fashion_multimodal_analysis/grounding/refinement/run_shoulder_waist_pattern_groundingdino_refinement_v1.py,resolve_project_path,134,FunctionDef,True,将项目相对文件引用解析到当前工作副本。
src/fashion_multimodal_analysis/grounding/refinement/run_shoulder_waist_pattern_groundingdino_refinement_v1.py,parse_threshold,146,FunctionDef,True,解析 阈值。
src/fashion_multimodal_analysis/grounding/refinement/run_shoulder_waist_pattern_groundingdino_refinement_v1.py,to_python,162,FunctionDef,True,转换 python。
src/fashion_multimodal_analysis/grounding/refinement/run_shoulder_waist_pattern_groundingdino_refinement_v1.py,run_grounding_dino,176,FunctionDef,True,用图像与文本查询生成局部区域候选。
src/fashion_multimodal_analysis/grounding/refinement/run_shoulder_waist_pattern_groundingdino_refinement_v1.py,map_box_to_parent,281,FunctionDef,True,map 边界框 转换 parent。
src/fashion_multimodal_analysis/grounding/refinement/run_shoulder_waist_pattern_groundingdino_refinement_v1.py,box_area_ratio,311,FunctionDef,True,边界框 面积 比例。
src/fashion_multimodal_analysis/grounding/refinement/run_shoulder_waist_pattern_groundingdino_refinement_v1.py,make_contact_sheet,330,FunctionDef,True,把样本图与说明拼成审核联系表，便于逐例比较。
src/fashion_multimodal_analysis/grounding/refinement/run_shoulder_waist_pattern_groundingdino_refinement_v1.py,main,429,FunctionDef,True,解析运行参数并执行本模块的实验入口。
src/fashion_multimodal_analysis/image_processing/build_small_object_crop.py,main,16,FunctionDef,True,解析运行参数并执行本模块的实验入口。
src/fashion_multimodal_analysis/image_processing/masks.py,open_binary_mask,14,FunctionDef,True,open 二值 掩码。
src/fashion_multimodal_analysis/image_processing/masks.py,reconstruct_full_mask,29,FunctionDef,True,将裁剪掩码映射回整图，处理缩放及越界裁剪。
src/fashion_multimodal_analysis/integration/analyze_prd31_roi_quality_vs_attributes_v2.py,read_csv,75,FunctionDef,True,读取带表头的 CSV，保留每列原始字符串。
src/fashion_multimodal_analysis/integration/analyze_prd31_roi_quality_vs_attributes_v2.py,write_csv,93,FunctionDef,True,按确定的字段顺序保存实验 CSV。
src/fashion_multimodal_analysis/integration/analyze_prd31_roi_quality_vs_attributes_v2.py,norm_source,115,FunctionDef,True,规范化来源标识，使不同表格中的同一原图可连接。
src/fashion_multimodal_analysis/integration/analyze_prd31_roi_quality_vs_attributes_v2.py,key_of,127,FunctionDef,True,提取用于跨表连接的记录标识。
src/fashion_multimodal_analysis/integration/analyze_prd31_roi_quality_vs_attributes_v2.py,resolve_path,142,FunctionDef,True,将清单或配置中的相对路径解析到当前项目/数据目录。
src/fashion_multimodal_analysis/integration/analyze_prd31_roi_quality_vs_attributes_v2.py,int_box,154,FunctionDef,True,int 边界框。
src/fashion_multimodal_analysis/integration/analyze_prd31_roi_quality_vs_attributes_v2.py,load_binary,168,FunctionDef,True,加载 二值。
src/fashion_multimodal_analysis/integration/analyze_prd31_roi_quality_vs_attributes_v2.py,full_mask_from_row,181,FunctionDef,True,Supports both full-image masks and bbox/crop masks.
src/fashion_multimodal_analysis/integration/analyze_prd31_roi_quality_vs_attributes_v2.py,mask_iou,220,FunctionDef,True,将掩码转为布尔前景后计算交并比，空并集按 0 处理。
src/fashion_multimodal_analysis/integration/analyze_prd31_roi_quality_vs_attributes_v2.py,f,235,FunctionDef,True,f。
src/fashion_multimodal_analysis/integration/analyze_prd31_roi_quality_vs_attributes_v2.py,iou_bin,250,FunctionDef,True,IoU bin。
src/fashion_multimodal_analysis/integration/analyze_prd31_roi_quality_vs_attributes_v2.py,summarize_by_bin,268,FunctionDef,True,汇总 by bin。
src/fashion_multimodal_analysis/integration/analyze_prd31_roi_quality_vs_attributes_v2.py,main,318,FunctionDef,True,解析运行参数并执行本模块的实验入口。
src/fashion_multimodal_analysis/integration/analyze_prd31_roi_quality_vs_attributes_v2.py,pearson,425,FunctionDef,True,pearson。
src/fashion_multimodal_analysis/integration/build_prd31_matched_roi_manifest_v1.py,parse_args,89,FunctionDef,True,解析并校验命令行参数。
src/fashion_multimodal_analysis/integration/build_prd31_matched_roi_manifest_v1.py,resolve_path,116,FunctionDef,True,将清单或配置中的相对路径解析到当前项目/数据目录。
src/fashion_multimodal_analysis/integration/build_prd31_matched_roi_manifest_v1.py,read_csv,128,FunctionDef,True,读取带表头的 CSV，保留每列原始字符串。
src/fashion_multimodal_analysis/integration/build_prd31_matched_roi_manifest_v1.py,write_csv,150,FunctionDef,True,按确定的字段顺序保存实验 CSV。
src/fashion_multimodal_analysis/integration/build_prd31_matched_roi_manifest_v1.py,norm_path,191,FunctionDef,True,规范化路径分隔符，兼容 Windows 与 Linux 清单。
src/fashion_multimodal_analysis/integration/build_prd31_matched_roi_manifest_v1.py,image_key,203,FunctionDef,True,Match absolute/project-relative/../fashion_data paths robustly
src/fashion_multimodal_analysis/integration/build_prd31_matched_roi_manifest_v1.py,get_box,217,FunctionDef,True,取得 边界框。
src/fashion_multimodal_analysis/integration/build_prd31_matched_roi_manifest_v1.py,box_iou,234,FunctionDef,True,计算两个 xyxy 边界框的交并比，空并集按 0 处理。
src/fashion_multimodal_analysis/integration/build_prd31_matched_roi_manifest_v1.py,main,265,FunctionDef,True,解析运行参数并执行本模块的实验入口。
src/fashion_multimodal_analysis/integration/build_prd31_matched_roi_manifest_v2.py,parse_args,89,FunctionDef,True,解析并校验命令行参数。
src/fashion_multimodal_analysis/integration/build_prd31_matched_roi_manifest_v2.py,resolve_path,116,FunctionDef,True,将清单或配置中的相对路径解析到当前项目/数据目录。
src/fashion_multimodal_analysis/integration/build_prd31_matched_roi_manifest_v2.py,read_csv,128,FunctionDef,True,读取带表头的 CSV，保留每列原始字符串。
src/fashion_multimodal_analysis/integration/build_prd31_matched_roi_manifest_v2.py,write_csv,150,FunctionDef,True,按确定的字段顺序保存实验 CSV。
src/fashion_multimodal_analysis/integration/build_prd31_matched_roi_manifest_v2.py,norm_path,191,FunctionDef,True,规范化路径分隔符，兼容 Windows 与 Linux 清单。
src/fashion_multimodal_analysis/integration/build_prd31_matched_roi_manifest_v2.py,image_key,203,FunctionDef,True,Match absolute/project-relative/../fashion_data paths robustly
src/fashion_multimodal_analysis/integration/build_prd31_matched_roi_manifest_v2.py,get_box,217,FunctionDef,True,取得 边界框。
src/fashion_multimodal_analysis/integration/build_prd31_matched_roi_manifest_v2.py,box_iou,234,FunctionDef,True,计算两个 xyxy 边界框的交并比，空并集按 0 处理。
src/fashion_multimodal_analysis/integration/build_prd31_matched_roi_manifest_v2.py,main,265,FunctionDef,True,解析运行参数并执行本模块的实验入口。
src/fashion_multimodal_analysis/integration/build_prd31_predicted_roi_pilot_v1.py,parse_args,112,FunctionDef,True,解析并校验命令行参数。
src/fashion_multimodal_analysis/integration/build_prd31_predicted_roi_pilot_v1.py,resolve_path,175,FunctionDef,True,将清单或配置中的相对路径解析到当前项目/数据目录。
src/fashion_multimodal_analysis/integration/build_prd31_predicted_roi_pilot_v1.py,project_relative,187,FunctionDef,True,project relative。
src/fashion_multimodal_analysis/integration/build_prd31_predicted_roi_pilot_v1.py,read_csv,210,FunctionDef,True,读取带表头的 CSV，保留每列原始字符串。
src/fashion_multimodal_analysis/integration/build_prd31_predicted_roi_pilot_v1.py,write_csv,229,FunctionDef,True,按确定的字段顺序保存实验 CSV。
src/fashion_multimodal_analysis/integration/build_prd31_predicted_roi_pilot_v1.py,choose_device,270,FunctionDef,True,选择可用计算设备，并按本实验策略处理 CUDA 可用性。
src/fashion_multimodal_analysis/integration/build_prd31_predicted_roi_pilot_v1.py,build_model,296,FunctionDef,True,构造与当前实验标签空间和输入尺寸一致的模型。
src/fashion_multimodal_analysis/integration/build_prd31_predicted_roi_pilot_v1.py,group_val_rows,336,FunctionDef,True,group val 逐行记录。
src/fashion_multimodal_analysis/integration/build_prd31_predicted_roi_pilot_v1.py,category_aware_select,388,FunctionDef,True,类别 aware 选择。
src/fashion_multimodal_analysis/integration/build_prd31_predicted_roi_pilot_v1.py,box_iou,450,FunctionDef,True,计算两个 xyxy 边界框的交并比，空并集按 0 处理。
src/fashion_multimodal_analysis/integration/build_prd31_predicted_roi_pilot_v1.py,best_gt_match,522,FunctionDef,True,best gt 匹配。
src/fashion_multimodal_analysis/integration/build_prd31_predicted_roi_pilot_v1.py,save_predicted_instance,570,FunctionDef,True,保存 predicted instance。
src/fashion_multimodal_analysis/integration/build_prd31_predicted_roi_pilot_v1.py,make_contact_sheet,711,FunctionDef,True,把样本图与说明拼成审核联系表，便于逐例比较。
src/fashion_multimodal_analysis/integration/build_prd31_predicted_roi_pilot_v1.py,main,812,FunctionDef,True,解析运行参数并执行本模块的实验入口。
src/fashion_multimodal_analysis/integration/build_prd31_predicted_roi_pilot_v2.py,parse_args,112,FunctionDef,True,解析并校验命令行参数。
src/fashion_multimodal_analysis/integration/build_prd31_predicted_roi_pilot_v2.py,resolve_path,175,FunctionDef,True,将清单或配置中的相对路径解析到当前项目/数据目录。
src/fashion_multimodal_analysis/integration/build_prd31_predicted_roi_pilot_v2.py,project_relative,187,FunctionDef,True,project relative。
src/fashion_multimodal_analysis/integration/build_prd31_predicted_roi_pilot_v2.py,read_csv,210,FunctionDef,True,读取带表头的 CSV，保留每列原始字符串。
src/fashion_multimodal_analysis/integration/build_prd31_predicted_roi_pilot_v2.py,write_csv,229,FunctionDef,True,按确定的字段顺序保存实验 CSV。
src/fashion_multimodal_analysis/integration/build_prd31_predicted_roi_pilot_v2.py,choose_device,270,FunctionDef,True,选择可用计算设备，并按本实验策略处理 CUDA 可用性。
src/fashion_multimodal_analysis/integration/build_prd31_predicted_roi_pilot_v2.py,build_model,296,FunctionDef,True,构造与当前实验标签空间和输入尺寸一致的模型。
src/fashion_multimodal_analysis/integration/build_prd31_predicted_roi_pilot_v2.py,group_val_rows,336,FunctionDef,True,group val 逐行记录。
src/fashion_multimodal_analysis/integration/build_prd31_predicted_roi_pilot_v2.py,category_aware_select,388,FunctionDef,True,类别 aware 选择。
src/fashion_multimodal_analysis/integration/build_prd31_predicted_roi_pilot_v2.py,box_iou,450,FunctionDef,True,计算两个 xyxy 边界框的交并比，空并集按 0 处理。
src/fashion_multimodal_analysis/integration/build_prd31_predicted_roi_pilot_v2.py,best_gt_match,522,FunctionDef,True,best gt 匹配。
src/fashion_multimodal_analysis/integration/build_prd31_predicted_roi_pilot_v2.py,save_predicted_instance,570,FunctionDef,True,保存 predicted instance。
src/fashion_multimodal_analysis/integration/build_prd31_predicted_roi_pilot_v2.py,make_contact_sheet,711,FunctionDef,True,把样本图与说明拼成审核联系表，便于逐例比较。
src/fashion_multimodal_analysis/integration/build_prd31_predicted_roi_pilot_v2.py,main,812,FunctionDef,True,解析运行参数并执行本模块的实验入口。
src/fashion_multimodal_analysis/integration/model_backends.py,ModelBackends,30,ClassDef,True,保存 ModelBackends 的数据/运行职责。
src/fashion_multimodal_analysis/integration/model_backends.py,__init__,49,FunctionDef,False,保存当前对象需要的配置、数据引用和状态。
src/fashion_multimodal_analysis/integration/model_backends.py,synchronize,146,FunctionDef,True,synchronize。
src/fashion_multimodal_analysis/integration/model_backends.py,measure,151,FunctionDef,True,measure。
src/fashion_multimodal_analysis/integration/model_backends.py,segment,166,FunctionDef,True,segment。
src/fashion_multimodal_analysis/integration/model_backends.py,ground,217,FunctionDef,True,ground。
src/fashion_multimodal_analysis/integration/model_backends.py,attributes,314,FunctionDef,True,属性。
src/fashion_multimodal_analysis/integration/model_backends.py,infer,177,FunctionDef,True,推理。
src/fashion_multimodal_analysis/integration/model_backends.py,infer,235,FunctionDef,True,推理。
src/fashion_multimodal_analysis/integration/model_backends.py,infer,335,FunctionDef,True,推理。
src/fashion_multimodal_analysis/integration/pipeline.py,GarmentROI,17,ClassDef,True,保存 GarmentROI 的数据/运行职责。
src/fashion_multimodal_analysis/integration/pipeline.py,crop_bounds,28,FunctionDef,True,裁剪 bounds。
src/fashion_multimodal_analysis/integration/pipeline.py,roi_images,55,FunctionDef,True,"Return raw crop, binary crop mask and origin, all in source-image scale."
src/fashion_multimodal_analysis/integration/pipeline.py,FashionPipeline,83,ClassDef,True,保存 FashionPipeline 的数据/运行职责。
src/fashion_multimodal_analysis/integration/pipeline.py,__init__,90,FunctionDef,False,保存当前对象需要的配置、数据引用和状态。
src/fashion_multimodal_analysis/integration/pipeline.py,run,98,FunctionDef,True,"Process every predicted garment. No GT boxes, labels or matching enter here."
src/fashion_multimodal_analysis/integration/pipeline.py,run_downstream,135,FunctionDef,True,执行 downstream。
src/fashion_multimodal_analysis/integration/run_prd31_acceptance.py,gt_box,46,FunctionDef,True,gt 边界框。
src/fashion_multimodal_analysis/integration/run_prd31_acceptance.py,gt_roi,60,FunctionDef,True,gt roi。
src/fashion_multimodal_analysis/integration/run_prd31_acceptance.py,timing_summary,84,FunctionDef,True,汇总多次计时，记录均值、分位数和实际样本数量。
src/fashion_multimodal_analysis/integration/run_prd31_acceptance.py,serial_prediction,101,FunctionDef,True,serial 预测。
src/fashion_multimodal_analysis/integration/run_prd31_acceptance.py,draw_region,113,FunctionDef,True,绘制 区域。
src/fashion_multimodal_analysis/integration/run_prd31_acceptance.py,match_gt_cases,135,FunctionDef,True,匹配 gt 案例。
src/fashion_multimodal_analysis/integration/run_prd31_acceptance.py,segmentation_records,155,FunctionDef,True,分割 records。
src/fashion_multimodal_analysis/integration/run_prd31_acceptance.py,evaluate,210,FunctionDef,True,按固定评估设置计算结果，保留逐例记录和运行凭据。
src/fashion_multimodal_analysis/integration/run_prd31_acceptance.py,main,622,FunctionDef,True,解析运行参数并执行本模块的实验入口。
src/fashion_multimodal_analysis/integration/run_prd31_bbox_mask_isolation_ablation_v1.py,parse_args,112,FunctionDef,True,解析并校验命令行参数。
src/fashion_multimodal_analysis/integration/run_prd31_bbox_mask_isolation_ablation_v1.py,read_csv,127,FunctionDef,True,读取带表头的 CSV，保留每列原始字符串。
src/fashion_multimodal_analysis/integration/run_prd31_bbox_mask_isolation_ablation_v1.py,write_csv,145,FunctionDef,True,按确定的字段顺序保存实验 CSV。
src/fashion_multimodal_analysis/integration/run_prd31_bbox_mask_isolation_ablation_v1.py,resolve_path,177,FunctionDef,True,将清单或配置中的相对路径解析到当前项目/数据目录。
src/fashion_multimodal_analysis/integration/run_prd31_bbox_mask_isolation_ablation_v1.py,project_relative,189,FunctionDef,True,project relative。
src/fashion_multimodal_analysis/integration/run_prd31_bbox_mask_isolation_ablation_v1.py,norm_source,206,FunctionDef,True,规范化来源标识，使不同表格中的同一原图可连接。
src/fashion_multimodal_analysis/integration/run_prd31_bbox_mask_isolation_ablation_v1.py,key_of,218,FunctionDef,True,提取用于跨表连接的记录标识。
src/fashion_multimodal_analysis/integration/run_prd31_bbox_mask_isolation_ablation_v1.py,box_from_row,233,FunctionDef,True,边界框 from 记录。
src/fashion_multimodal_analysis/integration/run_prd31_bbox_mask_isolation_ablation_v1.py,load_binary_mask,249,FunctionDef,True,加载 二值 掩码。
src/fashion_multimodal_analysis/integration/run_prd31_bbox_mask_isolation_ablation_v1.py,reconstruct_full_mask,262,FunctionDef,True,Supports either:
src/fashion_multimodal_analysis/integration/run_prd31_bbox_mask_isolation_ablation_v1.py,clip_box,312,FunctionDef,True,CLIP 边界框。
src/fashion_multimodal_analysis/integration/run_prd31_bbox_mask_isolation_ablation_v1.py,save_condition_roi,336,FunctionDef,True,保存 condition roi。
src/fashion_multimodal_analysis/integration/run_prd31_bbox_mask_isolation_ablation_v1.py,run_module_main,398,FunctionDef,True,调用目标实验模块，保留命令行入口的运行语义。
src/fashion_multimodal_analysis/integration/run_prd31_bbox_mask_isolation_ablation_v1.py,first_existing,413,FunctionDef,True,按优先顺序返回存在的候选路径。
src/fashion_multimodal_analysis/integration/run_prd31_bbox_mask_isolation_ablation_v1.py,main,433,FunctionDef,True,解析运行参数并执行本模块的实验入口。
src/fashion_multimodal_analysis/integration/run_prd31_fullval_expansion_stage1.py,parse_args,83,FunctionDef,True,解析并校验命令行参数。
src/fashion_multimodal_analysis/integration/run_prd31_fullval_expansion_stage1.py,run_with_argv,113,FunctionDef,True,执行 with argv。
src/fashion_multimodal_analysis/integration/run_prd31_fullval_expansion_stage1.py,main,128,FunctionDef,True,解析运行参数并执行本模块的实验入口。
src/fashion_multimodal_analysis/integration/run_prd31_predicted_roi_attributes_fullval_v1.py,parse_args,91,FunctionDef,True,解析并校验命令行参数。
src/fashion_multimodal_analysis/integration/run_prd31_predicted_roi_attributes_fullval_v1.py,resolve_path,115,FunctionDef,True,将清单或配置中的相对路径解析到当前项目/数据目录。
src/fashion_multimodal_analysis/integration/run_prd31_predicted_roi_attributes_fullval_v1.py,read_csv,127,FunctionDef,True,读取带表头的 CSV，保留每列原始字符串。
src/fashion_multimodal_analysis/integration/run_prd31_predicted_roi_attributes_fullval_v1.py,write_csv,149,FunctionDef,True,按确定的字段顺序保存实验 CSV。
src/fashion_multimodal_analysis/integration/run_prd31_predicted_roi_attributes_fullval_v1.py,norm_source,185,FunctionDef,True,规范化来源标识，使不同表格中的同一原图可连接。
src/fashion_multimodal_analysis/integration/run_prd31_predicted_roi_attributes_fullval_v1.py,key_of,197,FunctionDef,True,提取用于跨表连接的记录标识。
src/fashion_multimodal_analysis/integration/run_prd31_predicted_roi_attributes_fullval_v1.py,run_module_main,212,FunctionDef,True,调用目标实验模块，保留命令行入口的运行语义。
src/fashion_multimodal_analysis/integration/run_prd31_predicted_roi_attributes_fullval_v1.py,first_existing,227,FunctionDef,True,按优先顺序返回存在的候选路径。
src/fashion_multimodal_analysis/integration/run_prd31_predicted_roi_attributes_fullval_v1.py,agreement,247,FunctionDef,True,计算两套预测在可比较样本上的一致性；不是人工真值准确率。
src/fashion_multimodal_analysis/integration/run_prd31_predicted_roi_attributes_fullval_v1.py,summarize_binary,262,FunctionDef,True,汇总二值判断的计数与比例。
src/fashion_multimodal_analysis/integration/run_prd31_predicted_roi_attributes_fullval_v1.py,pooled_output,292,FunctionDef,True,pooled 输出。
src/fashion_multimodal_analysis/integration/run_prd31_predicted_roi_attributes_fullval_v1.py,install_clip_compat,317,FunctionDef,True,Runtime-only compatibility patch.
src/fashion_multimodal_analysis/integration/run_prd31_predicted_roi_attributes_fullval_v1.py,main,408,FunctionDef,True,解析运行参数并执行本模块的实验入口。
src/fashion_multimodal_analysis/integration/run_prd31_predicted_roi_attributes_fullval_v1.py,encode_texts_compat,325,FunctionDef,True,编码 texts compat。
src/fashion_multimodal_analysis/integration/run_prd31_predicted_roi_attributes_fullval_v1.py,encode_image_compat,369,FunctionDef,True,编码 图像 compat。
src/fashion_multimodal_analysis/integration/run_prd31_predicted_roi_attributes_v1.py,parse_args,80,FunctionDef,True,解析并校验命令行参数。
src/fashion_multimodal_analysis/integration/run_prd31_predicted_roi_attributes_v1.py,resolve_path,104,FunctionDef,True,将清单或配置中的相对路径解析到当前项目/数据目录。
src/fashion_multimodal_analysis/integration/run_prd31_predicted_roi_attributes_v1.py,read_csv,116,FunctionDef,True,读取带表头的 CSV，保留每列原始字符串。
src/fashion_multimodal_analysis/integration/run_prd31_predicted_roi_attributes_v1.py,write_csv,134,FunctionDef,True,按确定的字段顺序保存实验 CSV。
src/fashion_multimodal_analysis/integration/run_prd31_predicted_roi_attributes_v1.py,norm_source,161,FunctionDef,True,规范化来源标识，使不同表格中的同一原图可连接。
src/fashion_multimodal_analysis/integration/run_prd31_predicted_roi_attributes_v1.py,key_of,173,FunctionDef,True,提取用于跨表连接的记录标识。
src/fashion_multimodal_analysis/integration/run_prd31_predicted_roi_attributes_v1.py,run_module_main,188,FunctionDef,True,调用目标实验模块，保留命令行入口的运行语义。
src/fashion_multimodal_analysis/integration/run_prd31_predicted_roi_attributes_v1.py,first_existing,203,FunctionDef,True,按优先顺序返回存在的候选路径。
src/fashion_multimodal_analysis/integration/run_prd31_predicted_roi_attributes_v1.py,agreement,220,FunctionDef,True,计算两套预测在可比较样本上的一致性；不是人工真值准确率。
src/fashion_multimodal_analysis/integration/run_prd31_predicted_roi_attributes_v1.py,summarize_binary,235,FunctionDef,True,汇总二值判断的计数与比例。
src/fashion_multimodal_analysis/integration/run_prd31_predicted_roi_attributes_v1.py,main,255,FunctionDef,True,解析运行参数并执行本模块的实验入口。
src/fashion_multimodal_analysis/integration/run_prd31_predicted_roi_attributes_v1_fixed.py,parse_args,78,FunctionDef,True,解析并校验命令行参数。
src/fashion_multimodal_analysis/integration/run_prd31_predicted_roi_attributes_v1_fixed.py,resolve_path,102,FunctionDef,True,将清单或配置中的相对路径解析到当前项目/数据目录。
src/fashion_multimodal_analysis/integration/run_prd31_predicted_roi_attributes_v1_fixed.py,read_csv,114,FunctionDef,True,读取带表头的 CSV，保留每列原始字符串。
src/fashion_multimodal_analysis/integration/run_prd31_predicted_roi_attributes_v1_fixed.py,write_csv,136,FunctionDef,True,按确定的字段顺序保存实验 CSV。
src/fashion_multimodal_analysis/integration/run_prd31_predicted_roi_attributes_v1_fixed.py,norm_source,172,FunctionDef,True,规范化来源标识，使不同表格中的同一原图可连接。
src/fashion_multimodal_analysis/integration/run_prd31_predicted_roi_attributes_v1_fixed.py,key_of,184,FunctionDef,True,提取用于跨表连接的记录标识。
src/fashion_multimodal_analysis/integration/run_prd31_predicted_roi_attributes_v1_fixed.py,run_module_main,199,FunctionDef,True,调用目标实验模块，保留命令行入口的运行语义。
src/fashion_multimodal_analysis/integration/run_prd31_predicted_roi_attributes_v1_fixed.py,first_existing,214,FunctionDef,True,按优先顺序返回存在的候选路径。
src/fashion_multimodal_analysis/integration/run_prd31_predicted_roi_attributes_v1_fixed.py,agreement,234,FunctionDef,True,计算两套预测在可比较样本上的一致性；不是人工真值准确率。
src/fashion_multimodal_analysis/integration/run_prd31_predicted_roi_attributes_v1_fixed.py,summarize_binary,249,FunctionDef,True,汇总二值判断的计数与比例。
src/fashion_multimodal_analysis/integration/run_prd31_predicted_roi_attributes_v1_fixed.py,pooled_output,279,FunctionDef,True,Handle both ModelOutput-style objects and tuple outputs.
src/fashion_multimodal_analysis/integration/run_prd31_predicted_roi_attributes_v1_fixed.py,install_clip_compat,306,FunctionDef,True,Patch module.encode_texts / module.encode_image so they do not pass
src/fashion_multimodal_analysis/integration/run_prd31_predicted_roi_attributes_v1_fixed.py,main,406,FunctionDef,True,解析运行参数并执行本模块的实验入口。
src/fashion_multimodal_analysis/integration/run_prd31_predicted_roi_attributes_v1_fixed.py,encode_texts_compat,314,FunctionDef,True,编码 texts compat。
src/fashion_multimodal_analysis/integration/run_prd31_predicted_roi_attributes_v1_fixed.py,encode_image_compat,363,FunctionDef,True,编码 图像 compat。
src/fashion_multimodal_analysis/integration/run_prd31_predicted_roi_attributes_v2.py,parse_args,80,FunctionDef,True,解析并校验命令行参数。
src/fashion_multimodal_analysis/integration/run_prd31_predicted_roi_attributes_v2.py,resolve_path,104,FunctionDef,True,将清单或配置中的相对路径解析到当前项目/数据目录。
src/fashion_multimodal_analysis/integration/run_prd31_predicted_roi_attributes_v2.py,read_csv,116,FunctionDef,True,读取带表头的 CSV，保留每列原始字符串。
src/fashion_multimodal_analysis/integration/run_prd31_predicted_roi_attributes_v2.py,write_csv,134,FunctionDef,True,按确定的字段顺序保存实验 CSV。
src/fashion_multimodal_analysis/integration/run_prd31_predicted_roi_attributes_v2.py,norm_source,161,FunctionDef,True,规范化来源标识，使不同表格中的同一原图可连接。
src/fashion_multimodal_analysis/integration/run_prd31_predicted_roi_attributes_v2.py,key_of,173,FunctionDef,True,提取用于跨表连接的记录标识。
src/fashion_multimodal_analysis/integration/run_prd31_predicted_roi_attributes_v2.py,run_module_main,188,FunctionDef,True,调用目标实验模块，保留命令行入口的运行语义。
src/fashion_multimodal_analysis/integration/run_prd31_predicted_roi_attributes_v2.py,first_existing,203,FunctionDef,True,按优先顺序返回存在的候选路径。
src/fashion_multimodal_analysis/integration/run_prd31_predicted_roi_attributes_v2.py,agreement,220,FunctionDef,True,计算两套预测在可比较样本上的一致性；不是人工真值准确率。
src/fashion_multimodal_analysis/integration/run_prd31_predicted_roi_attributes_v2.py,summarize_binary,235,FunctionDef,True,汇总二值判断的计数与比例。
src/fashion_multimodal_analysis/integration/run_prd31_predicted_roi_attributes_v2.py,main,255,FunctionDef,True,解析运行参数并执行本模块的实验入口。
src/fashion_multimodal_analysis/maintenance/check_assets.py,file_sha256,46,FunctionDef,True,分块计算文件摘要，避免将大模型一次性读入内存。
src/fashion_multimodal_analysis/maintenance/check_assets.py,inspect_assets,65,FunctionDef,True,检查历史身份记录对应的文件，并列出原始数据目录的存在状态。
src/fashion_multimodal_analysis/maintenance/check_assets.py,main,124,FunctionDef,True,解析只读检查参数，并输出 JSON 状态。
src/fashion_multimodal_analysis/maintenance/check_project.py,main,17,FunctionDef,True,解析运行参数并执行本模块的实验入口。
src/fashion_multimodal_analysis/maintenance/packaging/build_gpu_bundle_v3.py,ensure_file,66,FunctionDef,True,ensure 文件。
src/fashion_multimodal_analysis/maintenance/packaging/build_gpu_bundle_v3.py,load_benchmark_rows,80,FunctionDef,True,加载 基准 逐行记录。
src/fashion_multimodal_analysis/maintenance/packaging/build_gpu_bundle_v3.py,main,139,FunctionDef,True,解析运行参数并执行本模块的实验入口。
src/fashion_multimodal_analysis/maintenance/packaging/build_gpu_upload_bundle.py,main,52,FunctionDef,True,解析运行参数并执行本模块的实验入口。
src/fashion_multimodal_analysis/maintenance/packaging/prepare_prd8_gpu_package_v1.py,read_csv,81,FunctionDef,True,读取带表头的 CSV，保留每列原始字符串。
src/fashion_multimodal_analysis/maintenance/packaging/prepare_prd8_gpu_package_v1.py,write_csv,104,FunctionDef,True,按确定的字段顺序保存实验 CSV。
src/fashion_multimodal_analysis/maintenance/packaging/prepare_prd8_gpu_package_v1.py,resolve_from_project,124,FunctionDef,True,resolve from project。
src/fashion_multimodal_analysis/maintenance/packaging/prepare_prd8_gpu_package_v1.py,short_hash,136,FunctionDef,True,short hash。
src/fashion_multimodal_analysis/maintenance/packaging/prepare_prd8_gpu_package_v1.py,unique_target_name,148,FunctionDef,True,unique 目标 name。
src/fashion_multimodal_analysis/maintenance/packaging/prepare_prd8_gpu_package_v1.py,copy_once,165,FunctionDef,True,copy once。
src/fashion_multimodal_analysis/maintenance/packaging/prepare_prd8_gpu_package_v1.py,package_relative_to_project,201,FunctionDef,True,Return path relative to package's fashion_multimodal_analysis folder.
src/fashion_multimodal_analysis/maintenance/packaging/prepare_prd8_gpu_package_v1.py,rewrite_manifest,215,FunctionDef,True,rewrite 清单。
src/fashion_multimodal_analysis/maintenance/packaging/prepare_prd8_gpu_package_v1.py,make_zip,282,FunctionDef,True,生成 zip。
src/fashion_multimodal_analysis/maintenance/packaging/prepare_prd8_gpu_package_v1.py,main,306,FunctionDef,True,解析运行参数并执行本模块的实验入口。
src/fashion_multimodal_analysis/maintenance/packaging/runtime.py,copy_runtime,12,FunctionDef,True,复制分类入口所需的源码、注册表和名称别名。
src/fashion_multimodal_analysis/maintenance/run_prd31_recovery.py,record_progress,35,FunctionDef,True,"Persist the current stage before lengthy work, independently of the final result."
src/fashion_multimodal_analysis/maintenance/run_prd31_recovery.py,workflow_lock,62,FunctionDef,True,"On AutoDL, prevent a second workflow from writing to the same experiment."
src/fashion_multimodal_analysis/maintenance/run_prd31_recovery.py,show_status,98,FunctionDef,True,读取最近保存的流程状态；状态记录不等于进程仍在运行。
src/fashion_multimodal_analysis/maintenance/run_prd31_recovery.py,compact_state,130,FunctionDef,True,压缩状态展示，完整问题列表保留在原报告文件中。
src/fashion_multimodal_analysis/maintenance/run_prd31_recovery.py,preflight,154,FunctionDef,True,在训练前检查文件、依赖、CUDA 和 torchvision 运算可用性。
src/fashion_multimodal_analysis/maintenance/run_prd31_recovery.py,command,217,FunctionDef,True,启动当前项目的子命令，并保留日志与失败状态。
src/fashion_multimodal_analysis/maintenance/run_prd31_recovery.py,gpu_phase,292,FunctionDef,True,执行 GPU 训练/评估阶段，校验已有模型后再决定续训或复用。
src/fashion_multimodal_analysis/maintenance/run_prd31_recovery.py,finish_phase,438,FunctionDef,True,处理人工审核后的评估阶段。
src/fashion_multimodal_analysis/maintenance/run_prd31_recovery.py,run,506,FunctionDef,True,组织本模块的准备、执行和结果保存步骤。
src/fashion_multimodal_analysis/maintenance/run_prd31_recovery.py,save_state,571,FunctionDef,True,保存 状态。
src/fashion_multimodal_analysis/maintenance/run_prd31_recovery.py,main,589,FunctionDef,True,解析运行参数并执行本模块的实验入口。
src/fashion_multimodal_analysis/maintenance/run_prd31_recovery.py,display_new_output,246,FunctionDef,True,display new 输出。
src/fashion_multimodal_analysis/maintenance/summarize_saved_results.py,summary_values,18,FunctionDef,True,读取 key=value 格式的实验说明，保留原始字符串。
src/fashion_multimodal_analysis/maintenance/summarize_saved_results.py,collect_evaluations,38,FunctionDef,True,汇总主报告树的统一协议评估和较早的文本评估。
src/fashion_multimodal_analysis/maintenance/summarize_saved_results.py,main,115,FunctionDef,True,解析路径并写入独立汇总表，原报告保持不变。
src/fashion_multimodal_analysis/maintenance/verify_prd31_v5_speed.py,digest,35,FunctionDef,True,分块计算文件 SHA-256，核对文件身份而不加载整个权重到内存。
src/fashion_multimodal_analysis/maintenance/verify_prd31_v5_speed.py,rows,51,FunctionDef,True,读取 CSV 逐行记录，供既有结果回算。
src/fashion_multimodal_analysis/maintenance/verify_prd31_v5_speed.py,atomic_write,64,FunctionDef,True,先写临时文件再替换目标，避免中断产生不完整文件。
src/fashion_multimodal_analysis/maintenance/verify_prd31_v5_speed.py,original_decode,83,FunctionDef,True,按加速前的操作顺序解码预测，用于逐项验证加速结果相同。
src/fashion_multimodal_analysis/maintenance/verify_prd31_v5_speed.py,verify_equal,110,FunctionDef,True,逐项比较框、标签、置信度和掩码，拒绝改变预测结果的加速方案。
src/fashion_multimodal_analysis/maintenance/verify_prd31_v5_speed.py,verify_cuda,133,FunctionDef,True,在 CUDA 上检查后处理一致性，并覆盖空结果及阈值边界。
src/fashion_multimodal_analysis/maintenance/verify_prd31_v5_speed.py,check_accuracy,207,FunctionDef,True,连接两次逐例表，核对加速前后指标与判定是否一致。
src/fashion_multimodal_analysis/maintenance/verify_prd31_v5_speed.py,summary,271,FunctionDef,True,读取或整理当前实验的汇总字段。
src/fashion_multimodal_analysis/maintenance/verify_prd31_v5_speed.py,package,287,FunctionDef,True,package。
src/fashion_multimodal_analysis/maintenance/verify_prd31_v5_speed.py,run,315,FunctionDef,True,组织本模块的准备、执行和结果保存步骤。
src/fashion_multimodal_analysis/maintenance/verify_prd31_v5_speed.py,main,490,FunctionDef,True,解析运行参数并执行本模块的实验入口。
src/fashion_multimodal_analysis/segmentation/baselines/check_mask2former_forward.py,configure_logging,52,FunctionDef,True,Configure console logging.
src/fashion_multimodal_analysis/segmentation/baselines/check_mask2former_forward.py,create_label_mappings,60,FunctionDef,True,Create DeepFashion2 model label mappings.
src/fashion_multimodal_analysis/segmentation/baselines/check_mask2former_forward.py,main,73,FunctionDef,True,Run one Mask2Former training forward pass.
src/fashion_multimodal_analysis/segmentation/baselines/check_mask2former_train_step.py,configure_logging,55,FunctionDef,True,Configure console logging.
src/fashion_multimodal_analysis/segmentation/baselines/check_mask2former_train_step.py,create_label_mappings,63,FunctionDef,True,Create DeepFashion2 label mappings.
src/fashion_multimodal_analysis/segmentation/baselines/check_mask2former_train_step.py,main,76,FunctionDef,True,Run one complete Mask2Former optimization step.
src/fashion_multimodal_analysis/segmentation/baselines/check_mask2former_training_input.py,load_annotation,36,FunctionDef,True,Load one DeepFashion2 annotation.
src/fashion_multimodal_analysis/segmentation/baselines/check_mask2former_training_input.py,get_item_index,55,FunctionDef,True,Extract the numeric index from an item name.
src/fashion_multimodal_analysis/segmentation/baselines/check_mask2former_training_input.py,create_binary_mask,75,FunctionDef,True,Convert segmentation polygons into one binary mask.
src/fashion_multimodal_analysis/segmentation/baselines/check_mask2former_training_input.py,create_instance_segmentation_map,124,FunctionDef,True,Create an instance map and instance-to-class mapping.
src/fashion_multimodal_analysis/segmentation/baselines/check_mask2former_training_input.py,configure_logging,202,FunctionDef,True,Configure console logging.
src/fashion_multimodal_analysis/segmentation/baselines/check_mask2former_training_input.py,main,210,FunctionDef,True,Verify one Mask2Former training input.
src/fashion_multimodal_analysis/segmentation/baselines/run_mask2former_baseline.py,configure_logging,48,FunctionDef,True,Configure console logging.
src/fashion_multimodal_analysis/segmentation/baselines/run_mask2former_baseline.py,mask_to_bbox,56,FunctionDef,True,Calculate a bounding box from a binary instance mask.
src/fashion_multimodal_analysis/segmentation/baselines/run_mask2former_baseline.py,get_label_name,81,FunctionDef,True,Resolve a model class ID to its label name.
src/fashion_multimodal_analysis/segmentation/baselines/run_mask2former_baseline.py,run_inference,105,FunctionDef,True,Run Mask2Former instance segmentation on one image.
src/fashion_multimodal_analysis/segmentation/baselines/run_mask2former_baseline.py,visualize_instances,141,FunctionDef,True,"Visualize predicted masks, bounding boxes, and class labels."
src/fashion_multimodal_analysis/segmentation/baselines/run_mask2former_baseline.py,save_image,234,FunctionDef,True,Save an OpenCV image and validate the write operation.
src/fashion_multimodal_analysis/segmentation/baselines/run_mask2former_baseline.py,main,259,FunctionDef,True,Run the Mask2Former baseline inference workflow.
src/fashion_multimodal_analysis/segmentation/diagnostics/diagnose_resized_crop_inference.py,main,16,FunctionDef,True,解析运行参数并执行本模块的实验入口。
src/fashion_multimodal_analysis/segmentation/diagnostics/diagnose_small_crop_resize.py,main,16,FunctionDef,True,解析运行参数并执行本模块的实验入口。
src/fashion_multimodal_analysis/segmentation/diagnostics/infer_small_crop.py,main,16,FunctionDef,True,解析运行参数并执行本模块的实验入口。
src/fashion_multimodal_analysis/segmentation/evaluation/compare_prd_8class_balanced_vs_nobalance.py,parse_args,74,FunctionDef,True,解析并校验命令行参数。
src/fashion_multimodal_analysis/segmentation/evaluation/compare_prd_8class_balanced_vs_nobalance.py,read_csv,88,FunctionDef,True,读取带表头的 CSV，保留每列原始字符串。
src/fashion_multimodal_analysis/segmentation/evaluation/compare_prd_8class_balanced_vs_nobalance.py,write_csv,101,FunctionDef,True,按确定的字段顺序保存实验 CSV。
src/fashion_multimodal_analysis/segmentation/evaluation/compare_prd_8class_balanced_vs_nobalance.py,parse_summary,118,FunctionDef,True,解析 汇总。
src/fashion_multimodal_analysis/segmentation/evaluation/compare_prd_8class_balanced_vs_nobalance.py,fnum,137,FunctionDef,True,fnum。
src/fashion_multimodal_analysis/segmentation/evaluation/compare_prd_8class_balanced_vs_nobalance.py,fmt,155,FunctionDef,True,把统计值转换为报告显示文本。
src/fashion_multimodal_analysis/segmentation/evaluation/compare_prd_8class_balanced_vs_nobalance.py,as_bool,167,FunctionDef,True,as bool。
src/fashion_multimodal_analysis/segmentation/evaluation/compare_prd_8class_balanced_vs_nobalance.py,run_eval,179,FunctionDef,True,执行 eval。
src/fashion_multimodal_analysis/segmentation/evaluation/compare_prd_8class_balanced_vs_nobalance.py,class_exact,231,FunctionDef,True,类别 exact。
src/fashion_multimodal_analysis/segmentation/evaluation/compare_prd_8class_balanced_vs_nobalance.py,load_by_key,269,FunctionDef,True,加载 by 标识。
src/fashion_multimodal_analysis/segmentation/evaluation/compare_prd_8class_balanced_vs_nobalance.py,pooled,282,FunctionDef,True,pooled。
src/fashion_multimodal_analysis/segmentation/evaluation/compare_prd_8class_balanced_vs_nobalance.py,main,320,FunctionDef,True,解析运行参数并执行本模块的实验入口。
src/fashion_multimodal_analysis/segmentation/evaluation/eval_prd31_core_regression_v2_balanced_v1.py,args_parse,78,FunctionDef,True,解析本次实验的命令行参数。
src/fashion_multimodal_analysis/segmentation/evaluation/eval_prd31_core_regression_v2_balanced_v1.py,resolve_path,102,FunctionDef,True,将清单或配置中的相对路径解析到当前项目/数据目录。
src/fashion_multimodal_analysis/segmentation/evaluation/eval_prd31_core_regression_v2_balanced_v1.py,read_csv,114,FunctionDef,True,读取带表头的 CSV，保留每列原始字符串。
src/fashion_multimodal_analysis/segmentation/evaluation/eval_prd31_core_regression_v2_balanced_v1.py,group_rows,127,FunctionDef,True,按共同标识分组记录，避免同一对象被重复统计。
src/fashion_multimodal_analysis/segmentation/evaluation/eval_prd31_core_regression_v2_balanced_v1.py,open_mask,146,FunctionDef,True,读取掩码并转换为当前实验使用的前景表示。
src/fashion_multimodal_analysis/segmentation/evaluation/eval_prd31_core_regression_v2_balanced_v1.py,reconstruct_mask,159,FunctionDef,True,将 ROI 掩码放回原图坐标，保证后续 IoU 使用同一坐标系。
src/fashion_multimodal_analysis/segmentation/evaluation/eval_prd31_core_regression_v2_balanced_v1.py,ValDataset,188,ClassDef,True,保存 ValDataset 的数据/运行职责。
src/fashion_multimodal_analysis/segmentation/evaluation/eval_prd31_core_regression_v2_balanced_v1.py,choose_device,272,FunctionDef,True,选择可用计算设备，并按本实验策略处理 CUDA 可用性。
src/fashion_multimodal_analysis/segmentation/evaluation/eval_prd31_core_regression_v2_balanced_v1.py,write_csv,293,FunctionDef,True,按确定的字段顺序保存实验 CSV。
src/fashion_multimodal_analysis/segmentation/evaluation/eval_prd31_core_regression_v2_balanced_v1.py,ratio,310,FunctionDef,True,按当前调用方定义的分子与分母计算比例。
src/fashion_multimodal_analysis/segmentation/evaluation/eval_prd31_core_regression_v2_balanced_v1.py,mean,323,FunctionDef,True,计算本组数值的平均值，并按本模块策略处理空组。
src/fashion_multimodal_analysis/segmentation/evaluation/eval_prd31_core_regression_v2_balanced_v1.py,fmt,335,FunctionDef,True,把统计值转换为报告显示文本。
src/fashion_multimodal_analysis/segmentation/evaluation/eval_prd31_core_regression_v2_balanced_v1.py,summarize,351,FunctionDef,True,汇总逐例结果，保持当前指标的分母定义。
src/fashion_multimodal_analysis/segmentation/evaluation/eval_prd31_core_regression_v2_balanced_v1.py,draw_vis,393,FunctionDef,True,绘制预测与参考区域，便于检查位置和边界。
src/fashion_multimodal_analysis/segmentation/evaluation/eval_prd31_core_regression_v2_balanced_v1.py,main,435,FunctionDef,True,解析运行参数并执行本模块的实验入口。
src/fashion_multimodal_analysis/segmentation/evaluation/eval_prd31_core_regression_v2_balanced_v1.py,__init__,195,FunctionDef,False,保存当前对象需要的配置、数据引用和状态。
src/fashion_multimodal_analysis/segmentation/evaluation/eval_prd31_core_regression_v2_balanced_v1.py,__len__,203,FunctionDef,False,返回当前数据集或容器中的样本数量。
src/fashion_multimodal_analysis/segmentation/evaluation/eval_prd31_core_regression_v2_balanced_v1.py,__getitem__,211,FunctionDef,False,取得指定样本，并生成本数据集约定的输入和目标。
src/fashion_multimodal_analysis/segmentation/evaluation/eval_prd_8class_maskrcnn_baseline_v1.py,args_parse,78,FunctionDef,True,解析本次实验的命令行参数。
src/fashion_multimodal_analysis/segmentation/evaluation/eval_prd_8class_maskrcnn_baseline_v1.py,resolve_path,102,FunctionDef,True,将清单或配置中的相对路径解析到当前项目/数据目录。
src/fashion_multimodal_analysis/segmentation/evaluation/eval_prd_8class_maskrcnn_baseline_v1.py,read_csv,114,FunctionDef,True,读取带表头的 CSV，保留每列原始字符串。
src/fashion_multimodal_analysis/segmentation/evaluation/eval_prd_8class_maskrcnn_baseline_v1.py,group_rows,127,FunctionDef,True,按共同标识分组记录，避免同一对象被重复统计。
src/fashion_multimodal_analysis/segmentation/evaluation/eval_prd_8class_maskrcnn_baseline_v1.py,open_mask,146,FunctionDef,True,读取掩码并转换为当前实验使用的前景表示。
src/fashion_multimodal_analysis/segmentation/evaluation/eval_prd_8class_maskrcnn_baseline_v1.py,reconstruct_mask,159,FunctionDef,True,将 ROI 掩码放回原图坐标，保证后续 IoU 使用同一坐标系。
src/fashion_multimodal_analysis/segmentation/evaluation/eval_prd_8class_maskrcnn_baseline_v1.py,ValDataset,188,ClassDef,True,保存 ValDataset 的数据/运行职责。
src/fashion_multimodal_analysis/segmentation/evaluation/eval_prd_8class_maskrcnn_baseline_v1.py,choose_device,271,FunctionDef,True,选择可用计算设备，并按本实验策略处理 CUDA 可用性。
src/fashion_multimodal_analysis/segmentation/evaluation/eval_prd_8class_maskrcnn_baseline_v1.py,write_csv,292,FunctionDef,True,按确定的字段顺序保存实验 CSV。
src/fashion_multimodal_analysis/segmentation/evaluation/eval_prd_8class_maskrcnn_baseline_v1.py,ratio,309,FunctionDef,True,按当前调用方定义的分子与分母计算比例。
src/fashion_multimodal_analysis/segmentation/evaluation/eval_prd_8class_maskrcnn_baseline_v1.py,mean,322,FunctionDef,True,计算本组数值的平均值，并按本模块策略处理空组。
src/fashion_multimodal_analysis/segmentation/evaluation/eval_prd_8class_maskrcnn_baseline_v1.py,fmt,334,FunctionDef,True,把统计值转换为报告显示文本。
src/fashion_multimodal_analysis/segmentation/evaluation/eval_prd_8class_maskrcnn_baseline_v1.py,summarize,350,FunctionDef,True,汇总逐例结果，保持当前指标的分母定义。
src/fashion_multimodal_analysis/segmentation/evaluation/eval_prd_8class_maskrcnn_baseline_v1.py,draw_vis,392,FunctionDef,True,绘制预测与参考区域，便于检查位置和边界。
src/fashion_multimodal_analysis/segmentation/evaluation/eval_prd_8class_maskrcnn_baseline_v1.py,main,434,FunctionDef,True,解析运行参数并执行本模块的实验入口。
src/fashion_multimodal_analysis/segmentation/evaluation/eval_prd_8class_maskrcnn_baseline_v1.py,__init__,195,FunctionDef,False,保存当前对象需要的配置、数据引用和状态。
src/fashion_multimodal_analysis/segmentation/evaluation/eval_prd_8class_maskrcnn_baseline_v1.py,__len__,203,FunctionDef,False,返回当前数据集或容器中的样本数量。
src/fashion_multimodal_analysis/segmentation/evaluation/eval_prd_8class_maskrcnn_baseline_v1.py,__getitem__,211,FunctionDef,False,取得指定样本，并生成本数据集约定的输入和目标。
src/fashion_multimodal_analysis/segmentation/evaluation/eval_prd_8class_maskrcnn_baseline_v2.py,args_parse,78,FunctionDef,True,解析本次实验的命令行参数。
src/fashion_multimodal_analysis/segmentation/evaluation/eval_prd_8class_maskrcnn_baseline_v2.py,resolve_path,102,FunctionDef,True,将清单或配置中的相对路径解析到当前项目/数据目录。
src/fashion_multimodal_analysis/segmentation/evaluation/eval_prd_8class_maskrcnn_baseline_v2.py,read_csv,114,FunctionDef,True,读取带表头的 CSV，保留每列原始字符串。
src/fashion_multimodal_analysis/segmentation/evaluation/eval_prd_8class_maskrcnn_baseline_v2.py,group_rows,127,FunctionDef,True,按共同标识分组记录，避免同一对象被重复统计。
src/fashion_multimodal_analysis/segmentation/evaluation/eval_prd_8class_maskrcnn_baseline_v2.py,open_mask,146,FunctionDef,True,读取掩码并转换为当前实验使用的前景表示。
src/fashion_multimodal_analysis/segmentation/evaluation/eval_prd_8class_maskrcnn_baseline_v2.py,reconstruct_mask,159,FunctionDef,True,将 ROI 掩码放回原图坐标，保证后续 IoU 使用同一坐标系。
src/fashion_multimodal_analysis/segmentation/evaluation/eval_prd_8class_maskrcnn_baseline_v2.py,ValDataset,188,ClassDef,True,保存 ValDataset 的数据/运行职责。
src/fashion_multimodal_analysis/segmentation/evaluation/eval_prd_8class_maskrcnn_baseline_v2.py,choose_device,279,FunctionDef,True,选择可用计算设备，并按本实验策略处理 CUDA 可用性。
src/fashion_multimodal_analysis/segmentation/evaluation/eval_prd_8class_maskrcnn_baseline_v2.py,write_csv,300,FunctionDef,True,按确定的字段顺序保存实验 CSV。
src/fashion_multimodal_analysis/segmentation/evaluation/eval_prd_8class_maskrcnn_baseline_v2.py,ratio,317,FunctionDef,True,按当前调用方定义的分子与分母计算比例。
src/fashion_multimodal_analysis/segmentation/evaluation/eval_prd_8class_maskrcnn_baseline_v2.py,mean,330,FunctionDef,True,计算本组数值的平均值，并按本模块策略处理空组。
src/fashion_multimodal_analysis/segmentation/evaluation/eval_prd_8class_maskrcnn_baseline_v2.py,fmt,342,FunctionDef,True,把统计值转换为报告显示文本。
src/fashion_multimodal_analysis/segmentation/evaluation/eval_prd_8class_maskrcnn_baseline_v2.py,summarize,358,FunctionDef,True,Overall/source-level summary.
src/fashion_multimodal_analysis/segmentation/evaluation/eval_prd_8class_maskrcnn_baseline_v2.py,summarize_per_class,403,FunctionDef,True,Per-class summary with a valid class-aware precision denominator.
src/fashion_multimodal_analysis/segmentation/evaluation/eval_prd_8class_maskrcnn_baseline_v2.py,draw_vis,455,FunctionDef,True,绘制预测与参考区域，便于检查位置和边界。
src/fashion_multimodal_analysis/segmentation/evaluation/eval_prd_8class_maskrcnn_baseline_v2.py,main,497,FunctionDef,True,解析运行参数并执行本模块的实验入口。
src/fashion_multimodal_analysis/segmentation/evaluation/eval_prd_8class_maskrcnn_baseline_v2.py,__init__,195,FunctionDef,False,保存当前对象需要的配置、数据引用和状态。
src/fashion_multimodal_analysis/segmentation/evaluation/eval_prd_8class_maskrcnn_baseline_v2.py,__len__,203,FunctionDef,False,返回当前数据集或容器中的样本数量。
src/fashion_multimodal_analysis/segmentation/evaluation/eval_prd_8class_maskrcnn_baseline_v2.py,__getitem__,211,FunctionDef,False,取得指定样本，并生成本数据集约定的输入和目标。
src/fashion_multimodal_analysis/segmentation/evaluation/eval_prd_8class_maskrcnn_v3_a1_highres.py,args_parse,78,FunctionDef,True,解析本次实验的命令行参数。
src/fashion_multimodal_analysis/segmentation/evaluation/eval_prd_8class_maskrcnn_v3_a1_highres.py,resolve_path,102,FunctionDef,True,将清单或配置中的相对路径解析到当前项目/数据目录。
src/fashion_multimodal_analysis/segmentation/evaluation/eval_prd_8class_maskrcnn_v3_a1_highres.py,read_csv,114,FunctionDef,True,读取带表头的 CSV，保留每列原始字符串。
src/fashion_multimodal_analysis/segmentation/evaluation/eval_prd_8class_maskrcnn_v3_a1_highres.py,group_rows,127,FunctionDef,True,按共同标识分组记录，避免同一对象被重复统计。
src/fashion_multimodal_analysis/segmentation/evaluation/eval_prd_8class_maskrcnn_v3_a1_highres.py,open_mask,146,FunctionDef,True,读取掩码并转换为当前实验使用的前景表示。
src/fashion_multimodal_analysis/segmentation/evaluation/eval_prd_8class_maskrcnn_v3_a1_highres.py,reconstruct_mask,159,FunctionDef,True,将 ROI 掩码放回原图坐标，保证后续 IoU 使用同一坐标系。
src/fashion_multimodal_analysis/segmentation/evaluation/eval_prd_8class_maskrcnn_v3_a1_highres.py,ValDataset,188,ClassDef,True,保存 ValDataset 的数据/运行职责。
src/fashion_multimodal_analysis/segmentation/evaluation/eval_prd_8class_maskrcnn_v3_a1_highres.py,choose_device,279,FunctionDef,True,选择可用计算设备，并按本实验策略处理 CUDA 可用性。
src/fashion_multimodal_analysis/segmentation/evaluation/eval_prd_8class_maskrcnn_v3_a1_highres.py,write_csv,300,FunctionDef,True,按确定的字段顺序保存实验 CSV。
src/fashion_multimodal_analysis/segmentation/evaluation/eval_prd_8class_maskrcnn_v3_a1_highres.py,ratio,317,FunctionDef,True,按当前调用方定义的分子与分母计算比例。
src/fashion_multimodal_analysis/segmentation/evaluation/eval_prd_8class_maskrcnn_v3_a1_highres.py,mean,330,FunctionDef,True,计算本组数值的平均值，并按本模块策略处理空组。
src/fashion_multimodal_analysis/segmentation/evaluation/eval_prd_8class_maskrcnn_v3_a1_highres.py,fmt,342,FunctionDef,True,把统计值转换为报告显示文本。
src/fashion_multimodal_analysis/segmentation/evaluation/eval_prd_8class_maskrcnn_v3_a1_highres.py,summarize,358,FunctionDef,True,Overall/source-level summary.
src/fashion_multimodal_analysis/segmentation/evaluation/eval_prd_8class_maskrcnn_v3_a1_highres.py,summarize_per_class,403,FunctionDef,True,Per-class summary with a valid class-aware precision denominator.
src/fashion_multimodal_analysis/segmentation/evaluation/eval_prd_8class_maskrcnn_v3_a1_highres.py,draw_vis,455,FunctionDef,True,绘制预测与参考区域，便于检查位置和边界。
src/fashion_multimodal_analysis/segmentation/evaluation/eval_prd_8class_maskrcnn_v3_a1_highres.py,main,497,FunctionDef,True,解析运行参数并执行本模块的实验入口。
src/fashion_multimodal_analysis/segmentation/evaluation/eval_prd_8class_maskrcnn_v3_a1_highres.py,__init__,195,FunctionDef,False,保存当前对象需要的配置、数据引用和状态。
src/fashion_multimodal_analysis/segmentation/evaluation/eval_prd_8class_maskrcnn_v3_a1_highres.py,__len__,203,FunctionDef,False,返回当前数据集或容器中的样本数量。
src/fashion_multimodal_analysis/segmentation/evaluation/eval_prd_8class_maskrcnn_v3_a1_highres.py,__getitem__,211,FunctionDef,False,取得指定样本，并生成本数据集约定的输入和目标。
src/fashion_multimodal_analysis/segmentation/evaluation/eval_prd_8class_maskrcnn_v3_a2_smallanchors.py,args_parse,76,FunctionDef,True,解析本次实验的命令行参数。
src/fashion_multimodal_analysis/segmentation/evaluation/eval_prd_8class_maskrcnn_v3_a2_smallanchors.py,resolve_path,100,FunctionDef,True,将清单或配置中的相对路径解析到当前项目/数据目录。
src/fashion_multimodal_analysis/segmentation/evaluation/eval_prd_8class_maskrcnn_v3_a2_smallanchors.py,read_csv,112,FunctionDef,True,读取带表头的 CSV，保留每列原始字符串。
src/fashion_multimodal_analysis/segmentation/evaluation/eval_prd_8class_maskrcnn_v3_a2_smallanchors.py,group_rows,125,FunctionDef,True,按共同标识分组记录，避免同一对象被重复统计。
src/fashion_multimodal_analysis/segmentation/evaluation/eval_prd_8class_maskrcnn_v3_a2_smallanchors.py,open_mask,144,FunctionDef,True,读取掩码并转换为当前实验使用的前景表示。
src/fashion_multimodal_analysis/segmentation/evaluation/eval_prd_8class_maskrcnn_v3_a2_smallanchors.py,reconstruct_mask,157,FunctionDef,True,将 ROI 掩码放回原图坐标，保证后续 IoU 使用同一坐标系。
src/fashion_multimodal_analysis/segmentation/evaluation/eval_prd_8class_maskrcnn_v3_a2_smallanchors.py,ValDataset,186,ClassDef,True,保存 ValDataset 的数据/运行职责。
src/fashion_multimodal_analysis/segmentation/evaluation/eval_prd_8class_maskrcnn_v3_a2_smallanchors.py,build_model,277,FunctionDef,True,构造与当前实验标签空间和输入尺寸一致的模型。
src/fashion_multimodal_analysis/segmentation/evaluation/eval_prd_8class_maskrcnn_v3_a2_smallanchors.py,choose_device,309,FunctionDef,True,选择可用计算设备，并按本实验策略处理 CUDA 可用性。
src/fashion_multimodal_analysis/segmentation/evaluation/eval_prd_8class_maskrcnn_v3_a2_smallanchors.py,write_csv,330,FunctionDef,True,按确定的字段顺序保存实验 CSV。
src/fashion_multimodal_analysis/segmentation/evaluation/eval_prd_8class_maskrcnn_v3_a2_smallanchors.py,ratio,347,FunctionDef,True,按当前调用方定义的分子与分母计算比例。
src/fashion_multimodal_analysis/segmentation/evaluation/eval_prd_8class_maskrcnn_v3_a2_smallanchors.py,mean,360,FunctionDef,True,计算本组数值的平均值，并按本模块策略处理空组。
src/fashion_multimodal_analysis/segmentation/evaluation/eval_prd_8class_maskrcnn_v3_a2_smallanchors.py,fmt,372,FunctionDef,True,把统计值转换为报告显示文本。
src/fashion_multimodal_analysis/segmentation/evaluation/eval_prd_8class_maskrcnn_v3_a2_smallanchors.py,summarize,388,FunctionDef,True,Overall/source-level summary.
src/fashion_multimodal_analysis/segmentation/evaluation/eval_prd_8class_maskrcnn_v3_a2_smallanchors.py,summarize_per_class,433,FunctionDef,True,Per-class summary with a valid class-aware precision denominator.
src/fashion_multimodal_analysis/segmentation/evaluation/eval_prd_8class_maskrcnn_v3_a2_smallanchors.py,draw_vis,485,FunctionDef,True,绘制预测与参考区域，便于检查位置和边界。
src/fashion_multimodal_analysis/segmentation/evaluation/eval_prd_8class_maskrcnn_v3_a2_smallanchors.py,main,527,FunctionDef,True,解析运行参数并执行本模块的实验入口。
src/fashion_multimodal_analysis/segmentation/evaluation/eval_prd_8class_maskrcnn_v3_a2_smallanchors.py,__init__,193,FunctionDef,False,保存当前对象需要的配置、数据引用和状态。
src/fashion_multimodal_analysis/segmentation/evaluation/eval_prd_8class_maskrcnn_v3_a2_smallanchors.py,__len__,201,FunctionDef,False,返回当前数据集或容器中的样本数量。
src/fashion_multimodal_analysis/segmentation/evaluation/eval_prd_8class_maskrcnn_v3_a2_smallanchors.py,__getitem__,209,FunctionDef,False,取得指定样本，并生成本数据集约定的输入和目标。
src/fashion_multimodal_analysis/segmentation/evaluation/eval_prd_8class_maskrcnn_v3_a2b_p2small.py,args_parse,76,FunctionDef,True,解析本次实验的命令行参数。
src/fashion_multimodal_analysis/segmentation/evaluation/eval_prd_8class_maskrcnn_v3_a2b_p2small.py,resolve_path,100,FunctionDef,True,将清单或配置中的相对路径解析到当前项目/数据目录。
src/fashion_multimodal_analysis/segmentation/evaluation/eval_prd_8class_maskrcnn_v3_a2b_p2small.py,read_csv,112,FunctionDef,True,读取带表头的 CSV，保留每列原始字符串。
src/fashion_multimodal_analysis/segmentation/evaluation/eval_prd_8class_maskrcnn_v3_a2b_p2small.py,group_rows,125,FunctionDef,True,按共同标识分组记录，避免同一对象被重复统计。
src/fashion_multimodal_analysis/segmentation/evaluation/eval_prd_8class_maskrcnn_v3_a2b_p2small.py,open_mask,144,FunctionDef,True,读取掩码并转换为当前实验使用的前景表示。
src/fashion_multimodal_analysis/segmentation/evaluation/eval_prd_8class_maskrcnn_v3_a2b_p2small.py,reconstruct_mask,157,FunctionDef,True,将 ROI 掩码放回原图坐标，保证后续 IoU 使用同一坐标系。
src/fashion_multimodal_analysis/segmentation/evaluation/eval_prd_8class_maskrcnn_v3_a2b_p2small.py,ValDataset,186,ClassDef,True,保存 ValDataset 的数据/运行职责。
src/fashion_multimodal_analysis/segmentation/evaluation/eval_prd_8class_maskrcnn_v3_a2b_p2small.py,build_model,277,FunctionDef,True,构造与当前实验标签空间和输入尺寸一致的模型。
src/fashion_multimodal_analysis/segmentation/evaluation/eval_prd_8class_maskrcnn_v3_a2b_p2small.py,choose_device,309,FunctionDef,True,选择可用计算设备，并按本实验策略处理 CUDA 可用性。
src/fashion_multimodal_analysis/segmentation/evaluation/eval_prd_8class_maskrcnn_v3_a2b_p2small.py,write_csv,330,FunctionDef,True,按确定的字段顺序保存实验 CSV。
src/fashion_multimodal_analysis/segmentation/evaluation/eval_prd_8class_maskrcnn_v3_a2b_p2small.py,ratio,347,FunctionDef,True,按当前调用方定义的分子与分母计算比例。
src/fashion_multimodal_analysis/segmentation/evaluation/eval_prd_8class_maskrcnn_v3_a2b_p2small.py,mean,360,FunctionDef,True,计算本组数值的平均值，并按本模块策略处理空组。
src/fashion_multimodal_analysis/segmentation/evaluation/eval_prd_8class_maskrcnn_v3_a2b_p2small.py,fmt,372,FunctionDef,True,把统计值转换为报告显示文本。
src/fashion_multimodal_analysis/segmentation/evaluation/eval_prd_8class_maskrcnn_v3_a2b_p2small.py,summarize,388,FunctionDef,True,Overall/source-level summary.
src/fashion_multimodal_analysis/segmentation/evaluation/eval_prd_8class_maskrcnn_v3_a2b_p2small.py,summarize_per_class,433,FunctionDef,True,Per-class summary with a valid class-aware precision denominator.
src/fashion_multimodal_analysis/segmentation/evaluation/eval_prd_8class_maskrcnn_v3_a2b_p2small.py,draw_vis,485,FunctionDef,True,绘制预测与参考区域，便于检查位置和边界。
src/fashion_multimodal_analysis/segmentation/evaluation/eval_prd_8class_maskrcnn_v3_a2b_p2small.py,main,527,FunctionDef,True,解析运行参数并执行本模块的实验入口。
src/fashion_multimodal_analysis/segmentation/evaluation/eval_prd_8class_maskrcnn_v3_a2b_p2small.py,__init__,193,FunctionDef,False,保存当前对象需要的配置、数据引用和状态。
src/fashion_multimodal_analysis/segmentation/evaluation/eval_prd_8class_maskrcnn_v3_a2b_p2small.py,__len__,201,FunctionDef,False,返回当前数据集或容器中的样本数量。
src/fashion_multimodal_analysis/segmentation/evaluation/eval_prd_8class_maskrcnn_v3_a2b_p2small.py,__getitem__,209,FunctionDef,False,取得指定样本，并生成本数据集约定的输入和目标。
src/fashion_multimodal_analysis/segmentation/evaluation/eval_prd_8class_maskrcnn_v3_a3_smallsampling.py,args_parse,78,FunctionDef,True,解析本次实验的命令行参数。
src/fashion_multimodal_analysis/segmentation/evaluation/eval_prd_8class_maskrcnn_v3_a3_smallsampling.py,resolve_path,102,FunctionDef,True,将清单或配置中的相对路径解析到当前项目/数据目录。
src/fashion_multimodal_analysis/segmentation/evaluation/eval_prd_8class_maskrcnn_v3_a3_smallsampling.py,read_csv,114,FunctionDef,True,读取带表头的 CSV，保留每列原始字符串。
src/fashion_multimodal_analysis/segmentation/evaluation/eval_prd_8class_maskrcnn_v3_a3_smallsampling.py,group_rows,127,FunctionDef,True,按共同标识分组记录，避免同一对象被重复统计。
src/fashion_multimodal_analysis/segmentation/evaluation/eval_prd_8class_maskrcnn_v3_a3_smallsampling.py,open_mask,146,FunctionDef,True,读取掩码并转换为当前实验使用的前景表示。
src/fashion_multimodal_analysis/segmentation/evaluation/eval_prd_8class_maskrcnn_v3_a3_smallsampling.py,reconstruct_mask,159,FunctionDef,True,将 ROI 掩码放回原图坐标，保证后续 IoU 使用同一坐标系。
src/fashion_multimodal_analysis/segmentation/evaluation/eval_prd_8class_maskrcnn_v3_a3_smallsampling.py,ValDataset,188,ClassDef,True,保存 ValDataset 的数据/运行职责。
src/fashion_multimodal_analysis/segmentation/evaluation/eval_prd_8class_maskrcnn_v3_a3_smallsampling.py,choose_device,279,FunctionDef,True,选择可用计算设备，并按本实验策略处理 CUDA 可用性。
src/fashion_multimodal_analysis/segmentation/evaluation/eval_prd_8class_maskrcnn_v3_a3_smallsampling.py,write_csv,300,FunctionDef,True,按确定的字段顺序保存实验 CSV。
src/fashion_multimodal_analysis/segmentation/evaluation/eval_prd_8class_maskrcnn_v3_a3_smallsampling.py,ratio,317,FunctionDef,True,按当前调用方定义的分子与分母计算比例。
src/fashion_multimodal_analysis/segmentation/evaluation/eval_prd_8class_maskrcnn_v3_a3_smallsampling.py,mean,330,FunctionDef,True,计算本组数值的平均值，并按本模块策略处理空组。
src/fashion_multimodal_analysis/segmentation/evaluation/eval_prd_8class_maskrcnn_v3_a3_smallsampling.py,fmt,342,FunctionDef,True,把统计值转换为报告显示文本。
src/fashion_multimodal_analysis/segmentation/evaluation/eval_prd_8class_maskrcnn_v3_a3_smallsampling.py,summarize,358,FunctionDef,True,Overall/source-level summary.
src/fashion_multimodal_analysis/segmentation/evaluation/eval_prd_8class_maskrcnn_v3_a3_smallsampling.py,summarize_per_class,403,FunctionDef,True,Per-class summary with a valid class-aware precision denominator.
src/fashion_multimodal_analysis/segmentation/evaluation/eval_prd_8class_maskrcnn_v3_a3_smallsampling.py,draw_vis,455,FunctionDef,True,绘制预测与参考区域，便于检查位置和边界。
src/fashion_multimodal_analysis/segmentation/evaluation/eval_prd_8class_maskrcnn_v3_a3_smallsampling.py,main,497,FunctionDef,True,解析运行参数并执行本模块的实验入口。
src/fashion_multimodal_analysis/segmentation/evaluation/eval_prd_8class_maskrcnn_v3_a3_smallsampling.py,__init__,195,FunctionDef,False,保存当前对象需要的配置、数据引用和状态。
src/fashion_multimodal_analysis/segmentation/evaluation/eval_prd_8class_maskrcnn_v3_a3_smallsampling.py,__len__,203,FunctionDef,False,返回当前数据集或容器中的样本数量。
src/fashion_multimodal_analysis/segmentation/evaluation/eval_prd_8class_maskrcnn_v3_a3_smallsampling.py,__getitem__,211,FunctionDef,False,取得指定样本，并生成本数据集约定的输入和目标。
src/fashion_multimodal_analysis/segmentation/evaluation/eval_prd_8class_maskrcnn_v3_b1_dataexp.py,args_parse,78,FunctionDef,True,解析本次实验的命令行参数。
src/fashion_multimodal_analysis/segmentation/evaluation/eval_prd_8class_maskrcnn_v3_b1_dataexp.py,resolve_path,102,FunctionDef,True,将清单或配置中的相对路径解析到当前项目/数据目录。
src/fashion_multimodal_analysis/segmentation/evaluation/eval_prd_8class_maskrcnn_v3_b1_dataexp.py,read_csv,114,FunctionDef,True,读取带表头的 CSV，保留每列原始字符串。
src/fashion_multimodal_analysis/segmentation/evaluation/eval_prd_8class_maskrcnn_v3_b1_dataexp.py,group_rows,127,FunctionDef,True,按共同标识分组记录，避免同一对象被重复统计。
src/fashion_multimodal_analysis/segmentation/evaluation/eval_prd_8class_maskrcnn_v3_b1_dataexp.py,open_mask,146,FunctionDef,True,读取掩码并转换为当前实验使用的前景表示。
src/fashion_multimodal_analysis/segmentation/evaluation/eval_prd_8class_maskrcnn_v3_b1_dataexp.py,reconstruct_mask,159,FunctionDef,True,将 ROI 掩码放回原图坐标，保证后续 IoU 使用同一坐标系。
src/fashion_multimodal_analysis/segmentation/evaluation/eval_prd_8class_maskrcnn_v3_b1_dataexp.py,ValDataset,188,ClassDef,True,保存 ValDataset 的数据/运行职责。
src/fashion_multimodal_analysis/segmentation/evaluation/eval_prd_8class_maskrcnn_v3_b1_dataexp.py,choose_device,279,FunctionDef,True,选择可用计算设备，并按本实验策略处理 CUDA 可用性。
src/fashion_multimodal_analysis/segmentation/evaluation/eval_prd_8class_maskrcnn_v3_b1_dataexp.py,write_csv,300,FunctionDef,True,按确定的字段顺序保存实验 CSV。
src/fashion_multimodal_analysis/segmentation/evaluation/eval_prd_8class_maskrcnn_v3_b1_dataexp.py,ratio,317,FunctionDef,True,按当前调用方定义的分子与分母计算比例。
src/fashion_multimodal_analysis/segmentation/evaluation/eval_prd_8class_maskrcnn_v3_b1_dataexp.py,mean,330,FunctionDef,True,计算本组数值的平均值，并按本模块策略处理空组。
src/fashion_multimodal_analysis/segmentation/evaluation/eval_prd_8class_maskrcnn_v3_b1_dataexp.py,fmt,342,FunctionDef,True,把统计值转换为报告显示文本。
src/fashion_multimodal_analysis/segmentation/evaluation/eval_prd_8class_maskrcnn_v3_b1_dataexp.py,summarize,358,FunctionDef,True,Overall/source-level summary.
src/fashion_multimodal_analysis/segmentation/evaluation/eval_prd_8class_maskrcnn_v3_b1_dataexp.py,summarize_per_class,403,FunctionDef,True,Per-class summary with a valid class-aware precision denominator.
src/fashion_multimodal_analysis/segmentation/evaluation/eval_prd_8class_maskrcnn_v3_b1_dataexp.py,draw_vis,455,FunctionDef,True,绘制预测与参考区域，便于检查位置和边界。
src/fashion_multimodal_analysis/segmentation/evaluation/eval_prd_8class_maskrcnn_v3_b1_dataexp.py,main,497,FunctionDef,True,解析运行参数并执行本模块的实验入口。
src/fashion_multimodal_analysis/segmentation/evaluation/eval_prd_8class_maskrcnn_v3_b1_dataexp.py,__init__,195,FunctionDef,False,保存当前对象需要的配置、数据引用和状态。
src/fashion_multimodal_analysis/segmentation/evaluation/eval_prd_8class_maskrcnn_v3_b1_dataexp.py,__len__,203,FunctionDef,False,返回当前数据集或容器中的样本数量。
src/fashion_multimodal_analysis/segmentation/evaluation/eval_prd_8class_maskrcnn_v3_b1_dataexp.py,__getitem__,211,FunctionDef,False,取得指定样本，并生成本数据集约定的输入和目标。
src/fashion_multimodal_analysis/segmentation/evaluation/sweep_prd_8class_maskrcnn_thresholds_v1.py,parse_args,72,FunctionDef,True,解析并校验命令行参数。
src/fashion_multimodal_analysis/segmentation/evaluation/sweep_prd_8class_maskrcnn_thresholds_v1.py,threshold_tag,98,FunctionDef,True,阈值 tag。
src/fashion_multimodal_analysis/segmentation/evaluation/sweep_prd_8class_maskrcnn_thresholds_v1.py,parse_summary,110,FunctionDef,True,解析 汇总。
src/fashion_multimodal_analysis/segmentation/evaluation/sweep_prd_8class_maskrcnn_thresholds_v1.py,read_csv,131,FunctionDef,True,读取带表头的 CSV，保留每列原始字符串。
src/fashion_multimodal_analysis/segmentation/evaluation/sweep_prd_8class_maskrcnn_thresholds_v1.py,write_csv,151,FunctionDef,True,按确定的字段顺序保存实验 CSV。
src/fashion_multimodal_analysis/segmentation/evaluation/sweep_prd_8class_maskrcnn_thresholds_v1.py,main,182,FunctionDef,True,解析运行参数并执行本模块的实验入口。
src/fashion_multimodal_analysis/segmentation/modeling.py,build_training_model,20,FunctionDef,True,构造训练模型，将预训练分类/掩码头替换为八类任务头。
src/fashion_multimodal_analysis/segmentation/modeling.py,build_evaluation_model,60,FunctionDef,True,构造评估模型，权重由调用方从指定 checkpoint 加载。
src/fashion_multimodal_analysis/segmentation/sampling.py,instance_class_counts,17,FunctionDef,True,按实例统计八类训练分布。
src/fashion_multimodal_analysis/segmentation/sampling.py,build_sampler_weights,31,FunctionDef,True,给每张训练原图分配一个类别均衡权重。
src/fashion_multimodal_analysis/segmentation/training/checkpoint_state.py,validate_checkpoint,35,FunctionDef,True,"Reject another experiment, an unfinished final model, or incomplete resume state."
src/fashion_multimodal_analysis/segmentation/training/checkpoint_state.py,capture_rng_state,109,FunctionDef,True,capture rng 状态。
src/fashion_multimodal_analysis/segmentation/training/checkpoint_state.py,restore_rng_state,136,FunctionDef,True,restore rng 状态。
src/fashion_multimodal_analysis/segmentation/training/checkpoint_state.py,atomic_save,165,FunctionDef,True,A failed save must leave the previous completed-epoch checkpoint intact.
src/fashion_multimodal_analysis/segmentation/training/run_prd31_v5_full_targets.py,same_or_write,49,FunctionDef,True,新建文件或确认已有内容相同，拒绝覆盖不同的历史产物。
src/fashion_multimodal_analysis/segmentation/training/run_prd31_v5_full_targets.py,csv_bytes,72,FunctionDef,True,将完整字段表转换为带 BOM 的 CSV 字节，用于一致性比较和发布。
src/fashion_multimodal_analysis/segmentation/training/run_prd31_v5_full_targets.py,decode_mask,88,FunctionDef,True,解码原始分割标注，保留同一实例的全部前景区域。
src/fashion_multimodal_analysis/segmentation/training/run_prd31_v5_full_targets.py,load_fashionpedia,140,FunctionDef,True,建立 Fashionpedia 图片与完整实例标注的连接索引。
src/fashion_multimodal_analysis/segmentation/training/run_prd31_v5_full_targets.py,expand_split,172,FunctionDef,True,补齐同一批原图的全部可用目标，不改变原图划分。
src/fashion_multimodal_analysis/segmentation/training/run_prd31_v5_full_targets.py,prepare,284,FunctionDef,True,准备当前实验所需数据，并执行来源/划分/有效性检查。
src/fashion_multimodal_analysis/segmentation/training/run_prd31_v5_full_targets.py,command,352,FunctionDef,True,启动当前项目的子命令，并保留日志与失败状态。
src/fashion_multimodal_analysis/segmentation/training/run_prd31_v5_full_targets.py,evaluate_development,367,FunctionDef,True,评估 开发集。
src/fashion_multimodal_analysis/segmentation/training/run_prd31_v5_full_targets.py,workflow_lock,433,FunctionDef,True,对工作副本加互斥锁，防止两个进程同时修改同一实验。
src/fashion_multimodal_analysis/segmentation/training/run_prd31_v5_full_targets.py,run,456,FunctionDef,True,组织本模块的准备、执行和结果保存步骤。
src/fashion_multimodal_analysis/segmentation/training/run_prd31_v5_full_targets.py,main,566,FunctionDef,True,解析运行参数并执行本模块的实验入口。
src/fashion_multimodal_analysis/segmentation/training/run_prd31_v6_coverage.py,digest,35,FunctionDef,True,分块计算文件 SHA-256，核对文件身份而不加载整个权重到内存。
src/fashion_multimodal_analysis/segmentation/training/run_prd31_v6_coverage.py,read_csv,51,FunctionDef,True,读取带表头的 CSV，保留每列原始字符串。
src/fashion_multimodal_analysis/segmentation/training/run_prd31_v6_coverage.py,same_or_write,64,FunctionDef,True,新建文件或确认已有内容相同，拒绝覆盖不同的历史产物。
src/fashion_multimodal_analysis/segmentation/training/run_prd31_v6_coverage.py,write_json,85,FunctionDef,True,保存结构化实验记录。
src/fashion_multimodal_analysis/segmentation/training/run_prd31_v6_coverage.py,load_helper,97,FunctionDef,True,取得已迁移到包内的 V5 完整目标处理实现。
src/fashion_multimodal_analysis/segmentation/training/run_prd31_v6_coverage.py,coverage,113,FunctionDef,True,按细类别统计现有训练覆盖，供补充样本选择。
src/fashion_multimodal_analysis/segmentation/training/run_prd31_v6_coverage.py,protected_images,130,FunctionDef,True,收集本轮训练必须排除的固定评估/审核原图。
src/fashion_multimodal_analysis/segmentation/training/run_prd31_v6_coverage.py,expand_df2_image,178,FunctionDef,True,补充一张 DeepFashion2 图片的完整实例，并保持原图坐标。
src/fashion_multimodal_analysis/segmentation/training/run_prd31_v6_coverage.py,prepare,252,FunctionDef,True,准备当前实验所需数据，并执行来源/划分/有效性检查。
src/fashion_multimodal_analysis/segmentation/training/run_prd31_v6_coverage.py,command,416,FunctionDef,True,启动当前项目的子命令，并保留日志与失败状态。
src/fashion_multimodal_analysis/segmentation/training/run_prd31_v6_coverage.py,evaluate,431,FunctionDef,True,按固定评估设置计算结果，保留逐例记录和运行凭据。
src/fashion_multimodal_analysis/segmentation/training/run_prd31_v6_coverage.py,run,518,FunctionDef,True,组织本模块的准备、执行和结果保存步骤。
src/fashion_multimodal_analysis/segmentation/training/run_prd31_v6_coverage.py,main,632,FunctionDef,True,解析运行参数并执行本模块的实验入口。
src/fashion_multimodal_analysis/segmentation/training/run_prd31_v7_fp_heads.py,digest,76,FunctionDef,True,分块计算文件 SHA-256，核对文件身份而不加载整个权重到内存。
src/fashion_multimodal_analysis/segmentation/training/run_prd31_v7_fp_heads.py,read_csv,92,FunctionDef,True,读取带表头的 CSV，保留每列原始字符串。
src/fashion_multimodal_analysis/segmentation/training/run_prd31_v7_fp_heads.py,publish,105,FunctionDef,True,发布实验文件，已有不同内容时保留旧版本并中止覆盖。
src/fashion_multimodal_analysis/segmentation/training/run_prd31_v7_fp_heads.py,write_json,128,FunctionDef,True,保存结构化实验记录。
src/fashion_multimodal_analysis/segmentation/training/run_prd31_v7_fp_heads.py,resolve_image,143,FunctionDef,True,resolve 图像。
src/fashion_multimodal_analysis/segmentation/training/run_prd31_v7_fp_heads.py,select_fp,157,FunctionDef,True,从现有记录筛选 Fashionpedia 图片，保持原有划分。
src/fashion_multimodal_analysis/segmentation/training/run_prd31_v7_fp_heads.py,prepare,179,FunctionDef,True,准备当前实验所需数据，并执行来源/划分/有效性检查。
src/fashion_multimodal_analysis/segmentation/training/run_prd31_v7_fp_heads.py,validate_v7,259,FunctionDef,True,校验 V7 头部微调的权重、训练清单和续训状态。
src/fashion_multimodal_analysis/segmentation/training/run_prd31_v7_fp_heads.py,train,295,FunctionDef,True,执行当前版本的训练并保存训练状态与日志。
src/fashion_multimodal_analysis/segmentation/training/run_prd31_v7_fp_heads.py,verify_frozen,434,FunctionDef,True,确认实验没有改动保留的 V5 权重和固定评估清单。
src/fashion_multimodal_analysis/segmentation/training/run_prd31_v7_fp_heads.py,evaluation_inputs,473,FunctionDef,True,记录模型和固定评估设置，避免复用其他版本的结果。
src/fashion_multimodal_analysis/segmentation/training/run_prd31_v7_fp_heads.py,valid_report,496,FunctionDef,True,核对评估凭据与所需结果文件，判断已有报告能否复用。
src/fashion_multimodal_analysis/segmentation/training/run_prd31_v7_fp_heads.py,evaluate,517,FunctionDef,True,按固定评估设置计算结果，保留逐例记录和运行凭据。
src/fashion_multimodal_analysis/segmentation/training/run_prd31_v7_fp_heads.py,comparison_summary,591,FunctionDef,True,读取本次对照实验的统一指标。
src/fashion_multimodal_analysis/segmentation/training/run_prd31_v7_fp_heads.py,paired_summary,631,FunctionDef,True,对相同开发样本进行成对比较，显示候选版本的变化。
src/fashion_multimodal_analysis/segmentation/training/run_prd31_v7_fp_heads.py,finish,687,FunctionDef,True,整理当前实验的对照报告和结果包。
src/fashion_multimodal_analysis/segmentation/training/run_prd31_v7_fp_heads.py,run,727,FunctionDef,True,组织本模块的准备、执行和结果保存步骤。
src/fashion_multimodal_analysis/segmentation/training/run_prd31_v7_fp_heads.py,main,777,FunctionDef,True,解析运行参数并执行本模块的实验入口。
src/fashion_multimodal_analysis/segmentation/training/run_prd31_v7_fp_heads.py,warm_builder,324,FunctionDef,True,warm builder。
src/fashion_multimodal_analysis/segmentation/training/run_prd31_v7_fp_heads.py,parse_v7,373,FunctionDef,True,解析 v7。
src/fashion_multimodal_analysis/segmentation/training/run_prd31_v7_fp_heads.py,train_heads,351,FunctionDef,True,训练 heads。
src/fashion_multimodal_analysis/segmentation/training/run_prd31_v8_full_dataset.py,log,113,FunctionDef,True,打印带时间戳的流程事件与关键数值，便于从日志确认任务进度。
src/fashion_multimodal_analysis/segmentation/training/run_prd31_v8_full_dataset.py,digest,127,FunctionDef,True,分块计算文件 SHA-256，核对文件身份而不加载整个权重到内存。
src/fashion_multimodal_analysis/segmentation/training/run_prd31_v8_full_dataset.py,obj_digest,143,FunctionDef,True,对稳定排序的 JSON 表示计算哈希，校验实验配置身份。
src/fashion_multimodal_analysis/segmentation/training/run_prd31_v8_full_dataset.py,write_json,159,FunctionDef,True,保存结构化实验记录。
src/fashion_multimodal_analysis/segmentation/training/run_prd31_v8_full_dataset.py,read_csv,177,FunctionDef,True,读取带表头的 CSV，保留每列原始字符串。
src/fashion_multimodal_analysis/segmentation/training/run_prd31_v8_full_dataset.py,resolve,190,FunctionDef,True,将历史原图/掩码引用迁移到本次使用的项目和数据目录。
src/fashion_multimodal_analysis/segmentation/training/run_prd31_v8_full_dataset.py,rgb_digest,204,FunctionDef,True,根据尺寸和 RGB 像素计算摘要，识别精确内容副本。
src/fashion_multimodal_analysis/segmentation/training/run_prd31_v8_full_dataset.py,protected_inventory,218,FunctionDef,True,冻结本轮训练需要排除的评估和审核图片。
src/fashion_multimodal_analysis/segmentation/training/run_prd31_v8_full_dataset.py,find_fp_json,300,FunctionDef,True,查找指定 Fashionpedia 原始标注，多个副本时要求显式选择。
src/fashion_multimodal_analysis/segmentation/training/run_prd31_v8_full_dataset.py,discover,326,FunctionDef,True,确定本地实际可用的训练来源和全量范围。
src/fashion_multimodal_analysis/segmentation/training/run_prd31_v8_full_dataset.py,json_items,436,FunctionDef,True,流式读取大型标注数组，避免一次把完整 JSON 加载进内存。
src/fashion_multimodal_analysis/segmentation/training/run_prd31_v8_full_dataset.py,fp_roots,463,FunctionDef,True,收集 Fashionpedia 的候选原图目录。
src/fashion_multimodal_analysis/segmentation/training/run_prd31_v8_full_dataset.py,match_fp_image,497,FunctionDef,True,在原图目录中定位指定文件，并限定已有训练白名单。
src/fashion_multimodal_analysis/segmentation/training/run_prd31_v8_full_dataset.py,stage_fp,540,FunctionDef,True,将 Fashionpedia 可用标注整理到准备阶段的索引中。
src/fashion_multimodal_analysis/segmentation/training/run_prd31_v8_full_dataset.py,decode_mask,621,FunctionDef,True,解码原始分割标注，保留同一实例的全部前景区域。
src/fashion_multimodal_analysis/segmentation/training/run_prd31_v8_full_dataset.py,mask_box,686,FunctionDef,True,从前景掩码取得边界框。
src/fashion_multimodal_analysis/segmentation/training/run_prd31_v8_full_dataset.py,prepare_image,701,FunctionDef,True,校验单张原图和其完整目标，生成可进入索引的记录。
src/fashion_multimodal_analysis/segmentation/training/run_prd31_v8_full_dataset.py,jobs,792,FunctionDef,True,按来源生成图片准备任务，避免提前解码全部掩码。
src/fashion_multimodal_analysis/segmentation/training/run_prd31_v8_full_dataset.py,bounded_map,835,FunctionDef,True,限制待处理任务数量，避免数据准备阶段积压全部图片任务。
src/fashion_multimodal_analysis/segmentation/training/run_prd31_v8_full_dataset.py,prepare,864,FunctionDef,True,校验完整原图并建立只读训练索引。
src/fashion_multimodal_analysis/segmentation/training/run_prd31_v8_full_dataset.py,epoch_order,1088,FunctionDef,True,生成一个轮次的无放回图片顺序。
src/fashion_multimodal_analysis/segmentation/training/run_prd31_v8_full_dataset.py,NativeDataset,1107,ClassDef,True,从 SQLite 索引逐图读取完整八类实例。
src/fashion_multimodal_analysis/segmentation/training/run_prd31_v8_full_dataset.py,collate,1214,FunctionDef,True,将不同实例数量的图片组成 detection 批次，不堆叠目标字典。
src/fashion_multimodal_analysis/segmentation/training/run_prd31_v8_full_dataset.py,build_model,1226,FunctionDef,True,重建与 V5 权重兼容的八类 Mask R-CNN。
src/fashion_multimodal_analysis/segmentation/training/run_prd31_v8_full_dataset.py,settings,1262,FunctionDef,True,记录影响训练和续训一致性的关键配置。
src/fashion_multimodal_analysis/segmentation/training/run_prd31_v8_full_dataset.py,check_resume,1290,FunctionDef,True,校验全量续训数据、配方及图片偏移。
src/fashion_multimodal_analysis/segmentation/training/run_prd31_v8_full_dataset.py,save_torch,1353,FunctionDef,True,原子保存训练状态，避免中断留下半个 checkpoint。
src/fashion_multimodal_analysis/segmentation/training/run_prd31_v8_full_dataset.py,request_stop,1371,FunctionDef,True,记录停止请求，让训练在可保存状态的边界暂停。
src/fashion_multimodal_analysis/segmentation/training/run_prd31_v8_full_dataset.py,train,1387,FunctionDef,True,从固定八类权重开始全量微调，或从完整训练状态续跑。
src/fashion_multimodal_analysis/segmentation/training/run_prd31_v8_full_dataset.py,evaluate,1716,FunctionDef,True,按同一口径比较 V5 和本次全量权重。
src/fashion_multimodal_analysis/segmentation/training/run_prd31_v8_full_dataset.py,workflow_lock,1817,FunctionDef,True,对工作副本加互斥锁，防止两个进程同时修改同一实验。
src/fashion_multimodal_analysis/segmentation/training/run_prd31_v8_full_dataset.py,package_results,1844,FunctionDef,True,打包已生成的结果表和状态记录，供离线复核。
src/fashion_multimodal_analysis/segmentation/training/run_prd31_v8_full_dataset.py,parse_args,1864,FunctionDef,True,解析并校验命令行参数。
src/fashion_multimodal_analysis/segmentation/training/run_prd31_v8_full_dataset.py,main,1933,FunctionDef,True,解析运行参数并执行本模块的实验入口。
src/fashion_multimodal_analysis/segmentation/training/run_prd31_v8_full_dataset.py,__init__,1124,FunctionDef,False,保存当前对象需要的配置、数据引用和状态。
src/fashion_multimodal_analysis/segmentation/training/run_prd31_v8_full_dataset.py,__len__,1141,FunctionDef,False,返回当前数据集或容器中的样本数量。
src/fashion_multimodal_analysis/segmentation/training/run_prd31_v8_full_dataset.py,__getstate__,1149,FunctionDef,False,getstate。
src/fashion_multimodal_analysis/segmentation/training/run_prd31_v8_full_dataset.py,__getitem__,1157,FunctionDef,False,取得指定样本，并生成本数据集约定的输入和目标。
src/fashion_multimodal_analysis/segmentation/training/run_prd31_v8_full_dataset.py,checkpoint,1519,FunctionDef,True,checkpoint。
src/fashion_multimodal_analysis/segmentation/training/run_prd31_v8_full_dataset.py,autocast,1479,FunctionDef,True,Create an AMP context for the current batch.
src/fashion_multimodal_analysis/segmentation/training/run_prd31_v8_full_dataset.py,autocast,1490,FunctionDef,True,Create the compatibility AMP context for older Torch versions.
src/fashion_multimodal_analysis/segmentation/training/train_prd_8class_maskrcnn_baseline_v1.py,parse_args,115,FunctionDef,True,解析并校验命令行参数。
src/fashion_multimodal_analysis/segmentation/training/train_prd_8class_maskrcnn_baseline_v1.py,seed_everything,174,FunctionDef,True,固定随机种子，便于对照实验复现相同随机过程。
src/fashion_multimodal_analysis/segmentation/training/train_prd_8class_maskrcnn_baseline_v1.py,resolve_project_path,188,FunctionDef,True,将项目相对文件引用解析到当前工作副本。
src/fashion_multimodal_analysis/segmentation/training/train_prd_8class_maskrcnn_baseline_v1.py,group_manifest,200,FunctionDef,True,将同一原图的全部实例合并为一个训练/评估样本。
src/fashion_multimodal_analysis/segmentation/training/train_prd_8class_maskrcnn_baseline_v1.py,reconstruct_full_mask,240,FunctionDef,True,Return a full-image binary mask.
src/fashion_multimodal_analysis/segmentation/training/train_prd_8class_maskrcnn_baseline_v1.py,PRD8MaskDataset,303,ClassDef,True,保存 PRD8MaskDataset 的数据/运行职责。
src/fashion_multimodal_analysis/segmentation/training/train_prd_8class_maskrcnn_baseline_v1.py,build_model,474,FunctionDef,True,构造与当前实验标签空间和输入尺寸一致的模型。
src/fashion_multimodal_analysis/segmentation/training/train_prd_8class_maskrcnn_baseline_v1.py,choose_device,515,FunctionDef,True,选择可用计算设备，并按本实验策略处理 CUDA 可用性。
src/fashion_multimodal_analysis/segmentation/training/train_prd_8class_maskrcnn_baseline_v1.py,inspect_dataset,538,FunctionDef,True,检查训练样本与类别分布，在耗时训练前发现数据问题。
src/fashion_multimodal_analysis/segmentation/training/train_prd_8class_maskrcnn_baseline_v1.py,move_targets_to_device,600,FunctionDef,True,把实例标注张量移动到与模型一致的设备。
src/fashion_multimodal_analysis/segmentation/training/train_prd_8class_maskrcnn_baseline_v1.py,save_checkpoint,618,FunctionDef,True,保存权重和训练状态，供续训或指定版本评估。
src/fashion_multimodal_analysis/segmentation/training/train_prd_8class_maskrcnn_baseline_v1.py,main,649,FunctionDef,True,解析运行参数并执行本模块的实验入口。
src/fashion_multimodal_analysis/segmentation/training/train_prd_8class_maskrcnn_baseline_v1.py,__init__,313,FunctionDef,False,保存当前对象需要的配置、数据引用和状态。
src/fashion_multimodal_analysis/segmentation/training/train_prd_8class_maskrcnn_baseline_v1.py,__len__,333,FunctionDef,False,返回当前数据集或容器中的样本数量。
src/fashion_multimodal_analysis/segmentation/training/train_prd_8class_maskrcnn_baseline_v1.py,__getitem__,341,FunctionDef,False,取得指定样本，并生成本数据集约定的输入和目标。
src/fashion_multimodal_analysis/segmentation/training/train_prd_8class_maskrcnn_baseline_v2_balanced.py,parse_args,137,FunctionDef,True,解析并校验命令行参数。
src/fashion_multimodal_analysis/segmentation/training/train_prd_8class_maskrcnn_baseline_v2_balanced.py,seed_everything,198,FunctionDef,True,固定随机种子，便于对照实验复现相同随机过程。
src/fashion_multimodal_analysis/segmentation/training/train_prd_8class_maskrcnn_baseline_v2_balanced.py,resolve_project_path,212,FunctionDef,True,将项目相对文件引用解析到当前工作副本。
src/fashion_multimodal_analysis/segmentation/training/train_prd_8class_maskrcnn_baseline_v2_balanced.py,choose_device,224,FunctionDef,True,选择可用计算设备，并按本实验策略处理 CUDA 可用性。
src/fashion_multimodal_analysis/segmentation/training/train_prd_8class_maskrcnn_baseline_v2_balanced.py,write_csv,247,FunctionDef,True,按确定的字段顺序保存实验 CSV。
src/fashion_multimodal_analysis/segmentation/training/train_prd_8class_maskrcnn_baseline_v2_balanced.py,inspect_dataset,284,FunctionDef,True,检查训练样本与类别分布，在耗时训练前发现数据问题。
src/fashion_multimodal_analysis/segmentation/training/train_prd_8class_maskrcnn_baseline_v2_balanced.py,move_targets_to_device,339,FunctionDef,True,把实例标注张量移动到与模型一致的设备。
src/fashion_multimodal_analysis/segmentation/training/train_prd_8class_maskrcnn_baseline_v2_balanced.py,save_checkpoint,357,FunctionDef,True,保存权重和训练状态，供续训或指定版本评估。
src/fashion_multimodal_analysis/segmentation/training/train_prd_8class_maskrcnn_baseline_v2_balanced.py,main,391,FunctionDef,True,解析运行参数并执行本模块的实验入口。
src/fashion_multimodal_analysis/segmentation/training/train_prd_8class_maskrcnn_baseline_v2_nobalance.py,parse_args,143,FunctionDef,True,解析并校验命令行参数。
src/fashion_multimodal_analysis/segmentation/training/train_prd_8class_maskrcnn_baseline_v2_nobalance.py,seed_everything,204,FunctionDef,True,固定随机种子，便于对照实验复现相同随机过程。
src/fashion_multimodal_analysis/segmentation/training/train_prd_8class_maskrcnn_baseline_v2_nobalance.py,resolve_project_path,218,FunctionDef,True,将项目相对文件引用解析到当前工作副本。
src/fashion_multimodal_analysis/segmentation/training/train_prd_8class_maskrcnn_baseline_v2_nobalance.py,choose_device,230,FunctionDef,True,选择可用计算设备，并按本实验策略处理 CUDA 可用性。
src/fashion_multimodal_analysis/segmentation/training/train_prd_8class_maskrcnn_baseline_v2_nobalance.py,write_csv,253,FunctionDef,True,按确定的字段顺序保存实验 CSV。
src/fashion_multimodal_analysis/segmentation/training/train_prd_8class_maskrcnn_baseline_v2_nobalance.py,inspect_dataset,290,FunctionDef,True,检查训练样本与类别分布，在耗时训练前发现数据问题。
src/fashion_multimodal_analysis/segmentation/training/train_prd_8class_maskrcnn_baseline_v2_nobalance.py,move_targets_to_device,345,FunctionDef,True,把实例标注张量移动到与模型一致的设备。
src/fashion_multimodal_analysis/segmentation/training/train_prd_8class_maskrcnn_baseline_v2_nobalance.py,save_checkpoint,363,FunctionDef,True,保存权重和训练状态，供续训或指定版本评估。
src/fashion_multimodal_analysis/segmentation/training/train_prd_8class_maskrcnn_baseline_v2_nobalance.py,main,397,FunctionDef,True,解析运行参数并执行本模块的实验入口。
src/fashion_multimodal_analysis/segmentation/training/train_prd_8class_maskrcnn_v3_a1_highres.py,parse_args,143,FunctionDef,True,解析并校验命令行参数。
src/fashion_multimodal_analysis/segmentation/training/train_prd_8class_maskrcnn_v3_a1_highres.py,seed_everything,204,FunctionDef,True,固定随机种子，便于对照实验复现相同随机过程。
src/fashion_multimodal_analysis/segmentation/training/train_prd_8class_maskrcnn_v3_a1_highres.py,resolve_project_path,218,FunctionDef,True,将项目相对文件引用解析到当前工作副本。
src/fashion_multimodal_analysis/segmentation/training/train_prd_8class_maskrcnn_v3_a1_highres.py,choose_device,230,FunctionDef,True,选择可用计算设备，并按本实验策略处理 CUDA 可用性。
src/fashion_multimodal_analysis/segmentation/training/train_prd_8class_maskrcnn_v3_a1_highres.py,write_csv,253,FunctionDef,True,按确定的字段顺序保存实验 CSV。
src/fashion_multimodal_analysis/segmentation/training/train_prd_8class_maskrcnn_v3_a1_highres.py,inspect_dataset,290,FunctionDef,True,检查训练样本与类别分布，在耗时训练前发现数据问题。
src/fashion_multimodal_analysis/segmentation/training/train_prd_8class_maskrcnn_v3_a1_highres.py,move_targets_to_device,345,FunctionDef,True,把实例标注张量移动到与模型一致的设备。
src/fashion_multimodal_analysis/segmentation/training/train_prd_8class_maskrcnn_v3_a1_highres.py,save_checkpoint,363,FunctionDef,True,保存权重和训练状态，供续训或指定版本评估。
src/fashion_multimodal_analysis/segmentation/training/train_prd_8class_maskrcnn_v3_a1_highres.py,main,397,FunctionDef,True,解析运行参数并执行本模块的实验入口。
src/fashion_multimodal_analysis/segmentation/training/train_prd_8class_maskrcnn_v3_a2_smallanchors.py,parse_args,141,FunctionDef,True,解析并校验命令行参数。
src/fashion_multimodal_analysis/segmentation/training/train_prd_8class_maskrcnn_v3_a2_smallanchors.py,seed_everything,202,FunctionDef,True,固定随机种子，便于对照实验复现相同随机过程。
src/fashion_multimodal_analysis/segmentation/training/train_prd_8class_maskrcnn_v3_a2_smallanchors.py,resolve_project_path,216,FunctionDef,True,将项目相对文件引用解析到当前工作副本。
src/fashion_multimodal_analysis/segmentation/training/train_prd_8class_maskrcnn_v3_a2_smallanchors.py,build_model,228,FunctionDef,True,构造与当前实验标签空间和输入尺寸一致的模型。
src/fashion_multimodal_analysis/segmentation/training/train_prd_8class_maskrcnn_v3_a2_smallanchors.py,choose_device,292,FunctionDef,True,选择可用计算设备，并按本实验策略处理 CUDA 可用性。
src/fashion_multimodal_analysis/segmentation/training/train_prd_8class_maskrcnn_v3_a2_smallanchors.py,write_csv,315,FunctionDef,True,按确定的字段顺序保存实验 CSV。
src/fashion_multimodal_analysis/segmentation/training/train_prd_8class_maskrcnn_v3_a2_smallanchors.py,inspect_dataset,352,FunctionDef,True,检查训练样本与类别分布，在耗时训练前发现数据问题。
src/fashion_multimodal_analysis/segmentation/training/train_prd_8class_maskrcnn_v3_a2_smallanchors.py,move_targets_to_device,407,FunctionDef,True,把实例标注张量移动到与模型一致的设备。
src/fashion_multimodal_analysis/segmentation/training/train_prd_8class_maskrcnn_v3_a2_smallanchors.py,save_checkpoint,425,FunctionDef,True,保存权重和训练状态，供续训或指定版本评估。
src/fashion_multimodal_analysis/segmentation/training/train_prd_8class_maskrcnn_v3_a2_smallanchors.py,main,459,FunctionDef,True,解析运行参数并执行本模块的实验入口。
src/fashion_multimodal_analysis/segmentation/training/train_prd_8class_maskrcnn_v3_a2b_p2small.py,parse_args,141,FunctionDef,True,解析并校验命令行参数。
src/fashion_multimodal_analysis/segmentation/training/train_prd_8class_maskrcnn_v3_a2b_p2small.py,seed_everything,202,FunctionDef,True,固定随机种子，便于对照实验复现相同随机过程。
src/fashion_multimodal_analysis/segmentation/training/train_prd_8class_maskrcnn_v3_a2b_p2small.py,resolve_project_path,216,FunctionDef,True,将项目相对文件引用解析到当前工作副本。
src/fashion_multimodal_analysis/segmentation/training/train_prd_8class_maskrcnn_v3_a2b_p2small.py,build_model,228,FunctionDef,True,构造与当前实验标签空间和输入尺寸一致的模型。
src/fashion_multimodal_analysis/segmentation/training/train_prd_8class_maskrcnn_v3_a2b_p2small.py,choose_device,289,FunctionDef,True,选择可用计算设备，并按本实验策略处理 CUDA 可用性。
src/fashion_multimodal_analysis/segmentation/training/train_prd_8class_maskrcnn_v3_a2b_p2small.py,write_csv,312,FunctionDef,True,按确定的字段顺序保存实验 CSV。
src/fashion_multimodal_analysis/segmentation/training/train_prd_8class_maskrcnn_v3_a2b_p2small.py,inspect_dataset,349,FunctionDef,True,检查训练样本与类别分布，在耗时训练前发现数据问题。
src/fashion_multimodal_analysis/segmentation/training/train_prd_8class_maskrcnn_v3_a2b_p2small.py,move_targets_to_device,404,FunctionDef,True,把实例标注张量移动到与模型一致的设备。
src/fashion_multimodal_analysis/segmentation/training/train_prd_8class_maskrcnn_v3_a2b_p2small.py,save_checkpoint,422,FunctionDef,True,保存权重和训练状态，供续训或指定版本评估。
src/fashion_multimodal_analysis/segmentation/training/train_prd_8class_maskrcnn_v3_a2b_p2small.py,main,456,FunctionDef,True,解析运行参数并执行本模块的实验入口。
src/fashion_multimodal_analysis/segmentation/training/train_prd_8class_maskrcnn_v3_a3_smallsampling.py,parse_args,140,FunctionDef,True,解析并校验命令行参数。
src/fashion_multimodal_analysis/segmentation/training/train_prd_8class_maskrcnn_v3_a3_smallsampling.py,seed_everything,201,FunctionDef,True,固定随机种子，便于对照实验复现相同随机过程。
src/fashion_multimodal_analysis/segmentation/training/train_prd_8class_maskrcnn_v3_a3_smallsampling.py,resolve_project_path,215,FunctionDef,True,将项目相对文件引用解析到当前工作副本。
src/fashion_multimodal_analysis/segmentation/training/train_prd_8class_maskrcnn_v3_a3_smallsampling.py,choose_device,227,FunctionDef,True,选择可用计算设备，并按本实验策略处理 CUDA 可用性。
src/fashion_multimodal_analysis/segmentation/training/train_prd_8class_maskrcnn_v3_a3_smallsampling.py,build_sampler_weights,250,FunctionDef,True,V3-A3 controlled sampler.
src/fashion_multimodal_analysis/segmentation/training/train_prd_8class_maskrcnn_v3_a3_smallsampling.py,write_csv,403,FunctionDef,True,按确定的字段顺序保存实验 CSV。
src/fashion_multimodal_analysis/segmentation/training/train_prd_8class_maskrcnn_v3_a3_smallsampling.py,inspect_dataset,440,FunctionDef,True,检查训练样本与类别分布，在耗时训练前发现数据问题。
src/fashion_multimodal_analysis/segmentation/training/train_prd_8class_maskrcnn_v3_a3_smallsampling.py,move_targets_to_device,495,FunctionDef,True,把实例标注张量移动到与模型一致的设备。
src/fashion_multimodal_analysis/segmentation/training/train_prd_8class_maskrcnn_v3_a3_smallsampling.py,save_checkpoint,513,FunctionDef,True,保存权重和训练状态，供续训或指定版本评估。
src/fashion_multimodal_analysis/segmentation/training/train_prd_8class_maskrcnn_v3_a3_smallsampling.py,main,547,FunctionDef,True,解析运行参数并执行本模块的实验入口。
src/fashion_multimodal_analysis/segmentation/training/train_prd_8class_maskrcnn_v3_b1_dataexp.py,parse_args,142,FunctionDef,True,解析并校验命令行参数。
src/fashion_multimodal_analysis/segmentation/training/train_prd_8class_maskrcnn_v3_b1_dataexp.py,seed_everything,218,FunctionDef,True,固定随机种子，便于对照实验复现相同随机过程。
src/fashion_multimodal_analysis/segmentation/training/train_prd_8class_maskrcnn_v3_b1_dataexp.py,resolve_project_path,232,FunctionDef,True,将项目相对文件引用解析到当前工作副本。
src/fashion_multimodal_analysis/segmentation/training/train_prd_8class_maskrcnn_v3_b1_dataexp.py,choose_device,244,FunctionDef,True,选择可用计算设备，并按本实验策略处理 CUDA 可用性。
src/fashion_multimodal_analysis/segmentation/training/train_prd_8class_maskrcnn_v3_b1_dataexp.py,write_csv,267,FunctionDef,True,按确定的字段顺序保存实验 CSV。
src/fashion_multimodal_analysis/segmentation/training/train_prd_8class_maskrcnn_v3_b1_dataexp.py,inspect_dataset,304,FunctionDef,True,检查训练样本与类别分布，在耗时训练前发现数据问题。
src/fashion_multimodal_analysis/segmentation/training/train_prd_8class_maskrcnn_v3_b1_dataexp.py,move_targets_to_device,359,FunctionDef,True,把实例标注张量移动到与模型一致的设备。
src/fashion_multimodal_analysis/segmentation/training/train_prd_8class_maskrcnn_v3_b1_dataexp.py,save_checkpoint,377,FunctionDef,True,保存权重和训练状态，供续训或指定版本评估。
src/fashion_multimodal_analysis/segmentation/training/train_prd_8class_maskrcnn_v3_b1_dataexp.py,main,426,FunctionDef,True,解析运行参数并执行本模块的实验入口。
src/fashion_multimodal_analysis/segmentation/training/train_prd_8class_maskrcnn_v4_clean.py,main,13,FunctionDef,True,解析运行参数并执行本模块的实验入口。
src/fashion_multimodal_analysis/visualization/build_design_audit_contact_sheets_v1.py,resolve_path,66,FunctionDef,True,将清单或配置中的相对路径解析到当前项目/数据目录。
src/fashion_multimodal_analysis/visualization/build_design_audit_contact_sheets_v1.py,read_csv,78,FunctionDef,True,读取带表头的 CSV，保留每列原始字符串。
src/fashion_multimodal_analysis/visualization/build_design_audit_contact_sheets_v1.py,normalize_path,91,FunctionDef,True,规范化 路径。
src/fashion_multimodal_analysis/visualization/build_design_audit_contact_sheets_v1.py,manifest_index,103,FunctionDef,True,清单 index。
src/fashion_multimodal_analysis/visualization/build_design_audit_contact_sheets_v1.py,load_garment_crop,123,FunctionDef,True,加载 garment 裁剪。
src/fashion_multimodal_analysis/visualization/build_design_audit_contact_sheets_v1.py,fit_image,146,FunctionDef,True,fit 图像。
src/fashion_multimodal_analysis/visualization/build_design_audit_contact_sheets_v1.py,make_sheet,167,FunctionDef,True,生成 表。
src/fashion_multimodal_analysis/visualization/build_design_audit_contact_sheets_v1.py,main,240,FunctionDef,True,解析运行参数并执行本模块的实验入口。
src/fashion_multimodal_analysis/visualization/build_grounding_annotation_sheet.py,read_evaluation_pool,32,FunctionDef,True,Read sampled image information from the evaluation pool.
src/fashion_multimodal_analysis/visualization/build_grounding_annotation_sheet.py,get_group_id,56,FunctionDef,True,Determine the evaluation group of a sample.
src/fashion_multimodal_analysis/visualization/build_grounding_annotation_sheet.py,build_annotation_rows,68,FunctionDef,True,Create blank annotation records for fine-grained targets.
src/fashion_multimodal_analysis/visualization/build_grounding_annotation_sheet.py,save_annotation_sheet,101,FunctionDef,True,Save the manual annotation sheet.
src/fashion_multimodal_analysis/visualization/build_grounding_annotation_sheet.py,main,142,FunctionDef,True,Generate the grounding target-presence annotation sheet.
src/fashion_multimodal_analysis/visualization/build_grounding_manual_audit.py,load_detail_rows,60,FunctionDef,True,Load bbox diagnostic rows.
src/fashion_multimodal_analysis/visualization/build_grounding_manual_audit.py,load_group_predictions,74,FunctionDef,True,Load predictions for one evaluation group.
src/fashion_multimodal_analysis/visualization/build_grounding_manual_audit.py,select_primary_detection,94,FunctionDef,True,Select the highest-confidence target-related detection.
src/fashion_multimodal_analysis/visualization/build_grounding_manual_audit.py,sample_rows,119,FunctionDef,True,Create a stratified reproducible audit sample.
src/fashion_multimodal_analysis/visualization/build_grounding_manual_audit.py,draw_prediction,162,FunctionDef,True,Draw one predicted bbox and description.
src/fashion_multimodal_analysis/visualization/build_grounding_manual_audit.py,save_visualization,220,FunctionDef,True,Create one visualized audit example.
src/fashion_multimodal_analysis/visualization/build_grounding_manual_audit.py,save_audit_csv,284,FunctionDef,True,Save manual review template.
src/fashion_multimodal_analysis/visualization/build_grounding_manual_audit.py,main,327,FunctionDef,True,Build the 40-case manual localization audit.
src/fashion_multimodal_analysis/visualization/build_pattern_focus_audit_pack.py,read_csv,55,FunctionDef,True,读取带表头的 CSV，保留每列原始字符串。
src/fashion_multimodal_analysis/visualization/build_pattern_focus_audit_pack.py,safe_name,78,FunctionDef,True,将名称转换为可用的文件名组成部分。
src/fashion_multimodal_analysis/visualization/build_pattern_focus_audit_pack.py,main,90,FunctionDef,True,解析运行参数并执行本模块的实验入口。
src/fashion_multimodal_analysis/visualization/build_pattern_v2_holdout_audit_pack.py,read_csv,67,FunctionDef,True,读取带表头的 CSV，保留每列原始字符串。
src/fashion_multimodal_analysis/visualization/build_pattern_v2_holdout_audit_pack.py,safe_name,86,FunctionDef,True,将名称转换为可用的文件名组成部分。
src/fashion_multimodal_analysis/visualization/build_pattern_v2_holdout_audit_pack.py,main,98,FunctionDef,True,解析运行参数并执行本模块的实验入口。
src/fashion_multimodal_analysis/visualization/build_pattern_v3_holdout_audit_pack.py,read_csv,67,FunctionDef,True,读取带表头的 CSV，保留每列原始字符串。
src/fashion_multimodal_analysis/visualization/build_pattern_v3_holdout_audit_pack.py,safe_name,86,FunctionDef,True,将名称转换为可用的文件名组成部分。
src/fashion_multimodal_analysis/visualization/build_pattern_v3_holdout_audit_pack.py,main,98,FunctionDef,True,解析运行参数并执行本模块的实验入口。
src/fashion_multimodal_analysis/visualization/build_prd_region_candidate_sheets.py,parse_args,95,FunctionDef,True,Parse command-line arguments.
src/fashion_multimodal_analysis/visualization/build_prd_region_candidate_sheets.py,iter_items,134,FunctionDef,True,Return DeepFashion2 item entries from one annotation dictionary.
src/fashion_multimodal_analysis/visualization/build_prd_region_candidate_sheets.py,normalize_bbox,150,FunctionDef,True,Clip a DeepFashion2 x1/y1/x2/y2 bounding box to image bounds.
src/fashion_multimodal_analysis/visualization/build_prd_region_candidate_sheets.py,expand_bbox,179,FunctionDef,True,Expand a bbox slightly while remaining inside the image.
src/fashion_multimodal_analysis/visualization/build_prd_region_candidate_sheets.py,collect_candidates,211,FunctionDef,True,Collect reasonably clear garment instances from DeepFashion2.
src/fashion_multimodal_analysis/visualization/build_prd_region_candidate_sheets.py,region_pool,281,FunctionDef,True,Filter the global pool using broad garment-category preferences.
src/fashion_multimodal_analysis/visualization/build_prd_region_candidate_sheets.py,sample_unique_images,303,FunctionDef,True,Sample candidates while preferring unique source images.
src/fashion_multimodal_analysis/visualization/build_prd_region_candidate_sheets.py,save_crop,343,FunctionDef,True,Save one garment-focused candidate crop.
src/fashion_multimodal_analysis/visualization/build_prd_region_candidate_sheets.py,load_font,381,FunctionDef,True,Load a readable font with a safe fallback.
src/fashion_multimodal_analysis/visualization/build_prd_region_candidate_sheets.py,make_contact_sheets,396,FunctionDef,True,Create numbered contact sheets for one PRD region.
src/fashion_multimodal_analysis/visualization/build_prd_region_candidate_sheets.py,write_region_csv,467,FunctionDef,True,Write the manual-review CSV for one region.
src/fashion_multimodal_analysis/visualization/build_prd_region_candidate_sheets.py,write_coverage_template,503,FunctionDef,True,Create a PRD coverage-status template.
src/fashion_multimodal_analysis/visualization/build_prd_region_candidate_sheets.py,main,534,FunctionDef,True,Build deterministic manual-screening candidate sheets.
src/fashion_multimodal_analysis/visualization/generate_grounding_contact_sheets.py,read_group_rows,46,FunctionDef,True,Read annotation rows belonging to one evaluation group.
src/fashion_multimodal_analysis/visualization/generate_grounding_contact_sheets.py,load_thumbnail,75,FunctionDef,True,Load an image and resize it for the contact sheet.
src/fashion_multimodal_analysis/visualization/generate_grounding_contact_sheets.py,paste_sample,100,FunctionDef,True,Paste one sample image and label onto a contact sheet.
src/fashion_multimodal_analysis/visualization/generate_grounding_contact_sheets.py,save_contact_sheet,158,FunctionDef,True,Create and save one contact sheet page.
src/fashion_multimodal_analysis/visualization/generate_grounding_contact_sheets.py,main,202,FunctionDef,True,Generate contact sheets for the selected evaluation group.
src/fashion_multimodal_analysis/visualization/visualize_annotation.py,main,16,FunctionDef,True,解析运行参数并执行本模块的实验入口。
src/fashion_multimodal_analysis/visualization/visualize_grounding_group_results.py,load_results,36,FunctionDef,True,Load Grounding DINO prediction results.
src/fashion_multimodal_analysis/visualization/visualize_grounding_group_results.py,draw_detections,58,FunctionDef,True,Draw detection boxes and metadata on an image.
src/fashion_multimodal_analysis/visualization/visualize_grounding_group_results.py,save_visualizations,152,FunctionDef,True,Generate visualization files for all predictions.
src/fashion_multimodal_analysis/visualization/visualize_grounding_group_results.py,main,201,FunctionDef,True,Visualize Grounding DINO smoke-test results.
src/fashion_multimodal_analysis/visualization/visualize_result.py,main,14,FunctionDef,True,解析运行参数并执行本模块的实验入口。
tests/test_archive_integrity.py,ArchiveIntegrityTests,22,ClassDef,True,从原始结果及真实文件检验迁移后的可用性。
tests/test_archive_integrity.py,test_frozen_and_recovered_manifests_keep_their_original_hashes,25,FunctionDef,True,冻结 Core 和恢复的 V5 清单须保持训练回执对应的原始字节。
tests/test_archive_integrity.py,test_renamed_core_masks_resolve_without_rewriting_csv,33,FunctionDef,True,原 CSV 中的大写实例名通过别名找到实际小写文件。
tests/test_archive_integrity.py,test_full_result_metrics_match_saved_per_gt_rows,51,FunctionDef,True,逐 GT 表须支持全量模型的召回和全部 GT 掩码通过率。
tests/test_archive_integrity.py,test_final_completion_is_distinct_from_the_old_prepare_failure,76,FunctionDef,True,保留旧失败日志，但最终状态须按完整训练和工作流记录解释。
tests/test_archive_integrity.py,test_receipts_do_not_count_as_missing_model_bytes,94,FunctionDef,True,只读检查必须按文件存在状态判断权重，不能只看到训练回执就判齐备。
tests/test_checkpoint_state.py,recorded_checkpoint,41,FunctionDef,True,recorded checkpoint。
tests/test_checkpoint_state.py,CheckpointGuards,73,ClassDef,True,保存 CheckpointGuards 的数据/运行职责。
tests/test_checkpoint_state.py,WorkflowProgress,318,ClassDef,True,保存 WorkflowProgress 的数据/运行职责。
tests/test_checkpoint_state.py,test_completed_prior_format_is_still_usable,76,FunctionDef,True,验证较早格式的完整 checkpoint 仍可使用。
tests/test_checkpoint_state.py,test_final_acceptance_rejects_partial_model,83,FunctionDef,True,验证未完成训练的模型不能当作最终验收模型。
tests/test_checkpoint_state.py,test_other_data_or_training_setup_cannot_be_resumed,88,FunctionDef,True,验证不同数据或训练设置不能混入同一断点续跑。
tests/test_checkpoint_state.py,test_partial_resume_requires_rng_and_complete_epoch_history,104,FunctionDef,True,验证中途续跑要求随机状态和完整 epoch 历史。
tests/test_checkpoint_state.py,test_failed_checkpoint_write_keeps_previous_completed_epoch,130,FunctionDef,True,验证 checkpoint 写入失败仍保留前一个完成版本。
tests/test_checkpoint_state.py,test_core_entrypoint_loads_numpy_rng_checkpoint_before_model_initialization,166,FunctionDef,True,验证 Core 入口在模型初始化前正确加载含 NumPy 随机状态的断点。
tests/test_checkpoint_state.py,test_real_torch_epoch_resume_matches_uninterrupted_toy_training,214,FunctionDef,True,验证真实 PyTorch 小模型的续跑与不中断训练一致。
tests/test_checkpoint_state.py,test_finish_cannot_reuse_report_for_another_checkpoint,321,FunctionDef,True,验证结束阶段不能复用属于另一个模型的报告。
tests/test_checkpoint_state.py,test_status_reads_saved_progress_without_preparing_or_training,353,FunctionDef,True,验证状态查询只读已保存进度，不准备数据或启动训练。
tests/test_checkpoint_state.py,test_second_workflow_cannot_write_until_first_releases_lock,368,FunctionDef,True,验证同目录第二个工作流在锁释放前不能写入。
tests/test_checkpoint_state.py,test_child_error_and_output_are_retained_in_log,379,FunctionDef,True,验证子进程错误和输出均保留在日志中。
tests/test_checkpoint_state.py,failed_save,133,FunctionDef,True,failed 保存。
tests/test_checkpoint_state.py,session,220,FunctionDef,True,session。
tests/test_checkpoint_state.py,epoch,240,FunctionDef,True,epoch。
tests/test_core.py,SemanticAst,42,ClassDef,True,Remove documentation and API annotations while preserving executed statements.
tests/test_core.py,MetricsTests,165,ClassDef,True,保存 MetricsTests 的数据/运行职责。
tests/test_core.py,SamplerTests,209,ClassDef,True,保存 SamplerTests 的数据/运行职责。
tests/test_core.py,RuntimeTests,261,ClassDef,True,保存 RuntimeTests 的数据/运行职责。
tests/test_core.py,EvidenceTests,330,ClassDef,True,保存 EvidenceTests 的数据/运行职责。
tests/test_core.py,visit_FunctionDef,45,FunctionDef,True,Normalize a function and all its nested definitions.
tests/test_core.py,visit_ClassDef,63,FunctionDef,True,Normalize methods and remove the class documentation.
tests/test_core.py,visit_arg,79,FunctionDef,True,Remove an argument annotation.
tests/test_core.py,visit_BinOp,92,FunctionDef,True,Fold explicit adjacent literal additions for a stable comparison.
tests/test_core.py,string_fragments,109,FunctionDef,True,Extract only literal or formatted string fragments for normalization.
tests/test_core.py,visit_JoinedStr,124,FunctionDef,True,Normalize equivalent implicit and explicit formatted string joins.
tests/test_core.py,visit_Name,151,FunctionDef,True,Normalize the descriptive replacement for an ambiguous label name.
tests/test_core.py,test_box_geometry,168,FunctionDef,True,验证相交、相离和退化边界框的 IoU。
tests/test_core.py,test_mask_geometry,175,FunctionDef,True,验证二值掩码交并比及两个空掩码的约定。
tests/test_core.py,test_crop_mask_clipping_and_resize,183,FunctionDef,True,验证裁剪掩码的缩放、边界裁切和原图回填。
tests/test_core.py,test_full_mask_ignores_crop_bbox,197,FunctionDef,True,验证全图掩码不被裁剪框再次错误变换。
tests/test_core.py,dataset,212,FunctionDef,True,数据集。
tests/test_core.py,test_no_balancing_and_sqrt_balancing,226,FunctionDef,True,验证不均衡采样和平方根均衡权重的公式。
tests/test_core.py,test_multiclass_image_uses_max_not_product,236,FunctionDef,True,验证多类同图使用最大类别权重，不能把权重相乘。
tests/test_core.py,test_invalid_training_distribution,249,FunctionDef,True,验证无效训练类别分布及时报错。
tests/test_core.py,test_paths_can_relocate,264,FunctionDef,True,验证项目和外部数据可迁移到另一工作目录。
tests/test_core.py,test_launcher_restores_cwd_and_argv_after_failure,290,FunctionDef,True,验证入口失败后仍恢复调用者工作目录和参数。
tests/test_core.py,test_copied_gpu_runtime_has_functioning_categorized_entrypoint,311,FunctionDef,True,验证复制出的运行目录仍能使用分类入口。
tests/test_core.py,test_overlap_audit_preserves_the_known_issue,333,FunctionDef,True,验证重叠审计如实保留已知的 33 张 Core 重叠。
tests/test_core.py,test_overlap_keys_do_not_match_different_directories,347,FunctionDef,True,验证同名但不同数据目录的图片不会被误判为同图。
tests/test_core.py,test_extracted_algorithms_match_uploaded_ast_fingerprints,358,FunctionDef,True,验证上传算法指纹，并比较补注释后的执行结构。
tests/test_core.py,test_documented_runtime_preserves_uploaded_filtered_transfer_logic,405,FunctionDef,True,验证注释版 runtime 保留上传速度补丁的筛选与计时逻辑。
tests/test_core.py,fail,294,FunctionDef,True,fail。
tests/test_recovery.py,ProtocolTests,61,ClassDef,True,保存 ProtocolTests 的数据/运行职责。
tests/test_recovery.py,DataRepairTests,180,ClassDef,True,保存 DataRepairTests 的数据/运行职责。
tests/test_recovery.py,ReviewTests,230,ClassDef,True,保存 ReviewTests 的数据/运行职责。
tests/test_recovery.py,PipelineTests,323,ClassDef,True,保存 PipelineTests 的数据/运行职责。
tests/test_recovery.py,WorkflowIntegrationTests,536,ClassDef,True,保存 WorkflowIntegrationTests 的数据/运行职责。
tests/test_recovery.py,test_confidence_precedes_better_iou,64,FunctionDef,True,验证匹配优先级按置信度排序，而不是先取 IoU 最大的预测。
tests/test_recovery.py,test_one_to_one_stable_ties_and_nonfinite_predictions,71,FunctionDef,True,验证一对一匹配、稳定同分顺序及非有限预测的处理。
tests/test_recovery.py,test_wrong_class_counts_as_fp_and_fn,85,FunctionDef,True,验证类别错误同时计入误报 FP 与漏检 FN。
tests/test_recovery.py,test_empty_or_missing_coverage_cannot_pass,97,FunctionDef,True,验证空结果和缺少覆盖的结果不能被验收为通过。
tests/test_recovery.py,test_all_eligible_attribute_truth_including_segmentation_miss_remains,109,FunctionDef,True,验证分割漏检时，符合条件的属性 GT 仍留在分母。
tests/test_recovery.py,test_coarse_and_unreviewed_grounding_cannot_pass,142,FunctionDef,True,验证粗粒度或未审核局部标注不能直接通过验收。
tests/test_recovery.py,test_clean_manifest_excludes_all_core_and_validation_source_images,183,FunctionDef,True,验证清理后的训练清单排除全部 Core 和开发集原图。
tests/test_recovery.py,test_legacy_reviews_keep_actual_accuracy_as_development,208,FunctionDef,True,验证旧审核的实际准确率保留为开发结果。
tests/test_recovery.py,setUpClass,234,FunctionDef,True,setUpClass。
tests/test_recovery.py,reviews,239,FunctionDef,True,reviews。
tests/test_recovery.py,test_pending_reviews_are_rejected,275,FunctionDef,True,验证尚未完成的审核记录不能用于冻结测试。
tests/test_recovery.py,test_candidate_identity_and_original_image_coordinates_are_locked,280,FunctionDef,True,验证候选身份和原图坐标受到冻结约束。
tests/test_recovery.py,test_full_coverage_and_category_specific_labels_are_required,291,FunctionDef,True,验证冻结要求完整覆盖及适用于对应衣物类别的标签。
tests/test_recovery.py,test_complete_reviews_select_fixed_five_per_region,310,FunctionDef,True,验证完整审核按每个区域固定选择五例。
tests/test_recovery.py,test_two_predictions_are_processed_without_gt_filtering,326,FunctionDef,True,验证两个预测实例均处理，不能先按 GT 筛选预测。
tests/test_recovery.py,test_stage_failure_keeps_next_garment_and_failure_record,409,FunctionDef,True,验证某实例阶段失败后仍处理下一实例并保留错误。
tests/test_recovery.py,test_roi_crop_and_coordinate_roundtrip,482,FunctionDef,True,验证 ROI 裁剪与原图坐标转换往返一致。
tests/test_recovery.py,test_neckline_uses_predicted_part_and_never_gt_proxy_in_track_b,498,FunctionDef,True,验证 Track B 领口使用预测局部区域，不能用 GT 代理。
tests/test_recovery.py,fixture,539,FunctionDef,True,Synthetic images and fixture reviewers never become user benchmark truth.
tests/test_recovery.py,test_freeze_pipeline_and_report_keep_misses_in_denominator,682,FunctionDef,True,验证冻结链路和结果汇总都保留漏检 GT 的分母。
tests/test_recovery.py,Backend,336,ClassDef,True,保存 Backend 的数据/运行职责。
tests/test_recovery.py,Backend,418,ClassDef,True,保存 Backend 的数据/运行职责。
tests/test_recovery.py,Backend,685,ClassDef,True,保存 Backend 的数据/运行职责。
tests/test_recovery.py,segment,339,FunctionDef,True,segment。
tests/test_recovery.py,ground,350,FunctionDef,True,ground。
tests/test_recovery.py,attributes,364,FunctionDef,True,属性。
tests/test_recovery.py,segment,421,FunctionDef,True,segment。
tests/test_recovery.py,ground,432,FunctionDef,True,ground。
tests/test_recovery.py,attributes,445,FunctionDef,True,属性。
tests/test_recovery.py,segment,690,FunctionDef,True,segment。
tests/test_recovery.py,ground,709,FunctionDef,True,ground。
tests/test_recovery.py,attributes,730,FunctionDef,True,属性。
