image_index,timed_pass,source_dataset,source_image,gt_instances,predictions_above_threshold,inference_ms,scope
0,1,DeepFashion2,../fashion_data/raw/train/train/image/000030.jpg,1,5,29.110275208950043,preprocess+forward+postprocess
0,2,DeepFashion2,../fashion_data/raw/train/train/image/000030.jpg,1,5,24.43824987858534,preprocess+forward+postprocess
0,3,DeepFashion2,../fashion_data/raw/train/train/image/000030.jpg,1,5,25.081006810069084,preprocess+forward+postprocess
0,4,DeepFashion2,../fashion_data/raw/train/train/image/000030.jpg,1,5,25.445546954870224,preprocess+forward+postprocess
0,5,DeepFashion2,../fashion_data/raw/train/train/image/000030.jpg,1,5,24.52903101220727,preprocess+forward+postprocess
1,1,DeepFashion2,../fashion_data/raw/train/train/image/002145.jpg,1,0,91.19755495339632,preprocess+forward+postprocess
1,2,DeepFashion2,../fashion_data/raw/train/train/image/002145.jpg,1,0,24.098305962979794,preprocess+forward+postprocess
1,3,DeepFashion2,../fashion_data/raw/train/train/image/002145.jpg,1,0,35.903315991163254,preprocess+forward+postprocess
1,4,DeepFashion2,../fashion_data/raw/train/train/image/002145.jpg,1,0,23.911562282592058,preprocess+forward+postprocess
1,5,DeepFashion2,../fashion_data/raw/train/train/image/002145.jpg,1,0,38.16983802244067,preprocess+forward+postprocess
2,1,DeepFashion2,../fashion_data/raw/train/train/image/002356.jpg,1,8,127.92933126911521,preprocess+forward+postprocess
2,2,DeepFashion2,../fashion_data/raw/train/train/image/002356.jpg,1,8,83.15248414874077,preprocess+forward+postprocess
2,3,DeepFashion2,../fashion_data/raw/train/train/image/002356.jpg,1,8,67.07678688690066,preprocess+forward+postprocess
2,4,DeepFashion2,../fashion_data/raw/train/train/image/002356.jpg,1,8,65.35442685708404,preprocess+forward+postprocess
2,5,DeepFashion2,../fashion_data/raw/train/train/image/002356.jpg,1,8,80.48220770433545,preprocess+forward+postprocess
3,1,DeepFashion2,../fashion_data/raw/train/train/image/002606.jpg,1,11,115.55454088374972,preprocess+forward+postprocess
3,2,DeepFashion2,../fashion_data/raw/train/train/image/002606.jpg,1,11,37.919143214821815,preprocess+forward+postprocess
3,3,DeepFashion2,../fashion_data/raw/train/train/image/002606.jpg,1,11,46.04764189571142,preprocess+forward+postprocess
3,4,DeepFashion2,../fashion_data/raw/train/train/image/002606.jpg,1,11,51.53301917016506,preprocess+forward+postprocess
3,5,DeepFashion2,../fashion_data/raw/train/train/image/002606.jpg,1,11,34.57201598212123,preprocess+forward+postprocess
4,1,DeepFashion2,../fashion_data/raw/train/train/image/003154.jpg,1,5,65.89635275304317,preprocess+forward+postprocess
4,2,DeepFashion2,../fashion_data/raw/train/train/image/003154.jpg,1,5,60.41563535109162,preprocess+forward+postprocess
4,3,DeepFashion2,../fashion_data/raw/train/train/image/003154.jpg,1,5,54.896545596420765,preprocess+forward+postprocess
4,4,DeepFashion2,../fashion_data/raw/train/train/image/003154.jpg,1,5,56.51354696601629,preprocess+forward+postprocess
4,5,DeepFashion2,../fashion_data/raw/train/train/image/003154.jpg,1,5,56.39483314007521,preprocess+forward+postprocess
5,1,DeepFashion2,../fashion_data/raw/train/train/image/003346.jpg,1,5,100.25464277714491,preprocess+forward+postprocess
5,2,DeepFashion2,../fashion_data/raw/train/train/image/003346.jpg,1,5,23.437945637851954,preprocess+forward+postprocess
5,3,DeepFashion2,../fashion_data/raw/train/train/image/003346.jpg,1,5,29.20045517385006,preprocess+forward+postprocess
5,4,DeepFashion2,../fashion_data/raw/train/train/image/003346.jpg,1,5,23.933793883770704,preprocess+forward+postprocess
5,5,DeepFashion2,../fashion_data/raw/train/train/image/003346.jpg,1,5,39.781288243830204,preprocess+forward+postprocess
6,1,DeepFashion2,../fashion_data/raw/train/train/image/008751.jpg,1,3,81.79106609895825,preprocess+forward+postprocess
6,2,DeepFashion2,../fashion_data/raw/train/train/image/008751.jpg,1,3,24.063820019364357,preprocess+forward+postprocess
6,3,DeepFashion2,../fashion_data/raw/train/train/image/008751.jpg,1,3,24.65448807924986,preprocess+forward+postprocess
6,4,DeepFashion2,../fashion_data/raw/train/train/image/008751.jpg,1,3,24.749668780714273,preprocess+forward+postprocess
6,5,DeepFashion2,../fashion_data/raw/train/train/image/008751.jpg,1,3,24.617468006908894,preprocess+forward+postprocess
7,1,DeepFashion2,../fashion_data/raw/train/train/image/009347.jpg,1,4,98.8527787849307,preprocess+forward+postprocess
7,2,DeepFashion2,../fashion_data/raw/train/train/image/009347.jpg,1,4,92.10351062938571,preprocess+forward+postprocess
7,3,DeepFashion2,../fashion_data/raw/train/train/image/009347.jpg,1,4,91.30996791645885,preprocess+forward+postprocess
7,4,DeepFashion2,../fashion_data/raw/train/train/image/009347.jpg,1,4,100.53694806993008,preprocess+forward+postprocess
7,5,DeepFashion2,../fashion_data/raw/train/train/image/009347.jpg,1,4,94.47079291567206,preprocess+forward+postprocess
8,1,DeepFashion2,../fashion_data/raw/train/train/image/009613.jpg,1,1,84.20231100171804,preprocess+forward+postprocess
8,2,DeepFashion2,../fashion_data/raw/train/train/image/009613.jpg,1,1,21.759547758847475,preprocess+forward+postprocess
8,3,DeepFashion2,../fashion_data/raw/train/train/image/009613.jpg,1,1,21.80578513070941,preprocess+forward+postprocess
8,4,DeepFashion2,../fashion_data/raw/train/train/image/009613.jpg,1,1,22.01243583112955,preprocess+forward+postprocess
8,5,DeepFashion2,../fashion_data/raw/train/train/image/009613.jpg,1,1,21.8836129643023,preprocess+forward+postprocess
9,1,DeepFashion2,../fashion_data/raw/train/train/image/009625.jpg,1,5,33.519872929900885,preprocess+forward+postprocess
9,2,DeepFashion2,../fashion_data/raw/train/train/image/009625.jpg,1,5,28.23490696027875,preprocess+forward+postprocess
9,3,DeepFashion2,../fashion_data/raw/train/train/image/009625.jpg,1,5,28.414045926183462,preprocess+forward+postprocess
9,4,DeepFashion2,../fashion_data/raw/train/train/image/009625.jpg,1,5,27.978783007711172,preprocess+forward+postprocess
9,5,DeepFashion2,../fashion_data/raw/train/train/image/009625.jpg,1,5,28.005112428218126,preprocess+forward+postprocess
10,1,DeepFashion2,../fashion_data/raw/train/train/image/010976.jpg,1,3,91.47252514958382,preprocess+forward+postprocess
10,2,DeepFashion2,../fashion_data/raw/train/train/image/010976.jpg,1,3,29.312778264284134,preprocess+forward+postprocess
10,3,DeepFashion2,../fashion_data/raw/train/train/image/010976.jpg,1,3,43.6835759319365,preprocess+forward+postprocess
10,4,DeepFashion2,../fashion_data/raw/train/train/image/010976.jpg,1,3,29.64397519826889,preprocess+forward+postprocess
10,5,DeepFashion2,../fashion_data/raw/train/train/image/010976.jpg,1,3,29.42510088905692,preprocess+forward+postprocess
11,1,DeepFashion2,../fashion_data/raw/train/train/image/011155.jpg,1,3,31.91980440169573,preprocess+forward+postprocess
11,2,DeepFashion2,../fashion_data/raw/train/train/image/011155.jpg,1,3,30.45635297894478,preprocess+forward+postprocess
11,3,DeepFashion2,../fashion_data/raw/train/train/image/011155.jpg,1,3,31.28361003473401,preprocess+forward+postprocess
11,4,DeepFashion2,../fashion_data/raw/train/train/image/011155.jpg,1,3,47.544416040182114,preprocess+forward+postprocess
11,5,DeepFashion2,../fashion_data/raw/train/train/image/011155.jpg,1,3,31.023527029901743,preprocess+forward+postprocess
12,1,DeepFashion2,../fashion_data/raw/train/train/image/011287.jpg,1,2,95.54523602128029,preprocess+forward+postprocess
12,2,DeepFashion2,../fashion_data/raw/train/train/image/011287.jpg,1,2,24.710414931178093,preprocess+forward+postprocess
12,3,DeepFashion2,../fashion_data/raw/train/train/image/011287.jpg,1,2,23.65955477580428,preprocess+forward+postprocess
12,4,DeepFashion2,../fashion_data/raw/train/train/image/011287.jpg,1,2,23.295316379517317,preprocess+forward+postprocess
12,5,DeepFashion2,../fashion_data/raw/train/train/image/011287.jpg,1,2,23.602366913110018,preprocess+forward+postprocess
13,1,DeepFashion2,../fashion_data/raw/train/train/image/013262.jpg,1,6,87.61289808899164,preprocess+forward+postprocess
13,2,DeepFashion2,../fashion_data/raw/train/train/image/013262.jpg,1,6,29.18725972995162,preprocess+forward+postprocess
13,3,DeepFashion2,../fashion_data/raw/train/train/image/013262.jpg,1,6,28.846716042608023,preprocess+forward+postprocess
13,4,DeepFashion2,../fashion_data/raw/train/train/image/013262.jpg,1,6,28.56535278260708,preprocess+forward+postprocess
13,5,DeepFashion2,../fashion_data/raw/train/train/image/013262.jpg,1,6,28.997390996664762,preprocess+forward+postprocess
14,1,DeepFashion2,../fashion_data/raw/train/train/image/013530.jpg,1,3,27.943905908614397,preprocess+forward+postprocess
14,2,DeepFashion2,../fashion_data/raw/train/train/image/013530.jpg,1,3,23.446050938218832,preprocess+forward+postprocess
14,3,DeepFashion2,../fashion_data/raw/train/train/image/013530.jpg,1,3,23.05223373696208,preprocess+forward+postprocess
14,4,DeepFashion2,../fashion_data/raw/train/train/image/013530.jpg,1,3,23.022858891636133,preprocess+forward+postprocess
14,5,DeepFashion2,../fashion_data/raw/train/train/image/013530.jpg,1,3,23.060580249875784,preprocess+forward+postprocess
15,1,DeepFashion2,../fashion_data/raw/train/train/image/014148.jpg,1,11,194.38454881310463,preprocess+forward+postprocess
15,2,DeepFashion2,../fashion_data/raw/train/train/image/014148.jpg,1,11,137.50327471643686,preprocess+forward+postprocess
15,3,DeepFashion2,../fashion_data/raw/train/train/image/014148.jpg,1,11,138.68036400526762,preprocess+forward+postprocess
15,4,DeepFashion2,../fashion_data/raw/train/train/image/014148.jpg,1,11,138.2229276932776,preprocess+forward+postprocess
15,5,DeepFashion2,../fashion_data/raw/train/train/image/014148.jpg,1,11,138.97653482854366,preprocess+forward+postprocess
16,1,DeepFashion2,../fashion_data/raw/train/train/image/015412.jpg,1,8,137.74746702983975,preprocess+forward+postprocess
16,2,DeepFashion2,../fashion_data/raw/train/train/image/015412.jpg,1,8,74.2925675585866,preprocess+forward+postprocess
16,3,DeepFashion2,../fashion_data/raw/train/train/image/015412.jpg,1,8,74.40299727022648,preprocess+forward+postprocess
16,4,DeepFashion2,../fashion_data/raw/train/train/image/015412.jpg,1,8,75.36382600665092,preprocess+forward+postprocess
16,5,DeepFashion2,../fashion_data/raw/train/train/image/015412.jpg,1,8,74.87180503085256,preprocess+forward+postprocess
17,1,DeepFashion2,../fashion_data/raw/train/train/image/015729.jpg,1,1,32.343456055969,preprocess+forward+postprocess
17,2,DeepFashion2,../fashion_data/raw/train/train/image/015729.jpg,1,1,25.42933588847518,preprocess+forward+postprocess
17,3,DeepFashion2,../fashion_data/raw/train/train/image/015729.jpg,1,1,40.60414573177695,preprocess+forward+postprocess
17,4,DeepFashion2,../fashion_data/raw/train/train/image/015729.jpg,1,1,25.05398401990533,preprocess+forward+postprocess
17,5,DeepFashion2,../fashion_data/raw/train/train/image/015729.jpg,1,1,24.095439817756414,preprocess+forward+postprocess
18,1,DeepFashion2,../fashion_data/raw/train/train/image/016956.jpg,1,6,82.40275410935283,preprocess+forward+postprocess
18,2,DeepFashion2,../fashion_data/raw/train/train/image/016956.jpg,1,6,82.73424115031958,preprocess+forward+postprocess
18,3,DeepFashion2,../fashion_data/raw/train/train/image/016956.jpg,1,6,82.98222115263343,preprocess+forward+postprocess
18,4,DeepFashion2,../fashion_data/raw/train/train/image/016956.jpg,1,6,81.6913959570229,preprocess+forward+postprocess
18,5,DeepFashion2,../fashion_data/raw/train/train/image/016956.jpg,1,6,88.1948689930141,preprocess+forward+postprocess
19,1,DeepFashion2,../fashion_data/raw/train/train/image/017043.jpg,1,7,61.6342518478632,preprocess+forward+postprocess
19,2,DeepFashion2,../fashion_data/raw/train/train/image/017043.jpg,1,7,44.7540832683444,preprocess+forward+postprocess
19,3,DeepFashion2,../fashion_data/raw/train/train/image/017043.jpg,1,7,35.313017666339874,preprocess+forward+postprocess
19,4,DeepFashion2,../fashion_data/raw/train/train/image/017043.jpg,1,7,35.11300031095743,preprocess+forward+postprocess
19,5,DeepFashion2,../fashion_data/raw/train/train/image/017043.jpg,1,7,36.08798515051603,preprocess+forward+postprocess
20,1,DeepFashion2,../fashion_data/raw/train/train/image/017444.jpg,1,4,25.164413265883923,preprocess+forward+postprocess
20,2,DeepFashion2,../fashion_data/raw/train/train/image/017444.jpg,1,4,25.017886888235807,preprocess+forward+postprocess
20,3,DeepFashion2,../fashion_data/raw/train/train/image/017444.jpg,1,4,41.659893933683634,preprocess+forward+postprocess
20,4,DeepFashion2,../fashion_data/raw/train/train/image/017444.jpg,1,4,25.435777381062508,preprocess+forward+postprocess
20,5,DeepFashion2,../fashion_data/raw/train/train/image/017444.jpg,1,4,24.99425131827593,preprocess+forward+postprocess
21,1,DeepFashion2,../fashion_data/raw/train/train/image/019252.jpg,1,0,49.19469030573964,preprocess+forward+postprocess
21,2,DeepFashion2,../fashion_data/raw/train/train/image/019252.jpg,1,0,18.742536194622517,preprocess+forward+postprocess
21,3,DeepFashion2,../fashion_data/raw/train/train/image/019252.jpg,1,0,19.53575713559985,preprocess+forward+postprocess
21,4,DeepFashion2,../fashion_data/raw/train/train/image/019252.jpg,1,0,19.622740801423788,preprocess+forward+postprocess
21,5,DeepFashion2,../fashion_data/raw/train/train/image/019252.jpg,1,0,34.312203992158175,preprocess+forward+postprocess
22,1,DeepFashion2,../fashion_data/raw/train/train/image/019502.jpg,1,7,52.54845879971981,preprocess+forward+postprocess
22,2,DeepFashion2,../fashion_data/raw/train/train/image/019502.jpg,1,7,38.06798392906785,preprocess+forward+postprocess
22,3,DeepFashion2,../fashion_data/raw/train/train/image/019502.jpg,1,7,43.615035712718964,preprocess+forward+postprocess
22,4,DeepFashion2,../fashion_data/raw/train/train/image/019502.jpg,1,7,46.91310087218881,preprocess+forward+postprocess
22,5,DeepFashion2,../fashion_data/raw/train/train/image/019502.jpg,1,7,45.07250618189573,preprocess+forward+postprocess
23,1,DeepFashion2,../fashion_data/raw/train/train/image/020193.jpg,1,1,21.609473042190075,preprocess+forward+postprocess
23,2,DeepFashion2,../fashion_data/raw/train/train/image/020193.jpg,1,1,21.9664191827178,preprocess+forward+postprocess
23,3,DeepFashion2,../fashion_data/raw/train/train/image/020193.jpg,1,1,21.12813200801611,preprocess+forward+postprocess
23,4,DeepFashion2,../fashion_data/raw/train/train/image/020193.jpg,1,1,21.62825921550393,preprocess+forward+postprocess
23,5,DeepFashion2,../fashion_data/raw/train/train/image/020193.jpg,1,1,21.37730410322547,preprocess+forward+postprocess
24,1,DeepFashion2,../fashion_data/raw/train/train/image/021661.jpg,1,3,23.96590495482087,preprocess+forward+postprocess
24,2,DeepFashion2,../fashion_data/raw/train/train/image/021661.jpg,1,3,23.638554848730564,preprocess+forward+postprocess
24,3,DeepFashion2,../fashion_data/raw/train/train/image/021661.jpg,1,3,23.207368794828653,preprocess+forward+postprocess
24,4,DeepFashion2,../fashion_data/raw/train/train/image/021661.jpg,1,3,22.7794679813087,preprocess+forward+postprocess
24,5,DeepFashion2,../fashion_data/raw/train/train/image/021661.jpg,1,3,23.336743004620075,preprocess+forward+postprocess
25,1,DeepFashion2,../fashion_data/raw/train/train/image/021851.jpg,1,2,22.89124997332692,preprocess+forward+postprocess
25,2,DeepFashion2,../fashion_data/raw/train/train/image/021851.jpg,1,2,22.23166124895215,preprocess+forward+postprocess
25,3,DeepFashion2,../fashion_data/raw/train/train/image/021851.jpg,1,2,22.23482681438327,preprocess+forward+postprocess
25,4,DeepFashion2,../fashion_data/raw/train/train/image/021851.jpg,1,2,22.979296278208494,preprocess+forward+postprocess
25,5,DeepFashion2,../fashion_data/raw/train/train/image/021851.jpg,1,2,22.251639049500227,preprocess+forward+postprocess
26,1,DeepFashion2,../fashion_data/raw/train/train/image/022015.jpg,1,2,27.92649297043681,preprocess+forward+postprocess
26,2,DeepFashion2,../fashion_data/raw/train/train/image/022015.jpg,1,2,27.509042993187904,preprocess+forward+postprocess
26,3,DeepFashion2,../fashion_data/raw/train/train/image/022015.jpg,1,2,27.864867355674505,preprocess+forward+postprocess
26,4,DeepFashion2,../fashion_data/raw/train/train/image/022015.jpg,1,2,27.922214940190315,preprocess+forward+postprocess
26,5,DeepFashion2,../fashion_data/raw/train/train/image/022015.jpg,1,2,27.14704815298319,preprocess+forward+postprocess
27,1,DeepFashion2,../fashion_data/raw/train/train/image/022171.jpg,1,2,35.42842576280236,preprocess+forward+postprocess
27,2,DeepFashion2,../fashion_data/raw/train/train/image/022171.jpg,1,2,22.741886787116528,preprocess+forward+postprocess
27,3,DeepFashion2,../fashion_data/raw/train/train/image/022171.jpg,1,2,23.35917577147484,preprocess+forward+postprocess
27,4,DeepFashion2,../fashion_data/raw/train/train/image/022171.jpg,1,2,22.852416150271893,preprocess+forward+postprocess
27,5,DeepFashion2,../fashion_data/raw/train/train/image/022171.jpg,1,2,22.696250583976507,preprocess+forward+postprocess
28,1,DeepFashion2,../fashion_data/raw/train/train/image/023422.jpg,1,10,110.82090623676777,preprocess+forward+postprocess
28,2,DeepFashion2,../fashion_data/raw/train/train/image/023422.jpg,1,10,88.34818005561829,preprocess+forward+postprocess
28,3,DeepFashion2,../fashion_data/raw/train/train/image/023422.jpg,1,10,69.11281123757362,preprocess+forward+postprocess
28,4,DeepFashion2,../fashion_data/raw/train/train/image/023422.jpg,1,10,72.94953474774957,preprocess+forward+postprocess
28,5,DeepFashion2,../fashion_data/raw/train/train/image/023422.jpg,1,10,68.75482387840748,preprocess+forward+postprocess
29,1,DeepFashion2,../fashion_data/raw/train/train/image/024251.jpg,1,4,22.95071305707097,preprocess+forward+postprocess
29,2,DeepFashion2,../fashion_data/raw/train/train/image/024251.jpg,1,4,23.018631152808666,preprocess+forward+postprocess
29,3,DeepFashion2,../fashion_data/raw/train/train/image/024251.jpg,1,4,22.930964827537537,preprocess+forward+postprocess
29,4,DeepFashion2,../fashion_data/raw/train/train/image/024251.jpg,1,4,23.01095612347126,preprocess+forward+postprocess
29,5,DeepFashion2,../fashion_data/raw/train/train/image/024251.jpg,1,4,38.92845334485173,preprocess+forward+postprocess
30,1,DeepFashion2,../fashion_data/raw/train/train/image/025637.jpg,1,3,79.09832708537579,preprocess+forward+postprocess
30,2,DeepFashion2,../fashion_data/raw/train/train/image/025637.jpg,1,3,74.63092776015401,preprocess+forward+postprocess
30,3,DeepFashion2,../fashion_data/raw/train/train/image/025637.jpg,1,3,74.84964188188314,preprocess+forward+postprocess
30,4,DeepFashion2,../fashion_data/raw/train/train/image/025637.jpg,1,3,89.91936407983303,preprocess+forward+postprocess
30,5,DeepFashion2,../fashion_data/raw/train/train/image/025637.jpg,1,3,74.32243414223194,preprocess+forward+postprocess
31,1,DeepFashion2,../fashion_data/raw/train/train/image/026481.jpg,1,10,97.76045987382531,preprocess+forward+postprocess
31,2,DeepFashion2,../fashion_data/raw/train/train/image/026481.jpg,1,10,82.83384935930371,preprocess+forward+postprocess
31,3,DeepFashion2,../fashion_data/raw/train/train/image/026481.jpg,1,10,75.53950883448124,preprocess+forward+postprocess
31,4,DeepFashion2,../fashion_data/raw/train/train/image/026481.jpg,1,10,71.8270898796618,preprocess+forward+postprocess
31,5,DeepFashion2,../fashion_data/raw/train/train/image/026481.jpg,1,10,75.56823268532753,preprocess+forward+postprocess
32,1,DeepFashion2,../fashion_data/raw/train/train/image/027992.jpg,1,5,84.1692266985774,preprocess+forward+postprocess
32,2,DeepFashion2,../fashion_data/raw/train/train/image/027992.jpg,1,5,53.07423509657383,preprocess+forward+postprocess
32,3,DeepFashion2,../fashion_data/raw/train/train/image/027992.jpg,1,5,31.62903292104602,preprocess+forward+postprocess
32,4,DeepFashion2,../fashion_data/raw/train/train/image/027992.jpg,1,5,32.4320332147181,preprocess+forward+postprocess
32,5,DeepFashion2,../fashion_data/raw/train/train/image/027992.jpg,1,5,31.408624723553658,preprocess+forward+postprocess
33,1,DeepFashion2,../fashion_data/raw/train/train/image/029778.jpg,1,3,25.84411995485425,preprocess+forward+postprocess
33,2,DeepFashion2,../fashion_data/raw/train/train/image/029778.jpg,1,3,25.787452701479197,preprocess+forward+postprocess
33,3,DeepFashion2,../fashion_data/raw/train/train/image/029778.jpg,1,3,25.453500915318727,preprocess+forward+postprocess
33,4,DeepFashion2,../fashion_data/raw/train/train/image/029778.jpg,1,3,25.64297989010811,preprocess+forward+postprocess
33,5,DeepFashion2,../fashion_data/raw/train/train/image/029778.jpg,1,3,26.220493018627167,preprocess+forward+postprocess
34,1,DeepFashion2,../fashion_data/raw/train/train/image/030539.jpg,1,6,78.53264594450593,preprocess+forward+postprocess
34,2,DeepFashion2,../fashion_data/raw/train/train/image/030539.jpg,1,6,77.85167591646314,preprocess+forward+postprocess
34,3,DeepFashion2,../fashion_data/raw/train/train/image/030539.jpg,1,6,76.54698472470045,preprocess+forward+postprocess
34,4,DeepFashion2,../fashion_data/raw/train/train/image/030539.jpg,1,6,80.94803802669048,preprocess+forward+postprocess
34,5,DeepFashion2,../fashion_data/raw/train/train/image/030539.jpg,1,6,94.81843002140522,preprocess+forward+postprocess
35,1,DeepFashion2,../fashion_data/raw/train/train/image/030915.jpg,1,6,151.88181633129716,preprocess+forward+postprocess
35,2,DeepFashion2,../fashion_data/raw/train/train/image/030915.jpg,1,6,74.31932771578431,preprocess+forward+postprocess
35,3,DeepFashion2,../fashion_data/raw/train/train/image/030915.jpg,1,6,73.71644675731659,preprocess+forward+postprocess
35,4,DeepFashion2,../fashion_data/raw/train/train/image/030915.jpg,1,6,73.24189879000187,preprocess+forward+postprocess
35,5,DeepFashion2,../fashion_data/raw/train/train/image/030915.jpg,1,6,70.57824498042464,preprocess+forward+postprocess
36,1,DeepFashion2,../fashion_data/raw/train/train/image/031100.jpg,1,8,76.95623999461532,preprocess+forward+postprocess
36,2,DeepFashion2,../fashion_data/raw/train/train/image/031100.jpg,1,8,72.56353320553899,preprocess+forward+postprocess
36,3,DeepFashion2,../fashion_data/raw/train/train/image/031100.jpg,1,8,79.55885771661997,preprocess+forward+postprocess
36,4,DeepFashion2,../fashion_data/raw/train/train/image/031100.jpg,1,8,73.87960515916348,preprocess+forward+postprocess
36,5,DeepFashion2,../fashion_data/raw/train/train/image/031100.jpg,1,8,72.77060626074672,preprocess+forward+postprocess
37,1,DeepFashion2,../fashion_data/raw/train/train/image/032283.jpg,1,3,25.421770755201578,preprocess+forward+postprocess
37,2,DeepFashion2,../fashion_data/raw/train/train/image/032283.jpg,1,3,26.074777357280254,preprocess+forward+postprocess
37,3,DeepFashion2,../fashion_data/raw/train/train/image/032283.jpg,1,3,40.07331980392337,preprocess+forward+postprocess
37,4,DeepFashion2,../fashion_data/raw/train/train/image/032283.jpg,1,3,25.021112989634275,preprocess+forward+postprocess
37,5,DeepFashion2,../fashion_data/raw/train/train/image/032283.jpg,1,3,25.507412385195494,preprocess+forward+postprocess
38,1,DeepFashion2,../fashion_data/raw/train/train/image/033105.jpg,1,4,28.41015812009573,preprocess+forward+postprocess
38,2,DeepFashion2,../fashion_data/raw/train/train/image/033105.jpg,1,4,28.421621304005384,preprocess+forward+postprocess
38,3,DeepFashion2,../fashion_data/raw/train/train/image/033105.jpg,1,4,31.204198021441698,preprocess+forward+postprocess
38,4,DeepFashion2,../fashion_data/raw/train/train/image/033105.jpg,1,4,28.592784889042377,preprocess+forward+postprocess
38,5,DeepFashion2,../fashion_data/raw/train/train/image/033105.jpg,1,4,27.91808731853962,preprocess+forward+postprocess
39,1,DeepFashion2,../fashion_data/raw/train/train/image/034082.jpg,1,11,91.95972606539726,preprocess+forward+postprocess
39,2,DeepFashion2,../fashion_data/raw/train/train/image/034082.jpg,1,11,38.35385479032993,preprocess+forward+postprocess
39,3,DeepFashion2,../fashion_data/raw/train/train/image/034082.jpg,1,11,35.77539324760437,preprocess+forward+postprocess
39,4,DeepFashion2,../fashion_data/raw/train/train/image/034082.jpg,1,11,35.837230272591114,preprocess+forward+postprocess
39,5,DeepFashion2,../fashion_data/raw/train/train/image/034082.jpg,1,11,38.46482513472438,preprocess+forward+postprocess
40,1,DeepFashion2,../fashion_data/raw/train/train/image/034749.jpg,1,5,41.57589515671134,preprocess+forward+postprocess
40,2,DeepFashion2,../fashion_data/raw/train/train/image/034749.jpg,1,5,33.225785940885544,preprocess+forward+postprocess
40,3,DeepFashion2,../fashion_data/raw/train/train/image/034749.jpg,1,5,33.79943175241351,preprocess+forward+postprocess
40,4,DeepFashion2,../fashion_data/raw/train/train/image/034749.jpg,1,5,33.44146441668272,preprocess+forward+postprocess
40,5,DeepFashion2,../fashion_data/raw/train/train/image/034749.jpg,1,5,34.185051918029785,preprocess+forward+postprocess
41,1,DeepFashion2,../fashion_data/raw/train/train/image/035199.jpg,1,2,88.50480522960424,preprocess+forward+postprocess
41,2,DeepFashion2,../fashion_data/raw/train/train/image/035199.jpg,1,2,25.364102330058813,preprocess+forward+postprocess
41,3,DeepFashion2,../fashion_data/raw/train/train/image/035199.jpg,1,2,25.456055998802185,preprocess+forward+postprocess
41,4,DeepFashion2,../fashion_data/raw/train/train/image/035199.jpg,1,2,43.92830887809396,preprocess+forward+postprocess
41,5,DeepFashion2,../fashion_data/raw/train/train/image/035199.jpg,1,2,25.372207164764404,preprocess+forward+postprocess
42,1,DeepFashion2,../fashion_data/raw/train/train/image/035517.jpg,1,4,51.607989240437746,preprocess+forward+postprocess
42,2,DeepFashion2,../fashion_data/raw/train/train/image/035517.jpg,1,4,29.962888453155756,preprocess+forward+postprocess
42,3,DeepFashion2,../fashion_data/raw/train/train/image/035517.jpg,1,4,29.217497911304235,preprocess+forward+postprocess
42,4,DeepFashion2,../fashion_data/raw/train/train/image/035517.jpg,1,4,28.68483867496252,preprocess+forward+postprocess
42,5,DeepFashion2,../fashion_data/raw/train/train/image/035517.jpg,1,4,29.45531764999032,preprocess+forward+postprocess
43,1,DeepFashion2,../fashion_data/raw/train/train/image/035861.jpg,1,3,28.865730855613947,preprocess+forward+postprocess
43,2,DeepFashion2,../fashion_data/raw/train/train/image/035861.jpg,1,3,45.24453077465296,preprocess+forward+postprocess
43,3,DeepFashion2,../fashion_data/raw/train/train/image/035861.jpg,1,3,44.11547305062413,preprocess+forward+postprocess
43,4,DeepFashion2,../fashion_data/raw/train/train/image/035861.jpg,1,3,28.88048905879259,preprocess+forward+postprocess
43,5,DeepFashion2,../fashion_data/raw/train/train/image/035861.jpg,1,3,29.25226278603077,preprocess+forward+postprocess
44,1,DeepFashion2,../fashion_data/raw/train/train/image/036544.jpg,1,3,37.80984506011009,preprocess+forward+postprocess
44,2,DeepFashion2,../fashion_data/raw/train/train/image/036544.jpg,1,3,29.090555850416422,preprocess+forward+postprocess
44,3,DeepFashion2,../fashion_data/raw/train/train/image/036544.jpg,1,3,29.40463088452816,preprocess+forward+postprocess
44,4,DeepFashion2,../fashion_data/raw/train/train/image/036544.jpg,1,3,28.929803054779768,preprocess+forward+postprocess
44,5,DeepFashion2,../fashion_data/raw/train/train/image/036544.jpg,1,3,28.467897325754166,preprocess+forward+postprocess
45,1,DeepFashion2,../fashion_data/raw/train/train/image/036674.jpg,1,2,33.660028129816055,preprocess+forward+postprocess
45,2,DeepFashion2,../fashion_data/raw/train/train/image/036674.jpg,1,2,27.670739218592644,preprocess+forward+postprocess
45,3,DeepFashion2,../fashion_data/raw/train/train/image/036674.jpg,1,2,27.27424819022417,preprocess+forward+postprocess
45,4,DeepFashion2,../fashion_data/raw/train/train/image/036674.jpg,1,2,26.82266291230917,preprocess+forward+postprocess
45,5,DeepFashion2,../fashion_data/raw/train/train/image/036674.jpg,1,2,27.37728413194418,preprocess+forward+postprocess
46,1,DeepFashion2,../fashion_data/raw/train/train/image/037017.jpg,1,4,48.29495586454868,preprocess+forward+postprocess
46,2,DeepFashion2,../fashion_data/raw/train/train/image/037017.jpg,1,4,48.795442562550306,preprocess+forward+postprocess
46,3,DeepFashion2,../fashion_data/raw/train/train/image/037017.jpg,1,4,51.26019986346364,preprocess+forward+postprocess
46,4,DeepFashion2,../fashion_data/raw/train/train/image/037017.jpg,1,4,33.16507115960121,preprocess+forward+postprocess
46,5,DeepFashion2,../fashion_data/raw/train/train/image/037017.jpg,1,4,32.70824579522014,preprocess+forward+postprocess
47,1,DeepFashion2,../fashion_data/raw/train/train/image/037086.jpg,1,5,40.12030875310302,preprocess+forward+postprocess
47,2,DeepFashion2,../fashion_data/raw/train/train/image/037086.jpg,1,5,63.21389228105545,preprocess+forward+postprocess
47,3,DeepFashion2,../fashion_data/raw/train/train/image/037086.jpg,1,5,62.67458060756326,preprocess+forward+postprocess
47,4,DeepFashion2,../fashion_data/raw/train/train/image/037086.jpg,1,5,63.607025891542435,preprocess+forward+postprocess
47,5,DeepFashion2,../fashion_data/raw/train/train/image/037086.jpg,1,5,64.16108505800366,preprocess+forward+postprocess
48,1,DeepFashion2,../fashion_data/raw/train/train/image/039006.jpg,1,10,96.4186480268836,preprocess+forward+postprocess
48,2,DeepFashion2,../fashion_data/raw/train/train/image/039006.jpg,1,10,99.2774199694395,preprocess+forward+postprocess
48,3,DeepFashion2,../fashion_data/raw/train/train/image/039006.jpg,1,10,96.71895625069737,preprocess+forward+postprocess
48,4,DeepFashion2,../fashion_data/raw/train/train/image/039006.jpg,1,10,108.55409316718578,preprocess+forward+postprocess
48,5,DeepFashion2,../fashion_data/raw/train/train/image/039006.jpg,1,10,95.14265228062868,preprocess+forward+postprocess
49,1,DeepFashion2,../fashion_data/raw/train/train/image/039931.jpg,1,1,85.98239859566092,preprocess+forward+postprocess
49,2,DeepFashion2,../fashion_data/raw/train/train/image/039931.jpg,1,1,24.191951844841242,preprocess+forward+postprocess
49,3,DeepFashion2,../fashion_data/raw/train/train/image/039931.jpg,1,1,22.508184891194105,preprocess+forward+postprocess
49,4,DeepFashion2,../fashion_data/raw/train/train/image/039931.jpg,1,1,22.224116139113903,preprocess+forward+postprocess
49,5,DeepFashion2,../fashion_data/raw/train/train/image/039931.jpg,1,1,21.95260301232338,preprocess+forward+postprocess
50,1,DeepFashion2,../fashion_data/raw/train/train/image/040782.jpg,1,4,26.666185818612576,preprocess+forward+postprocess
50,2,DeepFashion2,../fashion_data/raw/train/train/image/040782.jpg,1,4,26.812723837792873,preprocess+forward+postprocess
50,3,DeepFashion2,../fashion_data/raw/train/train/image/040782.jpg,1,4,26.565505657345057,preprocess+forward+postprocess
50,4,DeepFashion2,../fashion_data/raw/train/train/image/040782.jpg,1,4,28.001634869724512,preprocess+forward+postprocess
50,5,DeepFashion2,../fashion_data/raw/train/train/image/040782.jpg,1,4,29.954683035612106,preprocess+forward+postprocess
51,1,DeepFashion2,../fashion_data/raw/train/train/image/040842.jpg,1,7,68.63532587885857,preprocess+forward+postprocess
51,2,DeepFashion2,../fashion_data/raw/train/train/image/040842.jpg,1,7,67.94890621677041,preprocess+forward+postprocess
51,3,DeepFashion2,../fashion_data/raw/train/train/image/040842.jpg,1,7,82.29380520060658,preprocess+forward+postprocess
51,4,DeepFashion2,../fashion_data/raw/train/train/image/040842.jpg,1,7,68.60335497185588,preprocess+forward+postprocess
51,5,DeepFashion2,../fashion_data/raw/train/train/image/040842.jpg,1,7,68.78166273236275,preprocess+forward+postprocess
52,1,DeepFashion2,../fashion_data/raw/train/train/image/041482.jpg,1,2,24.118713103234768,preprocess+forward+postprocess
52,2,DeepFashion2,../fashion_data/raw/train/train/image/041482.jpg,1,2,25.854759849607944,preprocess+forward+postprocess
52,3,DeepFashion2,../fashion_data/raw/train/train/image/041482.jpg,1,2,26.350808795541525,preprocess+forward+postprocess
52,4,DeepFashion2,../fashion_data/raw/train/train/image/041482.jpg,1,2,38.13199466094375,preprocess+forward+postprocess
52,5,DeepFashion2,../fashion_data/raw/train/train/image/041482.jpg,1,2,23.63270428031683,preprocess+forward+postprocess
53,1,DeepFashion2,../fashion_data/raw/train/train/image/041520.jpg,1,1,22.564760874956846,preprocess+forward+postprocess
53,2,DeepFashion2,../fashion_data/raw/train/train/image/041520.jpg,1,1,38.56753930449486,preprocess+forward+postprocess
53,3,DeepFashion2,../fashion_data/raw/train/train/image/041520.jpg,1,1,35.393659956753254,preprocess+forward+postprocess
53,4,DeepFashion2,../fashion_data/raw/train/train/image/041520.jpg,1,1,38.15485676750541,preprocess+forward+postprocess
53,5,DeepFashion2,../fashion_data/raw/train/train/image/041520.jpg,1,1,22.237030789256096,preprocess+forward+postprocess
54,1,DeepFashion2,../fashion_data/raw/train/train/image/042495.jpg,1,2,23.709730245172977,preprocess+forward+postprocess
54,2,DeepFashion2,../fashion_data/raw/train/train/image/042495.jpg,1,2,23.500373121351004,preprocess+forward+postprocess
54,3,DeepFashion2,../fashion_data/raw/train/train/image/042495.jpg,1,2,23.107449058443308,preprocess+forward+postprocess
54,4,DeepFashion2,../fashion_data/raw/train/train/image/042495.jpg,1,2,23.228708654642105,preprocess+forward+postprocess
54,5,DeepFashion2,../fashion_data/raw/train/train/image/042495.jpg,1,2,23.722914047539234,preprocess+forward+postprocess
55,1,DeepFashion2,../fashion_data/raw/train/train/image/043181.jpg,1,1,25.72141820564866,preprocess+forward+postprocess
55,2,DeepFashion2,../fashion_data/raw/train/train/image/043181.jpg,1,1,36.642754916101694,preprocess+forward+postprocess
55,3,DeepFashion2,../fashion_data/raw/train/train/image/043181.jpg,1,1,36.93875530734658,preprocess+forward+postprocess
55,4,DeepFashion2,../fashion_data/raw/train/train/image/043181.jpg,1,1,25.170844979584217,preprocess+forward+postprocess
55,5,DeepFashion2,../fashion_data/raw/train/train/image/043181.jpg,1,1,20.867638289928436,preprocess+forward+postprocess
56,1,DeepFashion2,../fashion_data/raw/train/train/image/043213.jpg,1,6,23.885381873697042,preprocess+forward+postprocess
56,2,DeepFashion2,../fashion_data/raw/train/train/image/043213.jpg,1,6,26.016416028141975,preprocess+forward+postprocess
56,3,DeepFashion2,../fashion_data/raw/train/train/image/043213.jpg,1,6,24.339682422578335,preprocess+forward+postprocess
56,4,DeepFashion2,../fashion_data/raw/train/train/image/043213.jpg,1,6,24.53398983925581,preprocess+forward+postprocess
56,5,DeepFashion2,../fashion_data/raw/train/train/image/043213.jpg,1,6,24.815042037516832,preprocess+forward+postprocess
57,1,DeepFashion2,../fashion_data/raw/train/train/image/043686.jpg,1,7,161.87971411272883,preprocess+forward+postprocess
57,2,DeepFashion2,../fashion_data/raw/train/train/image/043686.jpg,1,7,103.36744412779808,preprocess+forward+postprocess
57,3,DeepFashion2,../fashion_data/raw/train/train/image/043686.jpg,1,7,104.73870020359755,preprocess+forward+postprocess
57,4,DeepFashion2,../fashion_data/raw/train/train/image/043686.jpg,1,7,103.58090838417411,preprocess+forward+postprocess
57,5,DeepFashion2,../fashion_data/raw/train/train/image/043686.jpg,1,7,103.94191136583686,preprocess+forward+postprocess
58,1,DeepFashion2,../fashion_data/raw/train/train/image/044433.jpg,1,4,29.67442199587822,preprocess+forward+postprocess
58,2,DeepFashion2,../fashion_data/raw/train/train/image/044433.jpg,1,4,29.70266481861472,preprocess+forward+postprocess
58,3,DeepFashion2,../fashion_data/raw/train/train/image/044433.jpg,1,4,28.1790210865438,preprocess+forward+postprocess
58,4,DeepFashion2,../fashion_data/raw/train/train/image/044433.jpg,1,4,28.402012772858143,preprocess+forward+postprocess
58,5,DeepFashion2,../fashion_data/raw/train/train/image/044433.jpg,1,4,28.918711002916098,preprocess+forward+postprocess
59,1,DeepFashion2,../fashion_data/raw/train/train/image/046348.jpg,1,2,21.681149024516344,preprocess+forward+postprocess
59,2,DeepFashion2,../fashion_data/raw/train/train/image/046348.jpg,1,2,22.045257966965437,preprocess+forward+postprocess
59,3,DeepFashion2,../fashion_data/raw/train/train/image/046348.jpg,1,2,22.150767967104912,preprocess+forward+postprocess
59,4,DeepFashion2,../fashion_data/raw/train/train/image/046348.jpg,1,2,36.30521614104509,preprocess+forward+postprocess
59,5,DeepFashion2,../fashion_data/raw/train/train/image/046348.jpg,1,2,34.15806079283357,preprocess+forward+postprocess
60,1,DeepFashion2,../fashion_data/raw/train/train/image/046633.jpg,1,9,55.8127099648118,preprocess+forward+postprocess
60,2,DeepFashion2,../fashion_data/raw/train/train/image/046633.jpg,1,9,70.34993218258023,preprocess+forward+postprocess
60,3,DeepFashion2,../fashion_data/raw/train/train/image/046633.jpg,1,9,69.68504330143332,preprocess+forward+postprocess
60,4,DeepFashion2,../fashion_data/raw/train/train/image/046633.jpg,1,9,69.12483274936676,preprocess+forward+postprocess
60,5,DeepFashion2,../fashion_data/raw/train/train/image/046633.jpg,1,9,67.83150369301438,preprocess+forward+postprocess
61,1,DeepFashion2,../fashion_data/raw/train/train/image/048987.jpg,1,2,77.50021992251277,preprocess+forward+postprocess
61,2,DeepFashion2,../fashion_data/raw/train/train/image/048987.jpg,1,2,25.77482908964157,preprocess+forward+postprocess
61,3,DeepFashion2,../fashion_data/raw/train/train/image/048987.jpg,1,2,26.379793882369995,preprocess+forward+postprocess
61,4,DeepFashion2,../fashion_data/raw/train/train/image/048987.jpg,1,2,25.121021084487438,preprocess+forward+postprocess
61,5,DeepFashion2,../fashion_data/raw/train/train/image/048987.jpg,1,2,25.138674769550562,preprocess+forward+postprocess
62,1,DeepFashion2,../fashion_data/raw/train/train/image/049578.jpg,1,6,65.61066908761859,preprocess+forward+postprocess
62,2,DeepFashion2,../fashion_data/raw/train/train/image/049578.jpg,1,6,60.680825263261795,preprocess+forward+postprocess
62,3,DeepFashion2,../fashion_data/raw/train/train/image/049578.jpg,1,6,61.814622953534126,preprocess+forward+postprocess
62,4,DeepFashion2,../fashion_data/raw/train/train/image/049578.jpg,1,6,61.642095912247896,preprocess+forward+postprocess
62,5,DeepFashion2,../fashion_data/raw/train/train/image/049578.jpg,1,6,60.677609872072935,preprocess+forward+postprocess
63,1,DeepFashion2,../fashion_data/raw/train/train/image/050133.jpg,1,5,28.227041009813547,preprocess+forward+postprocess
63,2,DeepFashion2,../fashion_data/raw/train/train/image/050133.jpg,1,5,28.09419995173812,preprocess+forward+postprocess
63,3,DeepFashion2,../fashion_data/raw/train/train/image/050133.jpg,1,5,28.882472775876522,preprocess+forward+postprocess
63,4,DeepFashion2,../fashion_data/raw/train/train/image/050133.jpg,1,5,28.97517802193761,preprocess+forward+postprocess
63,5,DeepFashion2,../fashion_data/raw/train/train/image/050133.jpg,1,5,28.18500204011798,preprocess+forward+postprocess
64,1,DeepFashion2,../fashion_data/raw/train/train/image/050829.jpg,1,6,37.94721374288201,preprocess+forward+postprocess
64,2,DeepFashion2,../fashion_data/raw/train/train/image/050829.jpg,1,6,43.25943160802126,preprocess+forward+postprocess
64,3,DeepFashion2,../fashion_data/raw/train/train/image/050829.jpg,1,6,42.50052571296692,preprocess+forward+postprocess
64,4,DeepFashion2,../fashion_data/raw/train/train/image/050829.jpg,1,6,38.91226090490818,preprocess+forward+postprocess
64,5,DeepFashion2,../fashion_data/raw/train/train/image/050829.jpg,1,6,42.987768072634935,preprocess+forward+postprocess
65,1,DeepFashion2,../fashion_data/raw/train/train/image/051038.jpg,1,3,84.77912982925773,preprocess+forward+postprocess
65,2,DeepFashion2,../fashion_data/raw/train/train/image/051038.jpg,1,3,30.115296132862568,preprocess+forward+postprocess
65,3,DeepFashion2,../fashion_data/raw/train/train/image/051038.jpg,1,3,27.949616312980652,preprocess+forward+postprocess
65,4,DeepFashion2,../fashion_data/raw/train/train/image/051038.jpg,1,3,28.286945074796677,preprocess+forward+postprocess
65,5,DeepFashion2,../fashion_data/raw/train/train/image/051038.jpg,1,3,45.50583474338055,preprocess+forward+postprocess
66,1,DeepFashion2,../fashion_data/raw/train/train/image/053306.jpg,1,8,144.39274510368705,preprocess+forward+postprocess
66,2,DeepFashion2,../fashion_data/raw/train/train/image/053306.jpg,1,8,106.87573486939073,preprocess+forward+postprocess
66,3,DeepFashion2,../fashion_data/raw/train/train/image/053306.jpg,1,8,105.50141287967563,preprocess+forward+postprocess
66,4,DeepFashion2,../fashion_data/raw/train/train/image/053306.jpg,1,8,90.09642712771893,preprocess+forward+postprocess
66,5,DeepFashion2,../fashion_data/raw/train/train/image/053306.jpg,1,8,90.93575738370419,preprocess+forward+postprocess
67,1,DeepFashion2,../fashion_data/raw/train/train/image/053448.jpg,1,1,75.71236416697502,preprocess+forward+postprocess
67,2,DeepFashion2,../fashion_data/raw/train/train/image/053448.jpg,1,1,23.094062693417072,preprocess+forward+postprocess
67,3,DeepFashion2,../fashion_data/raw/train/train/image/053448.jpg,1,1,22.51671999692917,preprocess+forward+postprocess
67,4,DeepFashion2,../fashion_data/raw/train/train/image/053448.jpg,1,1,23.293872363865376,preprocess+forward+postprocess
67,5,DeepFashion2,../fashion_data/raw/train/train/image/053448.jpg,1,1,23.33690319210291,preprocess+forward+postprocess
68,1,DeepFashion2,../fashion_data/raw/train/train/image/053896.jpg,1,2,35.34851409494877,preprocess+forward+postprocess
68,2,DeepFashion2,../fashion_data/raw/train/train/image/053896.jpg,1,2,35.77978117391467,preprocess+forward+postprocess
68,3,DeepFashion2,../fashion_data/raw/train/train/image/053896.jpg,1,2,36.95216029882431,preprocess+forward+postprocess
68,4,DeepFashion2,../fashion_data/raw/train/train/image/053896.jpg,1,2,21.41282008960843,preprocess+forward+postprocess
68,5,DeepFashion2,../fashion_data/raw/train/train/image/053896.jpg,1,2,22.022955119609833,preprocess+forward+postprocess
69,1,DeepFashion2,../fashion_data/raw/train/train/image/055476.jpg,1,4,23.349886760115623,preprocess+forward+postprocess
69,2,DeepFashion2,../fashion_data/raw/train/train/image/055476.jpg,1,4,25.464951992034912,preprocess+forward+postprocess
69,3,DeepFashion2,../fashion_data/raw/train/train/image/055476.jpg,1,4,24.58966476842761,preprocess+forward+postprocess
69,4,DeepFashion2,../fashion_data/raw/train/train/image/055476.jpg,1,4,23.507296107709408,preprocess+forward+postprocess
69,5,DeepFashion2,../fashion_data/raw/train/train/image/055476.jpg,1,4,24.266622960567474,preprocess+forward+postprocess
70,1,DeepFashion2,../fashion_data/raw/train/train/image/060041.jpg,1,4,28.1164119951427,preprocess+forward+postprocess
70,2,DeepFashion2,../fashion_data/raw/train/train/image/060041.jpg,1,4,28.822026681154966,preprocess+forward+postprocess
70,3,DeepFashion2,../fashion_data/raw/train/train/image/060041.jpg,1,4,28.061878867447376,preprocess+forward+postprocess
70,4,DeepFashion2,../fashion_data/raw/train/train/image/060041.jpg,1,4,27.73426892235875,preprocess+forward+postprocess
70,5,DeepFashion2,../fashion_data/raw/train/train/image/060041.jpg,1,4,33.81002089008689,preprocess+forward+postprocess
71,1,DeepFashion2,../fashion_data/raw/train/train/image/061377.jpg,1,9,42.22311917692423,preprocess+forward+postprocess
71,2,DeepFashion2,../fashion_data/raw/train/train/image/061377.jpg,1,9,34.774516709148884,preprocess+forward+postprocess
71,3,DeepFashion2,../fashion_data/raw/train/train/image/061377.jpg,1,9,35.56976281106472,preprocess+forward+postprocess
71,4,DeepFashion2,../fashion_data/raw/train/train/image/061377.jpg,1,9,36.244019865989685,preprocess+forward+postprocess
71,5,DeepFashion2,../fashion_data/raw/train/train/image/061377.jpg,1,9,34.6513451077044,preprocess+forward+postprocess
72,1,DeepFashion2,../fashion_data/raw/train/train/image/062914.jpg,1,5,25.575601030141115,preprocess+forward+postprocess
72,2,DeepFashion2,../fashion_data/raw/train/train/image/062914.jpg,1,5,24.84708186239004,preprocess+forward+postprocess
72,3,DeepFashion2,../fashion_data/raw/train/train/image/062914.jpg,1,5,24.417078122496605,preprocess+forward+postprocess
72,4,DeepFashion2,../fashion_data/raw/train/train/image/062914.jpg,1,5,24.405906908214092,preprocess+forward+postprocess
72,5,DeepFashion2,../fashion_data/raw/train/train/image/062914.jpg,1,5,24.511546827852726,preprocess+forward+postprocess
73,1,DeepFashion2,../fashion_data/raw/train/train/image/063330.jpg,1,11,102.98197204247117,preprocess+forward+postprocess
73,2,DeepFashion2,../fashion_data/raw/train/train/image/063330.jpg,1,11,88.35328696295619,preprocess+forward+postprocess
73,3,DeepFashion2,../fashion_data/raw/train/train/image/063330.jpg,1,11,91.36257413774729,preprocess+forward+postprocess
73,4,DeepFashion2,../fashion_data/raw/train/train/image/063330.jpg,1,11,93.17367291077971,preprocess+forward+postprocess
73,5,DeepFashion2,../fashion_data/raw/train/train/image/063330.jpg,1,11,88.9742118306458,preprocess+forward+postprocess
74,1,DeepFashion2,../fashion_data/raw/train/train/image/064444.jpg,1,4,26.27574698999524,preprocess+forward+postprocess
74,2,DeepFashion2,../fashion_data/raw/train/train/image/064444.jpg,1,4,24.872549809515476,preprocess+forward+postprocess
74,3,DeepFashion2,../fashion_data/raw/train/train/image/064444.jpg,1,4,25.13282373547554,preprocess+forward+postprocess
74,4,DeepFashion2,../fashion_data/raw/train/train/image/064444.jpg,1,4,25.471534114331007,preprocess+forward+postprocess
74,5,DeepFashion2,../fashion_data/raw/train/train/image/064444.jpg,1,4,25.485120713710785,preprocess+forward+postprocess
75,1,DeepFashion2,../fashion_data/raw/train/train/image/066524.jpg,1,2,24.772290140390396,preprocess+forward+postprocess
75,2,DeepFashion2,../fashion_data/raw/train/train/image/066524.jpg,1,2,26.172130834311247,preprocess+forward+postprocess
75,3,DeepFashion2,../fashion_data/raw/train/train/image/066524.jpg,1,2,25.42897406965494,preprocess+forward+postprocess
75,4,DeepFashion2,../fashion_data/raw/train/train/image/066524.jpg,1,2,24.475438054651022,preprocess+forward+postprocess
75,5,DeepFashion2,../fashion_data/raw/train/train/image/066524.jpg,1,2,24.634229950606823,preprocess+forward+postprocess
76,1,DeepFashion2,../fashion_data/raw/train/train/image/068565.jpg,1,5,30.441534239798784,preprocess+forward+postprocess
76,2,DeepFashion2,../fashion_data/raw/train/train/image/068565.jpg,1,5,30.103794764727354,preprocess+forward+postprocess
76,3,DeepFashion2,../fashion_data/raw/train/train/image/068565.jpg,1,5,36.13224811851978,preprocess+forward+postprocess
76,4,DeepFashion2,../fashion_data/raw/train/train/image/068565.jpg,1,5,29.848181176930666,preprocess+forward+postprocess
76,5,DeepFashion2,../fashion_data/raw/train/train/image/068565.jpg,1,5,31.028395052999258,preprocess+forward+postprocess
77,1,DeepFashion2,../fashion_data/raw/train/train/image/068996.jpg,1,1,20.666205789893866,preprocess+forward+postprocess
77,2,DeepFashion2,../fashion_data/raw/train/train/image/068996.jpg,1,1,20.3894330188632,preprocess+forward+postprocess
77,3,DeepFashion2,../fashion_data/raw/train/train/image/068996.jpg,1,1,20.323557779192924,preprocess+forward+postprocess
77,4,DeepFashion2,../fashion_data/raw/train/train/image/068996.jpg,1,1,20.732481963932514,preprocess+forward+postprocess
77,5,DeepFashion2,../fashion_data/raw/train/train/image/068996.jpg,1,1,20.52513975650072,preprocess+forward+postprocess
78,1,DeepFashion2,../fashion_data/raw/train/train/image/069374.jpg,1,2,75.73850359767675,preprocess+forward+postprocess
78,2,DeepFashion2,../fashion_data/raw/train/train/image/069374.jpg,1,2,23.101738188415766,preprocess+forward+postprocess
78,3,DeepFashion2,../fashion_data/raw/train/train/image/069374.jpg,1,2,22.796940058469772,preprocess+forward+postprocess
78,4,DeepFashion2,../fashion_data/raw/train/train/image/069374.jpg,1,2,22.655421867966652,preprocess+forward+postprocess
78,5,DeepFashion2,../fashion_data/raw/train/train/image/069374.jpg,1,2,23.055179975926876,preprocess+forward+postprocess
79,1,DeepFashion2,../fashion_data/raw/train/train/image/069587.jpg,1,3,32.89119200780988,preprocess+forward+postprocess
79,2,DeepFashion2,../fashion_data/raw/train/train/image/069587.jpg,1,3,21.13488409668207,preprocess+forward+postprocess
79,3,DeepFashion2,../fashion_data/raw/train/train/image/069587.jpg,1,3,21.39529725536704,preprocess+forward+postprocess
79,4,DeepFashion2,../fashion_data/raw/train/train/image/069587.jpg,1,3,22.906898986548185,preprocess+forward+postprocess
79,5,DeepFashion2,../fashion_data/raw/train/train/image/069587.jpg,1,3,21.214294247329235,preprocess+forward+postprocess
80,1,DeepFashion2,../fashion_data/raw/train/train/image/070551.jpg,1,5,93.04700326174498,preprocess+forward+postprocess
80,2,DeepFashion2,../fashion_data/raw/train/train/image/070551.jpg,1,5,32.88328694179654,preprocess+forward+postprocess
80,3,DeepFashion2,../fashion_data/raw/train/train/image/070551.jpg,1,5,43.51432388648391,preprocess+forward+postprocess
80,4,DeepFashion2,../fashion_data/raw/train/train/image/070551.jpg,1,5,32.51988906413317,preprocess+forward+postprocess
80,5,DeepFashion2,../fashion_data/raw/train/train/image/070551.jpg,1,5,32.22327772527933,preprocess+forward+postprocess
81,1,DeepFashion2,../fashion_data/raw/train/train/image/072874.jpg,1,7,28.996147215366364,preprocess+forward+postprocess
81,2,DeepFashion2,../fashion_data/raw/train/train/image/072874.jpg,1,7,29.158534947782755,preprocess+forward+postprocess
81,3,DeepFashion2,../fashion_data/raw/train/train/image/072874.jpg,1,7,28.762465342879295,preprocess+forward+postprocess
81,4,DeepFashion2,../fashion_data/raw/train/train/image/072874.jpg,1,7,31.226379796862602,preprocess+forward+postprocess
81,5,DeepFashion2,../fashion_data/raw/train/train/image/072874.jpg,1,7,44.92807108908892,preprocess+forward+postprocess
82,1,DeepFashion2,../fashion_data/raw/train/train/image/072899.jpg,1,9,75.94211911782622,preprocess+forward+postprocess
82,2,DeepFashion2,../fashion_data/raw/train/train/image/072899.jpg,1,9,72.53369502723217,preprocess+forward+postprocess
82,3,DeepFashion2,../fashion_data/raw/train/train/image/072899.jpg,1,9,73.35335714742541,preprocess+forward+postprocess
82,4,DeepFashion2,../fashion_data/raw/train/train/image/072899.jpg,1,9,75.60037216171622,preprocess+forward+postprocess
82,5,DeepFashion2,../fashion_data/raw/train/train/image/072899.jpg,1,9,77.6845677755773,preprocess+forward+postprocess
83,1,DeepFashion2,../fashion_data/raw/train/train/image/072975.jpg,1,6,72.48396193608642,preprocess+forward+postprocess
83,2,DeepFashion2,../fashion_data/raw/train/train/image/072975.jpg,1,6,71.16964412853122,preprocess+forward+postprocess
83,3,DeepFashion2,../fashion_data/raw/train/train/image/072975.jpg,1,6,72.56735023111105,preprocess+forward+postprocess
83,4,DeepFashion2,../fashion_data/raw/train/train/image/072975.jpg,1,6,72.42146274074912,preprocess+forward+postprocess
83,5,DeepFashion2,../fashion_data/raw/train/train/image/072975.jpg,1,6,72.1159647218883,preprocess+forward+postprocess
84,1,DeepFashion2,../fashion_data/raw/train/train/image/074407.jpg,1,5,73.13273893669248,preprocess+forward+postprocess
84,2,DeepFashion2,../fashion_data/raw/train/train/image/074407.jpg,1,5,73.97846132516861,preprocess+forward+postprocess
84,3,DeepFashion2,../fashion_data/raw/train/train/image/074407.jpg,1,5,82.36168185248971,preprocess+forward+postprocess
84,4,DeepFashion2,../fashion_data/raw/train/train/image/074407.jpg,1,5,73.01555760204792,preprocess+forward+postprocess
84,5,DeepFashion2,../fashion_data/raw/train/train/image/074407.jpg,1,5,74.17877996340394,preprocess+forward+postprocess
85,1,DeepFashion2,../fashion_data/raw/train/train/image/074544.jpg,1,2,23.265948053449392,preprocess+forward+postprocess
85,2,DeepFashion2,../fashion_data/raw/train/train/image/074544.jpg,1,2,21.568465046584606,preprocess+forward+postprocess
85,3,DeepFashion2,../fashion_data/raw/train/train/image/074544.jpg,1,2,21.420754957944155,preprocess+forward+postprocess
85,4,DeepFashion2,../fashion_data/raw/train/train/image/074544.jpg,1,2,21.595454774796963,preprocess+forward+postprocess
85,5,DeepFashion2,../fashion_data/raw/train/train/image/074544.jpg,1,2,21.767191123217344,preprocess+forward+postprocess
86,1,DeepFashion2,../fashion_data/raw/train/train/image/075048.jpg,1,3,28.201323002576828,preprocess+forward+postprocess
86,2,DeepFashion2,../fashion_data/raw/train/train/image/075048.jpg,1,3,27.801386080682278,preprocess+forward+postprocess
86,3,DeepFashion2,../fashion_data/raw/train/train/image/075048.jpg,1,3,28.51628791540861,preprocess+forward+postprocess
86,4,DeepFashion2,../fashion_data/raw/train/train/image/075048.jpg,1,3,28.276896104216576,preprocess+forward+postprocess
86,5,DeepFashion2,../fashion_data/raw/train/train/image/075048.jpg,1,3,27.69516408443451,preprocess+forward+postprocess
87,1,DeepFashion2,../fashion_data/raw/train/train/image/075414.jpg,1,9,45.323409140110016,preprocess+forward+postprocess
87,2,DeepFashion2,../fashion_data/raw/train/train/image/075414.jpg,1,9,36.7463412694633,preprocess+forward+postprocess
87,3,DeepFashion2,../fashion_data/raw/train/train/image/075414.jpg,1,9,47.05095011740923,preprocess+forward+postprocess
87,4,DeepFashion2,../fashion_data/raw/train/train/image/075414.jpg,1,9,40.06303008645773,preprocess+forward+postprocess
87,5,DeepFashion2,../fashion_data/raw/train/train/image/075414.jpg,1,9,69.7468789294362,preprocess+forward+postprocess
88,1,DeepFashion2,../fashion_data/raw/train/train/image/075511.jpg,1,1,35.47191806137562,preprocess+forward+postprocess
88,2,DeepFashion2,../fashion_data/raw/train/train/image/075511.jpg,1,1,19.972824025899172,preprocess+forward+postprocess
88,3,DeepFashion2,../fashion_data/raw/train/train/image/075511.jpg,1,1,20.045510958880186,preprocess+forward+postprocess
88,4,DeepFashion2,../fashion_data/raw/train/train/image/075511.jpg,1,1,20.158375147730112,preprocess+forward+postprocess
88,5,DeepFashion2,../fashion_data/raw/train/train/image/075511.jpg,1,1,19.542529247701168,preprocess+forward+postprocess
89,1,DeepFashion2,../fashion_data/raw/train/train/image/075663.jpg,1,3,29.88876821473241,preprocess+forward+postprocess
89,2,DeepFashion2,../fashion_data/raw/train/train/image/075663.jpg,1,3,27.909679803997278,preprocess+forward+postprocess
89,3,DeepFashion2,../fashion_data/raw/train/train/image/075663.jpg,1,3,27.0186229608953,preprocess+forward+postprocess
89,4,DeepFashion2,../fashion_data/raw/train/train/image/075663.jpg,1,3,40.51569616422057,preprocess+forward+postprocess
89,5,DeepFashion2,../fashion_data/raw/train/train/image/075663.jpg,1,3,43.18820592015982,preprocess+forward+postprocess
90,1,DeepFashion2,../fashion_data/raw/train/train/image/075976.jpg,1,2,50.746397115290165,preprocess+forward+postprocess
90,2,DeepFashion2,../fashion_data/raw/train/train/image/075976.jpg,1,2,34.58560025319457,preprocess+forward+postprocess
90,3,DeepFashion2,../fashion_data/raw/train/train/image/075976.jpg,1,2,29.526932165026665,preprocess+forward+postprocess
90,4,DeepFashion2,../fashion_data/raw/train/train/image/075976.jpg,1,2,28.872301802039146,preprocess+forward+postprocess
90,5,DeepFashion2,../fashion_data/raw/train/train/image/075976.jpg,1,2,29.165849089622498,preprocess+forward+postprocess
91,1,DeepFashion2,../fashion_data/raw/train/train/image/077715.jpg,1,3,25.48627322539687,preprocess+forward+postprocess
91,2,DeepFashion2,../fashion_data/raw/train/train/image/077715.jpg,1,3,26.52473794296384,preprocess+forward+postprocess
91,3,DeepFashion2,../fashion_data/raw/train/train/image/077715.jpg,1,3,25.782904122024775,preprocess+forward+postprocess
91,4,DeepFashion2,../fashion_data/raw/train/train/image/077715.jpg,1,3,27.060071006417274,preprocess+forward+postprocess
91,5,DeepFashion2,../fashion_data/raw/train/train/image/077715.jpg,1,3,26.14472806453705,preprocess+forward+postprocess
92,1,DeepFashion2,../fashion_data/raw/train/train/image/078672.jpg,1,10,67.36547965556383,preprocess+forward+postprocess
92,2,DeepFashion2,../fashion_data/raw/train/train/image/078672.jpg,1,10,66.95657735690475,preprocess+forward+postprocess
92,3,DeepFashion2,../fashion_data/raw/train/train/image/078672.jpg,1,10,67.39719025790691,preprocess+forward+postprocess
92,4,DeepFashion2,../fashion_data/raw/train/train/image/078672.jpg,1,10,69.17389435693622,preprocess+forward+postprocess
92,5,DeepFashion2,../fashion_data/raw/train/train/image/078672.jpg,1,10,67.31528509408236,preprocess+forward+postprocess
93,1,DeepFashion2,../fashion_data/raw/train/train/image/079653.jpg,1,3,24.063698947429657,preprocess+forward+postprocess
93,2,DeepFashion2,../fashion_data/raw/train/train/image/079653.jpg,1,3,26.243957225233316,preprocess+forward+postprocess
93,3,DeepFashion2,../fashion_data/raw/train/train/image/079653.jpg,1,3,23.332966025918722,preprocess+forward+postprocess
93,4,DeepFashion2,../fashion_data/raw/train/train/image/079653.jpg,1,3,23.56409328058362,preprocess+forward+postprocess
93,5,DeepFashion2,../fashion_data/raw/train/train/image/079653.jpg,1,3,23.20703724399209,preprocess+forward+postprocess
94,1,DeepFashion2,../fashion_data/raw/train/train/image/080011.jpg,1,3,69.87705500796437,preprocess+forward+postprocess
94,2,DeepFashion2,../fashion_data/raw/train/train/image/080011.jpg,1,3,69.47800004854798,preprocess+forward+postprocess
94,3,DeepFashion2,../fashion_data/raw/train/train/image/080011.jpg,1,3,69.16973600164056,preprocess+forward+postprocess
94,4,DeepFashion2,../fashion_data/raw/train/train/image/080011.jpg,1,3,75.15121065080166,preprocess+forward+postprocess
94,5,DeepFashion2,../fashion_data/raw/train/train/image/080011.jpg,1,3,85.02487419173121,preprocess+forward+postprocess
95,1,DeepFashion2,../fashion_data/raw/train/train/image/080773.jpg,1,2,25.501722004264593,preprocess+forward+postprocess
95,2,DeepFashion2,../fashion_data/raw/train/train/image/080773.jpg,1,2,25.197625625878572,preprocess+forward+postprocess
95,3,DeepFashion2,../fashion_data/raw/train/train/image/080773.jpg,1,2,24.584504775702953,preprocess+forward+postprocess
95,4,DeepFashion2,../fashion_data/raw/train/train/image/080773.jpg,1,2,24.936832021921873,preprocess+forward+postprocess
95,5,DeepFashion2,../fashion_data/raw/train/train/image/080773.jpg,1,2,24.925130419433117,preprocess+forward+postprocess
96,1,DeepFashion2,../fashion_data/raw/train/train/image/081390.jpg,1,4,39.224471896886826,preprocess+forward+postprocess
96,2,DeepFashion2,../fashion_data/raw/train/train/image/081390.jpg,1,4,24.860677774995565,preprocess+forward+postprocess
96,3,DeepFashion2,../fashion_data/raw/train/train/image/081390.jpg,1,4,24.24749592319131,preprocess+forward+postprocess
96,4,DeepFashion2,../fashion_data/raw/train/train/image/081390.jpg,1,4,24.11631913855672,preprocess+forward+postprocess
96,5,DeepFashion2,../fashion_data/raw/train/train/image/081390.jpg,1,4,24.2592990398407,preprocess+forward+postprocess
97,1,DeepFashion2,../fashion_data/raw/train/train/image/081541.jpg,1,9,94.53924698755145,preprocess+forward+postprocess
97,2,DeepFashion2,../fashion_data/raw/train/train/image/081541.jpg,1,9,96.72799101099372,preprocess+forward+postprocess
97,3,DeepFashion2,../fashion_data/raw/train/train/image/081541.jpg,1,9,99.72896287217736,preprocess+forward+postprocess
97,4,DeepFashion2,../fashion_data/raw/train/train/image/081541.jpg,1,9,95.7478852942586,preprocess+forward+postprocess
97,5,DeepFashion2,../fashion_data/raw/train/train/image/081541.jpg,1,9,95.3381797298789,preprocess+forward+postprocess
98,1,DeepFashion2,../fashion_data/raw/train/train/image/081549.jpg,1,10,96.67754592373967,preprocess+forward+postprocess
98,2,DeepFashion2,../fashion_data/raw/train/train/image/081549.jpg,1,10,97.11394226178527,preprocess+forward+postprocess
98,3,DeepFashion2,../fashion_data/raw/train/train/image/081549.jpg,1,10,97.40376006811857,preprocess+forward+postprocess
98,4,DeepFashion2,../fashion_data/raw/train/train/image/081549.jpg,1,10,98.74979918822646,preprocess+forward+postprocess
98,5,DeepFashion2,../fashion_data/raw/train/train/image/081549.jpg,1,10,100.3043930977583,preprocess+forward+postprocess
99,1,DeepFashion2,../fashion_data/raw/train/train/image/084796.jpg,1,3,22.520277183502913,preprocess+forward+postprocess
99,2,DeepFashion2,../fashion_data/raw/train/train/image/084796.jpg,1,3,22.232030984014273,preprocess+forward+postprocess
99,3,DeepFashion2,../fashion_data/raw/train/train/image/084796.jpg,1,3,21.953803952783346,preprocess+forward+postprocess
99,4,DeepFashion2,../fashion_data/raw/train/train/image/084796.jpg,1,3,24.792158044874668,preprocess+forward+postprocess
99,5,DeepFashion2,../fashion_data/raw/train/train/image/084796.jpg,1,3,22.870059125125408,preprocess+forward+postprocess
100,1,DeepFashion2,../fashion_data/raw/train/train/image/085563.jpg,1,9,81.99219172820449,preprocess+forward+postprocess
100,2,DeepFashion2,../fashion_data/raw/train/train/image/085563.jpg,1,9,74.49315395206213,preprocess+forward+postprocess
100,3,DeepFashion2,../fashion_data/raw/train/train/image/085563.jpg,1,9,75.26891306042671,preprocess+forward+postprocess
100,4,DeepFashion2,../fashion_data/raw/train/train/image/085563.jpg,1,9,75.07758075371385,preprocess+forward+postprocess
100,5,DeepFashion2,../fashion_data/raw/train/train/image/085563.jpg,1,9,74.21058882027864,preprocess+forward+postprocess
101,1,DeepFashion2,../fashion_data/raw/train/train/image/086697.jpg,1,3,38.68231503292918,preprocess+forward+postprocess
101,2,DeepFashion2,../fashion_data/raw/train/train/image/086697.jpg,1,3,32.018628902733326,preprocess+forward+postprocess
101,3,DeepFashion2,../fashion_data/raw/train/train/image/086697.jpg,1,3,29.38973205164075,preprocess+forward+postprocess
101,4,DeepFashion2,../fashion_data/raw/train/train/image/086697.jpg,1,3,32.63093903660774,preprocess+forward+postprocess
101,5,DeepFashion2,../fashion_data/raw/train/train/image/086697.jpg,1,3,28.977451846003532,preprocess+forward+postprocess
102,1,DeepFashion2,../fashion_data/raw/train/train/image/087562.jpg,1,5,77.43854122236371,preprocess+forward+postprocess
102,2,DeepFashion2,../fashion_data/raw/train/train/image/087562.jpg,1,5,87.94169593602419,preprocess+forward+postprocess
102,3,DeepFashion2,../fashion_data/raw/train/train/image/087562.jpg,1,5,87.17750990763307,preprocess+forward+postprocess
102,4,DeepFashion2,../fashion_data/raw/train/train/image/087562.jpg,1,5,85.82539902999997,preprocess+forward+postprocess
102,5,DeepFashion2,../fashion_data/raw/train/train/image/087562.jpg,1,5,85.79807821661234,preprocess+forward+postprocess
103,1,DeepFashion2,../fashion_data/raw/train/train/image/088496.jpg,1,3,38.2288359105587,preprocess+forward+postprocess
103,2,DeepFashion2,../fashion_data/raw/train/train/image/088496.jpg,1,3,43.92819805070758,preprocess+forward+postprocess
103,3,DeepFashion2,../fashion_data/raw/train/train/image/088496.jpg,1,3,28.02717313170433,preprocess+forward+postprocess
103,4,DeepFashion2,../fashion_data/raw/train/train/image/088496.jpg,1,3,23.47296103835106,preprocess+forward+postprocess
103,5,DeepFashion2,../fashion_data/raw/train/train/image/088496.jpg,1,3,22.6761307567358,preprocess+forward+postprocess
104,1,DeepFashion2,../fashion_data/raw/train/train/image/088779.jpg,1,5,23.62620085477829,preprocess+forward+postprocess
104,2,DeepFashion2,../fashion_data/raw/train/train/image/088779.jpg,1,5,23.33412691950798,preprocess+forward+postprocess
104,3,DeepFashion2,../fashion_data/raw/train/train/image/088779.jpg,1,5,23.410481866449118,preprocess+forward+postprocess
104,4,DeepFashion2,../fashion_data/raw/train/train/image/088779.jpg,1,5,23.155468981713057,preprocess+forward+postprocess
104,5,DeepFashion2,../fashion_data/raw/train/train/image/088779.jpg,1,5,23.201105650514364,preprocess+forward+postprocess
105,1,DeepFashion2,../fashion_data/raw/train/train/image/088853.jpg,1,3,120.57773396372795,preprocess+forward+postprocess
105,2,DeepFashion2,../fashion_data/raw/train/train/image/088853.jpg,1,3,68.42970382422209,preprocess+forward+postprocess
105,3,DeepFashion2,../fashion_data/raw/train/train/image/088853.jpg,1,3,69.09050606191158,preprocess+forward+postprocess
105,4,DeepFashion2,../fashion_data/raw/train/train/image/088853.jpg,1,3,71.88173988834023,preprocess+forward+postprocess
105,5,DeepFashion2,../fashion_data/raw/train/train/image/088853.jpg,1,3,70.94449503347278,preprocess+forward+postprocess
106,1,DeepFashion2,../fashion_data/raw/train/train/image/089712.jpg,1,2,32.33688231557608,preprocess+forward+postprocess
106,2,DeepFashion2,../fashion_data/raw/train/train/image/089712.jpg,1,2,28.30245392397046,preprocess+forward+postprocess
106,3,DeepFashion2,../fashion_data/raw/train/train/image/089712.jpg,1,2,25.010250974446535,preprocess+forward+postprocess
106,4,DeepFashion2,../fashion_data/raw/train/train/image/089712.jpg,1,2,25.012615136802197,preprocess+forward+postprocess
106,5,DeepFashion2,../fashion_data/raw/train/train/image/089712.jpg,1,2,29.105093330144882,preprocess+forward+postprocess
107,1,DeepFashion2,../fashion_data/raw/train/train/image/091876.jpg,1,7,30.349910259246826,preprocess+forward+postprocess
107,2,DeepFashion2,../fashion_data/raw/train/train/image/091876.jpg,1,7,30.092102009803057,preprocess+forward+postprocess
107,3,DeepFashion2,../fashion_data/raw/train/train/image/091876.jpg,1,7,29.90689128637314,preprocess+forward+postprocess
107,4,DeepFashion2,../fashion_data/raw/train/train/image/091876.jpg,1,7,29.714377131313086,preprocess+forward+postprocess
107,5,DeepFashion2,../fashion_data/raw/train/train/image/091876.jpg,1,7,29.843320604413748,preprocess+forward+postprocess
108,1,DeepFashion2,../fashion_data/raw/train/train/image/092487.jpg,1,4,33.07009022682905,preprocess+forward+postprocess
108,2,DeepFashion2,../fashion_data/raw/train/train/image/092487.jpg,1,4,29.328275937587023,preprocess+forward+postprocess
108,3,DeepFashion2,../fashion_data/raw/train/train/image/092487.jpg,1,4,29.36260076239705,preprocess+forward+postprocess
108,4,DeepFashion2,../fashion_data/raw/train/train/image/092487.jpg,1,4,30.89759685099125,preprocess+forward+postprocess
108,5,DeepFashion2,../fashion_data/raw/train/train/image/092487.jpg,1,4,29.000154696404934,preprocess+forward+postprocess
109,1,DeepFashion2,../fashion_data/raw/train/train/image/093489.jpg,1,7,99.69787299633026,preprocess+forward+postprocess
109,2,DeepFashion2,../fashion_data/raw/train/train/image/093489.jpg,1,7,101.96213982999325,preprocess+forward+postprocess
109,3,DeepFashion2,../fashion_data/raw/train/train/image/093489.jpg,1,7,98.79418229684234,preprocess+forward+postprocess
109,4,DeepFashion2,../fashion_data/raw/train/train/image/093489.jpg,1,7,98.9265232346952,preprocess+forward+postprocess
109,5,DeepFashion2,../fashion_data/raw/train/train/image/093489.jpg,1,7,100.70163384079933,preprocess+forward+postprocess
110,1,DeepFashion2,../fashion_data/raw/train/train/image/094080.jpg,1,7,107.42710717022419,preprocess+forward+postprocess
110,2,DeepFashion2,../fashion_data/raw/train/train/image/094080.jpg,1,7,99.3228629231453,preprocess+forward+postprocess
110,3,DeepFashion2,../fashion_data/raw/train/train/image/094080.jpg,1,7,99.91962276399136,preprocess+forward+postprocess
110,4,DeepFashion2,../fashion_data/raw/train/train/image/094080.jpg,1,7,100.53726192563772,preprocess+forward+postprocess
110,5,DeepFashion2,../fashion_data/raw/train/train/image/094080.jpg,1,7,97.82549785450101,preprocess+forward+postprocess
111,1,DeepFashion2,../fashion_data/raw/train/train/image/095959.jpg,1,1,22.517069708555937,preprocess+forward+postprocess
111,2,DeepFashion2,../fashion_data/raw/train/train/image/095959.jpg,1,1,22.750532254576683,preprocess+forward+postprocess
111,3,DeepFashion2,../fashion_data/raw/train/train/image/095959.jpg,1,1,22.598654963076115,preprocess+forward+postprocess
111,4,DeepFashion2,../fashion_data/raw/train/train/image/095959.jpg,1,1,22.69594930112362,preprocess+forward+postprocess
111,5,DeepFashion2,../fashion_data/raw/train/train/image/095959.jpg,1,1,22.957024164497852,preprocess+forward+postprocess
112,1,DeepFashion2,../fashion_data/raw/train/train/image/096677.jpg,1,0,19.553538877516985,preprocess+forward+postprocess
112,2,DeepFashion2,../fashion_data/raw/train/train/image/096677.jpg,1,0,19.353250041604042,preprocess+forward+postprocess
112,3,DeepFashion2,../fashion_data/raw/train/train/image/096677.jpg,1,0,19.31138103827834,preprocess+forward+postprocess
112,4,DeepFashion2,../fashion_data/raw/train/train/image/096677.jpg,1,0,27.634839992970228,preprocess+forward+postprocess
112,5,DeepFashion2,../fashion_data/raw/train/train/image/096677.jpg,1,0,31.280952971428633,preprocess+forward+postprocess
113,1,DeepFashion2,../fashion_data/raw/train/train/image/097072.jpg,1,4,46.54753627255559,preprocess+forward+postprocess
113,2,DeepFashion2,../fashion_data/raw/train/train/image/097072.jpg,1,4,32.1567109785974,preprocess+forward+postprocess
113,3,DeepFashion2,../fashion_data/raw/train/train/image/097072.jpg,1,4,31.84822713956237,preprocess+forward+postprocess
113,4,DeepFashion2,../fashion_data/raw/train/train/image/097072.jpg,1,4,31.177977100014687,preprocess+forward+postprocess
113,5,DeepFashion2,../fashion_data/raw/train/train/image/097072.jpg,1,4,30.903738923370838,preprocess+forward+postprocess
114,1,DeepFashion2,../fashion_data/raw/train/train/image/097372.jpg,1,8,116.77995324134827,preprocess+forward+postprocess
114,2,DeepFashion2,../fashion_data/raw/train/train/image/097372.jpg,1,8,116.21766909956932,preprocess+forward+postprocess
114,3,DeepFashion2,../fashion_data/raw/train/train/image/097372.jpg,1,8,113.01453411579132,preprocess+forward+postprocess
114,4,DeepFashion2,../fashion_data/raw/train/train/image/097372.jpg,1,8,113.51784691214561,preprocess+forward+postprocess
114,5,DeepFashion2,../fashion_data/raw/train/train/image/097372.jpg,1,8,114.58947602659464,preprocess+forward+postprocess
115,1,DeepFashion2,../fashion_data/raw/train/train/image/097678.jpg,1,9,34.06472271308303,preprocess+forward+postprocess
115,2,DeepFashion2,../fashion_data/raw/train/train/image/097678.jpg,1,9,35.280844662338495,preprocess+forward+postprocess
115,3,DeepFashion2,../fashion_data/raw/train/train/image/097678.jpg,1,9,50.3060519695282,preprocess+forward+postprocess
115,4,DeepFashion2,../fashion_data/raw/train/train/image/097678.jpg,1,9,35.24918621405959,preprocess+forward+postprocess
115,5,DeepFashion2,../fashion_data/raw/train/train/image/097678.jpg,1,9,34.70622794702649,preprocess+forward+postprocess
116,1,DeepFashion2,../fashion_data/raw/train/train/image/097814.jpg,1,3,21.967630833387375,preprocess+forward+postprocess
116,2,DeepFashion2,../fashion_data/raw/train/train/image/097814.jpg,1,3,22.145597264170647,preprocess+forward+postprocess
116,3,DeepFashion2,../fashion_data/raw/train/train/image/097814.jpg,1,3,37.958514876663685,preprocess+forward+postprocess
116,4,DeepFashion2,../fashion_data/raw/train/train/image/097814.jpg,1,3,25.467536877840757,preprocess+forward+postprocess
116,5,DeepFashion2,../fashion_data/raw/train/train/image/097814.jpg,1,3,21.656349766999483,preprocess+forward+postprocess
117,1,DeepFashion2,../fashion_data/raw/train/train/image/097970.jpg,1,3,87.17825030907989,preprocess+forward+postprocess
117,2,DeepFashion2,../fashion_data/raw/train/train/image/097970.jpg,1,3,26.836086995899677,preprocess+forward+postprocess
117,3,DeepFashion2,../fashion_data/raw/train/train/image/097970.jpg,1,3,25.836986023932695,preprocess+forward+postprocess
117,4,DeepFashion2,../fashion_data/raw/train/train/image/097970.jpg,1,3,25.758828036487103,preprocess+forward+postprocess
117,5,DeepFashion2,../fashion_data/raw/train/train/image/097970.jpg,1,3,26.072542183101177,preprocess+forward+postprocess
118,1,DeepFashion2,../fashion_data/raw/train/train/image/098699.jpg,1,10,42.30200778692961,preprocess+forward+postprocess
118,2,DeepFashion2,../fashion_data/raw/train/train/image/098699.jpg,1,10,37.2176431119442,preprocess+forward+postprocess
118,3,DeepFashion2,../fashion_data/raw/train/train/image/098699.jpg,1,10,33.82484894245863,preprocess+forward+postprocess
118,4,DeepFashion2,../fashion_data/raw/train/train/image/098699.jpg,1,10,33.22039498016238,preprocess+forward+postprocess
118,5,DeepFashion2,../fashion_data/raw/train/train/image/098699.jpg,1,10,34.08244578167796,preprocess+forward+postprocess
119,1,DeepFashion2,../fashion_data/raw/train/train/image/099616.jpg,1,4,32.5001310557127,preprocess+forward+postprocess
119,2,DeepFashion2,../fashion_data/raw/train/train/image/099616.jpg,1,4,32.18118706718087,preprocess+forward+postprocess
119,3,DeepFashion2,../fashion_data/raw/train/train/image/099616.jpg,1,4,48.34637092426419,preprocess+forward+postprocess
119,4,DeepFashion2,../fashion_data/raw/train/train/image/099616.jpg,1,4,31.960298772901297,preprocess+forward+postprocess
119,5,DeepFashion2,../fashion_data/raw/train/train/image/099616.jpg,1,4,31.957022845745087,preprocess+forward+postprocess
120,1,DeepFashion2,../fashion_data/raw/train/train/image/101001.jpg,1,9,39.40237779170275,preprocess+forward+postprocess
120,2,DeepFashion2,../fashion_data/raw/train/train/image/101001.jpg,1,9,32.17964433133602,preprocess+forward+postprocess
120,3,DeepFashion2,../fashion_data/raw/train/train/image/101001.jpg,1,9,31.69190976768732,preprocess+forward+postprocess
120,4,DeepFashion2,../fashion_data/raw/train/train/image/101001.jpg,1,9,50.49142288044095,preprocess+forward+postprocess
120,5,DeepFashion2,../fashion_data/raw/train/train/image/101001.jpg,1,9,34.13488529622555,preprocess+forward+postprocess
121,1,DeepFashion2,../fashion_data/raw/train/train/image/101410.jpg,1,2,29.19074473902583,preprocess+forward+postprocess
121,2,DeepFashion2,../fashion_data/raw/train/train/image/101410.jpg,1,2,32.65814017504454,preprocess+forward+postprocess
121,3,DeepFashion2,../fashion_data/raw/train/train/image/101410.jpg,1,2,23.986932821571827,preprocess+forward+postprocess
121,4,DeepFashion2,../fashion_data/raw/train/train/image/101410.jpg,1,2,23.712904192507267,preprocess+forward+postprocess
121,5,DeepFashion2,../fashion_data/raw/train/train/image/101410.jpg,1,2,23.743411991745234,preprocess+forward+postprocess
122,1,DeepFashion2,../fashion_data/raw/train/train/image/101691.jpg,1,4,46.52445204555988,preprocess+forward+postprocess
122,2,DeepFashion2,../fashion_data/raw/train/train/image/101691.jpg,1,4,29.347451869398355,preprocess+forward+postprocess
122,3,DeepFashion2,../fashion_data/raw/train/train/image/101691.jpg,1,4,29.92480481043458,preprocess+forward+postprocess
122,4,DeepFashion2,../fashion_data/raw/train/train/image/101691.jpg,1,4,30.553314834833145,preprocess+forward+postprocess
122,5,DeepFashion2,../fashion_data/raw/train/train/image/101691.jpg,1,4,29.662588145583868,preprocess+forward+postprocess
123,1,DeepFashion2,../fashion_data/raw/train/train/image/101965.jpg,1,10,82.87515304982662,preprocess+forward+postprocess
123,2,DeepFashion2,../fashion_data/raw/train/train/image/101965.jpg,1,10,76.43056102097034,preprocess+forward+postprocess
123,3,DeepFashion2,../fashion_data/raw/train/train/image/101965.jpg,1,10,81.5874538384378,preprocess+forward+postprocess
123,4,DeepFashion2,../fashion_data/raw/train/train/image/101965.jpg,1,10,76.14225475117564,preprocess+forward+postprocess
123,5,DeepFashion2,../fashion_data/raw/train/train/image/101965.jpg,1,10,79.22906009480357,preprocess+forward+postprocess
124,1,DeepFashion2,../fashion_data/raw/train/train/image/103585.jpg,1,9,87.03690161928535,preprocess+forward+postprocess
124,2,DeepFashion2,../fashion_data/raw/train/train/image/103585.jpg,1,9,86.16560185328126,preprocess+forward+postprocess
124,3,DeepFashion2,../fashion_data/raw/train/train/image/103585.jpg,1,9,88.39761791750789,preprocess+forward+postprocess
124,4,DeepFashion2,../fashion_data/raw/train/train/image/103585.jpg,1,9,89.26802594214678,preprocess+forward+postprocess
124,5,DeepFashion2,../fashion_data/raw/train/train/image/103585.jpg,1,9,86.7267744615674,preprocess+forward+postprocess
125,1,DeepFashion2,../fashion_data/raw/train/train/image/103669.jpg,1,5,39.77241879329085,preprocess+forward+postprocess
125,2,DeepFashion2,../fashion_data/raw/train/train/image/103669.jpg,1,5,83.18142220377922,preprocess+forward+postprocess
125,3,DeepFashion2,../fashion_data/raw/train/train/image/103669.jpg,1,5,81.37008361518383,preprocess+forward+postprocess
125,4,DeepFashion2,../fashion_data/raw/train/train/image/103669.jpg,1,5,82.98754505813122,preprocess+forward+postprocess
125,5,DeepFashion2,../fashion_data/raw/train/train/image/103669.jpg,1,5,82.09079690277576,preprocess+forward+postprocess
126,1,DeepFashion2,../fashion_data/raw/train/train/image/103900.jpg,1,3,42.872387915849686,preprocess+forward+postprocess
126,2,DeepFashion2,../fashion_data/raw/train/train/image/103900.jpg,1,3,38.16670924425125,preprocess+forward+postprocess
126,3,DeepFashion2,../fashion_data/raw/train/train/image/103900.jpg,1,3,26.299400720745325,preprocess+forward+postprocess
126,4,DeepFashion2,../fashion_data/raw/train/train/image/103900.jpg,1,3,26.3963439501822,preprocess+forward+postprocess
126,5,DeepFashion2,../fashion_data/raw/train/train/image/103900.jpg,1,3,26.63248172029853,preprocess+forward+postprocess
127,1,DeepFashion2,../fashion_data/raw/train/train/image/103981.jpg,1,3,24.331556167453527,preprocess+forward+postprocess
127,2,DeepFashion2,../fashion_data/raw/train/train/image/103981.jpg,1,3,24.203873705118895,preprocess+forward+postprocess
127,3,DeepFashion2,../fashion_data/raw/train/train/image/103981.jpg,1,3,33.355379011482,preprocess+forward+postprocess
127,4,DeepFashion2,../fashion_data/raw/train/train/image/103981.jpg,1,3,24.11138778552413,preprocess+forward+postprocess
127,5,DeepFashion2,../fashion_data/raw/train/train/image/103981.jpg,1,3,23.678480181843042,preprocess+forward+postprocess
128,1,DeepFashion2,../fashion_data/raw/train/train/image/105675.jpg,1,2,20.352101419121027,preprocess+forward+postprocess
128,2,DeepFashion2,../fashion_data/raw/train/train/image/105675.jpg,1,2,35.24856409057975,preprocess+forward+postprocess
128,3,DeepFashion2,../fashion_data/raw/train/train/image/105675.jpg,1,2,19.485611002892256,preprocess+forward+postprocess
128,4,DeepFashion2,../fashion_data/raw/train/train/image/105675.jpg,1,2,19.407553132623434,preprocess+forward+postprocess
128,5,DeepFashion2,../fashion_data/raw/train/train/image/105675.jpg,1,2,19.488546065986156,preprocess+forward+postprocess
129,1,DeepFashion2,../fashion_data/raw/train/train/image/106984.jpg,1,6,95.95956420525908,preprocess+forward+postprocess
129,2,DeepFashion2,../fashion_data/raw/train/train/image/106984.jpg,1,6,89.89364001899958,preprocess+forward+postprocess
129,3,DeepFashion2,../fashion_data/raw/train/train/image/106984.jpg,1,6,103.13728405162692,preprocess+forward+postprocess
129,4,DeepFashion2,../fashion_data/raw/train/train/image/106984.jpg,1,6,88.48834875971079,preprocess+forward+postprocess
129,5,DeepFashion2,../fashion_data/raw/train/train/image/106984.jpg,1,6,96.30442736670375,preprocess+forward+postprocess
130,1,DeepFashion2,../fashion_data/raw/train/train/image/107020.jpg,1,8,160.23218724876642,preprocess+forward+postprocess
130,2,DeepFashion2,../fashion_data/raw/train/train/image/107020.jpg,1,8,159.4299990683794,preprocess+forward+postprocess
130,3,DeepFashion2,../fashion_data/raw/train/train/image/107020.jpg,1,8,159.32535100728273,preprocess+forward+postprocess
130,4,DeepFashion2,../fashion_data/raw/train/train/image/107020.jpg,1,8,159.16560916230083,preprocess+forward+postprocess
130,5,DeepFashion2,../fashion_data/raw/train/train/image/107020.jpg,1,8,168.59589191153646,preprocess+forward+postprocess
131,1,DeepFashion2,../fashion_data/raw/train/train/image/108419.jpg,1,6,33.415833953768015,preprocess+forward+postprocess
131,2,DeepFashion2,../fashion_data/raw/train/train/image/108419.jpg,1,6,78.60728213563561,preprocess+forward+postprocess
131,3,DeepFashion2,../fashion_data/raw/train/train/image/108419.jpg,1,6,58.00361419096589,preprocess+forward+postprocess
131,4,DeepFashion2,../fashion_data/raw/train/train/image/108419.jpg,1,6,59.57134300842881,preprocess+forward+postprocess
131,5,DeepFashion2,../fashion_data/raw/train/train/image/108419.jpg,1,6,58.963100891560316,preprocess+forward+postprocess
132,1,DeepFashion2,../fashion_data/raw/train/train/image/109570.jpg,1,1,20.612964872270823,preprocess+forward+postprocess
132,2,DeepFashion2,../fashion_data/raw/train/train/image/109570.jpg,1,1,20.648673176765442,preprocess+forward+postprocess
132,3,DeepFashion2,../fashion_data/raw/train/train/image/109570.jpg,1,1,20.53173165768385,preprocess+forward+postprocess
132,4,DeepFashion2,../fashion_data/raw/train/train/image/109570.jpg,1,1,20.25360520929098,preprocess+forward+postprocess
132,5,DeepFashion2,../fashion_data/raw/train/train/image/109570.jpg,1,1,20.30170615762472,preprocess+forward+postprocess
133,1,DeepFashion2,../fashion_data/raw/train/train/image/110451.jpg,1,0,27.599711902439594,preprocess+forward+postprocess
133,2,DeepFashion2,../fashion_data/raw/train/train/image/110451.jpg,1,0,21.65576023980975,preprocess+forward+postprocess
133,3,DeepFashion2,../fashion_data/raw/train/train/image/110451.jpg,1,0,20.920006092637777,preprocess+forward+postprocess
133,4,DeepFashion2,../fashion_data/raw/train/train/image/110451.jpg,1,0,20.486204884946346,preprocess+forward+postprocess
133,5,DeepFashion2,../fashion_data/raw/train/train/image/110451.jpg,1,0,22.087126038968563,preprocess+forward+postprocess
134,1,DeepFashion2,../fashion_data/raw/train/train/image/111518.jpg,1,2,30.803839210420847,preprocess+forward+postprocess
134,2,DeepFashion2,../fashion_data/raw/train/train/image/111518.jpg,1,2,26.63988620042801,preprocess+forward+postprocess
134,3,DeepFashion2,../fashion_data/raw/train/train/image/111518.jpg,1,2,27.571870014071465,preprocess+forward+postprocess
134,4,DeepFashion2,../fashion_data/raw/train/train/image/111518.jpg,1,2,27.264497708529234,preprocess+forward+postprocess
134,5,DeepFashion2,../fashion_data/raw/train/train/image/111518.jpg,1,2,27.190979104489088,preprocess+forward+postprocess
135,1,DeepFashion2,../fashion_data/raw/train/train/image/111944.jpg,1,4,56.71447375789285,preprocess+forward+postprocess
135,2,DeepFashion2,../fashion_data/raw/train/train/image/111944.jpg,1,4,56.7810800857842,preprocess+forward+postprocess
135,3,DeepFashion2,../fashion_data/raw/train/train/image/111944.jpg,1,4,56.73555377870798,preprocess+forward+postprocess
135,4,DeepFashion2,../fashion_data/raw/train/train/image/111944.jpg,1,4,56.98424391448498,preprocess+forward+postprocess
135,5,DeepFashion2,../fashion_data/raw/train/train/image/111944.jpg,1,4,56.391541846096516,preprocess+forward+postprocess
136,1,DeepFashion2,../fashion_data/raw/train/train/image/115766.jpg,1,5,61.82174291461706,preprocess+forward+postprocess
136,2,DeepFashion2,../fashion_data/raw/train/train/image/115766.jpg,1,5,62.826826237142086,preprocess+forward+postprocess
136,3,DeepFashion2,../fashion_data/raw/train/train/image/115766.jpg,1,5,61.120695900171995,preprocess+forward+postprocess
136,4,DeepFashion2,../fashion_data/raw/train/train/image/115766.jpg,1,5,61.72756478190422,preprocess+forward+postprocess
136,5,DeepFashion2,../fashion_data/raw/train/train/image/115766.jpg,1,5,61.79275782778859,preprocess+forward+postprocess
137,1,DeepFashion2,../fashion_data/raw/train/train/image/118508.jpg,1,2,33.73019862920046,preprocess+forward+postprocess
137,2,DeepFashion2,../fashion_data/raw/train/train/image/118508.jpg,1,2,32.304849941283464,preprocess+forward+postprocess
137,3,DeepFashion2,../fashion_data/raw/train/train/image/118508.jpg,1,2,27.479995973408222,preprocess+forward+postprocess
137,4,DeepFashion2,../fashion_data/raw/train/train/image/118508.jpg,1,2,26.367419864982367,preprocess+forward+postprocess
137,5,DeepFashion2,../fashion_data/raw/train/train/image/118508.jpg,1,2,27.053979691118002,preprocess+forward+postprocess
138,1,DeepFashion2,../fashion_data/raw/train/train/image/118514.jpg,1,7,90.55002313107252,preprocess+forward+postprocess
138,2,DeepFashion2,../fashion_data/raw/train/train/image/118514.jpg,1,7,77.08161324262619,preprocess+forward+postprocess
138,3,DeepFashion2,../fashion_data/raw/train/train/image/118514.jpg,1,7,83.6054952815175,preprocess+forward+postprocess
138,4,DeepFashion2,../fashion_data/raw/train/train/image/118514.jpg,1,7,76.68800884857774,preprocess+forward+postprocess
138,5,DeepFashion2,../fashion_data/raw/train/train/image/118514.jpg,1,7,87.00400916859508,preprocess+forward+postprocess
139,1,DeepFashion2,../fashion_data/raw/train/train/image/119318.jpg,1,5,39.98640412464738,preprocess+forward+postprocess
139,2,DeepFashion2,../fashion_data/raw/train/train/image/119318.jpg,1,5,25.893993210047483,preprocess+forward+postprocess
139,3,DeepFashion2,../fashion_data/raw/train/train/image/119318.jpg,1,5,26.10478224232793,preprocess+forward+postprocess
139,4,DeepFashion2,../fashion_data/raw/train/train/image/119318.jpg,1,5,36.9645319879055,preprocess+forward+postprocess
139,5,DeepFashion2,../fashion_data/raw/train/train/image/119318.jpg,1,5,25.859668385237455,preprocess+forward+postprocess
140,1,DeepFashion2,../fashion_data/raw/train/train/image/119420.jpg,1,4,67.33662402257323,preprocess+forward+postprocess
140,2,DeepFashion2,../fashion_data/raw/train/train/image/119420.jpg,1,4,80.36196418106556,preprocess+forward+postprocess
140,3,DeepFashion2,../fashion_data/raw/train/train/image/119420.jpg,1,4,62.15537479147315,preprocess+forward+postprocess
140,4,DeepFashion2,../fashion_data/raw/train/train/image/119420.jpg,1,4,63.65609494969249,preprocess+forward+postprocess
140,5,DeepFashion2,../fashion_data/raw/train/train/image/119420.jpg,1,4,61.94377318024635,preprocess+forward+postprocess
141,1,DeepFashion2,../fashion_data/raw/train/train/image/119698.jpg,1,3,24.88372102379799,preprocess+forward+postprocess
141,2,DeepFashion2,../fashion_data/raw/train/train/image/119698.jpg,1,3,24.669114034622908,preprocess+forward+postprocess
141,3,DeepFashion2,../fashion_data/raw/train/train/image/119698.jpg,1,3,24.586617946624756,preprocess+forward+postprocess
141,4,DeepFashion2,../fashion_data/raw/train/train/image/119698.jpg,1,3,24.977729190140963,preprocess+forward+postprocess
141,5,DeepFashion2,../fashion_data/raw/train/train/image/119698.jpg,1,3,25.185291189700365,preprocess+forward+postprocess
142,1,DeepFashion2,../fashion_data/raw/train/train/image/119825.jpg,1,2,23.32996902987361,preprocess+forward+postprocess
142,2,DeepFashion2,../fashion_data/raw/train/train/image/119825.jpg,1,2,23.091187234967947,preprocess+forward+postprocess
142,3,DeepFashion2,../fashion_data/raw/train/train/image/119825.jpg,1,2,23.112095892429352,preprocess+forward+postprocess
142,4,DeepFashion2,../fashion_data/raw/train/train/image/119825.jpg,1,2,23.421332240104675,preprocess+forward+postprocess
142,5,DeepFashion2,../fashion_data/raw/train/train/image/119825.jpg,1,2,23.571816738694906,preprocess+forward+postprocess
143,1,DeepFashion2,../fashion_data/raw/train/train/image/122874.jpg,1,3,32.17280097305775,preprocess+forward+postprocess
143,2,DeepFashion2,../fashion_data/raw/train/train/image/122874.jpg,1,3,25.99907200783491,preprocess+forward+postprocess
143,3,DeepFashion2,../fashion_data/raw/train/train/image/122874.jpg,1,3,25.824813172221184,preprocess+forward+postprocess
143,4,DeepFashion2,../fashion_data/raw/train/train/image/122874.jpg,1,3,25.638910941779613,preprocess+forward+postprocess
143,5,DeepFashion2,../fashion_data/raw/train/train/image/122874.jpg,1,3,25.700136087834835,preprocess+forward+postprocess
144,1,DeepFashion2,../fashion_data/raw/train/train/image/123996.jpg,1,4,82.99617003649473,preprocess+forward+postprocess
144,2,DeepFashion2,../fashion_data/raw/train/train/image/123996.jpg,1,4,82.57433213293552,preprocess+forward+postprocess
144,3,DeepFashion2,../fashion_data/raw/train/train/image/123996.jpg,1,4,81.50442689657211,preprocess+forward+postprocess
144,4,DeepFashion2,../fashion_data/raw/train/train/image/123996.jpg,1,4,82.64209004119039,preprocess+forward+postprocess
144,5,DeepFashion2,../fashion_data/raw/train/train/image/123996.jpg,1,4,97.64057630673051,preprocess+forward+postprocess
145,1,DeepFashion2,../fashion_data/raw/train/train/image/124000.jpg,1,3,33.390837255865335,preprocess+forward+postprocess
145,2,DeepFashion2,../fashion_data/raw/train/train/image/124000.jpg,1,3,27.279166039079428,preprocess+forward+postprocess
145,3,DeepFashion2,../fashion_data/raw/train/train/image/124000.jpg,1,3,30.397449620068073,preprocess+forward+postprocess
145,4,DeepFashion2,../fashion_data/raw/train/train/image/124000.jpg,1,3,27.223119046539068,preprocess+forward+postprocess
145,5,DeepFashion2,../fashion_data/raw/train/train/image/124000.jpg,1,3,26.404770091176033,preprocess+forward+postprocess
146,1,DeepFashion2,../fashion_data/raw/train/train/image/124376.jpg,1,5,87.36036391928792,preprocess+forward+postprocess
146,2,DeepFashion2,../fashion_data/raw/train/train/image/124376.jpg,1,5,32.161608804017305,preprocess+forward+postprocess
146,3,DeepFashion2,../fashion_data/raw/train/train/image/124376.jpg,1,5,29.83973314985633,preprocess+forward+postprocess
146,4,DeepFashion2,../fashion_data/raw/train/train/image/124376.jpg,1,5,29.117306228727102,preprocess+forward+postprocess
146,5,DeepFashion2,../fashion_data/raw/train/train/image/124376.jpg,1,5,28.797009959816933,preprocess+forward+postprocess
147,1,DeepFashion2,../fashion_data/raw/train/train/image/124649.jpg,1,1,41.52925405651331,preprocess+forward+postprocess
147,2,DeepFashion2,../fashion_data/raw/train/train/image/124649.jpg,1,1,25.117202661931515,preprocess+forward+postprocess
147,3,DeepFashion2,../fashion_data/raw/train/train/image/124649.jpg,1,1,25.100180879235268,preprocess+forward+postprocess
147,4,DeepFashion2,../fashion_data/raw/train/train/image/124649.jpg,1,1,25.26859985664487,preprocess+forward+postprocess
147,5,DeepFashion2,../fashion_data/raw/train/train/image/124649.jpg,1,1,25.533951818943024,preprocess+forward+postprocess
148,1,DeepFashion2,../fashion_data/raw/train/train/image/124654.jpg,1,4,35.691231954842806,preprocess+forward+postprocess
148,2,DeepFashion2,../fashion_data/raw/train/train/image/124654.jpg,1,4,30.54378693923354,preprocess+forward+postprocess
148,3,DeepFashion2,../fashion_data/raw/train/train/image/124654.jpg,1,4,30.949153937399387,preprocess+forward+postprocess
148,4,DeepFashion2,../fashion_data/raw/train/train/image/124654.jpg,1,4,30.980964191257954,preprocess+forward+postprocess
148,5,DeepFashion2,../fashion_data/raw/train/train/image/124654.jpg,1,4,30.65968630835414,preprocess+forward+postprocess
149,1,DeepFashion2,../fashion_data/raw/train/train/image/125522.jpg,1,7,90.71474382653832,preprocess+forward+postprocess
149,2,DeepFashion2,../fashion_data/raw/train/train/image/125522.jpg,1,7,86.4685452543199,preprocess+forward+postprocess
149,3,DeepFashion2,../fashion_data/raw/train/train/image/125522.jpg,1,7,88.77413999289274,preprocess+forward+postprocess
149,4,DeepFashion2,../fashion_data/raw/train/train/image/125522.jpg,1,7,89.94953520596027,preprocess+forward+postprocess
149,5,DeepFashion2,../fashion_data/raw/train/train/image/125522.jpg,1,7,91.07920387759805,preprocess+forward+postprocess
150,1,DeepFashion2,../fashion_data/raw/train/train/image/125781.jpg,1,6,80.50130680203438,preprocess+forward+postprocess
150,2,DeepFashion2,../fashion_data/raw/train/train/image/125781.jpg,1,6,81.05404395610094,preprocess+forward+postprocess
150,3,DeepFashion2,../fashion_data/raw/train/train/image/125781.jpg,1,6,53.63132618367672,preprocess+forward+postprocess
150,4,DeepFashion2,../fashion_data/raw/train/train/image/125781.jpg,1,6,47.63574618846178,preprocess+forward+postprocess
150,5,DeepFashion2,../fashion_data/raw/train/train/image/125781.jpg,1,6,39.89917878061533,preprocess+forward+postprocess
151,1,DeepFashion2,../fashion_data/raw/train/train/image/125786.jpg,1,8,35.971242003142834,preprocess+forward+postprocess
151,2,DeepFashion2,../fashion_data/raw/train/train/image/125786.jpg,1,8,36.15228505805135,preprocess+forward+postprocess
151,3,DeepFashion2,../fashion_data/raw/train/train/image/125786.jpg,1,8,35.22879583761096,preprocess+forward+postprocess
151,4,DeepFashion2,../fashion_data/raw/train/train/image/125786.jpg,1,8,50.94127310439944,preprocess+forward+postprocess
151,5,DeepFashion2,../fashion_data/raw/train/train/image/125786.jpg,1,8,35.203668754547834,preprocess+forward+postprocess
152,1,DeepFashion2,../fashion_data/raw/train/train/image/125906.jpg,1,10,115.76043115928769,preprocess+forward+postprocess
152,2,DeepFashion2,../fashion_data/raw/train/train/image/125906.jpg,1,10,107.9294141381979,preprocess+forward+postprocess
152,3,DeepFashion2,../fashion_data/raw/train/train/image/125906.jpg,1,10,107.71269397810102,preprocess+forward+postprocess
152,4,DeepFashion2,../fashion_data/raw/train/train/image/125906.jpg,1,10,109.28325820714235,preprocess+forward+postprocess
152,5,DeepFashion2,../fashion_data/raw/train/train/image/125906.jpg,1,10,108.16458007320762,preprocess+forward+postprocess
153,1,DeepFashion2,../fashion_data/raw/train/train/image/125923.jpg,1,2,23.39999098330736,preprocess+forward+postprocess
153,2,DeepFashion2,../fashion_data/raw/train/train/image/125923.jpg,1,2,23.278481792658567,preprocess+forward+postprocess
153,3,DeepFashion2,../fashion_data/raw/train/train/image/125923.jpg,1,2,37.34220704063773,preprocess+forward+postprocess
153,4,DeepFashion2,../fashion_data/raw/train/train/image/125923.jpg,1,2,38.68001000955701,preprocess+forward+postprocess
153,5,DeepFashion2,../fashion_data/raw/train/train/image/125923.jpg,1,2,22.716578096151352,preprocess+forward+postprocess
154,1,DeepFashion2,../fashion_data/raw/train/train/image/126631.jpg,1,4,37.95203100889921,preprocess+forward+postprocess
154,2,DeepFashion2,../fashion_data/raw/train/train/image/126631.jpg,1,4,27.828965801745653,preprocess+forward+postprocess
154,3,DeepFashion2,../fashion_data/raw/train/train/image/126631.jpg,1,4,27.202239725738764,preprocess+forward+postprocess
154,4,DeepFashion2,../fashion_data/raw/train/train/image/126631.jpg,1,4,26.9147758372128,preprocess+forward+postprocess
154,5,DeepFashion2,../fashion_data/raw/train/train/image/126631.jpg,1,4,28.57779525220394,preprocess+forward+postprocess
155,1,DeepFashion2,../fashion_data/raw/train/train/image/128253.jpg,1,7,92.67431264743209,preprocess+forward+postprocess
155,2,DeepFashion2,../fashion_data/raw/train/train/image/128253.jpg,1,7,97.11222490295768,preprocess+forward+postprocess
155,3,DeepFashion2,../fashion_data/raw/train/train/image/128253.jpg,1,7,91.91877208650112,preprocess+forward+postprocess
155,4,DeepFashion2,../fashion_data/raw/train/train/image/128253.jpg,1,7,92.81933680176735,preprocess+forward+postprocess
155,5,DeepFashion2,../fashion_data/raw/train/train/image/128253.jpg,1,7,111.21868202462792,preprocess+forward+postprocess
156,1,DeepFashion2,../fashion_data/raw/train/train/image/128608.jpg,1,1,38.57878874987364,preprocess+forward+postprocess
156,2,DeepFashion2,../fashion_data/raw/train/train/image/128608.jpg,1,1,36.01492382586002,preprocess+forward+postprocess
156,3,DeepFashion2,../fashion_data/raw/train/train/image/128608.jpg,1,1,36.42914863303304,preprocess+forward+postprocess
156,4,DeepFashion2,../fashion_data/raw/train/train/image/128608.jpg,1,1,37.357274908572435,preprocess+forward+postprocess
156,5,DeepFashion2,../fashion_data/raw/train/train/image/128608.jpg,1,1,22.410267032682896,preprocess+forward+postprocess
157,1,DeepFashion2,../fashion_data/raw/train/train/image/130381.jpg,1,4,46.38603888452053,preprocess+forward+postprocess
157,2,DeepFashion2,../fashion_data/raw/train/train/image/130381.jpg,1,4,32.23736211657524,preprocess+forward+postprocess
157,3,DeepFashion2,../fashion_data/raw/train/train/image/130381.jpg,1,4,31.9206933490932,preprocess+forward+postprocess
157,4,DeepFashion2,../fashion_data/raw/train/train/image/130381.jpg,1,4,40.059370920062065,preprocess+forward+postprocess
157,5,DeepFashion2,../fashion_data/raw/train/train/image/130381.jpg,1,4,31.966079026460648,preprocess+forward+postprocess
158,1,DeepFashion2,../fashion_data/raw/train/train/image/130702.jpg,1,1,24.300506338477135,preprocess+forward+postprocess
158,2,DeepFashion2,../fashion_data/raw/train/train/image/130702.jpg,1,1,24.02563625946641,preprocess+forward+postprocess
158,3,DeepFashion2,../fashion_data/raw/train/train/image/130702.jpg,1,1,24.106057826429605,preprocess+forward+postprocess
158,4,DeepFashion2,../fashion_data/raw/train/train/image/130702.jpg,1,1,24.09024816006422,preprocess+forward+postprocess
158,5,DeepFashion2,../fashion_data/raw/train/train/image/130702.jpg,1,1,24.560919031500816,preprocess+forward+postprocess
159,1,DeepFashion2,../fashion_data/raw/train/train/image/130980.jpg,1,6,40.14670709148049,preprocess+forward+postprocess
159,2,DeepFashion2,../fashion_data/raw/train/train/image/130980.jpg,1,6,26.778507977724075,preprocess+forward+postprocess
159,3,DeepFashion2,../fashion_data/raw/train/train/image/130980.jpg,1,6,26.63798164576292,preprocess+forward+postprocess
159,4,DeepFashion2,../fashion_data/raw/train/train/image/130980.jpg,1,6,28.6514931358397,preprocess+forward+postprocess
159,5,DeepFashion2,../fashion_data/raw/train/train/image/130980.jpg,1,6,46.783230267465115,preprocess+forward+postprocess
160,1,DeepFashion2,../fashion_data/raw/train/train/image/131577.jpg,1,4,34.08850682899356,preprocess+forward+postprocess
160,2,DeepFashion2,../fashion_data/raw/train/train/image/131577.jpg,1,4,49.31190796196461,preprocess+forward+postprocess
160,3,DeepFashion2,../fashion_data/raw/train/train/image/131577.jpg,1,4,27.121628168970346,preprocess+forward+postprocess
160,4,DeepFashion2,../fashion_data/raw/train/train/image/131577.jpg,1,4,28.52501394227147,preprocess+forward+postprocess
160,5,DeepFashion2,../fashion_data/raw/train/train/image/131577.jpg,1,4,28.219555038958788,preprocess+forward+postprocess
161,1,DeepFashion2,../fashion_data/raw/train/train/image/132895.jpg,1,4,28.128975071012974,preprocess+forward+postprocess
161,2,DeepFashion2,../fashion_data/raw/train/train/image/132895.jpg,1,4,28.25707709416747,preprocess+forward+postprocess
161,3,DeepFashion2,../fashion_data/raw/train/train/image/132895.jpg,1,4,39.32329686358571,preprocess+forward+postprocess
161,4,DeepFashion2,../fashion_data/raw/train/train/image/132895.jpg,1,4,27.977087069302797,preprocess+forward+postprocess
161,5,DeepFashion2,../fashion_data/raw/train/train/image/132895.jpg,1,4,27.490966953337193,preprocess+forward+postprocess
162,1,DeepFashion2,../fashion_data/raw/train/train/image/133015.jpg,1,5,29.431850649416447,preprocess+forward+postprocess
162,2,DeepFashion2,../fashion_data/raw/train/train/image/133015.jpg,1,5,28.965356759727,preprocess+forward+postprocess
162,3,DeepFashion2,../fashion_data/raw/train/train/image/133015.jpg,1,5,29.081528075039387,preprocess+forward+postprocess
162,4,DeepFashion2,../fashion_data/raw/train/train/image/133015.jpg,1,5,29.045518953353167,preprocess+forward+postprocess
162,5,DeepFashion2,../fashion_data/raw/train/train/image/133015.jpg,1,5,28.3311172388494,preprocess+forward+postprocess
163,1,DeepFashion2,../fashion_data/raw/train/train/image/133136.jpg,1,4,127.27872701361775,preprocess+forward+postprocess
163,2,DeepFashion2,../fashion_data/raw/train/train/image/133136.jpg,1,4,127.35483143478632,preprocess+forward+postprocess
163,3,DeepFashion2,../fashion_data/raw/train/train/image/133136.jpg,1,4,125.57643372565508,preprocess+forward+postprocess
163,4,DeepFashion2,../fashion_data/raw/train/train/image/133136.jpg,1,4,126.56813068315387,preprocess+forward+postprocess
163,5,DeepFashion2,../fashion_data/raw/train/train/image/133136.jpg,1,4,126.05594098567963,preprocess+forward+postprocess
164,1,DeepFashion2,../fashion_data/raw/train/train/image/133235.jpg,1,5,80.12655703350902,preprocess+forward+postprocess
164,2,DeepFashion2,../fashion_data/raw/train/train/image/133235.jpg,1,5,79.20593395829201,preprocess+forward+postprocess
164,3,DeepFashion2,../fashion_data/raw/train/train/image/133235.jpg,1,5,79.79266531765461,preprocess+forward+postprocess
164,4,DeepFashion2,../fashion_data/raw/train/train/image/133235.jpg,1,5,79.8368789255619,preprocess+forward+postprocess
164,5,DeepFashion2,../fashion_data/raw/train/train/image/133235.jpg,1,5,78.91036383807659,preprocess+forward+postprocess
165,1,DeepFashion2,../fashion_data/raw/train/train/image/133276.jpg,1,4,30.820470303297043,preprocess+forward+postprocess
165,2,DeepFashion2,../fashion_data/raw/train/train/image/133276.jpg,1,4,24.251013062894344,preprocess+forward+postprocess
165,3,DeepFashion2,../fashion_data/raw/train/train/image/133276.jpg,1,4,24.59447318688035,preprocess+forward+postprocess
165,4,DeepFashion2,../fashion_data/raw/train/train/image/133276.jpg,1,4,24.505184032022953,preprocess+forward+postprocess
165,5,DeepFashion2,../fashion_data/raw/train/train/image/133276.jpg,1,4,40.490937884896994,preprocess+forward+postprocess
166,1,DeepFashion2,../fashion_data/raw/train/train/image/134988.jpg,1,7,65.92481024563313,preprocess+forward+postprocess
166,2,DeepFashion2,../fashion_data/raw/train/train/image/134988.jpg,1,7,58.340782299637794,preprocess+forward+postprocess
166,3,DeepFashion2,../fashion_data/raw/train/train/image/134988.jpg,1,7,59.475059155374765,preprocess+forward+postprocess
166,4,DeepFashion2,../fashion_data/raw/train/train/image/134988.jpg,1,7,58.28068824484944,preprocess+forward+postprocess
166,5,DeepFashion2,../fashion_data/raw/train/train/image/134988.jpg,1,7,58.11489373445511,preprocess+forward+postprocess
167,1,DeepFashion2,../fashion_data/raw/train/train/image/135480.jpg,1,2,22.815594915300608,preprocess+forward+postprocess
167,2,DeepFashion2,../fashion_data/raw/train/train/image/135480.jpg,1,2,22.145725786685944,preprocess+forward+postprocess
167,3,DeepFashion2,../fashion_data/raw/train/train/image/135480.jpg,1,2,21.732694003731012,preprocess+forward+postprocess
167,4,DeepFashion2,../fashion_data/raw/train/train/image/135480.jpg,1,2,21.411226131021976,preprocess+forward+postprocess
167,5,DeepFashion2,../fashion_data/raw/train/train/image/135480.jpg,1,2,21.838305052369833,preprocess+forward+postprocess
168,1,DeepFashion2,../fashion_data/raw/train/train/image/135885.jpg,1,3,23.23851641267538,preprocess+forward+postprocess
168,2,DeepFashion2,../fashion_data/raw/train/train/image/135885.jpg,1,3,23.027305025607347,preprocess+forward+postprocess
168,3,DeepFashion2,../fashion_data/raw/train/train/image/135885.jpg,1,3,22.521437145769596,preprocess+forward+postprocess
168,4,DeepFashion2,../fashion_data/raw/train/train/image/135885.jpg,1,3,22.542306687682867,preprocess+forward+postprocess
168,5,DeepFashion2,../fashion_data/raw/train/train/image/135885.jpg,1,3,22.88564806804061,preprocess+forward+postprocess
169,1,DeepFashion2,../fashion_data/raw/train/train/image/135934.jpg,1,7,75.09788684546947,preprocess+forward+postprocess
169,2,DeepFashion2,../fashion_data/raw/train/train/image/135934.jpg,1,7,60.09367015212774,preprocess+forward+postprocess
169,3,DeepFashion2,../fashion_data/raw/train/train/image/135934.jpg,1,7,60.70562778040767,preprocess+forward+postprocess
169,4,DeepFashion2,../fashion_data/raw/train/train/image/135934.jpg,1,7,60.59683300554752,preprocess+forward+postprocess
169,5,DeepFashion2,../fashion_data/raw/train/train/image/135934.jpg,1,7,60.602554120123386,preprocess+forward+postprocess
170,1,DeepFashion2,../fashion_data/raw/train/train/image/135937.jpg,1,0,22.24338101223111,preprocess+forward+postprocess
170,2,DeepFashion2,../fashion_data/raw/train/train/image/135937.jpg,1,0,22.03397499397397,preprocess+forward+postprocess
170,3,DeepFashion2,../fashion_data/raw/train/train/image/135937.jpg,1,0,41.186816059052944,preprocess+forward+postprocess
170,4,DeepFashion2,../fashion_data/raw/train/train/image/135937.jpg,1,0,37.542606238275766,preprocess+forward+postprocess
170,5,DeepFashion2,../fashion_data/raw/train/train/image/135937.jpg,1,0,38.39515009894967,preprocess+forward+postprocess
171,1,DeepFashion2,../fashion_data/raw/train/train/image/136524.jpg,1,5,73.41501023620367,preprocess+forward+postprocess
171,2,DeepFashion2,../fashion_data/raw/train/train/image/136524.jpg,1,5,74.01893334463239,preprocess+forward+postprocess
171,3,DeepFashion2,../fashion_data/raw/train/train/image/136524.jpg,1,5,76.52174169197679,preprocess+forward+postprocess
171,4,DeepFashion2,../fashion_data/raw/train/train/image/136524.jpg,1,5,71.23999204486609,preprocess+forward+postprocess
171,5,DeepFashion2,../fashion_data/raw/train/train/image/136524.jpg,1,5,62.262335792183876,preprocess+forward+postprocess
172,1,DeepFashion2,../fashion_data/raw/train/train/image/137266.jpg,1,2,25.856512133032084,preprocess+forward+postprocess
172,2,DeepFashion2,../fashion_data/raw/train/train/image/137266.jpg,1,2,25.249292142689228,preprocess+forward+postprocess
172,3,DeepFashion2,../fashion_data/raw/train/train/image/137266.jpg,1,2,25.573054794222116,preprocess+forward+postprocess
172,4,DeepFashion2,../fashion_data/raw/train/train/image/137266.jpg,1,2,25.954356882721186,preprocess+forward+postprocess
172,5,DeepFashion2,../fashion_data/raw/train/train/image/137266.jpg,1,2,25.334803853183985,preprocess+forward+postprocess
173,1,DeepFashion2,../fashion_data/raw/train/train/image/138553.jpg,1,12,86.45438682287931,preprocess+forward+postprocess
173,2,DeepFashion2,../fashion_data/raw/train/train/image/138553.jpg,1,12,82.03219482675195,preprocess+forward+postprocess
173,3,DeepFashion2,../fashion_data/raw/train/train/image/138553.jpg,1,12,77.64324592426419,preprocess+forward+postprocess
173,4,DeepFashion2,../fashion_data/raw/train/train/image/138553.jpg,1,12,80.83900529891253,preprocess+forward+postprocess
173,5,DeepFashion2,../fashion_data/raw/train/train/image/138553.jpg,1,12,78.58872506767511,preprocess+forward+postprocess
174,1,DeepFashion2,../fashion_data/raw/train/train/image/139497.jpg,1,4,25.357528124004602,preprocess+forward+postprocess
174,2,DeepFashion2,../fashion_data/raw/train/train/image/139497.jpg,1,4,31.154001131653786,preprocess+forward+postprocess
174,3,DeepFashion2,../fashion_data/raw/train/train/image/139497.jpg,1,4,28.88050675392151,preprocess+forward+postprocess
174,4,DeepFashion2,../fashion_data/raw/train/train/image/139497.jpg,1,4,24.721814319491386,preprocess+forward+postprocess
174,5,DeepFashion2,../fashion_data/raw/train/train/image/139497.jpg,1,4,25.352368131279945,preprocess+forward+postprocess
175,1,DeepFashion2,../fashion_data/raw/train/train/image/139827.jpg,1,7,103.52161899209023,preprocess+forward+postprocess
175,2,DeepFashion2,../fashion_data/raw/train/train/image/139827.jpg,1,7,99.10583822056651,preprocess+forward+postprocess
175,3,DeepFashion2,../fashion_data/raw/train/train/image/139827.jpg,1,7,100.28922790661454,preprocess+forward+postprocess
175,4,DeepFashion2,../fashion_data/raw/train/train/image/139827.jpg,1,7,100.47138389199972,preprocess+forward+postprocess
175,5,DeepFashion2,../fashion_data/raw/train/train/image/139827.jpg,1,7,99.5857072994113,preprocess+forward+postprocess
176,1,DeepFashion2,../fashion_data/raw/train/train/image/140249.jpg,1,2,25.181584991514683,preprocess+forward+postprocess
176,2,DeepFashion2,../fashion_data/raw/train/train/image/140249.jpg,1,2,25.457285810261965,preprocess+forward+postprocess
176,3,DeepFashion2,../fashion_data/raw/train/train/image/140249.jpg,1,2,31.41201985999942,preprocess+forward+postprocess
176,4,DeepFashion2,../fashion_data/raw/train/train/image/140249.jpg,1,2,24.544938933104277,preprocess+forward+postprocess
176,5,DeepFashion2,../fashion_data/raw/train/train/image/140249.jpg,1,2,24.943413212895393,preprocess+forward+postprocess
177,1,DeepFashion2,../fashion_data/raw/train/train/image/141653.jpg,1,3,25.78525710850954,preprocess+forward+postprocess
177,2,DeepFashion2,../fashion_data/raw/train/train/image/141653.jpg,1,3,39.269465021789074,preprocess+forward+postprocess
177,3,DeepFashion2,../fashion_data/raw/train/train/image/141653.jpg,1,3,40.78861093148589,preprocess+forward+postprocess
177,4,DeepFashion2,../fashion_data/raw/train/train/image/141653.jpg,1,3,39.758301340043545,preprocess+forward+postprocess
177,5,DeepFashion2,../fashion_data/raw/train/train/image/141653.jpg,1,3,25.441186036914587,preprocess+forward+postprocess
178,1,DeepFashion2,../fashion_data/raw/train/train/image/141721.jpg,1,5,41.43037600442767,preprocess+forward+postprocess
178,2,DeepFashion2,../fashion_data/raw/train/train/image/141721.jpg,1,5,31.198816373944283,preprocess+forward+postprocess
178,3,DeepFashion2,../fashion_data/raw/train/train/image/141721.jpg,1,5,31.589615624397993,preprocess+forward+postprocess
178,4,DeepFashion2,../fashion_data/raw/train/train/image/141721.jpg,1,5,30.306166037917137,preprocess+forward+postprocess
178,5,DeepFashion2,../fashion_data/raw/train/train/image/141721.jpg,1,5,30.375988222658634,preprocess+forward+postprocess
179,1,DeepFashion2,../fashion_data/raw/train/train/image/142272.jpg,1,8,59.191771782934666,preprocess+forward+postprocess
179,2,DeepFashion2,../fashion_data/raw/train/train/image/142272.jpg,1,8,60.733400750905275,preprocess+forward+postprocess
179,3,DeepFashion2,../fashion_data/raw/train/train/image/142272.jpg,1,8,60.221882071346045,preprocess+forward+postprocess
179,4,DeepFashion2,../fashion_data/raw/train/train/image/142272.jpg,1,8,59.14467293769121,preprocess+forward+postprocess
179,5,DeepFashion2,../fashion_data/raw/train/train/image/142272.jpg,1,8,59.177435003221035,preprocess+forward+postprocess
180,1,DeepFashion2,../fashion_data/raw/train/train/image/142660.jpg,1,3,24.05077312141657,preprocess+forward+postprocess
180,2,DeepFashion2,../fashion_data/raw/train/train/image/142660.jpg,1,3,21.650739014148712,preprocess+forward+postprocess
180,3,DeepFashion2,../fashion_data/raw/train/train/image/142660.jpg,1,3,21.238498855382204,preprocess+forward+postprocess
180,4,DeepFashion2,../fashion_data/raw/train/train/image/142660.jpg,1,3,21.254298742860556,preprocess+forward+postprocess
180,5,DeepFashion2,../fashion_data/raw/train/train/image/142660.jpg,1,3,23.04229373112321,preprocess+forward+postprocess
181,1,DeepFashion2,../fashion_data/raw/train/train/image/144966.jpg,1,9,99.48344295844436,preprocess+forward+postprocess
181,2,DeepFashion2,../fashion_data/raw/train/train/image/144966.jpg,1,9,115.14169722795486,preprocess+forward+postprocess
181,3,DeepFashion2,../fashion_data/raw/train/train/image/144966.jpg,1,9,113.28095383942127,preprocess+forward+postprocess
181,4,DeepFashion2,../fashion_data/raw/train/train/image/144966.jpg,1,9,114.62276475504041,preprocess+forward+postprocess
181,5,DeepFashion2,../fashion_data/raw/train/train/image/144966.jpg,1,9,112.22461517900229,preprocess+forward+postprocess
182,1,DeepFashion2,../fashion_data/raw/train/train/image/145118.jpg,1,0,34.034383948892355,preprocess+forward+postprocess
182,2,DeepFashion2,../fashion_data/raw/train/train/image/145118.jpg,1,0,19.04423488304019,preprocess+forward+postprocess
182,3,DeepFashion2,../fashion_data/raw/train/train/image/145118.jpg,1,0,18.75635888427496,preprocess+forward+postprocess
182,4,DeepFashion2,../fashion_data/raw/train/train/image/145118.jpg,1,0,18.993649166077375,preprocess+forward+postprocess
182,5,DeepFashion2,../fashion_data/raw/train/train/image/145118.jpg,1,0,18.810573033988476,preprocess+forward+postprocess
183,1,DeepFashion2,../fashion_data/raw/train/train/image/145247.jpg,1,3,24.843412917107344,preprocess+forward+postprocess
183,2,DeepFashion2,../fashion_data/raw/train/train/image/145247.jpg,1,3,24.769514333456755,preprocess+forward+postprocess
183,3,DeepFashion2,../fashion_data/raw/train/train/image/145247.jpg,1,3,24.87449301406741,preprocess+forward+postprocess
183,4,DeepFashion2,../fashion_data/raw/train/train/image/145247.jpg,1,3,25.051848031580448,preprocess+forward+postprocess
183,5,DeepFashion2,../fashion_data/raw/train/train/image/145247.jpg,1,3,24.84866278246045,preprocess+forward+postprocess
184,1,DeepFashion2,../fashion_data/raw/train/train/image/145484.jpg,1,5,24.194926023483276,preprocess+forward+postprocess
184,2,DeepFashion2,../fashion_data/raw/train/train/image/145484.jpg,1,5,24.29592702537775,preprocess+forward+postprocess
184,3,DeepFashion2,../fashion_data/raw/train/train/image/145484.jpg,1,5,24.716875050216913,preprocess+forward+postprocess
184,4,DeepFashion2,../fashion_data/raw/train/train/image/145484.jpg,1,5,24.740199092775583,preprocess+forward+postprocess
184,5,DeepFashion2,../fashion_data/raw/train/train/image/145484.jpg,1,5,24.57009581848979,preprocess+forward+postprocess
185,1,DeepFashion2,../fashion_data/raw/train/train/image/146606.jpg,1,1,20.089634228497744,preprocess+forward+postprocess
185,2,DeepFashion2,../fashion_data/raw/train/train/image/146606.jpg,1,1,30.0104059278965,preprocess+forward+postprocess
185,3,DeepFashion2,../fashion_data/raw/train/train/image/146606.jpg,1,1,18.983609974384308,preprocess+forward+postprocess
185,4,DeepFashion2,../fashion_data/raw/train/train/image/146606.jpg,1,1,19.313734956085682,preprocess+forward+postprocess
185,5,DeepFashion2,../fashion_data/raw/train/train/image/146606.jpg,1,1,18.90565175563097,preprocess+forward+postprocess
186,1,DeepFashion2,../fashion_data/raw/train/train/image/147653.jpg,1,7,76.30005199462175,preprocess+forward+postprocess
186,2,DeepFashion2,../fashion_data/raw/train/train/image/147653.jpg,1,7,77.1260648034513,preprocess+forward+postprocess
186,3,DeepFashion2,../fashion_data/raw/train/train/image/147653.jpg,1,7,75.90052532032132,preprocess+forward+postprocess
186,4,DeepFashion2,../fashion_data/raw/train/train/image/147653.jpg,1,7,75.29920665547252,preprocess+forward+postprocess
186,5,DeepFashion2,../fashion_data/raw/train/train/image/147653.jpg,1,7,75.99521428346634,preprocess+forward+postprocess
187,1,DeepFashion2,../fashion_data/raw/train/train/image/149160.jpg,1,3,75.16119629144669,preprocess+forward+postprocess
187,2,DeepFashion2,../fashion_data/raw/train/train/image/149160.jpg,1,3,74.49141703546047,preprocess+forward+postprocess
187,3,DeepFashion2,../fashion_data/raw/train/train/image/149160.jpg,1,3,86.72381471842527,preprocess+forward+postprocess
187,4,DeepFashion2,../fashion_data/raw/train/train/image/149160.jpg,1,3,87.93139178305864,preprocess+forward+postprocess
187,5,DeepFashion2,../fashion_data/raw/train/train/image/149160.jpg,1,3,78.19761475548148,preprocess+forward+postprocess
188,1,DeepFashion2,../fashion_data/raw/train/train/image/150634.jpg,1,10,85.68736305460334,preprocess+forward+postprocess
188,2,DeepFashion2,../fashion_data/raw/train/train/image/150634.jpg,1,10,104.18957192450762,preprocess+forward+postprocess
188,3,DeepFashion2,../fashion_data/raw/train/train/image/150634.jpg,1,10,88.84569304063916,preprocess+forward+postprocess
188,4,DeepFashion2,../fashion_data/raw/train/train/image/150634.jpg,1,10,86.86647610738873,preprocess+forward+postprocess
188,5,DeepFashion2,../fashion_data/raw/train/train/image/150634.jpg,1,10,89.41160375252366,preprocess+forward+postprocess
189,1,DeepFashion2,../fashion_data/raw/train/train/image/151041.jpg,1,6,71.67955441400409,preprocess+forward+postprocess
189,2,DeepFashion2,../fashion_data/raw/train/train/image/151041.jpg,1,6,72.2704129293561,preprocess+forward+postprocess
189,3,DeepFashion2,../fashion_data/raw/train/train/image/151041.jpg,1,6,71.7571908608079,preprocess+forward+postprocess
189,4,DeepFashion2,../fashion_data/raw/train/train/image/151041.jpg,1,6,76.88743295148015,preprocess+forward+postprocess
189,5,DeepFashion2,../fashion_data/raw/train/train/image/151041.jpg,1,6,72.39435706287622,preprocess+forward+postprocess
190,1,DeepFashion2,../fashion_data/raw/train/train/image/151469.jpg,1,1,24.36406584456563,preprocess+forward+postprocess
190,2,DeepFashion2,../fashion_data/raw/train/train/image/151469.jpg,1,1,23.900107946246862,preprocess+forward+postprocess
190,3,DeepFashion2,../fashion_data/raw/train/train/image/151469.jpg,1,1,24.13481194525957,preprocess+forward+postprocess
190,4,DeepFashion2,../fashion_data/raw/train/train/image/151469.jpg,1,1,24.09696066752076,preprocess+forward+postprocess
190,5,DeepFashion2,../fashion_data/raw/train/train/image/151469.jpg,1,1,24.19119793921709,preprocess+forward+postprocess
191,1,DeepFashion2,../fashion_data/raw/train/train/image/151470.jpg,1,1,21.92878583446145,preprocess+forward+postprocess
191,2,DeepFashion2,../fashion_data/raw/train/train/image/151470.jpg,1,1,21.226986777037382,preprocess+forward+postprocess
191,3,DeepFashion2,../fashion_data/raw/train/train/image/151470.jpg,1,1,21.58571593463421,preprocess+forward+postprocess
191,4,DeepFashion2,../fashion_data/raw/train/train/image/151470.jpg,1,1,35.448662005364895,preprocess+forward+postprocess
191,5,DeepFashion2,../fashion_data/raw/train/train/image/151470.jpg,1,1,37.37389715388417,preprocess+forward+postprocess
192,1,DeepFashion2,../fashion_data/raw/train/train/image/151693.jpg,1,2,34.58600910380483,preprocess+forward+postprocess
192,2,DeepFashion2,../fashion_data/raw/train/train/image/151693.jpg,1,2,26.221162173897028,preprocess+forward+postprocess
192,3,DeepFashion2,../fashion_data/raw/train/train/image/151693.jpg,1,2,38.292385172098875,preprocess+forward+postprocess
192,4,DeepFashion2,../fashion_data/raw/train/train/image/151693.jpg,1,2,26.21302707120776,preprocess+forward+postprocess
192,5,DeepFashion2,../fashion_data/raw/train/train/image/151693.jpg,1,2,26.288750115782022,preprocess+forward+postprocess
193,1,DeepFashion2,../fashion_data/raw/train/train/image/151882.jpg,1,11,132.65408063307405,preprocess+forward+postprocess
193,2,DeepFashion2,../fashion_data/raw/train/train/image/151882.jpg,1,11,126.92549638450146,preprocess+forward+postprocess
193,3,DeepFashion2,../fashion_data/raw/train/train/image/151882.jpg,1,11,129.21253498643637,preprocess+forward+postprocess
193,4,DeepFashion2,../fashion_data/raw/train/train/image/151882.jpg,1,11,131.5397210419178,preprocess+forward+postprocess
193,5,DeepFashion2,../fashion_data/raw/train/train/image/151882.jpg,1,11,128.20366490632296,preprocess+forward+postprocess
194,1,DeepFashion2,../fashion_data/raw/train/train/image/152851.jpg,1,7,81.42918068915606,preprocess+forward+postprocess
194,2,DeepFashion2,../fashion_data/raw/train/train/image/152851.jpg,1,7,72.09024205803871,preprocess+forward+postprocess
194,3,DeepFashion2,../fashion_data/raw/train/train/image/152851.jpg,1,7,70.6525188870728,preprocess+forward+postprocess
194,4,DeepFashion2,../fashion_data/raw/train/train/image/152851.jpg,1,7,71.9447759911418,preprocess+forward+postprocess
194,5,DeepFashion2,../fashion_data/raw/train/train/image/152851.jpg,1,7,73.58631305396557,preprocess+forward+postprocess
195,1,DeepFashion2,../fashion_data/raw/train/train/image/154454.jpg,1,2,19.859587773680687,preprocess+forward+postprocess
195,2,DeepFashion2,../fashion_data/raw/train/train/image/154454.jpg,1,2,19.283838104456663,preprocess+forward+postprocess
195,3,DeepFashion2,../fashion_data/raw/train/train/image/154454.jpg,1,2,19.29771387949586,preprocess+forward+postprocess
195,4,DeepFashion2,../fashion_data/raw/train/train/image/154454.jpg,1,2,20.0246199965477,preprocess+forward+postprocess
195,5,DeepFashion2,../fashion_data/raw/train/train/image/154454.jpg,1,2,35.30788514763117,preprocess+forward+postprocess
196,1,DeepFashion2,../fashion_data/raw/train/train/image/154827.jpg,1,4,64.0009162016213,preprocess+forward+postprocess
196,2,DeepFashion2,../fashion_data/raw/train/train/image/154827.jpg,1,4,62.79831891879439,preprocess+forward+postprocess
196,3,DeepFashion2,../fashion_data/raw/train/train/image/154827.jpg,1,4,62.98126606270671,preprocess+forward+postprocess
196,4,DeepFashion2,../fashion_data/raw/train/train/image/154827.jpg,1,4,63.91597632318735,preprocess+forward+postprocess
196,5,DeepFashion2,../fashion_data/raw/train/train/image/154827.jpg,1,4,63.15146805718541,preprocess+forward+postprocess
197,1,DeepFashion2,../fashion_data/raw/train/train/image/155150.jpg,1,6,60.329305939376354,preprocess+forward+postprocess
197,2,DeepFashion2,../fashion_data/raw/train/train/image/155150.jpg,1,6,74.58215905353427,preprocess+forward+postprocess
197,3,DeepFashion2,../fashion_data/raw/train/train/image/155150.jpg,1,6,59.56686241552234,preprocess+forward+postprocess
197,4,DeepFashion2,../fashion_data/raw/train/train/image/155150.jpg,1,6,62.79673706740141,preprocess+forward+postprocess
197,5,DeepFashion2,../fashion_data/raw/train/train/image/155150.jpg,1,6,59.600125066936016,preprocess+forward+postprocess
198,1,DeepFashion2,../fashion_data/raw/train/train/image/155942.jpg,1,8,87.160122115165,preprocess+forward+postprocess
198,2,DeepFashion2,../fashion_data/raw/train/train/image/155942.jpg,1,8,91.35830914601684,preprocess+forward+postprocess
198,3,DeepFashion2,../fashion_data/raw/train/train/image/155942.jpg,1,8,92.38822013139725,preprocess+forward+postprocess
198,4,DeepFashion2,../fashion_data/raw/train/train/image/155942.jpg,1,8,110.68634083494544,preprocess+forward+postprocess
198,5,DeepFashion2,../fashion_data/raw/train/train/image/155942.jpg,1,8,104.24068896099925,preprocess+forward+postprocess
199,1,DeepFashion2,../fashion_data/raw/train/train/image/156172.jpg,1,5,66.4787171408534,preprocess+forward+postprocess
199,2,DeepFashion2,../fashion_data/raw/train/train/image/156172.jpg,1,5,46.707876957952976,preprocess+forward+postprocess
199,3,DeepFashion2,../fashion_data/raw/train/train/image/156172.jpg,1,5,34.64162442833185,preprocess+forward+postprocess
199,4,DeepFashion2,../fashion_data/raw/train/train/image/156172.jpg,1,5,31.040586065500975,preprocess+forward+postprocess
199,5,DeepFashion2,../fashion_data/raw/train/train/image/156172.jpg,1,5,32.5145972892642,preprocess+forward+postprocess
200,1,DeepFashion2,../fashion_data/raw/train/train/image/156351.jpg,1,6,34.09552900120616,preprocess+forward+postprocess
200,2,DeepFashion2,../fashion_data/raw/train/train/image/156351.jpg,1,6,32.570281997323036,preprocess+forward+postprocess
200,3,DeepFashion2,../fashion_data/raw/train/train/image/156351.jpg,1,6,32.52996597439051,preprocess+forward+postprocess
200,4,DeepFashion2,../fashion_data/raw/train/train/image/156351.jpg,1,6,32.25586703047156,preprocess+forward+postprocess
200,5,DeepFashion2,../fashion_data/raw/train/train/image/156351.jpg,1,6,33.02399115636945,preprocess+forward+postprocess
201,1,DeepFashion2,../fashion_data/raw/train/train/image/156930.jpg,1,7,93.80750637501478,preprocess+forward+postprocess
201,2,DeepFashion2,../fashion_data/raw/train/train/image/156930.jpg,1,7,107.85399889573455,preprocess+forward+postprocess
201,3,DeepFashion2,../fashion_data/raw/train/train/image/156930.jpg,1,7,92.12942887097597,preprocess+forward+postprocess
201,4,DeepFashion2,../fashion_data/raw/train/train/image/156930.jpg,1,7,92.77536068111658,preprocess+forward+postprocess
201,5,DeepFashion2,../fashion_data/raw/train/train/image/156930.jpg,1,7,106.32615629583597,preprocess+forward+postprocess
202,1,DeepFashion2,../fashion_data/raw/train/train/image/157158.jpg,1,9,82.25799119099975,preprocess+forward+postprocess
202,2,DeepFashion2,../fashion_data/raw/train/train/image/157158.jpg,1,9,84.77111766114831,preprocess+forward+postprocess
202,3,DeepFashion2,../fashion_data/raw/train/train/image/157158.jpg,1,9,85.35807020962238,preprocess+forward+postprocess
202,4,DeepFashion2,../fashion_data/raw/train/train/image/157158.jpg,1,9,88.43589574098587,preprocess+forward+postprocess
202,5,DeepFashion2,../fashion_data/raw/train/train/image/157158.jpg,1,9,86.86845935881138,preprocess+forward+postprocess
203,1,DeepFashion2,../fashion_data/raw/train/train/image/157361.jpg,1,3,38.198397029191256,preprocess+forward+postprocess
203,2,DeepFashion2,../fashion_data/raw/train/train/image/157361.jpg,1,3,25.342147797346115,preprocess+forward+postprocess
203,3,DeepFashion2,../fashion_data/raw/train/train/image/157361.jpg,1,3,24.473692756146193,preprocess+forward+postprocess
203,4,DeepFashion2,../fashion_data/raw/train/train/image/157361.jpg,1,3,25.215077213943005,preprocess+forward+postprocess
203,5,DeepFashion2,../fashion_data/raw/train/train/image/157361.jpg,1,3,24.977697990834713,preprocess+forward+postprocess
204,1,DeepFashion2,../fashion_data/raw/train/train/image/158699.jpg,1,5,68.90629325062037,preprocess+forward+postprocess
204,2,DeepFashion2,../fashion_data/raw/train/train/image/158699.jpg,1,5,62.52984097227454,preprocess+forward+postprocess
204,3,DeepFashion2,../fashion_data/raw/train/train/image/158699.jpg,1,5,56.61748815327883,preprocess+forward+postprocess
204,4,DeepFashion2,../fashion_data/raw/train/train/image/158699.jpg,1,5,57.26354103535414,preprocess+forward+postprocess
204,5,DeepFashion2,../fashion_data/raw/train/train/image/158699.jpg,1,5,62.65938561409712,preprocess+forward+postprocess
205,1,DeepFashion2,../fashion_data/raw/train/train/image/158869.jpg,1,6,39.518256206065416,preprocess+forward+postprocess
205,2,DeepFashion2,../fashion_data/raw/train/train/image/158869.jpg,1,6,32.1992002427578,preprocess+forward+postprocess
205,3,DeepFashion2,../fashion_data/raw/train/train/image/158869.jpg,1,6,36.02343937382102,preprocess+forward+postprocess
205,4,DeepFashion2,../fashion_data/raw/train/train/image/158869.jpg,1,6,49.14776561781764,preprocess+forward+postprocess
205,5,DeepFashion2,../fashion_data/raw/train/train/image/158869.jpg,1,6,35.4038062505424,preprocess+forward+postprocess
206,1,DeepFashion2,../fashion_data/raw/train/train/image/163136.jpg,1,6,44.294196646660566,preprocess+forward+postprocess
206,2,DeepFashion2,../fashion_data/raw/train/train/image/163136.jpg,1,6,29.863317031413317,preprocess+forward+postprocess
206,3,DeepFashion2,../fashion_data/raw/train/train/image/163136.jpg,1,6,29.950901865959167,preprocess+forward+postprocess
206,4,DeepFashion2,../fashion_data/raw/train/train/image/163136.jpg,1,6,29.68950802460313,preprocess+forward+postprocess
206,5,DeepFashion2,../fashion_data/raw/train/train/image/163136.jpg,1,6,29.89098895341158,preprocess+forward+postprocess
207,1,DeepFashion2,../fashion_data/raw/train/train/image/163902.jpg,1,14,99.85435288399458,preprocess+forward+postprocess
207,2,DeepFashion2,../fashion_data/raw/train/train/image/163902.jpg,1,14,115.20904302597046,preprocess+forward+postprocess
207,3,DeepFashion2,../fashion_data/raw/train/train/image/163902.jpg,1,14,103.33058377727866,preprocess+forward+postprocess
207,4,DeepFashion2,../fashion_data/raw/train/train/image/163902.jpg,1,14,104.97515788301826,preprocess+forward+postprocess
207,5,DeepFashion2,../fashion_data/raw/train/train/image/163902.jpg,1,14,102.17603901401162,preprocess+forward+postprocess
208,1,DeepFashion2,../fashion_data/raw/train/train/image/164987.jpg,1,1,28.720814269036055,preprocess+forward+postprocess
208,2,DeepFashion2,../fashion_data/raw/train/train/image/164987.jpg,1,1,26.06285223737359,preprocess+forward+postprocess
208,3,DeepFashion2,../fashion_data/raw/train/train/image/164987.jpg,1,1,25.231398176401854,preprocess+forward+postprocess
208,4,DeepFashion2,../fashion_data/raw/train/train/image/164987.jpg,1,1,25.013574864715338,preprocess+forward+postprocess
208,5,DeepFashion2,../fashion_data/raw/train/train/image/164987.jpg,1,1,26.351829059422016,preprocess+forward+postprocess
209,1,DeepFashion2,../fashion_data/raw/train/train/image/165526.jpg,1,1,19.964978098869324,preprocess+forward+postprocess
209,2,DeepFashion2,../fashion_data/raw/train/train/image/165526.jpg,1,1,19.385148771107197,preprocess+forward+postprocess
209,3,DeepFashion2,../fashion_data/raw/train/train/image/165526.jpg,1,1,19.328823313117027,preprocess+forward+postprocess
209,4,DeepFashion2,../fashion_data/raw/train/train/image/165526.jpg,1,1,19.92006180807948,preprocess+forward+postprocess
209,5,DeepFashion2,../fashion_data/raw/train/train/image/165526.jpg,1,1,19.21315398067236,preprocess+forward+postprocess
210,1,DeepFashion2,../fashion_data/raw/train/train/image/165686.jpg,1,6,65.24139503017068,preprocess+forward+postprocess
210,2,DeepFashion2,../fashion_data/raw/train/train/image/165686.jpg,1,6,59.246474876999855,preprocess+forward+postprocess
210,3,DeepFashion2,../fashion_data/raw/train/train/image/165686.jpg,1,6,74.28724924102426,preprocess+forward+postprocess
210,4,DeepFashion2,../fashion_data/raw/train/train/image/165686.jpg,1,6,62.44270596653223,preprocess+forward+postprocess
210,5,DeepFashion2,../fashion_data/raw/train/train/image/165686.jpg,1,6,58.60397918149829,preprocess+forward+postprocess
211,1,DeepFashion2,../fashion_data/raw/train/train/image/166052.jpg,1,5,29.667386319488287,preprocess+forward+postprocess
211,2,DeepFashion2,../fashion_data/raw/train/train/image/166052.jpg,1,5,29.08412180840969,preprocess+forward+postprocess
211,3,DeepFashion2,../fashion_data/raw/train/train/image/166052.jpg,1,5,31.55818535014987,preprocess+forward+postprocess
211,4,DeepFashion2,../fashion_data/raw/train/train/image/166052.jpg,1,5,29.99417530372739,preprocess+forward+postprocess
211,5,DeepFashion2,../fashion_data/raw/train/train/image/166052.jpg,1,5,30.67948203533888,preprocess+forward+postprocess
212,1,DeepFashion2,../fashion_data/raw/train/train/image/166308.jpg,1,5,28.049282729625702,preprocess+forward+postprocess
212,2,DeepFashion2,../fashion_data/raw/train/train/image/166308.jpg,1,5,28.259951155632734,preprocess+forward+postprocess
212,3,DeepFashion2,../fashion_data/raw/train/train/image/166308.jpg,1,5,28.86734064668417,preprocess+forward+postprocess
212,4,DeepFashion2,../fashion_data/raw/train/train/image/166308.jpg,1,5,28.065132908523083,preprocess+forward+postprocess
212,5,DeepFashion2,../fashion_data/raw/train/train/image/166308.jpg,1,5,27.802595403045416,preprocess+forward+postprocess
213,1,DeepFashion2,../fashion_data/raw/train/train/image/166981.jpg,1,2,24.880552664399147,preprocess+forward+postprocess
213,2,DeepFashion2,../fashion_data/raw/train/train/image/166981.jpg,1,2,23.55213789269328,preprocess+forward+postprocess
213,3,DeepFashion2,../fashion_data/raw/train/train/image/166981.jpg,1,2,23.515549022704363,preprocess+forward+postprocess
213,4,DeepFashion2,../fashion_data/raw/train/train/image/166981.jpg,1,2,23.502293974161148,preprocess+forward+postprocess
213,5,DeepFashion2,../fashion_data/raw/train/train/image/166981.jpg,1,2,23.798595182597637,preprocess+forward+postprocess
214,1,DeepFashion2,../fashion_data/raw/train/train/image/167285.jpg,1,0,32.10149426013231,preprocess+forward+postprocess
214,2,DeepFashion2,../fashion_data/raw/train/train/image/167285.jpg,1,0,31.24036407098174,preprocess+forward+postprocess
214,3,DeepFashion2,../fashion_data/raw/train/train/image/167285.jpg,1,0,16.807479318231344,preprocess+forward+postprocess
214,4,DeepFashion2,../fashion_data/raw/train/train/image/167285.jpg,1,0,16.59834384918213,preprocess+forward+postprocess
214,5,DeepFashion2,../fashion_data/raw/train/train/image/167285.jpg,1,0,16.972931567579508,preprocess+forward+postprocess
215,1,DeepFashion2,../fashion_data/raw/train/train/image/168853.jpg,1,10,87.75997720658779,preprocess+forward+postprocess
215,2,DeepFashion2,../fashion_data/raw/train/train/image/168853.jpg,1,10,87.50268863514066,preprocess+forward+postprocess
215,3,DeepFashion2,../fashion_data/raw/train/train/image/168853.jpg,1,10,87.76363311335444,preprocess+forward+postprocess
215,4,DeepFashion2,../fashion_data/raw/train/train/image/168853.jpg,1,10,88.3897477760911,preprocess+forward+postprocess
215,5,DeepFashion2,../fashion_data/raw/train/train/image/168853.jpg,1,10,86.90513810142875,preprocess+forward+postprocess
216,1,DeepFashion2,../fashion_data/raw/train/train/image/169170.jpg,1,2,21.98446122929454,preprocess+forward+postprocess
216,2,DeepFashion2,../fashion_data/raw/train/train/image/169170.jpg,1,2,22.4934839643538,preprocess+forward+postprocess
216,3,DeepFashion2,../fashion_data/raw/train/train/image/169170.jpg,1,2,23.779649287462234,preprocess+forward+postprocess
216,4,DeepFashion2,../fashion_data/raw/train/train/image/169170.jpg,1,2,22.05080632120371,preprocess+forward+postprocess
216,5,DeepFashion2,../fashion_data/raw/train/train/image/169170.jpg,1,2,22.008876781910658,preprocess+forward+postprocess
217,1,DeepFashion2,../fashion_data/raw/train/train/image/170129.jpg,1,4,28.103154618293047,preprocess+forward+postprocess
217,2,DeepFashion2,../fashion_data/raw/train/train/image/170129.jpg,1,4,26.633251924067736,preprocess+forward+postprocess
217,3,DeepFashion2,../fashion_data/raw/train/train/image/170129.jpg,1,4,27.37780101597309,preprocess+forward+postprocess
217,4,DeepFashion2,../fashion_data/raw/train/train/image/170129.jpg,1,4,26.872884947806597,preprocess+forward+postprocess
217,5,DeepFashion2,../fashion_data/raw/train/train/image/170129.jpg,1,4,26.65171679109335,preprocess+forward+postprocess
218,1,DeepFashion2,../fashion_data/raw/train/train/image/170967.jpg,1,3,24.535981006920338,preprocess+forward+postprocess
218,2,DeepFashion2,../fashion_data/raw/train/train/image/170967.jpg,1,3,24.959973990917206,preprocess+forward+postprocess
218,3,DeepFashion2,../fashion_data/raw/train/train/image/170967.jpg,1,3,24.35792377218604,preprocess+forward+postprocess
218,4,DeepFashion2,../fashion_data/raw/train/train/image/170967.jpg,1,3,24.375746957957745,preprocess+forward+postprocess
218,5,DeepFashion2,../fashion_data/raw/train/train/image/170967.jpg,1,3,24.357452988624573,preprocess+forward+postprocess
219,1,DeepFashion2,../fashion_data/raw/train/train/image/173516.jpg,1,3,24.835809133946896,preprocess+forward+postprocess
219,2,DeepFashion2,../fashion_data/raw/train/train/image/173516.jpg,1,3,40.02928314730525,preprocess+forward+postprocess
219,3,DeepFashion2,../fashion_data/raw/train/train/image/173516.jpg,1,3,24.032847955822945,preprocess+forward+postprocess
219,4,DeepFashion2,../fashion_data/raw/train/train/image/173516.jpg,1,3,24.131825659424067,preprocess+forward+postprocess
219,5,DeepFashion2,../fashion_data/raw/train/train/image/173516.jpg,1,3,40.64914723858237,preprocess+forward+postprocess
220,1,DeepFashion2,../fashion_data/raw/train/train/image/174532.jpg,1,0,18.116959370672703,preprocess+forward+postprocess
220,2,DeepFashion2,../fashion_data/raw/train/train/image/174532.jpg,1,0,18.032268155366182,preprocess+forward+postprocess
220,3,DeepFashion2,../fashion_data/raw/train/train/image/174532.jpg,1,0,18.010005820542574,preprocess+forward+postprocess
220,4,DeepFashion2,../fashion_data/raw/train/train/image/174532.jpg,1,0,17.897091805934906,preprocess+forward+postprocess
220,5,DeepFashion2,../fashion_data/raw/train/train/image/174532.jpg,1,0,17.391426023095846,preprocess+forward+postprocess
221,1,DeepFashion2,../fashion_data/raw/train/train/image/174644.jpg,1,8,28.24134612455964,preprocess+forward+postprocess
221,2,DeepFashion2,../fashion_data/raw/train/train/image/174644.jpg,1,8,29.52195005491376,preprocess+forward+postprocess
221,3,DeepFashion2,../fashion_data/raw/train/train/image/174644.jpg,1,8,28.653335757553577,preprocess+forward+postprocess
221,4,DeepFashion2,../fashion_data/raw/train/train/image/174644.jpg,1,8,28.70282018557191,preprocess+forward+postprocess
221,5,DeepFashion2,../fashion_data/raw/train/train/image/174644.jpg,1,8,29.541969299316406,preprocess+forward+postprocess
222,1,DeepFashion2,../fashion_data/raw/train/train/image/176028.jpg,1,3,21.76502626389265,preprocess+forward+postprocess
222,2,DeepFashion2,../fashion_data/raw/train/train/image/176028.jpg,1,3,21.296439226716757,preprocess+forward+postprocess
222,3,DeepFashion2,../fashion_data/raw/train/train/image/176028.jpg,1,3,21.186981350183487,preprocess+forward+postprocess
222,4,DeepFashion2,../fashion_data/raw/train/train/image/176028.jpg,1,3,21.119574084877968,preprocess+forward+postprocess
222,5,DeepFashion2,../fashion_data/raw/train/train/image/176028.jpg,1,3,21.65728062391281,preprocess+forward+postprocess
223,1,DeepFashion2,../fashion_data/raw/train/train/image/176387.jpg,1,9,94.41399294883013,preprocess+forward+postprocess
223,2,DeepFashion2,../fashion_data/raw/train/train/image/176387.jpg,1,9,91.67853463441133,preprocess+forward+postprocess
223,3,DeepFashion2,../fashion_data/raw/train/train/image/176387.jpg,1,9,90.90422932058573,preprocess+forward+postprocess
223,4,DeepFashion2,../fashion_data/raw/train/train/image/176387.jpg,1,9,92.15424628928304,preprocess+forward+postprocess
223,5,DeepFashion2,../fashion_data/raw/train/train/image/176387.jpg,1,9,93.1952060200274,preprocess+forward+postprocess
224,1,DeepFashion2,../fashion_data/raw/train/train/image/176527.jpg,1,3,45.945883728563786,preprocess+forward+postprocess
224,2,DeepFashion2,../fashion_data/raw/train/train/image/176527.jpg,1,3,29.612320940941572,preprocess+forward+postprocess
224,3,DeepFashion2,../fashion_data/raw/train/train/image/176527.jpg,1,3,28.924949932843447,preprocess+forward+postprocess
224,4,DeepFashion2,../fashion_data/raw/train/train/image/176527.jpg,1,3,29.73751863464713,preprocess+forward+postprocess
224,5,DeepFashion2,../fashion_data/raw/train/train/image/176527.jpg,1,3,31.27584094181657,preprocess+forward+postprocess
225,1,DeepFashion2,../fashion_data/raw/train/train/image/177014.jpg,1,0,20.476996898651123,preprocess+forward+postprocess
225,2,DeepFashion2,../fashion_data/raw/train/train/image/177014.jpg,1,0,19.965599291026592,preprocess+forward+postprocess
225,3,DeepFashion2,../fashion_data/raw/train/train/image/177014.jpg,1,0,19.627137575298548,preprocess+forward+postprocess
225,4,DeepFashion2,../fashion_data/raw/train/train/image/177014.jpg,1,0,33.54911366477609,preprocess+forward+postprocess
225,5,DeepFashion2,../fashion_data/raw/train/train/image/177014.jpg,1,0,20.472237840294838,preprocess+forward+postprocess
226,1,DeepFashion2,../fashion_data/raw/train/train/image/177143.jpg,1,4,28.496960178017616,preprocess+forward+postprocess
226,2,DeepFashion2,../fashion_data/raw/train/train/image/177143.jpg,1,4,28.260471764951944,preprocess+forward+postprocess
226,3,DeepFashion2,../fashion_data/raw/train/train/image/177143.jpg,1,4,28.35784712806344,preprocess+forward+postprocess
226,4,DeepFashion2,../fashion_data/raw/train/train/image/177143.jpg,1,4,28.224203269928694,preprocess+forward+postprocess
226,5,DeepFashion2,../fashion_data/raw/train/train/image/177143.jpg,1,4,28.435793705284595,preprocess+forward+postprocess
227,1,DeepFashion2,../fashion_data/raw/train/train/image/178531.jpg,1,0,20.02191497012973,preprocess+forward+postprocess
227,2,DeepFashion2,../fashion_data/raw/train/train/image/178531.jpg,1,0,34.69953313469887,preprocess+forward+postprocess
227,3,DeepFashion2,../fashion_data/raw/train/train/image/178531.jpg,1,0,35.330877639353275,preprocess+forward+postprocess
227,4,DeepFashion2,../fashion_data/raw/train/train/image/178531.jpg,1,0,19.09898826852441,preprocess+forward+postprocess
227,5,DeepFashion2,../fashion_data/raw/train/train/image/178531.jpg,1,0,19.38162324950099,preprocess+forward+postprocess
228,1,DeepFashion2,../fashion_data/raw/train/train/image/179042.jpg,1,12,140.31109493225813,preprocess+forward+postprocess
228,2,DeepFashion2,../fashion_data/raw/train/train/image/179042.jpg,1,12,122.77702894061804,preprocess+forward+postprocess
228,3,DeepFashion2,../fashion_data/raw/train/train/image/179042.jpg,1,12,122.91276687756181,preprocess+forward+postprocess
228,4,DeepFashion2,../fashion_data/raw/train/train/image/179042.jpg,1,12,123.87313414365053,preprocess+forward+postprocess
228,5,DeepFashion2,../fashion_data/raw/train/train/image/179042.jpg,1,12,125.62387762591243,preprocess+forward+postprocess
229,1,DeepFashion2,../fashion_data/raw/train/train/image/179047.jpg,1,10,133.75076511874795,preprocess+forward+postprocess
229,2,DeepFashion2,../fashion_data/raw/train/train/image/179047.jpg,1,10,133.52488679811358,preprocess+forward+postprocess
229,3,DeepFashion2,../fashion_data/raw/train/train/image/179047.jpg,1,10,148.29139225184917,preprocess+forward+postprocess
229,4,DeepFashion2,../fashion_data/raw/train/train/image/179047.jpg,1,10,132.88974482566118,preprocess+forward+postprocess
229,5,DeepFashion2,../fashion_data/raw/train/train/image/179047.jpg,1,10,141.80985232815146,preprocess+forward+postprocess
230,1,DeepFashion2,../fashion_data/raw/train/train/image/179803.jpg,1,4,27.34949765726924,preprocess+forward+postprocess
230,2,DeepFashion2,../fashion_data/raw/train/train/image/179803.jpg,1,4,24.154528975486755,preprocess+forward+postprocess
230,3,DeepFashion2,../fashion_data/raw/train/train/image/179803.jpg,1,4,30.936348251998425,preprocess+forward+postprocess
230,4,DeepFashion2,../fashion_data/raw/train/train/image/179803.jpg,1,4,24.071873165667057,preprocess+forward+postprocess
230,5,DeepFashion2,../fashion_data/raw/train/train/image/179803.jpg,1,4,23.82631693035364,preprocess+forward+postprocess
231,1,DeepFashion2,../fashion_data/raw/train/train/image/180680.jpg,1,6,100.13647703453898,preprocess+forward+postprocess
231,2,DeepFashion2,../fashion_data/raw/train/train/image/180680.jpg,1,6,94.9714477173984,preprocess+forward+postprocess
231,3,DeepFashion2,../fashion_data/raw/train/train/image/180680.jpg,1,6,107.95845510438085,preprocess+forward+postprocess
231,4,DeepFashion2,../fashion_data/raw/train/train/image/180680.jpg,1,6,109.51046319678426,preprocess+forward+postprocess
231,5,DeepFashion2,../fashion_data/raw/train/train/image/180680.jpg,1,6,109.00111775845289,preprocess+forward+postprocess
232,1,DeepFashion2,../fashion_data/raw/train/train/image/181040.jpg,1,7,81.48659812286496,preprocess+forward+postprocess
232,2,DeepFashion2,../fashion_data/raw/train/train/image/181040.jpg,1,7,81.09064912423491,preprocess+forward+postprocess
232,3,DeepFashion2,../fashion_data/raw/train/train/image/181040.jpg,1,7,79.9371050670743,preprocess+forward+postprocess
232,4,DeepFashion2,../fashion_data/raw/train/train/image/181040.jpg,1,7,84.40669719129801,preprocess+forward+postprocess
232,5,DeepFashion2,../fashion_data/raw/train/train/image/181040.jpg,1,7,86.37533336877823,preprocess+forward+postprocess
233,1,DeepFashion2,../fashion_data/raw/train/train/image/181324.jpg,1,3,39.94064498692751,preprocess+forward+postprocess
233,2,DeepFashion2,../fashion_data/raw/train/train/image/181324.jpg,1,3,25.006671901792288,preprocess+forward+postprocess
233,3,DeepFashion2,../fashion_data/raw/train/train/image/181324.jpg,1,3,24.703547824174166,preprocess+forward+postprocess
233,4,DeepFashion2,../fashion_data/raw/train/train/image/181324.jpg,1,3,24.81147227808833,preprocess+forward+postprocess
233,5,DeepFashion2,../fashion_data/raw/train/train/image/181324.jpg,1,3,24.55144003033638,preprocess+forward+postprocess
234,1,DeepFashion2,../fashion_data/raw/train/train/image/181559.jpg,1,10,122.12589615955949,preprocess+forward+postprocess
234,2,DeepFashion2,../fashion_data/raw/train/train/image/181559.jpg,1,10,126.11747207120061,preprocess+forward+postprocess
234,3,DeepFashion2,../fashion_data/raw/train/train/image/181559.jpg,1,10,125.52342796698213,preprocess+forward+postprocess
234,4,DeepFashion2,../fashion_data/raw/train/train/image/181559.jpg,1,10,126.27941928803921,preprocess+forward+postprocess
234,5,DeepFashion2,../fashion_data/raw/train/train/image/181559.jpg,1,10,127.51096999272704,preprocess+forward+postprocess
235,1,DeepFashion2,../fashion_data/raw/train/train/image/183131.jpg,1,2,23.00015278160572,preprocess+forward+postprocess
235,2,DeepFashion2,../fashion_data/raw/train/train/image/183131.jpg,1,2,22.14429434388876,preprocess+forward+postprocess
235,3,DeepFashion2,../fashion_data/raw/train/train/image/183131.jpg,1,2,21.911392454057932,preprocess+forward+postprocess
235,4,DeepFashion2,../fashion_data/raw/train/train/image/183131.jpg,1,2,22.517369128763676,preprocess+forward+postprocess
235,5,DeepFashion2,../fashion_data/raw/train/train/image/183131.jpg,1,2,21.975353360176086,preprocess+forward+postprocess
236,1,DeepFashion2,../fashion_data/raw/train/train/image/183243.jpg,1,3,22.453449200838804,preprocess+forward+postprocess
236,2,DeepFashion2,../fashion_data/raw/train/train/image/183243.jpg,1,3,23.003849666565657,preprocess+forward+postprocess
236,3,DeepFashion2,../fashion_data/raw/train/train/image/183243.jpg,1,3,22.559870034456253,preprocess+forward+postprocess
236,4,DeepFashion2,../fashion_data/raw/train/train/image/183243.jpg,1,3,22.24259963259101,preprocess+forward+postprocess
236,5,DeepFashion2,../fashion_data/raw/train/train/image/183243.jpg,1,3,22.53653621301055,preprocess+forward+postprocess
237,1,DeepFashion2,../fashion_data/raw/train/train/image/184161.jpg,1,5,27.949413284659386,preprocess+forward+postprocess
237,2,DeepFashion2,../fashion_data/raw/train/train/image/184161.jpg,1,5,28.157165739685297,preprocess+forward+postprocess
237,3,DeepFashion2,../fashion_data/raw/train/train/image/184161.jpg,1,5,27.973027899861336,preprocess+forward+postprocess
237,4,DeepFashion2,../fashion_data/raw/train/train/image/184161.jpg,1,5,33.88938866555691,preprocess+forward+postprocess
237,5,DeepFashion2,../fashion_data/raw/train/train/image/184161.jpg,1,5,27.904648799449205,preprocess+forward+postprocess
238,1,DeepFashion2,../fashion_data/raw/train/train/image/185467.jpg,1,6,25.303362868726254,preprocess+forward+postprocess
238,2,DeepFashion2,../fashion_data/raw/train/train/image/185467.jpg,1,6,25.484947953373194,preprocess+forward+postprocess
238,3,DeepFashion2,../fashion_data/raw/train/train/image/185467.jpg,1,6,25.79158777371049,preprocess+forward+postprocess
238,4,DeepFashion2,../fashion_data/raw/train/train/image/185467.jpg,1,6,26.097957976162434,preprocess+forward+postprocess
238,5,DeepFashion2,../fashion_data/raw/train/train/image/185467.jpg,1,6,26.20752528309822,preprocess+forward+postprocess
239,1,DeepFashion2,../fashion_data/raw/train/train/image/186306.jpg,1,11,71.43087079748511,preprocess+forward+postprocess
239,2,DeepFashion2,../fashion_data/raw/train/train/image/186306.jpg,1,11,94.64620100334287,preprocess+forward+postprocess
239,3,DeepFashion2,../fashion_data/raw/train/train/image/186306.jpg,1,11,86.26627689227462,preprocess+forward+postprocess
239,4,DeepFashion2,../fashion_data/raw/train/train/image/186306.jpg,1,11,76.78138092160225,preprocess+forward+postprocess
239,5,DeepFashion2,../fashion_data/raw/train/train/image/186306.jpg,1,11,66.97470368817449,preprocess+forward+postprocess
240,1,DeepFashion2,../fashion_data/raw/train/train/image/186391.jpg,1,3,22.88064733147621,preprocess+forward+postprocess
240,2,DeepFashion2,../fashion_data/raw/train/train/image/186391.jpg,1,3,23.107606917619705,preprocess+forward+postprocess
240,3,DeepFashion2,../fashion_data/raw/train/train/image/186391.jpg,1,3,22.713641170412302,preprocess+forward+postprocess
240,4,DeepFashion2,../fashion_data/raw/train/train/image/186391.jpg,1,3,24.194784928113222,preprocess+forward+postprocess
240,5,DeepFashion2,../fashion_data/raw/train/train/image/186391.jpg,1,3,23.25592702254653,preprocess+forward+postprocess
241,1,DeepFashion2,../fashion_data/raw/train/train/image/187397.jpg,1,3,29.132372699677944,preprocess+forward+postprocess
241,2,DeepFashion2,../fashion_data/raw/train/train/image/187397.jpg,1,3,28.05836033076048,preprocess+forward+postprocess
241,3,DeepFashion2,../fashion_data/raw/train/train/image/187397.jpg,1,3,28.76190096139908,preprocess+forward+postprocess
241,4,DeepFashion2,../fashion_data/raw/train/train/image/187397.jpg,1,3,28.400405775755644,preprocess+forward+postprocess
241,5,DeepFashion2,../fashion_data/raw/train/train/image/187397.jpg,1,3,27.981352992355824,preprocess+forward+postprocess
242,1,DeepFashion2,../fashion_data/raw/train/train/image/187422.jpg,1,10,93.44980726018548,preprocess+forward+postprocess
242,2,DeepFashion2,../fashion_data/raw/train/train/image/187422.jpg,1,10,108.89082914218307,preprocess+forward+postprocess
242,3,DeepFashion2,../fashion_data/raw/train/train/image/187422.jpg,1,10,94.71866907551885,preprocess+forward+postprocess
242,4,DeepFashion2,../fashion_data/raw/train/train/image/187422.jpg,1,10,94.2669128999114,preprocess+forward+postprocess
242,5,DeepFashion2,../fashion_data/raw/train/train/image/187422.jpg,1,10,95.8663010969758,preprocess+forward+postprocess
243,1,DeepFashion2,../fashion_data/raw/train/train/image/187488.jpg,1,4,26.117745321244,preprocess+forward+postprocess
243,2,DeepFashion2,../fashion_data/raw/train/train/image/187488.jpg,1,4,25.22228006273508,preprocess+forward+postprocess
243,3,DeepFashion2,../fashion_data/raw/train/train/image/187488.jpg,1,4,25.570538826286793,preprocess+forward+postprocess
243,4,DeepFashion2,../fashion_data/raw/train/train/image/187488.jpg,1,4,26.489570271223783,preprocess+forward+postprocess
243,5,DeepFashion2,../fashion_data/raw/train/train/image/187488.jpg,1,4,25.779405143111944,preprocess+forward+postprocess
244,1,DeepFashion2,../fashion_data/raw/train/train/image/187981.jpg,1,7,65.24037104099989,preprocess+forward+postprocess
244,2,DeepFashion2,../fashion_data/raw/train/train/image/187981.jpg,1,7,65.08275307714939,preprocess+forward+postprocess
244,3,DeepFashion2,../fashion_data/raw/train/train/image/187981.jpg,1,7,65.71200396865606,preprocess+forward+postprocess
244,4,DeepFashion2,../fashion_data/raw/train/train/image/187981.jpg,1,7,65.64050912857056,preprocess+forward+postprocess
244,5,DeepFashion2,../fashion_data/raw/train/train/image/187981.jpg,1,7,66.94684224203229,preprocess+forward+postprocess
245,1,DeepFashion2,../fashion_data/raw/train/train/image/189034.jpg,1,6,89.72714887931943,preprocess+forward+postprocess
245,2,DeepFashion2,../fashion_data/raw/train/train/image/189034.jpg,1,6,81.24842727556825,preprocess+forward+postprocess
245,3,DeepFashion2,../fashion_data/raw/train/train/image/189034.jpg,1,6,97.43952006101608,preprocess+forward+postprocess
245,4,DeepFashion2,../fashion_data/raw/train/train/image/189034.jpg,1,6,84.48546472936869,preprocess+forward+postprocess
245,5,DeepFashion2,../fashion_data/raw/train/train/image/189034.jpg,1,6,98.12456602230668,preprocess+forward+postprocess
246,1,DeepFashion2,../fashion_data/raw/train/train/image/189186.jpg,1,6,41.46916791796684,preprocess+forward+postprocess
246,2,DeepFashion2,../fashion_data/raw/train/train/image/189186.jpg,1,6,42.07934299483895,preprocess+forward+postprocess
246,3,DeepFashion2,../fashion_data/raw/train/train/image/189186.jpg,1,6,52.871353924274445,preprocess+forward+postprocess
246,4,DeepFashion2,../fashion_data/raw/train/train/image/189186.jpg,1,6,36.09834983944893,preprocess+forward+postprocess
246,5,DeepFashion2,../fashion_data/raw/train/train/image/189186.jpg,1,6,46.566377859562635,preprocess+forward+postprocess
247,1,DeepFashion2,../fashion_data/raw/train/train/image/189305.jpg,1,6,31.086842995136976,preprocess+forward+postprocess
247,2,DeepFashion2,../fashion_data/raw/train/train/image/189305.jpg,1,6,35.827967803925276,preprocess+forward+postprocess
247,3,DeepFashion2,../fashion_data/raw/train/train/image/189305.jpg,1,6,28.125395998358727,preprocess+forward+postprocess
247,4,DeepFashion2,../fashion_data/raw/train/train/image/189305.jpg,1,6,28.055523987859488,preprocess+forward+postprocess
247,5,DeepFashion2,../fashion_data/raw/train/train/image/189305.jpg,1,6,28.647284023463726,preprocess+forward+postprocess
248,1,DeepFashion2,../fashion_data/raw/train/train/image/189928.jpg,1,10,109.41653372719884,preprocess+forward+postprocess
248,2,DeepFashion2,../fashion_data/raw/train/train/image/189928.jpg,1,10,98.18988014012575,preprocess+forward+postprocess
248,3,DeepFashion2,../fashion_data/raw/train/train/image/189928.jpg,1,10,98.59075862914324,preprocess+forward+postprocess
248,4,DeepFashion2,../fashion_data/raw/train/train/image/189928.jpg,1,10,94.9479821138084,preprocess+forward+postprocess
248,5,DeepFashion2,../fashion_data/raw/train/train/image/189928.jpg,1,10,105.0197402946651,preprocess+forward+postprocess
249,1,DeepFashion2,../fashion_data/raw/train/train/image/191328.jpg,1,9,90.41797602549195,preprocess+forward+postprocess
249,2,DeepFashion2,../fashion_data/raw/train/train/image/191328.jpg,1,9,102.4525398388505,preprocess+forward+postprocess
249,3,DeepFashion2,../fashion_data/raw/train/train/image/191328.jpg,1,9,97.89669467136264,preprocess+forward+postprocess
249,4,DeepFashion2,../fashion_data/raw/train/train/image/191328.jpg,1,9,85.36437898874283,preprocess+forward+postprocess
249,5,DeepFashion2,../fashion_data/raw/train/train/image/191328.jpg,1,9,86.32843382656574,preprocess+forward+postprocess
250,1,Fashionpedia,../fashion_data/raw/fashionpedia/images/test/0205895cfbb5348d94fda8ce32272fa5.jpg,1,7,97.67082706093788,preprocess+forward+postprocess
250,2,Fashionpedia,../fashion_data/raw/fashionpedia/images/test/0205895cfbb5348d94fda8ce32272fa5.jpg,1,7,100.9305389598012,preprocess+forward+postprocess
250,3,Fashionpedia,../fashion_data/raw/fashionpedia/images/test/0205895cfbb5348d94fda8ce32272fa5.jpg,1,7,99.6900899335742,preprocess+forward+postprocess
250,4,Fashionpedia,../fashion_data/raw/fashionpedia/images/test/0205895cfbb5348d94fda8ce32272fa5.jpg,1,7,100.46188114210963,preprocess+forward+postprocess
250,5,Fashionpedia,../fashion_data/raw/fashionpedia/images/test/0205895cfbb5348d94fda8ce32272fa5.jpg,1,7,114.76755375042558,preprocess+forward+postprocess
251,1,Fashionpedia,../fashion_data/raw/fashionpedia/images/test/02b4423e161fa2409974174ec53cdb2a.jpg,1,8,77.38680578768253,preprocess+forward+postprocess
251,2,Fashionpedia,../fashion_data/raw/fashionpedia/images/test/02b4423e161fa2409974174ec53cdb2a.jpg,1,8,70.33945387229323,preprocess+forward+postprocess
251,3,Fashionpedia,../fashion_data/raw/fashionpedia/images/test/02b4423e161fa2409974174ec53cdb2a.jpg,1,8,69.43969009444118,preprocess+forward+postprocess
251,4,Fashionpedia,../fashion_data/raw/fashionpedia/images/test/02b4423e161fa2409974174ec53cdb2a.jpg,1,8,68.84546531364322,preprocess+forward+postprocess
251,5,Fashionpedia,../fashion_data/raw/fashionpedia/images/test/02b4423e161fa2409974174ec53cdb2a.jpg,1,8,68.21011286228895,preprocess+forward+postprocess
252,1,Fashionpedia,../fashion_data/raw/fashionpedia/images/test/030cfd158b49ff622c71bdf9aa30f39a.jpg,1,6,72.43022322654724,preprocess+forward+postprocess
252,2,Fashionpedia,../fashion_data/raw/fashionpedia/images/test/030cfd158b49ff622c71bdf9aa30f39a.jpg,1,6,70.79917378723621,preprocess+forward+postprocess
252,3,Fashionpedia,../fashion_data/raw/fashionpedia/images/test/030cfd158b49ff622c71bdf9aa30f39a.jpg,1,6,71.00275997072458,preprocess+forward+postprocess
252,4,Fashionpedia,../fashion_data/raw/fashionpedia/images/test/030cfd158b49ff622c71bdf9aa30f39a.jpg,1,6,71.15818420425057,preprocess+forward+postprocess
252,5,Fashionpedia,../fashion_data/raw/fashionpedia/images/test/030cfd158b49ff622c71bdf9aa30f39a.jpg,1,6,86.43812080845237,preprocess+forward+postprocess
253,1,Fashionpedia,../fashion_data/raw/fashionpedia/images/test/0544acba02e8776a56fde74f83633c21.jpg,1,8,145.5880720168352,preprocess+forward+postprocess
253,2,Fashionpedia,../fashion_data/raw/fashionpedia/images/test/0544acba02e8776a56fde74f83633c21.jpg,1,8,95.87561804801226,preprocess+forward+postprocess
253,3,Fashionpedia,../fashion_data/raw/fashionpedia/images/test/0544acba02e8776a56fde74f83633c21.jpg,1,8,96.19258809834719,preprocess+forward+postprocess
253,4,Fashionpedia,../fashion_data/raw/fashionpedia/images/test/0544acba02e8776a56fde74f83633c21.jpg,1,8,94.82915699481964,preprocess+forward+postprocess
253,5,Fashionpedia,../fashion_data/raw/fashionpedia/images/test/0544acba02e8776a56fde74f83633c21.jpg,1,8,94.88676581531763,preprocess+forward+postprocess
254,1,Fashionpedia,../fashion_data/raw/fashionpedia/images/test/0548e689638d1e559179b34bc895b72f.jpg,1,7,115.1952431537211,preprocess+forward+postprocess
254,2,Fashionpedia,../fashion_data/raw/fashionpedia/images/test/0548e689638d1e559179b34bc895b72f.jpg,1,7,119.4510399363935,preprocess+forward+postprocess
254,3,Fashionpedia,../fashion_data/raw/fashionpedia/images/test/0548e689638d1e559179b34bc895b72f.jpg,1,7,116.28969479352236,preprocess+forward+postprocess
254,4,Fashionpedia,../fashion_data/raw/fashionpedia/images/test/0548e689638d1e559179b34bc895b72f.jpg,1,7,118.26130794361234,preprocess+forward+postprocess
254,5,Fashionpedia,../fashion_data/raw/fashionpedia/images/test/0548e689638d1e559179b34bc895b72f.jpg,1,7,118.26393287628889,preprocess+forward+postprocess
255,1,Fashionpedia,../fashion_data/raw/fashionpedia/images/test/0617757485dad98ded988c6e101c8bf2.jpg,1,6,103.49898971617222,preprocess+forward+postprocess
255,2,Fashionpedia,../fashion_data/raw/fashionpedia/images/test/0617757485dad98ded988c6e101c8bf2.jpg,1,6,105.21701304242015,preprocess+forward+postprocess
255,3,Fashionpedia,../fashion_data/raw/fashionpedia/images/test/0617757485dad98ded988c6e101c8bf2.jpg,1,6,107.73017117753625,preprocess+forward+postprocess
255,4,Fashionpedia,../fashion_data/raw/fashionpedia/images/test/0617757485dad98ded988c6e101c8bf2.jpg,1,6,106.2764092348516,preprocess+forward+postprocess
255,5,Fashionpedia,../fashion_data/raw/fashionpedia/images/test/0617757485dad98ded988c6e101c8bf2.jpg,1,6,105.31163215637207,preprocess+forward+postprocess
256,1,Fashionpedia,../fashion_data/raw/fashionpedia/images/test/064c8022b32931e787260d81ed5aafe8.jpg,1,7,64.90007601678371,preprocess+forward+postprocess
256,2,Fashionpedia,../fashion_data/raw/fashionpedia/images/test/064c8022b32931e787260d81ed5aafe8.jpg,1,7,78.31440214067698,preprocess+forward+postprocess
256,3,Fashionpedia,../fashion_data/raw/fashionpedia/images/test/064c8022b32931e787260d81ed5aafe8.jpg,1,7,73.27765598893166,preprocess+forward+postprocess
256,4,Fashionpedia,../fashion_data/raw/fashionpedia/images/test/064c8022b32931e787260d81ed5aafe8.jpg,1,7,76.12183969467878,preprocess+forward+postprocess
256,5,Fashionpedia,../fashion_data/raw/fashionpedia/images/test/064c8022b32931e787260d81ed5aafe8.jpg,1,7,76.08529180288315,preprocess+forward+postprocess
257,1,Fashionpedia,../fashion_data/raw/fashionpedia/images/test/069223d02dcbfbe69af905daeb7fae26.jpg,1,8,87.61976892128587,preprocess+forward+postprocess
257,2,Fashionpedia,../fashion_data/raw/fashionpedia/images/test/069223d02dcbfbe69af905daeb7fae26.jpg,1,8,91.48398274555802,preprocess+forward+postprocess
257,3,Fashionpedia,../fashion_data/raw/fashionpedia/images/test/069223d02dcbfbe69af905daeb7fae26.jpg,1,8,93.17924315109849,preprocess+forward+postprocess
257,4,Fashionpedia,../fashion_data/raw/fashionpedia/images/test/069223d02dcbfbe69af905daeb7fae26.jpg,1,8,81.46705012768507,preprocess+forward+postprocess
257,5,Fashionpedia,../fashion_data/raw/fashionpedia/images/test/069223d02dcbfbe69af905daeb7fae26.jpg,1,8,93.17285101860762,preprocess+forward+postprocess
258,1,Fashionpedia,../fashion_data/raw/fashionpedia/images/test/0a4aae5ecd970a120bfcc6b377b6e187.jpg,1,9,99.58898788318038,preprocess+forward+postprocess
258,2,Fashionpedia,../fashion_data/raw/fashionpedia/images/test/0a4aae5ecd970a120bfcc6b377b6e187.jpg,1,9,91.11914271488786,preprocess+forward+postprocess
258,3,Fashionpedia,../fashion_data/raw/fashionpedia/images/test/0a4aae5ecd970a120bfcc6b377b6e187.jpg,1,9,97.218360286206,preprocess+forward+postprocess
258,4,Fashionpedia,../fashion_data/raw/fashionpedia/images/test/0a4aae5ecd970a120bfcc6b377b6e187.jpg,1,9,98.99398079141974,preprocess+forward+postprocess
258,5,Fashionpedia,../fashion_data/raw/fashionpedia/images/test/0a4aae5ecd970a120bfcc6b377b6e187.jpg,1,9,93.13199296593666,preprocess+forward+postprocess
259,1,Fashionpedia,../fashion_data/raw/fashionpedia/images/test/0a563d036018e91cd9b5899adb50ec18.jpg,1,6,33.882935997098684,preprocess+forward+postprocess
259,2,Fashionpedia,../fashion_data/raw/fashionpedia/images/test/0a563d036018e91cd9b5899adb50ec18.jpg,1,6,31.923154834657907,preprocess+forward+postprocess
259,3,Fashionpedia,../fashion_data/raw/fashionpedia/images/test/0a563d036018e91cd9b5899adb50ec18.jpg,1,6,47.44277615100145,preprocess+forward+postprocess
259,4,Fashionpedia,../fashion_data/raw/fashionpedia/images/test/0a563d036018e91cd9b5899adb50ec18.jpg,1,6,46.988136135041714,preprocess+forward+postprocess
259,5,Fashionpedia,../fashion_data/raw/fashionpedia/images/test/0a563d036018e91cd9b5899adb50ec18.jpg,1,6,35.83606285974383,preprocess+forward+postprocess
260,1,Fashionpedia,../fashion_data/raw/fashionpedia/images/test/0b915f1e29a2e2dacf96aacd3cb6a3cc.jpg,1,5,32.28642325848341,preprocess+forward+postprocess
260,2,Fashionpedia,../fashion_data/raw/fashionpedia/images/test/0b915f1e29a2e2dacf96aacd3cb6a3cc.jpg,1,5,33.12301728874445,preprocess+forward+postprocess
260,3,Fashionpedia,../fashion_data/raw/fashionpedia/images/test/0b915f1e29a2e2dacf96aacd3cb6a3cc.jpg,1,5,32.27321896702051,preprocess+forward+postprocess
260,4,Fashionpedia,../fashion_data/raw/fashionpedia/images/test/0b915f1e29a2e2dacf96aacd3cb6a3cc.jpg,1,5,32.18764578923583,preprocess+forward+postprocess
260,5,Fashionpedia,../fashion_data/raw/fashionpedia/images/test/0b915f1e29a2e2dacf96aacd3cb6a3cc.jpg,1,5,34.027500078082085,preprocess+forward+postprocess
261,1,Fashionpedia,../fashion_data/raw/fashionpedia/images/test/0ba0216e6879f8b433d0897a77cff984.jpg,1,7,81.031474750489,preprocess+forward+postprocess
261,2,Fashionpedia,../fashion_data/raw/fashionpedia/images/test/0ba0216e6879f8b433d0897a77cff984.jpg,1,7,80.90261137112975,preprocess+forward+postprocess
261,3,Fashionpedia,../fashion_data/raw/fashionpedia/images/test/0ba0216e6879f8b433d0897a77cff984.jpg,1,7,81.7758240737021,preprocess+forward+postprocess
261,4,Fashionpedia,../fashion_data/raw/fashionpedia/images/test/0ba0216e6879f8b433d0897a77cff984.jpg,1,7,80.43154003098607,preprocess+forward+postprocess
261,5,Fashionpedia,../fashion_data/raw/fashionpedia/images/test/0ba0216e6879f8b433d0897a77cff984.jpg,1,7,95.0046987272799,preprocess+forward+postprocess
262,1,Fashionpedia,../fashion_data/raw/fashionpedia/images/test/0c6cf79ffbf7f14a266d0f0f21219447.jpg,1,9,62.681305687874556,preprocess+forward+postprocess
262,2,Fashionpedia,../fashion_data/raw/fashionpedia/images/test/0c6cf79ffbf7f14a266d0f0f21219447.jpg,1,9,59.6507778391242,preprocess+forward+postprocess
262,3,Fashionpedia,../fashion_data/raw/fashionpedia/images/test/0c6cf79ffbf7f14a266d0f0f21219447.jpg,1,9,59.62487915530801,preprocess+forward+postprocess
262,4,Fashionpedia,../fashion_data/raw/fashionpedia/images/test/0c6cf79ffbf7f14a266d0f0f21219447.jpg,1,9,62.06572009250522,preprocess+forward+postprocess
262,5,Fashionpedia,../fashion_data/raw/fashionpedia/images/test/0c6cf79ffbf7f14a266d0f0f21219447.jpg,1,9,60.47602090984583,preprocess+forward+postprocess
263,1,Fashionpedia,../fashion_data/raw/fashionpedia/images/test/0e5ecf98835cbd0dddd1b45c788005c3.jpg,1,4,53.883148822933435,preprocess+forward+postprocess
263,2,Fashionpedia,../fashion_data/raw/fashionpedia/images/test/0e5ecf98835cbd0dddd1b45c788005c3.jpg,1,4,38.35602384060621,preprocess+forward+postprocess
263,3,Fashionpedia,../fashion_data/raw/fashionpedia/images/test/0e5ecf98835cbd0dddd1b45c788005c3.jpg,1,4,48.789044842123985,preprocess+forward+postprocess
263,4,Fashionpedia,../fashion_data/raw/fashionpedia/images/test/0e5ecf98835cbd0dddd1b45c788005c3.jpg,1,4,55.09854992851615,preprocess+forward+postprocess
263,5,Fashionpedia,../fashion_data/raw/fashionpedia/images/test/0e5ecf98835cbd0dddd1b45c788005c3.jpg,1,4,48.747585620731115,preprocess+forward+postprocess
264,1,Fashionpedia,../fashion_data/raw/fashionpedia/images/test/0ff1ad48b959df32af38f42cef26d361.jpg,1,10,44.52163586392999,preprocess+forward+postprocess
264,2,Fashionpedia,../fashion_data/raw/fashionpedia/images/test/0ff1ad48b959df32af38f42cef26d361.jpg,1,10,42.870861012488604,preprocess+forward+postprocess
264,3,Fashionpedia,../fashion_data/raw/fashionpedia/images/test/0ff1ad48b959df32af38f42cef26d361.jpg,1,10,109.12575200200081,preprocess+forward+postprocess
264,4,Fashionpedia,../fashion_data/raw/fashionpedia/images/test/0ff1ad48b959df32af38f42cef26d361.jpg,1,10,81.77110459655523,preprocess+forward+postprocess
264,5,Fashionpedia,../fashion_data/raw/fashionpedia/images/test/0ff1ad48b959df32af38f42cef26d361.jpg,1,10,82.80956093221903,preprocess+forward+postprocess
265,1,Fashionpedia,../fashion_data/raw/fashionpedia/images/test/18b2f32e876170304b2b6860ae127ba5.jpg,1,5,31.942832749336958,preprocess+forward+postprocess
265,2,Fashionpedia,../fashion_data/raw/fashionpedia/images/test/18b2f32e876170304b2b6860ae127ba5.jpg,1,5,31.565579120069742,preprocess+forward+postprocess
265,3,Fashionpedia,../fashion_data/raw/fashionpedia/images/test/18b2f32e876170304b2b6860ae127ba5.jpg,1,5,31.586799304932356,preprocess+forward+postprocess
265,4,Fashionpedia,../fashion_data/raw/fashionpedia/images/test/18b2f32e876170304b2b6860ae127ba5.jpg,1,5,47.61100513860583,preprocess+forward+postprocess
265,5,Fashionpedia,../fashion_data/raw/fashionpedia/images/test/18b2f32e876170304b2b6860ae127ba5.jpg,1,5,31.03834018111229,preprocess+forward+postprocess
266,1,Fashionpedia,../fashion_data/raw/fashionpedia/images/test/18c07033fd67225df16d98e9f6975fc9.jpg,1,10,123.64281481131911,preprocess+forward+postprocess
266,2,Fashionpedia,../fashion_data/raw/fashionpedia/images/test/18c07033fd67225df16d98e9f6975fc9.jpg,1,10,102.85456897690892,preprocess+forward+postprocess
266,3,Fashionpedia,../fashion_data/raw/fashionpedia/images/test/18c07033fd67225df16d98e9f6975fc9.jpg,1,10,107.26022021844983,preprocess+forward+postprocess
266,4,Fashionpedia,../fashion_data/raw/fashionpedia/images/test/18c07033fd67225df16d98e9f6975fc9.jpg,1,10,118.10668371617794,preprocess+forward+postprocess
266,5,Fashionpedia,../fashion_data/raw/fashionpedia/images/test/18c07033fd67225df16d98e9f6975fc9.jpg,1,10,102.91156684979796,preprocess+forward+postprocess
267,1,Fashionpedia,../fashion_data/raw/fashionpedia/images/test/19b88ca66e3ab754d3b6aa7d5e2f0a83.jpg,1,4,66.60172808915377,preprocess+forward+postprocess
267,2,Fashionpedia,../fashion_data/raw/fashionpedia/images/test/19b88ca66e3ab754d3b6aa7d5e2f0a83.jpg,1,4,65.81713212653995,preprocess+forward+postprocess
267,3,Fashionpedia,../fashion_data/raw/fashionpedia/images/test/19b88ca66e3ab754d3b6aa7d5e2f0a83.jpg,1,4,66.32644589990377,preprocess+forward+postprocess
267,4,Fashionpedia,../fashion_data/raw/fashionpedia/images/test/19b88ca66e3ab754d3b6aa7d5e2f0a83.jpg,1,4,67.69209075719118,preprocess+forward+postprocess
267,5,Fashionpedia,../fashion_data/raw/fashionpedia/images/test/19b88ca66e3ab754d3b6aa7d5e2f0a83.jpg,1,4,80.9121890924871,preprocess+forward+postprocess
268,1,Fashionpedia,../fashion_data/raw/fashionpedia/images/test/1c1b439e448879f805e8c827605ec96b.jpg,1,5,101.35382832959294,preprocess+forward+postprocess
268,2,Fashionpedia,../fashion_data/raw/fashionpedia/images/test/1c1b439e448879f805e8c827605ec96b.jpg,1,5,102.08477219566703,preprocess+forward+postprocess
268,3,Fashionpedia,../fashion_data/raw/fashionpedia/images/test/1c1b439e448879f805e8c827605ec96b.jpg,1,5,119.90515887737274,preprocess+forward+postprocess
268,4,Fashionpedia,../fashion_data/raw/fashionpedia/images/test/1c1b439e448879f805e8c827605ec96b.jpg,1,5,103.89628075063229,preprocess+forward+postprocess
268,5,Fashionpedia,../fashion_data/raw/fashionpedia/images/test/1c1b439e448879f805e8c827605ec96b.jpg,1,5,103.31307724118233,preprocess+forward+postprocess
269,1,Fashionpedia,../fashion_data/raw/fashionpedia/images/test/1e54ccbc575eac627de68b221913fc52.jpg,1,5,87.5968337059021,preprocess+forward+postprocess
269,2,Fashionpedia,../fashion_data/raw/fashionpedia/images/test/1e54ccbc575eac627de68b221913fc52.jpg,1,5,88.45182275399566,preprocess+forward+postprocess
269,3,Fashionpedia,../fashion_data/raw/fashionpedia/images/test/1e54ccbc575eac627de68b221913fc52.jpg,1,5,86.92649519070983,preprocess+forward+postprocess
269,4,Fashionpedia,../fashion_data/raw/fashionpedia/images/test/1e54ccbc575eac627de68b221913fc52.jpg,1,5,91.06081072241068,preprocess+forward+postprocess
269,5,Fashionpedia,../fashion_data/raw/fashionpedia/images/test/1e54ccbc575eac627de68b221913fc52.jpg,1,5,89.84264498576522,preprocess+forward+postprocess
270,1,Fashionpedia,../fashion_data/raw/fashionpedia/images/test/1ee26a858200fa98bef04c950dad233a.jpg,1,10,60.4611118324101,preprocess+forward+postprocess
270,2,Fashionpedia,../fashion_data/raw/fashionpedia/images/test/1ee26a858200fa98bef04c950dad233a.jpg,1,10,71.3380635716021,preprocess+forward+postprocess
270,3,Fashionpedia,../fashion_data/raw/fashionpedia/images/test/1ee26a858200fa98bef04c950dad233a.jpg,1,10,68.09752807021141,preprocess+forward+postprocess
270,4,Fashionpedia,../fashion_data/raw/fashionpedia/images/test/1ee26a858200fa98bef04c950dad233a.jpg,1,10,74.47215681895614,preprocess+forward+postprocess
270,5,Fashionpedia,../fashion_data/raw/fashionpedia/images/test/1ee26a858200fa98bef04c950dad233a.jpg,1,10,72.2094839438796,preprocess+forward+postprocess
271,1,Fashionpedia,../fashion_data/raw/fashionpedia/images/test/1f1e21e9d1206809d4f20ef5e6d2ddef.jpg,1,9,92.7707590162754,preprocess+forward+postprocess
271,2,Fashionpedia,../fashion_data/raw/fashionpedia/images/test/1f1e21e9d1206809d4f20ef5e6d2ddef.jpg,1,9,83.68603000417352,preprocess+forward+postprocess
271,3,Fashionpedia,../fashion_data/raw/fashionpedia/images/test/1f1e21e9d1206809d4f20ef5e6d2ddef.jpg,1,9,98.52108499035239,preprocess+forward+postprocess
271,4,Fashionpedia,../fashion_data/raw/fashionpedia/images/test/1f1e21e9d1206809d4f20ef5e6d2ddef.jpg,1,9,82.00754271820188,preprocess+forward+postprocess
271,5,Fashionpedia,../fashion_data/raw/fashionpedia/images/test/1f1e21e9d1206809d4f20ef5e6d2ddef.jpg,1,9,95.87306203320622,preprocess+forward+postprocess
272,1,Fashionpedia,../fashion_data/raw/fashionpedia/images/test/1f6b96f7f298903a77fa747ea4fe8840.jpg,1,10,106.94417078047991,preprocess+forward+postprocess
272,2,Fashionpedia,../fashion_data/raw/fashionpedia/images/test/1f6b96f7f298903a77fa747ea4fe8840.jpg,1,10,48.765200190246105,preprocess+forward+postprocess
272,3,Fashionpedia,../fashion_data/raw/fashionpedia/images/test/1f6b96f7f298903a77fa747ea4fe8840.jpg,1,10,78.58480187132955,preprocess+forward+postprocess
272,4,Fashionpedia,../fashion_data/raw/fashionpedia/images/test/1f6b96f7f298903a77fa747ea4fe8840.jpg,1,10,77.59875524789095,preprocess+forward+postprocess
272,5,Fashionpedia,../fashion_data/raw/fashionpedia/images/test/1f6b96f7f298903a77fa747ea4fe8840.jpg,1,10,76.44827803596854,preprocess+forward+postprocess
273,1,Fashionpedia,../fashion_data/raw/fashionpedia/images/test/1fd63362ced55967a97a324928583339.jpg,1,8,115.69886514917016,preprocess+forward+postprocess
273,2,Fashionpedia,../fashion_data/raw/fashionpedia/images/test/1fd63362ced55967a97a324928583339.jpg,1,8,115.0267431512475,preprocess+forward+postprocess
273,3,Fashionpedia,../fashion_data/raw/fashionpedia/images/test/1fd63362ced55967a97a324928583339.jpg,1,8,114.60724798962474,preprocess+forward+postprocess
273,4,Fashionpedia,../fashion_data/raw/fashionpedia/images/test/1fd63362ced55967a97a324928583339.jpg,1,8,117.06386925652623,preprocess+forward+postprocess
273,5,Fashionpedia,../fashion_data/raw/fashionpedia/images/test/1fd63362ced55967a97a324928583339.jpg,1,8,115.40731275454164,preprocess+forward+postprocess
274,1,Fashionpedia,../fashion_data/raw/fashionpedia/images/test/219a6c846e208bbad39f71ddab96408a.jpg,1,10,97.2469630651176,preprocess+forward+postprocess
274,2,Fashionpedia,../fashion_data/raw/fashionpedia/images/test/219a6c846e208bbad39f71ddab96408a.jpg,1,10,96.38574160635471,preprocess+forward+postprocess
274,3,Fashionpedia,../fashion_data/raw/fashionpedia/images/test/219a6c846e208bbad39f71ddab96408a.jpg,1,10,96.67323715984821,preprocess+forward+postprocess
274,4,Fashionpedia,../fashion_data/raw/fashionpedia/images/test/219a6c846e208bbad39f71ddab96408a.jpg,1,10,100.15472723171115,preprocess+forward+postprocess
274,5,Fashionpedia,../fashion_data/raw/fashionpedia/images/test/219a6c846e208bbad39f71ddab96408a.jpg,1,10,98.41678710654378,preprocess+forward+postprocess
275,1,Fashionpedia,../fashion_data/raw/fashionpedia/images/test/25e92d53394ac92b6b9edbbfe7cb0e1e.jpg,1,4,30.858970247209072,preprocess+forward+postprocess
275,2,Fashionpedia,../fashion_data/raw/fashionpedia/images/test/25e92d53394ac92b6b9edbbfe7cb0e1e.jpg,1,4,30.907461885362864,preprocess+forward+postprocess
275,3,Fashionpedia,../fashion_data/raw/fashionpedia/images/test/25e92d53394ac92b6b9edbbfe7cb0e1e.jpg,1,4,31.29662899300456,preprocess+forward+postprocess
275,4,Fashionpedia,../fashion_data/raw/fashionpedia/images/test/25e92d53394ac92b6b9edbbfe7cb0e1e.jpg,1,4,30.30167520046234,preprocess+forward+postprocess
275,5,Fashionpedia,../fashion_data/raw/fashionpedia/images/test/25e92d53394ac92b6b9edbbfe7cb0e1e.jpg,1,4,30.888976994901896,preprocess+forward+postprocess
276,1,Fashionpedia,../fashion_data/raw/fashionpedia/images/test/25fb92c0d8ca2d4d159bfcd674b484d8.jpg,1,4,31.110577285289764,preprocess+forward+postprocess
276,2,Fashionpedia,../fashion_data/raw/fashionpedia/images/test/25fb92c0d8ca2d4d159bfcd674b484d8.jpg,1,4,30.854240991175175,preprocess+forward+postprocess
276,3,Fashionpedia,../fashion_data/raw/fashionpedia/images/test/25fb92c0d8ca2d4d159bfcd674b484d8.jpg,1,4,45.83581304177642,preprocess+forward+postprocess
276,4,Fashionpedia,../fashion_data/raw/fashionpedia/images/test/25fb92c0d8ca2d4d159bfcd674b484d8.jpg,1,4,37.51484118402004,preprocess+forward+postprocess
276,5,Fashionpedia,../fashion_data/raw/fashionpedia/images/test/25fb92c0d8ca2d4d159bfcd674b484d8.jpg,1,4,29.75171385332942,preprocess+forward+postprocess
277,1,Fashionpedia,../fashion_data/raw/fashionpedia/images/test/26168da8556dab9641084df526c39ced.jpg,1,10,95.62011295929551,preprocess+forward+postprocess
277,2,Fashionpedia,../fashion_data/raw/fashionpedia/images/test/26168da8556dab9641084df526c39ced.jpg,1,10,110.36165012046695,preprocess+forward+postprocess
277,3,Fashionpedia,../fashion_data/raw/fashionpedia/images/test/26168da8556dab9641084df526c39ced.jpg,1,10,109.6494016237557,preprocess+forward+postprocess
277,4,Fashionpedia,../fashion_data/raw/fashionpedia/images/test/26168da8556dab9641084df526c39ced.jpg,1,10,96.23500565066934,preprocess+forward+postprocess
277,5,Fashionpedia,../fashion_data/raw/fashionpedia/images/test/26168da8556dab9641084df526c39ced.jpg,1,10,96.72195790335536,preprocess+forward+postprocess
278,1,Fashionpedia,../fashion_data/raw/fashionpedia/images/test/2aa229d7589a06e59c4eb1f05162f9ab.jpg,1,9,103.71574806049466,preprocess+forward+postprocess
278,2,Fashionpedia,../fashion_data/raw/fashionpedia/images/test/2aa229d7589a06e59c4eb1f05162f9ab.jpg,1,9,37.781866267323494,preprocess+forward+postprocess
278,3,Fashionpedia,../fashion_data/raw/fashionpedia/images/test/2aa229d7589a06e59c4eb1f05162f9ab.jpg,1,9,46.01456178352237,preprocess+forward+postprocess
278,4,Fashionpedia,../fashion_data/raw/fashionpedia/images/test/2aa229d7589a06e59c4eb1f05162f9ab.jpg,1,9,34.074127208441496,preprocess+forward+postprocess
278,5,Fashionpedia,../fashion_data/raw/fashionpedia/images/test/2aa229d7589a06e59c4eb1f05162f9ab.jpg,1,9,34.47496611624956,preprocess+forward+postprocess
279,1,Fashionpedia,../fashion_data/raw/fashionpedia/images/test/2bb3700b00be0b5dc63b73da24501546.jpg,1,5,73.63208709284663,preprocess+forward+postprocess
279,2,Fashionpedia,../fashion_data/raw/fashionpedia/images/test/2bb3700b00be0b5dc63b73da24501546.jpg,1,5,76.07713527977467,preprocess+forward+postprocess
279,3,Fashionpedia,../fashion_data/raw/fashionpedia/images/test/2bb3700b00be0b5dc63b73da24501546.jpg,1,5,72.24718388170004,preprocess+forward+postprocess
279,4,Fashionpedia,../fashion_data/raw/fashionpedia/images/test/2bb3700b00be0b5dc63b73da24501546.jpg,1,5,85.59349086135626,preprocess+forward+postprocess
279,5,Fashionpedia,../fashion_data/raw/fashionpedia/images/test/2bb3700b00be0b5dc63b73da24501546.jpg,1,5,72.6893711835146,preprocess+forward+postprocess
280,1,Fashionpedia,../fashion_data/raw/fashionpedia/images/test/33a5bdedbd732f7fdd89d558b78707ef.jpg,1,9,43.52518916130066,preprocess+forward+postprocess
280,2,Fashionpedia,../fashion_data/raw/fashionpedia/images/test/33a5bdedbd732f7fdd89d558b78707ef.jpg,1,9,37.182962987571955,preprocess+forward+postprocess
280,3,Fashionpedia,../fashion_data/raw/fashionpedia/images/test/33a5bdedbd732f7fdd89d558b78707ef.jpg,1,9,43.9712330698967,preprocess+forward+postprocess
280,4,Fashionpedia,../fashion_data/raw/fashionpedia/images/test/33a5bdedbd732f7fdd89d558b78707ef.jpg,1,9,79.20838287100196,preprocess+forward+postprocess
280,5,Fashionpedia,../fashion_data/raw/fashionpedia/images/test/33a5bdedbd732f7fdd89d558b78707ef.jpg,1,9,68.70977720245719,preprocess+forward+postprocess
281,1,Fashionpedia,../fashion_data/raw/fashionpedia/images/test/33e7a5f7f47b7bb2bf6d3549eedde5fd.jpg,1,2,52.914264146238565,preprocess+forward+postprocess
281,2,Fashionpedia,../fashion_data/raw/fashionpedia/images/test/33e7a5f7f47b7bb2bf6d3549eedde5fd.jpg,1,2,38.91654405742884,preprocess+forward+postprocess
281,3,Fashionpedia,../fashion_data/raw/fashionpedia/images/test/33e7a5f7f47b7bb2bf6d3549eedde5fd.jpg,1,2,28.96160865202546,preprocess+forward+postprocess
281,4,Fashionpedia,../fashion_data/raw/fashionpedia/images/test/33e7a5f7f47b7bb2bf6d3549eedde5fd.jpg,1,2,29.714653734117746,preprocess+forward+postprocess
281,5,Fashionpedia,../fashion_data/raw/fashionpedia/images/test/33e7a5f7f47b7bb2bf6d3549eedde5fd.jpg,1,2,30.683577992022038,preprocess+forward+postprocess
282,1,Fashionpedia,../fashion_data/raw/fashionpedia/images/test/3421d3316a1b5e3e0eba67a600201806.jpg,1,3,35.638959147036076,preprocess+forward+postprocess
282,2,Fashionpedia,../fashion_data/raw/fashionpedia/images/test/3421d3316a1b5e3e0eba67a600201806.jpg,1,3,31.529198866337538,preprocess+forward+postprocess
282,3,Fashionpedia,../fashion_data/raw/fashionpedia/images/test/3421d3316a1b5e3e0eba67a600201806.jpg,1,3,31.095257960259914,preprocess+forward+postprocess
282,4,Fashionpedia,../fashion_data/raw/fashionpedia/images/test/3421d3316a1b5e3e0eba67a600201806.jpg,1,3,30.601342674344778,preprocess+forward+postprocess
282,5,Fashionpedia,../fashion_data/raw/fashionpedia/images/test/3421d3316a1b5e3e0eba67a600201806.jpg,1,3,31.465779058635235,preprocess+forward+postprocess
283,1,Fashionpedia,../fashion_data/raw/fashionpedia/images/test/347c5d77fb5cea10e3bb9d604b40e141.jpg,1,3,81.07331395149231,preprocess+forward+postprocess
283,2,Fashionpedia,../fashion_data/raw/fashionpedia/images/test/347c5d77fb5cea10e3bb9d604b40e141.jpg,1,3,70.34335983917117,preprocess+forward+postprocess
283,3,Fashionpedia,../fashion_data/raw/fashionpedia/images/test/347c5d77fb5cea10e3bb9d604b40e141.jpg,1,3,70.91683568432927,preprocess+forward+postprocess
283,4,Fashionpedia,../fashion_data/raw/fashionpedia/images/test/347c5d77fb5cea10e3bb9d604b40e141.jpg,1,3,70.81144582480192,preprocess+forward+postprocess
283,5,Fashionpedia,../fashion_data/raw/fashionpedia/images/test/347c5d77fb5cea10e3bb9d604b40e141.jpg,1,3,71.34380377829075,preprocess+forward+postprocess
284,1,Fashionpedia,../fashion_data/raw/fashionpedia/images/test/35980d446169c38a1ebe02324dc0df36.jpg,1,4,74.20013099908829,preprocess+forward+postprocess
284,2,Fashionpedia,../fashion_data/raw/fashionpedia/images/test/35980d446169c38a1ebe02324dc0df36.jpg,1,4,62.34363513067365,preprocess+forward+postprocess
284,3,Fashionpedia,../fashion_data/raw/fashionpedia/images/test/35980d446169c38a1ebe02324dc0df36.jpg,1,4,62.441280111670494,preprocess+forward+postprocess
284,4,Fashionpedia,../fashion_data/raw/fashionpedia/images/test/35980d446169c38a1ebe02324dc0df36.jpg,1,4,62.46925285086036,preprocess+forward+postprocess
284,5,Fashionpedia,../fashion_data/raw/fashionpedia/images/test/35980d446169c38a1ebe02324dc0df36.jpg,1,4,63.9222739264369,preprocess+forward+postprocess
285,1,Fashionpedia,../fashion_data/raw/fashionpedia/images/test/387a049fc5d151a2c6c2444a44211d5c.jpg,1,1,23.715597111731768,preprocess+forward+postprocess
285,2,Fashionpedia,../fashion_data/raw/fashionpedia/images/test/387a049fc5d151a2c6c2444a44211d5c.jpg,1,1,23.552998900413513,preprocess+forward+postprocess
285,3,Fashionpedia,../fashion_data/raw/fashionpedia/images/test/387a049fc5d151a2c6c2444a44211d5c.jpg,1,1,23.49931839853525,preprocess+forward+postprocess
285,4,Fashionpedia,../fashion_data/raw/fashionpedia/images/test/387a049fc5d151a2c6c2444a44211d5c.jpg,1,1,22.88259007036686,preprocess+forward+postprocess
285,5,Fashionpedia,../fashion_data/raw/fashionpedia/images/test/387a049fc5d151a2c6c2444a44211d5c.jpg,1,1,22.769645787775517,preprocess+forward+postprocess
286,1,Fashionpedia,../fashion_data/raw/fashionpedia/images/test/3990300351c44307a56a9263b1d9f346.jpg,1,7,41.04120563715696,preprocess+forward+postprocess
286,2,Fashionpedia,../fashion_data/raw/fashionpedia/images/test/3990300351c44307a56a9263b1d9f346.jpg,1,7,34.684733022004366,preprocess+forward+postprocess
286,3,Fashionpedia,../fashion_data/raw/fashionpedia/images/test/3990300351c44307a56a9263b1d9f346.jpg,1,7,35.33365158364177,preprocess+forward+postprocess
286,4,Fashionpedia,../fashion_data/raw/fashionpedia/images/test/3990300351c44307a56a9263b1d9f346.jpg,1,7,34.73545890301466,preprocess+forward+postprocess
286,5,Fashionpedia,../fashion_data/raw/fashionpedia/images/test/3990300351c44307a56a9263b1d9f346.jpg,1,7,34.6123157069087,preprocess+forward+postprocess
287,1,Fashionpedia,../fashion_data/raw/fashionpedia/images/test/3a363533069e4150d6fd215abb73dd08.jpg,1,11,90.4196472838521,preprocess+forward+postprocess
287,2,Fashionpedia,../fashion_data/raw/fashionpedia/images/test/3a363533069e4150d6fd215abb73dd08.jpg,1,11,89.84380681067705,preprocess+forward+postprocess
287,3,Fashionpedia,../fashion_data/raw/fashionpedia/images/test/3a363533069e4150d6fd215abb73dd08.jpg,1,11,89.22732900828123,preprocess+forward+postprocess
287,4,Fashionpedia,../fashion_data/raw/fashionpedia/images/test/3a363533069e4150d6fd215abb73dd08.jpg,1,11,89.03338201344013,preprocess+forward+postprocess
287,5,Fashionpedia,../fashion_data/raw/fashionpedia/images/test/3a363533069e4150d6fd215abb73dd08.jpg,1,11,89.64057173579931,preprocess+forward+postprocess
288,1,Fashionpedia,../fashion_data/raw/fashionpedia/images/test/3ae36909e5aa4ad018b2601797debf94.jpg,1,8,59.72213204950094,preprocess+forward+postprocess
288,2,Fashionpedia,../fashion_data/raw/fashionpedia/images/test/3ae36909e5aa4ad018b2601797debf94.jpg,1,8,83.42462405562401,preprocess+forward+postprocess
288,3,Fashionpedia,../fashion_data/raw/fashionpedia/images/test/3ae36909e5aa4ad018b2601797debf94.jpg,1,8,93.06222992017865,preprocess+forward+postprocess
288,4,Fashionpedia,../fashion_data/raw/fashionpedia/images/test/3ae36909e5aa4ad018b2601797debf94.jpg,1,8,94.28898198530078,preprocess+forward+postprocess
288,5,Fashionpedia,../fashion_data/raw/fashionpedia/images/test/3ae36909e5aa4ad018b2601797debf94.jpg,1,8,79.4546278193593,preprocess+forward+postprocess
289,1,Fashionpedia,../fashion_data/raw/fashionpedia/images/test/3c9135567d29729161aa465507e5efad.jpg,1,3,59.036714024841785,preprocess+forward+postprocess
289,2,Fashionpedia,../fashion_data/raw/fashionpedia/images/test/3c9135567d29729161aa465507e5efad.jpg,1,3,58.805587235838175,preprocess+forward+postprocess
289,3,Fashionpedia,../fashion_data/raw/fashionpedia/images/test/3c9135567d29729161aa465507e5efad.jpg,1,3,59.349988121539354,preprocess+forward+postprocess
289,4,Fashionpedia,../fashion_data/raw/fashionpedia/images/test/3c9135567d29729161aa465507e5efad.jpg,1,3,58.69205202907324,preprocess+forward+postprocess
289,5,Fashionpedia,../fashion_data/raw/fashionpedia/images/test/3c9135567d29729161aa465507e5efad.jpg,1,3,59.42133208736777,preprocess+forward+postprocess
290,1,Fashionpedia,../fashion_data/raw/fashionpedia/images/test/3c9745ee71fdc72c43f9baec5f9e27f0.jpg,1,13,129.4017951004207,preprocess+forward+postprocess
290,2,Fashionpedia,../fashion_data/raw/fashionpedia/images/test/3c9745ee71fdc72c43f9baec5f9e27f0.jpg,1,13,118.29655105248094,preprocess+forward+postprocess
290,3,Fashionpedia,../fashion_data/raw/fashionpedia/images/test/3c9745ee71fdc72c43f9baec5f9e27f0.jpg,1,13,122.062420938164,preprocess+forward+postprocess
290,4,Fashionpedia,../fashion_data/raw/fashionpedia/images/test/3c9745ee71fdc72c43f9baec5f9e27f0.jpg,1,13,125.16408320516348,preprocess+forward+postprocess
290,5,Fashionpedia,../fashion_data/raw/fashionpedia/images/test/3c9745ee71fdc72c43f9baec5f9e27f0.jpg,1,13,136.55343418940902,preprocess+forward+postprocess
291,1,Fashionpedia,../fashion_data/raw/fashionpedia/images/test/3ce04e48660ed6d21aee863f674486b7.jpg,1,9,148.31479033455253,preprocess+forward+postprocess
291,2,Fashionpedia,../fashion_data/raw/fashionpedia/images/test/3ce04e48660ed6d21aee863f674486b7.jpg,1,9,144.711519125849,preprocess+forward+postprocess
291,3,Fashionpedia,../fashion_data/raw/fashionpedia/images/test/3ce04e48660ed6d21aee863f674486b7.jpg,1,9,144.24246083945036,preprocess+forward+postprocess
291,4,Fashionpedia,../fashion_data/raw/fashionpedia/images/test/3ce04e48660ed6d21aee863f674486b7.jpg,1,9,144.05894232913852,preprocess+forward+postprocess
291,5,Fashionpedia,../fashion_data/raw/fashionpedia/images/test/3ce04e48660ed6d21aee863f674486b7.jpg,1,9,157.07507403567433,preprocess+forward+postprocess
292,1,Fashionpedia,../fashion_data/raw/fashionpedia/images/test/3d2c62435d6f70d51721670bc5e60ad2.jpg,1,5,66.43104320392013,preprocess+forward+postprocess
292,2,Fashionpedia,../fashion_data/raw/fashionpedia/images/test/3d2c62435d6f70d51721670bc5e60ad2.jpg,1,5,70.54715510457754,preprocess+forward+postprocess
292,3,Fashionpedia,../fashion_data/raw/fashionpedia/images/test/3d2c62435d6f70d51721670bc5e60ad2.jpg,1,5,69.83928475528955,preprocess+forward+postprocess
292,4,Fashionpedia,../fashion_data/raw/fashionpedia/images/test/3d2c62435d6f70d51721670bc5e60ad2.jpg,1,5,70.01131074503064,preprocess+forward+postprocess
292,5,Fashionpedia,../fashion_data/raw/fashionpedia/images/test/3d2c62435d6f70d51721670bc5e60ad2.jpg,1,5,70.03241078928113,preprocess+forward+postprocess
293,1,Fashionpedia,../fashion_data/raw/fashionpedia/images/test/420f153001eb2e37269ae974b9f7665e.jpg,1,4,75.15799393877387,preprocess+forward+postprocess
293,2,Fashionpedia,../fashion_data/raw/fashionpedia/images/test/420f153001eb2e37269ae974b9f7665e.jpg,1,4,76.72920869663358,preprocess+forward+postprocess
293,3,Fashionpedia,../fashion_data/raw/fashionpedia/images/test/420f153001eb2e37269ae974b9f7665e.jpg,1,4,78.88564094901085,preprocess+forward+postprocess
293,4,Fashionpedia,../fashion_data/raw/fashionpedia/images/test/420f153001eb2e37269ae974b9f7665e.jpg,1,4,75.93436306342483,preprocess+forward+postprocess
293,5,Fashionpedia,../fashion_data/raw/fashionpedia/images/test/420f153001eb2e37269ae974b9f7665e.jpg,1,4,76.37970661744475,preprocess+forward+postprocess
294,1,Fashionpedia,../fashion_data/raw/fashionpedia/images/test/42668f83c24465ba79d25eb2a8790050.jpg,1,6,70.29019761830568,preprocess+forward+postprocess
294,2,Fashionpedia,../fashion_data/raw/fashionpedia/images/test/42668f83c24465ba79d25eb2a8790050.jpg,1,6,73.49980529397726,preprocess+forward+postprocess
294,3,Fashionpedia,../fashion_data/raw/fashionpedia/images/test/42668f83c24465ba79d25eb2a8790050.jpg,1,6,57.85532807931304,preprocess+forward+postprocess
294,4,Fashionpedia,../fashion_data/raw/fashionpedia/images/test/42668f83c24465ba79d25eb2a8790050.jpg,1,6,49.81724079698324,preprocess+forward+postprocess
294,5,Fashionpedia,../fashion_data/raw/fashionpedia/images/test/42668f83c24465ba79d25eb2a8790050.jpg,1,6,47.43825597688556,preprocess+forward+postprocess
295,1,Fashionpedia,../fashion_data/raw/fashionpedia/images/test/474d53c6c7a10c536cb49d55104211bf.jpg,1,7,99.60869327187538,preprocess+forward+postprocess
295,2,Fashionpedia,../fashion_data/raw/fashionpedia/images/test/474d53c6c7a10c536cb49d55104211bf.jpg,1,7,101.25637194141746,preprocess+forward+postprocess
295,3,Fashionpedia,../fashion_data/raw/fashionpedia/images/test/474d53c6c7a10c536cb49d55104211bf.jpg,1,7,100.76259728521109,preprocess+forward+postprocess
295,4,Fashionpedia,../fashion_data/raw/fashionpedia/images/test/474d53c6c7a10c536cb49d55104211bf.jpg,1,7,105.96307087689638,preprocess+forward+postprocess
295,5,Fashionpedia,../fashion_data/raw/fashionpedia/images/test/474d53c6c7a10c536cb49d55104211bf.jpg,1,7,108.12849132344127,preprocess+forward+postprocess
296,1,Fashionpedia,../fashion_data/raw/fashionpedia/images/test/4a218fbe91f6d17267cdbb255d4d8900.jpg,1,8,190.9482697956264,preprocess+forward+postprocess
296,2,Fashionpedia,../fashion_data/raw/fashionpedia/images/test/4a218fbe91f6d17267cdbb255d4d8900.jpg,1,8,199.11919813603163,preprocess+forward+postprocess
296,3,Fashionpedia,../fashion_data/raw/fashionpedia/images/test/4a218fbe91f6d17267cdbb255d4d8900.jpg,1,8,195.72032429277897,preprocess+forward+postprocess
296,4,Fashionpedia,../fashion_data/raw/fashionpedia/images/test/4a218fbe91f6d17267cdbb255d4d8900.jpg,1,8,205.27886925265193,preprocess+forward+postprocess
296,5,Fashionpedia,../fashion_data/raw/fashionpedia/images/test/4a218fbe91f6d17267cdbb255d4d8900.jpg,1,8,187.94058496132493,preprocess+forward+postprocess
297,1,Fashionpedia,../fashion_data/raw/fashionpedia/images/test/4aa62ca489ce6e163ca8400d4c96b569.jpg,1,5,44.48714992031455,preprocess+forward+postprocess
297,2,Fashionpedia,../fashion_data/raw/fashionpedia/images/test/4aa62ca489ce6e163ca8400d4c96b569.jpg,1,5,46.196436043828726,preprocess+forward+postprocess
297,3,Fashionpedia,../fashion_data/raw/fashionpedia/images/test/4aa62ca489ce6e163ca8400d4c96b569.jpg,1,5,32.16725727543235,preprocess+forward+postprocess
297,4,Fashionpedia,../fashion_data/raw/fashionpedia/images/test/4aa62ca489ce6e163ca8400d4c96b569.jpg,1,5,37.901120726019144,preprocess+forward+postprocess
297,5,Fashionpedia,../fashion_data/raw/fashionpedia/images/test/4aa62ca489ce6e163ca8400d4c96b569.jpg,1,5,31.70350892469287,preprocess+forward+postprocess
298,1,Fashionpedia,../fashion_data/raw/fashionpedia/images/test/4aa6626a5183e3072b74ee07f75e07b6.jpg,1,9,83.12421385198832,preprocess+forward+postprocess
298,2,Fashionpedia,../fashion_data/raw/fashionpedia/images/test/4aa6626a5183e3072b74ee07f75e07b6.jpg,1,9,87.9563931375742,preprocess+forward+postprocess
298,3,Fashionpedia,../fashion_data/raw/fashionpedia/images/test/4aa6626a5183e3072b74ee07f75e07b6.jpg,1,9,82.62433810159564,preprocess+forward+postprocess
298,4,Fashionpedia,../fashion_data/raw/fashionpedia/images/test/4aa6626a5183e3072b74ee07f75e07b6.jpg,1,9,99.65042071416974,preprocess+forward+postprocess
298,5,Fashionpedia,../fashion_data/raw/fashionpedia/images/test/4aa6626a5183e3072b74ee07f75e07b6.jpg,1,9,82.31616532430053,preprocess+forward+postprocess
299,1,Fashionpedia,../fashion_data/raw/fashionpedia/images/test/4c528816dbb9d5ba947d10b145fcb5f1.jpg,1,9,107.0096930488944,preprocess+forward+postprocess
299,2,Fashionpedia,../fashion_data/raw/fashionpedia/images/test/4c528816dbb9d5ba947d10b145fcb5f1.jpg,1,9,109.32190995663404,preprocess+forward+postprocess
299,3,Fashionpedia,../fashion_data/raw/fashionpedia/images/test/4c528816dbb9d5ba947d10b145fcb5f1.jpg,1,9,105.44687416404486,preprocess+forward+postprocess
299,4,Fashionpedia,../fashion_data/raw/fashionpedia/images/test/4c528816dbb9d5ba947d10b145fcb5f1.jpg,1,9,107.01462207362056,preprocess+forward+postprocess
299,5,Fashionpedia,../fashion_data/raw/fashionpedia/images/test/4c528816dbb9d5ba947d10b145fcb5f1.jpg,1,9,105.46901589259505,preprocess+forward+postprocess
300,1,Fashionpedia,../fashion_data/raw/fashionpedia/images/test/4d200cb316a6260257ce84b37e25161c.jpg,1,8,86.18838526308537,preprocess+forward+postprocess
300,2,Fashionpedia,../fashion_data/raw/fashionpedia/images/test/4d200cb316a6260257ce84b37e25161c.jpg,1,8,86.79754799231887,preprocess+forward+postprocess
300,3,Fashionpedia,../fashion_data/raw/fashionpedia/images/test/4d200cb316a6260257ce84b37e25161c.jpg,1,8,88.26131885871291,preprocess+forward+postprocess
300,4,Fashionpedia,../fashion_data/raw/fashionpedia/images/test/4d200cb316a6260257ce84b37e25161c.jpg,1,8,88.73442467302084,preprocess+forward+postprocess
300,5,Fashionpedia,../fashion_data/raw/fashionpedia/images/test/4d200cb316a6260257ce84b37e25161c.jpg,1,8,87.91972324252129,preprocess+forward+postprocess
301,1,Fashionpedia,../fashion_data/raw/fashionpedia/images/test/5285f0cc22e6b24ebf7597921f1e792f.jpg,1,7,105.95597699284554,preprocess+forward+postprocess
301,2,Fashionpedia,../fashion_data/raw/fashionpedia/images/test/5285f0cc22e6b24ebf7597921f1e792f.jpg,1,7,103.00190607085824,preprocess+forward+postprocess
301,3,Fashionpedia,../fashion_data/raw/fashionpedia/images/test/5285f0cc22e6b24ebf7597921f1e792f.jpg,1,7,109.6084420569241,preprocess+forward+postprocess
301,4,Fashionpedia,../fashion_data/raw/fashionpedia/images/test/5285f0cc22e6b24ebf7597921f1e792f.jpg,1,7,110.79445807263255,preprocess+forward+postprocess
301,5,Fashionpedia,../fashion_data/raw/fashionpedia/images/test/5285f0cc22e6b24ebf7597921f1e792f.jpg,1,7,107.67093440517783,preprocess+forward+postprocess
302,1,Fashionpedia,../fashion_data/raw/fashionpedia/images/test/5335b8ea8a70be860bc310864bc7d8d1.jpg,1,13,65.43424492701888,preprocess+forward+postprocess
302,2,Fashionpedia,../fashion_data/raw/fashionpedia/images/test/5335b8ea8a70be860bc310864bc7d8d1.jpg,1,13,98.14429981634021,preprocess+forward+postprocess
302,3,Fashionpedia,../fashion_data/raw/fashionpedia/images/test/5335b8ea8a70be860bc310864bc7d8d1.jpg,1,13,106.9711297750473,preprocess+forward+postprocess
302,4,Fashionpedia,../fashion_data/raw/fashionpedia/images/test/5335b8ea8a70be860bc310864bc7d8d1.jpg,1,13,93.99081626906991,preprocess+forward+postprocess
302,5,Fashionpedia,../fashion_data/raw/fashionpedia/images/test/5335b8ea8a70be860bc310864bc7d8d1.jpg,1,13,104.35031820088625,preprocess+forward+postprocess
303,1,Fashionpedia,../fashion_data/raw/fashionpedia/images/test/53638f7d3a9adcd5e93a4ade8f1ed552.jpg,1,5,28.5764392465353,preprocess+forward+postprocess
303,2,Fashionpedia,../fashion_data/raw/fashionpedia/images/test/53638f7d3a9adcd5e93a4ade8f1ed552.jpg,1,5,28.84518727660179,preprocess+forward+postprocess
303,3,Fashionpedia,../fashion_data/raw/fashionpedia/images/test/53638f7d3a9adcd5e93a4ade8f1ed552.jpg,1,5,28.235171921551228,preprocess+forward+postprocess
303,4,Fashionpedia,../fashion_data/raw/fashionpedia/images/test/53638f7d3a9adcd5e93a4ade8f1ed552.jpg,1,5,29.062739107757807,preprocess+forward+postprocess
303,5,Fashionpedia,../fashion_data/raw/fashionpedia/images/test/53638f7d3a9adcd5e93a4ade8f1ed552.jpg,1,5,28.551761992275715,preprocess+forward+postprocess
304,1,Fashionpedia,../fashion_data/raw/fashionpedia/images/test/5446d1fd42c4c2baac5bc3ae647b2f7d.jpg,1,3,34.60703510791063,preprocess+forward+postprocess
304,2,Fashionpedia,../fashion_data/raw/fashionpedia/images/test/5446d1fd42c4c2baac5bc3ae647b2f7d.jpg,1,3,27.950043324381113,preprocess+forward+postprocess
304,3,Fashionpedia,../fashion_data/raw/fashionpedia/images/test/5446d1fd42c4c2baac5bc3ae647b2f7d.jpg,1,3,28.092412278056145,preprocess+forward+postprocess
304,4,Fashionpedia,../fashion_data/raw/fashionpedia/images/test/5446d1fd42c4c2baac5bc3ae647b2f7d.jpg,1,3,43.25008811429143,preprocess+forward+postprocess
304,5,Fashionpedia,../fashion_data/raw/fashionpedia/images/test/5446d1fd42c4c2baac5bc3ae647b2f7d.jpg,1,3,28.72007107362151,preprocess+forward+postprocess
305,1,Fashionpedia,../fashion_data/raw/fashionpedia/images/test/590d516a191a9f1013976798dda97d36.jpg,1,7,79.12938063964248,preprocess+forward+postprocess
305,2,Fashionpedia,../fashion_data/raw/fashionpedia/images/test/590d516a191a9f1013976798dda97d36.jpg,1,7,75.1243089325726,preprocess+forward+postprocess
305,3,Fashionpedia,../fashion_data/raw/fashionpedia/images/test/590d516a191a9f1013976798dda97d36.jpg,1,7,80.16783697530627,preprocess+forward+postprocess
305,4,Fashionpedia,../fashion_data/raw/fashionpedia/images/test/590d516a191a9f1013976798dda97d36.jpg,1,7,79.22919001430273,preprocess+forward+postprocess
305,5,Fashionpedia,../fashion_data/raw/fashionpedia/images/test/590d516a191a9f1013976798dda97d36.jpg,1,7,75.35775098949671,preprocess+forward+postprocess
306,1,Fashionpedia,../fashion_data/raw/fashionpedia/images/test/59972d4827e58fd77ceac9dd7f0b42c7.jpg,1,3,31.698007602244616,preprocess+forward+postprocess
306,2,Fashionpedia,../fashion_data/raw/fashionpedia/images/test/59972d4827e58fd77ceac9dd7f0b42c7.jpg,1,3,30.54659767076373,preprocess+forward+postprocess
306,3,Fashionpedia,../fashion_data/raw/fashionpedia/images/test/59972d4827e58fd77ceac9dd7f0b42c7.jpg,1,3,30.19687719643116,preprocess+forward+postprocess
306,4,Fashionpedia,../fashion_data/raw/fashionpedia/images/test/59972d4827e58fd77ceac9dd7f0b42c7.jpg,1,3,31.992545817047358,preprocess+forward+postprocess
306,5,Fashionpedia,../fashion_data/raw/fashionpedia/images/test/59972d4827e58fd77ceac9dd7f0b42c7.jpg,1,3,29.950169380754232,preprocess+forward+postprocess
307,1,Fashionpedia,../fashion_data/raw/fashionpedia/images/test/5ada94993430e73f1e6967d5ce2aecad.jpg,1,7,88.89164309948683,preprocess+forward+postprocess
307,2,Fashionpedia,../fashion_data/raw/fashionpedia/images/test/5ada94993430e73f1e6967d5ce2aecad.jpg,1,7,95.8818863146007,preprocess+forward+postprocess
307,3,Fashionpedia,../fashion_data/raw/fashionpedia/images/test/5ada94993430e73f1e6967d5ce2aecad.jpg,1,7,104.47574593126774,preprocess+forward+postprocess
307,4,Fashionpedia,../fashion_data/raw/fashionpedia/images/test/5ada94993430e73f1e6967d5ce2aecad.jpg,1,7,103.34517480805516,preprocess+forward+postprocess
307,5,Fashionpedia,../fashion_data/raw/fashionpedia/images/test/5ada94993430e73f1e6967d5ce2aecad.jpg,1,7,98.98469969630241,preprocess+forward+postprocess
308,1,Fashionpedia,../fashion_data/raw/fashionpedia/images/test/5d5d3fb33612b0794f06003d8abe2a3e.jpg,1,12,115.6583041884005,preprocess+forward+postprocess
308,2,Fashionpedia,../fashion_data/raw/fashionpedia/images/test/5d5d3fb33612b0794f06003d8abe2a3e.jpg,1,12,118.34180494770408,preprocess+forward+postprocess
308,3,Fashionpedia,../fashion_data/raw/fashionpedia/images/test/5d5d3fb33612b0794f06003d8abe2a3e.jpg,1,12,118.9932287670672,preprocess+forward+postprocess
308,4,Fashionpedia,../fashion_data/raw/fashionpedia/images/test/5d5d3fb33612b0794f06003d8abe2a3e.jpg,1,12,116.78667087107897,preprocess+forward+postprocess
308,5,Fashionpedia,../fashion_data/raw/fashionpedia/images/test/5d5d3fb33612b0794f06003d8abe2a3e.jpg,1,12,118.11988521367311,preprocess+forward+postprocess
309,1,Fashionpedia,../fashion_data/raw/fashionpedia/images/test/5d7f5a1b4d12d8931d03c3e7e1060689.jpg,1,12,156.90454794093966,preprocess+forward+postprocess
309,2,Fashionpedia,../fashion_data/raw/fashionpedia/images/test/5d7f5a1b4d12d8931d03c3e7e1060689.jpg,1,12,156.6703747957945,preprocess+forward+postprocess
309,3,Fashionpedia,../fashion_data/raw/fashionpedia/images/test/5d7f5a1b4d12d8931d03c3e7e1060689.jpg,1,12,154.2663937434554,preprocess+forward+postprocess
309,4,Fashionpedia,../fashion_data/raw/fashionpedia/images/test/5d7f5a1b4d12d8931d03c3e7e1060689.jpg,1,12,159.45823304355145,preprocess+forward+postprocess
309,5,Fashionpedia,../fashion_data/raw/fashionpedia/images/test/5d7f5a1b4d12d8931d03c3e7e1060689.jpg,1,12,161.6477477364242,preprocess+forward+postprocess
310,1,Fashionpedia,../fashion_data/raw/fashionpedia/images/test/5dbc92d79e36f8af3824a776b28b97d0.jpg,1,6,45.39518803358078,preprocess+forward+postprocess
310,2,Fashionpedia,../fashion_data/raw/fashionpedia/images/test/5dbc92d79e36f8af3824a776b28b97d0.jpg,1,6,33.28018309548497,preprocess+forward+postprocess
310,3,Fashionpedia,../fashion_data/raw/fashionpedia/images/test/5dbc92d79e36f8af3824a776b28b97d0.jpg,1,6,33.134778030216694,preprocess+forward+postprocess
310,4,Fashionpedia,../fashion_data/raw/fashionpedia/images/test/5dbc92d79e36f8af3824a776b28b97d0.jpg,1,6,35.97947396337986,preprocess+forward+postprocess
310,5,Fashionpedia,../fashion_data/raw/fashionpedia/images/test/5dbc92d79e36f8af3824a776b28b97d0.jpg,1,6,33.03391672670841,preprocess+forward+postprocess
311,1,Fashionpedia,../fashion_data/raw/fashionpedia/images/test/6469f5b56cb9ab713851fcd9116923c1.jpg,1,6,82.41782570257783,preprocess+forward+postprocess
311,2,Fashionpedia,../fashion_data/raw/fashionpedia/images/test/6469f5b56cb9ab713851fcd9116923c1.jpg,1,6,30.275986064225435,preprocess+forward+postprocess
311,3,Fashionpedia,../fashion_data/raw/fashionpedia/images/test/6469f5b56cb9ab713851fcd9116923c1.jpg,1,6,30.50880692899227,preprocess+forward+postprocess
311,4,Fashionpedia,../fashion_data/raw/fashionpedia/images/test/6469f5b56cb9ab713851fcd9116923c1.jpg,1,6,30.21866688504815,preprocess+forward+postprocess
311,5,Fashionpedia,../fashion_data/raw/fashionpedia/images/test/6469f5b56cb9ab713851fcd9116923c1.jpg,1,6,29.454300180077553,preprocess+forward+postprocess
312,1,Fashionpedia,../fashion_data/raw/fashionpedia/images/test/65cb75a24d64e835888e2824b1baaacc.jpg,1,6,91.620157007128,preprocess+forward+postprocess
312,2,Fashionpedia,../fashion_data/raw/fashionpedia/images/test/65cb75a24d64e835888e2824b1baaacc.jpg,1,6,90.94842616468668,preprocess+forward+postprocess
312,3,Fashionpedia,../fashion_data/raw/fashionpedia/images/test/65cb75a24d64e835888e2824b1baaacc.jpg,1,6,90.47565096989274,preprocess+forward+postprocess
312,4,Fashionpedia,../fashion_data/raw/fashionpedia/images/test/65cb75a24d64e835888e2824b1baaacc.jpg,1,6,100.53182812407613,preprocess+forward+postprocess
312,5,Fashionpedia,../fashion_data/raw/fashionpedia/images/test/65cb75a24d64e835888e2824b1baaacc.jpg,1,6,105.0516851246357,preprocess+forward+postprocess
313,1,Fashionpedia,../fashion_data/raw/fashionpedia/images/test/6612b7476f511c5cd1eb1086f2b7ba39.jpg,1,7,61.13669788464904,preprocess+forward+postprocess
313,2,Fashionpedia,../fashion_data/raw/fashionpedia/images/test/6612b7476f511c5cd1eb1086f2b7ba39.jpg,1,7,97.07222925499082,preprocess+forward+postprocess
313,3,Fashionpedia,../fashion_data/raw/fashionpedia/images/test/6612b7476f511c5cd1eb1086f2b7ba39.jpg,1,7,83.27544992789626,preprocess+forward+postprocess
313,4,Fashionpedia,../fashion_data/raw/fashionpedia/images/test/6612b7476f511c5cd1eb1086f2b7ba39.jpg,1,7,83.64805625751615,preprocess+forward+postprocess
313,5,Fashionpedia,../fashion_data/raw/fashionpedia/images/test/6612b7476f511c5cd1eb1086f2b7ba39.jpg,1,7,95.91706236824393,preprocess+forward+postprocess
314,1,Fashionpedia,../fashion_data/raw/fashionpedia/images/test/6d734ccae856df8a0bf85bb3f658bbbb.jpg,1,7,70.09489694610238,preprocess+forward+postprocess
314,2,Fashionpedia,../fashion_data/raw/fashionpedia/images/test/6d734ccae856df8a0bf85bb3f658bbbb.jpg,1,7,68.79901420325041,preprocess+forward+postprocess
314,3,Fashionpedia,../fashion_data/raw/fashionpedia/images/test/6d734ccae856df8a0bf85bb3f658bbbb.jpg,1,7,68.91213823109865,preprocess+forward+postprocess
314,4,Fashionpedia,../fashion_data/raw/fashionpedia/images/test/6d734ccae856df8a0bf85bb3f658bbbb.jpg,1,7,69.04293596744537,preprocess+forward+postprocess
314,5,Fashionpedia,../fashion_data/raw/fashionpedia/images/test/6d734ccae856df8a0bf85bb3f658bbbb.jpg,1,7,67.73263588547707,preprocess+forward+postprocess
315,1,Fashionpedia,../fashion_data/raw/fashionpedia/images/test/6e2652e279a03035a8a0190ba461d247.jpg,1,6,69.38049476593733,preprocess+forward+postprocess
315,2,Fashionpedia,../fashion_data/raw/fashionpedia/images/test/6e2652e279a03035a8a0190ba461d247.jpg,1,6,74.5066492818296,preprocess+forward+postprocess
315,3,Fashionpedia,../fashion_data/raw/fashionpedia/images/test/6e2652e279a03035a8a0190ba461d247.jpg,1,6,76.01134805008769,preprocess+forward+postprocess
315,4,Fashionpedia,../fashion_data/raw/fashionpedia/images/test/6e2652e279a03035a8a0190ba461d247.jpg,1,6,90.92796687036753,preprocess+forward+postprocess
315,5,Fashionpedia,../fashion_data/raw/fashionpedia/images/test/6e2652e279a03035a8a0190ba461d247.jpg,1,6,74.7617119923234,preprocess+forward+postprocess
316,1,Fashionpedia,../fashion_data/raw/fashionpedia/images/test/6f7e3162e9690967035c75bdbb9b0aea.jpg,1,6,107.35772084444761,preprocess+forward+postprocess
316,2,Fashionpedia,../fashion_data/raw/fashionpedia/images/test/6f7e3162e9690967035c75bdbb9b0aea.jpg,1,6,106.7569530569017,preprocess+forward+postprocess
316,3,Fashionpedia,../fashion_data/raw/fashionpedia/images/test/6f7e3162e9690967035c75bdbb9b0aea.jpg,1,6,98.39632455259562,preprocess+forward+postprocess
316,4,Fashionpedia,../fashion_data/raw/fashionpedia/images/test/6f7e3162e9690967035c75bdbb9b0aea.jpg,1,6,98.20668585598469,preprocess+forward+postprocess
316,5,Fashionpedia,../fashion_data/raw/fashionpedia/images/test/6f7e3162e9690967035c75bdbb9b0aea.jpg,1,6,85.87099285796285,preprocess+forward+postprocess
317,1,Fashionpedia,../fashion_data/raw/fashionpedia/images/test/70e000fc740fd51671f257453e5d4ef1.jpg,1,4,68.41273326426744,preprocess+forward+postprocess
317,2,Fashionpedia,../fashion_data/raw/fashionpedia/images/test/70e000fc740fd51671f257453e5d4ef1.jpg,1,4,66.54322380200028,preprocess+forward+postprocess
317,3,Fashionpedia,../fashion_data/raw/fashionpedia/images/test/70e000fc740fd51671f257453e5d4ef1.jpg,1,4,67.96002574265003,preprocess+forward+postprocess
317,4,Fashionpedia,../fashion_data/raw/fashionpedia/images/test/70e000fc740fd51671f257453e5d4ef1.jpg,1,4,67.98128597438335,preprocess+forward+postprocess
317,5,Fashionpedia,../fashion_data/raw/fashionpedia/images/test/70e000fc740fd51671f257453e5d4ef1.jpg,1,4,80.9319936670363,preprocess+forward+postprocess
318,1,Fashionpedia,../fashion_data/raw/fashionpedia/images/test/7229de52add8dfb593d50f63cc39df10.jpg,1,6,67.93666211888194,preprocess+forward+postprocess
318,2,Fashionpedia,../fashion_data/raw/fashionpedia/images/test/7229de52add8dfb593d50f63cc39df10.jpg,1,6,83.04371125996113,preprocess+forward+postprocess
318,3,Fashionpedia,../fashion_data/raw/fashionpedia/images/test/7229de52add8dfb593d50f63cc39df10.jpg,1,6,82.16099999845028,preprocess+forward+postprocess
318,4,Fashionpedia,../fashion_data/raw/fashionpedia/images/test/7229de52add8dfb593d50f63cc39df10.jpg,1,6,82.32661290094256,preprocess+forward+postprocess
318,5,Fashionpedia,../fashion_data/raw/fashionpedia/images/test/7229de52add8dfb593d50f63cc39df10.jpg,1,6,81.17255894467235,preprocess+forward+postprocess
319,1,Fashionpedia,../fashion_data/raw/fashionpedia/images/test/733128db0ce4f09443fc561514458c7f.jpg,1,6,77.95173116028309,preprocess+forward+postprocess
319,2,Fashionpedia,../fashion_data/raw/fashionpedia/images/test/733128db0ce4f09443fc561514458c7f.jpg,1,6,67.09580961614847,preprocess+forward+postprocess
319,3,Fashionpedia,../fashion_data/raw/fashionpedia/images/test/733128db0ce4f09443fc561514458c7f.jpg,1,6,66.42347713932395,preprocess+forward+postprocess
319,4,Fashionpedia,../fashion_data/raw/fashionpedia/images/test/733128db0ce4f09443fc561514458c7f.jpg,1,6,66.6423812508583,preprocess+forward+postprocess
319,5,Fashionpedia,../fashion_data/raw/fashionpedia/images/test/733128db0ce4f09443fc561514458c7f.jpg,1,6,80.00228274613619,preprocess+forward+postprocess
320,1,Fashionpedia,../fashion_data/raw/fashionpedia/images/test/78c76bd3d70e760b4b59fde91b1cc03f.jpg,1,7,104.6872241422534,preprocess+forward+postprocess
320,2,Fashionpedia,../fashion_data/raw/fashionpedia/images/test/78c76bd3d70e760b4b59fde91b1cc03f.jpg,1,7,106.13582702353597,preprocess+forward+postprocess
320,3,Fashionpedia,../fashion_data/raw/fashionpedia/images/test/78c76bd3d70e760b4b59fde91b1cc03f.jpg,1,7,93.59410405158997,preprocess+forward+postprocess
320,4,Fashionpedia,../fashion_data/raw/fashionpedia/images/test/78c76bd3d70e760b4b59fde91b1cc03f.jpg,1,7,93.23737816885114,preprocess+forward+postprocess
320,5,Fashionpedia,../fashion_data/raw/fashionpedia/images/test/78c76bd3d70e760b4b59fde91b1cc03f.jpg,1,7,116.61190912127495,preprocess+forward+postprocess
321,1,Fashionpedia,../fashion_data/raw/fashionpedia/images/test/790cc5b2e3f130e9f45cde050b74c055.jpg,1,15,262.108638882637,preprocess+forward+postprocess
321,2,Fashionpedia,../fashion_data/raw/fashionpedia/images/test/790cc5b2e3f130e9f45cde050b74c055.jpg,1,15,258.3664245903492,preprocess+forward+postprocess
321,3,Fashionpedia,../fashion_data/raw/fashionpedia/images/test/790cc5b2e3f130e9f45cde050b74c055.jpg,1,15,252.95098405331373,preprocess+forward+postprocess
321,4,Fashionpedia,../fashion_data/raw/fashionpedia/images/test/790cc5b2e3f130e9f45cde050b74c055.jpg,1,15,247.14789679273963,preprocess+forward+postprocess
321,5,Fashionpedia,../fashion_data/raw/fashionpedia/images/test/790cc5b2e3f130e9f45cde050b74c055.jpg,1,15,246.51278369128704,preprocess+forward+postprocess
322,1,Fashionpedia,../fashion_data/raw/fashionpedia/images/test/7d9a766f0de2a8aab3004ac1bee9768f.jpg,1,8,93.90213573351502,preprocess+forward+postprocess
322,2,Fashionpedia,../fashion_data/raw/fashionpedia/images/test/7d9a766f0de2a8aab3004ac1bee9768f.jpg,1,8,96.74391616135836,preprocess+forward+postprocess
322,3,Fashionpedia,../fashion_data/raw/fashionpedia/images/test/7d9a766f0de2a8aab3004ac1bee9768f.jpg,1,8,107.51172108575702,preprocess+forward+postprocess
322,4,Fashionpedia,../fashion_data/raw/fashionpedia/images/test/7d9a766f0de2a8aab3004ac1bee9768f.jpg,1,8,106.79345112293959,preprocess+forward+postprocess
322,5,Fashionpedia,../fashion_data/raw/fashionpedia/images/test/7d9a766f0de2a8aab3004ac1bee9768f.jpg,1,8,106.92132357507944,preprocess+forward+postprocess
323,1,Fashionpedia,../fashion_data/raw/fashionpedia/images/test/7ecf591cf3e21e72ea2718e3869f5768.jpg,1,4,42.73192631080747,preprocess+forward+postprocess
323,2,Fashionpedia,../fashion_data/raw/fashionpedia/images/test/7ecf591cf3e21e72ea2718e3869f5768.jpg,1,4,31.756768934428692,preprocess+forward+postprocess
323,3,Fashionpedia,../fashion_data/raw/fashionpedia/images/test/7ecf591cf3e21e72ea2718e3869f5768.jpg,1,4,42.00276592746377,preprocess+forward+postprocess
323,4,Fashionpedia,../fashion_data/raw/fashionpedia/images/test/7ecf591cf3e21e72ea2718e3869f5768.jpg,1,4,31.799089163541794,preprocess+forward+postprocess
323,5,Fashionpedia,../fashion_data/raw/fashionpedia/images/test/7ecf591cf3e21e72ea2718e3869f5768.jpg,1,4,31.241273041814566,preprocess+forward+postprocess
324,1,Fashionpedia,../fashion_data/raw/fashionpedia/images/test/7edab506f7628da58ac683b6b9554d2d.jpg,1,6,32.75893582031131,preprocess+forward+postprocess
324,2,Fashionpedia,../fashion_data/raw/fashionpedia/images/test/7edab506f7628da58ac683b6b9554d2d.jpg,1,6,32.71536389365792,preprocess+forward+postprocess
324,3,Fashionpedia,../fashion_data/raw/fashionpedia/images/test/7edab506f7628da58ac683b6b9554d2d.jpg,1,6,50.54062930867076,preprocess+forward+postprocess
324,4,Fashionpedia,../fashion_data/raw/fashionpedia/images/test/7edab506f7628da58ac683b6b9554d2d.jpg,1,6,50.58691604062915,preprocess+forward+postprocess
324,5,Fashionpedia,../fashion_data/raw/fashionpedia/images/test/7edab506f7628da58ac683b6b9554d2d.jpg,1,6,51.31281027570367,preprocess+forward+postprocess
325,1,Fashionpedia,../fashion_data/raw/fashionpedia/images/test/841690826ff84fb6ca2f6ed238a6be77.jpg,1,8,103.89332100749016,preprocess+forward+postprocess
325,2,Fashionpedia,../fashion_data/raw/fashionpedia/images/test/841690826ff84fb6ca2f6ed238a6be77.jpg,1,8,108.49030315876007,preprocess+forward+postprocess
325,3,Fashionpedia,../fashion_data/raw/fashionpedia/images/test/841690826ff84fb6ca2f6ed238a6be77.jpg,1,8,107.04323370009661,preprocess+forward+postprocess
325,4,Fashionpedia,../fashion_data/raw/fashionpedia/images/test/841690826ff84fb6ca2f6ed238a6be77.jpg,1,8,97.6825742982328,preprocess+forward+postprocess
325,5,Fashionpedia,../fashion_data/raw/fashionpedia/images/test/841690826ff84fb6ca2f6ed238a6be77.jpg,1,8,97.91449224576354,preprocess+forward+postprocess
326,1,Fashionpedia,../fashion_data/raw/fashionpedia/images/test/8623733272199d95726231fd6dcdc7bf.jpg,1,10,96.9835389405489,preprocess+forward+postprocess
326,2,Fashionpedia,../fashion_data/raw/fashionpedia/images/test/8623733272199d95726231fd6dcdc7bf.jpg,1,10,97.12238283827901,preprocess+forward+postprocess
326,3,Fashionpedia,../fashion_data/raw/fashionpedia/images/test/8623733272199d95726231fd6dcdc7bf.jpg,1,10,95.71211319416761,preprocess+forward+postprocess
326,4,Fashionpedia,../fashion_data/raw/fashionpedia/images/test/8623733272199d95726231fd6dcdc7bf.jpg,1,10,95.68144474178553,preprocess+forward+postprocess
326,5,Fashionpedia,../fashion_data/raw/fashionpedia/images/test/8623733272199d95726231fd6dcdc7bf.jpg,1,10,93.68136804550886,preprocess+forward+postprocess
327,1,Fashionpedia,../fashion_data/raw/fashionpedia/images/test/899f2cf99bf2589cb5f037792f6f35ae.jpg,1,7,37.7361592836678,preprocess+forward+postprocess
327,2,Fashionpedia,../fashion_data/raw/fashionpedia/images/test/899f2cf99bf2589cb5f037792f6f35ae.jpg,1,7,51.00772297009826,preprocess+forward+postprocess
327,3,Fashionpedia,../fashion_data/raw/fashionpedia/images/test/899f2cf99bf2589cb5f037792f6f35ae.jpg,1,7,37.29833988472819,preprocess+forward+postprocess
327,4,Fashionpedia,../fashion_data/raw/fashionpedia/images/test/899f2cf99bf2589cb5f037792f6f35ae.jpg,1,7,36.452517844736576,preprocess+forward+postprocess
327,5,Fashionpedia,../fashion_data/raw/fashionpedia/images/test/899f2cf99bf2589cb5f037792f6f35ae.jpg,1,7,36.57832695171237,preprocess+forward+postprocess
328,1,Fashionpedia,../fashion_data/raw/fashionpedia/images/test/8b0f9bec3b8c5793bf116e1e5e502072.jpg,1,8,80.32410126179457,preprocess+forward+postprocess
328,2,Fashionpedia,../fashion_data/raw/fashionpedia/images/test/8b0f9bec3b8c5793bf116e1e5e502072.jpg,1,8,78.88838415965438,preprocess+forward+postprocess
328,3,Fashionpedia,../fashion_data/raw/fashionpedia/images/test/8b0f9bec3b8c5793bf116e1e5e502072.jpg,1,8,82.71425683051348,preprocess+forward+postprocess
328,4,Fashionpedia,../fashion_data/raw/fashionpedia/images/test/8b0f9bec3b8c5793bf116e1e5e502072.jpg,1,8,80.4231190122664,preprocess+forward+postprocess
328,5,Fashionpedia,../fashion_data/raw/fashionpedia/images/test/8b0f9bec3b8c5793bf116e1e5e502072.jpg,1,8,92.64514641836286,preprocess+forward+postprocess
329,1,Fashionpedia,../fashion_data/raw/fashionpedia/images/test/8b5635d5a5331e26d0e5135a068976ee.jpg,1,4,33.7408441118896,preprocess+forward+postprocess
329,2,Fashionpedia,../fashion_data/raw/fashionpedia/images/test/8b5635d5a5331e26d0e5135a068976ee.jpg,1,4,33.02150312811136,preprocess+forward+postprocess
329,3,Fashionpedia,../fashion_data/raw/fashionpedia/images/test/8b5635d5a5331e26d0e5135a068976ee.jpg,1,4,33.43889303505421,preprocess+forward+postprocess
329,4,Fashionpedia,../fashion_data/raw/fashionpedia/images/test/8b5635d5a5331e26d0e5135a068976ee.jpg,1,4,33.537869807332754,preprocess+forward+postprocess
329,5,Fashionpedia,../fashion_data/raw/fashionpedia/images/test/8b5635d5a5331e26d0e5135a068976ee.jpg,1,4,32.947523053735495,preprocess+forward+postprocess
330,1,Fashionpedia,../fashion_data/raw/fashionpedia/images/test/8c6c8abea5d5a128ca8834600b2aeddc.jpg,1,6,96.08003869652748,preprocess+forward+postprocess
330,2,Fashionpedia,../fashion_data/raw/fashionpedia/images/test/8c6c8abea5d5a128ca8834600b2aeddc.jpg,1,6,91.65239706635475,preprocess+forward+postprocess
330,3,Fashionpedia,../fashion_data/raw/fashionpedia/images/test/8c6c8abea5d5a128ca8834600b2aeddc.jpg,1,6,91.20619297027588,preprocess+forward+postprocess
330,4,Fashionpedia,../fashion_data/raw/fashionpedia/images/test/8c6c8abea5d5a128ca8834600b2aeddc.jpg,1,6,91.3229831494391,preprocess+forward+postprocess
330,5,Fashionpedia,../fashion_data/raw/fashionpedia/images/test/8c6c8abea5d5a128ca8834600b2aeddc.jpg,1,6,89.7934278473258,preprocess+forward+postprocess
331,1,Fashionpedia,../fashion_data/raw/fashionpedia/images/test/8cd47ea6b100369f44879e44ba5950c7.jpg,1,6,35.83137225359678,preprocess+forward+postprocess
331,2,Fashionpedia,../fashion_data/raw/fashionpedia/images/test/8cd47ea6b100369f44879e44ba5950c7.jpg,1,6,33.550565131008625,preprocess+forward+postprocess
331,3,Fashionpedia,../fashion_data/raw/fashionpedia/images/test/8cd47ea6b100369f44879e44ba5950c7.jpg,1,6,33.93302904441953,preprocess+forward+postprocess
331,4,Fashionpedia,../fashion_data/raw/fashionpedia/images/test/8cd47ea6b100369f44879e44ba5950c7.jpg,1,6,49.488607328385115,preprocess+forward+postprocess
331,5,Fashionpedia,../fashion_data/raw/fashionpedia/images/test/8cd47ea6b100369f44879e44ba5950c7.jpg,1,6,47.744955867528915,preprocess+forward+postprocess
332,1,Fashionpedia,../fashion_data/raw/fashionpedia/images/test/8e13b4bba964e3d1fc2eba6e30975f06.jpg,1,1,39.92018289864063,preprocess+forward+postprocess
332,2,Fashionpedia,../fashion_data/raw/fashionpedia/images/test/8e13b4bba964e3d1fc2eba6e30975f06.jpg,1,1,38.48718013614416,preprocess+forward+postprocess
332,3,Fashionpedia,../fashion_data/raw/fashionpedia/images/test/8e13b4bba964e3d1fc2eba6e30975f06.jpg,1,1,27.30375900864601,preprocess+forward+postprocess
332,4,Fashionpedia,../fashion_data/raw/fashionpedia/images/test/8e13b4bba964e3d1fc2eba6e30975f06.jpg,1,1,27.44249114766717,preprocess+forward+postprocess
332,5,Fashionpedia,../fashion_data/raw/fashionpedia/images/test/8e13b4bba964e3d1fc2eba6e30975f06.jpg,1,1,26.94716304540634,preprocess+forward+postprocess
333,1,Fashionpedia,../fashion_data/raw/fashionpedia/images/test/8fd977cccd42dde5ebe8785b3929f801.jpg,1,5,82.64406397938728,preprocess+forward+postprocess
333,2,Fashionpedia,../fashion_data/raw/fashionpedia/images/test/8fd977cccd42dde5ebe8785b3929f801.jpg,1,5,81.23758994042873,preprocess+forward+postprocess
333,3,Fashionpedia,../fashion_data/raw/fashionpedia/images/test/8fd977cccd42dde5ebe8785b3929f801.jpg,1,5,82.84118631854653,preprocess+forward+postprocess
333,4,Fashionpedia,../fashion_data/raw/fashionpedia/images/test/8fd977cccd42dde5ebe8785b3929f801.jpg,1,5,84.84039083123207,preprocess+forward+postprocess
333,5,Fashionpedia,../fashion_data/raw/fashionpedia/images/test/8fd977cccd42dde5ebe8785b3929f801.jpg,1,5,84.91350011900067,preprocess+forward+postprocess
334,1,Fashionpedia,../fashion_data/raw/fashionpedia/images/test/91d2989ccce4a5b3e4789f48b4e05a68.jpg,1,5,36.54276905581355,preprocess+forward+postprocess
334,2,Fashionpedia,../fashion_data/raw/fashionpedia/images/test/91d2989ccce4a5b3e4789f48b4e05a68.jpg,1,5,34.294563345611095,preprocess+forward+postprocess
334,3,Fashionpedia,../fashion_data/raw/fashionpedia/images/test/91d2989ccce4a5b3e4789f48b4e05a68.jpg,1,5,34.27521698176861,preprocess+forward+postprocess
334,4,Fashionpedia,../fashion_data/raw/fashionpedia/images/test/91d2989ccce4a5b3e4789f48b4e05a68.jpg,1,5,39.285942912101746,preprocess+forward+postprocess
334,5,Fashionpedia,../fashion_data/raw/fashionpedia/images/test/91d2989ccce4a5b3e4789f48b4e05a68.jpg,1,5,34.051583148539066,preprocess+forward+postprocess
335,1,Fashionpedia,../fashion_data/raw/fashionpedia/images/test/923d9f0cbf8310c92e7949638ac59fdc.jpg,1,4,91.80613700300455,preprocess+forward+postprocess
335,2,Fashionpedia,../fashion_data/raw/fashionpedia/images/test/923d9f0cbf8310c92e7949638ac59fdc.jpg,1,4,93.10844400897622,preprocess+forward+postprocess
335,3,Fashionpedia,../fashion_data/raw/fashionpedia/images/test/923d9f0cbf8310c92e7949638ac59fdc.jpg,1,4,93.69572531431913,preprocess+forward+postprocess
335,4,Fashionpedia,../fashion_data/raw/fashionpedia/images/test/923d9f0cbf8310c92e7949638ac59fdc.jpg,1,4,91.90082736313343,preprocess+forward+postprocess
335,5,Fashionpedia,../fashion_data/raw/fashionpedia/images/test/923d9f0cbf8310c92e7949638ac59fdc.jpg,1,4,92.32834633439779,preprocess+forward+postprocess
336,1,Fashionpedia,../fashion_data/raw/fashionpedia/images/test/93689df6d05b8406fcf9083057344e3e.jpg,1,3,28.964852914214134,preprocess+forward+postprocess
336,2,Fashionpedia,../fashion_data/raw/fashionpedia/images/test/93689df6d05b8406fcf9083057344e3e.jpg,1,3,28.832192067056894,preprocess+forward+postprocess
336,3,Fashionpedia,../fashion_data/raw/fashionpedia/images/test/93689df6d05b8406fcf9083057344e3e.jpg,1,3,28.261592146009207,preprocess+forward+postprocess
336,4,Fashionpedia,../fashion_data/raw/fashionpedia/images/test/93689df6d05b8406fcf9083057344e3e.jpg,1,3,27.906340081244707,preprocess+forward+postprocess
336,5,Fashionpedia,../fashion_data/raw/fashionpedia/images/test/93689df6d05b8406fcf9083057344e3e.jpg,1,3,28.728025034070015,preprocess+forward+postprocess
337,1,Fashionpedia,../fashion_data/raw/fashionpedia/images/test/981fa1400f6240e4a3d5082b95b667a2.jpg,1,6,34.1231687925756,preprocess+forward+postprocess
337,2,Fashionpedia,../fashion_data/raw/fashionpedia/images/test/981fa1400f6240e4a3d5082b95b667a2.jpg,1,6,33.01810612902045,preprocess+forward+postprocess
337,3,Fashionpedia,../fashion_data/raw/fashionpedia/images/test/981fa1400f6240e4a3d5082b95b667a2.jpg,1,6,33.130208030343056,preprocess+forward+postprocess
337,4,Fashionpedia,../fashion_data/raw/fashionpedia/images/test/981fa1400f6240e4a3d5082b95b667a2.jpg,1,6,33.92451163381338,preprocess+forward+postprocess
337,5,Fashionpedia,../fashion_data/raw/fashionpedia/images/test/981fa1400f6240e4a3d5082b95b667a2.jpg,1,6,34.374063834548,preprocess+forward+postprocess
338,1,Fashionpedia,../fashion_data/raw/fashionpedia/images/test/992c89a774b9f246db9ab54865273b26.jpg,1,3,32.22115710377693,preprocess+forward+postprocess
338,2,Fashionpedia,../fashion_data/raw/fashionpedia/images/test/992c89a774b9f246db9ab54865273b26.jpg,1,3,31.69354796409607,preprocess+forward+postprocess
338,3,Fashionpedia,../fashion_data/raw/fashionpedia/images/test/992c89a774b9f246db9ab54865273b26.jpg,1,3,31.521251890808344,preprocess+forward+postprocess
338,4,Fashionpedia,../fashion_data/raw/fashionpedia/images/test/992c89a774b9f246db9ab54865273b26.jpg,1,3,31.325302086770535,preprocess+forward+postprocess
338,5,Fashionpedia,../fashion_data/raw/fashionpedia/images/test/992c89a774b9f246db9ab54865273b26.jpg,1,3,31.397828832268715,preprocess+forward+postprocess
339,1,Fashionpedia,../fashion_data/raw/fashionpedia/images/test/9a755d94e00922406ee34010fac8eec5.jpg,1,18,170.81871628761292,preprocess+forward+postprocess
339,2,Fashionpedia,../fashion_data/raw/fashionpedia/images/test/9a755d94e00922406ee34010fac8eec5.jpg,1,18,162.27843798696995,preprocess+forward+postprocess
339,3,Fashionpedia,../fashion_data/raw/fashionpedia/images/test/9a755d94e00922406ee34010fac8eec5.jpg,1,18,166.40850622206926,preprocess+forward+postprocess
339,4,Fashionpedia,../fashion_data/raw/fashionpedia/images/test/9a755d94e00922406ee34010fac8eec5.jpg,1,18,167.65416506677866,preprocess+forward+postprocess
339,5,Fashionpedia,../fashion_data/raw/fashionpedia/images/test/9a755d94e00922406ee34010fac8eec5.jpg,1,18,165.57003976777196,preprocess+forward+postprocess
340,1,Fashionpedia,../fashion_data/raw/fashionpedia/images/test/a13f7be475e3cf371b342c0f2e320836.jpg,1,4,80.42942080646753,preprocess+forward+postprocess
340,2,Fashionpedia,../fashion_data/raw/fashionpedia/images/test/a13f7be475e3cf371b342c0f2e320836.jpg,1,4,73.43065133318305,preprocess+forward+postprocess
340,3,Fashionpedia,../fashion_data/raw/fashionpedia/images/test/a13f7be475e3cf371b342c0f2e320836.jpg,1,4,73.00491584464908,preprocess+forward+postprocess
340,4,Fashionpedia,../fashion_data/raw/fashionpedia/images/test/a13f7be475e3cf371b342c0f2e320836.jpg,1,4,73.28051701188087,preprocess+forward+postprocess
340,5,Fashionpedia,../fashion_data/raw/fashionpedia/images/test/a13f7be475e3cf371b342c0f2e320836.jpg,1,4,74.08013101667166,preprocess+forward+postprocess
341,1,Fashionpedia,../fashion_data/raw/fashionpedia/images/test/a4222aa94c4ed6f7e3a36f553505249b.jpg,1,8,132.14011304080486,preprocess+forward+postprocess
341,2,Fashionpedia,../fashion_data/raw/fashionpedia/images/test/a4222aa94c4ed6f7e3a36f553505249b.jpg,1,8,131.18217000737786,preprocess+forward+postprocess
341,3,Fashionpedia,../fashion_data/raw/fashionpedia/images/test/a4222aa94c4ed6f7e3a36f553505249b.jpg,1,8,131.18886202573776,preprocess+forward+postprocess
341,4,Fashionpedia,../fashion_data/raw/fashionpedia/images/test/a4222aa94c4ed6f7e3a36f553505249b.jpg,1,8,130.36375027149916,preprocess+forward+postprocess
341,5,Fashionpedia,../fashion_data/raw/fashionpedia/images/test/a4222aa94c4ed6f7e3a36f553505249b.jpg,1,8,148.90810614451766,preprocess+forward+postprocess
342,1,Fashionpedia,../fashion_data/raw/fashionpedia/images/test/aaf6934258f226a68996b5922fa3f038.jpg,1,5,55.1722957752645,preprocess+forward+postprocess
342,2,Fashionpedia,../fashion_data/raw/fashionpedia/images/test/aaf6934258f226a68996b5922fa3f038.jpg,1,5,30.201743822544813,preprocess+forward+postprocess
342,3,Fashionpedia,../fashion_data/raw/fashionpedia/images/test/aaf6934258f226a68996b5922fa3f038.jpg,1,5,31.41125524416566,preprocess+forward+postprocess
342,4,Fashionpedia,../fashion_data/raw/fashionpedia/images/test/aaf6934258f226a68996b5922fa3f038.jpg,1,5,45.51019473001361,preprocess+forward+postprocess
342,5,Fashionpedia,../fashion_data/raw/fashionpedia/images/test/aaf6934258f226a68996b5922fa3f038.jpg,1,5,30.64613603055477,preprocess+forward+postprocess
343,1,Fashionpedia,../fashion_data/raw/fashionpedia/images/test/ac0bb60c85a2a9a02d525f900316cda2.jpg,1,6,34.95148569345474,preprocess+forward+postprocess
343,2,Fashionpedia,../fashion_data/raw/fashionpedia/images/test/ac0bb60c85a2a9a02d525f900316cda2.jpg,1,6,33.24386430904269,preprocess+forward+postprocess
343,3,Fashionpedia,../fashion_data/raw/fashionpedia/images/test/ac0bb60c85a2a9a02d525f900316cda2.jpg,1,6,35.9545461833477,preprocess+forward+postprocess
343,4,Fashionpedia,../fashion_data/raw/fashionpedia/images/test/ac0bb60c85a2a9a02d525f900316cda2.jpg,1,6,33.143704291433096,preprocess+forward+postprocess
343,5,Fashionpedia,../fashion_data/raw/fashionpedia/images/test/ac0bb60c85a2a9a02d525f900316cda2.jpg,1,6,39.20872509479523,preprocess+forward+postprocess
344,1,Fashionpedia,../fashion_data/raw/fashionpedia/images/test/ac257ddc35bb18760df07544ca327129.jpg,1,3,27.86630392074585,preprocess+forward+postprocess
344,2,Fashionpedia,../fashion_data/raw/fashionpedia/images/test/ac257ddc35bb18760df07544ca327129.jpg,1,3,27.73799980059266,preprocess+forward+postprocess
344,3,Fashionpedia,../fashion_data/raw/fashionpedia/images/test/ac257ddc35bb18760df07544ca327129.jpg,1,3,31.01556608453393,preprocess+forward+postprocess
344,4,Fashionpedia,../fashion_data/raw/fashionpedia/images/test/ac257ddc35bb18760df07544ca327129.jpg,1,3,28.314542025327682,preprocess+forward+postprocess
344,5,Fashionpedia,../fashion_data/raw/fashionpedia/images/test/ac257ddc35bb18760df07544ca327129.jpg,1,3,27.901490218937397,preprocess+forward+postprocess
345,1,Fashionpedia,../fashion_data/raw/fashionpedia/images/test/af8be1edbef6e48a88325ebf63cb48f1.jpg,1,6,106.1279191635549,preprocess+forward+postprocess
345,2,Fashionpedia,../fashion_data/raw/fashionpedia/images/test/af8be1edbef6e48a88325ebf63cb48f1.jpg,1,6,102.40029310807586,preprocess+forward+postprocess
345,3,Fashionpedia,../fashion_data/raw/fashionpedia/images/test/af8be1edbef6e48a88325ebf63cb48f1.jpg,1,6,101.68805532157421,preprocess+forward+postprocess
345,4,Fashionpedia,../fashion_data/raw/fashionpedia/images/test/af8be1edbef6e48a88325ebf63cb48f1.jpg,1,6,99.0217668004334,preprocess+forward+postprocess
345,5,Fashionpedia,../fashion_data/raw/fashionpedia/images/test/af8be1edbef6e48a88325ebf63cb48f1.jpg,1,6,101.72341112047434,preprocess+forward+postprocess
346,1,Fashionpedia,../fashion_data/raw/fashionpedia/images/test/b0ed46a2ed52c32e7a1c2c47cebf3f70.jpg,1,7,35.25763610377908,preprocess+forward+postprocess
346,2,Fashionpedia,../fashion_data/raw/fashionpedia/images/test/b0ed46a2ed52c32e7a1c2c47cebf3f70.jpg,1,7,35.6917679309845,preprocess+forward+postprocess
346,3,Fashionpedia,../fashion_data/raw/fashionpedia/images/test/b0ed46a2ed52c32e7a1c2c47cebf3f70.jpg,1,7,35.891556181013584,preprocess+forward+postprocess
346,4,Fashionpedia,../fashion_data/raw/fashionpedia/images/test/b0ed46a2ed52c32e7a1c2c47cebf3f70.jpg,1,7,35.327868070453405,preprocess+forward+postprocess
346,5,Fashionpedia,../fashion_data/raw/fashionpedia/images/test/b0ed46a2ed52c32e7a1c2c47cebf3f70.jpg,1,7,44.41501200199127,preprocess+forward+postprocess
347,1,Fashionpedia,../fashion_data/raw/fashionpedia/images/test/b56a57edff4230c68e1d4296cc345718.jpg,1,6,79.27813986316323,preprocess+forward+postprocess
347,2,Fashionpedia,../fashion_data/raw/fashionpedia/images/test/b56a57edff4230c68e1d4296cc345718.jpg,1,6,77.80669489875436,preprocess+forward+postprocess
347,3,Fashionpedia,../fashion_data/raw/fashionpedia/images/test/b56a57edff4230c68e1d4296cc345718.jpg,1,6,95.7238539122045,preprocess+forward+postprocess
347,4,Fashionpedia,../fashion_data/raw/fashionpedia/images/test/b56a57edff4230c68e1d4296cc345718.jpg,1,6,94.38281459733844,preprocess+forward+postprocess
347,5,Fashionpedia,../fashion_data/raw/fashionpedia/images/test/b56a57edff4230c68e1d4296cc345718.jpg,1,6,94.78628821671009,preprocess+forward+postprocess
348,1,Fashionpedia,../fashion_data/raw/fashionpedia/images/test/b5afca4e7afe32cd8d4e7ba62da456bd.jpg,1,9,112.80175391584635,preprocess+forward+postprocess
348,2,Fashionpedia,../fashion_data/raw/fashionpedia/images/test/b5afca4e7afe32cd8d4e7ba62da456bd.jpg,1,9,102.26018819957972,preprocess+forward+postprocess
348,3,Fashionpedia,../fashion_data/raw/fashionpedia/images/test/b5afca4e7afe32cd8d4e7ba62da456bd.jpg,1,9,101.45009402185678,preprocess+forward+postprocess
348,4,Fashionpedia,../fashion_data/raw/fashionpedia/images/test/b5afca4e7afe32cd8d4e7ba62da456bd.jpg,1,9,100.57917516678572,preprocess+forward+postprocess
348,5,Fashionpedia,../fashion_data/raw/fashionpedia/images/test/b5afca4e7afe32cd8d4e7ba62da456bd.jpg,1,9,100.59461509808898,preprocess+forward+postprocess
349,1,Fashionpedia,../fashion_data/raw/fashionpedia/images/test/b6b563c14cfb7911932d24d22ffe5041.jpg,1,5,74.71534330397844,preprocess+forward+postprocess
349,2,Fashionpedia,../fashion_data/raw/fashionpedia/images/test/b6b563c14cfb7911932d24d22ffe5041.jpg,1,5,73.26610898599029,preprocess+forward+postprocess
349,3,Fashionpedia,../fashion_data/raw/fashionpedia/images/test/b6b563c14cfb7911932d24d22ffe5041.jpg,1,5,73.58939107507467,preprocess+forward+postprocess
349,4,Fashionpedia,../fashion_data/raw/fashionpedia/images/test/b6b563c14cfb7911932d24d22ffe5041.jpg,1,5,74.2750889621675,preprocess+forward+postprocess
349,5,Fashionpedia,../fashion_data/raw/fashionpedia/images/test/b6b563c14cfb7911932d24d22ffe5041.jpg,1,5,72.80808221548796,preprocess+forward+postprocess
350,1,Fashionpedia,../fashion_data/raw/fashionpedia/images/test/b71711424f189b2279045ba925231bc8.jpg,1,5,28.93360424786806,preprocess+forward+postprocess
350,2,Fashionpedia,../fashion_data/raw/fashionpedia/images/test/b71711424f189b2279045ba925231bc8.jpg,1,5,29.39075930044055,preprocess+forward+postprocess
350,3,Fashionpedia,../fashion_data/raw/fashionpedia/images/test/b71711424f189b2279045ba925231bc8.jpg,1,5,29.41734902560711,preprocess+forward+postprocess
350,4,Fashionpedia,../fashion_data/raw/fashionpedia/images/test/b71711424f189b2279045ba925231bc8.jpg,1,5,29.77843303233385,preprocess+forward+postprocess
350,5,Fashionpedia,../fashion_data/raw/fashionpedia/images/test/b71711424f189b2279045ba925231bc8.jpg,1,5,29.12410395219922,preprocess+forward+postprocess
351,1,Fashionpedia,../fashion_data/raw/fashionpedia/images/test/b9d34d7ecfc267888ad6eb0f20af3792.jpg,1,8,86.14762499928474,preprocess+forward+postprocess
351,2,Fashionpedia,../fashion_data/raw/fashionpedia/images/test/b9d34d7ecfc267888ad6eb0f20af3792.jpg,1,8,85.78647067770362,preprocess+forward+postprocess
351,3,Fashionpedia,../fashion_data/raw/fashionpedia/images/test/b9d34d7ecfc267888ad6eb0f20af3792.jpg,1,8,85.75408020988107,preprocess+forward+postprocess
351,4,Fashionpedia,../fashion_data/raw/fashionpedia/images/test/b9d34d7ecfc267888ad6eb0f20af3792.jpg,1,8,87.70748833194375,preprocess+forward+postprocess
351,5,Fashionpedia,../fashion_data/raw/fashionpedia/images/test/b9d34d7ecfc267888ad6eb0f20af3792.jpg,1,8,99.51056214049459,preprocess+forward+postprocess
352,1,Fashionpedia,../fashion_data/raw/fashionpedia/images/test/bd8d3293d99b77a3fa0ec0dd058235dc.jpg,1,3,61.37494696304202,preprocess+forward+postprocess
352,2,Fashionpedia,../fashion_data/raw/fashionpedia/images/test/bd8d3293d99b77a3fa0ec0dd058235dc.jpg,1,3,60.88205520063639,preprocess+forward+postprocess
352,3,Fashionpedia,../fashion_data/raw/fashionpedia/images/test/bd8d3293d99b77a3fa0ec0dd058235dc.jpg,1,3,60.75891200453043,preprocess+forward+postprocess
352,4,Fashionpedia,../fashion_data/raw/fashionpedia/images/test/bd8d3293d99b77a3fa0ec0dd058235dc.jpg,1,3,61.10143009573221,preprocess+forward+postprocess
352,5,Fashionpedia,../fashion_data/raw/fashionpedia/images/test/bd8d3293d99b77a3fa0ec0dd058235dc.jpg,1,3,59.34136779978871,preprocess+forward+postprocess
353,1,Fashionpedia,../fashion_data/raw/fashionpedia/images/test/bf916c006f8adb3c0a45b5a7bfe4d782.jpg,1,7,74.77936334908009,preprocess+forward+postprocess
353,2,Fashionpedia,../fashion_data/raw/fashionpedia/images/test/bf916c006f8adb3c0a45b5a7bfe4d782.jpg,1,7,70.08829293772578,preprocess+forward+postprocess
353,3,Fashionpedia,../fashion_data/raw/fashionpedia/images/test/bf916c006f8adb3c0a45b5a7bfe4d782.jpg,1,7,70.5171748995781,preprocess+forward+postprocess
353,4,Fashionpedia,../fashion_data/raw/fashionpedia/images/test/bf916c006f8adb3c0a45b5a7bfe4d782.jpg,1,7,71.00859517231584,preprocess+forward+postprocess
353,5,Fashionpedia,../fashion_data/raw/fashionpedia/images/test/bf916c006f8adb3c0a45b5a7bfe4d782.jpg,1,7,67.87798926234245,preprocess+forward+postprocess
354,1,Fashionpedia,../fashion_data/raw/fashionpedia/images/test/c085fb2b093eeb52041884c9ea51cc65.jpg,1,7,68.5974508523941,preprocess+forward+postprocess
354,2,Fashionpedia,../fashion_data/raw/fashionpedia/images/test/c085fb2b093eeb52041884c9ea51cc65.jpg,1,7,71.46085100248456,preprocess+forward+postprocess
354,3,Fashionpedia,../fashion_data/raw/fashionpedia/images/test/c085fb2b093eeb52041884c9ea51cc65.jpg,1,7,69.56748710945249,preprocess+forward+postprocess
354,4,Fashionpedia,../fashion_data/raw/fashionpedia/images/test/c085fb2b093eeb52041884c9ea51cc65.jpg,1,7,85.26289975270629,preprocess+forward+postprocess
354,5,Fashionpedia,../fashion_data/raw/fashionpedia/images/test/c085fb2b093eeb52041884c9ea51cc65.jpg,1,7,84.848053753376,preprocess+forward+postprocess
355,1,Fashionpedia,../fashion_data/raw/fashionpedia/images/test/c2d80480b743d45143725a5c223c16d9.jpg,1,5,87.89376029744744,preprocess+forward+postprocess
355,2,Fashionpedia,../fashion_data/raw/fashionpedia/images/test/c2d80480b743d45143725a5c223c16d9.jpg,1,5,93.12643622979522,preprocess+forward+postprocess
355,3,Fashionpedia,../fashion_data/raw/fashionpedia/images/test/c2d80480b743d45143725a5c223c16d9.jpg,1,5,93.22331892326474,preprocess+forward+postprocess
355,4,Fashionpedia,../fashion_data/raw/fashionpedia/images/test/c2d80480b743d45143725a5c223c16d9.jpg,1,5,91.98225010186434,preprocess+forward+postprocess
355,5,Fashionpedia,../fashion_data/raw/fashionpedia/images/test/c2d80480b743d45143725a5c223c16d9.jpg,1,5,77.0264477469027,preprocess+forward+postprocess
356,1,Fashionpedia,../fashion_data/raw/fashionpedia/images/test/c31564bf88c1d02aa8cb1e886ccaadef.jpg,1,3,30.968275852501392,preprocess+forward+postprocess
356,2,Fashionpedia,../fashion_data/raw/fashionpedia/images/test/c31564bf88c1d02aa8cb1e886ccaadef.jpg,1,3,30.319317243993282,preprocess+forward+postprocess
356,3,Fashionpedia,../fashion_data/raw/fashionpedia/images/test/c31564bf88c1d02aa8cb1e886ccaadef.jpg,1,3,31.015735119581223,preprocess+forward+postprocess
356,4,Fashionpedia,../fashion_data/raw/fashionpedia/images/test/c31564bf88c1d02aa8cb1e886ccaadef.jpg,1,3,30.85139486938715,preprocess+forward+postprocess
356,5,Fashionpedia,../fashion_data/raw/fashionpedia/images/test/c31564bf88c1d02aa8cb1e886ccaadef.jpg,1,3,29.840148985385895,preprocess+forward+postprocess
357,1,Fashionpedia,../fashion_data/raw/fashionpedia/images/test/c4495c86c19fedfdf2fefb74d43fdd6d.jpg,1,9,108.1916349940002,preprocess+forward+postprocess
357,2,Fashionpedia,../fashion_data/raw/fashionpedia/images/test/c4495c86c19fedfdf2fefb74d43fdd6d.jpg,1,9,119.59435185417533,preprocess+forward+postprocess
357,3,Fashionpedia,../fashion_data/raw/fashionpedia/images/test/c4495c86c19fedfdf2fefb74d43fdd6d.jpg,1,9,107.97378281131387,preprocess+forward+postprocess
357,4,Fashionpedia,../fashion_data/raw/fashionpedia/images/test/c4495c86c19fedfdf2fefb74d43fdd6d.jpg,1,9,112.1392478235066,preprocess+forward+postprocess
357,5,Fashionpedia,../fashion_data/raw/fashionpedia/images/test/c4495c86c19fedfdf2fefb74d43fdd6d.jpg,1,9,119.91620110347867,preprocess+forward+postprocess
358,1,Fashionpedia,../fashion_data/raw/fashionpedia/images/test/c49c54015b966bc7220c18569088e5ea.jpg,1,7,46.47175408899784,preprocess+forward+postprocess
358,2,Fashionpedia,../fashion_data/raw/fashionpedia/images/test/c49c54015b966bc7220c18569088e5ea.jpg,1,7,45.350330881774426,preprocess+forward+postprocess
358,3,Fashionpedia,../fashion_data/raw/fashionpedia/images/test/c49c54015b966bc7220c18569088e5ea.jpg,1,7,33.58054021373391,preprocess+forward+postprocess
358,4,Fashionpedia,../fashion_data/raw/fashionpedia/images/test/c49c54015b966bc7220c18569088e5ea.jpg,1,7,35.056985914707184,preprocess+forward+postprocess
358,5,Fashionpedia,../fashion_data/raw/fashionpedia/images/test/c49c54015b966bc7220c18569088e5ea.jpg,1,7,33.28376915305853,preprocess+forward+postprocess
359,1,Fashionpedia,../fashion_data/raw/fashionpedia/images/test/c61d5cca2c2a6e5f06a6ff26689e8f89.jpg,1,9,43.47147513180971,preprocess+forward+postprocess
359,2,Fashionpedia,../fashion_data/raw/fashionpedia/images/test/c61d5cca2c2a6e5f06a6ff26689e8f89.jpg,1,9,86.15155192092061,preprocess+forward+postprocess
359,3,Fashionpedia,../fashion_data/raw/fashionpedia/images/test/c61d5cca2c2a6e5f06a6ff26689e8f89.jpg,1,9,85.1951907388866,preprocess+forward+postprocess
359,4,Fashionpedia,../fashion_data/raw/fashionpedia/images/test/c61d5cca2c2a6e5f06a6ff26689e8f89.jpg,1,9,85.78250324353576,preprocess+forward+postprocess
359,5,Fashionpedia,../fashion_data/raw/fashionpedia/images/test/c61d5cca2c2a6e5f06a6ff26689e8f89.jpg,1,9,88.14985491335392,preprocess+forward+postprocess
360,1,Fashionpedia,../fashion_data/raw/fashionpedia/images/test/c71725f6c3b33f109c76c4d356efb90b.jpg,1,3,41.38893308117986,preprocess+forward+postprocess
360,2,Fashionpedia,../fashion_data/raw/fashionpedia/images/test/c71725f6c3b33f109c76c4d356efb90b.jpg,1,3,30.34309158101678,preprocess+forward+postprocess
360,3,Fashionpedia,../fashion_data/raw/fashionpedia/images/test/c71725f6c3b33f109c76c4d356efb90b.jpg,1,3,30.97209194675088,preprocess+forward+postprocess
360,4,Fashionpedia,../fashion_data/raw/fashionpedia/images/test/c71725f6c3b33f109c76c4d356efb90b.jpg,1,3,30.60370497405529,preprocess+forward+postprocess
360,5,Fashionpedia,../fashion_data/raw/fashionpedia/images/test/c71725f6c3b33f109c76c4d356efb90b.jpg,1,3,30.41381621733308,preprocess+forward+postprocess
361,1,Fashionpedia,../fashion_data/raw/fashionpedia/images/test/c829a692db2ec7013e3eb242b430a2d8.jpg,1,9,83.5227039642632,preprocess+forward+postprocess
361,2,Fashionpedia,../fashion_data/raw/fashionpedia/images/test/c829a692db2ec7013e3eb242b430a2d8.jpg,1,9,82.8596786595881,preprocess+forward+postprocess
361,3,Fashionpedia,../fashion_data/raw/fashionpedia/images/test/c829a692db2ec7013e3eb242b430a2d8.jpg,1,9,81.99760830029845,preprocess+forward+postprocess
361,4,Fashionpedia,../fashion_data/raw/fashionpedia/images/test/c829a692db2ec7013e3eb242b430a2d8.jpg,1,9,99.08142918720841,preprocess+forward+postprocess
361,5,Fashionpedia,../fashion_data/raw/fashionpedia/images/test/c829a692db2ec7013e3eb242b430a2d8.jpg,1,9,93.88731559738517,preprocess+forward+postprocess
362,1,Fashionpedia,../fashion_data/raw/fashionpedia/images/test/cd49344a73f9e61527b4ef120e1ddfd0.jpg,1,6,79.51576868072152,preprocess+forward+postprocess
362,2,Fashionpedia,../fashion_data/raw/fashionpedia/images/test/cd49344a73f9e61527b4ef120e1ddfd0.jpg,1,6,77.37222081050277,preprocess+forward+postprocess
362,3,Fashionpedia,../fashion_data/raw/fashionpedia/images/test/cd49344a73f9e61527b4ef120e1ddfd0.jpg,1,6,77.91528990492225,preprocess+forward+postprocess
362,4,Fashionpedia,../fashion_data/raw/fashionpedia/images/test/cd49344a73f9e61527b4ef120e1ddfd0.jpg,1,6,76.7688900232315,preprocess+forward+postprocess
362,5,Fashionpedia,../fashion_data/raw/fashionpedia/images/test/cd49344a73f9e61527b4ef120e1ddfd0.jpg,1,6,73.89342598617077,preprocess+forward+postprocess
363,1,Fashionpedia,../fashion_data/raw/fashionpedia/images/test/ce07236c7bdb9f4d04df57c3a7967959.jpg,1,10,79.26292112097144,preprocess+forward+postprocess
363,2,Fashionpedia,../fashion_data/raw/fashionpedia/images/test/ce07236c7bdb9f4d04df57c3a7967959.jpg,1,10,78.39748170226812,preprocess+forward+postprocess
363,3,Fashionpedia,../fashion_data/raw/fashionpedia/images/test/ce07236c7bdb9f4d04df57c3a7967959.jpg,1,10,76.82897290214896,preprocess+forward+postprocess
363,4,Fashionpedia,../fashion_data/raw/fashionpedia/images/test/ce07236c7bdb9f4d04df57c3a7967959.jpg,1,10,91.72278875485063,preprocess+forward+postprocess
363,5,Fashionpedia,../fashion_data/raw/fashionpedia/images/test/ce07236c7bdb9f4d04df57c3a7967959.jpg,1,10,79.34561744332314,preprocess+forward+postprocess
364,1,Fashionpedia,../fashion_data/raw/fashionpedia/images/test/d451b646b79628026a369c045ed54462.jpg,1,6,65.80986315384507,preprocess+forward+postprocess
364,2,Fashionpedia,../fashion_data/raw/fashionpedia/images/test/d451b646b79628026a369c045ed54462.jpg,1,6,66.40572100877762,preprocess+forward+postprocess
364,3,Fashionpedia,../fashion_data/raw/fashionpedia/images/test/d451b646b79628026a369c045ed54462.jpg,1,6,65.18956832587719,preprocess+forward+postprocess
364,4,Fashionpedia,../fashion_data/raw/fashionpedia/images/test/d451b646b79628026a369c045ed54462.jpg,1,6,67.82772298902273,preprocess+forward+postprocess
364,5,Fashionpedia,../fashion_data/raw/fashionpedia/images/test/d451b646b79628026a369c045ed54462.jpg,1,6,80.7894510217011,preprocess+forward+postprocess
365,1,Fashionpedia,../fashion_data/raw/fashionpedia/images/test/d47f5c8a886204cd7b315af23ce90b4e.jpg,1,9,72.27058289572597,preprocess+forward+postprocess
365,2,Fashionpedia,../fashion_data/raw/fashionpedia/images/test/d47f5c8a886204cd7b315af23ce90b4e.jpg,1,9,71.94433594122529,preprocess+forward+postprocess
365,3,Fashionpedia,../fashion_data/raw/fashionpedia/images/test/d47f5c8a886204cd7b315af23ce90b4e.jpg,1,9,71.39031728729606,preprocess+forward+postprocess
365,4,Fashionpedia,../fashion_data/raw/fashionpedia/images/test/d47f5c8a886204cd7b315af23ce90b4e.jpg,1,9,73.7035358324647,preprocess+forward+postprocess
365,5,Fashionpedia,../fashion_data/raw/fashionpedia/images/test/d47f5c8a886204cd7b315af23ce90b4e.jpg,1,9,70.83910377696157,preprocess+forward+postprocess
366,1,Fashionpedia,../fashion_data/raw/fashionpedia/images/test/d8b36f1be818f71a0ab4224b829c1210.jpg,1,9,128.39818792417645,preprocess+forward+postprocess
366,2,Fashionpedia,../fashion_data/raw/fashionpedia/images/test/d8b36f1be818f71a0ab4224b829c1210.jpg,1,9,125.67284796386957,preprocess+forward+postprocess
366,3,Fashionpedia,../fashion_data/raw/fashionpedia/images/test/d8b36f1be818f71a0ab4224b829c1210.jpg,1,9,132.23536126315594,preprocess+forward+postprocess
366,4,Fashionpedia,../fashion_data/raw/fashionpedia/images/test/d8b36f1be818f71a0ab4224b829c1210.jpg,1,9,129.66657802462578,preprocess+forward+postprocess
366,5,Fashionpedia,../fashion_data/raw/fashionpedia/images/test/d8b36f1be818f71a0ab4224b829c1210.jpg,1,9,122.12296668440104,preprocess+forward+postprocess
367,1,Fashionpedia,../fashion_data/raw/fashionpedia/images/test/db85f62492da69d793339b2c124e7abb.jpg,1,8,76.73343177884817,preprocess+forward+postprocess
367,2,Fashionpedia,../fashion_data/raw/fashionpedia/images/test/db85f62492da69d793339b2c124e7abb.jpg,1,8,78.14391190186143,preprocess+forward+postprocess
367,3,Fashionpedia,../fashion_data/raw/fashionpedia/images/test/db85f62492da69d793339b2c124e7abb.jpg,1,8,78.40557722374797,preprocess+forward+postprocess
367,4,Fashionpedia,../fashion_data/raw/fashionpedia/images/test/db85f62492da69d793339b2c124e7abb.jpg,1,8,81.03989390656352,preprocess+forward+postprocess
367,5,Fashionpedia,../fashion_data/raw/fashionpedia/images/test/db85f62492da69d793339b2c124e7abb.jpg,1,8,79.76184505969286,preprocess+forward+postprocess
368,1,Fashionpedia,../fashion_data/raw/fashionpedia/images/test/dcee0c0b136a4e8a004fef599a4c96f3.jpg,1,4,40.58491997420788,preprocess+forward+postprocess
368,2,Fashionpedia,../fashion_data/raw/fashionpedia/images/test/dcee0c0b136a4e8a004fef599a4c96f3.jpg,1,4,43.03060006350279,preprocess+forward+postprocess
368,3,Fashionpedia,../fashion_data/raw/fashionpedia/images/test/dcee0c0b136a4e8a004fef599a4c96f3.jpg,1,4,44.32812565937638,preprocess+forward+postprocess
368,4,Fashionpedia,../fashion_data/raw/fashionpedia/images/test/dcee0c0b136a4e8a004fef599a4c96f3.jpg,1,4,43.88792207464576,preprocess+forward+postprocess
368,5,Fashionpedia,../fashion_data/raw/fashionpedia/images/test/dcee0c0b136a4e8a004fef599a4c96f3.jpg,1,4,43.14261209219694,preprocess+forward+postprocess
369,1,Fashionpedia,../fashion_data/raw/fashionpedia/images/test/de3856d93bf781545f6453afbbeef077.jpg,1,9,79.06174007803202,preprocess+forward+postprocess
369,2,Fashionpedia,../fashion_data/raw/fashionpedia/images/test/de3856d93bf781545f6453afbbeef077.jpg,1,9,75.73840813711286,preprocess+forward+postprocess
369,3,Fashionpedia,../fashion_data/raw/fashionpedia/images/test/de3856d93bf781545f6453afbbeef077.jpg,1,9,76.84134598821402,preprocess+forward+postprocess
369,4,Fashionpedia,../fashion_data/raw/fashionpedia/images/test/de3856d93bf781545f6453afbbeef077.jpg,1,9,76.99027797207236,preprocess+forward+postprocess
369,5,Fashionpedia,../fashion_data/raw/fashionpedia/images/test/de3856d93bf781545f6453afbbeef077.jpg,1,9,76.45188923925161,preprocess+forward+postprocess
370,1,Fashionpedia,../fashion_data/raw/fashionpedia/images/test/de92afe62c9c4670a48c6c3e43440323.jpg,1,7,90.1578851044178,preprocess+forward+postprocess
370,2,Fashionpedia,../fashion_data/raw/fashionpedia/images/test/de92afe62c9c4670a48c6c3e43440323.jpg,1,7,89.81905318796635,preprocess+forward+postprocess
370,3,Fashionpedia,../fashion_data/raw/fashionpedia/images/test/de92afe62c9c4670a48c6c3e43440323.jpg,1,7,88.53866998106241,preprocess+forward+postprocess
370,4,Fashionpedia,../fashion_data/raw/fashionpedia/images/test/de92afe62c9c4670a48c6c3e43440323.jpg,1,7,88.47339591011405,preprocess+forward+postprocess
370,5,Fashionpedia,../fashion_data/raw/fashionpedia/images/test/de92afe62c9c4670a48c6c3e43440323.jpg,1,7,88.78251118585467,preprocess+forward+postprocess
371,1,Fashionpedia,../fashion_data/raw/fashionpedia/images/test/e14733841b04c64e75789a91fbe549b3.jpg,1,7,107.57570900022984,preprocess+forward+postprocess
371,2,Fashionpedia,../fashion_data/raw/fashionpedia/images/test/e14733841b04c64e75789a91fbe549b3.jpg,1,7,122.09569569677114,preprocess+forward+postprocess
371,3,Fashionpedia,../fashion_data/raw/fashionpedia/images/test/e14733841b04c64e75789a91fbe549b3.jpg,1,7,108.08843886479735,preprocess+forward+postprocess
371,4,Fashionpedia,../fashion_data/raw/fashionpedia/images/test/e14733841b04c64e75789a91fbe549b3.jpg,1,7,110.8322236686945,preprocess+forward+postprocess
371,5,Fashionpedia,../fashion_data/raw/fashionpedia/images/test/e14733841b04c64e75789a91fbe549b3.jpg,1,7,107.75220301002264,preprocess+forward+postprocess
372,1,Fashionpedia,../fashion_data/raw/fashionpedia/images/test/e18e46ee82d41e1a8bad90e817212331.jpg,1,4,96.94784879684448,preprocess+forward+postprocess
372,2,Fashionpedia,../fashion_data/raw/fashionpedia/images/test/e18e46ee82d41e1a8bad90e817212331.jpg,1,4,91.31924388930202,preprocess+forward+postprocess
372,3,Fashionpedia,../fashion_data/raw/fashionpedia/images/test/e18e46ee82d41e1a8bad90e817212331.jpg,1,4,104.49463594704866,preprocess+forward+postprocess
372,4,Fashionpedia,../fashion_data/raw/fashionpedia/images/test/e18e46ee82d41e1a8bad90e817212331.jpg,1,4,93.8525190576911,preprocess+forward+postprocess
372,5,Fashionpedia,../fashion_data/raw/fashionpedia/images/test/e18e46ee82d41e1a8bad90e817212331.jpg,1,4,96.10944194719195,preprocess+forward+postprocess
373,1,Fashionpedia,../fashion_data/raw/fashionpedia/images/test/e1c633bb82c74fbfc7504a7186c97751.jpg,1,6,90.01643676310778,preprocess+forward+postprocess
373,2,Fashionpedia,../fashion_data/raw/fashionpedia/images/test/e1c633bb82c74fbfc7504a7186c97751.jpg,1,6,91.19236283004284,preprocess+forward+postprocess
373,3,Fashionpedia,../fashion_data/raw/fashionpedia/images/test/e1c633bb82c74fbfc7504a7186c97751.jpg,1,6,88.06188683956861,preprocess+forward+postprocess
373,4,Fashionpedia,../fashion_data/raw/fashionpedia/images/test/e1c633bb82c74fbfc7504a7186c97751.jpg,1,6,89.20332789421082,preprocess+forward+postprocess
373,5,Fashionpedia,../fashion_data/raw/fashionpedia/images/test/e1c633bb82c74fbfc7504a7186c97751.jpg,1,6,90.00672912225127,preprocess+forward+postprocess
374,1,Fashionpedia,../fashion_data/raw/fashionpedia/images/test/e4de7821071dd5b1baa80bb9813a8895.jpg,1,8,105.31278373673558,preprocess+forward+postprocess
374,2,Fashionpedia,../fashion_data/raw/fashionpedia/images/test/e4de7821071dd5b1baa80bb9813a8895.jpg,1,8,126.07497908174992,preprocess+forward+postprocess
374,3,Fashionpedia,../fashion_data/raw/fashionpedia/images/test/e4de7821071dd5b1baa80bb9813a8895.jpg,1,8,157.22397528588772,preprocess+forward+postprocess
374,4,Fashionpedia,../fashion_data/raw/fashionpedia/images/test/e4de7821071dd5b1baa80bb9813a8895.jpg,1,8,128.992541693151,preprocess+forward+postprocess
374,5,Fashionpedia,../fashion_data/raw/fashionpedia/images/test/e4de7821071dd5b1baa80bb9813a8895.jpg,1,8,134.38405795022845,preprocess+forward+postprocess
375,1,Fashionpedia,../fashion_data/raw/fashionpedia/images/test/e58b172581a1b2e4d7ed70620b23d2be.jpg,1,7,125.34663872793317,preprocess+forward+postprocess
375,2,Fashionpedia,../fashion_data/raw/fashionpedia/images/test/e58b172581a1b2e4d7ed70620b23d2be.jpg,1,7,121.22052907943726,preprocess+forward+postprocess
375,3,Fashionpedia,../fashion_data/raw/fashionpedia/images/test/e58b172581a1b2e4d7ed70620b23d2be.jpg,1,7,119.05063968151808,preprocess+forward+postprocess
375,4,Fashionpedia,../fashion_data/raw/fashionpedia/images/test/e58b172581a1b2e4d7ed70620b23d2be.jpg,1,7,103.94487529993057,preprocess+forward+postprocess
375,5,Fashionpedia,../fashion_data/raw/fashionpedia/images/test/e58b172581a1b2e4d7ed70620b23d2be.jpg,1,7,102.45822975412011,preprocess+forward+postprocess
376,1,Fashionpedia,../fashion_data/raw/fashionpedia/images/test/e636280e96f3863157a4398c92fc299e.jpg,1,8,113.59488219022751,preprocess+forward+postprocess
376,2,Fashionpedia,../fashion_data/raw/fashionpedia/images/test/e636280e96f3863157a4398c92fc299e.jpg,1,8,112.15727031230927,preprocess+forward+postprocess
376,3,Fashionpedia,../fashion_data/raw/fashionpedia/images/test/e636280e96f3863157a4398c92fc299e.jpg,1,8,113.52079221978784,preprocess+forward+postprocess
376,4,Fashionpedia,../fashion_data/raw/fashionpedia/images/test/e636280e96f3863157a4398c92fc299e.jpg,1,8,113.38073713704944,preprocess+forward+postprocess
376,5,Fashionpedia,../fashion_data/raw/fashionpedia/images/test/e636280e96f3863157a4398c92fc299e.jpg,1,8,114.99663488939404,preprocess+forward+postprocess
377,1,Fashionpedia,../fashion_data/raw/fashionpedia/images/test/e6468d04328e93755f40b49190b3f801.jpg,1,5,87.70794700831175,preprocess+forward+postprocess
377,2,Fashionpedia,../fashion_data/raw/fashionpedia/images/test/e6468d04328e93755f40b49190b3f801.jpg,1,5,80.91451600193977,preprocess+forward+postprocess
377,3,Fashionpedia,../fashion_data/raw/fashionpedia/images/test/e6468d04328e93755f40b49190b3f801.jpg,1,5,80.15971723943949,preprocess+forward+postprocess
377,4,Fashionpedia,../fashion_data/raw/fashionpedia/images/test/e6468d04328e93755f40b49190b3f801.jpg,1,5,78.2274603843689,preprocess+forward+postprocess
377,5,Fashionpedia,../fashion_data/raw/fashionpedia/images/test/e6468d04328e93755f40b49190b3f801.jpg,1,5,76.02634280920029,preprocess+forward+postprocess
378,1,Fashionpedia,../fashion_data/raw/fashionpedia/images/test/e73b13b557ab167a05cb10ed45decf52.jpg,1,3,38.76175777986646,preprocess+forward+postprocess
378,2,Fashionpedia,../fashion_data/raw/fashionpedia/images/test/e73b13b557ab167a05cb10ed45decf52.jpg,1,3,25.86210798472166,preprocess+forward+postprocess
378,3,Fashionpedia,../fashion_data/raw/fashionpedia/images/test/e73b13b557ab167a05cb10ed45decf52.jpg,1,3,26.31181012839079,preprocess+forward+postprocess
378,4,Fashionpedia,../fashion_data/raw/fashionpedia/images/test/e73b13b557ab167a05cb10ed45decf52.jpg,1,3,42.028372175991535,preprocess+forward+postprocess
378,5,Fashionpedia,../fashion_data/raw/fashionpedia/images/test/e73b13b557ab167a05cb10ed45decf52.jpg,1,3,52.4043352343142,preprocess+forward+postprocess
379,1,Fashionpedia,../fashion_data/raw/fashionpedia/images/test/e9276aedf39f09ebe6ded9e203982fea.jpg,1,6,32.97506412491202,preprocess+forward+postprocess
379,2,Fashionpedia,../fashion_data/raw/fashionpedia/images/test/e9276aedf39f09ebe6ded9e203982fea.jpg,1,6,32.44470991194248,preprocess+forward+postprocess
379,3,Fashionpedia,../fashion_data/raw/fashionpedia/images/test/e9276aedf39f09ebe6ded9e203982fea.jpg,1,6,31.029731035232544,preprocess+forward+postprocess
379,4,Fashionpedia,../fashion_data/raw/fashionpedia/images/test/e9276aedf39f09ebe6ded9e203982fea.jpg,1,6,32.03724790364504,preprocess+forward+postprocess
379,5,Fashionpedia,../fashion_data/raw/fashionpedia/images/test/e9276aedf39f09ebe6ded9e203982fea.jpg,1,6,32.5962770730257,preprocess+forward+postprocess
380,1,Fashionpedia,../fashion_data/raw/fashionpedia/images/test/e9e415310c10ee05c1ebbf0f013c9269.jpg,1,4,32.61711588129401,preprocess+forward+postprocess
380,2,Fashionpedia,../fashion_data/raw/fashionpedia/images/test/e9e415310c10ee05c1ebbf0f013c9269.jpg,1,4,72.23231997340918,preprocess+forward+postprocess
380,3,Fashionpedia,../fashion_data/raw/fashionpedia/images/test/e9e415310c10ee05c1ebbf0f013c9269.jpg,1,4,33.04565791040659,preprocess+forward+postprocess
380,4,Fashionpedia,../fashion_data/raw/fashionpedia/images/test/e9e415310c10ee05c1ebbf0f013c9269.jpg,1,4,73.35169985890388,preprocess+forward+postprocess
380,5,Fashionpedia,../fashion_data/raw/fashionpedia/images/test/e9e415310c10ee05c1ebbf0f013c9269.jpg,1,4,35.67515593022108,preprocess+forward+postprocess
381,1,Fashionpedia,../fashion_data/raw/fashionpedia/images/test/eb20c87403d09323d402b3461afbdb0e.jpg,1,9,104.80113513767719,preprocess+forward+postprocess
381,2,Fashionpedia,../fashion_data/raw/fashionpedia/images/test/eb20c87403d09323d402b3461afbdb0e.jpg,1,9,103.08045707643032,preprocess+forward+postprocess
381,3,Fashionpedia,../fashion_data/raw/fashionpedia/images/test/eb20c87403d09323d402b3461afbdb0e.jpg,1,9,106.1842031776905,preprocess+forward+postprocess
381,4,Fashionpedia,../fashion_data/raw/fashionpedia/images/test/eb20c87403d09323d402b3461afbdb0e.jpg,1,9,88.38992798700929,preprocess+forward+postprocess
381,5,Fashionpedia,../fashion_data/raw/fashionpedia/images/test/eb20c87403d09323d402b3461afbdb0e.jpg,1,9,102.26841969415545,preprocess+forward+postprocess
382,1,Fashionpedia,../fashion_data/raw/fashionpedia/images/test/ebf78f93576a0c6222dc50801fd113c6.jpg,1,3,90.02918982878327,preprocess+forward+postprocess
382,2,Fashionpedia,../fashion_data/raw/fashionpedia/images/test/ebf78f93576a0c6222dc50801fd113c6.jpg,1,3,89.34462442994118,preprocess+forward+postprocess
382,3,Fashionpedia,../fashion_data/raw/fashionpedia/images/test/ebf78f93576a0c6222dc50801fd113c6.jpg,1,3,87.69859839230776,preprocess+forward+postprocess
382,4,Fashionpedia,../fashion_data/raw/fashionpedia/images/test/ebf78f93576a0c6222dc50801fd113c6.jpg,1,3,87.25460804998875,preprocess+forward+postprocess
382,5,Fashionpedia,../fashion_data/raw/fashionpedia/images/test/ebf78f93576a0c6222dc50801fd113c6.jpg,1,3,87.59599411860108,preprocess+forward+postprocess
383,1,Fashionpedia,../fashion_data/raw/fashionpedia/images/test/ec87f9472aa1aa6a6fb6fa44add1357a.jpg,1,4,108.23975410312414,preprocess+forward+postprocess
383,2,Fashionpedia,../fashion_data/raw/fashionpedia/images/test/ec87f9472aa1aa6a6fb6fa44add1357a.jpg,1,4,111.46060097962618,preprocess+forward+postprocess
383,3,Fashionpedia,../fashion_data/raw/fashionpedia/images/test/ec87f9472aa1aa6a6fb6fa44add1357a.jpg,1,4,109.40979002043605,preprocess+forward+postprocess
383,4,Fashionpedia,../fashion_data/raw/fashionpedia/images/test/ec87f9472aa1aa6a6fb6fa44add1357a.jpg,1,4,109.41104218363762,preprocess+forward+postprocess
383,5,Fashionpedia,../fashion_data/raw/fashionpedia/images/test/ec87f9472aa1aa6a6fb6fa44add1357a.jpg,1,4,108.04189974442124,preprocess+forward+postprocess
384,1,Fashionpedia,../fashion_data/raw/fashionpedia/images/test/ee8429febbbf2ceb90270629d0ae0850.jpg,1,4,42.00709192082286,preprocess+forward+postprocess
384,2,Fashionpedia,../fashion_data/raw/fashionpedia/images/test/ee8429febbbf2ceb90270629d0ae0850.jpg,1,4,43.93756575882435,preprocess+forward+postprocess
384,3,Fashionpedia,../fashion_data/raw/fashionpedia/images/test/ee8429febbbf2ceb90270629d0ae0850.jpg,1,4,28.862858656793833,preprocess+forward+postprocess
384,4,Fashionpedia,../fashion_data/raw/fashionpedia/images/test/ee8429febbbf2ceb90270629d0ae0850.jpg,1,4,32.97807974740863,preprocess+forward+postprocess
384,5,Fashionpedia,../fashion_data/raw/fashionpedia/images/test/ee8429febbbf2ceb90270629d0ae0850.jpg,1,4,29.593903105705976,preprocess+forward+postprocess
385,1,Fashionpedia,../fashion_data/raw/fashionpedia/images/test/ef9f506c8d4345edbb63f7fb54bb2cf5.jpg,1,3,26.02233225479722,preprocess+forward+postprocess
385,2,Fashionpedia,../fashion_data/raw/fashionpedia/images/test/ef9f506c8d4345edbb63f7fb54bb2cf5.jpg,1,3,26.467433664947748,preprocess+forward+postprocess
385,3,Fashionpedia,../fashion_data/raw/fashionpedia/images/test/ef9f506c8d4345edbb63f7fb54bb2cf5.jpg,1,3,25.92962607741356,preprocess+forward+postprocess
385,4,Fashionpedia,../fashion_data/raw/fashionpedia/images/test/ef9f506c8d4345edbb63f7fb54bb2cf5.jpg,1,3,26.47842513397336,preprocess+forward+postprocess
385,5,Fashionpedia,../fashion_data/raw/fashionpedia/images/test/ef9f506c8d4345edbb63f7fb54bb2cf5.jpg,1,3,25.572629645466805,preprocess+forward+postprocess
386,1,Fashionpedia,../fashion_data/raw/fashionpedia/images/test/f33e666940ab7cb29212a29d4feda8ad.jpg,1,11,136.98495086282492,preprocess+forward+postprocess
386,2,Fashionpedia,../fashion_data/raw/fashionpedia/images/test/f33e666940ab7cb29212a29d4feda8ad.jpg,1,11,132.45635712519288,preprocess+forward+postprocess
386,3,Fashionpedia,../fashion_data/raw/fashionpedia/images/test/f33e666940ab7cb29212a29d4feda8ad.jpg,1,11,132.6883058063686,preprocess+forward+postprocess
386,4,Fashionpedia,../fashion_data/raw/fashionpedia/images/test/f33e666940ab7cb29212a29d4feda8ad.jpg,1,11,136.51248533278704,preprocess+forward+postprocess
386,5,Fashionpedia,../fashion_data/raw/fashionpedia/images/test/f33e666940ab7cb29212a29d4feda8ad.jpg,1,11,133.2322359085083,preprocess+forward+postprocess
387,1,Fashionpedia,../fashion_data/raw/fashionpedia/images/test/f43143d9807fbb2948474f68d8c6f550.jpg,1,6,102.6260768994689,preprocess+forward+postprocess
387,2,Fashionpedia,../fashion_data/raw/fashionpedia/images/test/f43143d9807fbb2948474f68d8c6f550.jpg,1,6,117.75716114789248,preprocess+forward+postprocess
387,3,Fashionpedia,../fashion_data/raw/fashionpedia/images/test/f43143d9807fbb2948474f68d8c6f550.jpg,1,6,102.23052790388465,preprocess+forward+postprocess
387,4,Fashionpedia,../fashion_data/raw/fashionpedia/images/test/f43143d9807fbb2948474f68d8c6f550.jpg,1,6,102.73012379184365,preprocess+forward+postprocess
387,5,Fashionpedia,../fashion_data/raw/fashionpedia/images/test/f43143d9807fbb2948474f68d8c6f550.jpg,1,6,114.803038071841,preprocess+forward+postprocess
388,1,Fashionpedia,../fashion_data/raw/fashionpedia/images/test/f4c8049f436b7edcb26c01d3219e14c2.jpg,1,3,40.08753830567002,preprocess+forward+postprocess
388,2,Fashionpedia,../fashion_data/raw/fashionpedia/images/test/f4c8049f436b7edcb26c01d3219e14c2.jpg,1,3,28.487687930464745,preprocess+forward+postprocess
388,3,Fashionpedia,../fashion_data/raw/fashionpedia/images/test/f4c8049f436b7edcb26c01d3219e14c2.jpg,1,3,28.217417187988758,preprocess+forward+postprocess
388,4,Fashionpedia,../fashion_data/raw/fashionpedia/images/test/f4c8049f436b7edcb26c01d3219e14c2.jpg,1,3,28.13894907012582,preprocess+forward+postprocess
388,5,Fashionpedia,../fashion_data/raw/fashionpedia/images/test/f4c8049f436b7edcb26c01d3219e14c2.jpg,1,3,28.03769614547491,preprocess+forward+postprocess
389,1,Fashionpedia,../fashion_data/raw/fashionpedia/images/test/f57152e44f9348050d59a71f9ca7f220.jpg,1,4,86.08828019350767,preprocess+forward+postprocess
389,2,Fashionpedia,../fashion_data/raw/fashionpedia/images/test/f57152e44f9348050d59a71f9ca7f220.jpg,1,4,27.977112215012312,preprocess+forward+postprocess
389,3,Fashionpedia,../fashion_data/raw/fashionpedia/images/test/f57152e44f9348050d59a71f9ca7f220.jpg,1,4,31.498427968472242,preprocess+forward+postprocess
389,4,Fashionpedia,../fashion_data/raw/fashionpedia/images/test/f57152e44f9348050d59a71f9ca7f220.jpg,1,4,28.293622191995382,preprocess+forward+postprocess
389,5,Fashionpedia,../fashion_data/raw/fashionpedia/images/test/f57152e44f9348050d59a71f9ca7f220.jpg,1,4,44.3402579985559,preprocess+forward+postprocess
390,1,Fashionpedia,../fashion_data/raw/fashionpedia/images/test/f8a4762ebff45ddd567bdb9dbb41d0b6.jpg,1,1,27.585180941969156,preprocess+forward+postprocess
390,2,Fashionpedia,../fashion_data/raw/fashionpedia/images/test/f8a4762ebff45ddd567bdb9dbb41d0b6.jpg,1,1,26.10268397256732,preprocess+forward+postprocess
390,3,Fashionpedia,../fashion_data/raw/fashionpedia/images/test/f8a4762ebff45ddd567bdb9dbb41d0b6.jpg,1,1,26.435614097863436,preprocess+forward+postprocess
390,4,Fashionpedia,../fashion_data/raw/fashionpedia/images/test/f8a4762ebff45ddd567bdb9dbb41d0b6.jpg,1,1,27.064133901149035,preprocess+forward+postprocess
390,5,Fashionpedia,../fashion_data/raw/fashionpedia/images/test/f8a4762ebff45ddd567bdb9dbb41d0b6.jpg,1,1,26.312180794775486,preprocess+forward+postprocess
391,1,Fashionpedia,../fashion_data/raw/fashionpedia/images/test/f90c231e3eab5e147368c77592b6a7f7.jpg,1,11,114.81430986896157,preprocess+forward+postprocess
391,2,Fashionpedia,../fashion_data/raw/fashionpedia/images/test/f90c231e3eab5e147368c77592b6a7f7.jpg,1,11,115.35108601674438,preprocess+forward+postprocess
391,3,Fashionpedia,../fashion_data/raw/fashionpedia/images/test/f90c231e3eab5e147368c77592b6a7f7.jpg,1,11,115.99268112331629,preprocess+forward+postprocess
391,4,Fashionpedia,../fashion_data/raw/fashionpedia/images/test/f90c231e3eab5e147368c77592b6a7f7.jpg,1,11,115.41506694629788,preprocess+forward+postprocess
391,5,Fashionpedia,../fashion_data/raw/fashionpedia/images/test/f90c231e3eab5e147368c77592b6a7f7.jpg,1,11,113.5983681306243,preprocess+forward+postprocess
392,1,Fashionpedia,../fashion_data/raw/fashionpedia/images/test/fa3e88c6a313433dd7884ce0abb5d27e.jpg,1,6,80.00836987048388,preprocess+forward+postprocess
392,2,Fashionpedia,../fashion_data/raw/fashionpedia/images/test/fa3e88c6a313433dd7884ce0abb5d27e.jpg,1,6,81.6537351347506,preprocess+forward+postprocess
392,3,Fashionpedia,../fashion_data/raw/fashionpedia/images/test/fa3e88c6a313433dd7884ce0abb5d27e.jpg,1,6,100.07607936859131,preprocess+forward+postprocess
392,4,Fashionpedia,../fashion_data/raw/fashionpedia/images/test/fa3e88c6a313433dd7884ce0abb5d27e.jpg,1,6,98.80771767348051,preprocess+forward+postprocess
392,5,Fashionpedia,../fashion_data/raw/fashionpedia/images/test/fa3e88c6a313433dd7884ce0abb5d27e.jpg,1,6,83.15058890730143,preprocess+forward+postprocess
393,1,Fashionpedia,../fashion_data/raw/fashionpedia/images/test/fa798612385be732aa8a70fb56d8bed0.jpg,1,4,44.36805099248886,preprocess+forward+postprocess
393,2,Fashionpedia,../fashion_data/raw/fashionpedia/images/test/fa798612385be732aa8a70fb56d8bed0.jpg,1,4,29.82800593599677,preprocess+forward+postprocess
393,3,Fashionpedia,../fashion_data/raw/fashionpedia/images/test/fa798612385be732aa8a70fb56d8bed0.jpg,1,4,30.615306925028563,preprocess+forward+postprocess
393,4,Fashionpedia,../fashion_data/raw/fashionpedia/images/test/fa798612385be732aa8a70fb56d8bed0.jpg,1,4,29.47403583675623,preprocess+forward+postprocess
393,5,Fashionpedia,../fashion_data/raw/fashionpedia/images/test/fa798612385be732aa8a70fb56d8bed0.jpg,1,4,28.935677371919155,preprocess+forward+postprocess
394,1,Fashionpedia,../fashion_data/raw/fashionpedia/images/test/fa8cbbf127e163a2f512399049509d90.jpg,1,6,78.1004480086267,preprocess+forward+postprocess
394,2,Fashionpedia,../fashion_data/raw/fashionpedia/images/test/fa8cbbf127e163a2f512399049509d90.jpg,1,6,73.28095519915223,preprocess+forward+postprocess
394,3,Fashionpedia,../fashion_data/raw/fashionpedia/images/test/fa8cbbf127e163a2f512399049509d90.jpg,1,6,76.67048135772347,preprocess+forward+postprocess
394,4,Fashionpedia,../fashion_data/raw/fashionpedia/images/test/fa8cbbf127e163a2f512399049509d90.jpg,1,6,74.00697795674205,preprocess+forward+postprocess
394,5,Fashionpedia,../fashion_data/raw/fashionpedia/images/test/fa8cbbf127e163a2f512399049509d90.jpg,1,6,74.09549690783024,preprocess+forward+postprocess
395,1,Fashionpedia,../fashion_data/raw/fashionpedia/images/test/faef680c9ba90bd6852e6bc759341896.jpg,1,5,114.48035715147853,preprocess+forward+postprocess
395,2,Fashionpedia,../fashion_data/raw/fashionpedia/images/test/faef680c9ba90bd6852e6bc759341896.jpg,1,5,103.39575307443738,preprocess+forward+postprocess
395,3,Fashionpedia,../fashion_data/raw/fashionpedia/images/test/faef680c9ba90bd6852e6bc759341896.jpg,1,5,105.31476605683565,preprocess+forward+postprocess
395,4,Fashionpedia,../fashion_data/raw/fashionpedia/images/test/faef680c9ba90bd6852e6bc759341896.jpg,1,5,102.65310667455196,preprocess+forward+postprocess
395,5,Fashionpedia,../fashion_data/raw/fashionpedia/images/test/faef680c9ba90bd6852e6bc759341896.jpg,1,5,101.84390610083938,preprocess+forward+postprocess
396,1,Fashionpedia,../fashion_data/raw/fashionpedia/images/test/fb81f1a32e154a77e683f309cdf0794a.jpg,1,4,29.944707173854113,preprocess+forward+postprocess
396,2,Fashionpedia,../fashion_data/raw/fashionpedia/images/test/fb81f1a32e154a77e683f309cdf0794a.jpg,1,4,29.15014186874032,preprocess+forward+postprocess
396,3,Fashionpedia,../fashion_data/raw/fashionpedia/images/test/fb81f1a32e154a77e683f309cdf0794a.jpg,1,4,29.791567008942366,preprocess+forward+postprocess
396,4,Fashionpedia,../fashion_data/raw/fashionpedia/images/test/fb81f1a32e154a77e683f309cdf0794a.jpg,1,4,31.23257542029023,preprocess+forward+postprocess
396,5,Fashionpedia,../fashion_data/raw/fashionpedia/images/test/fb81f1a32e154a77e683f309cdf0794a.jpg,1,4,48.95654693245888,preprocess+forward+postprocess
397,1,Fashionpedia,../fashion_data/raw/fashionpedia/images/test/fb8c9b2e3aa874455182d777418321da.jpg,1,4,32.37979719415307,preprocess+forward+postprocess
397,2,Fashionpedia,../fashion_data/raw/fashionpedia/images/test/fb8c9b2e3aa874455182d777418321da.jpg,1,4,37.7261177636683,preprocess+forward+postprocess
397,3,Fashionpedia,../fashion_data/raw/fashionpedia/images/test/fb8c9b2e3aa874455182d777418321da.jpg,1,4,32.17134205624461,preprocess+forward+postprocess
397,4,Fashionpedia,../fashion_data/raw/fashionpedia/images/test/fb8c9b2e3aa874455182d777418321da.jpg,1,4,47.06836165860295,preprocess+forward+postprocess
397,5,Fashionpedia,../fashion_data/raw/fashionpedia/images/test/fb8c9b2e3aa874455182d777418321da.jpg,1,4,31.50914888828993,preprocess+forward+postprocess
398,1,Fashionpedia,../fashion_data/raw/fashionpedia/images/test/fc3ee8e64072d2b42d6a8c2d1e52e2da.jpg,1,3,28.57303014025092,preprocess+forward+postprocess
398,2,Fashionpedia,../fashion_data/raw/fashionpedia/images/test/fc3ee8e64072d2b42d6a8c2d1e52e2da.jpg,1,3,29.62335804477334,preprocess+forward+postprocess
398,3,Fashionpedia,../fashion_data/raw/fashionpedia/images/test/fc3ee8e64072d2b42d6a8c2d1e52e2da.jpg,1,3,45.19252199679613,preprocess+forward+postprocess
398,4,Fashionpedia,../fashion_data/raw/fashionpedia/images/test/fc3ee8e64072d2b42d6a8c2d1e52e2da.jpg,1,3,29.596777632832527,preprocess+forward+postprocess
398,5,Fashionpedia,../fashion_data/raw/fashionpedia/images/test/fc3ee8e64072d2b42d6a8c2d1e52e2da.jpg,1,3,29.211038257926702,preprocess+forward+postprocess
399,1,Fashionpedia,../fashion_data/raw/fashionpedia/images/test/fd567ffad275955ac945eeeacc1fdac5.jpg,1,8,88.10241334140301,preprocess+forward+postprocess
399,2,Fashionpedia,../fashion_data/raw/fashionpedia/images/test/fd567ffad275955ac945eeeacc1fdac5.jpg,1,8,88.91892805695534,preprocess+forward+postprocess
399,3,Fashionpedia,../fashion_data/raw/fashionpedia/images/test/fd567ffad275955ac945eeeacc1fdac5.jpg,1,8,90.15991725027561,preprocess+forward+postprocess
399,4,Fashionpedia,../fashion_data/raw/fashionpedia/images/test/fd567ffad275955ac945eeeacc1fdac5.jpg,1,8,91.1468849517405,preprocess+forward+postprocess
399,5,Fashionpedia,../fashion_data/raw/fashionpedia/images/test/fd567ffad275955ac945eeeacc1fdac5.jpg,1,8,91.69781906530261,preprocess+forward+postprocess
