image_index,timed_pass,source_dataset,source_image,gt_instances,predictions_above_threshold,inference_ms,scope
0,1,DeepFashion2,../fashion_data/raw/train/train/image/000030.jpg,1,0,21.374830044806004,preprocess+forward+postprocess
0,2,DeepFashion2,../fashion_data/raw/train/train/image/000030.jpg,1,0,20.643404219299555,preprocess+forward+postprocess
0,3,DeepFashion2,../fashion_data/raw/train/train/image/000030.jpg,1,0,38.38736703619361,preprocess+forward+postprocess
0,4,DeepFashion2,../fashion_data/raw/train/train/image/000030.jpg,1,0,20.223679021000862,preprocess+forward+postprocess
0,5,DeepFashion2,../fashion_data/raw/train/train/image/000030.jpg,1,0,20.036214031279087,preprocess+forward+postprocess
1,1,DeepFashion2,../fashion_data/raw/train/train/image/002145.jpg,1,0,144.6233899332583,preprocess+forward+postprocess
1,2,DeepFashion2,../fashion_data/raw/train/train/image/002145.jpg,1,0,21.69531723484397,preprocess+forward+postprocess
1,3,DeepFashion2,../fashion_data/raw/train/train/image/002145.jpg,1,0,27.338678017258644,preprocess+forward+postprocess
1,4,DeepFashion2,../fashion_data/raw/train/train/image/002145.jpg,1,0,20.63049003481865,preprocess+forward+postprocess
1,5,DeepFashion2,../fashion_data/raw/train/train/image/002145.jpg,1,0,26.355575304478407,preprocess+forward+postprocess
2,1,DeepFashion2,../fashion_data/raw/train/train/image/002356.jpg,1,4,166.85283835977316,preprocess+forward+postprocess
2,2,DeepFashion2,../fashion_data/raw/train/train/image/002356.jpg,1,4,71.62885600700974,preprocess+forward+postprocess
2,3,DeepFashion2,../fashion_data/raw/train/train/image/002356.jpg,1,4,60.5660998262465,preprocess+forward+postprocess
2,4,DeepFashion2,../fashion_data/raw/train/train/image/002356.jpg,1,4,60.95797289162874,preprocess+forward+postprocess
2,5,DeepFashion2,../fashion_data/raw/train/train/image/002356.jpg,1,4,61.31720310077071,preprocess+forward+postprocess
3,1,DeepFashion2,../fashion_data/raw/train/train/image/002606.jpg,1,2,103.6774362437427,preprocess+forward+postprocess
3,2,DeepFashion2,../fashion_data/raw/train/train/image/002606.jpg,1,2,33.27588411048055,preprocess+forward+postprocess
3,3,DeepFashion2,../fashion_data/raw/train/train/image/002606.jpg,1,2,28.19294622167945,preprocess+forward+postprocess
3,4,DeepFashion2,../fashion_data/raw/train/train/image/002606.jpg,1,2,27.654536068439484,preprocess+forward+postprocess
3,5,DeepFashion2,../fashion_data/raw/train/train/image/002606.jpg,1,2,28.01924617961049,preprocess+forward+postprocess
4,1,DeepFashion2,../fashion_data/raw/train/train/image/003154.jpg,1,2,54.37146499752998,preprocess+forward+postprocess
4,2,DeepFashion2,../fashion_data/raw/train/train/image/003154.jpg,1,2,41.55723191797733,preprocess+forward+postprocess
4,3,DeepFashion2,../fashion_data/raw/train/train/image/003154.jpg,1,2,30.126147903501987,preprocess+forward+postprocess
4,4,DeepFashion2,../fashion_data/raw/train/train/image/003154.jpg,1,2,30.965256970375776,preprocess+forward+postprocess
4,5,DeepFashion2,../fashion_data/raw/train/train/image/003154.jpg,1,2,42.26097417995334,preprocess+forward+postprocess
5,1,DeepFashion2,../fashion_data/raw/train/train/image/003346.jpg,1,3,81.82426914572716,preprocess+forward+postprocess
5,2,DeepFashion2,../fashion_data/raw/train/train/image/003346.jpg,1,3,22.898215800523758,preprocess+forward+postprocess
5,3,DeepFashion2,../fashion_data/raw/train/train/image/003346.jpg,1,3,22.433436010032892,preprocess+forward+postprocess
5,4,DeepFashion2,../fashion_data/raw/train/train/image/003346.jpg,1,3,22.370356135070324,preprocess+forward+postprocess
5,5,DeepFashion2,../fashion_data/raw/train/train/image/003346.jpg,1,3,22.231993731111288,preprocess+forward+postprocess
6,1,DeepFashion2,../fashion_data/raw/train/train/image/008751.jpg,1,0,81.86137024313211,preprocess+forward+postprocess
6,2,DeepFashion2,../fashion_data/raw/train/train/image/008751.jpg,1,0,25.072173681110144,preprocess+forward+postprocess
6,3,DeepFashion2,../fashion_data/raw/train/train/image/008751.jpg,1,0,36.000866908580065,preprocess+forward+postprocess
6,4,DeepFashion2,../fashion_data/raw/train/train/image/008751.jpg,1,0,21.15127583965659,preprocess+forward+postprocess
6,5,DeepFashion2,../fashion_data/raw/train/train/image/008751.jpg,1,0,21.038713864982128,preprocess+forward+postprocess
7,1,DeepFashion2,../fashion_data/raw/train/train/image/009347.jpg,1,5,96.77776508033276,preprocess+forward+postprocess
7,2,DeepFashion2,../fashion_data/raw/train/train/image/009347.jpg,1,5,97.60262817144394,preprocess+forward+postprocess
7,3,DeepFashion2,../fashion_data/raw/train/train/image/009347.jpg,1,5,95.75458709150553,preprocess+forward+postprocess
7,4,DeepFashion2,../fashion_data/raw/train/train/image/009347.jpg,1,5,95.65139189362526,preprocess+forward+postprocess
7,5,DeepFashion2,../fashion_data/raw/train/train/image/009347.jpg,1,5,95.38648929446936,preprocess+forward+postprocess
8,1,DeepFashion2,../fashion_data/raw/train/train/image/009613.jpg,1,0,82.25375274196267,preprocess+forward+postprocess
8,2,DeepFashion2,../fashion_data/raw/train/train/image/009613.jpg,1,0,37.61227894574404,preprocess+forward+postprocess
8,3,DeepFashion2,../fashion_data/raw/train/train/image/009613.jpg,1,0,21.301269996911287,preprocess+forward+postprocess
8,4,DeepFashion2,../fashion_data/raw/train/train/image/009613.jpg,1,0,21.864577662199736,preprocess+forward+postprocess
8,5,DeepFashion2,../fashion_data/raw/train/train/image/009613.jpg,1,0,21.18620276451111,preprocess+forward+postprocess
9,1,DeepFashion2,../fashion_data/raw/train/train/image/009625.jpg,1,1,31.863829120993614,preprocess+forward+postprocess
9,2,DeepFashion2,../fashion_data/raw/train/train/image/009625.jpg,1,1,27.048678137362003,preprocess+forward+postprocess
9,3,DeepFashion2,../fashion_data/raw/train/train/image/009625.jpg,1,1,27.034560684114695,preprocess+forward+postprocess
9,4,DeepFashion2,../fashion_data/raw/train/train/image/009625.jpg,1,1,27.708858717232943,preprocess+forward+postprocess
9,5,DeepFashion2,../fashion_data/raw/train/train/image/009625.jpg,1,1,27.447193395346403,preprocess+forward+postprocess
10,1,DeepFashion2,../fashion_data/raw/train/train/image/010976.jpg,1,0,79.81067523360252,preprocess+forward+postprocess
10,2,DeepFashion2,../fashion_data/raw/train/train/image/010976.jpg,1,0,19.606831949204206,preprocess+forward+postprocess
10,3,DeepFashion2,../fashion_data/raw/train/train/image/010976.jpg,1,0,19.402053207159042,preprocess+forward+postprocess
10,4,DeepFashion2,../fashion_data/raw/train/train/image/010976.jpg,1,0,20.31830884516239,preprocess+forward+postprocess
10,5,DeepFashion2,../fashion_data/raw/train/train/image/010976.jpg,1,0,19.507833756506443,preprocess+forward+postprocess
11,1,DeepFashion2,../fashion_data/raw/train/train/image/011155.jpg,1,1,34.45214172825217,preprocess+forward+postprocess
11,2,DeepFashion2,../fashion_data/raw/train/train/image/011155.jpg,1,1,29.543583746999502,preprocess+forward+postprocess
11,3,DeepFashion2,../fashion_data/raw/train/train/image/011155.jpg,1,1,50.96649518236518,preprocess+forward+postprocess
11,4,DeepFashion2,../fashion_data/raw/train/train/image/011155.jpg,1,1,51.131818909198046,preprocess+forward+postprocess
11,5,DeepFashion2,../fashion_data/raw/train/train/image/011155.jpg,1,1,50.828134175390005,preprocess+forward+postprocess
12,1,DeepFashion2,../fashion_data/raw/train/train/image/011287.jpg,1,1,82.66562270000577,preprocess+forward+postprocess
12,2,DeepFashion2,../fashion_data/raw/train/train/image/011287.jpg,1,1,19.37218615785241,preprocess+forward+postprocess
12,3,DeepFashion2,../fashion_data/raw/train/train/image/011287.jpg,1,1,18.659566063433886,preprocess+forward+postprocess
12,4,DeepFashion2,../fashion_data/raw/train/train/image/011287.jpg,1,1,18.495074938982725,preprocess+forward+postprocess
12,5,DeepFashion2,../fashion_data/raw/train/train/image/011287.jpg,1,1,18.846691120415926,preprocess+forward+postprocess
13,1,DeepFashion2,../fashion_data/raw/train/train/image/013262.jpg,1,3,90.84269311279058,preprocess+forward+postprocess
13,2,DeepFashion2,../fashion_data/raw/train/train/image/013262.jpg,1,3,30.578535050153732,preprocess+forward+postprocess
13,3,DeepFashion2,../fashion_data/raw/train/train/image/013262.jpg,1,3,30.680498108267784,preprocess+forward+postprocess
13,4,DeepFashion2,../fashion_data/raw/train/train/image/013262.jpg,1,3,30.4357442073524,preprocess+forward+postprocess
13,5,DeepFashion2,../fashion_data/raw/train/train/image/013262.jpg,1,3,30.345262959599495,preprocess+forward+postprocess
14,1,DeepFashion2,../fashion_data/raw/train/train/image/013530.jpg,1,4,28.843588195741177,preprocess+forward+postprocess
14,2,DeepFashion2,../fashion_data/raw/train/train/image/013530.jpg,1,4,24.634926114231348,preprocess+forward+postprocess
14,3,DeepFashion2,../fashion_data/raw/train/train/image/013530.jpg,1,4,24.5332233607769,preprocess+forward+postprocess
14,4,DeepFashion2,../fashion_data/raw/train/train/image/013530.jpg,1,4,24.532892275601625,preprocess+forward+postprocess
14,5,DeepFashion2,../fashion_data/raw/train/train/image/013530.jpg,1,4,24.54874338582158,preprocess+forward+postprocess
15,1,DeepFashion2,../fashion_data/raw/train/train/image/014148.jpg,1,1,115.84803881123662,preprocess+forward+postprocess
15,2,DeepFashion2,../fashion_data/raw/train/train/image/014148.jpg,1,1,65.21079782396555,preprocess+forward+postprocess
15,3,DeepFashion2,../fashion_data/raw/train/train/image/014148.jpg,1,1,65.93459006398916,preprocess+forward+postprocess
15,4,DeepFashion2,../fashion_data/raw/train/train/image/014148.jpg,1,1,64.75154776126146,preprocess+forward+postprocess
15,5,DeepFashion2,../fashion_data/raw/train/train/image/014148.jpg,1,1,79.48870398104191,preprocess+forward+postprocess
16,1,DeepFashion2,../fashion_data/raw/train/train/image/015412.jpg,1,4,116.83016130700707,preprocess+forward+postprocess
16,2,DeepFashion2,../fashion_data/raw/train/train/image/015412.jpg,1,4,59.69739379361272,preprocess+forward+postprocess
16,3,DeepFashion2,../fashion_data/raw/train/train/image/015412.jpg,1,4,60.2426971308887,preprocess+forward+postprocess
16,4,DeepFashion2,../fashion_data/raw/train/train/image/015412.jpg,1,4,61.10329693183303,preprocess+forward+postprocess
16,5,DeepFashion2,../fashion_data/raw/train/train/image/015412.jpg,1,4,70.46691467985511,preprocess+forward+postprocess
17,1,DeepFashion2,../fashion_data/raw/train/train/image/015729.jpg,1,1,27.241573203355074,preprocess+forward+postprocess
17,2,DeepFashion2,../fashion_data/raw/train/train/image/015729.jpg,1,1,25.372843723744154,preprocess+forward+postprocess
17,3,DeepFashion2,../fashion_data/raw/train/train/image/015729.jpg,1,1,25.580286979675293,preprocess+forward+postprocess
17,4,DeepFashion2,../fashion_data/raw/train/train/image/015729.jpg,1,1,25.303862988948822,preprocess+forward+postprocess
17,5,DeepFashion2,../fashion_data/raw/train/train/image/015729.jpg,1,1,25.615632999688387,preprocess+forward+postprocess
18,1,DeepFashion2,../fashion_data/raw/train/train/image/016956.jpg,1,1,30.211048666387796,preprocess+forward+postprocess
18,2,DeepFashion2,../fashion_data/raw/train/train/image/016956.jpg,1,1,44.38168182969093,preprocess+forward+postprocess
18,3,DeepFashion2,../fashion_data/raw/train/train/image/016956.jpg,1,1,43.47124695777893,preprocess+forward+postprocess
18,4,DeepFashion2,../fashion_data/raw/train/train/image/016956.jpg,1,1,44.638789258897305,preprocess+forward+postprocess
18,5,DeepFashion2,../fashion_data/raw/train/train/image/016956.jpg,1,1,28.834350872784853,preprocess+forward+postprocess
19,1,DeepFashion2,../fashion_data/raw/train/train/image/017043.jpg,1,1,72.04594602808356,preprocess+forward+postprocess
19,2,DeepFashion2,../fashion_data/raw/train/train/image/017043.jpg,1,1,67.45395716279745,preprocess+forward+postprocess
19,3,DeepFashion2,../fashion_data/raw/train/train/image/017043.jpg,1,1,68.41702107340097,preprocess+forward+postprocess
19,4,DeepFashion2,../fashion_data/raw/train/train/image/017043.jpg,1,1,67.85269314423203,preprocess+forward+postprocess
19,5,DeepFashion2,../fashion_data/raw/train/train/image/017043.jpg,1,1,70.45622495934367,preprocess+forward+postprocess
20,1,DeepFashion2,../fashion_data/raw/train/train/image/017444.jpg,1,3,26.363219134509563,preprocess+forward+postprocess
20,2,DeepFashion2,../fashion_data/raw/train/train/image/017444.jpg,1,3,21.815475076436996,preprocess+forward+postprocess
20,3,DeepFashion2,../fashion_data/raw/train/train/image/017444.jpg,1,3,28.5776243545115,preprocess+forward+postprocess
20,4,DeepFashion2,../fashion_data/raw/train/train/image/017444.jpg,1,3,23.04348023608327,preprocess+forward+postprocess
20,5,DeepFashion2,../fashion_data/raw/train/train/image/017444.jpg,1,3,22.529037203639746,preprocess+forward+postprocess
21,1,DeepFashion2,../fashion_data/raw/train/train/image/019252.jpg,1,0,19.676361698657274,preprocess+forward+postprocess
21,2,DeepFashion2,../fashion_data/raw/train/train/image/019252.jpg,1,0,18.998729065060616,preprocess+forward+postprocess
21,3,DeepFashion2,../fashion_data/raw/train/train/image/019252.jpg,1,0,37.91157528758049,preprocess+forward+postprocess
21,4,DeepFashion2,../fashion_data/raw/train/train/image/019252.jpg,1,0,18.860487267374992,preprocess+forward+postprocess
21,5,DeepFashion2,../fashion_data/raw/train/train/image/019252.jpg,1,0,33.25623692944646,preprocess+forward+postprocess
22,1,DeepFashion2,../fashion_data/raw/train/train/image/019502.jpg,1,2,21.28046192228794,preprocess+forward+postprocess
22,2,DeepFashion2,../fashion_data/raw/train/train/image/019502.jpg,1,2,21.19709411635995,preprocess+forward+postprocess
22,3,DeepFashion2,../fashion_data/raw/train/train/image/019502.jpg,1,2,21.16024401038885,preprocess+forward+postprocess
22,4,DeepFashion2,../fashion_data/raw/train/train/image/019502.jpg,1,2,20.933383144438267,preprocess+forward+postprocess
22,5,DeepFashion2,../fashion_data/raw/train/train/image/019502.jpg,1,2,20.839775912463665,preprocess+forward+postprocess
23,1,DeepFashion2,../fashion_data/raw/train/train/image/020193.jpg,1,0,19.602051936089993,preprocess+forward+postprocess
23,2,DeepFashion2,../fashion_data/raw/train/train/image/020193.jpg,1,0,19.139515701681376,preprocess+forward+postprocess
23,3,DeepFashion2,../fashion_data/raw/train/train/image/020193.jpg,1,0,19.10480996593833,preprocess+forward+postprocess
23,4,DeepFashion2,../fashion_data/raw/train/train/image/020193.jpg,1,0,19.07570520415902,preprocess+forward+postprocess
23,5,DeepFashion2,../fashion_data/raw/train/train/image/020193.jpg,1,0,19.49757430702448,preprocess+forward+postprocess
24,1,DeepFashion2,../fashion_data/raw/train/train/image/021661.jpg,1,2,24.78518011048436,preprocess+forward+postprocess
24,2,DeepFashion2,../fashion_data/raw/train/train/image/021661.jpg,1,2,23.86608999222517,preprocess+forward+postprocess
24,3,DeepFashion2,../fashion_data/raw/train/train/image/021661.jpg,1,2,22.802575025707483,preprocess+forward+postprocess
24,4,DeepFashion2,../fashion_data/raw/train/train/image/021661.jpg,1,2,22.995730862021446,preprocess+forward+postprocess
24,5,DeepFashion2,../fashion_data/raw/train/train/image/021661.jpg,1,2,22.944753989577293,preprocess+forward+postprocess
25,1,DeepFashion2,../fashion_data/raw/train/train/image/021851.jpg,1,1,20.064076874405146,preprocess+forward+postprocess
25,2,DeepFashion2,../fashion_data/raw/train/train/image/021851.jpg,1,1,19.63351108133793,preprocess+forward+postprocess
25,3,DeepFashion2,../fashion_data/raw/train/train/image/021851.jpg,1,1,19.635776057839394,preprocess+forward+postprocess
25,4,DeepFashion2,../fashion_data/raw/train/train/image/021851.jpg,1,1,19.543010275810957,preprocess+forward+postprocess
25,5,DeepFashion2,../fashion_data/raw/train/train/image/021851.jpg,1,1,19.48399795219302,preprocess+forward+postprocess
26,1,DeepFashion2,../fashion_data/raw/train/train/image/022015.jpg,1,4,28.221820015460253,preprocess+forward+postprocess
26,2,DeepFashion2,../fashion_data/raw/train/train/image/022015.jpg,1,4,29.045599978417158,preprocess+forward+postprocess
26,3,DeepFashion2,../fashion_data/raw/train/train/image/022015.jpg,1,4,29.310272075235844,preprocess+forward+postprocess
26,4,DeepFashion2,../fashion_data/raw/train/train/image/022015.jpg,1,4,29.043016023933887,preprocess+forward+postprocess
26,5,DeepFashion2,../fashion_data/raw/train/train/image/022015.jpg,1,4,30.772242229431868,preprocess+forward+postprocess
27,1,DeepFashion2,../fashion_data/raw/train/train/image/022171.jpg,1,0,22.594850976020098,preprocess+forward+postprocess
27,2,DeepFashion2,../fashion_data/raw/train/train/image/022171.jpg,1,0,22.480894811451435,preprocess+forward+postprocess
27,3,DeepFashion2,../fashion_data/raw/train/train/image/022171.jpg,1,0,22.620048839598894,preprocess+forward+postprocess
27,4,DeepFashion2,../fashion_data/raw/train/train/image/022171.jpg,1,0,22.287949919700623,preprocess+forward+postprocess
27,5,DeepFashion2,../fashion_data/raw/train/train/image/022171.jpg,1,0,22.96580420807004,preprocess+forward+postprocess
28,1,DeepFashion2,../fashion_data/raw/train/train/image/023422.jpg,1,5,92.48010301962495,preprocess+forward+postprocess
28,2,DeepFashion2,../fashion_data/raw/train/train/image/023422.jpg,1,5,35.79355403780937,preprocess+forward+postprocess
28,3,DeepFashion2,../fashion_data/raw/train/train/image/023422.jpg,1,5,36.23630199581385,preprocess+forward+postprocess
28,4,DeepFashion2,../fashion_data/raw/train/train/image/023422.jpg,1,5,37.14529285207391,preprocess+forward+postprocess
28,5,DeepFashion2,../fashion_data/raw/train/train/image/023422.jpg,1,5,35.71349196135998,preprocess+forward+postprocess
29,1,DeepFashion2,../fashion_data/raw/train/train/image/024251.jpg,1,0,21.078488789498806,preprocess+forward+postprocess
29,2,DeepFashion2,../fashion_data/raw/train/train/image/024251.jpg,1,0,20.712133962661028,preprocess+forward+postprocess
29,3,DeepFashion2,../fashion_data/raw/train/train/image/024251.jpg,1,0,20.698008127510548,preprocess+forward+postprocess
29,4,DeepFashion2,../fashion_data/raw/train/train/image/024251.jpg,1,0,20.752159878611565,preprocess+forward+postprocess
29,5,DeepFashion2,../fashion_data/raw/train/train/image/024251.jpg,1,0,20.787387154996395,preprocess+forward+postprocess
30,1,DeepFashion2,../fashion_data/raw/train/train/image/025637.jpg,1,1,33.301403280347586,preprocess+forward+postprocess
30,2,DeepFashion2,../fashion_data/raw/train/train/image/025637.jpg,1,1,43.36010664701462,preprocess+forward+postprocess
30,3,DeepFashion2,../fashion_data/raw/train/train/image/025637.jpg,1,1,28.028784785419703,preprocess+forward+postprocess
30,4,DeepFashion2,../fashion_data/raw/train/train/image/025637.jpg,1,1,27.809699065983295,preprocess+forward+postprocess
30,5,DeepFashion2,../fashion_data/raw/train/train/image/025637.jpg,1,1,27.805540710687637,preprocess+forward+postprocess
31,1,DeepFashion2,../fashion_data/raw/train/train/image/026481.jpg,1,0,22.97872817143798,preprocess+forward+postprocess
31,2,DeepFashion2,../fashion_data/raw/train/train/image/026481.jpg,1,0,22.75738911703229,preprocess+forward+postprocess
31,3,DeepFashion2,../fashion_data/raw/train/train/image/026481.jpg,1,0,22.941738832741976,preprocess+forward+postprocess
31,4,DeepFashion2,../fashion_data/raw/train/train/image/026481.jpg,1,0,23.07403925806284,preprocess+forward+postprocess
31,5,DeepFashion2,../fashion_data/raw/train/train/image/026481.jpg,1,0,23.73553067445755,preprocess+forward+postprocess
32,1,DeepFashion2,../fashion_data/raw/train/train/image/027992.jpg,1,4,80.23545891046524,preprocess+forward+postprocess
32,2,DeepFashion2,../fashion_data/raw/train/train/image/027992.jpg,1,4,42.64104412868619,preprocess+forward+postprocess
32,3,DeepFashion2,../fashion_data/raw/train/train/image/027992.jpg,1,4,27.265057899057865,preprocess+forward+postprocess
32,4,DeepFashion2,../fashion_data/raw/train/train/image/027992.jpg,1,4,27.11472287774086,preprocess+forward+postprocess
32,5,DeepFashion2,../fashion_data/raw/train/train/image/027992.jpg,1,4,26.989345904439688,preprocess+forward+postprocess
33,1,DeepFashion2,../fashion_data/raw/train/train/image/029778.jpg,1,0,22.43614988401532,preprocess+forward+postprocess
33,2,DeepFashion2,../fashion_data/raw/train/train/image/029778.jpg,1,0,22.399900946766138,preprocess+forward+postprocess
33,3,DeepFashion2,../fashion_data/raw/train/train/image/029778.jpg,1,0,40.18284706398845,preprocess+forward+postprocess
33,4,DeepFashion2,../fashion_data/raw/train/train/image/029778.jpg,1,0,38.064023945480585,preprocess+forward+postprocess
33,5,DeepFashion2,../fashion_data/raw/train/train/image/029778.jpg,1,0,38.50142331793904,preprocess+forward+postprocess
34,1,DeepFashion2,../fashion_data/raw/train/train/image/030539.jpg,1,0,55.32008223235607,preprocess+forward+postprocess
34,2,DeepFashion2,../fashion_data/raw/train/train/image/030539.jpg,1,0,54.98984595760703,preprocess+forward+postprocess
34,3,DeepFashion2,../fashion_data/raw/train/train/image/030539.jpg,1,0,54.084361996501684,preprocess+forward+postprocess
34,4,DeepFashion2,../fashion_data/raw/train/train/image/030539.jpg,1,0,55.13686500489712,preprocess+forward+postprocess
34,5,DeepFashion2,../fashion_data/raw/train/train/image/030539.jpg,1,0,69.6120448410511,preprocess+forward+postprocess
35,1,DeepFashion2,../fashion_data/raw/train/train/image/030915.jpg,1,0,84.75547190755606,preprocess+forward+postprocess
35,2,DeepFashion2,../fashion_data/raw/train/train/image/030915.jpg,1,0,27.782238088548183,preprocess+forward+postprocess
35,3,DeepFashion2,../fashion_data/raw/train/train/image/030915.jpg,1,0,28.68398604914546,preprocess+forward+postprocess
35,4,DeepFashion2,../fashion_data/raw/train/train/image/030915.jpg,1,0,28.01011921837926,preprocess+forward+postprocess
35,5,DeepFashion2,../fashion_data/raw/train/train/image/030915.jpg,1,0,27.683530934154987,preprocess+forward+postprocess
36,1,DeepFashion2,../fashion_data/raw/train/train/image/031100.jpg,1,1,24.124809075146914,preprocess+forward+postprocess
36,2,DeepFashion2,../fashion_data/raw/train/train/image/031100.jpg,1,1,24.23121128231287,preprocess+forward+postprocess
36,3,DeepFashion2,../fashion_data/raw/train/train/image/031100.jpg,1,1,28.81394186988473,preprocess+forward+postprocess
36,4,DeepFashion2,../fashion_data/raw/train/train/image/031100.jpg,1,1,40.22144014015794,preprocess+forward+postprocess
36,5,DeepFashion2,../fashion_data/raw/train/train/image/031100.jpg,1,1,24.1865161806345,preprocess+forward+postprocess
37,1,DeepFashion2,../fashion_data/raw/train/train/image/032283.jpg,1,1,32.496287021785975,preprocess+forward+postprocess
37,2,DeepFashion2,../fashion_data/raw/train/train/image/032283.jpg,1,1,22.516521625220776,preprocess+forward+postprocess
37,3,DeepFashion2,../fashion_data/raw/train/train/image/032283.jpg,1,1,29.470976907759905,preprocess+forward+postprocess
37,4,DeepFashion2,../fashion_data/raw/train/train/image/032283.jpg,1,1,22.063034120947123,preprocess+forward+postprocess
37,5,DeepFashion2,../fashion_data/raw/train/train/image/032283.jpg,1,1,22.231723181903362,preprocess+forward+postprocess
38,1,DeepFashion2,../fashion_data/raw/train/train/image/033105.jpg,1,1,26.999836321920156,preprocess+forward+postprocess
38,2,DeepFashion2,../fashion_data/raw/train/train/image/033105.jpg,1,1,23.307130206376314,preprocess+forward+postprocess
38,3,DeepFashion2,../fashion_data/raw/train/train/image/033105.jpg,1,1,32.60573511943221,preprocess+forward+postprocess
38,4,DeepFashion2,../fashion_data/raw/train/train/image/033105.jpg,1,1,22.921490017324686,preprocess+forward+postprocess
38,5,DeepFashion2,../fashion_data/raw/train/train/image/033105.jpg,1,1,21.984624676406384,preprocess+forward+postprocess
39,1,DeepFashion2,../fashion_data/raw/train/train/image/034082.jpg,1,1,79.36678268015385,preprocess+forward+postprocess
39,2,DeepFashion2,../fashion_data/raw/train/train/image/034082.jpg,1,1,25.946039240807295,preprocess+forward+postprocess
39,3,DeepFashion2,../fashion_data/raw/train/train/image/034082.jpg,1,1,25.919819250702858,preprocess+forward+postprocess
39,4,DeepFashion2,../fashion_data/raw/train/train/image/034082.jpg,1,1,26.452147867530584,preprocess+forward+postprocess
39,5,DeepFashion2,../fashion_data/raw/train/train/image/034082.jpg,1,1,25.705082342028618,preprocess+forward+postprocess
40,1,DeepFashion2,../fashion_data/raw/train/train/image/034749.jpg,1,3,65.31783100217581,preprocess+forward+postprocess
40,2,DeepFashion2,../fashion_data/raw/train/train/image/034749.jpg,1,3,30.46631207689643,preprocess+forward+postprocess
40,3,DeepFashion2,../fashion_data/raw/train/train/image/034749.jpg,1,3,52.2990389727056,preprocess+forward+postprocess
40,4,DeepFashion2,../fashion_data/raw/train/train/image/034749.jpg,1,3,29.91026919335127,preprocess+forward+postprocess
40,5,DeepFashion2,../fashion_data/raw/train/train/image/034749.jpg,1,3,30.56401712819934,preprocess+forward+postprocess
41,1,DeepFashion2,../fashion_data/raw/train/train/image/035199.jpg,1,2,80.0694739446044,preprocess+forward+postprocess
41,2,DeepFashion2,../fashion_data/raw/train/train/image/035199.jpg,1,2,27.553124353289604,preprocess+forward+postprocess
41,3,DeepFashion2,../fashion_data/raw/train/train/image/035199.jpg,1,2,27.594340965151787,preprocess+forward+postprocess
41,4,DeepFashion2,../fashion_data/raw/train/train/image/035199.jpg,1,2,27.57019642740488,preprocess+forward+postprocess
41,5,DeepFashion2,../fashion_data/raw/train/train/image/035199.jpg,1,2,27.94795110821724,preprocess+forward+postprocess
42,1,DeepFashion2,../fashion_data/raw/train/train/image/035517.jpg,1,1,24.77431995794177,preprocess+forward+postprocess
42,2,DeepFashion2,../fashion_data/raw/train/train/image/035517.jpg,1,1,24.275644682347775,preprocess+forward+postprocess
42,3,DeepFashion2,../fashion_data/raw/train/train/image/035517.jpg,1,1,24.379380978643894,preprocess+forward+postprocess
42,4,DeepFashion2,../fashion_data/raw/train/train/image/035517.jpg,1,1,24.240128230303526,preprocess+forward+postprocess
42,5,DeepFashion2,../fashion_data/raw/train/train/image/035517.jpg,1,1,24.45294102653861,preprocess+forward+postprocess
43,1,DeepFashion2,../fashion_data/raw/train/train/image/035861.jpg,1,3,51.34899029508233,preprocess+forward+postprocess
43,2,DeepFashion2,../fashion_data/raw/train/train/image/035861.jpg,1,3,50.61132228001952,preprocess+forward+postprocess
43,3,DeepFashion2,../fashion_data/raw/train/train/image/035861.jpg,1,3,52.766273729503155,preprocess+forward+postprocess
43,4,DeepFashion2,../fashion_data/raw/train/train/image/035861.jpg,1,3,64.49548294767737,preprocess+forward+postprocess
43,5,DeepFashion2,../fashion_data/raw/train/train/image/035861.jpg,1,3,51.97163904085755,preprocess+forward+postprocess
44,1,DeepFashion2,../fashion_data/raw/train/train/image/036544.jpg,1,4,28.59088871628046,preprocess+forward+postprocess
44,2,DeepFashion2,../fashion_data/raw/train/train/image/036544.jpg,1,4,44.27113197743893,preprocess+forward+postprocess
44,3,DeepFashion2,../fashion_data/raw/train/train/image/036544.jpg,1,4,43.89224387705326,preprocess+forward+postprocess
44,4,DeepFashion2,../fashion_data/raw/train/train/image/036544.jpg,1,4,28.19718373939395,preprocess+forward+postprocess
44,5,DeepFashion2,../fashion_data/raw/train/train/image/036544.jpg,1,4,31.096396036446095,preprocess+forward+postprocess
45,1,DeepFashion2,../fashion_data/raw/train/train/image/036674.jpg,1,0,24.43524682894349,preprocess+forward+postprocess
45,2,DeepFashion2,../fashion_data/raw/train/train/image/036674.jpg,1,0,23.80811981856823,preprocess+forward+postprocess
45,3,DeepFashion2,../fashion_data/raw/train/train/image/036674.jpg,1,0,24.20629421249032,preprocess+forward+postprocess
45,4,DeepFashion2,../fashion_data/raw/train/train/image/036674.jpg,1,0,23.563606198877096,preprocess+forward+postprocess
45,5,DeepFashion2,../fashion_data/raw/train/train/image/036674.jpg,1,0,23.51729804649949,preprocess+forward+postprocess
46,1,DeepFashion2,../fashion_data/raw/train/train/image/037017.jpg,1,1,21.5633069165051,preprocess+forward+postprocess
46,2,DeepFashion2,../fashion_data/raw/train/train/image/037017.jpg,1,1,21.504125092178583,preprocess+forward+postprocess
46,3,DeepFashion2,../fashion_data/raw/train/train/image/037017.jpg,1,1,21.510687191039324,preprocess+forward+postprocess
46,4,DeepFashion2,../fashion_data/raw/train/train/image/037017.jpg,1,1,21.271875128149986,preprocess+forward+postprocess
46,5,DeepFashion2,../fashion_data/raw/train/train/image/037017.jpg,1,1,21.251467056572437,preprocess+forward+postprocess
47,1,DeepFashion2,../fashion_data/raw/train/train/image/037086.jpg,1,1,62.73698154836893,preprocess+forward+postprocess
47,2,DeepFashion2,../fashion_data/raw/train/train/image/037086.jpg,1,1,65.50040608271956,preprocess+forward+postprocess
47,3,DeepFashion2,../fashion_data/raw/train/train/image/037086.jpg,1,1,78.16835306584835,preprocess+forward+postprocess
47,4,DeepFashion2,../fashion_data/raw/train/train/image/037086.jpg,1,1,78.71088990941644,preprocess+forward+postprocess
47,5,DeepFashion2,../fashion_data/raw/train/train/image/037086.jpg,1,1,62.177260871976614,preprocess+forward+postprocess
48,1,DeepFashion2,../fashion_data/raw/train/train/image/039006.jpg,1,2,30.733587685972452,preprocess+forward+postprocess
48,2,DeepFashion2,../fashion_data/raw/train/train/image/039006.jpg,1,2,30.8408010751009,preprocess+forward+postprocess
48,3,DeepFashion2,../fashion_data/raw/train/train/image/039006.jpg,1,2,33.09714514762163,preprocess+forward+postprocess
48,4,DeepFashion2,../fashion_data/raw/train/train/image/039006.jpg,1,2,30.954045709222555,preprocess+forward+postprocess
48,5,DeepFashion2,../fashion_data/raw/train/train/image/039006.jpg,1,2,30.556581914424896,preprocess+forward+postprocess
49,1,DeepFashion2,../fashion_data/raw/train/train/image/039931.jpg,1,2,96.19355807080865,preprocess+forward+postprocess
49,2,DeepFashion2,../fashion_data/raw/train/train/image/039931.jpg,1,2,23.3042249456048,preprocess+forward+postprocess
49,3,DeepFashion2,../fashion_data/raw/train/train/image/039931.jpg,1,2,22.79176376760006,preprocess+forward+postprocess
49,4,DeepFashion2,../fashion_data/raw/train/train/image/039931.jpg,1,2,22.983125876635313,preprocess+forward+postprocess
49,5,DeepFashion2,../fashion_data/raw/train/train/image/039931.jpg,1,2,22.742820903658867,preprocess+forward+postprocess
50,1,DeepFashion2,../fashion_data/raw/train/train/image/040782.jpg,1,0,22.49799808487296,preprocess+forward+postprocess
50,2,DeepFashion2,../fashion_data/raw/train/train/image/040782.jpg,1,0,22.493258118629456,preprocess+forward+postprocess
50,3,DeepFashion2,../fashion_data/raw/train/train/image/040782.jpg,1,0,22.12624391540885,preprocess+forward+postprocess
50,4,DeepFashion2,../fashion_data/raw/train/train/image/040782.jpg,1,0,22.496525198221207,preprocess+forward+postprocess
50,5,DeepFashion2,../fashion_data/raw/train/train/image/040782.jpg,1,0,22.100435104221106,preprocess+forward+postprocess
51,1,DeepFashion2,../fashion_data/raw/train/train/image/040842.jpg,1,3,73.62868310883641,preprocess+forward+postprocess
51,2,DeepFashion2,../fashion_data/raw/train/train/image/040842.jpg,1,3,63.93134407699108,preprocess+forward+postprocess
51,3,DeepFashion2,../fashion_data/raw/train/train/image/040842.jpg,1,3,64.41316707059741,preprocess+forward+postprocess
51,4,DeepFashion2,../fashion_data/raw/train/train/image/040842.jpg,1,3,78.73530685901642,preprocess+forward+postprocess
51,5,DeepFashion2,../fashion_data/raw/train/train/image/040842.jpg,1,3,64.15505800396204,preprocess+forward+postprocess
52,1,DeepFashion2,../fashion_data/raw/train/train/image/041482.jpg,1,1,27.507927734404802,preprocess+forward+postprocess
52,2,DeepFashion2,../fashion_data/raw/train/train/image/041482.jpg,1,1,26.270353700965643,preprocess+forward+postprocess
52,3,DeepFashion2,../fashion_data/raw/train/train/image/041482.jpg,1,1,25.97021497786045,preprocess+forward+postprocess
52,4,DeepFashion2,../fashion_data/raw/train/train/image/041482.jpg,1,1,27.363263070583344,preprocess+forward+postprocess
52,5,DeepFashion2,../fashion_data/raw/train/train/image/041482.jpg,1,1,26.67039120569825,preprocess+forward+postprocess
53,1,DeepFashion2,../fashion_data/raw/train/train/image/041520.jpg,1,0,18.43103300780058,preprocess+forward+postprocess
53,2,DeepFashion2,../fashion_data/raw/train/train/image/041520.jpg,1,0,18.20172928273678,preprocess+forward+postprocess
53,3,DeepFashion2,../fashion_data/raw/train/train/image/041520.jpg,1,0,18.382281064987183,preprocess+forward+postprocess
53,4,DeepFashion2,../fashion_data/raw/train/train/image/041520.jpg,1,0,19.168931990861893,preprocess+forward+postprocess
53,5,DeepFashion2,../fashion_data/raw/train/train/image/041520.jpg,1,0,18.430944066494703,preprocess+forward+postprocess
54,1,DeepFashion2,../fashion_data/raw/train/train/image/042495.jpg,1,1,24.086687248200178,preprocess+forward+postprocess
54,2,DeepFashion2,../fashion_data/raw/train/train/image/042495.jpg,1,1,23.77212094143033,preprocess+forward+postprocess
54,3,DeepFashion2,../fashion_data/raw/train/train/image/042495.jpg,1,1,24.30584281682968,preprocess+forward+postprocess
54,4,DeepFashion2,../fashion_data/raw/train/train/image/042495.jpg,1,1,24.01180611923337,preprocess+forward+postprocess
54,5,DeepFashion2,../fashion_data/raw/train/train/image/042495.jpg,1,1,23.677542340010405,preprocess+forward+postprocess
55,1,DeepFashion2,../fashion_data/raw/train/train/image/043181.jpg,1,0,20.702505949884653,preprocess+forward+postprocess
55,2,DeepFashion2,../fashion_data/raw/train/train/image/043181.jpg,1,0,20.711143035441637,preprocess+forward+postprocess
55,3,DeepFashion2,../fashion_data/raw/train/train/image/043181.jpg,1,0,20.78687585890293,preprocess+forward+postprocess
55,4,DeepFashion2,../fashion_data/raw/train/train/image/043181.jpg,1,0,22.472478915005922,preprocess+forward+postprocess
55,5,DeepFashion2,../fashion_data/raw/train/train/image/043181.jpg,1,0,20.359847228974104,preprocess+forward+postprocess
56,1,DeepFashion2,../fashion_data/raw/train/train/image/043213.jpg,1,4,25.122027844190598,preprocess+forward+postprocess
56,2,DeepFashion2,../fashion_data/raw/train/train/image/043213.jpg,1,4,24.956615176051855,preprocess+forward+postprocess
56,3,DeepFashion2,../fashion_data/raw/train/train/image/043213.jpg,1,4,25.04526311531663,preprocess+forward+postprocess
56,4,DeepFashion2,../fashion_data/raw/train/train/image/043213.jpg,1,4,24.63598782196641,preprocess+forward+postprocess
56,5,DeepFashion2,../fashion_data/raw/train/train/image/043213.jpg,1,4,25.700103025883436,preprocess+forward+postprocess
57,1,DeepFashion2,../fashion_data/raw/train/train/image/043686.jpg,1,2,83.83840415626764,preprocess+forward+postprocess
57,2,DeepFashion2,../fashion_data/raw/train/train/image/043686.jpg,1,2,49.589074682444334,preprocess+forward+postprocess
57,3,DeepFashion2,../fashion_data/raw/train/train/image/043686.jpg,1,2,33.92817918211222,preprocess+forward+postprocess
57,4,DeepFashion2,../fashion_data/raw/train/train/image/043686.jpg,1,2,33.468668814748526,preprocess+forward+postprocess
57,5,DeepFashion2,../fashion_data/raw/train/train/image/043686.jpg,1,2,28.315648436546326,preprocess+forward+postprocess
58,1,DeepFashion2,../fashion_data/raw/train/train/image/044433.jpg,1,2,26.894396170973778,preprocess+forward+postprocess
58,2,DeepFashion2,../fashion_data/raw/train/train/image/044433.jpg,1,2,26.557818055152893,preprocess+forward+postprocess
58,3,DeepFashion2,../fashion_data/raw/train/train/image/044433.jpg,1,2,25.57930490002036,preprocess+forward+postprocess
58,4,DeepFashion2,../fashion_data/raw/train/train/image/044433.jpg,1,2,37.18440793454647,preprocess+forward+postprocess
58,5,DeepFashion2,../fashion_data/raw/train/train/image/044433.jpg,1,2,25.537475012242794,preprocess+forward+postprocess
59,1,DeepFashion2,../fashion_data/raw/train/train/image/046348.jpg,1,1,21.68150059878826,preprocess+forward+postprocess
59,2,DeepFashion2,../fashion_data/raw/train/train/image/046348.jpg,1,1,20.609761122614145,preprocess+forward+postprocess
59,3,DeepFashion2,../fashion_data/raw/train/train/image/046348.jpg,1,1,20.64085891470313,preprocess+forward+postprocess
59,4,DeepFashion2,../fashion_data/raw/train/train/image/046348.jpg,1,1,26.236539240926504,preprocess+forward+postprocess
59,5,DeepFashion2,../fashion_data/raw/train/train/image/046348.jpg,1,1,34.8669677041471,preprocess+forward+postprocess
60,1,DeepFashion2,../fashion_data/raw/train/train/image/046633.jpg,1,4,52.75866994634271,preprocess+forward+postprocess
60,2,DeepFashion2,../fashion_data/raw/train/train/image/046633.jpg,1,4,52.42653097957373,preprocess+forward+postprocess
60,3,DeepFashion2,../fashion_data/raw/train/train/image/046633.jpg,1,4,51.515295170247555,preprocess+forward+postprocess
60,4,DeepFashion2,../fashion_data/raw/train/train/image/046633.jpg,1,4,52.597864996641874,preprocess+forward+postprocess
60,5,DeepFashion2,../fashion_data/raw/train/train/image/046633.jpg,1,4,52.5066121481359,preprocess+forward+postprocess
61,1,DeepFashion2,../fashion_data/raw/train/train/image/048987.jpg,1,3,85.2589150890708,preprocess+forward+postprocess
61,2,DeepFashion2,../fashion_data/raw/train/train/image/048987.jpg,1,3,31.825938262045383,preprocess+forward+postprocess
61,3,DeepFashion2,../fashion_data/raw/train/train/image/048987.jpg,1,3,26.825354900211096,preprocess+forward+postprocess
61,4,DeepFashion2,../fashion_data/raw/train/train/image/048987.jpg,1,3,26.93017292767763,preprocess+forward+postprocess
61,5,DeepFashion2,../fashion_data/raw/train/train/image/048987.jpg,1,3,26.784537825733423,preprocess+forward+postprocess
62,1,DeepFashion2,../fashion_data/raw/train/train/image/049578.jpg,1,1,60.501236002892256,preprocess+forward+postprocess
62,2,DeepFashion2,../fashion_data/raw/train/train/image/049578.jpg,1,1,54.94308704510331,preprocess+forward+postprocess
62,3,DeepFashion2,../fashion_data/raw/train/train/image/049578.jpg,1,1,55.23193487897515,preprocess+forward+postprocess
62,4,DeepFashion2,../fashion_data/raw/train/train/image/049578.jpg,1,1,54.53173816204071,preprocess+forward+postprocess
62,5,DeepFashion2,../fashion_data/raw/train/train/image/049578.jpg,1,1,54.923991207033396,preprocess+forward+postprocess
63,1,DeepFashion2,../fashion_data/raw/train/train/image/050133.jpg,1,2,25.071291718631983,preprocess+forward+postprocess
63,2,DeepFashion2,../fashion_data/raw/train/train/image/050133.jpg,1,2,23.69107771664858,preprocess+forward+postprocess
63,3,DeepFashion2,../fashion_data/raw/train/train/image/050133.jpg,1,2,23.871238809078932,preprocess+forward+postprocess
63,4,DeepFashion2,../fashion_data/raw/train/train/image/050133.jpg,1,2,23.614121600985527,preprocess+forward+postprocess
63,5,DeepFashion2,../fashion_data/raw/train/train/image/050133.jpg,1,2,24.149777367711067,preprocess+forward+postprocess
64,1,DeepFashion2,../fashion_data/raw/train/train/image/050829.jpg,1,1,24.727509822696447,preprocess+forward+postprocess
64,2,DeepFashion2,../fashion_data/raw/train/train/image/050829.jpg,1,1,24.030329659581184,preprocess+forward+postprocess
64,3,DeepFashion2,../fashion_data/raw/train/train/image/050829.jpg,1,1,25.57691978290677,preprocess+forward+postprocess
64,4,DeepFashion2,../fashion_data/raw/train/train/image/050829.jpg,1,1,25.721522979438305,preprocess+forward+postprocess
64,5,DeepFashion2,../fashion_data/raw/train/train/image/050829.jpg,1,1,40.34691909328103,preprocess+forward+postprocess
65,1,DeepFashion2,../fashion_data/raw/train/train/image/051038.jpg,1,2,77.45531061664224,preprocess+forward+postprocess
65,2,DeepFashion2,../fashion_data/raw/train/train/image/051038.jpg,1,2,40.08010309189558,preprocess+forward+postprocess
65,3,DeepFashion2,../fashion_data/raw/train/train/image/051038.jpg,1,2,24.55312991514802,preprocess+forward+postprocess
65,4,DeepFashion2,../fashion_data/raw/train/train/image/051038.jpg,1,2,25.114472955465317,preprocess+forward+postprocess
65,5,DeepFashion2,../fashion_data/raw/train/train/image/051038.jpg,1,2,24.67180509120226,preprocess+forward+postprocess
66,1,DeepFashion2,../fashion_data/raw/train/train/image/053306.jpg,1,3,132.64964520931244,preprocess+forward+postprocess
66,2,DeepFashion2,../fashion_data/raw/train/train/image/053306.jpg,1,3,75.51364414393902,preprocess+forward+postprocess
66,3,DeepFashion2,../fashion_data/raw/train/train/image/053306.jpg,1,3,74.84534801915288,preprocess+forward+postprocess
66,4,DeepFashion2,../fashion_data/raw/train/train/image/053306.jpg,1,3,75.63753891736269,preprocess+forward+postprocess
66,5,DeepFashion2,../fashion_data/raw/train/train/image/053306.jpg,1,3,74.50788794085383,preprocess+forward+postprocess
67,1,DeepFashion2,../fashion_data/raw/train/train/image/053448.jpg,1,1,74.10445436835289,preprocess+forward+postprocess
67,2,DeepFashion2,../fashion_data/raw/train/train/image/053448.jpg,1,1,18.313951790332794,preprocess+forward+postprocess
67,3,DeepFashion2,../fashion_data/raw/train/train/image/053448.jpg,1,1,18.247425090521574,preprocess+forward+postprocess
67,4,DeepFashion2,../fashion_data/raw/train/train/image/053448.jpg,1,1,18.002712167799473,preprocess+forward+postprocess
67,5,DeepFashion2,../fashion_data/raw/train/train/image/053448.jpg,1,1,17.985729966312647,preprocess+forward+postprocess
68,1,DeepFashion2,../fashion_data/raw/train/train/image/053896.jpg,1,0,20.82734275609255,preprocess+forward+postprocess
68,2,DeepFashion2,../fashion_data/raw/train/train/image/053896.jpg,1,0,36.37897176668048,preprocess+forward+postprocess
68,3,DeepFashion2,../fashion_data/raw/train/train/image/053896.jpg,1,0,34.87415099516511,preprocess+forward+postprocess
68,4,DeepFashion2,../fashion_data/raw/train/train/image/053896.jpg,1,0,35.07030289620161,preprocess+forward+postprocess
68,5,DeepFashion2,../fashion_data/raw/train/train/image/053896.jpg,1,0,34.23018101602793,preprocess+forward+postprocess
69,1,DeepFashion2,../fashion_data/raw/train/train/image/055476.jpg,1,3,23.639800027012825,preprocess+forward+postprocess
69,2,DeepFashion2,../fashion_data/raw/train/train/image/055476.jpg,1,3,22.847088985145092,preprocess+forward+postprocess
69,3,DeepFashion2,../fashion_data/raw/train/train/image/055476.jpg,1,3,22.90774416178465,preprocess+forward+postprocess
69,4,DeepFashion2,../fashion_data/raw/train/train/image/055476.jpg,1,3,22.726360242813826,preprocess+forward+postprocess
69,5,DeepFashion2,../fashion_data/raw/train/train/image/055476.jpg,1,3,22.499080281704664,preprocess+forward+postprocess
70,1,DeepFashion2,../fashion_data/raw/train/train/image/060041.jpg,1,2,31.145829241722822,preprocess+forward+postprocess
70,2,DeepFashion2,../fashion_data/raw/train/train/image/060041.jpg,1,2,28.091694228351116,preprocess+forward+postprocess
70,3,DeepFashion2,../fashion_data/raw/train/train/image/060041.jpg,1,2,28.158148750662804,preprocess+forward+postprocess
70,4,DeepFashion2,../fashion_data/raw/train/train/image/060041.jpg,1,2,27.8891590423882,preprocess+forward+postprocess
70,5,DeepFashion2,../fashion_data/raw/train/train/image/060041.jpg,1,2,34.51656410470605,preprocess+forward+postprocess
71,1,DeepFashion2,../fashion_data/raw/train/train/image/061377.jpg,1,3,52.027944941073656,preprocess+forward+postprocess
71,2,DeepFashion2,../fashion_data/raw/train/train/image/061377.jpg,1,3,33.88662030920386,preprocess+forward+postprocess
71,3,DeepFashion2,../fashion_data/raw/train/train/image/061377.jpg,1,3,35.662074107676744,preprocess+forward+postprocess
71,4,DeepFashion2,../fashion_data/raw/train/train/image/061377.jpg,1,3,43.56291005387902,preprocess+forward+postprocess
71,5,DeepFashion2,../fashion_data/raw/train/train/image/061377.jpg,1,3,33.565802965313196,preprocess+forward+postprocess
72,1,DeepFashion2,../fashion_data/raw/train/train/image/062914.jpg,1,2,24.597445037215948,preprocess+forward+postprocess
72,2,DeepFashion2,../fashion_data/raw/train/train/image/062914.jpg,1,2,39.01737881824374,preprocess+forward+postprocess
72,3,DeepFashion2,../fashion_data/raw/train/train/image/062914.jpg,1,2,24.393146857619286,preprocess+forward+postprocess
72,4,DeepFashion2,../fashion_data/raw/train/train/image/062914.jpg,1,2,24.70967685803771,preprocess+forward+postprocess
72,5,DeepFashion2,../fashion_data/raw/train/train/image/062914.jpg,1,2,24.477928411215544,preprocess+forward+postprocess
73,1,DeepFashion2,../fashion_data/raw/train/train/image/063330.jpg,1,4,75.30237408354878,preprocess+forward+postprocess
73,2,DeepFashion2,../fashion_data/raw/train/train/image/063330.jpg,1,4,70.70542499423027,preprocess+forward+postprocess
73,3,DeepFashion2,../fashion_data/raw/train/train/image/063330.jpg,1,4,70.281732827425,preprocess+forward+postprocess
73,4,DeepFashion2,../fashion_data/raw/train/train/image/063330.jpg,1,4,71.0368431173265,preprocess+forward+postprocess
73,5,DeepFashion2,../fashion_data/raw/train/train/image/063330.jpg,1,4,72.46510917320848,preprocess+forward+postprocess
74,1,DeepFashion2,../fashion_data/raw/train/train/image/064444.jpg,1,1,23.285510018467903,preprocess+forward+postprocess
74,2,DeepFashion2,../fashion_data/raw/train/train/image/064444.jpg,1,1,22.957418113946915,preprocess+forward+postprocess
74,3,DeepFashion2,../fashion_data/raw/train/train/image/064444.jpg,1,1,22.840076126158237,preprocess+forward+postprocess
74,4,DeepFashion2,../fashion_data/raw/train/train/image/064444.jpg,1,1,22.762157954275608,preprocess+forward+postprocess
74,5,DeepFashion2,../fashion_data/raw/train/train/image/064444.jpg,1,1,22.8013820014894,preprocess+forward+postprocess
75,1,DeepFashion2,../fashion_data/raw/train/train/image/066524.jpg,1,1,24.687334895133972,preprocess+forward+postprocess
75,2,DeepFashion2,../fashion_data/raw/train/train/image/066524.jpg,1,1,24.265556130558252,preprocess+forward+postprocess
75,3,DeepFashion2,../fashion_data/raw/train/train/image/066524.jpg,1,1,24.45831010118127,preprocess+forward+postprocess
75,4,DeepFashion2,../fashion_data/raw/train/train/image/066524.jpg,1,1,27.41043269634247,preprocess+forward+postprocess
75,5,DeepFashion2,../fashion_data/raw/train/train/image/066524.jpg,1,1,41.512034833431244,preprocess+forward+postprocess
76,1,DeepFashion2,../fashion_data/raw/train/train/image/068565.jpg,1,0,24.97264463454485,preprocess+forward+postprocess
76,2,DeepFashion2,../fashion_data/raw/train/train/image/068565.jpg,1,0,24.534515105187893,preprocess+forward+postprocess
76,3,DeepFashion2,../fashion_data/raw/train/train/image/068565.jpg,1,0,24.422121699899435,preprocess+forward+postprocess
76,4,DeepFashion2,../fashion_data/raw/train/train/image/068565.jpg,1,0,25.71504097431898,preprocess+forward+postprocess
76,5,DeepFashion2,../fashion_data/raw/train/train/image/068565.jpg,1,0,25.072794873267412,preprocess+forward+postprocess
77,1,DeepFashion2,../fashion_data/raw/train/train/image/068996.jpg,1,0,18.98101530969143,preprocess+forward+postprocess
77,2,DeepFashion2,../fashion_data/raw/train/train/image/068996.jpg,1,0,18.672290723770857,preprocess+forward+postprocess
77,3,DeepFashion2,../fashion_data/raw/train/train/image/068996.jpg,1,0,18.325994722545147,preprocess+forward+postprocess
77,4,DeepFashion2,../fashion_data/raw/train/train/image/068996.jpg,1,0,18.230263143777847,preprocess+forward+postprocess
77,5,DeepFashion2,../fashion_data/raw/train/train/image/068996.jpg,1,0,18.39921297505498,preprocess+forward+postprocess
78,1,DeepFashion2,../fashion_data/raw/train/train/image/069374.jpg,1,0,73.5222022049129,preprocess+forward+postprocess
78,2,DeepFashion2,../fashion_data/raw/train/train/image/069374.jpg,1,0,35.34472221508622,preprocess+forward+postprocess
78,3,DeepFashion2,../fashion_data/raw/train/train/image/069374.jpg,1,0,36.57804895192385,preprocess+forward+postprocess
78,4,DeepFashion2,../fashion_data/raw/train/train/image/069374.jpg,1,0,20.511203911155462,preprocess+forward+postprocess
78,5,DeepFashion2,../fashion_data/raw/train/train/image/069374.jpg,1,0,20.956286694854498,preprocess+forward+postprocess
79,1,DeepFashion2,../fashion_data/raw/train/train/image/069587.jpg,1,0,18.42909026890993,preprocess+forward+postprocess
79,2,DeepFashion2,../fashion_data/raw/train/train/image/069587.jpg,1,0,17.864910885691643,preprocess+forward+postprocess
79,3,DeepFashion2,../fashion_data/raw/train/train/image/069587.jpg,1,0,18.057646229863167,preprocess+forward+postprocess
79,4,DeepFashion2,../fashion_data/raw/train/train/image/069587.jpg,1,0,17.661234829574823,preprocess+forward+postprocess
79,5,DeepFashion2,../fashion_data/raw/train/train/image/069587.jpg,1,0,17.933820839971304,preprocess+forward+postprocess
80,1,DeepFashion2,../fashion_data/raw/train/train/image/070551.jpg,1,0,83.72525917366147,preprocess+forward+postprocess
80,2,DeepFashion2,../fashion_data/raw/train/train/image/070551.jpg,1,0,26.716869324445724,preprocess+forward+postprocess
80,3,DeepFashion2,../fashion_data/raw/train/train/image/070551.jpg,1,0,26.762857101857662,preprocess+forward+postprocess
80,4,DeepFashion2,../fashion_data/raw/train/train/image/070551.jpg,1,0,27.19317190349102,preprocess+forward+postprocess
80,5,DeepFashion2,../fashion_data/raw/train/train/image/070551.jpg,1,0,42.67287440598011,preprocess+forward+postprocess
81,1,DeepFashion2,../fashion_data/raw/train/train/image/072874.jpg,1,0,21.019326988607645,preprocess+forward+postprocess
81,2,DeepFashion2,../fashion_data/raw/train/train/image/072874.jpg,1,0,20.80190507695079,preprocess+forward+postprocess
81,3,DeepFashion2,../fashion_data/raw/train/train/image/072874.jpg,1,0,21.304116118699312,preprocess+forward+postprocess
81,4,DeepFashion2,../fashion_data/raw/train/train/image/072874.jpg,1,0,20.836240146309137,preprocess+forward+postprocess
81,5,DeepFashion2,../fashion_data/raw/train/train/image/072874.jpg,1,0,22.306122817099094,preprocess+forward+postprocess
82,1,DeepFashion2,../fashion_data/raw/train/train/image/072899.jpg,1,1,24.705218616873026,preprocess+forward+postprocess
82,2,DeepFashion2,../fashion_data/raw/train/train/image/072899.jpg,1,1,25.027679279446602,preprocess+forward+postprocess
82,3,DeepFashion2,../fashion_data/raw/train/train/image/072899.jpg,1,1,24.624976329505444,preprocess+forward+postprocess
82,4,DeepFashion2,../fashion_data/raw/train/train/image/072899.jpg,1,1,24.441339075565338,preprocess+forward+postprocess
82,5,DeepFashion2,../fashion_data/raw/train/train/image/072899.jpg,1,1,24.4078547693789,preprocess+forward+postprocess
83,1,DeepFashion2,../fashion_data/raw/train/train/image/072975.jpg,1,1,25.52161505445838,preprocess+forward+postprocess
83,2,DeepFashion2,../fashion_data/raw/train/train/image/072975.jpg,1,1,29.34328420087695,preprocess+forward+postprocess
83,3,DeepFashion2,../fashion_data/raw/train/train/image/072975.jpg,1,1,24.865902960300446,preprocess+forward+postprocess
83,4,DeepFashion2,../fashion_data/raw/train/train/image/072975.jpg,1,1,24.893094785511494,preprocess+forward+postprocess
83,5,DeepFashion2,../fashion_data/raw/train/train/image/072975.jpg,1,1,25.155842304229736,preprocess+forward+postprocess
84,1,DeepFashion2,../fashion_data/raw/train/train/image/074407.jpg,1,0,32.17415697872639,preprocess+forward+postprocess
84,2,DeepFashion2,../fashion_data/raw/train/train/image/074407.jpg,1,0,24.728551972657442,preprocess+forward+postprocess
84,3,DeepFashion2,../fashion_data/raw/train/train/image/074407.jpg,1,0,24.92494508624077,preprocess+forward+postprocess
84,4,DeepFashion2,../fashion_data/raw/train/train/image/074407.jpg,1,0,24.690771009773016,preprocess+forward+postprocess
84,5,DeepFashion2,../fashion_data/raw/train/train/image/074407.jpg,1,0,24.985439144074917,preprocess+forward+postprocess
85,1,DeepFashion2,../fashion_data/raw/train/train/image/074544.jpg,1,2,21.736024413257837,preprocess+forward+postprocess
85,2,DeepFashion2,../fashion_data/raw/train/train/image/074544.jpg,1,2,21.67996810749173,preprocess+forward+postprocess
85,3,DeepFashion2,../fashion_data/raw/train/train/image/074544.jpg,1,2,21.665812004357576,preprocess+forward+postprocess
85,4,DeepFashion2,../fashion_data/raw/train/train/image/074544.jpg,1,2,21.84057282283902,preprocess+forward+postprocess
85,5,DeepFashion2,../fashion_data/raw/train/train/image/074544.jpg,1,2,21.778864786028862,preprocess+forward+postprocess
86,1,DeepFashion2,../fashion_data/raw/train/train/image/075048.jpg,1,2,22.883328143507242,preprocess+forward+postprocess
86,2,DeepFashion2,../fashion_data/raw/train/train/image/075048.jpg,1,2,23.27745407819748,preprocess+forward+postprocess
86,3,DeepFashion2,../fashion_data/raw/train/train/image/075048.jpg,1,2,23.956269957125187,preprocess+forward+postprocess
86,4,DeepFashion2,../fashion_data/raw/train/train/image/075048.jpg,1,2,22.76902087032795,preprocess+forward+postprocess
86,5,DeepFashion2,../fashion_data/raw/train/train/image/075048.jpg,1,2,23.064160253852606,preprocess+forward+postprocess
87,1,DeepFashion2,../fashion_data/raw/train/train/image/075414.jpg,1,1,24.419225752353668,preprocess+forward+postprocess
87,2,DeepFashion2,../fashion_data/raw/train/train/image/075414.jpg,1,1,24.458179716020823,preprocess+forward+postprocess
87,3,DeepFashion2,../fashion_data/raw/train/train/image/075414.jpg,1,1,24.34352273121476,preprocess+forward+postprocess
87,4,DeepFashion2,../fashion_data/raw/train/train/image/075414.jpg,1,1,40.0261003524065,preprocess+forward+postprocess
87,5,DeepFashion2,../fashion_data/raw/train/train/image/075414.jpg,1,1,39.911643136292696,preprocess+forward+postprocess
88,1,DeepFashion2,../fashion_data/raw/train/train/image/075511.jpg,1,0,29.9001089297235,preprocess+forward+postprocess
88,2,DeepFashion2,../fashion_data/raw/train/train/image/075511.jpg,1,0,17.78879715129733,preprocess+forward+postprocess
88,3,DeepFashion2,../fashion_data/raw/train/train/image/075511.jpg,1,0,22.724797017872334,preprocess+forward+postprocess
88,4,DeepFashion2,../fashion_data/raw/train/train/image/075511.jpg,1,0,17.96672400087118,preprocess+forward+postprocess
88,5,DeepFashion2,../fashion_data/raw/train/train/image/075511.jpg,1,0,29.977555852383375,preprocess+forward+postprocess
89,1,DeepFashion2,../fashion_data/raw/train/train/image/075663.jpg,1,0,21.141417324543,preprocess+forward+postprocess
89,2,DeepFashion2,../fashion_data/raw/train/train/image/075663.jpg,1,0,20.580525044351816,preprocess+forward+postprocess
89,3,DeepFashion2,../fashion_data/raw/train/train/image/075663.jpg,1,0,20.47193981707096,preprocess+forward+postprocess
89,4,DeepFashion2,../fashion_data/raw/train/train/image/075663.jpg,1,0,20.73500771075487,preprocess+forward+postprocess
89,5,DeepFashion2,../fashion_data/raw/train/train/image/075663.jpg,1,0,20.916973240673542,preprocess+forward+postprocess
90,1,DeepFashion2,../fashion_data/raw/train/train/image/075976.jpg,1,1,25.010637007653713,preprocess+forward+postprocess
90,2,DeepFashion2,../fashion_data/raw/train/train/image/075976.jpg,1,1,24.644664023071527,preprocess+forward+postprocess
90,3,DeepFashion2,../fashion_data/raw/train/train/image/075976.jpg,1,1,24.671825114637613,preprocess+forward+postprocess
90,4,DeepFashion2,../fashion_data/raw/train/train/image/075976.jpg,1,1,25.15349816530943,preprocess+forward+postprocess
90,5,DeepFashion2,../fashion_data/raw/train/train/image/075976.jpg,1,1,24.721829686313868,preprocess+forward+postprocess
91,1,DeepFashion2,../fashion_data/raw/train/train/image/077715.jpg,1,1,26.303686667233706,preprocess+forward+postprocess
91,2,DeepFashion2,../fashion_data/raw/train/train/image/077715.jpg,1,1,26.172487996518612,preprocess+forward+postprocess
91,3,DeepFashion2,../fashion_data/raw/train/train/image/077715.jpg,1,1,26.099720038473606,preprocess+forward+postprocess
91,4,DeepFashion2,../fashion_data/raw/train/train/image/077715.jpg,1,1,26.527530048042536,preprocess+forward+postprocess
91,5,DeepFashion2,../fashion_data/raw/train/train/image/077715.jpg,1,1,40.70540703833103,preprocess+forward+postprocess
92,1,DeepFashion2,../fashion_data/raw/train/train/image/078672.jpg,1,1,26.626817882061005,preprocess+forward+postprocess
92,2,DeepFashion2,../fashion_data/raw/train/train/image/078672.jpg,1,1,25.931261014193296,preprocess+forward+postprocess
92,3,DeepFashion2,../fashion_data/raw/train/train/image/078672.jpg,1,1,26.154453866183758,preprocess+forward+postprocess
92,4,DeepFashion2,../fashion_data/raw/train/train/image/078672.jpg,1,1,25.848334189504385,preprocess+forward+postprocess
92,5,DeepFashion2,../fashion_data/raw/train/train/image/078672.jpg,1,1,25.59607569128275,preprocess+forward+postprocess
93,1,DeepFashion2,../fashion_data/raw/train/train/image/079653.jpg,1,0,18.673002254217863,preprocess+forward+postprocess
93,2,DeepFashion2,../fashion_data/raw/train/train/image/079653.jpg,1,0,18.695132806897163,preprocess+forward+postprocess
93,3,DeepFashion2,../fashion_data/raw/train/train/image/079653.jpg,1,0,18.91097193583846,preprocess+forward+postprocess
93,4,DeepFashion2,../fashion_data/raw/train/train/image/079653.jpg,1,0,33.32467610016465,preprocess+forward+postprocess
93,5,DeepFashion2,../fashion_data/raw/train/train/image/079653.jpg,1,0,22.92767120525241,preprocess+forward+postprocess
94,1,DeepFashion2,../fashion_data/raw/train/train/image/080011.jpg,1,1,65.31600607559085,preprocess+forward+postprocess
94,2,DeepFashion2,../fashion_data/raw/train/train/image/080011.jpg,1,1,60.73015974834561,preprocess+forward+postprocess
94,3,DeepFashion2,../fashion_data/raw/train/train/image/080011.jpg,1,1,65.82245603203773,preprocess+forward+postprocess
94,4,DeepFashion2,../fashion_data/raw/train/train/image/080011.jpg,1,1,61.573897022753954,preprocess+forward+postprocess
94,5,DeepFashion2,../fashion_data/raw/train/train/image/080011.jpg,1,1,65.87295234203339,preprocess+forward+postprocess
95,1,DeepFashion2,../fashion_data/raw/train/train/image/080773.jpg,1,0,20.419530104845762,preprocess+forward+postprocess
95,2,DeepFashion2,../fashion_data/raw/train/train/image/080773.jpg,1,0,20.46662988141179,preprocess+forward+postprocess
95,3,DeepFashion2,../fashion_data/raw/train/train/image/080773.jpg,1,0,20.259045995771885,preprocess+forward+postprocess
95,4,DeepFashion2,../fashion_data/raw/train/train/image/080773.jpg,1,0,20.16004780307412,preprocess+forward+postprocess
95,5,DeepFashion2,../fashion_data/raw/train/train/image/080773.jpg,1,0,20.631893072277308,preprocess+forward+postprocess
96,1,DeepFashion2,../fashion_data/raw/train/train/image/081390.jpg,1,1,22.5732303224504,preprocess+forward+postprocess
96,2,DeepFashion2,../fashion_data/raw/train/train/image/081390.jpg,1,1,23.02479464560747,preprocess+forward+postprocess
96,3,DeepFashion2,../fashion_data/raw/train/train/image/081390.jpg,1,1,22.50464027747512,preprocess+forward+postprocess
96,4,DeepFashion2,../fashion_data/raw/train/train/image/081390.jpg,1,1,23.035665974020958,preprocess+forward+postprocess
96,5,DeepFashion2,../fashion_data/raw/train/train/image/081390.jpg,1,1,36.37375216931105,preprocess+forward+postprocess
97,1,DeepFashion2,../fashion_data/raw/train/train/image/081541.jpg,1,3,64.69644280150533,preprocess+forward+postprocess
97,2,DeepFashion2,../fashion_data/raw/train/train/image/081541.jpg,1,3,65.03321090713143,preprocess+forward+postprocess
97,3,DeepFashion2,../fashion_data/raw/train/train/image/081541.jpg,1,3,77.79905200004578,preprocess+forward+postprocess
97,4,DeepFashion2,../fashion_data/raw/train/train/image/081541.jpg,1,3,64.20471100136638,preprocess+forward+postprocess
97,5,DeepFashion2,../fashion_data/raw/train/train/image/081541.jpg,1,3,67.86138797178864,preprocess+forward+postprocess
98,1,DeepFashion2,../fashion_data/raw/train/train/image/081549.jpg,1,3,55.382910184562206,preprocess+forward+postprocess
98,2,DeepFashion2,../fashion_data/raw/train/train/image/081549.jpg,1,3,53.59275918453932,preprocess+forward+postprocess
98,3,DeepFashion2,../fashion_data/raw/train/train/image/081549.jpg,1,3,53.97745780646801,preprocess+forward+postprocess
98,4,DeepFashion2,../fashion_data/raw/train/train/image/081549.jpg,1,3,53.44618111848831,preprocess+forward+postprocess
98,5,DeepFashion2,../fashion_data/raw/train/train/image/081549.jpg,1,3,55.07135018706322,preprocess+forward+postprocess
99,1,DeepFashion2,../fashion_data/raw/train/train/image/084796.jpg,1,1,22.442222107201815,preprocess+forward+postprocess
99,2,DeepFashion2,../fashion_data/raw/train/train/image/084796.jpg,1,1,21.722428034991026,preprocess+forward+postprocess
99,3,DeepFashion2,../fashion_data/raw/train/train/image/084796.jpg,1,1,21.468207240104675,preprocess+forward+postprocess
99,4,DeepFashion2,../fashion_data/raw/train/train/image/084796.jpg,1,1,21.54538268223405,preprocess+forward+postprocess
99,5,DeepFashion2,../fashion_data/raw/train/train/image/084796.jpg,1,1,21.49749221280217,preprocess+forward+postprocess
100,1,DeepFashion2,../fashion_data/raw/train/train/image/085563.jpg,1,2,36.455607041716576,preprocess+forward+postprocess
100,2,DeepFashion2,../fashion_data/raw/train/train/image/085563.jpg,1,2,40.6243740580976,preprocess+forward+postprocess
100,3,DeepFashion2,../fashion_data/raw/train/train/image/085563.jpg,1,2,24.966933764517307,preprocess+forward+postprocess
100,4,DeepFashion2,../fashion_data/raw/train/train/image/085563.jpg,1,2,24.732189252972603,preprocess+forward+postprocess
100,5,DeepFashion2,../fashion_data/raw/train/train/image/085563.jpg,1,2,25.43510077521205,preprocess+forward+postprocess
101,1,DeepFashion2,../fashion_data/raw/train/train/image/086697.jpg,1,3,27.59360894560814,preprocess+forward+postprocess
101,2,DeepFashion2,../fashion_data/raw/train/train/image/086697.jpg,1,3,25.85226111114025,preprocess+forward+postprocess
101,3,DeepFashion2,../fashion_data/raw/train/train/image/086697.jpg,1,3,25.71526076644659,preprocess+forward+postprocess
101,4,DeepFashion2,../fashion_data/raw/train/train/image/086697.jpg,1,3,26.785409078001976,preprocess+forward+postprocess
101,5,DeepFashion2,../fashion_data/raw/train/train/image/086697.jpg,1,3,25.75232135131955,preprocess+forward+postprocess
102,1,DeepFashion2,../fashion_data/raw/train/train/image/087562.jpg,1,3,42.89660835638642,preprocess+forward+postprocess
102,2,DeepFashion2,../fashion_data/raw/train/train/image/087562.jpg,1,3,38.19321794435382,preprocess+forward+postprocess
102,3,DeepFashion2,../fashion_data/raw/train/train/image/087562.jpg,1,3,30.306167900562286,preprocess+forward+postprocess
102,4,DeepFashion2,../fashion_data/raw/train/train/image/087562.jpg,1,3,30.630812980234623,preprocess+forward+postprocess
102,5,DeepFashion2,../fashion_data/raw/train/train/image/087562.jpg,1,3,29.97130434960127,preprocess+forward+postprocess
103,1,DeepFashion2,../fashion_data/raw/train/train/image/088496.jpg,1,2,22.709458135068417,preprocess+forward+postprocess
103,2,DeepFashion2,../fashion_data/raw/train/train/image/088496.jpg,1,2,22.80907705426216,preprocess+forward+postprocess
103,3,DeepFashion2,../fashion_data/raw/train/train/image/088496.jpg,1,2,22.54839288070798,preprocess+forward+postprocess
103,4,DeepFashion2,../fashion_data/raw/train/train/image/088496.jpg,1,2,22.325810976326466,preprocess+forward+postprocess
103,5,DeepFashion2,../fashion_data/raw/train/train/image/088496.jpg,1,2,23.095748852938414,preprocess+forward+postprocess
104,1,DeepFashion2,../fashion_data/raw/train/train/image/088779.jpg,1,2,21.638389211148024,preprocess+forward+postprocess
104,2,DeepFashion2,../fashion_data/raw/train/train/image/088779.jpg,1,2,21.665701176971197,preprocess+forward+postprocess
104,3,DeepFashion2,../fashion_data/raw/train/train/image/088779.jpg,1,2,21.486049983650446,preprocess+forward+postprocess
104,4,DeepFashion2,../fashion_data/raw/train/train/image/088779.jpg,1,2,20.93776175752282,preprocess+forward+postprocess
104,5,DeepFashion2,../fashion_data/raw/train/train/image/088779.jpg,1,2,20.73075994849205,preprocess+forward+postprocess
105,1,DeepFashion2,../fashion_data/raw/train/train/image/088853.jpg,1,0,116.99915770441294,preprocess+forward+postprocess
105,2,DeepFashion2,../fashion_data/raw/train/train/image/088853.jpg,1,0,63.122620806097984,preprocess+forward+postprocess
105,3,DeepFashion2,../fashion_data/raw/train/train/image/088853.jpg,1,0,63.26204491779208,preprocess+forward+postprocess
105,4,DeepFashion2,../fashion_data/raw/train/train/image/088853.jpg,1,0,63.558577094227076,preprocess+forward+postprocess
105,5,DeepFashion2,../fashion_data/raw/train/train/image/088853.jpg,1,0,64.7447039373219,preprocess+forward+postprocess
106,1,DeepFashion2,../fashion_data/raw/train/train/image/089712.jpg,1,1,26.90340206027031,preprocess+forward+postprocess
106,2,DeepFashion2,../fashion_data/raw/train/train/image/089712.jpg,1,1,26.349161751568317,preprocess+forward+postprocess
106,3,DeepFashion2,../fashion_data/raw/train/train/image/089712.jpg,1,1,26.25190792605281,preprocess+forward+postprocess
106,4,DeepFashion2,../fashion_data/raw/train/train/image/089712.jpg,1,1,26.40010928735137,preprocess+forward+postprocess
106,5,DeepFashion2,../fashion_data/raw/train/train/image/089712.jpg,1,1,26.28196496516466,preprocess+forward+postprocess
107,1,DeepFashion2,../fashion_data/raw/train/train/image/091876.jpg,1,3,26.713603176176548,preprocess+forward+postprocess
107,2,DeepFashion2,../fashion_data/raw/train/train/image/091876.jpg,1,3,30.988541431725025,preprocess+forward+postprocess
107,3,DeepFashion2,../fashion_data/raw/train/train/image/091876.jpg,1,3,26.82188805192709,preprocess+forward+postprocess
107,4,DeepFashion2,../fashion_data/raw/train/train/image/091876.jpg,1,3,26.427119970321655,preprocess+forward+postprocess
107,5,DeepFashion2,../fashion_data/raw/train/train/image/091876.jpg,1,3,43.46171813085675,preprocess+forward+postprocess
108,1,DeepFashion2,../fashion_data/raw/train/train/image/092487.jpg,1,2,69.52976807951927,preprocess+forward+postprocess
108,2,DeepFashion2,../fashion_data/raw/train/train/image/092487.jpg,1,2,55.47664826735854,preprocess+forward+postprocess
108,3,DeepFashion2,../fashion_data/raw/train/train/image/092487.jpg,1,2,55.22999120876193,preprocess+forward+postprocess
108,4,DeepFashion2,../fashion_data/raw/train/train/image/092487.jpg,1,2,55.618155747652054,preprocess+forward+postprocess
108,5,DeepFashion2,../fashion_data/raw/train/train/image/092487.jpg,1,2,55.290184915065765,preprocess+forward+postprocess
109,1,DeepFashion2,../fashion_data/raw/train/train/image/093489.jpg,1,1,58.19238303229213,preprocess+forward+postprocess
109,2,DeepFashion2,../fashion_data/raw/train/train/image/093489.jpg,1,1,58.469526935368776,preprocess+forward+postprocess
109,3,DeepFashion2,../fashion_data/raw/train/train/image/093489.jpg,1,1,67.8890198469162,preprocess+forward+postprocess
109,4,DeepFashion2,../fashion_data/raw/train/train/image/093489.jpg,1,1,58.12373198568821,preprocess+forward+postprocess
109,5,DeepFashion2,../fashion_data/raw/train/train/image/093489.jpg,1,1,58.09668079018593,preprocess+forward+postprocess
110,1,DeepFashion2,../fashion_data/raw/train/train/image/094080.jpg,1,3,84.31853214278817,preprocess+forward+postprocess
110,2,DeepFashion2,../fashion_data/raw/train/train/image/094080.jpg,1,3,83.48473301157355,preprocess+forward+postprocess
110,3,DeepFashion2,../fashion_data/raw/train/train/image/094080.jpg,1,3,83.56717927381396,preprocess+forward+postprocess
110,4,DeepFashion2,../fashion_data/raw/train/train/image/094080.jpg,1,3,84.61866062134504,preprocess+forward+postprocess
110,5,DeepFashion2,../fashion_data/raw/train/train/image/094080.jpg,1,3,83.8244161568582,preprocess+forward+postprocess
111,1,DeepFashion2,../fashion_data/raw/train/train/image/095959.jpg,1,1,23.04873988032341,preprocess+forward+postprocess
111,2,DeepFashion2,../fashion_data/raw/train/train/image/095959.jpg,1,1,23.062546737492085,preprocess+forward+postprocess
111,3,DeepFashion2,../fashion_data/raw/train/train/image/095959.jpg,1,1,22.788267116993666,preprocess+forward+postprocess
111,4,DeepFashion2,../fashion_data/raw/train/train/image/095959.jpg,1,1,23.139161989092827,preprocess+forward+postprocess
111,5,DeepFashion2,../fashion_data/raw/train/train/image/095959.jpg,1,1,22.722884081304073,preprocess+forward+postprocess
112,1,DeepFashion2,../fashion_data/raw/train/train/image/096677.jpg,1,1,24.04451696202159,preprocess+forward+postprocess
112,2,DeepFashion2,../fashion_data/raw/train/train/image/096677.jpg,1,1,23.02537579089403,preprocess+forward+postprocess
112,3,DeepFashion2,../fashion_data/raw/train/train/image/096677.jpg,1,1,22.628212813287973,preprocess+forward+postprocess
112,4,DeepFashion2,../fashion_data/raw/train/train/image/096677.jpg,1,1,22.780651692301035,preprocess+forward+postprocess
112,5,DeepFashion2,../fashion_data/raw/train/train/image/096677.jpg,1,1,32.31952199712396,preprocess+forward+postprocess
113,1,DeepFashion2,../fashion_data/raw/train/train/image/097072.jpg,1,1,26.420647744089365,preprocess+forward+postprocess
113,2,DeepFashion2,../fashion_data/raw/train/train/image/097072.jpg,1,1,24.777664802968502,preprocess+forward+postprocess
113,3,DeepFashion2,../fashion_data/raw/train/train/image/097072.jpg,1,1,27.012588921934366,preprocess+forward+postprocess
113,4,DeepFashion2,../fashion_data/raw/train/train/image/097072.jpg,1,1,24.77716375142336,preprocess+forward+postprocess
113,5,DeepFashion2,../fashion_data/raw/train/train/image/097072.jpg,1,1,25.233999826014042,preprocess+forward+postprocess
114,1,DeepFashion2,../fashion_data/raw/train/train/image/097372.jpg,1,0,32.05693466588855,preprocess+forward+postprocess
114,2,DeepFashion2,../fashion_data/raw/train/train/image/097372.jpg,1,0,26.01520996540785,preprocess+forward+postprocess
114,3,DeepFashion2,../fashion_data/raw/train/train/image/097372.jpg,1,0,28.05260894820094,preprocess+forward+postprocess
114,4,DeepFashion2,../fashion_data/raw/train/train/image/097372.jpg,1,0,25.826392229646444,preprocess+forward+postprocess
114,5,DeepFashion2,../fashion_data/raw/train/train/image/097372.jpg,1,0,26.08857909217477,preprocess+forward+postprocess
115,1,DeepFashion2,../fashion_data/raw/train/train/image/097678.jpg,1,3,26.699405629187822,preprocess+forward+postprocess
115,2,DeepFashion2,../fashion_data/raw/train/train/image/097678.jpg,1,3,26.040507946163416,preprocess+forward+postprocess
115,3,DeepFashion2,../fashion_data/raw/train/train/image/097678.jpg,1,3,25.83359507843852,preprocess+forward+postprocess
115,4,DeepFashion2,../fashion_data/raw/train/train/image/097678.jpg,1,3,26.24053694307804,preprocess+forward+postprocess
115,5,DeepFashion2,../fashion_data/raw/train/train/image/097678.jpg,1,3,26.32647892460227,preprocess+forward+postprocess
116,1,DeepFashion2,../fashion_data/raw/train/train/image/097814.jpg,1,1,20.392910111695528,preprocess+forward+postprocess
116,2,DeepFashion2,../fashion_data/raw/train/train/image/097814.jpg,1,1,20.23434918373823,preprocess+forward+postprocess
116,3,DeepFashion2,../fashion_data/raw/train/train/image/097814.jpg,1,1,20.287158899009228,preprocess+forward+postprocess
116,4,DeepFashion2,../fashion_data/raw/train/train/image/097814.jpg,1,1,20.363112911581993,preprocess+forward+postprocess
116,5,DeepFashion2,../fashion_data/raw/train/train/image/097814.jpg,1,1,20.251791924238205,preprocess+forward+postprocess
117,1,DeepFashion2,../fashion_data/raw/train/train/image/097970.jpg,1,1,76.49807771667838,preprocess+forward+postprocess
117,2,DeepFashion2,../fashion_data/raw/train/train/image/097970.jpg,1,1,22.05007802695036,preprocess+forward+postprocess
117,3,DeepFashion2,../fashion_data/raw/train/train/image/097970.jpg,1,1,21.484919358044863,preprocess+forward+postprocess
117,4,DeepFashion2,../fashion_data/raw/train/train/image/097970.jpg,1,1,21.662273909896612,preprocess+forward+postprocess
117,5,DeepFashion2,../fashion_data/raw/train/train/image/097970.jpg,1,1,21.772162057459354,preprocess+forward+postprocess
118,1,DeepFashion2,../fashion_data/raw/train/train/image/098699.jpg,1,3,25.08964715525508,preprocess+forward+postprocess
118,2,DeepFashion2,../fashion_data/raw/train/train/image/098699.jpg,1,3,25.062505155801773,preprocess+forward+postprocess
118,3,DeepFashion2,../fashion_data/raw/train/train/image/098699.jpg,1,3,24.99917522072792,preprocess+forward+postprocess
118,4,DeepFashion2,../fashion_data/raw/train/train/image/098699.jpg,1,3,25.09691985324025,preprocess+forward+postprocess
118,5,DeepFashion2,../fashion_data/raw/train/train/image/098699.jpg,1,3,24.831546936184168,preprocess+forward+postprocess
119,1,DeepFashion2,../fashion_data/raw/train/train/image/099616.jpg,1,1,24.085705168545246,preprocess+forward+postprocess
119,2,DeepFashion2,../fashion_data/raw/train/train/image/099616.jpg,1,1,23.494614753872156,preprocess+forward+postprocess
119,3,DeepFashion2,../fashion_data/raw/train/train/image/099616.jpg,1,1,27.034040074795485,preprocess+forward+postprocess
119,4,DeepFashion2,../fashion_data/raw/train/train/image/099616.jpg,1,1,23.12975423410535,preprocess+forward+postprocess
119,5,DeepFashion2,../fashion_data/raw/train/train/image/099616.jpg,1,1,23.23567494750023,preprocess+forward+postprocess
120,1,DeepFashion2,../fashion_data/raw/train/train/image/101001.jpg,1,3,29.839514289051294,preprocess+forward+postprocess
120,2,DeepFashion2,../fashion_data/raw/train/train/image/101001.jpg,1,3,28.47230527549982,preprocess+forward+postprocess
120,3,DeepFashion2,../fashion_data/raw/train/train/image/101001.jpg,1,3,28.252718038856983,preprocess+forward+postprocess
120,4,DeepFashion2,../fashion_data/raw/train/train/image/101001.jpg,1,3,28.513692319393158,preprocess+forward+postprocess
120,5,DeepFashion2,../fashion_data/raw/train/train/image/101001.jpg,1,3,28.628800995647907,preprocess+forward+postprocess
121,1,DeepFashion2,../fashion_data/raw/train/train/image/101410.jpg,1,1,23.08553969487548,preprocess+forward+postprocess
121,2,DeepFashion2,../fashion_data/raw/train/train/image/101410.jpg,1,1,22.834123112261295,preprocess+forward+postprocess
121,3,DeepFashion2,../fashion_data/raw/train/train/image/101410.jpg,1,1,22.616181056946516,preprocess+forward+postprocess
121,4,DeepFashion2,../fashion_data/raw/train/train/image/101410.jpg,1,1,22.893397137522697,preprocess+forward+postprocess
121,5,DeepFashion2,../fashion_data/raw/train/train/image/101410.jpg,1,1,22.50592177733779,preprocess+forward+postprocess
122,1,DeepFashion2,../fashion_data/raw/train/train/image/101691.jpg,1,2,39.70071393996477,preprocess+forward+postprocess
122,2,DeepFashion2,../fashion_data/raw/train/train/image/101691.jpg,1,2,31.070725992321968,preprocess+forward+postprocess
122,3,DeepFashion2,../fashion_data/raw/train/train/image/101691.jpg,1,2,39.94904411956668,preprocess+forward+postprocess
122,4,DeepFashion2,../fashion_data/raw/train/train/image/101691.jpg,1,2,26.822257786989212,preprocess+forward+postprocess
122,5,DeepFashion2,../fashion_data/raw/train/train/image/101691.jpg,1,2,26.866392232477665,preprocess+forward+postprocess
123,1,DeepFashion2,../fashion_data/raw/train/train/image/101965.jpg,1,6,72.88100617006421,preprocess+forward+postprocess
123,2,DeepFashion2,../fashion_data/raw/train/train/image/101965.jpg,1,6,69.3243588320911,preprocess+forward+postprocess
123,3,DeepFashion2,../fashion_data/raw/train/train/image/101965.jpg,1,6,70.18498005345464,preprocess+forward+postprocess
123,4,DeepFashion2,../fashion_data/raw/train/train/image/101965.jpg,1,6,69.66825015842915,preprocess+forward+postprocess
123,5,DeepFashion2,../fashion_data/raw/train/train/image/101965.jpg,1,6,70.29592897742987,preprocess+forward+postprocess
124,1,DeepFashion2,../fashion_data/raw/train/train/image/103585.jpg,1,1,27.182150166481733,preprocess+forward+postprocess
124,2,DeepFashion2,../fashion_data/raw/train/train/image/103585.jpg,1,1,27.0366040058434,preprocess+forward+postprocess
124,3,DeepFashion2,../fashion_data/raw/train/train/image/103585.jpg,1,1,27.083794120699167,preprocess+forward+postprocess
124,4,DeepFashion2,../fashion_data/raw/train/train/image/103585.jpg,1,1,26.979126036167145,preprocess+forward+postprocess
124,5,DeepFashion2,../fashion_data/raw/train/train/image/103585.jpg,1,1,26.924341917037964,preprocess+forward+postprocess
125,1,DeepFashion2,../fashion_data/raw/train/train/image/103669.jpg,1,0,23.758124094456434,preprocess+forward+postprocess
125,2,DeepFashion2,../fashion_data/raw/train/train/image/103669.jpg,1,0,23.380668833851814,preprocess+forward+postprocess
125,3,DeepFashion2,../fashion_data/raw/train/train/image/103669.jpg,1,0,38.94115472212434,preprocess+forward+postprocess
125,4,DeepFashion2,../fashion_data/raw/train/train/image/103669.jpg,1,0,23.24634464457631,preprocess+forward+postprocess
125,5,DeepFashion2,../fashion_data/raw/train/train/image/103669.jpg,1,0,23.02691899240017,preprocess+forward+postprocess
126,1,DeepFashion2,../fashion_data/raw/train/train/image/103900.jpg,1,1,26.038503739982843,preprocess+forward+postprocess
126,2,DeepFashion2,../fashion_data/raw/train/train/image/103900.jpg,1,1,24.892291985452175,preprocess+forward+postprocess
126,3,DeepFashion2,../fashion_data/raw/train/train/image/103900.jpg,1,1,25.000608060508966,preprocess+forward+postprocess
126,4,DeepFashion2,../fashion_data/raw/train/train/image/103900.jpg,1,1,24.599478114396334,preprocess+forward+postprocess
126,5,DeepFashion2,../fashion_data/raw/train/train/image/103900.jpg,1,1,25.059249252080917,preprocess+forward+postprocess
127,1,DeepFashion2,../fashion_data/raw/train/train/image/103981.jpg,1,0,20.60097362846136,preprocess+forward+postprocess
127,2,DeepFashion2,../fashion_data/raw/train/train/image/103981.jpg,1,0,19.98304296284914,preprocess+forward+postprocess
127,3,DeepFashion2,../fashion_data/raw/train/train/image/103981.jpg,1,0,19.768326077610254,preprocess+forward+postprocess
127,4,DeepFashion2,../fashion_data/raw/train/train/image/103981.jpg,1,0,19.916195888072252,preprocess+forward+postprocess
127,5,DeepFashion2,../fashion_data/raw/train/train/image/103981.jpg,1,0,19.65380972251296,preprocess+forward+postprocess
128,1,DeepFashion2,../fashion_data/raw/train/train/image/105675.jpg,1,1,21.048351656645536,preprocess+forward+postprocess
128,2,DeepFashion2,../fashion_data/raw/train/train/image/105675.jpg,1,1,20.671706646680832,preprocess+forward+postprocess
128,3,DeepFashion2,../fashion_data/raw/train/train/image/105675.jpg,1,1,21.438920870423317,preprocess+forward+postprocess
128,4,DeepFashion2,../fashion_data/raw/train/train/image/105675.jpg,1,1,38.3557160384953,preprocess+forward+postprocess
128,5,DeepFashion2,../fashion_data/raw/train/train/image/105675.jpg,1,1,37.47455682605505,preprocess+forward+postprocess
129,1,DeepFashion2,../fashion_data/raw/train/train/image/106984.jpg,1,2,28.38486898690462,preprocess+forward+postprocess
129,2,DeepFashion2,../fashion_data/raw/train/train/image/106984.jpg,1,2,27.37394394353032,preprocess+forward+postprocess
129,3,DeepFashion2,../fashion_data/raw/train/train/image/106984.jpg,1,2,27.446070220321417,preprocess+forward+postprocess
129,4,DeepFashion2,../fashion_data/raw/train/train/image/106984.jpg,1,2,27.078433893620968,preprocess+forward+postprocess
129,5,DeepFashion2,../fashion_data/raw/train/train/image/106984.jpg,1,2,26.91547479480505,preprocess+forward+postprocess
130,1,DeepFashion2,../fashion_data/raw/train/train/image/107020.jpg,1,2,112.71612532436848,preprocess+forward+postprocess
130,2,DeepFashion2,../fashion_data/raw/train/train/image/107020.jpg,1,2,110.95583997666836,preprocess+forward+postprocess
130,3,DeepFashion2,../fashion_data/raw/train/train/image/107020.jpg,1,2,110.71474384516478,preprocess+forward+postprocess
130,4,DeepFashion2,../fashion_data/raw/train/train/image/107020.jpg,1,2,126.8483242020011,preprocess+forward+postprocess
130,5,DeepFashion2,../fashion_data/raw/train/train/image/107020.jpg,1,2,110.67884508520365,preprocess+forward+postprocess
131,1,DeepFashion2,../fashion_data/raw/train/train/image/108419.jpg,1,0,38.34043676033616,preprocess+forward+postprocess
131,2,DeepFashion2,../fashion_data/raw/train/train/image/108419.jpg,1,0,22.603046149015427,preprocess+forward+postprocess
131,3,DeepFashion2,../fashion_data/raw/train/train/image/108419.jpg,1,0,34.66993384063244,preprocess+forward+postprocess
131,4,DeepFashion2,../fashion_data/raw/train/train/image/108419.jpg,1,0,22.43469702079892,preprocess+forward+postprocess
131,5,DeepFashion2,../fashion_data/raw/train/train/image/108419.jpg,1,0,22.293961141258478,preprocess+forward+postprocess
132,1,DeepFashion2,../fashion_data/raw/train/train/image/109570.jpg,1,0,26.974576991051435,preprocess+forward+postprocess
132,2,DeepFashion2,../fashion_data/raw/train/train/image/109570.jpg,1,0,20.48911200836301,preprocess+forward+postprocess
132,3,DeepFashion2,../fashion_data/raw/train/train/image/109570.jpg,1,0,33.48720306530595,preprocess+forward+postprocess
132,4,DeepFashion2,../fashion_data/raw/train/train/image/109570.jpg,1,0,36.42369620501995,preprocess+forward+postprocess
132,5,DeepFashion2,../fashion_data/raw/train/train/image/109570.jpg,1,0,36.100022960454226,preprocess+forward+postprocess
133,1,DeepFashion2,../fashion_data/raw/train/train/image/110451.jpg,1,0,21.166294813156128,preprocess+forward+postprocess
133,2,DeepFashion2,../fashion_data/raw/train/train/image/110451.jpg,1,0,20.63170215114951,preprocess+forward+postprocess
133,3,DeepFashion2,../fashion_data/raw/train/train/image/110451.jpg,1,0,20.493539981544018,preprocess+forward+postprocess
133,4,DeepFashion2,../fashion_data/raw/train/train/image/110451.jpg,1,0,20.621733274310827,preprocess+forward+postprocess
133,5,DeepFashion2,../fashion_data/raw/train/train/image/110451.jpg,1,0,20.60446096584201,preprocess+forward+postprocess
134,1,DeepFashion2,../fashion_data/raw/train/train/image/111518.jpg,1,2,27.105333749204874,preprocess+forward+postprocess
134,2,DeepFashion2,../fashion_data/raw/train/train/image/111518.jpg,1,2,26.583717204630375,preprocess+forward+postprocess
134,3,DeepFashion2,../fashion_data/raw/train/train/image/111518.jpg,1,2,26.572003960609436,preprocess+forward+postprocess
134,4,DeepFashion2,../fashion_data/raw/train/train/image/111518.jpg,1,2,26.89517615363002,preprocess+forward+postprocess
134,5,DeepFashion2,../fashion_data/raw/train/train/image/111518.jpg,1,2,30.336654745042324,preprocess+forward+postprocess
135,1,DeepFashion2,../fashion_data/raw/train/train/image/111944.jpg,1,0,24.13887483999133,preprocess+forward+postprocess
135,2,DeepFashion2,../fashion_data/raw/train/train/image/111944.jpg,1,0,23.1510940939188,preprocess+forward+postprocess
135,3,DeepFashion2,../fashion_data/raw/train/train/image/111944.jpg,1,0,23.070571944117546,preprocess+forward+postprocess
135,4,DeepFashion2,../fashion_data/raw/train/train/image/111944.jpg,1,0,23.047697730362415,preprocess+forward+postprocess
135,5,DeepFashion2,../fashion_data/raw/train/train/image/111944.jpg,1,0,23.78495503216982,preprocess+forward+postprocess
136,1,DeepFashion2,../fashion_data/raw/train/train/image/115766.jpg,1,0,26.486572809517384,preprocess+forward+postprocess
136,2,DeepFashion2,../fashion_data/raw/train/train/image/115766.jpg,1,0,40.33273085951805,preprocess+forward+postprocess
136,3,DeepFashion2,../fashion_data/raw/train/train/image/115766.jpg,1,0,25.315143167972565,preprocess+forward+postprocess
136,4,DeepFashion2,../fashion_data/raw/train/train/image/115766.jpg,1,0,25.13624494895339,preprocess+forward+postprocess
136,5,DeepFashion2,../fashion_data/raw/train/train/image/115766.jpg,1,0,25.014494080096483,preprocess+forward+postprocess
137,1,DeepFashion2,../fashion_data/raw/train/train/image/118508.jpg,1,0,23.197432048618793,preprocess+forward+postprocess
137,2,DeepFashion2,../fashion_data/raw/train/train/image/118508.jpg,1,0,23.010607808828354,preprocess+forward+postprocess
137,3,DeepFashion2,../fashion_data/raw/train/train/image/118508.jpg,1,0,22.620680276304483,preprocess+forward+postprocess
137,4,DeepFashion2,../fashion_data/raw/train/train/image/118508.jpg,1,0,22.774511016905308,preprocess+forward+postprocess
137,5,DeepFashion2,../fashion_data/raw/train/train/image/118508.jpg,1,0,29.38299998641014,preprocess+forward+postprocess
138,1,DeepFashion2,../fashion_data/raw/train/train/image/118514.jpg,1,0,27.069156989455223,preprocess+forward+postprocess
138,2,DeepFashion2,../fashion_data/raw/train/train/image/118514.jpg,1,0,25.479314848780632,preprocess+forward+postprocess
138,3,DeepFashion2,../fashion_data/raw/train/train/image/118514.jpg,1,0,25.98399994894862,preprocess+forward+postprocess
138,4,DeepFashion2,../fashion_data/raw/train/train/image/118514.jpg,1,0,26.0665868408978,preprocess+forward+postprocess
138,5,DeepFashion2,../fashion_data/raw/train/train/image/118514.jpg,1,0,28.669627849012613,preprocess+forward+postprocess
139,1,DeepFashion2,../fashion_data/raw/train/train/image/119318.jpg,1,0,20.342242904007435,preprocess+forward+postprocess
139,2,DeepFashion2,../fashion_data/raw/train/train/image/119318.jpg,1,0,36.02116368710995,preprocess+forward+postprocess
139,3,DeepFashion2,../fashion_data/raw/train/train/image/119318.jpg,1,0,24.66983115300536,preprocess+forward+postprocess
139,4,DeepFashion2,../fashion_data/raw/train/train/image/119318.jpg,1,0,22.008941043168306,preprocess+forward+postprocess
139,5,DeepFashion2,../fashion_data/raw/train/train/image/119318.jpg,1,0,19.774107728153467,preprocess+forward+postprocess
140,1,DeepFashion2,../fashion_data/raw/train/train/image/119420.jpg,1,2,29.246029909700155,preprocess+forward+postprocess
140,2,DeepFashion2,../fashion_data/raw/train/train/image/119420.jpg,1,2,29.837268870323896,preprocess+forward+postprocess
140,3,DeepFashion2,../fashion_data/raw/train/train/image/119420.jpg,1,2,29.660515021532774,preprocess+forward+postprocess
140,4,DeepFashion2,../fashion_data/raw/train/train/image/119420.jpg,1,2,30.542205087840557,preprocess+forward+postprocess
140,5,DeepFashion2,../fashion_data/raw/train/train/image/119420.jpg,1,2,29.170145746320486,preprocess+forward+postprocess
141,1,DeepFashion2,../fashion_data/raw/train/train/image/119698.jpg,1,1,20.992976147681475,preprocess+forward+postprocess
141,2,DeepFashion2,../fashion_data/raw/train/train/image/119698.jpg,1,1,20.56559594348073,preprocess+forward+postprocess
141,3,DeepFashion2,../fashion_data/raw/train/train/image/119698.jpg,1,1,20.627133082598448,preprocess+forward+postprocess
141,4,DeepFashion2,../fashion_data/raw/train/train/image/119698.jpg,1,1,20.871836226433516,preprocess+forward+postprocess
141,5,DeepFashion2,../fashion_data/raw/train/train/image/119698.jpg,1,1,20.916972309350967,preprocess+forward+postprocess
142,1,DeepFashion2,../fashion_data/raw/train/train/image/119825.jpg,1,2,25.26802523061633,preprocess+forward+postprocess
142,2,DeepFashion2,../fashion_data/raw/train/train/image/119825.jpg,1,2,24.7906600125134,preprocess+forward+postprocess
142,3,DeepFashion2,../fashion_data/raw/train/train/image/119825.jpg,1,2,24.89445637911558,preprocess+forward+postprocess
142,4,DeepFashion2,../fashion_data/raw/train/train/image/119825.jpg,1,2,25.182112120091915,preprocess+forward+postprocess
142,5,DeepFashion2,../fashion_data/raw/train/train/image/119825.jpg,1,2,24.339105002582073,preprocess+forward+postprocess
143,1,DeepFashion2,../fashion_data/raw/train/train/image/122874.jpg,1,0,21.299766842275858,preprocess+forward+postprocess
143,2,DeepFashion2,../fashion_data/raw/train/train/image/122874.jpg,1,0,22.705010138452053,preprocess+forward+postprocess
143,3,DeepFashion2,../fashion_data/raw/train/train/image/122874.jpg,1,0,38.20104291662574,preprocess+forward+postprocess
143,4,DeepFashion2,../fashion_data/raw/train/train/image/122874.jpg,1,0,21.01648086681962,preprocess+forward+postprocess
143,5,DeepFashion2,../fashion_data/raw/train/train/image/122874.jpg,1,0,21.258919965475798,preprocess+forward+postprocess
144,1,DeepFashion2,../fashion_data/raw/train/train/image/123996.jpg,1,0,24.3447651155293,preprocess+forward+postprocess
144,2,DeepFashion2,../fashion_data/raw/train/train/image/123996.jpg,1,0,25.997836142778397,preprocess+forward+postprocess
144,3,DeepFashion2,../fashion_data/raw/train/train/image/123996.jpg,1,0,26.871421840041876,preprocess+forward+postprocess
144,4,DeepFashion2,../fashion_data/raw/train/train/image/123996.jpg,1,0,23.69957324117422,preprocess+forward+postprocess
144,5,DeepFashion2,../fashion_data/raw/train/train/image/123996.jpg,1,0,23.643075954169035,preprocess+forward+postprocess
145,1,DeepFashion2,../fashion_data/raw/train/train/image/124000.jpg,1,1,28.731726109981537,preprocess+forward+postprocess
145,2,DeepFashion2,../fashion_data/raw/train/train/image/124000.jpg,1,1,22.52892591059208,preprocess+forward+postprocess
145,3,DeepFashion2,../fashion_data/raw/train/train/image/124000.jpg,1,1,22.231542970985174,preprocess+forward+postprocess
145,4,DeepFashion2,../fashion_data/raw/train/train/image/124000.jpg,1,1,22.46130770072341,preprocess+forward+postprocess
145,5,DeepFashion2,../fashion_data/raw/train/train/image/124000.jpg,1,1,23.24538305401802,preprocess+forward+postprocess
146,1,DeepFashion2,../fashion_data/raw/train/train/image/124376.jpg,1,3,81.88440091907978,preprocess+forward+postprocess
146,2,DeepFashion2,../fashion_data/raw/train/train/image/124376.jpg,1,3,25.044050067663193,preprocess+forward+postprocess
146,3,DeepFashion2,../fashion_data/raw/train/train/image/124376.jpg,1,3,24.790599942207336,preprocess+forward+postprocess
146,4,DeepFashion2,../fashion_data/raw/train/train/image/124376.jpg,1,3,24.55463306978345,preprocess+forward+postprocess
146,5,DeepFashion2,../fashion_data/raw/train/train/image/124376.jpg,1,3,24.717310909181833,preprocess+forward+postprocess
147,1,DeepFashion2,../fashion_data/raw/train/train/image/124649.jpg,1,0,25.30467277392745,preprocess+forward+postprocess
147,2,DeepFashion2,../fashion_data/raw/train/train/image/124649.jpg,1,0,24.83556466177106,preprocess+forward+postprocess
147,3,DeepFashion2,../fashion_data/raw/train/train/image/124649.jpg,1,0,24.603945668786764,preprocess+forward+postprocess
147,4,DeepFashion2,../fashion_data/raw/train/train/image/124649.jpg,1,0,24.406862910836935,preprocess+forward+postprocess
147,5,DeepFashion2,../fashion_data/raw/train/train/image/124649.jpg,1,0,24.406712967902422,preprocess+forward+postprocess
148,1,DeepFashion2,../fashion_data/raw/train/train/image/124654.jpg,1,2,31.965391244739294,preprocess+forward+postprocess
148,2,DeepFashion2,../fashion_data/raw/train/train/image/124654.jpg,1,2,30.485709197819233,preprocess+forward+postprocess
148,3,DeepFashion2,../fashion_data/raw/train/train/image/124654.jpg,1,2,31.1436140909791,preprocess+forward+postprocess
148,4,DeepFashion2,../fashion_data/raw/train/train/image/124654.jpg,1,2,30.671448912471533,preprocess+forward+postprocess
148,5,DeepFashion2,../fashion_data/raw/train/train/image/124654.jpg,1,2,30.28743201866746,preprocess+forward+postprocess
149,1,DeepFashion2,../fashion_data/raw/train/train/image/125522.jpg,1,4,33.07391982525587,preprocess+forward+postprocess
149,2,DeepFashion2,../fashion_data/raw/train/train/image/125522.jpg,1,4,32.6747540384531,preprocess+forward+postprocess
149,3,DeepFashion2,../fashion_data/raw/train/train/image/125522.jpg,1,4,33.12969580292702,preprocess+forward+postprocess
149,4,DeepFashion2,../fashion_data/raw/train/train/image/125522.jpg,1,4,32.1316160261631,preprocess+forward+postprocess
149,5,DeepFashion2,../fashion_data/raw/train/train/image/125522.jpg,1,4,31.778025906533003,preprocess+forward+postprocess
150,1,DeepFashion2,../fashion_data/raw/train/train/image/125781.jpg,1,2,24.177678395062685,preprocess+forward+postprocess
150,2,DeepFashion2,../fashion_data/raw/train/train/image/125781.jpg,1,2,24.180002976208925,preprocess+forward+postprocess
150,3,DeepFashion2,../fashion_data/raw/train/train/image/125781.jpg,1,2,23.728488013148308,preprocess+forward+postprocess
150,4,DeepFashion2,../fashion_data/raw/train/train/image/125781.jpg,1,2,24.444986134767532,preprocess+forward+postprocess
150,5,DeepFashion2,../fashion_data/raw/train/train/image/125781.jpg,1,2,23.943083826452494,preprocess+forward+postprocess
151,1,DeepFashion2,../fashion_data/raw/train/train/image/125786.jpg,1,1,23.101248778402805,preprocess+forward+postprocess
151,2,DeepFashion2,../fashion_data/raw/train/train/image/125786.jpg,1,1,23.621074855327606,preprocess+forward+postprocess
151,3,DeepFashion2,../fashion_data/raw/train/train/image/125786.jpg,1,1,22.812183015048504,preprocess+forward+postprocess
151,4,DeepFashion2,../fashion_data/raw/train/train/image/125786.jpg,1,1,22.53821399062872,preprocess+forward+postprocess
151,5,DeepFashion2,../fashion_data/raw/train/train/image/125786.jpg,1,1,23.031917866319418,preprocess+forward+postprocess
152,1,DeepFashion2,../fashion_data/raw/train/train/image/125906.jpg,1,5,78.99772189557552,preprocess+forward+postprocess
152,2,DeepFashion2,../fashion_data/raw/train/train/image/125906.jpg,1,5,78.87402828782797,preprocess+forward+postprocess
152,3,DeepFashion2,../fashion_data/raw/train/train/image/125906.jpg,1,5,77.46058003976941,preprocess+forward+postprocess
152,4,DeepFashion2,../fashion_data/raw/train/train/image/125906.jpg,1,5,79.44480888545513,preprocess+forward+postprocess
152,5,DeepFashion2,../fashion_data/raw/train/train/image/125906.jpg,1,5,77.84954784438014,preprocess+forward+postprocess
153,1,DeepFashion2,../fashion_data/raw/train/train/image/125923.jpg,1,2,26.00226504728198,preprocess+forward+postprocess
153,2,DeepFashion2,../fashion_data/raw/train/train/image/125923.jpg,1,2,25.710042100399733,preprocess+forward+postprocess
153,3,DeepFashion2,../fashion_data/raw/train/train/image/125923.jpg,1,2,28.279998805373907,preprocess+forward+postprocess
153,4,DeepFashion2,../fashion_data/raw/train/train/image/125923.jpg,1,2,25.72354720905423,preprocess+forward+postprocess
153,5,DeepFashion2,../fashion_data/raw/train/train/image/125923.jpg,1,2,25.394634809345007,preprocess+forward+postprocess
154,1,DeepFashion2,../fashion_data/raw/train/train/image/126631.jpg,1,0,21.68151969090104,preprocess+forward+postprocess
154,2,DeepFashion2,../fashion_data/raw/train/train/image/126631.jpg,1,0,21.391351241618395,preprocess+forward+postprocess
154,3,DeepFashion2,../fashion_data/raw/train/train/image/126631.jpg,1,0,21.06376038864255,preprocess+forward+postprocess
154,4,DeepFashion2,../fashion_data/raw/train/train/image/126631.jpg,1,0,21.102634258568287,preprocess+forward+postprocess
154,5,DeepFashion2,../fashion_data/raw/train/train/image/126631.jpg,1,0,21.937937010079622,preprocess+forward+postprocess
155,1,DeepFashion2,../fashion_data/raw/train/train/image/128253.jpg,1,1,31.385533045977354,preprocess+forward+postprocess
155,2,DeepFashion2,../fashion_data/raw/train/train/image/128253.jpg,1,1,30.35647328943014,preprocess+forward+postprocess
155,3,DeepFashion2,../fashion_data/raw/train/train/image/128253.jpg,1,1,30.16945905983448,preprocess+forward+postprocess
155,4,DeepFashion2,../fashion_data/raw/train/train/image/128253.jpg,1,1,30.293514020740986,preprocess+forward+postprocess
155,5,DeepFashion2,../fashion_data/raw/train/train/image/128253.jpg,1,1,30.525904148817062,preprocess+forward+postprocess
156,1,DeepFashion2,../fashion_data/raw/train/train/image/128608.jpg,1,0,19.614714663475752,preprocess+forward+postprocess
156,2,DeepFashion2,../fashion_data/raw/train/train/image/128608.jpg,1,0,19.889565650373697,preprocess+forward+postprocess
156,3,DeepFashion2,../fashion_data/raw/train/train/image/128608.jpg,1,0,19.986320286989212,preprocess+forward+postprocess
156,4,DeepFashion2,../fashion_data/raw/train/train/image/128608.jpg,1,0,19.415508024394512,preprocess+forward+postprocess
156,5,DeepFashion2,../fashion_data/raw/train/train/image/128608.jpg,1,0,19.410929176956415,preprocess+forward+postprocess
157,1,DeepFashion2,../fashion_data/raw/train/train/image/130381.jpg,1,1,26.97980683296919,preprocess+forward+postprocess
157,2,DeepFashion2,../fashion_data/raw/train/train/image/130381.jpg,1,1,27.223389130085707,preprocess+forward+postprocess
157,3,DeepFashion2,../fashion_data/raw/train/train/image/130381.jpg,1,1,27.492027264088392,preprocess+forward+postprocess
157,4,DeepFashion2,../fashion_data/raw/train/train/image/130381.jpg,1,1,26.985408272594213,preprocess+forward+postprocess
157,5,DeepFashion2,../fashion_data/raw/train/train/image/130381.jpg,1,1,26.558227837085724,preprocess+forward+postprocess
158,1,DeepFashion2,../fashion_data/raw/train/train/image/130702.jpg,1,1,24.17033538222313,preprocess+forward+postprocess
158,2,DeepFashion2,../fashion_data/raw/train/train/image/130702.jpg,1,1,23.814310785382986,preprocess+forward+postprocess
158,3,DeepFashion2,../fashion_data/raw/train/train/image/130702.jpg,1,1,23.97920284420252,preprocess+forward+postprocess
158,4,DeepFashion2,../fashion_data/raw/train/train/image/130702.jpg,1,1,23.7274756655097,preprocess+forward+postprocess
158,5,DeepFashion2,../fashion_data/raw/train/train/image/130702.jpg,1,1,24.157530162483454,preprocess+forward+postprocess
159,1,DeepFashion2,../fashion_data/raw/train/train/image/130980.jpg,1,3,23.17996881902218,preprocess+forward+postprocess
159,2,DeepFashion2,../fashion_data/raw/train/train/image/130980.jpg,1,3,22.69722381606698,preprocess+forward+postprocess
159,3,DeepFashion2,../fashion_data/raw/train/train/image/130980.jpg,1,3,22.86700578406453,preprocess+forward+postprocess
159,4,DeepFashion2,../fashion_data/raw/train/train/image/130980.jpg,1,3,22.957568056881428,preprocess+forward+postprocess
159,5,DeepFashion2,../fashion_data/raw/train/train/image/130980.jpg,1,3,22.85653632134199,preprocess+forward+postprocess
160,1,DeepFashion2,../fashion_data/raw/train/train/image/131577.jpg,1,2,28.78396399319172,preprocess+forward+postprocess
160,2,DeepFashion2,../fashion_data/raw/train/train/image/131577.jpg,1,2,28.91550399363041,preprocess+forward+postprocess
160,3,DeepFashion2,../fashion_data/raw/train/train/image/131577.jpg,1,2,28.978523332625628,preprocess+forward+postprocess
160,4,DeepFashion2,../fashion_data/raw/train/train/image/131577.jpg,1,2,28.631705790758133,preprocess+forward+postprocess
160,5,DeepFashion2,../fashion_data/raw/train/train/image/131577.jpg,1,2,29.33365572243929,preprocess+forward+postprocess
161,1,DeepFashion2,../fashion_data/raw/train/train/image/132895.jpg,1,5,29.934042133390903,preprocess+forward+postprocess
161,2,DeepFashion2,../fashion_data/raw/train/train/image/132895.jpg,1,5,30.711675994098186,preprocess+forward+postprocess
161,3,DeepFashion2,../fashion_data/raw/train/train/image/132895.jpg,1,5,30.182893853634596,preprocess+forward+postprocess
161,4,DeepFashion2,../fashion_data/raw/train/train/image/132895.jpg,1,5,31.495490577071905,preprocess+forward+postprocess
161,5,DeepFashion2,../fashion_data/raw/train/train/image/132895.jpg,1,5,29.989758040755987,preprocess+forward+postprocess
162,1,DeepFashion2,../fashion_data/raw/train/train/image/133015.jpg,1,1,23.66048889234662,preprocess+forward+postprocess
162,2,DeepFashion2,../fashion_data/raw/train/train/image/133015.jpg,1,1,23.628910072147846,preprocess+forward+postprocess
162,3,DeepFashion2,../fashion_data/raw/train/train/image/133015.jpg,1,1,24.201354011893272,preprocess+forward+postprocess
162,4,DeepFashion2,../fashion_data/raw/train/train/image/133015.jpg,1,1,26.87246399000287,preprocess+forward+postprocess
162,5,DeepFashion2,../fashion_data/raw/train/train/image/133015.jpg,1,1,23.473615292459726,preprocess+forward+postprocess
163,1,DeepFashion2,../fashion_data/raw/train/train/image/133136.jpg,1,0,65.13589387759566,preprocess+forward+postprocess
163,2,DeepFashion2,../fashion_data/raw/train/train/image/133136.jpg,1,0,72.4421739578247,preprocess+forward+postprocess
163,3,DeepFashion2,../fashion_data/raw/train/train/image/133136.jpg,1,0,71.48584304377437,preprocess+forward+postprocess
163,4,DeepFashion2,../fashion_data/raw/train/train/image/133136.jpg,1,0,72.59115669876337,preprocess+forward+postprocess
163,5,DeepFashion2,../fashion_data/raw/train/train/image/133136.jpg,1,0,59.24089811742306,preprocess+forward+postprocess
164,1,DeepFashion2,../fashion_data/raw/train/train/image/133235.jpg,1,1,29.24081962555647,preprocess+forward+postprocess
164,2,DeepFashion2,../fashion_data/raw/train/train/image/133235.jpg,1,1,40.29168328270316,preprocess+forward+postprocess
164,3,DeepFashion2,../fashion_data/raw/train/train/image/133235.jpg,1,1,26.607582345604897,preprocess+forward+postprocess
164,4,DeepFashion2,../fashion_data/raw/train/train/image/133235.jpg,1,1,26.602432131767273,preprocess+forward+postprocess
164,5,DeepFashion2,../fashion_data/raw/train/train/image/133235.jpg,1,1,27.073864825069904,preprocess+forward+postprocess
165,1,DeepFashion2,../fashion_data/raw/train/train/image/133276.jpg,1,4,28.396140318363905,preprocess+forward+postprocess
165,2,DeepFashion2,../fashion_data/raw/train/train/image/133276.jpg,1,4,28.56062212958932,preprocess+forward+postprocess
165,3,DeepFashion2,../fashion_data/raw/train/train/image/133276.jpg,1,4,29.743280727416277,preprocess+forward+postprocess
165,4,DeepFashion2,../fashion_data/raw/train/train/image/133276.jpg,1,4,28.712880332022905,preprocess+forward+postprocess
165,5,DeepFashion2,../fashion_data/raw/train/train/image/133276.jpg,1,4,28.96640868857503,preprocess+forward+postprocess
166,1,DeepFashion2,../fashion_data/raw/train/train/image/134988.jpg,1,1,28.475250117480755,preprocess+forward+postprocess
166,2,DeepFashion2,../fashion_data/raw/train/train/image/134988.jpg,1,1,28.061476070433855,preprocess+forward+postprocess
166,3,DeepFashion2,../fashion_data/raw/train/train/image/134988.jpg,1,1,28.287142980843782,preprocess+forward+postprocess
166,4,DeepFashion2,../fashion_data/raw/train/train/image/134988.jpg,1,1,28.19187194108963,preprocess+forward+postprocess
166,5,DeepFashion2,../fashion_data/raw/train/train/image/134988.jpg,1,1,28.21791172027588,preprocess+forward+postprocess
167,1,DeepFashion2,../fashion_data/raw/train/train/image/135480.jpg,1,0,23.697008844465017,preprocess+forward+postprocess
167,2,DeepFashion2,../fashion_data/raw/train/train/image/135480.jpg,1,0,23.43508182093501,preprocess+forward+postprocess
167,3,DeepFashion2,../fashion_data/raw/train/train/image/135480.jpg,1,0,22.89582137018442,preprocess+forward+postprocess
167,4,DeepFashion2,../fashion_data/raw/train/train/image/135480.jpg,1,0,22.87679398432374,preprocess+forward+postprocess
167,5,DeepFashion2,../fashion_data/raw/train/train/image/135480.jpg,1,0,22.93426264077425,preprocess+forward+postprocess
168,1,DeepFashion2,../fashion_data/raw/train/train/image/135885.jpg,1,0,20.868530962616205,preprocess+forward+postprocess
168,2,DeepFashion2,../fashion_data/raw/train/train/image/135885.jpg,1,0,21.096922922879457,preprocess+forward+postprocess
168,3,DeepFashion2,../fashion_data/raw/train/train/image/135885.jpg,1,0,20.66398272290826,preprocess+forward+postprocess
168,4,DeepFashion2,../fashion_data/raw/train/train/image/135885.jpg,1,0,27.1308533847332,preprocess+forward+postprocess
168,5,DeepFashion2,../fashion_data/raw/train/train/image/135885.jpg,1,0,20.361268892884254,preprocess+forward+postprocess
169,1,DeepFashion2,../fashion_data/raw/train/train/image/135934.jpg,1,1,22.33286388218403,preprocess+forward+postprocess
169,2,DeepFashion2,../fashion_data/raw/train/train/image/135934.jpg,1,1,22.121704183518887,preprocess+forward+postprocess
169,3,DeepFashion2,../fashion_data/raw/train/train/image/135934.jpg,1,1,21.54990192502737,preprocess+forward+postprocess
169,4,DeepFashion2,../fashion_data/raw/train/train/image/135934.jpg,1,1,21.70868217945099,preprocess+forward+postprocess
169,5,DeepFashion2,../fashion_data/raw/train/train/image/135934.jpg,1,1,21.66728302836418,preprocess+forward+postprocess
170,1,DeepFashion2,../fashion_data/raw/train/train/image/135937.jpg,1,1,19.39777424558997,preprocess+forward+postprocess
170,2,DeepFashion2,../fashion_data/raw/train/train/image/135937.jpg,1,1,19.024306908249855,preprocess+forward+postprocess
170,3,DeepFashion2,../fashion_data/raw/train/train/image/135937.jpg,1,1,18.955235835164785,preprocess+forward+postprocess
170,4,DeepFashion2,../fashion_data/raw/train/train/image/135937.jpg,1,1,18.829589243978262,preprocess+forward+postprocess
170,5,DeepFashion2,../fashion_data/raw/train/train/image/135937.jpg,1,1,19.706249237060547,preprocess+forward+postprocess
171,1,DeepFashion2,../fashion_data/raw/train/train/image/136524.jpg,1,3,33.30400586128235,preprocess+forward+postprocess
171,2,DeepFashion2,../fashion_data/raw/train/train/image/136524.jpg,1,3,32.85572677850723,preprocess+forward+postprocess
171,3,DeepFashion2,../fashion_data/raw/train/train/image/136524.jpg,1,3,32.765987794846296,preprocess+forward+postprocess
171,4,DeepFashion2,../fashion_data/raw/train/train/image/136524.jpg,1,3,34.91161111742258,preprocess+forward+postprocess
171,5,DeepFashion2,../fashion_data/raw/train/train/image/136524.jpg,1,3,33.27544312924147,preprocess+forward+postprocess
172,1,DeepFashion2,../fashion_data/raw/train/train/image/137266.jpg,1,1,23.10865418985486,preprocess+forward+postprocess
172,2,DeepFashion2,../fashion_data/raw/train/train/image/137266.jpg,1,1,21.255504339933395,preprocess+forward+postprocess
172,3,DeepFashion2,../fashion_data/raw/train/train/image/137266.jpg,1,1,20.885382313281298,preprocess+forward+postprocess
172,4,DeepFashion2,../fashion_data/raw/train/train/image/137266.jpg,1,1,33.617811277508736,preprocess+forward+postprocess
172,5,DeepFashion2,../fashion_data/raw/train/train/image/137266.jpg,1,1,20.323297940194607,preprocess+forward+postprocess
173,1,DeepFashion2,../fashion_data/raw/train/train/image/138553.jpg,1,5,30.533478129655123,preprocess+forward+postprocess
173,2,DeepFashion2,../fashion_data/raw/train/train/image/138553.jpg,1,5,30.443517956882715,preprocess+forward+postprocess
173,3,DeepFashion2,../fashion_data/raw/train/train/image/138553.jpg,1,5,44.68624712899327,preprocess+forward+postprocess
173,4,DeepFashion2,../fashion_data/raw/train/train/image/138553.jpg,1,5,31.02419711649418,preprocess+forward+postprocess
173,5,DeepFashion2,../fashion_data/raw/train/train/image/138553.jpg,1,5,45.79131118953228,preprocess+forward+postprocess
174,1,DeepFashion2,../fashion_data/raw/train/train/image/139497.jpg,1,3,29.13756389170885,preprocess+forward+postprocess
174,2,DeepFashion2,../fashion_data/raw/train/train/image/139497.jpg,1,3,27.41655381396413,preprocess+forward+postprocess
174,3,DeepFashion2,../fashion_data/raw/train/train/image/139497.jpg,1,3,27.27319300174713,preprocess+forward+postprocess
174,4,DeepFashion2,../fashion_data/raw/train/train/image/139497.jpg,1,3,41.3740030489862,preprocess+forward+postprocess
174,5,DeepFashion2,../fashion_data/raw/train/train/image/139497.jpg,1,3,27.620610781013966,preprocess+forward+postprocess
175,1,DeepFashion2,../fashion_data/raw/train/train/image/139827.jpg,1,2,31.084181275218725,preprocess+forward+postprocess
175,2,DeepFashion2,../fashion_data/raw/train/train/image/139827.jpg,1,2,31.380743253976107,preprocess+forward+postprocess
175,3,DeepFashion2,../fashion_data/raw/train/train/image/139827.jpg,1,2,30.66427493467927,preprocess+forward+postprocess
175,4,DeepFashion2,../fashion_data/raw/train/train/image/139827.jpg,1,2,30.993539839982986,preprocess+forward+postprocess
175,5,DeepFashion2,../fashion_data/raw/train/train/image/139827.jpg,1,2,30.920912977308035,preprocess+forward+postprocess
176,1,DeepFashion2,../fashion_data/raw/train/train/image/140249.jpg,1,2,26.626877952367067,preprocess+forward+postprocess
176,2,DeepFashion2,../fashion_data/raw/train/train/image/140249.jpg,1,2,26.11283538863063,preprocess+forward+postprocess
176,3,DeepFashion2,../fashion_data/raw/train/train/image/140249.jpg,1,2,26.600537821650505,preprocess+forward+postprocess
176,4,DeepFashion2,../fashion_data/raw/train/train/image/140249.jpg,1,2,26.348971761763096,preprocess+forward+postprocess
176,5,DeepFashion2,../fashion_data/raw/train/train/image/140249.jpg,1,2,41.4288267493248,preprocess+forward+postprocess
177,1,DeepFashion2,../fashion_data/raw/train/train/image/141653.jpg,1,3,28.497320599853992,preprocess+forward+postprocess
177,2,DeepFashion2,../fashion_data/raw/train/train/image/141653.jpg,1,3,28.966469690203667,preprocess+forward+postprocess
177,3,DeepFashion2,../fashion_data/raw/train/train/image/141653.jpg,1,3,32.05162426456809,preprocess+forward+postprocess
177,4,DeepFashion2,../fashion_data/raw/train/train/image/141653.jpg,1,3,28.006311040371656,preprocess+forward+postprocess
177,5,DeepFashion2,../fashion_data/raw/train/train/image/141653.jpg,1,3,27.933503966778517,preprocess+forward+postprocess
178,1,DeepFashion2,../fashion_data/raw/train/train/image/141721.jpg,1,4,58.02413308992982,preprocess+forward+postprocess
178,2,DeepFashion2,../fashion_data/raw/train/train/image/141721.jpg,1,4,71.53957476839423,preprocess+forward+postprocess
178,3,DeepFashion2,../fashion_data/raw/train/train/image/141721.jpg,1,4,57.99008812755346,preprocess+forward+postprocess
178,4,DeepFashion2,../fashion_data/raw/train/train/image/141721.jpg,1,4,57.22233420237899,preprocess+forward+postprocess
178,5,DeepFashion2,../fashion_data/raw/train/train/image/141721.jpg,1,4,58.44326689839363,preprocess+forward+postprocess
179,1,DeepFashion2,../fashion_data/raw/train/train/image/142272.jpg,1,4,32.65104861930013,preprocess+forward+postprocess
179,2,DeepFashion2,../fashion_data/raw/train/train/image/142272.jpg,1,4,32.862039282917976,preprocess+forward+postprocess
179,3,DeepFashion2,../fashion_data/raw/train/train/image/142272.jpg,1,4,32.969022169709206,preprocess+forward+postprocess
179,4,DeepFashion2,../fashion_data/raw/train/train/image/142272.jpg,1,4,33.685889560729265,preprocess+forward+postprocess
179,5,DeepFashion2,../fashion_data/raw/train/train/image/142272.jpg,1,4,32.71362790837884,preprocess+forward+postprocess
180,1,DeepFashion2,../fashion_data/raw/train/train/image/142660.jpg,1,3,22.18021498993039,preprocess+forward+postprocess
180,2,DeepFashion2,../fashion_data/raw/train/train/image/142660.jpg,1,3,22.19198737293482,preprocess+forward+postprocess
180,3,DeepFashion2,../fashion_data/raw/train/train/image/142660.jpg,1,3,22.094953805208206,preprocess+forward+postprocess
180,4,DeepFashion2,../fashion_data/raw/train/train/image/142660.jpg,1,3,22.03016122803092,preprocess+forward+postprocess
180,5,DeepFashion2,../fashion_data/raw/train/train/image/142660.jpg,1,3,22.142392583191395,preprocess+forward+postprocess
181,1,DeepFashion2,../fashion_data/raw/train/train/image/144966.jpg,1,3,33.47139433026314,preprocess+forward+postprocess
181,2,DeepFashion2,../fashion_data/raw/train/train/image/144966.jpg,1,3,32.857279758900404,preprocess+forward+postprocess
181,3,DeepFashion2,../fashion_data/raw/train/train/image/144966.jpg,1,3,32.27707091718912,preprocess+forward+postprocess
181,4,DeepFashion2,../fashion_data/raw/train/train/image/144966.jpg,1,3,32.59039530530572,preprocess+forward+postprocess
181,5,DeepFashion2,../fashion_data/raw/train/train/image/144966.jpg,1,3,48.19006472826004,preprocess+forward+postprocess
182,1,DeepFashion2,../fashion_data/raw/train/train/image/145118.jpg,1,0,30.655839946120977,preprocess+forward+postprocess
182,2,DeepFashion2,../fashion_data/raw/train/train/image/145118.jpg,1,0,20.276478957384825,preprocess+forward+postprocess
182,3,DeepFashion2,../fashion_data/raw/train/train/image/145118.jpg,1,0,19.556854851543903,preprocess+forward+postprocess
182,4,DeepFashion2,../fashion_data/raw/train/train/image/145118.jpg,1,0,19.6824143640697,preprocess+forward+postprocess
182,5,DeepFashion2,../fashion_data/raw/train/train/image/145118.jpg,1,0,20.113429985940456,preprocess+forward+postprocess
183,1,DeepFashion2,../fashion_data/raw/train/train/image/145247.jpg,1,0,21.255993749946356,preprocess+forward+postprocess
183,2,DeepFashion2,../fashion_data/raw/train/train/image/145247.jpg,1,0,20.77050507068634,preprocess+forward+postprocess
183,3,DeepFashion2,../fashion_data/raw/train/train/image/145247.jpg,1,0,20.480524748563766,preprocess+forward+postprocess
183,4,DeepFashion2,../fashion_data/raw/train/train/image/145247.jpg,1,0,20.613708067685366,preprocess+forward+postprocess
183,5,DeepFashion2,../fashion_data/raw/train/train/image/145247.jpg,1,0,20.732612814754248,preprocess+forward+postprocess
184,1,DeepFashion2,../fashion_data/raw/train/train/image/145484.jpg,1,3,24.562938138842583,preprocess+forward+postprocess
184,2,DeepFashion2,../fashion_data/raw/train/train/image/145484.jpg,1,3,24.63672822341323,preprocess+forward+postprocess
184,3,DeepFashion2,../fashion_data/raw/train/train/image/145484.jpg,1,3,24.97434802353382,preprocess+forward+postprocess
184,4,DeepFashion2,../fashion_data/raw/train/train/image/145484.jpg,1,3,24.629805237054825,preprocess+forward+postprocess
184,5,DeepFashion2,../fashion_data/raw/train/train/image/145484.jpg,1,3,24.620117153972387,preprocess+forward+postprocess
185,1,DeepFashion2,../fashion_data/raw/train/train/image/146606.jpg,1,3,38.7823237106204,preprocess+forward+postprocess
185,2,DeepFashion2,../fashion_data/raw/train/train/image/146606.jpg,1,3,23.011239245533943,preprocess+forward+postprocess
185,3,DeepFashion2,../fashion_data/raw/train/train/image/146606.jpg,1,3,22.913875058293343,preprocess+forward+postprocess
185,4,DeepFashion2,../fashion_data/raw/train/train/image/146606.jpg,1,3,23.026999086141586,preprocess+forward+postprocess
185,5,DeepFashion2,../fashion_data/raw/train/train/image/146606.jpg,1,3,23.62372912466526,preprocess+forward+postprocess
186,1,DeepFashion2,../fashion_data/raw/train/train/image/147653.jpg,1,1,23.697849828749895,preprocess+forward+postprocess
186,2,DeepFashion2,../fashion_data/raw/train/train/image/147653.jpg,1,1,22.832992020994425,preprocess+forward+postprocess
186,3,DeepFashion2,../fashion_data/raw/train/train/image/147653.jpg,1,1,22.862706799060106,preprocess+forward+postprocess
186,4,DeepFashion2,../fashion_data/raw/train/train/image/147653.jpg,1,1,23.135815281420946,preprocess+forward+postprocess
186,5,DeepFashion2,../fashion_data/raw/train/train/image/147653.jpg,1,1,23.41350121423602,preprocess+forward+postprocess
187,1,DeepFashion2,../fashion_data/raw/train/train/image/149160.jpg,1,2,78.98060884326696,preprocess+forward+postprocess
187,2,DeepFashion2,../fashion_data/raw/train/train/image/149160.jpg,1,2,77.32057478278875,preprocess+forward+postprocess
187,3,DeepFashion2,../fashion_data/raw/train/train/image/149160.jpg,1,2,78.27190682291985,preprocess+forward+postprocess
187,4,DeepFashion2,../fashion_data/raw/train/train/image/149160.jpg,1,2,79.02640616521239,preprocess+forward+postprocess
187,5,DeepFashion2,../fashion_data/raw/train/train/image/149160.jpg,1,2,77.12743896991014,preprocess+forward+postprocess
188,1,DeepFashion2,../fashion_data/raw/train/train/image/150634.jpg,1,2,27.678861282765865,preprocess+forward+postprocess
188,2,DeepFashion2,../fashion_data/raw/train/train/image/150634.jpg,1,2,28.323291800916195,preprocess+forward+postprocess
188,3,DeepFashion2,../fashion_data/raw/train/train/image/150634.jpg,1,2,27.692426927387714,preprocess+forward+postprocess
188,4,DeepFashion2,../fashion_data/raw/train/train/image/150634.jpg,1,2,27.885843068361282,preprocess+forward+postprocess
188,5,DeepFashion2,../fashion_data/raw/train/train/image/150634.jpg,1,2,28.513622004538774,preprocess+forward+postprocess
189,1,DeepFashion2,../fashion_data/raw/train/train/image/151041.jpg,1,3,66.88293255865574,preprocess+forward+postprocess
189,2,DeepFashion2,../fashion_data/raw/train/train/image/151041.jpg,1,3,66.08775677159429,preprocess+forward+postprocess
189,3,DeepFashion2,../fashion_data/raw/train/train/image/151041.jpg,1,3,66.45817821845412,preprocess+forward+postprocess
189,4,DeepFashion2,../fashion_data/raw/train/train/image/151041.jpg,1,3,67.91711319237947,preprocess+forward+postprocess
189,5,DeepFashion2,../fashion_data/raw/train/train/image/151041.jpg,1,3,65.79818809404969,preprocess+forward+postprocess
190,1,DeepFashion2,../fashion_data/raw/train/train/image/151469.jpg,1,0,22.844043094664812,preprocess+forward+postprocess
190,2,DeepFashion2,../fashion_data/raw/train/train/image/151469.jpg,1,0,22.01864868402481,preprocess+forward+postprocess
190,3,DeepFashion2,../fashion_data/raw/train/train/image/151469.jpg,1,0,21.85762394219637,preprocess+forward+postprocess
190,4,DeepFashion2,../fashion_data/raw/train/train/image/151469.jpg,1,0,37.63131285086274,preprocess+forward+postprocess
190,5,DeepFashion2,../fashion_data/raw/train/train/image/151469.jpg,1,0,37.97103697434068,preprocess+forward+postprocess
191,1,DeepFashion2,../fashion_data/raw/train/train/image/151470.jpg,1,1,22.93002512305975,preprocess+forward+postprocess
191,2,DeepFashion2,../fashion_data/raw/train/train/image/151470.jpg,1,1,34.870774019509554,preprocess+forward+postprocess
191,3,DeepFashion2,../fashion_data/raw/train/train/image/151470.jpg,1,1,36.24895401299,preprocess+forward+postprocess
191,4,DeepFashion2,../fashion_data/raw/train/train/image/151470.jpg,1,1,36.62820300087333,preprocess+forward+postprocess
191,5,DeepFashion2,../fashion_data/raw/train/train/image/151470.jpg,1,1,20.490534137934446,preprocess+forward+postprocess
192,1,DeepFashion2,../fashion_data/raw/train/train/image/151693.jpg,1,0,19.65090399608016,preprocess+forward+postprocess
192,2,DeepFashion2,../fashion_data/raw/train/train/image/151693.jpg,1,0,19.160695374011993,preprocess+forward+postprocess
192,3,DeepFashion2,../fashion_data/raw/train/train/image/151693.jpg,1,0,19.08508175984025,preprocess+forward+postprocess
192,4,DeepFashion2,../fashion_data/raw/train/train/image/151693.jpg,1,0,19.089049194008112,preprocess+forward+postprocess
192,5,DeepFashion2,../fashion_data/raw/train/train/image/151693.jpg,1,0,19.151959102600813,preprocess+forward+postprocess
193,1,DeepFashion2,../fashion_data/raw/train/train/image/151882.jpg,1,3,64.85250685364008,preprocess+forward+postprocess
193,2,DeepFashion2,../fashion_data/raw/train/train/image/151882.jpg,1,3,65.7281456515193,preprocess+forward+postprocess
193,3,DeepFashion2,../fashion_data/raw/train/train/image/151882.jpg,1,3,64.99931588768959,preprocess+forward+postprocess
193,4,DeepFashion2,../fashion_data/raw/train/train/image/151882.jpg,1,3,65.84516819566488,preprocess+forward+postprocess
193,5,DeepFashion2,../fashion_data/raw/train/train/image/151882.jpg,1,3,66.2084948271513,preprocess+forward+postprocess
194,1,DeepFashion2,../fashion_data/raw/train/train/image/152851.jpg,1,1,24.543060921132565,preprocess+forward+postprocess
194,2,DeepFashion2,../fashion_data/raw/train/train/image/152851.jpg,1,1,23.796977940946817,preprocess+forward+postprocess
194,3,DeepFashion2,../fashion_data/raw/train/train/image/152851.jpg,1,1,23.574755992740393,preprocess+forward+postprocess
194,4,DeepFashion2,../fashion_data/raw/train/train/image/152851.jpg,1,1,23.95708067342639,preprocess+forward+postprocess
194,5,DeepFashion2,../fashion_data/raw/train/train/image/152851.jpg,1,1,23.53305835276842,preprocess+forward+postprocess
195,1,DeepFashion2,../fashion_data/raw/train/train/image/154454.jpg,1,1,19.964909180998802,preprocess+forward+postprocess
195,2,DeepFashion2,../fashion_data/raw/train/train/image/154454.jpg,1,1,19.89565696567297,preprocess+forward+postprocess
195,3,DeepFashion2,../fashion_data/raw/train/train/image/154454.jpg,1,1,27.797296177595854,preprocess+forward+postprocess
195,4,DeepFashion2,../fashion_data/raw/train/train/image/154454.jpg,1,1,19.323373679071665,preprocess+forward+postprocess
195,5,DeepFashion2,../fashion_data/raw/train/train/image/154454.jpg,1,1,19.364540930837393,preprocess+forward+postprocess
196,1,DeepFashion2,../fashion_data/raw/train/train/image/154827.jpg,1,2,33.44749798998237,preprocess+forward+postprocess
196,2,DeepFashion2,../fashion_data/raw/train/train/image/154827.jpg,1,2,32.885353080928326,preprocess+forward+postprocess
196,3,DeepFashion2,../fashion_data/raw/train/train/image/154827.jpg,1,2,32.76719991117716,preprocess+forward+postprocess
196,4,DeepFashion2,../fashion_data/raw/train/train/image/154827.jpg,1,2,32.5931403785944,preprocess+forward+postprocess
196,5,DeepFashion2,../fashion_data/raw/train/train/image/154827.jpg,1,2,32.63114206492901,preprocess+forward+postprocess
197,1,DeepFashion2,../fashion_data/raw/train/train/image/155150.jpg,1,0,22.583859972655773,preprocess+forward+postprocess
197,2,DeepFashion2,../fashion_data/raw/train/train/image/155150.jpg,1,0,37.779474165290594,preprocess+forward+postprocess
197,3,DeepFashion2,../fashion_data/raw/train/train/image/155150.jpg,1,0,22.01980073004961,preprocess+forward+postprocess
197,4,DeepFashion2,../fashion_data/raw/train/train/image/155150.jpg,1,0,21.910964976996183,preprocess+forward+postprocess
197,5,DeepFashion2,../fashion_data/raw/train/train/image/155150.jpg,1,0,22.085085045546293,preprocess+forward+postprocess
198,1,DeepFashion2,../fashion_data/raw/train/train/image/155942.jpg,1,5,77.86473585292697,preprocess+forward+postprocess
198,2,DeepFashion2,../fashion_data/raw/train/train/image/155942.jpg,1,5,90.43564833700657,preprocess+forward+postprocess
198,3,DeepFashion2,../fashion_data/raw/train/train/image/155942.jpg,1,5,76.33514795452356,preprocess+forward+postprocess
198,4,DeepFashion2,../fashion_data/raw/train/train/image/155942.jpg,1,5,75.47443779185414,preprocess+forward+postprocess
198,5,DeepFashion2,../fashion_data/raw/train/train/image/155942.jpg,1,5,75.9331057779491,preprocess+forward+postprocess
199,1,DeepFashion2,../fashion_data/raw/train/train/image/156172.jpg,1,0,25.582971051335335,preprocess+forward+postprocess
199,2,DeepFashion2,../fashion_data/raw/train/train/image/156172.jpg,1,0,25.810982566326857,preprocess+forward+postprocess
199,3,DeepFashion2,../fashion_data/raw/train/train/image/156172.jpg,1,0,25.063076056540012,preprocess+forward+postprocess
199,4,DeepFashion2,../fashion_data/raw/train/train/image/156172.jpg,1,0,25.519379880279303,preprocess+forward+postprocess
199,5,DeepFashion2,../fashion_data/raw/train/train/image/156172.jpg,1,0,25.362894404679537,preprocess+forward+postprocess
200,1,DeepFashion2,../fashion_data/raw/train/train/image/156351.jpg,1,1,31.255004927515984,preprocess+forward+postprocess
200,2,DeepFashion2,../fashion_data/raw/train/train/image/156351.jpg,1,1,31.64983307942748,preprocess+forward+postprocess
200,3,DeepFashion2,../fashion_data/raw/train/train/image/156351.jpg,1,1,31.20847698301077,preprocess+forward+postprocess
200,4,DeepFashion2,../fashion_data/raw/train/train/image/156351.jpg,1,1,30.596929136663675,preprocess+forward+postprocess
200,5,DeepFashion2,../fashion_data/raw/train/train/image/156351.jpg,1,1,46.78270826116204,preprocess+forward+postprocess
201,1,DeepFashion2,../fashion_data/raw/train/train/image/156930.jpg,1,6,89.20310297980905,preprocess+forward+postprocess
201,2,DeepFashion2,../fashion_data/raw/train/train/image/156930.jpg,1,6,94.0534919500351,preprocess+forward+postprocess
201,3,DeepFashion2,../fashion_data/raw/train/train/image/156930.jpg,1,6,88.60397897660732,preprocess+forward+postprocess
201,4,DeepFashion2,../fashion_data/raw/train/train/image/156930.jpg,1,6,89.87299213185906,preprocess+forward+postprocess
201,5,DeepFashion2,../fashion_data/raw/train/train/image/156930.jpg,1,6,90.92768002301455,preprocess+forward+postprocess
202,1,DeepFashion2,../fashion_data/raw/train/train/image/157158.jpg,1,3,33.046438824385405,preprocess+forward+postprocess
202,2,DeepFashion2,../fashion_data/raw/train/train/image/157158.jpg,1,3,32.31926029548049,preprocess+forward+postprocess
202,3,DeepFashion2,../fashion_data/raw/train/train/image/157158.jpg,1,3,47.268659342080355,preprocess+forward+postprocess
202,4,DeepFashion2,../fashion_data/raw/train/train/image/157158.jpg,1,3,32.16081112623215,preprocess+forward+postprocess
202,5,DeepFashion2,../fashion_data/raw/train/train/image/157158.jpg,1,3,31.90713981166482,preprocess+forward+postprocess
203,1,DeepFashion2,../fashion_data/raw/train/train/image/157361.jpg,1,3,25.20164893940091,preprocess+forward+postprocess
203,2,DeepFashion2,../fashion_data/raw/train/train/image/157361.jpg,1,3,24.76120414212346,preprocess+forward+postprocess
203,3,DeepFashion2,../fashion_data/raw/train/train/image/157361.jpg,1,3,24.563028011471033,preprocess+forward+postprocess
203,4,DeepFashion2,../fashion_data/raw/train/train/image/157361.jpg,1,3,24.551717098802328,preprocess+forward+postprocess
203,5,DeepFashion2,../fashion_data/raw/train/train/image/157361.jpg,1,3,24.638552218675613,preprocess+forward+postprocess
204,1,DeepFashion2,../fashion_data/raw/train/train/image/158699.jpg,1,1,27.54484722390771,preprocess+forward+postprocess
204,2,DeepFashion2,../fashion_data/raw/train/train/image/158699.jpg,1,1,27.12658466771245,preprocess+forward+postprocess
204,3,DeepFashion2,../fashion_data/raw/train/train/image/158699.jpg,1,1,26.710456237196922,preprocess+forward+postprocess
204,4,DeepFashion2,../fashion_data/raw/train/train/image/158699.jpg,1,1,26.769638992846012,preprocess+forward+postprocess
204,5,DeepFashion2,../fashion_data/raw/train/train/image/158699.jpg,1,1,27.430640999227762,preprocess+forward+postprocess
205,1,DeepFashion2,../fashion_data/raw/train/train/image/158869.jpg,1,5,30.25226481258869,preprocess+forward+postprocess
205,2,DeepFashion2,../fashion_data/raw/train/train/image/158869.jpg,1,5,30.38871381431818,preprocess+forward+postprocess
205,3,DeepFashion2,../fashion_data/raw/train/train/image/158869.jpg,1,5,29.86108511686325,preprocess+forward+postprocess
205,4,DeepFashion2,../fashion_data/raw/train/train/image/158869.jpg,1,5,29.93525518104434,preprocess+forward+postprocess
205,5,DeepFashion2,../fashion_data/raw/train/train/image/158869.jpg,1,5,30.57541698217392,preprocess+forward+postprocess
206,1,DeepFashion2,../fashion_data/raw/train/train/image/163136.jpg,1,1,23.203764110803604,preprocess+forward+postprocess
206,2,DeepFashion2,../fashion_data/raw/train/train/image/163136.jpg,1,1,23.932734038680792,preprocess+forward+postprocess
206,3,DeepFashion2,../fashion_data/raw/train/train/image/163136.jpg,1,1,23.168115876615047,preprocess+forward+postprocess
206,4,DeepFashion2,../fashion_data/raw/train/train/image/163136.jpg,1,1,23.03286036476493,preprocess+forward+postprocess
206,5,DeepFashion2,../fashion_data/raw/train/train/image/163136.jpg,1,1,31.186575070023537,preprocess+forward+postprocess
207,1,DeepFashion2,../fashion_data/raw/train/train/image/163902.jpg,1,3,82.44115486741066,preprocess+forward+postprocess
207,2,DeepFashion2,../fashion_data/raw/train/train/image/163902.jpg,1,3,77.20306236296892,preprocess+forward+postprocess
207,3,DeepFashion2,../fashion_data/raw/train/train/image/163902.jpg,1,3,76.88733423128724,preprocess+forward+postprocess
207,4,DeepFashion2,../fashion_data/raw/train/train/image/163902.jpg,1,3,77.05678511410952,preprocess+forward+postprocess
207,5,DeepFashion2,../fashion_data/raw/train/train/image/163902.jpg,1,3,91.80469112470746,preprocess+forward+postprocess
208,1,DeepFashion2,../fashion_data/raw/train/train/image/164987.jpg,1,1,27.90135331451893,preprocess+forward+postprocess
208,2,DeepFashion2,../fashion_data/raw/train/train/image/164987.jpg,1,1,27.236342895776033,preprocess+forward+postprocess
208,3,DeepFashion2,../fashion_data/raw/train/train/image/164987.jpg,1,1,27.45163021609187,preprocess+forward+postprocess
208,4,DeepFashion2,../fashion_data/raw/train/train/image/164987.jpg,1,1,43.5777772217989,preprocess+forward+postprocess
208,5,DeepFashion2,../fashion_data/raw/train/train/image/164987.jpg,1,1,26.696150191128254,preprocess+forward+postprocess
209,1,DeepFashion2,../fashion_data/raw/train/train/image/165526.jpg,1,1,18.85086903348565,preprocess+forward+postprocess
209,2,DeepFashion2,../fashion_data/raw/train/train/image/165526.jpg,1,1,32.899850979447365,preprocess+forward+postprocess
209,3,DeepFashion2,../fashion_data/raw/train/train/image/165526.jpg,1,1,29.568360187113285,preprocess+forward+postprocess
209,4,DeepFashion2,../fashion_data/raw/train/train/image/165526.jpg,1,1,18.11230881139636,preprocess+forward+postprocess
209,5,DeepFashion2,../fashion_data/raw/train/train/image/165526.jpg,1,1,34.29513378068805,preprocess+forward+postprocess
210,1,DeepFashion2,../fashion_data/raw/train/train/image/165686.jpg,1,2,29.805409256368876,preprocess+forward+postprocess
210,2,DeepFashion2,../fashion_data/raw/train/train/image/165686.jpg,1,2,29.833432286977768,preprocess+forward+postprocess
210,3,DeepFashion2,../fashion_data/raw/train/train/image/165686.jpg,1,2,40.86061008274555,preprocess+forward+postprocess
210,4,DeepFashion2,../fashion_data/raw/train/train/image/165686.jpg,1,2,30.025324784219265,preprocess+forward+postprocess
210,5,DeepFashion2,../fashion_data/raw/train/train/image/165686.jpg,1,2,29.850503895431757,preprocess+forward+postprocess
211,1,DeepFashion2,../fashion_data/raw/train/train/image/166052.jpg,1,1,23.396167904138565,preprocess+forward+postprocess
211,2,DeepFashion2,../fashion_data/raw/train/train/image/166052.jpg,1,1,23.928677197545767,preprocess+forward+postprocess
211,3,DeepFashion2,../fashion_data/raw/train/train/image/166052.jpg,1,1,23.61562428995967,preprocess+forward+postprocess
211,4,DeepFashion2,../fashion_data/raw/train/train/image/166052.jpg,1,1,24.113406892865896,preprocess+forward+postprocess
211,5,DeepFashion2,../fashion_data/raw/train/train/image/166052.jpg,1,1,23.47380481660366,preprocess+forward+postprocess
212,1,DeepFashion2,../fashion_data/raw/train/train/image/166308.jpg,1,0,19.0554759465158,preprocess+forward+postprocess
212,2,DeepFashion2,../fashion_data/raw/train/train/image/166308.jpg,1,0,18.350610975176096,preprocess+forward+postprocess
212,3,DeepFashion2,../fashion_data/raw/train/train/image/166308.jpg,1,0,18.472490832209587,preprocess+forward+postprocess
212,4,DeepFashion2,../fashion_data/raw/train/train/image/166308.jpg,1,0,18.817595671862364,preprocess+forward+postprocess
212,5,DeepFashion2,../fashion_data/raw/train/train/image/166308.jpg,1,0,18.825138919055462,preprocess+forward+postprocess
213,1,DeepFashion2,../fashion_data/raw/train/train/image/166981.jpg,1,4,28.5369660705328,preprocess+forward+postprocess
213,2,DeepFashion2,../fashion_data/raw/train/train/image/166981.jpg,1,4,28.099237009882927,preprocess+forward+postprocess
213,3,DeepFashion2,../fashion_data/raw/train/train/image/166981.jpg,1,4,27.764111757278442,preprocess+forward+postprocess
213,4,DeepFashion2,../fashion_data/raw/train/train/image/166981.jpg,1,4,28.56591111049056,preprocess+forward+postprocess
213,5,DeepFashion2,../fashion_data/raw/train/train/image/166981.jpg,1,4,27.991252951323986,preprocess+forward+postprocess
214,1,DeepFashion2,../fashion_data/raw/train/train/image/167285.jpg,1,0,26.01677319034934,preprocess+forward+postprocess
214,2,DeepFashion2,../fashion_data/raw/train/train/image/167285.jpg,1,0,33.66531012579799,preprocess+forward+postprocess
214,3,DeepFashion2,../fashion_data/raw/train/train/image/167285.jpg,1,0,23.113954346626997,preprocess+forward+postprocess
214,4,DeepFashion2,../fashion_data/raw/train/train/image/167285.jpg,1,0,23.93284486606717,preprocess+forward+postprocess
214,5,DeepFashion2,../fashion_data/raw/train/train/image/167285.jpg,1,0,23.153529036790133,preprocess+forward+postprocess
215,1,DeepFashion2,../fashion_data/raw/train/train/image/168853.jpg,1,4,33.40861387550831,preprocess+forward+postprocess
215,2,DeepFashion2,../fashion_data/raw/train/train/image/168853.jpg,1,4,33.65316800773144,preprocess+forward+postprocess
215,3,DeepFashion2,../fashion_data/raw/train/train/image/168853.jpg,1,4,32.85933379083872,preprocess+forward+postprocess
215,4,DeepFashion2,../fashion_data/raw/train/train/image/168853.jpg,1,4,33.455162309110165,preprocess+forward+postprocess
215,5,DeepFashion2,../fashion_data/raw/train/train/image/168853.jpg,1,4,32.424700912088156,preprocess+forward+postprocess
216,1,DeepFashion2,../fashion_data/raw/train/train/image/169170.jpg,1,0,22.125851828604937,preprocess+forward+postprocess
216,2,DeepFashion2,../fashion_data/raw/train/train/image/169170.jpg,1,0,19.06485389918089,preprocess+forward+postprocess
216,3,DeepFashion2,../fashion_data/raw/train/train/image/169170.jpg,1,0,18.917064182460308,preprocess+forward+postprocess
216,4,DeepFashion2,../fashion_data/raw/train/train/image/169170.jpg,1,0,18.686396069824696,preprocess+forward+postprocess
216,5,DeepFashion2,../fashion_data/raw/train/train/image/169170.jpg,1,0,18.596336245536804,preprocess+forward+postprocess
217,1,DeepFashion2,../fashion_data/raw/train/train/image/170129.jpg,1,2,22.52154191955924,preprocess+forward+postprocess
217,2,DeepFashion2,../fashion_data/raw/train/train/image/170129.jpg,1,2,22.319928742945194,preprocess+forward+postprocess
217,3,DeepFashion2,../fashion_data/raw/train/train/image/170129.jpg,1,2,21.868193987756968,preprocess+forward+postprocess
217,4,DeepFashion2,../fashion_data/raw/train/train/image/170129.jpg,1,2,21.804953925311565,preprocess+forward+postprocess
217,5,DeepFashion2,../fashion_data/raw/train/train/image/170129.jpg,1,2,21.596199367195368,preprocess+forward+postprocess
218,1,DeepFashion2,../fashion_data/raw/train/train/image/170967.jpg,1,0,22.419047076255083,preprocess+forward+postprocess
218,2,DeepFashion2,../fashion_data/raw/train/train/image/170967.jpg,1,0,22.424968890845776,preprocess+forward+postprocess
218,3,DeepFashion2,../fashion_data/raw/train/train/image/170967.jpg,1,0,22.121944930404425,preprocess+forward+postprocess
218,4,DeepFashion2,../fashion_data/raw/train/train/image/170967.jpg,1,0,22.108067758381367,preprocess+forward+postprocess
218,5,DeepFashion2,../fashion_data/raw/train/train/image/170967.jpg,1,0,23.06438982486725,preprocess+forward+postprocess
219,1,DeepFashion2,../fashion_data/raw/train/train/image/173516.jpg,1,3,40.21498700603843,preprocess+forward+postprocess
219,2,DeepFashion2,../fashion_data/raw/train/train/image/173516.jpg,1,3,32.47737092897296,preprocess+forward+postprocess
219,3,DeepFashion2,../fashion_data/raw/train/train/image/173516.jpg,1,3,24.93970189243555,preprocess+forward+postprocess
219,4,DeepFashion2,../fashion_data/raw/train/train/image/173516.jpg,1,3,24.49221396818757,preprocess+forward+postprocess
219,5,DeepFashion2,../fashion_data/raw/train/train/image/173516.jpg,1,3,24.51828308403492,preprocess+forward+postprocess
220,1,DeepFashion2,../fashion_data/raw/train/train/image/174532.jpg,1,0,18.3582347817719,preprocess+forward+postprocess
220,2,DeepFashion2,../fashion_data/raw/train/train/image/174532.jpg,1,0,17.5267499871552,preprocess+forward+postprocess
220,3,DeepFashion2,../fashion_data/raw/train/train/image/174532.jpg,1,0,17.479630187153816,preprocess+forward+postprocess
220,4,DeepFashion2,../fashion_data/raw/train/train/image/174532.jpg,1,0,17.48087303712964,preprocess+forward+postprocess
220,5,DeepFashion2,../fashion_data/raw/train/train/image/174532.jpg,1,0,18.051404040306807,preprocess+forward+postprocess
221,1,DeepFashion2,../fashion_data/raw/train/train/image/174644.jpg,1,1,35.40893318131566,preprocess+forward+postprocess
221,2,DeepFashion2,../fashion_data/raw/train/train/image/174644.jpg,1,1,20.26734221726656,preprocess+forward+postprocess
221,3,DeepFashion2,../fashion_data/raw/train/train/image/174644.jpg,1,1,20.026586018502712,preprocess+forward+postprocess
221,4,DeepFashion2,../fashion_data/raw/train/train/image/174644.jpg,1,1,20.27671877294779,preprocess+forward+postprocess
221,5,DeepFashion2,../fashion_data/raw/train/train/image/174644.jpg,1,1,19.903602078557014,preprocess+forward+postprocess
222,1,DeepFashion2,../fashion_data/raw/train/train/image/176028.jpg,1,0,18.511155154556036,preprocess+forward+postprocess
222,2,DeepFashion2,../fashion_data/raw/train/train/image/176028.jpg,1,0,18.283081706613302,preprocess+forward+postprocess
222,3,DeepFashion2,../fashion_data/raw/train/train/image/176028.jpg,1,0,18.476199358701706,preprocess+forward+postprocess
222,4,DeepFashion2,../fashion_data/raw/train/train/image/176028.jpg,1,0,18.201648723334074,preprocess+forward+postprocess
222,5,DeepFashion2,../fashion_data/raw/train/train/image/176028.jpg,1,0,18.36276426911354,preprocess+forward+postprocess
223,1,DeepFashion2,../fashion_data/raw/train/train/image/176387.jpg,1,2,24.390211328864098,preprocess+forward+postprocess
223,2,DeepFashion2,../fashion_data/raw/train/train/image/176387.jpg,1,2,24.016642943024635,preprocess+forward+postprocess
223,3,DeepFashion2,../fashion_data/raw/train/train/image/176387.jpg,1,2,24.119768757373095,preprocess+forward+postprocess
223,4,DeepFashion2,../fashion_data/raw/train/train/image/176387.jpg,1,2,41.309450287371874,preprocess+forward+postprocess
223,5,DeepFashion2,../fashion_data/raw/train/train/image/176387.jpg,1,2,24.25287989899516,preprocess+forward+postprocess
224,1,DeepFashion2,../fashion_data/raw/train/train/image/176527.jpg,1,0,19.82206804677844,preprocess+forward+postprocess
224,2,DeepFashion2,../fashion_data/raw/train/train/image/176527.jpg,1,0,19.554632250219584,preprocess+forward+postprocess
224,3,DeepFashion2,../fashion_data/raw/train/train/image/176527.jpg,1,0,19.7896771132946,preprocess+forward+postprocess
224,4,DeepFashion2,../fashion_data/raw/train/train/image/176527.jpg,1,0,19.65268701314926,preprocess+forward+postprocess
224,5,DeepFashion2,../fashion_data/raw/train/train/image/176527.jpg,1,0,19.37948912382126,preprocess+forward+postprocess
225,1,DeepFashion2,../fashion_data/raw/train/train/image/177014.jpg,1,0,18.156182020902634,preprocess+forward+postprocess
225,2,DeepFashion2,../fashion_data/raw/train/train/image/177014.jpg,1,0,18.342936411499977,preprocess+forward+postprocess
225,3,DeepFashion2,../fashion_data/raw/train/train/image/177014.jpg,1,0,17.404870130121708,preprocess+forward+postprocess
225,4,DeepFashion2,../fashion_data/raw/train/train/image/177014.jpg,1,0,17.59046083316207,preprocess+forward+postprocess
225,5,DeepFashion2,../fashion_data/raw/train/train/image/177014.jpg,1,0,18.433607649058104,preprocess+forward+postprocess
226,1,DeepFashion2,../fashion_data/raw/train/train/image/177143.jpg,1,5,28.41191878542304,preprocess+forward+postprocess
226,2,DeepFashion2,../fashion_data/raw/train/train/image/177143.jpg,1,5,28.432859107851982,preprocess+forward+postprocess
226,3,DeepFashion2,../fashion_data/raw/train/train/image/177143.jpg,1,5,27.747760992497206,preprocess+forward+postprocess
226,4,DeepFashion2,../fashion_data/raw/train/train/image/177143.jpg,1,5,30.283193569630384,preprocess+forward+postprocess
226,5,DeepFashion2,../fashion_data/raw/train/train/image/177143.jpg,1,5,43.71064901351929,preprocess+forward+postprocess
227,1,DeepFashion2,../fashion_data/raw/train/train/image/178531.jpg,1,0,18.2668617926538,preprocess+forward+postprocess
227,2,DeepFashion2,../fashion_data/raw/train/train/image/178531.jpg,1,0,18.138870131224394,preprocess+forward+postprocess
227,3,DeepFashion2,../fashion_data/raw/train/train/image/178531.jpg,1,0,17.91547564789653,preprocess+forward+postprocess
227,4,DeepFashion2,../fashion_data/raw/train/train/image/178531.jpg,1,0,17.764450050890446,preprocess+forward+postprocess
227,5,DeepFashion2,../fashion_data/raw/train/train/image/178531.jpg,1,0,17.819263972342014,preprocess+forward+postprocess
228,1,DeepFashion2,../fashion_data/raw/train/train/image/179042.jpg,1,3,84.36900610104203,preprocess+forward+postprocess
228,2,DeepFashion2,../fashion_data/raw/train/train/image/179042.jpg,1,3,86.13182511180639,preprocess+forward+postprocess
228,3,DeepFashion2,../fashion_data/raw/train/train/image/179042.jpg,1,3,85.81499522551894,preprocess+forward+postprocess
228,4,DeepFashion2,../fashion_data/raw/train/train/image/179042.jpg,1,3,83.23831390589476,preprocess+forward+postprocess
228,5,DeepFashion2,../fashion_data/raw/train/train/image/179042.jpg,1,3,82.73130375891924,preprocess+forward+postprocess
229,1,DeepFashion2,../fashion_data/raw/train/train/image/179047.jpg,1,4,66.75669411197305,preprocess+forward+postprocess
229,2,DeepFashion2,../fashion_data/raw/train/train/image/179047.jpg,1,4,80.14918211847544,preprocess+forward+postprocess
229,3,DeepFashion2,../fashion_data/raw/train/train/image/179047.jpg,1,4,66.29367684945464,preprocess+forward+postprocess
229,4,DeepFashion2,../fashion_data/raw/train/train/image/179047.jpg,1,4,66.16610521450639,preprocess+forward+postprocess
229,5,DeepFashion2,../fashion_data/raw/train/train/image/179047.jpg,1,4,66.91386178135872,preprocess+forward+postprocess
230,1,DeepFashion2,../fashion_data/raw/train/train/image/179803.jpg,1,2,22.37326093018055,preprocess+forward+postprocess
230,2,DeepFashion2,../fashion_data/raw/train/train/image/179803.jpg,1,2,22.211343981325626,preprocess+forward+postprocess
230,3,DeepFashion2,../fashion_data/raw/train/train/image/179803.jpg,1,2,21.949737798422575,preprocess+forward+postprocess
230,4,DeepFashion2,../fashion_data/raw/train/train/image/179803.jpg,1,2,22.473641205579042,preprocess+forward+postprocess
230,5,DeepFashion2,../fashion_data/raw/train/train/image/179803.jpg,1,2,24.771924130618572,preprocess+forward+postprocess
231,1,DeepFashion2,../fashion_data/raw/train/train/image/180680.jpg,1,1,25.930559262633324,preprocess+forward+postprocess
231,2,DeepFashion2,../fashion_data/raw/train/train/image/180680.jpg,1,1,38.6803699657321,preprocess+forward+postprocess
231,3,DeepFashion2,../fashion_data/raw/train/train/image/180680.jpg,1,1,40.11086001992226,preprocess+forward+postprocess
231,4,DeepFashion2,../fashion_data/raw/train/train/image/180680.jpg,1,1,39.738945197314024,preprocess+forward+postprocess
231,5,DeepFashion2,../fashion_data/raw/train/train/image/180680.jpg,1,1,39.90897769108415,preprocess+forward+postprocess
232,1,DeepFashion2,../fashion_data/raw/train/train/image/181040.jpg,1,3,29.769700951874256,preprocess+forward+postprocess
232,2,DeepFashion2,../fashion_data/raw/train/train/image/181040.jpg,1,3,29.898545239120722,preprocess+forward+postprocess
232,3,DeepFashion2,../fashion_data/raw/train/train/image/181040.jpg,1,3,29.340527951717377,preprocess+forward+postprocess
232,4,DeepFashion2,../fashion_data/raw/train/train/image/181040.jpg,1,3,30.95857286825776,preprocess+forward+postprocess
232,5,DeepFashion2,../fashion_data/raw/train/train/image/181040.jpg,1,3,29.974208679050207,preprocess+forward+postprocess
233,1,DeepFashion2,../fashion_data/raw/train/train/image/181324.jpg,1,0,18.460479099303484,preprocess+forward+postprocess
233,2,DeepFashion2,../fashion_data/raw/train/train/image/181324.jpg,1,0,18.439779058098793,preprocess+forward+postprocess
233,3,DeepFashion2,../fashion_data/raw/train/train/image/181324.jpg,1,0,18.417787738144398,preprocess+forward+postprocess
233,4,DeepFashion2,../fashion_data/raw/train/train/image/181324.jpg,1,0,18.6636527068913,preprocess+forward+postprocess
233,5,DeepFashion2,../fashion_data/raw/train/train/image/181324.jpg,1,0,31.606420874595642,preprocess+forward+postprocess
234,1,DeepFashion2,../fashion_data/raw/train/train/image/181559.jpg,1,3,77.06444896757603,preprocess+forward+postprocess
234,2,DeepFashion2,../fashion_data/raw/train/train/image/181559.jpg,1,3,73.21470696479082,preprocess+forward+postprocess
234,3,DeepFashion2,../fashion_data/raw/train/train/image/181559.jpg,1,3,72.39854102954268,preprocess+forward+postprocess
234,4,DeepFashion2,../fashion_data/raw/train/train/image/181559.jpg,1,3,71.28503220155835,preprocess+forward+postprocess
234,5,DeepFashion2,../fashion_data/raw/train/train/image/181559.jpg,1,3,84.92372697219253,preprocess+forward+postprocess
235,1,DeepFashion2,../fashion_data/raw/train/train/image/183131.jpg,1,1,22.262349724769592,preprocess+forward+postprocess
235,2,DeepFashion2,../fashion_data/raw/train/train/image/183131.jpg,1,1,22.373911924660206,preprocess+forward+postprocess
235,3,DeepFashion2,../fashion_data/raw/train/train/image/183131.jpg,1,1,22.360386326909065,preprocess+forward+postprocess
235,4,DeepFashion2,../fashion_data/raw/train/train/image/183131.jpg,1,1,22.90997700765729,preprocess+forward+postprocess
235,5,DeepFashion2,../fashion_data/raw/train/train/image/183131.jpg,1,1,22.53262186422944,preprocess+forward+postprocess
236,1,DeepFashion2,../fashion_data/raw/train/train/image/183243.jpg,1,1,21.602600812911987,preprocess+forward+postprocess
236,2,DeepFashion2,../fashion_data/raw/train/train/image/183243.jpg,1,1,21.39974571764469,preprocess+forward+postprocess
236,3,DeepFashion2,../fashion_data/raw/train/train/image/183243.jpg,1,1,21.15762699395418,preprocess+forward+postprocess
236,4,DeepFashion2,../fashion_data/raw/train/train/image/183243.jpg,1,1,21.521907299757004,preprocess+forward+postprocess
236,5,DeepFashion2,../fashion_data/raw/train/train/image/183243.jpg,1,1,21.504534874111414,preprocess+forward+postprocess
237,1,DeepFashion2,../fashion_data/raw/train/train/image/184161.jpg,1,2,24.844531901180744,preprocess+forward+postprocess
237,2,DeepFashion2,../fashion_data/raw/train/train/image/184161.jpg,1,2,24.38262663781643,preprocess+forward+postprocess
237,3,DeepFashion2,../fashion_data/raw/train/train/image/184161.jpg,1,2,24.54452309757471,preprocess+forward+postprocess
237,4,DeepFashion2,../fashion_data/raw/train/train/image/184161.jpg,1,2,24.43769108504057,preprocess+forward+postprocess
237,5,DeepFashion2,../fashion_data/raw/train/train/image/184161.jpg,1,2,24.819223675876856,preprocess+forward+postprocess
238,1,DeepFashion2,../fashion_data/raw/train/train/image/185467.jpg,1,1,27.26165996864438,preprocess+forward+postprocess
238,2,DeepFashion2,../fashion_data/raw/train/train/image/185467.jpg,1,1,26.784144807606936,preprocess+forward+postprocess
238,3,DeepFashion2,../fashion_data/raw/train/train/image/185467.jpg,1,1,25.82600014284253,preprocess+forward+postprocess
238,4,DeepFashion2,../fashion_data/raw/train/train/image/185467.jpg,1,1,25.695082265883684,preprocess+forward+postprocess
238,5,DeepFashion2,../fashion_data/raw/train/train/image/185467.jpg,1,1,25.930168107151985,preprocess+forward+postprocess
239,1,DeepFashion2,../fashion_data/raw/train/train/image/186306.jpg,1,4,35.49933433532715,preprocess+forward+postprocess
239,2,DeepFashion2,../fashion_data/raw/train/train/image/186306.jpg,1,4,50.260736141353846,preprocess+forward+postprocess
239,3,DeepFashion2,../fashion_data/raw/train/train/image/186306.jpg,1,4,48.059796914458275,preprocess+forward+postprocess
239,4,DeepFashion2,../fashion_data/raw/train/train/image/186306.jpg,1,4,32.74411568418145,preprocess+forward+postprocess
239,5,DeepFashion2,../fashion_data/raw/train/train/image/186306.jpg,1,4,33.437750302255154,preprocess+forward+postprocess
240,1,DeepFashion2,../fashion_data/raw/train/train/image/186391.jpg,1,0,19.157870206981897,preprocess+forward+postprocess
240,2,DeepFashion2,../fashion_data/raw/train/train/image/186391.jpg,1,0,18.585585989058018,preprocess+forward+postprocess
240,3,DeepFashion2,../fashion_data/raw/train/train/image/186391.jpg,1,0,18.333096988499165,preprocess+forward+postprocess
240,4,DeepFashion2,../fashion_data/raw/train/train/image/186391.jpg,1,0,33.13767118379474,preprocess+forward+postprocess
240,5,DeepFashion2,../fashion_data/raw/train/train/image/186391.jpg,1,0,18.393881618976593,preprocess+forward+postprocess
241,1,DeepFashion2,../fashion_data/raw/train/train/image/187397.jpg,1,0,24.639733135700226,preprocess+forward+postprocess
241,2,DeepFashion2,../fashion_data/raw/train/train/image/187397.jpg,1,0,24.532852228730917,preprocess+forward+postprocess
241,3,DeepFashion2,../fashion_data/raw/train/train/image/187397.jpg,1,0,23.597820196300745,preprocess+forward+postprocess
241,4,DeepFashion2,../fashion_data/raw/train/train/image/187397.jpg,1,0,24.186604656279087,preprocess+forward+postprocess
241,5,DeepFashion2,../fashion_data/raw/train/train/image/187397.jpg,1,0,25.957610923796892,preprocess+forward+postprocess
242,1,DeepFashion2,../fashion_data/raw/train/train/image/187422.jpg,1,3,32.039530109614134,preprocess+forward+postprocess
242,2,DeepFashion2,../fashion_data/raw/train/train/image/187422.jpg,1,3,31.38096258044243,preprocess+forward+postprocess
242,3,DeepFashion2,../fashion_data/raw/train/train/image/187422.jpg,1,3,31.246207654476166,preprocess+forward+postprocess
242,4,DeepFashion2,../fashion_data/raw/train/train/image/187422.jpg,1,3,31.866722740232944,preprocess+forward+postprocess
242,5,DeepFashion2,../fashion_data/raw/train/train/image/187422.jpg,1,3,31.79388539865613,preprocess+forward+postprocess
243,1,DeepFashion2,../fashion_data/raw/train/train/image/187488.jpg,1,4,26.785417925566435,preprocess+forward+postprocess
243,2,DeepFashion2,../fashion_data/raw/train/train/image/187488.jpg,1,4,27.2329761646688,preprocess+forward+postprocess
243,3,DeepFashion2,../fashion_data/raw/train/train/image/187488.jpg,1,4,26.397572830319405,preprocess+forward+postprocess
243,4,DeepFashion2,../fashion_data/raw/train/train/image/187488.jpg,1,4,27.130812872201204,preprocess+forward+postprocess
243,5,DeepFashion2,../fashion_data/raw/train/train/image/187488.jpg,1,4,26.230867952108383,preprocess+forward+postprocess
244,1,DeepFashion2,../fashion_data/raw/train/train/image/187981.jpg,1,2,29.296275228261948,preprocess+forward+postprocess
244,2,DeepFashion2,../fashion_data/raw/train/train/image/187981.jpg,1,2,28.789533767849207,preprocess+forward+postprocess
244,3,DeepFashion2,../fashion_data/raw/train/train/image/187981.jpg,1,2,28.48374517634511,preprocess+forward+postprocess
244,4,DeepFashion2,../fashion_data/raw/train/train/image/187981.jpg,1,2,28.84401800110936,preprocess+forward+postprocess
244,5,DeepFashion2,../fashion_data/raw/train/train/image/187981.jpg,1,2,28.304625768214464,preprocess+forward+postprocess
245,1,DeepFashion2,../fashion_data/raw/train/train/image/189034.jpg,1,1,25.144179351627827,preprocess+forward+postprocess
245,2,DeepFashion2,../fashion_data/raw/train/train/image/189034.jpg,1,1,25.054389145225286,preprocess+forward+postprocess
245,3,DeepFashion2,../fashion_data/raw/train/train/image/189034.jpg,1,1,24.92355089634657,preprocess+forward+postprocess
245,4,DeepFashion2,../fashion_data/raw/train/train/image/189034.jpg,1,1,25.694701820611954,preprocess+forward+postprocess
245,5,DeepFashion2,../fashion_data/raw/train/train/image/189034.jpg,1,1,24.538863450288773,preprocess+forward+postprocess
246,1,DeepFashion2,../fashion_data/raw/train/train/image/189186.jpg,1,6,67.11098412051797,preprocess+forward+postprocess
246,2,DeepFashion2,../fashion_data/raw/train/train/image/189186.jpg,1,6,84.1521150432527,preprocess+forward+postprocess
246,3,DeepFashion2,../fashion_data/raw/train/train/image/189186.jpg,1,6,81.93535497412086,preprocess+forward+postprocess
246,4,DeepFashion2,../fashion_data/raw/train/train/image/189186.jpg,1,6,66.28325721248984,preprocess+forward+postprocess
246,5,DeepFashion2,../fashion_data/raw/train/train/image/189186.jpg,1,6,67.25107971578836,preprocess+forward+postprocess
247,1,DeepFashion2,../fashion_data/raw/train/train/image/189305.jpg,1,0,21.968042943626642,preprocess+forward+postprocess
247,2,DeepFashion2,../fashion_data/raw/train/train/image/189305.jpg,1,0,22.54215022549033,preprocess+forward+postprocess
247,3,DeepFashion2,../fashion_data/raw/train/train/image/189305.jpg,1,0,21.14745881408453,preprocess+forward+postprocess
247,4,DeepFashion2,../fashion_data/raw/train/train/image/189305.jpg,1,0,21.163458935916424,preprocess+forward+postprocess
247,5,DeepFashion2,../fashion_data/raw/train/train/image/189305.jpg,1,0,21.003686357289553,preprocess+forward+postprocess
248,1,DeepFashion2,../fashion_data/raw/train/train/image/189928.jpg,1,0,34.51326722279191,preprocess+forward+postprocess
248,2,DeepFashion2,../fashion_data/raw/train/train/image/189928.jpg,1,0,21.07227686792612,preprocess+forward+postprocess
248,3,DeepFashion2,../fashion_data/raw/train/train/image/189928.jpg,1,0,21.417930256575346,preprocess+forward+postprocess
248,4,DeepFashion2,../fashion_data/raw/train/train/image/189928.jpg,1,0,21.038121078163385,preprocess+forward+postprocess
248,5,DeepFashion2,../fashion_data/raw/train/train/image/189928.jpg,1,0,20.907673984766006,preprocess+forward+postprocess
249,1,DeepFashion2,../fashion_data/raw/train/train/image/191328.jpg,1,3,70.43988024815917,preprocess+forward+postprocess
249,2,DeepFashion2,../fashion_data/raw/train/train/image/191328.jpg,1,3,71.59063080325723,preprocess+forward+postprocess
249,3,DeepFashion2,../fashion_data/raw/train/train/image/191328.jpg,1,3,84.90832708775997,preprocess+forward+postprocess
249,4,DeepFashion2,../fashion_data/raw/train/train/image/191328.jpg,1,3,70.25110302492976,preprocess+forward+postprocess
249,5,DeepFashion2,../fashion_data/raw/train/train/image/191328.jpg,1,3,70.08424727246165,preprocess+forward+postprocess
250,1,Fashionpedia,../fashion_data/raw/fashionpedia/images/test/0205895cfbb5348d94fda8ce32272fa5.jpg,1,0,26.870850007981062,preprocess+forward+postprocess
250,2,Fashionpedia,../fashion_data/raw/fashionpedia/images/test/0205895cfbb5348d94fda8ce32272fa5.jpg,1,0,27.29851007461548,preprocess+forward+postprocess
250,3,Fashionpedia,../fashion_data/raw/fashionpedia/images/test/0205895cfbb5348d94fda8ce32272fa5.jpg,1,0,28.479797765612602,preprocess+forward+postprocess
250,4,Fashionpedia,../fashion_data/raw/fashionpedia/images/test/0205895cfbb5348d94fda8ce32272fa5.jpg,1,0,26.981920935213566,preprocess+forward+postprocess
250,5,Fashionpedia,../fashion_data/raw/fashionpedia/images/test/0205895cfbb5348d94fda8ce32272fa5.jpg,1,0,27.587978169322014,preprocess+forward+postprocess
251,1,Fashionpedia,../fashion_data/raw/fashionpedia/images/test/02b4423e161fa2409974174ec53cdb2a.jpg,1,2,28.354620095342398,preprocess+forward+postprocess
251,2,Fashionpedia,../fashion_data/raw/fashionpedia/images/test/02b4423e161fa2409974174ec53cdb2a.jpg,1,2,29.17902171611786,preprocess+forward+postprocess
251,3,Fashionpedia,../fashion_data/raw/fashionpedia/images/test/02b4423e161fa2409974174ec53cdb2a.jpg,1,2,27.546919882297516,preprocess+forward+postprocess
251,4,Fashionpedia,../fashion_data/raw/fashionpedia/images/test/02b4423e161fa2409974174ec53cdb2a.jpg,1,2,27.49904990196228,preprocess+forward+postprocess
251,5,Fashionpedia,../fashion_data/raw/fashionpedia/images/test/02b4423e161fa2409974174ec53cdb2a.jpg,1,2,27.27968478575349,preprocess+forward+postprocess
252,1,Fashionpedia,../fashion_data/raw/fashionpedia/images/test/030cfd158b49ff622c71bdf9aa30f39a.jpg,1,1,28.452876955270767,preprocess+forward+postprocess
252,2,Fashionpedia,../fashion_data/raw/fashionpedia/images/test/030cfd158b49ff622c71bdf9aa30f39a.jpg,1,1,42.69081633538008,preprocess+forward+postprocess
252,3,Fashionpedia,../fashion_data/raw/fashionpedia/images/test/030cfd158b49ff622c71bdf9aa30f39a.jpg,1,1,27.781073935329914,preprocess+forward+postprocess
252,4,Fashionpedia,../fashion_data/raw/fashionpedia/images/test/030cfd158b49ff622c71bdf9aa30f39a.jpg,1,1,42.819029185920954,preprocess+forward+postprocess
252,5,Fashionpedia,../fashion_data/raw/fashionpedia/images/test/030cfd158b49ff622c71bdf9aa30f39a.jpg,1,1,42.91706578806043,preprocess+forward+postprocess
253,1,Fashionpedia,../fashion_data/raw/fashionpedia/images/test/0544acba02e8776a56fde74f83633c21.jpg,1,2,84.53722391277552,preprocess+forward+postprocess
253,2,Fashionpedia,../fashion_data/raw/fashionpedia/images/test/0544acba02e8776a56fde74f83633c21.jpg,1,2,28.471251018345356,preprocess+forward+postprocess
253,3,Fashionpedia,../fashion_data/raw/fashionpedia/images/test/0544acba02e8776a56fde74f83633c21.jpg,1,2,41.215511970221996,preprocess+forward+postprocess
253,4,Fashionpedia,../fashion_data/raw/fashionpedia/images/test/0544acba02e8776a56fde74f83633c21.jpg,1,2,28.095379006117582,preprocess+forward+postprocess
253,5,Fashionpedia,../fashion_data/raw/fashionpedia/images/test/0544acba02e8776a56fde74f83633c21.jpg,1,2,28.81143568083644,preprocess+forward+postprocess
254,1,Fashionpedia,../fashion_data/raw/fashionpedia/images/test/0548e689638d1e559179b34bc895b72f.jpg,1,3,28.690726961940527,preprocess+forward+postprocess
254,2,Fashionpedia,../fashion_data/raw/fashionpedia/images/test/0548e689638d1e559179b34bc895b72f.jpg,1,3,27.811231091618538,preprocess+forward+postprocess
254,3,Fashionpedia,../fashion_data/raw/fashionpedia/images/test/0548e689638d1e559179b34bc895b72f.jpg,1,3,28.675538953393698,preprocess+forward+postprocess
254,4,Fashionpedia,../fashion_data/raw/fashionpedia/images/test/0548e689638d1e559179b34bc895b72f.jpg,1,3,28.53188617154956,preprocess+forward+postprocess
254,5,Fashionpedia,../fashion_data/raw/fashionpedia/images/test/0548e689638d1e559179b34bc895b72f.jpg,1,3,29.07460369169712,preprocess+forward+postprocess
255,1,Fashionpedia,../fashion_data/raw/fashionpedia/images/test/0617757485dad98ded988c6e101c8bf2.jpg,1,3,34.2617598362267,preprocess+forward+postprocess
255,2,Fashionpedia,../fashion_data/raw/fashionpedia/images/test/0617757485dad98ded988c6e101c8bf2.jpg,1,3,33.715704921633005,preprocess+forward+postprocess
255,3,Fashionpedia,../fashion_data/raw/fashionpedia/images/test/0617757485dad98ded988c6e101c8bf2.jpg,1,3,34.2122558504343,preprocess+forward+postprocess
255,4,Fashionpedia,../fashion_data/raw/fashionpedia/images/test/0617757485dad98ded988c6e101c8bf2.jpg,1,3,49.3015400134027,preprocess+forward+postprocess
255,5,Fashionpedia,../fashion_data/raw/fashionpedia/images/test/0617757485dad98ded988c6e101c8bf2.jpg,1,3,33.67184288799763,preprocess+forward+postprocess
256,1,Fashionpedia,../fashion_data/raw/fashionpedia/images/test/064c8022b32931e787260d81ed5aafe8.jpg,1,1,26.38387680053711,preprocess+forward+postprocess
256,2,Fashionpedia,../fashion_data/raw/fashionpedia/images/test/064c8022b32931e787260d81ed5aafe8.jpg,1,1,26.34757896885276,preprocess+forward+postprocess
256,3,Fashionpedia,../fashion_data/raw/fashionpedia/images/test/064c8022b32931e787260d81ed5aafe8.jpg,1,1,26.08895907178521,preprocess+forward+postprocess
256,4,Fashionpedia,../fashion_data/raw/fashionpedia/images/test/064c8022b32931e787260d81ed5aafe8.jpg,1,1,41.58421140164137,preprocess+forward+postprocess
256,5,Fashionpedia,../fashion_data/raw/fashionpedia/images/test/064c8022b32931e787260d81ed5aafe8.jpg,1,1,26.033443864434958,preprocess+forward+postprocess
257,1,Fashionpedia,../fashion_data/raw/fashionpedia/images/test/069223d02dcbfbe69af905daeb7fae26.jpg,1,2,27.914547361433506,preprocess+forward+postprocess
257,2,Fashionpedia,../fashion_data/raw/fashionpedia/images/test/069223d02dcbfbe69af905daeb7fae26.jpg,1,2,32.41595299914479,preprocess+forward+postprocess
257,3,Fashionpedia,../fashion_data/raw/fashionpedia/images/test/069223d02dcbfbe69af905daeb7fae26.jpg,1,2,27.35957596451044,preprocess+forward+postprocess
257,4,Fashionpedia,../fashion_data/raw/fashionpedia/images/test/069223d02dcbfbe69af905daeb7fae26.jpg,1,2,27.25545782595873,preprocess+forward+postprocess
257,5,Fashionpedia,../fashion_data/raw/fashionpedia/images/test/069223d02dcbfbe69af905daeb7fae26.jpg,1,2,27.272521052509546,preprocess+forward+postprocess
258,1,Fashionpedia,../fashion_data/raw/fashionpedia/images/test/0a4aae5ecd970a120bfcc6b377b6e187.jpg,1,4,65.6750937923789,preprocess+forward+postprocess
258,2,Fashionpedia,../fashion_data/raw/fashionpedia/images/test/0a4aae5ecd970a120bfcc6b377b6e187.jpg,1,4,65.16552995890379,preprocess+forward+postprocess
258,3,Fashionpedia,../fashion_data/raw/fashionpedia/images/test/0a4aae5ecd970a120bfcc6b377b6e187.jpg,1,4,65.48608560115099,preprocess+forward+postprocess
258,4,Fashionpedia,../fashion_data/raw/fashionpedia/images/test/0a4aae5ecd970a120bfcc6b377b6e187.jpg,1,4,82.2123596444726,preprocess+forward+postprocess
258,5,Fashionpedia,../fashion_data/raw/fashionpedia/images/test/0a4aae5ecd970a120bfcc6b377b6e187.jpg,1,4,65.10158814489841,preprocess+forward+postprocess
259,1,Fashionpedia,../fashion_data/raw/fashionpedia/images/test/0a563d036018e91cd9b5899adb50ec18.jpg,1,0,24.10529088228941,preprocess+forward+postprocess
259,2,Fashionpedia,../fashion_data/raw/fashionpedia/images/test/0a563d036018e91cd9b5899adb50ec18.jpg,1,0,23.624940775334835,preprocess+forward+postprocess
259,3,Fashionpedia,../fashion_data/raw/fashionpedia/images/test/0a563d036018e91cd9b5899adb50ec18.jpg,1,0,23.60935090109706,preprocess+forward+postprocess
259,4,Fashionpedia,../fashion_data/raw/fashionpedia/images/test/0a563d036018e91cd9b5899adb50ec18.jpg,1,0,23.83078122511506,preprocess+forward+postprocess
259,5,Fashionpedia,../fashion_data/raw/fashionpedia/images/test/0a563d036018e91cd9b5899adb50ec18.jpg,1,0,24.15344212204218,preprocess+forward+postprocess
260,1,Fashionpedia,../fashion_data/raw/fashionpedia/images/test/0b915f1e29a2e2dacf96aacd3cb6a3cc.jpg,1,2,53.825989831238985,preprocess+forward+postprocess
260,2,Fashionpedia,../fashion_data/raw/fashionpedia/images/test/0b915f1e29a2e2dacf96aacd3cb6a3cc.jpg,1,2,54.076995234936476,preprocess+forward+postprocess
260,3,Fashionpedia,../fashion_data/raw/fashionpedia/images/test/0b915f1e29a2e2dacf96aacd3cb6a3cc.jpg,1,2,53.96894970908761,preprocess+forward+postprocess
260,4,Fashionpedia,../fashion_data/raw/fashionpedia/images/test/0b915f1e29a2e2dacf96aacd3cb6a3cc.jpg,1,2,54.39813295379281,preprocess+forward+postprocess
260,5,Fashionpedia,../fashion_data/raw/fashionpedia/images/test/0b915f1e29a2e2dacf96aacd3cb6a3cc.jpg,1,2,54.02156012132764,preprocess+forward+postprocess
261,1,Fashionpedia,../fashion_data/raw/fashionpedia/images/test/0ba0216e6879f8b433d0897a77cff984.jpg,1,1,56.128921918570995,preprocess+forward+postprocess
261,2,Fashionpedia,../fashion_data/raw/fashionpedia/images/test/0ba0216e6879f8b433d0897a77cff984.jpg,1,1,55.33166229724884,preprocess+forward+postprocess
261,3,Fashionpedia,../fashion_data/raw/fashionpedia/images/test/0ba0216e6879f8b433d0897a77cff984.jpg,1,1,55.71974674239755,preprocess+forward+postprocess
261,4,Fashionpedia,../fashion_data/raw/fashionpedia/images/test/0ba0216e6879f8b433d0897a77cff984.jpg,1,1,55.89987803250551,preprocess+forward+postprocess
261,5,Fashionpedia,../fashion_data/raw/fashionpedia/images/test/0ba0216e6879f8b433d0897a77cff984.jpg,1,1,71.21812412515283,preprocess+forward+postprocess
262,1,Fashionpedia,../fashion_data/raw/fashionpedia/images/test/0c6cf79ffbf7f14a266d0f0f21219447.jpg,1,2,29.138495214283466,preprocess+forward+postprocess
262,2,Fashionpedia,../fashion_data/raw/fashionpedia/images/test/0c6cf79ffbf7f14a266d0f0f21219447.jpg,1,2,28.964094817638397,preprocess+forward+postprocess
262,3,Fashionpedia,../fashion_data/raw/fashionpedia/images/test/0c6cf79ffbf7f14a266d0f0f21219447.jpg,1,2,28.71706709265709,preprocess+forward+postprocess
262,4,Fashionpedia,../fashion_data/raw/fashionpedia/images/test/0c6cf79ffbf7f14a266d0f0f21219447.jpg,1,2,28.623790945857763,preprocess+forward+postprocess
262,5,Fashionpedia,../fashion_data/raw/fashionpedia/images/test/0c6cf79ffbf7f14a266d0f0f21219447.jpg,1,2,31.198046170175076,preprocess+forward+postprocess
263,1,Fashionpedia,../fashion_data/raw/fashionpedia/images/test/0e5ecf98835cbd0dddd1b45c788005c3.jpg,1,2,24.832417722791433,preprocess+forward+postprocess
263,2,Fashionpedia,../fashion_data/raw/fashionpedia/images/test/0e5ecf98835cbd0dddd1b45c788005c3.jpg,1,2,24.50013905763626,preprocess+forward+postprocess
263,3,Fashionpedia,../fashion_data/raw/fashionpedia/images/test/0e5ecf98835cbd0dddd1b45c788005c3.jpg,1,2,42.752454057335854,preprocess+forward+postprocess
263,4,Fashionpedia,../fashion_data/raw/fashionpedia/images/test/0e5ecf98835cbd0dddd1b45c788005c3.jpg,1,2,24.554372299462557,preprocess+forward+postprocess
263,5,Fashionpedia,../fashion_data/raw/fashionpedia/images/test/0e5ecf98835cbd0dddd1b45c788005c3.jpg,1,2,24.670852813869715,preprocess+forward+postprocess
264,1,Fashionpedia,../fashion_data/raw/fashionpedia/images/test/0ff1ad48b959df32af38f42cef26d361.jpg,1,2,51.650348119437695,preprocess+forward+postprocess
264,2,Fashionpedia,../fashion_data/raw/fashionpedia/images/test/0ff1ad48b959df32af38f42cef26d361.jpg,1,2,52.708982955664396,preprocess+forward+postprocess
264,3,Fashionpedia,../fashion_data/raw/fashionpedia/images/test/0ff1ad48b959df32af38f42cef26d361.jpg,1,2,51.99749581515789,preprocess+forward+postprocess
264,4,Fashionpedia,../fashion_data/raw/fashionpedia/images/test/0ff1ad48b959df32af38f42cef26d361.jpg,1,2,52.873054053634405,preprocess+forward+postprocess
264,5,Fashionpedia,../fashion_data/raw/fashionpedia/images/test/0ff1ad48b959df32af38f42cef26d361.jpg,1,2,53.44090983271599,preprocess+forward+postprocess
265,1,Fashionpedia,../fashion_data/raw/fashionpedia/images/test/18b2f32e876170304b2b6860ae127ba5.jpg,1,2,28.611917980015278,preprocess+forward+postprocess
265,2,Fashionpedia,../fashion_data/raw/fashionpedia/images/test/18b2f32e876170304b2b6860ae127ba5.jpg,1,2,28.306719847023487,preprocess+forward+postprocess
265,3,Fashionpedia,../fashion_data/raw/fashionpedia/images/test/18b2f32e876170304b2b6860ae127ba5.jpg,1,2,28.802969958633184,preprocess+forward+postprocess
265,4,Fashionpedia,../fashion_data/raw/fashionpedia/images/test/18b2f32e876170304b2b6860ae127ba5.jpg,1,2,28.476641979068518,preprocess+forward+postprocess
265,5,Fashionpedia,../fashion_data/raw/fashionpedia/images/test/18b2f32e876170304b2b6860ae127ba5.jpg,1,2,28.133962769061327,preprocess+forward+postprocess
266,1,Fashionpedia,../fashion_data/raw/fashionpedia/images/test/18c07033fd67225df16d98e9f6975fc9.jpg,1,1,24.337981827557087,preprocess+forward+postprocess
266,2,Fashionpedia,../fashion_data/raw/fashionpedia/images/test/18c07033fd67225df16d98e9f6975fc9.jpg,1,1,24.218485224992037,preprocess+forward+postprocess
266,3,Fashionpedia,../fashion_data/raw/fashionpedia/images/test/18c07033fd67225df16d98e9f6975fc9.jpg,1,1,24.137050844728947,preprocess+forward+postprocess
266,4,Fashionpedia,../fashion_data/raw/fashionpedia/images/test/18c07033fd67225df16d98e9f6975fc9.jpg,1,1,24.1832691244781,preprocess+forward+postprocess
266,5,Fashionpedia,../fashion_data/raw/fashionpedia/images/test/18c07033fd67225df16d98e9f6975fc9.jpg,1,1,24.737609084695578,preprocess+forward+postprocess
267,1,Fashionpedia,../fashion_data/raw/fashionpedia/images/test/19b88ca66e3ab754d3b6aa7d5e2f0a83.jpg,1,1,41.773058008402586,preprocess+forward+postprocess
267,2,Fashionpedia,../fashion_data/raw/fashionpedia/images/test/19b88ca66e3ab754d3b6aa7d5e2f0a83.jpg,1,1,30.77041683718562,preprocess+forward+postprocess
267,3,Fashionpedia,../fashion_data/raw/fashionpedia/images/test/19b88ca66e3ab754d3b6aa7d5e2f0a83.jpg,1,1,29.820797964930534,preprocess+forward+postprocess
267,4,Fashionpedia,../fashion_data/raw/fashionpedia/images/test/19b88ca66e3ab754d3b6aa7d5e2f0a83.jpg,1,1,56.172704324126244,preprocess+forward+postprocess
267,5,Fashionpedia,../fashion_data/raw/fashionpedia/images/test/19b88ca66e3ab754d3b6aa7d5e2f0a83.jpg,1,1,30.42138507589698,preprocess+forward+postprocess
268,1,Fashionpedia,../fashion_data/raw/fashionpedia/images/test/1c1b439e448879f805e8c827605ec96b.jpg,1,1,57.88896605372429,preprocess+forward+postprocess
268,2,Fashionpedia,../fashion_data/raw/fashionpedia/images/test/1c1b439e448879f805e8c827605ec96b.jpg,1,1,58.17041825503111,preprocess+forward+postprocess
268,3,Fashionpedia,../fashion_data/raw/fashionpedia/images/test/1c1b439e448879f805e8c827605ec96b.jpg,1,1,57.089411187916994,preprocess+forward+postprocess
268,4,Fashionpedia,../fashion_data/raw/fashionpedia/images/test/1c1b439e448879f805e8c827605ec96b.jpg,1,1,58.044930920004845,preprocess+forward+postprocess
268,5,Fashionpedia,../fashion_data/raw/fashionpedia/images/test/1c1b439e448879f805e8c827605ec96b.jpg,1,1,58.35980689153075,preprocess+forward+postprocess
269,1,Fashionpedia,../fashion_data/raw/fashionpedia/images/test/1e54ccbc575eac627de68b221913fc52.jpg,1,2,54.22897217795253,preprocess+forward+postprocess
269,2,Fashionpedia,../fashion_data/raw/fashionpedia/images/test/1e54ccbc575eac627de68b221913fc52.jpg,1,2,53.30752721056342,preprocess+forward+postprocess
269,3,Fashionpedia,../fashion_data/raw/fashionpedia/images/test/1e54ccbc575eac627de68b221913fc52.jpg,1,2,53.842099849134684,preprocess+forward+postprocess
269,4,Fashionpedia,../fashion_data/raw/fashionpedia/images/test/1e54ccbc575eac627de68b221913fc52.jpg,1,2,53.10998298227787,preprocess+forward+postprocess
269,5,Fashionpedia,../fashion_data/raw/fashionpedia/images/test/1e54ccbc575eac627de68b221913fc52.jpg,1,2,53.761095739901066,preprocess+forward+postprocess
270,1,Fashionpedia,../fashion_data/raw/fashionpedia/images/test/1ee26a858200fa98bef04c950dad233a.jpg,1,4,32.082031946629286,preprocess+forward+postprocess
270,2,Fashionpedia,../fashion_data/raw/fashionpedia/images/test/1ee26a858200fa98bef04c950dad233a.jpg,1,4,53.80513006821275,preprocess+forward+postprocess
270,3,Fashionpedia,../fashion_data/raw/fashionpedia/images/test/1ee26a858200fa98bef04c950dad233a.jpg,1,4,32.53455879166722,preprocess+forward+postprocess
270,4,Fashionpedia,../fashion_data/raw/fashionpedia/images/test/1ee26a858200fa98bef04c950dad233a.jpg,1,4,54.098895750939846,preprocess+forward+postprocess
270,5,Fashionpedia,../fashion_data/raw/fashionpedia/images/test/1ee26a858200fa98bef04c950dad233a.jpg,1,4,32.16070029884577,preprocess+forward+postprocess
271,1,Fashionpedia,../fashion_data/raw/fashionpedia/images/test/1f1e21e9d1206809d4f20ef5e6d2ddef.jpg,1,2,26.59122971817851,preprocess+forward+postprocess
271,2,Fashionpedia,../fashion_data/raw/fashionpedia/images/test/1f1e21e9d1206809d4f20ef5e6d2ddef.jpg,1,2,43.71613869443536,preprocess+forward+postprocess
271,3,Fashionpedia,../fashion_data/raw/fashionpedia/images/test/1f1e21e9d1206809d4f20ef5e6d2ddef.jpg,1,2,39.31594407185912,preprocess+forward+postprocess
271,4,Fashionpedia,../fashion_data/raw/fashionpedia/images/test/1f1e21e9d1206809d4f20ef5e6d2ddef.jpg,1,2,41.1142697557807,preprocess+forward+postprocess
271,5,Fashionpedia,../fashion_data/raw/fashionpedia/images/test/1f1e21e9d1206809d4f20ef5e6d2ddef.jpg,1,2,25.9845107793808,preprocess+forward+postprocess
272,1,Fashionpedia,../fashion_data/raw/fashionpedia/images/test/1f6b96f7f298903a77fa747ea4fe8840.jpg,1,2,80.79603686928749,preprocess+forward+postprocess
272,2,Fashionpedia,../fashion_data/raw/fashionpedia/images/test/1f6b96f7f298903a77fa747ea4fe8840.jpg,1,2,24.98373482376337,preprocess+forward+postprocess
272,3,Fashionpedia,../fashion_data/raw/fashionpedia/images/test/1f6b96f7f298903a77fa747ea4fe8840.jpg,1,2,39.18660804629326,preprocess+forward+postprocess
272,4,Fashionpedia,../fashion_data/raw/fashionpedia/images/test/1f6b96f7f298903a77fa747ea4fe8840.jpg,1,2,23.347536101937294,preprocess+forward+postprocess
272,5,Fashionpedia,../fashion_data/raw/fashionpedia/images/test/1f6b96f7f298903a77fa747ea4fe8840.jpg,1,2,25.81480983644724,preprocess+forward+postprocess
273,1,Fashionpedia,../fashion_data/raw/fashionpedia/images/test/1fd63362ced55967a97a324928583339.jpg,1,2,68.01089877262712,preprocess+forward+postprocess
273,2,Fashionpedia,../fashion_data/raw/fashionpedia/images/test/1fd63362ced55967a97a324928583339.jpg,1,2,68.14217800274491,preprocess+forward+postprocess
273,3,Fashionpedia,../fashion_data/raw/fashionpedia/images/test/1fd63362ced55967a97a324928583339.jpg,1,2,83.94424011930823,preprocess+forward+postprocess
273,4,Fashionpedia,../fashion_data/raw/fashionpedia/images/test/1fd63362ced55967a97a324928583339.jpg,1,2,81.18184702470899,preprocess+forward+postprocess
273,5,Fashionpedia,../fashion_data/raw/fashionpedia/images/test/1fd63362ced55967a97a324928583339.jpg,1,2,81.90329512581229,preprocess+forward+postprocess
274,1,Fashionpedia,../fashion_data/raw/fashionpedia/images/test/219a6c846e208bbad39f71ddab96408a.jpg,1,2,32.00034610927105,preprocess+forward+postprocess
274,2,Fashionpedia,../fashion_data/raw/fashionpedia/images/test/219a6c846e208bbad39f71ddab96408a.jpg,1,2,47.33780911192298,preprocess+forward+postprocess
274,3,Fashionpedia,../fashion_data/raw/fashionpedia/images/test/219a6c846e208bbad39f71ddab96408a.jpg,1,2,73.85078119114041,preprocess+forward+postprocess
274,4,Fashionpedia,../fashion_data/raw/fashionpedia/images/test/219a6c846e208bbad39f71ddab96408a.jpg,1,2,45.56131409481168,preprocess+forward+postprocess
274,5,Fashionpedia,../fashion_data/raw/fashionpedia/images/test/219a6c846e208bbad39f71ddab96408a.jpg,1,2,75.33689588308334,preprocess+forward+postprocess
275,1,Fashionpedia,../fashion_data/raw/fashionpedia/images/test/25e92d53394ac92b6b9edbbfe7cb0e1e.jpg,1,1,27.585593983531,preprocess+forward+postprocess
275,2,Fashionpedia,../fashion_data/raw/fashionpedia/images/test/25e92d53394ac92b6b9edbbfe7cb0e1e.jpg,1,1,41.3713869638741,preprocess+forward+postprocess
275,3,Fashionpedia,../fashion_data/raw/fashionpedia/images/test/25e92d53394ac92b6b9edbbfe7cb0e1e.jpg,1,1,42.663094121962786,preprocess+forward+postprocess
275,4,Fashionpedia,../fashion_data/raw/fashionpedia/images/test/25e92d53394ac92b6b9edbbfe7cb0e1e.jpg,1,1,43.2512778788805,preprocess+forward+postprocess
275,5,Fashionpedia,../fashion_data/raw/fashionpedia/images/test/25e92d53394ac92b6b9edbbfe7cb0e1e.jpg,1,1,42.645861860364676,preprocess+forward+postprocess
276,1,Fashionpedia,../fashion_data/raw/fashionpedia/images/test/25fb92c0d8ca2d4d159bfcd674b484d8.jpg,1,1,38.16925222054124,preprocess+forward+postprocess
276,2,Fashionpedia,../fashion_data/raw/fashionpedia/images/test/25fb92c0d8ca2d4d159bfcd674b484d8.jpg,1,1,41.66244901716709,preprocess+forward+postprocess
276,3,Fashionpedia,../fashion_data/raw/fashionpedia/images/test/25fb92c0d8ca2d4d159bfcd674b484d8.jpg,1,1,39.98627420514822,preprocess+forward+postprocess
276,4,Fashionpedia,../fashion_data/raw/fashionpedia/images/test/25fb92c0d8ca2d4d159bfcd674b484d8.jpg,1,1,40.28773494064808,preprocess+forward+postprocess
276,5,Fashionpedia,../fashion_data/raw/fashionpedia/images/test/25fb92c0d8ca2d4d159bfcd674b484d8.jpg,1,1,26.303596328943968,preprocess+forward+postprocess
277,1,Fashionpedia,../fashion_data/raw/fashionpedia/images/test/26168da8556dab9641084df526c39ced.jpg,1,3,31.771262176334858,preprocess+forward+postprocess
277,2,Fashionpedia,../fashion_data/raw/fashionpedia/images/test/26168da8556dab9641084df526c39ced.jpg,1,3,42.07271616905928,preprocess+forward+postprocess
277,3,Fashionpedia,../fashion_data/raw/fashionpedia/images/test/26168da8556dab9641084df526c39ced.jpg,1,3,30.94783192500472,preprocess+forward+postprocess
277,4,Fashionpedia,../fashion_data/raw/fashionpedia/images/test/26168da8556dab9641084df526c39ced.jpg,1,3,45.7047950476408,preprocess+forward+postprocess
277,5,Fashionpedia,../fashion_data/raw/fashionpedia/images/test/26168da8556dab9641084df526c39ced.jpg,1,3,46.00749909877777,preprocess+forward+postprocess
278,1,Fashionpedia,../fashion_data/raw/fashionpedia/images/test/2aa229d7589a06e59c4eb1f05162f9ab.jpg,1,1,83.07726820930839,preprocess+forward+postprocess
278,2,Fashionpedia,../fashion_data/raw/fashionpedia/images/test/2aa229d7589a06e59c4eb1f05162f9ab.jpg,1,1,40.44120479375124,preprocess+forward+postprocess
278,3,Fashionpedia,../fashion_data/raw/fashionpedia/images/test/2aa229d7589a06e59c4eb1f05162f9ab.jpg,1,1,40.66528892144561,preprocess+forward+postprocess
278,4,Fashionpedia,../fashion_data/raw/fashionpedia/images/test/2aa229d7589a06e59c4eb1f05162f9ab.jpg,1,1,24.647409096360207,preprocess+forward+postprocess
278,5,Fashionpedia,../fashion_data/raw/fashionpedia/images/test/2aa229d7589a06e59c4eb1f05162f9ab.jpg,1,1,24.654691107571125,preprocess+forward+postprocess
279,1,Fashionpedia,../fashion_data/raw/fashionpedia/images/test/2bb3700b00be0b5dc63b73da24501546.jpg,1,1,54.67763217166066,preprocess+forward+postprocess
279,2,Fashionpedia,../fashion_data/raw/fashionpedia/images/test/2bb3700b00be0b5dc63b73da24501546.jpg,1,1,30.530582647770643,preprocess+forward+postprocess
279,3,Fashionpedia,../fashion_data/raw/fashionpedia/images/test/2bb3700b00be0b5dc63b73da24501546.jpg,1,1,30.592910014092922,preprocess+forward+postprocess
279,4,Fashionpedia,../fashion_data/raw/fashionpedia/images/test/2bb3700b00be0b5dc63b73da24501546.jpg,1,1,54.338610265403986,preprocess+forward+postprocess
279,5,Fashionpedia,../fashion_data/raw/fashionpedia/images/test/2bb3700b00be0b5dc63b73da24501546.jpg,1,1,53.873538970947266,preprocess+forward+postprocess
280,1,Fashionpedia,../fashion_data/raw/fashionpedia/images/test/33a5bdedbd732f7fdd89d558b78707ef.jpg,1,2,28.084188234061003,preprocess+forward+postprocess
280,2,Fashionpedia,../fashion_data/raw/fashionpedia/images/test/33a5bdedbd732f7fdd89d558b78707ef.jpg,1,2,27.97253616154194,preprocess+forward+postprocess
280,3,Fashionpedia,../fashion_data/raw/fashionpedia/images/test/33a5bdedbd732f7fdd89d558b78707ef.jpg,1,2,27.760555036365986,preprocess+forward+postprocess
280,4,Fashionpedia,../fashion_data/raw/fashionpedia/images/test/33a5bdedbd732f7fdd89d558b78707ef.jpg,1,2,27.57414197549224,preprocess+forward+postprocess
280,5,Fashionpedia,../fashion_data/raw/fashionpedia/images/test/33a5bdedbd732f7fdd89d558b78707ef.jpg,1,2,28.469848912209272,preprocess+forward+postprocess
281,1,Fashionpedia,../fashion_data/raw/fashionpedia/images/test/33e7a5f7f47b7bb2bf6d3549eedde5fd.jpg,1,2,25.642141699790955,preprocess+forward+postprocess
281,2,Fashionpedia,../fashion_data/raw/fashionpedia/images/test/33e7a5f7f47b7bb2bf6d3549eedde5fd.jpg,1,2,25.41371900588274,preprocess+forward+postprocess
281,3,Fashionpedia,../fashion_data/raw/fashionpedia/images/test/33e7a5f7f47b7bb2bf6d3549eedde5fd.jpg,1,2,26.731206104159355,preprocess+forward+postprocess
281,4,Fashionpedia,../fashion_data/raw/fashionpedia/images/test/33e7a5f7f47b7bb2bf6d3549eedde5fd.jpg,1,2,25.335500948131084,preprocess+forward+postprocess
281,5,Fashionpedia,../fashion_data/raw/fashionpedia/images/test/33e7a5f7f47b7bb2bf6d3549eedde5fd.jpg,1,2,25.111437309533358,preprocess+forward+postprocess
282,1,Fashionpedia,../fashion_data/raw/fashionpedia/images/test/3421d3316a1b5e3e0eba67a600201806.jpg,1,1,23.886546958237886,preprocess+forward+postprocess
282,2,Fashionpedia,../fashion_data/raw/fashionpedia/images/test/3421d3316a1b5e3e0eba67a600201806.jpg,1,1,23.2388898730278,preprocess+forward+postprocess
282,3,Fashionpedia,../fashion_data/raw/fashionpedia/images/test/3421d3316a1b5e3e0eba67a600201806.jpg,1,1,23.593320976942778,preprocess+forward+postprocess
282,4,Fashionpedia,../fashion_data/raw/fashionpedia/images/test/3421d3316a1b5e3e0eba67a600201806.jpg,1,1,23.034642916172743,preprocess+forward+postprocess
282,5,Fashionpedia,../fashion_data/raw/fashionpedia/images/test/3421d3316a1b5e3e0eba67a600201806.jpg,1,1,22.93546497821808,preprocess+forward+postprocess
283,1,Fashionpedia,../fashion_data/raw/fashionpedia/images/test/347c5d77fb5cea10e3bb9d604b40e141.jpg,1,2,28.75925600528717,preprocess+forward+postprocess
283,2,Fashionpedia,../fashion_data/raw/fashionpedia/images/test/347c5d77fb5cea10e3bb9d604b40e141.jpg,1,2,39.30774796754122,preprocess+forward+postprocess
283,3,Fashionpedia,../fashion_data/raw/fashionpedia/images/test/347c5d77fb5cea10e3bb9d604b40e141.jpg,1,2,27.10648626089096,preprocess+forward+postprocess
283,4,Fashionpedia,../fashion_data/raw/fashionpedia/images/test/347c5d77fb5cea10e3bb9d604b40e141.jpg,1,2,28.078257106244564,preprocess+forward+postprocess
283,5,Fashionpedia,../fashion_data/raw/fashionpedia/images/test/347c5d77fb5cea10e3bb9d604b40e141.jpg,1,2,29.38190707936883,preprocess+forward+postprocess
284,1,Fashionpedia,../fashion_data/raw/fashionpedia/images/test/35980d446169c38a1ebe02324dc0df36.jpg,1,0,33.39712228626013,preprocess+forward+postprocess
284,2,Fashionpedia,../fashion_data/raw/fashionpedia/images/test/35980d446169c38a1ebe02324dc0df36.jpg,1,0,26.636835653334856,preprocess+forward+postprocess
284,3,Fashionpedia,../fashion_data/raw/fashionpedia/images/test/35980d446169c38a1ebe02324dc0df36.jpg,1,0,26.898000854998827,preprocess+forward+postprocess
284,4,Fashionpedia,../fashion_data/raw/fashionpedia/images/test/35980d446169c38a1ebe02324dc0df36.jpg,1,0,26.221069041639566,preprocess+forward+postprocess
284,5,Fashionpedia,../fashion_data/raw/fashionpedia/images/test/35980d446169c38a1ebe02324dc0df36.jpg,1,0,26.047208812087774,preprocess+forward+postprocess
285,1,Fashionpedia,../fashion_data/raw/fashionpedia/images/test/387a049fc5d151a2c6c2444a44211d5c.jpg,1,2,40.40895402431488,preprocess+forward+postprocess
285,2,Fashionpedia,../fashion_data/raw/fashionpedia/images/test/387a049fc5d151a2c6c2444a44211d5c.jpg,1,2,46.9707939773798,preprocess+forward+postprocess
285,3,Fashionpedia,../fashion_data/raw/fashionpedia/images/test/387a049fc5d151a2c6c2444a44211d5c.jpg,1,2,40.526016149669886,preprocess+forward+postprocess
285,4,Fashionpedia,../fashion_data/raw/fashionpedia/images/test/387a049fc5d151a2c6c2444a44211d5c.jpg,1,2,46.20739817619324,preprocess+forward+postprocess
285,5,Fashionpedia,../fashion_data/raw/fashionpedia/images/test/387a049fc5d151a2c6c2444a44211d5c.jpg,1,2,40.11501744389534,preprocess+forward+postprocess
286,1,Fashionpedia,../fashion_data/raw/fashionpedia/images/test/3990300351c44307a56a9263b1d9f346.jpg,1,4,28.724911622703075,preprocess+forward+postprocess
286,2,Fashionpedia,../fashion_data/raw/fashionpedia/images/test/3990300351c44307a56a9263b1d9f346.jpg,1,4,28.97746115922928,preprocess+forward+postprocess
286,3,Fashionpedia,../fashion_data/raw/fashionpedia/images/test/3990300351c44307a56a9263b1d9f346.jpg,1,4,28.352065943181515,preprocess+forward+postprocess
286,4,Fashionpedia,../fashion_data/raw/fashionpedia/images/test/3990300351c44307a56a9263b1d9f346.jpg,1,4,28.231666889041662,preprocess+forward+postprocess
286,5,Fashionpedia,../fashion_data/raw/fashionpedia/images/test/3990300351c44307a56a9263b1d9f346.jpg,1,4,28.728769160807133,preprocess+forward+postprocess
287,1,Fashionpedia,../fashion_data/raw/fashionpedia/images/test/3a363533069e4150d6fd215abb73dd08.jpg,1,3,51.39499390497804,preprocess+forward+postprocess
287,2,Fashionpedia,../fashion_data/raw/fashionpedia/images/test/3a363533069e4150d6fd215abb73dd08.jpg,1,3,52.57572093978524,preprocess+forward+postprocess
287,3,Fashionpedia,../fashion_data/raw/fashionpedia/images/test/3a363533069e4150d6fd215abb73dd08.jpg,1,3,51.456139888614416,preprocess+forward+postprocess
287,4,Fashionpedia,../fashion_data/raw/fashionpedia/images/test/3a363533069e4150d6fd215abb73dd08.jpg,1,3,51.347062923014164,preprocess+forward+postprocess
287,5,Fashionpedia,../fashion_data/raw/fashionpedia/images/test/3a363533069e4150d6fd215abb73dd08.jpg,1,3,50.78720301389694,preprocess+forward+postprocess
288,1,Fashionpedia,../fashion_data/raw/fashionpedia/images/test/3ae36909e5aa4ad018b2601797debf94.jpg,1,5,37.005316000431776,preprocess+forward+postprocess
288,2,Fashionpedia,../fashion_data/raw/fashionpedia/images/test/3ae36909e5aa4ad018b2601797debf94.jpg,1,5,32.63828391209245,preprocess+forward+postprocess
288,3,Fashionpedia,../fashion_data/raw/fashionpedia/images/test/3ae36909e5aa4ad018b2601797debf94.jpg,1,5,35.412178840488195,preprocess+forward+postprocess
288,4,Fashionpedia,../fashion_data/raw/fashionpedia/images/test/3ae36909e5aa4ad018b2601797debf94.jpg,1,5,33.25013304129243,preprocess+forward+postprocess
288,5,Fashionpedia,../fashion_data/raw/fashionpedia/images/test/3ae36909e5aa4ad018b2601797debf94.jpg,1,5,31.54441202059388,preprocess+forward+postprocess
289,1,Fashionpedia,../fashion_data/raw/fashionpedia/images/test/3c9135567d29729161aa465507e5efad.jpg,1,1,31.382105313241482,preprocess+forward+postprocess
289,2,Fashionpedia,../fashion_data/raw/fashionpedia/images/test/3c9135567d29729161aa465507e5efad.jpg,1,1,28.988901060074568,preprocess+forward+postprocess
289,3,Fashionpedia,../fashion_data/raw/fashionpedia/images/test/3c9135567d29729161aa465507e5efad.jpg,1,1,28.301639948040247,preprocess+forward+postprocess
289,4,Fashionpedia,../fashion_data/raw/fashionpedia/images/test/3c9135567d29729161aa465507e5efad.jpg,1,1,28.419113252311945,preprocess+forward+postprocess
289,5,Fashionpedia,../fashion_data/raw/fashionpedia/images/test/3c9135567d29729161aa465507e5efad.jpg,1,1,28.8451686501503,preprocess+forward+postprocess
290,1,Fashionpedia,../fashion_data/raw/fashionpedia/images/test/3c9745ee71fdc72c43f9baec5f9e27f0.jpg,1,1,28.945310041308403,preprocess+forward+postprocess
290,2,Fashionpedia,../fashion_data/raw/fashionpedia/images/test/3c9745ee71fdc72c43f9baec5f9e27f0.jpg,1,1,28.91808794811368,preprocess+forward+postprocess
290,3,Fashionpedia,../fashion_data/raw/fashionpedia/images/test/3c9745ee71fdc72c43f9baec5f9e27f0.jpg,1,1,31.96720313280821,preprocess+forward+postprocess
290,4,Fashionpedia,../fashion_data/raw/fashionpedia/images/test/3c9745ee71fdc72c43f9baec5f9e27f0.jpg,1,1,28.036256786435843,preprocess+forward+postprocess
290,5,Fashionpedia,../fashion_data/raw/fashionpedia/images/test/3c9745ee71fdc72c43f9baec5f9e27f0.jpg,1,1,27.986141853034496,preprocess+forward+postprocess
291,1,Fashionpedia,../fashion_data/raw/fashionpedia/images/test/3ce04e48660ed6d21aee863f674486b7.jpg,1,1,26.671811938285828,preprocess+forward+postprocess
291,2,Fashionpedia,../fashion_data/raw/fashionpedia/images/test/3ce04e48660ed6d21aee863f674486b7.jpg,1,1,25.126324966549873,preprocess+forward+postprocess
291,3,Fashionpedia,../fashion_data/raw/fashionpedia/images/test/3ce04e48660ed6d21aee863f674486b7.jpg,1,1,24.95702402666211,preprocess+forward+postprocess
291,4,Fashionpedia,../fashion_data/raw/fashionpedia/images/test/3ce04e48660ed6d21aee863f674486b7.jpg,1,1,25.15494916588068,preprocess+forward+postprocess
291,5,Fashionpedia,../fashion_data/raw/fashionpedia/images/test/3ce04e48660ed6d21aee863f674486b7.jpg,1,1,25.552731938660145,preprocess+forward+postprocess
292,1,Fashionpedia,../fashion_data/raw/fashionpedia/images/test/3d2c62435d6f70d51721670bc5e60ad2.jpg,1,2,26.305037550628185,preprocess+forward+postprocess
292,2,Fashionpedia,../fashion_data/raw/fashionpedia/images/test/3d2c62435d6f70d51721670bc5e60ad2.jpg,1,2,26.199718937277794,preprocess+forward+postprocess
292,3,Fashionpedia,../fashion_data/raw/fashionpedia/images/test/3d2c62435d6f70d51721670bc5e60ad2.jpg,1,2,26.099668815732002,preprocess+forward+postprocess
292,4,Fashionpedia,../fashion_data/raw/fashionpedia/images/test/3d2c62435d6f70d51721670bc5e60ad2.jpg,1,2,28.636343777179718,preprocess+forward+postprocess
292,5,Fashionpedia,../fashion_data/raw/fashionpedia/images/test/3d2c62435d6f70d51721670bc5e60ad2.jpg,1,2,25.96093574538827,preprocess+forward+postprocess
293,1,Fashionpedia,../fashion_data/raw/fashionpedia/images/test/420f153001eb2e37269ae974b9f7665e.jpg,1,2,30.48808081075549,preprocess+forward+postprocess
293,2,Fashionpedia,../fashion_data/raw/fashionpedia/images/test/420f153001eb2e37269ae974b9f7665e.jpg,1,2,30.19597800448537,preprocess+forward+postprocess
293,3,Fashionpedia,../fashion_data/raw/fashionpedia/images/test/420f153001eb2e37269ae974b9f7665e.jpg,1,2,29.896480962634087,preprocess+forward+postprocess
293,4,Fashionpedia,../fashion_data/raw/fashionpedia/images/test/420f153001eb2e37269ae974b9f7665e.jpg,1,2,55.026072077453136,preprocess+forward+postprocess
293,5,Fashionpedia,../fashion_data/raw/fashionpedia/images/test/420f153001eb2e37269ae974b9f7665e.jpg,1,2,30.310976319015026,preprocess+forward+postprocess
294,1,Fashionpedia,../fashion_data/raw/fashionpedia/images/test/42668f83c24465ba79d25eb2a8790050.jpg,1,3,33.046507742255926,preprocess+forward+postprocess
294,2,Fashionpedia,../fashion_data/raw/fashionpedia/images/test/42668f83c24465ba79d25eb2a8790050.jpg,1,3,58.76390216872096,preprocess+forward+postprocess
294,3,Fashionpedia,../fashion_data/raw/fashionpedia/images/test/42668f83c24465ba79d25eb2a8790050.jpg,1,3,31.067208852618933,preprocess+forward+postprocess
294,4,Fashionpedia,../fashion_data/raw/fashionpedia/images/test/42668f83c24465ba79d25eb2a8790050.jpg,1,3,59.08373882994056,preprocess+forward+postprocess
294,5,Fashionpedia,../fashion_data/raw/fashionpedia/images/test/42668f83c24465ba79d25eb2a8790050.jpg,1,3,30.61926970258355,preprocess+forward+postprocess
295,1,Fashionpedia,../fashion_data/raw/fashionpedia/images/test/474d53c6c7a10c536cb49d55104211bf.jpg,1,0,28.702068142592907,preprocess+forward+postprocess
295,2,Fashionpedia,../fashion_data/raw/fashionpedia/images/test/474d53c6c7a10c536cb49d55104211bf.jpg,1,0,29.017596039921045,preprocess+forward+postprocess
295,3,Fashionpedia,../fashion_data/raw/fashionpedia/images/test/474d53c6c7a10c536cb49d55104211bf.jpg,1,0,28.86033896356821,preprocess+forward+postprocess
295,4,Fashionpedia,../fashion_data/raw/fashionpedia/images/test/474d53c6c7a10c536cb49d55104211bf.jpg,1,0,29.199160169810057,preprocess+forward+postprocess
295,5,Fashionpedia,../fashion_data/raw/fashionpedia/images/test/474d53c6c7a10c536cb49d55104211bf.jpg,1,0,29.050519224256277,preprocess+forward+postprocess
296,1,Fashionpedia,../fashion_data/raw/fashionpedia/images/test/4a218fbe91f6d17267cdbb255d4d8900.jpg,1,2,30.517486855387688,preprocess+forward+postprocess
296,2,Fashionpedia,../fashion_data/raw/fashionpedia/images/test/4a218fbe91f6d17267cdbb255d4d8900.jpg,1,2,30.67979495972395,preprocess+forward+postprocess
296,3,Fashionpedia,../fashion_data/raw/fashionpedia/images/test/4a218fbe91f6d17267cdbb255d4d8900.jpg,1,2,30.26230400428176,preprocess+forward+postprocess
296,4,Fashionpedia,../fashion_data/raw/fashionpedia/images/test/4a218fbe91f6d17267cdbb255d4d8900.jpg,1,2,29.909946955740452,preprocess+forward+postprocess
296,5,Fashionpedia,../fashion_data/raw/fashionpedia/images/test/4a218fbe91f6d17267cdbb255d4d8900.jpg,1,2,51.766227930784225,preprocess+forward+postprocess
297,1,Fashionpedia,../fashion_data/raw/fashionpedia/images/test/4aa62ca489ce6e163ca8400d4c96b569.jpg,1,4,30.2384989336133,preprocess+forward+postprocess
297,2,Fashionpedia,../fashion_data/raw/fashionpedia/images/test/4aa62ca489ce6e163ca8400d4c96b569.jpg,1,4,29.821387957781553,preprocess+forward+postprocess
297,3,Fashionpedia,../fashion_data/raw/fashionpedia/images/test/4aa62ca489ce6e163ca8400d4c96b569.jpg,1,4,30.025115236639977,preprocess+forward+postprocess
297,4,Fashionpedia,../fashion_data/raw/fashionpedia/images/test/4aa62ca489ce6e163ca8400d4c96b569.jpg,1,4,29.763138387352228,preprocess+forward+postprocess
297,5,Fashionpedia,../fashion_data/raw/fashionpedia/images/test/4aa62ca489ce6e163ca8400d4c96b569.jpg,1,4,45.832146890461445,preprocess+forward+postprocess
298,1,Fashionpedia,../fashion_data/raw/fashionpedia/images/test/4aa6626a5183e3072b74ee07f75e07b6.jpg,1,0,25.017489213496447,preprocess+forward+postprocess
298,2,Fashionpedia,../fashion_data/raw/fashionpedia/images/test/4aa6626a5183e3072b74ee07f75e07b6.jpg,1,0,25.315953884273767,preprocess+forward+postprocess
298,3,Fashionpedia,../fashion_data/raw/fashionpedia/images/test/4aa6626a5183e3072b74ee07f75e07b6.jpg,1,0,26.24413324519992,preprocess+forward+postprocess
298,4,Fashionpedia,../fashion_data/raw/fashionpedia/images/test/4aa6626a5183e3072b74ee07f75e07b6.jpg,1,0,24.793966207653284,preprocess+forward+postprocess
298,5,Fashionpedia,../fashion_data/raw/fashionpedia/images/test/4aa6626a5183e3072b74ee07f75e07b6.jpg,1,0,24.45132564753294,preprocess+forward+postprocess
299,1,Fashionpedia,../fashion_data/raw/fashionpedia/images/test/4c528816dbb9d5ba947d10b145fcb5f1.jpg,1,1,27.43533905595541,preprocess+forward+postprocess
299,2,Fashionpedia,../fashion_data/raw/fashionpedia/images/test/4c528816dbb9d5ba947d10b145fcb5f1.jpg,1,1,27.793458197265863,preprocess+forward+postprocess
299,3,Fashionpedia,../fashion_data/raw/fashionpedia/images/test/4c528816dbb9d5ba947d10b145fcb5f1.jpg,1,1,27.82941609621048,preprocess+forward+postprocess
299,4,Fashionpedia,../fashion_data/raw/fashionpedia/images/test/4c528816dbb9d5ba947d10b145fcb5f1.jpg,1,1,27.75305090472102,preprocess+forward+postprocess
299,5,Fashionpedia,../fashion_data/raw/fashionpedia/images/test/4c528816dbb9d5ba947d10b145fcb5f1.jpg,1,1,27.962186839431524,preprocess+forward+postprocess
300,1,Fashionpedia,../fashion_data/raw/fashionpedia/images/test/4d200cb316a6260257ce84b37e25161c.jpg,1,4,32.79654402285814,preprocess+forward+postprocess
300,2,Fashionpedia,../fashion_data/raw/fashionpedia/images/test/4d200cb316a6260257ce84b37e25161c.jpg,1,4,32.619559206068516,preprocess+forward+postprocess
300,3,Fashionpedia,../fashion_data/raw/fashionpedia/images/test/4d200cb316a6260257ce84b37e25161c.jpg,1,4,31.922669149935246,preprocess+forward+postprocess
300,4,Fashionpedia,../fashion_data/raw/fashionpedia/images/test/4d200cb316a6260257ce84b37e25161c.jpg,1,4,56.830649729818106,preprocess+forward+postprocess
300,5,Fashionpedia,../fashion_data/raw/fashionpedia/images/test/4d200cb316a6260257ce84b37e25161c.jpg,1,4,31.444001942873,preprocess+forward+postprocess
301,1,Fashionpedia,../fashion_data/raw/fashionpedia/images/test/5285f0cc22e6b24ebf7597921f1e792f.jpg,1,3,64.31685062125325,preprocess+forward+postprocess
301,2,Fashionpedia,../fashion_data/raw/fashionpedia/images/test/5285f0cc22e6b24ebf7597921f1e792f.jpg,1,3,63.85397398844361,preprocess+forward+postprocess
301,3,Fashionpedia,../fashion_data/raw/fashionpedia/images/test/5285f0cc22e6b24ebf7597921f1e792f.jpg,1,3,64.136509783566,preprocess+forward+postprocess
301,4,Fashionpedia,../fashion_data/raw/fashionpedia/images/test/5285f0cc22e6b24ebf7597921f1e792f.jpg,1,3,64.21326519921422,preprocess+forward+postprocess
301,5,Fashionpedia,../fashion_data/raw/fashionpedia/images/test/5285f0cc22e6b24ebf7597921f1e792f.jpg,1,3,64.40959684550762,preprocess+forward+postprocess
302,1,Fashionpedia,../fashion_data/raw/fashionpedia/images/test/5335b8ea8a70be860bc310864bc7d8d1.jpg,1,3,26.903321035206318,preprocess+forward+postprocess
302,2,Fashionpedia,../fashion_data/raw/fashionpedia/images/test/5335b8ea8a70be860bc310864bc7d8d1.jpg,1,3,27.561337687075138,preprocess+forward+postprocess
302,3,Fashionpedia,../fashion_data/raw/fashionpedia/images/test/5335b8ea8a70be860bc310864bc7d8d1.jpg,1,3,29.235849156975746,preprocess+forward+postprocess
302,4,Fashionpedia,../fashion_data/raw/fashionpedia/images/test/5335b8ea8a70be860bc310864bc7d8d1.jpg,1,3,27.114219963550568,preprocess+forward+postprocess
302,5,Fashionpedia,../fashion_data/raw/fashionpedia/images/test/5335b8ea8a70be860bc310864bc7d8d1.jpg,1,3,41.625778656452894,preprocess+forward+postprocess
303,1,Fashionpedia,../fashion_data/raw/fashionpedia/images/test/53638f7d3a9adcd5e93a4ade8f1ed552.jpg,1,3,39.831520058214664,preprocess+forward+postprocess
303,2,Fashionpedia,../fashion_data/raw/fashionpedia/images/test/53638f7d3a9adcd5e93a4ade8f1ed552.jpg,1,3,26.50300320237875,preprocess+forward+postprocess
303,3,Fashionpedia,../fashion_data/raw/fashionpedia/images/test/53638f7d3a9adcd5e93a4ade8f1ed552.jpg,1,3,26.954378001391888,preprocess+forward+postprocess
303,4,Fashionpedia,../fashion_data/raw/fashionpedia/images/test/53638f7d3a9adcd5e93a4ade8f1ed552.jpg,1,3,26.9315242767334,preprocess+forward+postprocess
303,5,Fashionpedia,../fashion_data/raw/fashionpedia/images/test/53638f7d3a9adcd5e93a4ade8f1ed552.jpg,1,3,28.04099628701806,preprocess+forward+postprocess
304,1,Fashionpedia,../fashion_data/raw/fashionpedia/images/test/5446d1fd42c4c2baac5bc3ae647b2f7d.jpg,1,3,56.63799587637186,preprocess+forward+postprocess
304,2,Fashionpedia,../fashion_data/raw/fashionpedia/images/test/5446d1fd42c4c2baac5bc3ae647b2f7d.jpg,1,3,70.39963314309716,preprocess+forward+postprocess
304,3,Fashionpedia,../fashion_data/raw/fashionpedia/images/test/5446d1fd42c4c2baac5bc3ae647b2f7d.jpg,1,3,56.171421892941,preprocess+forward+postprocess
304,4,Fashionpedia,../fashion_data/raw/fashionpedia/images/test/5446d1fd42c4c2baac5bc3ae647b2f7d.jpg,1,3,55.89748313650489,preprocess+forward+postprocess
304,5,Fashionpedia,../fashion_data/raw/fashionpedia/images/test/5446d1fd42c4c2baac5bc3ae647b2f7d.jpg,1,3,54.83133299276233,preprocess+forward+postprocess
305,1,Fashionpedia,../fashion_data/raw/fashionpedia/images/test/590d516a191a9f1013976798dda97d36.jpg,1,3,82.00939511880279,preprocess+forward+postprocess
305,2,Fashionpedia,../fashion_data/raw/fashionpedia/images/test/590d516a191a9f1013976798dda97d36.jpg,1,3,90.66280582919717,preprocess+forward+postprocess
305,3,Fashionpedia,../fashion_data/raw/fashionpedia/images/test/590d516a191a9f1013976798dda97d36.jpg,1,3,87.10888493806124,preprocess+forward+postprocess
305,4,Fashionpedia,../fashion_data/raw/fashionpedia/images/test/590d516a191a9f1013976798dda97d36.jpg,1,3,79.99631157144904,preprocess+forward+postprocess
305,5,Fashionpedia,../fashion_data/raw/fashionpedia/images/test/590d516a191a9f1013976798dda97d36.jpg,1,3,80.8429247699678,preprocess+forward+postprocess
306,1,Fashionpedia,../fashion_data/raw/fashionpedia/images/test/59972d4827e58fd77ceac9dd7f0b42c7.jpg,1,0,24.911959189921618,preprocess+forward+postprocess
306,2,Fashionpedia,../fashion_data/raw/fashionpedia/images/test/59972d4827e58fd77ceac9dd7f0b42c7.jpg,1,0,25.152294896543026,preprocess+forward+postprocess
306,3,Fashionpedia,../fashion_data/raw/fashionpedia/images/test/59972d4827e58fd77ceac9dd7f0b42c7.jpg,1,0,24.832609109580517,preprocess+forward+postprocess
306,4,Fashionpedia,../fashion_data/raw/fashionpedia/images/test/59972d4827e58fd77ceac9dd7f0b42c7.jpg,1,0,25.472541339695454,preprocess+forward+postprocess
306,5,Fashionpedia,../fashion_data/raw/fashionpedia/images/test/59972d4827e58fd77ceac9dd7f0b42c7.jpg,1,0,25.605503004044294,preprocess+forward+postprocess
307,1,Fashionpedia,../fashion_data/raw/fashionpedia/images/test/5ada94993430e73f1e6967d5ce2aecad.jpg,1,1,25.150271132588387,preprocess+forward+postprocess
307,2,Fashionpedia,../fashion_data/raw/fashionpedia/images/test/5ada94993430e73f1e6967d5ce2aecad.jpg,1,1,26.50243230164051,preprocess+forward+postprocess
307,3,Fashionpedia,../fashion_data/raw/fashionpedia/images/test/5ada94993430e73f1e6967d5ce2aecad.jpg,1,1,25.570767000317574,preprocess+forward+postprocess
307,4,Fashionpedia,../fashion_data/raw/fashionpedia/images/test/5ada94993430e73f1e6967d5ce2aecad.jpg,1,1,25.265058036893606,preprocess+forward+postprocess
307,5,Fashionpedia,../fashion_data/raw/fashionpedia/images/test/5ada94993430e73f1e6967d5ce2aecad.jpg,1,1,25.37556691095233,preprocess+forward+postprocess
308,1,Fashionpedia,../fashion_data/raw/fashionpedia/images/test/5d5d3fb33612b0794f06003d8abe2a3e.jpg,1,1,27.058786246925592,preprocess+forward+postprocess
308,2,Fashionpedia,../fashion_data/raw/fashionpedia/images/test/5d5d3fb33612b0794f06003d8abe2a3e.jpg,1,1,27.029048651456833,preprocess+forward+postprocess
308,3,Fashionpedia,../fashion_data/raw/fashionpedia/images/test/5d5d3fb33612b0794f06003d8abe2a3e.jpg,1,1,26.961450930684805,preprocess+forward+postprocess
308,4,Fashionpedia,../fashion_data/raw/fashionpedia/images/test/5d5d3fb33612b0794f06003d8abe2a3e.jpg,1,1,27.191807981580496,preprocess+forward+postprocess
308,5,Fashionpedia,../fashion_data/raw/fashionpedia/images/test/5d5d3fb33612b0794f06003d8abe2a3e.jpg,1,1,27.100665029138327,preprocess+forward+postprocess
309,1,Fashionpedia,../fashion_data/raw/fashionpedia/images/test/5d7f5a1b4d12d8931d03c3e7e1060689.jpg,1,1,40.03880312666297,preprocess+forward+postprocess
309,2,Fashionpedia,../fashion_data/raw/fashionpedia/images/test/5d7f5a1b4d12d8931d03c3e7e1060689.jpg,1,1,37.8214530646801,preprocess+forward+postprocess
309,3,Fashionpedia,../fashion_data/raw/fashionpedia/images/test/5d7f5a1b4d12d8931d03c3e7e1060689.jpg,1,1,27.806431986391544,preprocess+forward+postprocess
309,4,Fashionpedia,../fashion_data/raw/fashionpedia/images/test/5d7f5a1b4d12d8931d03c3e7e1060689.jpg,1,1,27.527162805199623,preprocess+forward+postprocess
309,5,Fashionpedia,../fashion_data/raw/fashionpedia/images/test/5d7f5a1b4d12d8931d03c3e7e1060689.jpg,1,1,27.578420005738735,preprocess+forward+postprocess
310,1,Fashionpedia,../fashion_data/raw/fashionpedia/images/test/5dbc92d79e36f8af3824a776b28b97d0.jpg,1,1,25.711844209581614,preprocess+forward+postprocess
310,2,Fashionpedia,../fashion_data/raw/fashionpedia/images/test/5dbc92d79e36f8af3824a776b28b97d0.jpg,1,1,34.8906209692359,preprocess+forward+postprocess
310,3,Fashionpedia,../fashion_data/raw/fashionpedia/images/test/5dbc92d79e36f8af3824a776b28b97d0.jpg,1,1,27.55839191377163,preprocess+forward+postprocess
310,4,Fashionpedia,../fashion_data/raw/fashionpedia/images/test/5dbc92d79e36f8af3824a776b28b97d0.jpg,1,1,26.168780401349068,preprocess+forward+postprocess
310,5,Fashionpedia,../fashion_data/raw/fashionpedia/images/test/5dbc92d79e36f8af3824a776b28b97d0.jpg,1,1,37.45952667668462,preprocess+forward+postprocess
311,1,Fashionpedia,../fashion_data/raw/fashionpedia/images/test/6469f5b56cb9ab713851fcd9116923c1.jpg,1,4,98.58332993462682,preprocess+forward+postprocess
311,2,Fashionpedia,../fashion_data/raw/fashionpedia/images/test/6469f5b56cb9ab713851fcd9116923c1.jpg,1,4,26.488826144486666,preprocess+forward+postprocess
311,3,Fashionpedia,../fashion_data/raw/fashionpedia/images/test/6469f5b56cb9ab713851fcd9116923c1.jpg,1,4,31.105170026421547,preprocess+forward+postprocess
311,4,Fashionpedia,../fashion_data/raw/fashionpedia/images/test/6469f5b56cb9ab713851fcd9116923c1.jpg,1,4,27.886033058166504,preprocess+forward+postprocess
311,5,Fashionpedia,../fashion_data/raw/fashionpedia/images/test/6469f5b56cb9ab713851fcd9116923c1.jpg,1,4,26.45202586427331,preprocess+forward+postprocess
312,1,Fashionpedia,../fashion_data/raw/fashionpedia/images/test/65cb75a24d64e835888e2824b1baaacc.jpg,1,2,35.765879321843386,preprocess+forward+postprocess
312,2,Fashionpedia,../fashion_data/raw/fashionpedia/images/test/65cb75a24d64e835888e2824b1baaacc.jpg,1,2,27.39171590656042,preprocess+forward+postprocess
312,3,Fashionpedia,../fashion_data/raw/fashionpedia/images/test/65cb75a24d64e835888e2824b1baaacc.jpg,1,2,27.151802089065313,preprocess+forward+postprocess
312,4,Fashionpedia,../fashion_data/raw/fashionpedia/images/test/65cb75a24d64e835888e2824b1baaacc.jpg,1,2,26.940451934933662,preprocess+forward+postprocess
312,5,Fashionpedia,../fashion_data/raw/fashionpedia/images/test/65cb75a24d64e835888e2824b1baaacc.jpg,1,2,26.964477263391018,preprocess+forward+postprocess
313,1,Fashionpedia,../fashion_data/raw/fashionpedia/images/test/6612b7476f511c5cd1eb1086f2b7ba39.jpg,1,6,70.90550102293491,preprocess+forward+postprocess
313,2,Fashionpedia,../fashion_data/raw/fashionpedia/images/test/6612b7476f511c5cd1eb1086f2b7ba39.jpg,1,6,71.98392413556576,preprocess+forward+postprocess
313,3,Fashionpedia,../fashion_data/raw/fashionpedia/images/test/6612b7476f511c5cd1eb1086f2b7ba39.jpg,1,6,86.49055287241936,preprocess+forward+postprocess
313,4,Fashionpedia,../fashion_data/raw/fashionpedia/images/test/6612b7476f511c5cd1eb1086f2b7ba39.jpg,1,6,70.59740787371993,preprocess+forward+postprocess
313,5,Fashionpedia,../fashion_data/raw/fashionpedia/images/test/6612b7476f511c5cd1eb1086f2b7ba39.jpg,1,6,71.39385584741831,preprocess+forward+postprocess
314,1,Fashionpedia,../fashion_data/raw/fashionpedia/images/test/6d734ccae856df8a0bf85bb3f658bbbb.jpg,1,5,54.31778123602271,preprocess+forward+postprocess
314,2,Fashionpedia,../fashion_data/raw/fashionpedia/images/test/6d734ccae856df8a0bf85bb3f658bbbb.jpg,1,5,56.81028217077255,preprocess+forward+postprocess
314,3,Fashionpedia,../fashion_data/raw/fashionpedia/images/test/6d734ccae856df8a0bf85bb3f658bbbb.jpg,1,5,54.975004866719246,preprocess+forward+postprocess
314,4,Fashionpedia,../fashion_data/raw/fashionpedia/images/test/6d734ccae856df8a0bf85bb3f658bbbb.jpg,1,5,54.60838135331869,preprocess+forward+postprocess
314,5,Fashionpedia,../fashion_data/raw/fashionpedia/images/test/6d734ccae856df8a0bf85bb3f658bbbb.jpg,1,5,54.81042340397835,preprocess+forward+postprocess
315,1,Fashionpedia,../fashion_data/raw/fashionpedia/images/test/6e2652e279a03035a8a0190ba461d247.jpg,1,5,64.61897399276495,preprocess+forward+postprocess
315,2,Fashionpedia,../fashion_data/raw/fashionpedia/images/test/6e2652e279a03035a8a0190ba461d247.jpg,1,5,63.81164398044348,preprocess+forward+postprocess
315,3,Fashionpedia,../fashion_data/raw/fashionpedia/images/test/6e2652e279a03035a8a0190ba461d247.jpg,1,5,78.81399197503924,preprocess+forward+postprocess
315,4,Fashionpedia,../fashion_data/raw/fashionpedia/images/test/6e2652e279a03035a8a0190ba461d247.jpg,1,5,64.35772823169827,preprocess+forward+postprocess
315,5,Fashionpedia,../fashion_data/raw/fashionpedia/images/test/6e2652e279a03035a8a0190ba461d247.jpg,1,5,69.55927098169923,preprocess+forward+postprocess
316,1,Fashionpedia,../fashion_data/raw/fashionpedia/images/test/6f7e3162e9690967035c75bdbb9b0aea.jpg,1,4,33.07055262848735,preprocess+forward+postprocess
316,2,Fashionpedia,../fashion_data/raw/fashionpedia/images/test/6f7e3162e9690967035c75bdbb9b0aea.jpg,1,4,28.634220361709595,preprocess+forward+postprocess
316,3,Fashionpedia,../fashion_data/raw/fashionpedia/images/test/6f7e3162e9690967035c75bdbb9b0aea.jpg,1,4,30.70161584764719,preprocess+forward+postprocess
316,4,Fashionpedia,../fashion_data/raw/fashionpedia/images/test/6f7e3162e9690967035c75bdbb9b0aea.jpg,1,4,27.981183025985956,preprocess+forward+postprocess
316,5,Fashionpedia,../fashion_data/raw/fashionpedia/images/test/6f7e3162e9690967035c75bdbb9b0aea.jpg,1,4,29.25035683438182,preprocess+forward+postprocess
317,1,Fashionpedia,../fashion_data/raw/fashionpedia/images/test/70e000fc740fd51671f257453e5d4ef1.jpg,1,2,72.1673620864749,preprocess+forward+postprocess
317,2,Fashionpedia,../fashion_data/raw/fashionpedia/images/test/70e000fc740fd51671f257453e5d4ef1.jpg,1,2,87.47805375605822,preprocess+forward+postprocess
317,3,Fashionpedia,../fashion_data/raw/fashionpedia/images/test/70e000fc740fd51671f257453e5d4ef1.jpg,1,2,85.6026210822165,preprocess+forward+postprocess
317,4,Fashionpedia,../fashion_data/raw/fashionpedia/images/test/70e000fc740fd51671f257453e5d4ef1.jpg,1,2,86.68153500184417,preprocess+forward+postprocess
317,5,Fashionpedia,../fashion_data/raw/fashionpedia/images/test/70e000fc740fd51671f257453e5d4ef1.jpg,1,2,87.47385581955314,preprocess+forward+postprocess
318,1,Fashionpedia,../fashion_data/raw/fashionpedia/images/test/7229de52add8dfb593d50f63cc39df10.jpg,1,2,39.43198313936591,preprocess+forward+postprocess
318,2,Fashionpedia,../fashion_data/raw/fashionpedia/images/test/7229de52add8dfb593d50f63cc39df10.jpg,1,2,27.554683852940798,preprocess+forward+postprocess
318,3,Fashionpedia,../fashion_data/raw/fashionpedia/images/test/7229de52add8dfb593d50f63cc39df10.jpg,1,2,26.823610067367554,preprocess+forward+postprocess
318,4,Fashionpedia,../fashion_data/raw/fashionpedia/images/test/7229de52add8dfb593d50f63cc39df10.jpg,1,2,27.139739133417606,preprocess+forward+postprocess
318,5,Fashionpedia,../fashion_data/raw/fashionpedia/images/test/7229de52add8dfb593d50f63cc39df10.jpg,1,2,27.06360397860408,preprocess+forward+postprocess
319,1,Fashionpedia,../fashion_data/raw/fashionpedia/images/test/733128db0ce4f09443fc561514458c7f.jpg,1,1,27.443644125014544,preprocess+forward+postprocess
319,2,Fashionpedia,../fashion_data/raw/fashionpedia/images/test/733128db0ce4f09443fc561514458c7f.jpg,1,1,27.473079971969128,preprocess+forward+postprocess
319,3,Fashionpedia,../fashion_data/raw/fashionpedia/images/test/733128db0ce4f09443fc561514458c7f.jpg,1,1,26.69114898890257,preprocess+forward+postprocess
319,4,Fashionpedia,../fashion_data/raw/fashionpedia/images/test/733128db0ce4f09443fc561514458c7f.jpg,1,1,26.338611263781786,preprocess+forward+postprocess
319,5,Fashionpedia,../fashion_data/raw/fashionpedia/images/test/733128db0ce4f09443fc561514458c7f.jpg,1,1,26.522981002926826,preprocess+forward+postprocess
320,1,Fashionpedia,../fashion_data/raw/fashionpedia/images/test/78c76bd3d70e760b4b59fde91b1cc03f.jpg,1,1,31.71138884499669,preprocess+forward+postprocess
320,2,Fashionpedia,../fashion_data/raw/fashionpedia/images/test/78c76bd3d70e760b4b59fde91b1cc03f.jpg,1,1,26.46562224254012,preprocess+forward+postprocess
320,3,Fashionpedia,../fashion_data/raw/fashionpedia/images/test/78c76bd3d70e760b4b59fde91b1cc03f.jpg,1,1,28.322039172053337,preprocess+forward+postprocess
320,4,Fashionpedia,../fashion_data/raw/fashionpedia/images/test/78c76bd3d70e760b4b59fde91b1cc03f.jpg,1,1,27.887505013495684,preprocess+forward+postprocess
320,5,Fashionpedia,../fashion_data/raw/fashionpedia/images/test/78c76bd3d70e760b4b59fde91b1cc03f.jpg,1,1,50.969347823411226,preprocess+forward+postprocess
321,1,Fashionpedia,../fashion_data/raw/fashionpedia/images/test/790cc5b2e3f130e9f45cde050b74c055.jpg,1,0,105.71383684873581,preprocess+forward+postprocess
321,2,Fashionpedia,../fashion_data/raw/fashionpedia/images/test/790cc5b2e3f130e9f45cde050b74c055.jpg,1,0,106.09266301617026,preprocess+forward+postprocess
321,3,Fashionpedia,../fashion_data/raw/fashionpedia/images/test/790cc5b2e3f130e9f45cde050b74c055.jpg,1,0,106.72201588749886,preprocess+forward+postprocess
321,4,Fashionpedia,../fashion_data/raw/fashionpedia/images/test/790cc5b2e3f130e9f45cde050b74c055.jpg,1,0,108.92021004110575,preprocess+forward+postprocess
321,5,Fashionpedia,../fashion_data/raw/fashionpedia/images/test/790cc5b2e3f130e9f45cde050b74c055.jpg,1,0,107.31922695413232,preprocess+forward+postprocess
322,1,Fashionpedia,../fashion_data/raw/fashionpedia/images/test/7d9a766f0de2a8aab3004ac1bee9768f.jpg,1,1,69.66777704656124,preprocess+forward+postprocess
322,2,Fashionpedia,../fashion_data/raw/fashionpedia/images/test/7d9a766f0de2a8aab3004ac1bee9768f.jpg,1,1,57.575360871851444,preprocess+forward+postprocess
322,3,Fashionpedia,../fashion_data/raw/fashionpedia/images/test/7d9a766f0de2a8aab3004ac1bee9768f.jpg,1,1,57.521419133991,preprocess+forward+postprocess
322,4,Fashionpedia,../fashion_data/raw/fashionpedia/images/test/7d9a766f0de2a8aab3004ac1bee9768f.jpg,1,1,57.2485220618546,preprocess+forward+postprocess
322,5,Fashionpedia,../fashion_data/raw/fashionpedia/images/test/7d9a766f0de2a8aab3004ac1bee9768f.jpg,1,1,58.562110643833876,preprocess+forward+postprocess
323,1,Fashionpedia,../fashion_data/raw/fashionpedia/images/test/7ecf591cf3e21e72ea2718e3869f5768.jpg,1,1,22.841235622763634,preprocess+forward+postprocess
323,2,Fashionpedia,../fashion_data/raw/fashionpedia/images/test/7ecf591cf3e21e72ea2718e3869f5768.jpg,1,1,22.41541026160121,preprocess+forward+postprocess
323,3,Fashionpedia,../fashion_data/raw/fashionpedia/images/test/7ecf591cf3e21e72ea2718e3869f5768.jpg,1,1,22.693978156894445,preprocess+forward+postprocess
323,4,Fashionpedia,../fashion_data/raw/fashionpedia/images/test/7ecf591cf3e21e72ea2718e3869f5768.jpg,1,1,22.690971847623587,preprocess+forward+postprocess
323,5,Fashionpedia,../fashion_data/raw/fashionpedia/images/test/7ecf591cf3e21e72ea2718e3869f5768.jpg,1,1,22.921728901565075,preprocess+forward+postprocess
324,1,Fashionpedia,../fashion_data/raw/fashionpedia/images/test/7edab506f7628da58ac683b6b9554d2d.jpg,1,1,24.021973833441734,preprocess+forward+postprocess
324,2,Fashionpedia,../fashion_data/raw/fashionpedia/images/test/7edab506f7628da58ac683b6b9554d2d.jpg,1,1,23.727213963866234,preprocess+forward+postprocess
324,3,Fashionpedia,../fashion_data/raw/fashionpedia/images/test/7edab506f7628da58ac683b6b9554d2d.jpg,1,1,23.531083948910236,preprocess+forward+postprocess
324,4,Fashionpedia,../fashion_data/raw/fashionpedia/images/test/7edab506f7628da58ac683b6b9554d2d.jpg,1,1,23.51190662011504,preprocess+forward+postprocess
324,5,Fashionpedia,../fashion_data/raw/fashionpedia/images/test/7edab506f7628da58ac683b6b9554d2d.jpg,1,1,23.62323785200715,preprocess+forward+postprocess
325,1,Fashionpedia,../fashion_data/raw/fashionpedia/images/test/841690826ff84fb6ca2f6ed238a6be77.jpg,1,3,62.37721722573042,preprocess+forward+postprocess
325,2,Fashionpedia,../fashion_data/raw/fashionpedia/images/test/841690826ff84fb6ca2f6ed238a6be77.jpg,1,3,63.87812923640013,preprocess+forward+postprocess
325,3,Fashionpedia,../fashion_data/raw/fashionpedia/images/test/841690826ff84fb6ca2f6ed238a6be77.jpg,1,3,63.513719011098146,preprocess+forward+postprocess
325,4,Fashionpedia,../fashion_data/raw/fashionpedia/images/test/841690826ff84fb6ca2f6ed238a6be77.jpg,1,3,63.52456985041499,preprocess+forward+postprocess
325,5,Fashionpedia,../fashion_data/raw/fashionpedia/images/test/841690826ff84fb6ca2f6ed238a6be77.jpg,1,3,62.72829091176391,preprocess+forward+postprocess
326,1,Fashionpedia,../fashion_data/raw/fashionpedia/images/test/8623733272199d95726231fd6dcdc7bf.jpg,1,3,28.211949858814478,preprocess+forward+postprocess
326,2,Fashionpedia,../fashion_data/raw/fashionpedia/images/test/8623733272199d95726231fd6dcdc7bf.jpg,1,3,26.97636978700757,preprocess+forward+postprocess
326,3,Fashionpedia,../fashion_data/raw/fashionpedia/images/test/8623733272199d95726231fd6dcdc7bf.jpg,1,3,26.651763822883368,preprocess+forward+postprocess
326,4,Fashionpedia,../fashion_data/raw/fashionpedia/images/test/8623733272199d95726231fd6dcdc7bf.jpg,1,3,27.96297799795866,preprocess+forward+postprocess
326,5,Fashionpedia,../fashion_data/raw/fashionpedia/images/test/8623733272199d95726231fd6dcdc7bf.jpg,1,3,29.644432943314314,preprocess+forward+postprocess
327,1,Fashionpedia,../fashion_data/raw/fashionpedia/images/test/899f2cf99bf2589cb5f037792f6f35ae.jpg,1,2,27.416562661528587,preprocess+forward+postprocess
327,2,Fashionpedia,../fashion_data/raw/fashionpedia/images/test/899f2cf99bf2589cb5f037792f6f35ae.jpg,1,2,27.795521076768637,preprocess+forward+postprocess
327,3,Fashionpedia,../fashion_data/raw/fashionpedia/images/test/899f2cf99bf2589cb5f037792f6f35ae.jpg,1,2,27.6414193212986,preprocess+forward+postprocess
327,4,Fashionpedia,../fashion_data/raw/fashionpedia/images/test/899f2cf99bf2589cb5f037792f6f35ae.jpg,1,2,27.525228913873434,preprocess+forward+postprocess
327,5,Fashionpedia,../fashion_data/raw/fashionpedia/images/test/899f2cf99bf2589cb5f037792f6f35ae.jpg,1,2,43.25947305187583,preprocess+forward+postprocess
328,1,Fashionpedia,../fashion_data/raw/fashionpedia/images/test/8b0f9bec3b8c5793bf116e1e5e502072.jpg,1,2,25.965825188905,preprocess+forward+postprocess
328,2,Fashionpedia,../fashion_data/raw/fashionpedia/images/test/8b0f9bec3b8c5793bf116e1e5e502072.jpg,1,2,25.700272992253304,preprocess+forward+postprocess
328,3,Fashionpedia,../fashion_data/raw/fashionpedia/images/test/8b0f9bec3b8c5793bf116e1e5e502072.jpg,1,2,25.69602383300662,preprocess+forward+postprocess
328,4,Fashionpedia,../fashion_data/raw/fashionpedia/images/test/8b0f9bec3b8c5793bf116e1e5e502072.jpg,1,2,26.18267573416233,preprocess+forward+postprocess
328,5,Fashionpedia,../fashion_data/raw/fashionpedia/images/test/8b0f9bec3b8c5793bf116e1e5e502072.jpg,1,2,25.973889976739883,preprocess+forward+postprocess
329,1,Fashionpedia,../fashion_data/raw/fashionpedia/images/test/8b5635d5a5331e26d0e5135a068976ee.jpg,1,2,29.14482681080699,preprocess+forward+postprocess
329,2,Fashionpedia,../fashion_data/raw/fashionpedia/images/test/8b5635d5a5331e26d0e5135a068976ee.jpg,1,2,27.687796857208014,preprocess+forward+postprocess
329,3,Fashionpedia,../fashion_data/raw/fashionpedia/images/test/8b5635d5a5331e26d0e5135a068976ee.jpg,1,2,26.65590215474367,preprocess+forward+postprocess
329,4,Fashionpedia,../fashion_data/raw/fashionpedia/images/test/8b5635d5a5331e26d0e5135a068976ee.jpg,1,2,26.688725221902132,preprocess+forward+postprocess
329,5,Fashionpedia,../fashion_data/raw/fashionpedia/images/test/8b5635d5a5331e26d0e5135a068976ee.jpg,1,2,28.378935996443033,preprocess+forward+postprocess
330,1,Fashionpedia,../fashion_data/raw/fashionpedia/images/test/8c6c8abea5d5a128ca8834600b2aeddc.jpg,1,3,77.97695603221655,preprocess+forward+postprocess
330,2,Fashionpedia,../fashion_data/raw/fashionpedia/images/test/8c6c8abea5d5a128ca8834600b2aeddc.jpg,1,3,73.03563598543406,preprocess+forward+postprocess
330,3,Fashionpedia,../fashion_data/raw/fashionpedia/images/test/8c6c8abea5d5a128ca8834600b2aeddc.jpg,1,3,73.81241768598557,preprocess+forward+postprocess
330,4,Fashionpedia,../fashion_data/raw/fashionpedia/images/test/8c6c8abea5d5a128ca8834600b2aeddc.jpg,1,3,73.43950076028705,preprocess+forward+postprocess
330,5,Fashionpedia,../fashion_data/raw/fashionpedia/images/test/8c6c8abea5d5a128ca8834600b2aeddc.jpg,1,3,88.94708612933755,preprocess+forward+postprocess
331,1,Fashionpedia,../fashion_data/raw/fashionpedia/images/test/8cd47ea6b100369f44879e44ba5950c7.jpg,1,1,25.810661260038614,preprocess+forward+postprocess
331,2,Fashionpedia,../fashion_data/raw/fashionpedia/images/test/8cd47ea6b100369f44879e44ba5950c7.jpg,1,1,24.5268689468503,preprocess+forward+postprocess
331,3,Fashionpedia,../fashion_data/raw/fashionpedia/images/test/8cd47ea6b100369f44879e44ba5950c7.jpg,1,1,24.464752059429884,preprocess+forward+postprocess
331,4,Fashionpedia,../fashion_data/raw/fashionpedia/images/test/8cd47ea6b100369f44879e44ba5950c7.jpg,1,1,24.98465683311224,preprocess+forward+postprocess
331,5,Fashionpedia,../fashion_data/raw/fashionpedia/images/test/8cd47ea6b100369f44879e44ba5950c7.jpg,1,1,25.004984810948372,preprocess+forward+postprocess
332,1,Fashionpedia,../fashion_data/raw/fashionpedia/images/test/8e13b4bba964e3d1fc2eba6e30975f06.jpg,1,0,24.70958512276411,preprocess+forward+postprocess
332,2,Fashionpedia,../fashion_data/raw/fashionpedia/images/test/8e13b4bba964e3d1fc2eba6e30975f06.jpg,1,0,24.66482063755393,preprocess+forward+postprocess
332,3,Fashionpedia,../fashion_data/raw/fashionpedia/images/test/8e13b4bba964e3d1fc2eba6e30975f06.jpg,1,0,24.585971143096685,preprocess+forward+postprocess
332,4,Fashionpedia,../fashion_data/raw/fashionpedia/images/test/8e13b4bba964e3d1fc2eba6e30975f06.jpg,1,0,24.65896913781762,preprocess+forward+postprocess
332,5,Fashionpedia,../fashion_data/raw/fashionpedia/images/test/8e13b4bba964e3d1fc2eba6e30975f06.jpg,1,0,24.642358999699354,preprocess+forward+postprocess
333,1,Fashionpedia,../fashion_data/raw/fashionpedia/images/test/8fd977cccd42dde5ebe8785b3929f801.jpg,1,1,37.51549171283841,preprocess+forward+postprocess
333,2,Fashionpedia,../fashion_data/raw/fashionpedia/images/test/8fd977cccd42dde5ebe8785b3929f801.jpg,1,1,37.57111821323633,preprocess+forward+postprocess
333,3,Fashionpedia,../fashion_data/raw/fashionpedia/images/test/8fd977cccd42dde5ebe8785b3929f801.jpg,1,1,39.07896392047405,preprocess+forward+postprocess
333,4,Fashionpedia,../fashion_data/raw/fashionpedia/images/test/8fd977cccd42dde5ebe8785b3929f801.jpg,1,1,38.536797277629375,preprocess+forward+postprocess
333,5,Fashionpedia,../fashion_data/raw/fashionpedia/images/test/8fd977cccd42dde5ebe8785b3929f801.jpg,1,1,39.380716159939766,preprocess+forward+postprocess
334,1,Fashionpedia,../fashion_data/raw/fashionpedia/images/test/91d2989ccce4a5b3e4789f48b4e05a68.jpg,1,3,39.183882996439934,preprocess+forward+postprocess
334,2,Fashionpedia,../fashion_data/raw/fashionpedia/images/test/91d2989ccce4a5b3e4789f48b4e05a68.jpg,1,3,41.52550874277949,preprocess+forward+postprocess
334,3,Fashionpedia,../fashion_data/raw/fashionpedia/images/test/91d2989ccce4a5b3e4789f48b4e05a68.jpg,1,3,39.18644832447171,preprocess+forward+postprocess
334,4,Fashionpedia,../fashion_data/raw/fashionpedia/images/test/91d2989ccce4a5b3e4789f48b4e05a68.jpg,1,3,41.73426376655698,preprocess+forward+postprocess
334,5,Fashionpedia,../fashion_data/raw/fashionpedia/images/test/91d2989ccce4a5b3e4789f48b4e05a68.jpg,1,3,39.58128625527024,preprocess+forward+postprocess
335,1,Fashionpedia,../fashion_data/raw/fashionpedia/images/test/923d9f0cbf8310c92e7949638ac59fdc.jpg,1,0,27.090695220977068,preprocess+forward+postprocess
335,2,Fashionpedia,../fashion_data/raw/fashionpedia/images/test/923d9f0cbf8310c92e7949638ac59fdc.jpg,1,0,26.989603880792856,preprocess+forward+postprocess
335,3,Fashionpedia,../fashion_data/raw/fashionpedia/images/test/923d9f0cbf8310c92e7949638ac59fdc.jpg,1,0,27.17471495270729,preprocess+forward+postprocess
335,4,Fashionpedia,../fashion_data/raw/fashionpedia/images/test/923d9f0cbf8310c92e7949638ac59fdc.jpg,1,0,26.833980344235897,preprocess+forward+postprocess
335,5,Fashionpedia,../fashion_data/raw/fashionpedia/images/test/923d9f0cbf8310c92e7949638ac59fdc.jpg,1,0,27.259775903075933,preprocess+forward+postprocess
336,1,Fashionpedia,../fashion_data/raw/fashionpedia/images/test/93689df6d05b8406fcf9083057344e3e.jpg,1,3,29.59903795272112,preprocess+forward+postprocess
336,2,Fashionpedia,../fashion_data/raw/fashionpedia/images/test/93689df6d05b8406fcf9083057344e3e.jpg,1,3,33.96966587752104,preprocess+forward+postprocess
336,3,Fashionpedia,../fashion_data/raw/fashionpedia/images/test/93689df6d05b8406fcf9083057344e3e.jpg,1,3,29.70260288566351,preprocess+forward+postprocess
336,4,Fashionpedia,../fashion_data/raw/fashionpedia/images/test/93689df6d05b8406fcf9083057344e3e.jpg,1,3,29.98822508379817,preprocess+forward+postprocess
336,5,Fashionpedia,../fashion_data/raw/fashionpedia/images/test/93689df6d05b8406fcf9083057344e3e.jpg,1,3,29.87379813566804,preprocess+forward+postprocess
337,1,Fashionpedia,../fashion_data/raw/fashionpedia/images/test/981fa1400f6240e4a3d5082b95b667a2.jpg,1,0,28.152447193861008,preprocess+forward+postprocess
337,2,Fashionpedia,../fashion_data/raw/fashionpedia/images/test/981fa1400f6240e4a3d5082b95b667a2.jpg,1,0,49.84770296141505,preprocess+forward+postprocess
337,3,Fashionpedia,../fashion_data/raw/fashionpedia/images/test/981fa1400f6240e4a3d5082b95b667a2.jpg,1,0,27.58098393678665,preprocess+forward+postprocess
337,4,Fashionpedia,../fashion_data/raw/fashionpedia/images/test/981fa1400f6240e4a3d5082b95b667a2.jpg,1,0,27.75698807090521,preprocess+forward+postprocess
337,5,Fashionpedia,../fashion_data/raw/fashionpedia/images/test/981fa1400f6240e4a3d5082b95b667a2.jpg,1,0,28.530532959848642,preprocess+forward+postprocess
338,1,Fashionpedia,../fashion_data/raw/fashionpedia/images/test/992c89a774b9f246db9ab54865273b26.jpg,1,3,32.70220477133989,preprocess+forward+postprocess
338,2,Fashionpedia,../fashion_data/raw/fashionpedia/images/test/992c89a774b9f246db9ab54865273b26.jpg,1,3,32.60551206767559,preprocess+forward+postprocess
338,3,Fashionpedia,../fashion_data/raw/fashionpedia/images/test/992c89a774b9f246db9ab54865273b26.jpg,1,3,34.85871013253927,preprocess+forward+postprocess
338,4,Fashionpedia,../fashion_data/raw/fashionpedia/images/test/992c89a774b9f246db9ab54865273b26.jpg,1,3,48.51299524307251,preprocess+forward+postprocess
338,5,Fashionpedia,../fashion_data/raw/fashionpedia/images/test/992c89a774b9f246db9ab54865273b26.jpg,1,3,42.529681231826544,preprocess+forward+postprocess
339,1,Fashionpedia,../fashion_data/raw/fashionpedia/images/test/9a755d94e00922406ee34010fac8eec5.jpg,1,1,27.309310156852007,preprocess+forward+postprocess
339,2,Fashionpedia,../fashion_data/raw/fashionpedia/images/test/9a755d94e00922406ee34010fac8eec5.jpg,1,1,25.970343966037035,preprocess+forward+postprocess
339,3,Fashionpedia,../fashion_data/raw/fashionpedia/images/test/9a755d94e00922406ee34010fac8eec5.jpg,1,1,30.957460403442383,preprocess+forward+postprocess
339,4,Fashionpedia,../fashion_data/raw/fashionpedia/images/test/9a755d94e00922406ee34010fac8eec5.jpg,1,1,26.320767123252153,preprocess+forward+postprocess
339,5,Fashionpedia,../fashion_data/raw/fashionpedia/images/test/9a755d94e00922406ee34010fac8eec5.jpg,1,1,26.42586687579751,preprocess+forward+postprocess
340,1,Fashionpedia,../fashion_data/raw/fashionpedia/images/test/a13f7be475e3cf371b342c0f2e320836.jpg,1,4,29.216863214969635,preprocess+forward+postprocess
340,2,Fashionpedia,../fashion_data/raw/fashionpedia/images/test/a13f7be475e3cf371b342c0f2e320836.jpg,1,4,29.065086040645838,preprocess+forward+postprocess
340,3,Fashionpedia,../fashion_data/raw/fashionpedia/images/test/a13f7be475e3cf371b342c0f2e320836.jpg,1,4,34.039528109133244,preprocess+forward+postprocess
340,4,Fashionpedia,../fashion_data/raw/fashionpedia/images/test/a13f7be475e3cf371b342c0f2e320836.jpg,1,4,44.16618123650551,preprocess+forward+postprocess
340,5,Fashionpedia,../fashion_data/raw/fashionpedia/images/test/a13f7be475e3cf371b342c0f2e320836.jpg,1,4,28.750990983098745,preprocess+forward+postprocess
341,1,Fashionpedia,../fashion_data/raw/fashionpedia/images/test/a4222aa94c4ed6f7e3a36f553505249b.jpg,1,4,66.01188099011779,preprocess+forward+postprocess
341,2,Fashionpedia,../fashion_data/raw/fashionpedia/images/test/a4222aa94c4ed6f7e3a36f553505249b.jpg,1,4,65.27763092890382,preprocess+forward+postprocess
341,3,Fashionpedia,../fashion_data/raw/fashionpedia/images/test/a4222aa94c4ed6f7e3a36f553505249b.jpg,1,4,66.36191392317414,preprocess+forward+postprocess
341,4,Fashionpedia,../fashion_data/raw/fashionpedia/images/test/a4222aa94c4ed6f7e3a36f553505249b.jpg,1,4,65.22378791123629,preprocess+forward+postprocess
341,5,Fashionpedia,../fashion_data/raw/fashionpedia/images/test/a4222aa94c4ed6f7e3a36f553505249b.jpg,1,4,79.26289178431034,preprocess+forward+postprocess
342,1,Fashionpedia,../fashion_data/raw/fashionpedia/images/test/aaf6934258f226a68996b5922fa3f038.jpg,1,1,31.52803098782897,preprocess+forward+postprocess
342,2,Fashionpedia,../fashion_data/raw/fashionpedia/images/test/aaf6934258f226a68996b5922fa3f038.jpg,1,1,25.002529844641685,preprocess+forward+postprocess
342,3,Fashionpedia,../fashion_data/raw/fashionpedia/images/test/aaf6934258f226a68996b5922fa3f038.jpg,1,1,24.769078940153122,preprocess+forward+postprocess
342,4,Fashionpedia,../fashion_data/raw/fashionpedia/images/test/aaf6934258f226a68996b5922fa3f038.jpg,1,1,32.99947874620557,preprocess+forward+postprocess
342,5,Fashionpedia,../fashion_data/raw/fashionpedia/images/test/aaf6934258f226a68996b5922fa3f038.jpg,1,1,24.413425009697676,preprocess+forward+postprocess
343,1,Fashionpedia,../fashion_data/raw/fashionpedia/images/test/ac0bb60c85a2a9a02d525f900316cda2.jpg,1,2,27.779760770499706,preprocess+forward+postprocess
343,2,Fashionpedia,../fashion_data/raw/fashionpedia/images/test/ac0bb60c85a2a9a02d525f900316cda2.jpg,1,2,26.831093709915876,preprocess+forward+postprocess
343,3,Fashionpedia,../fashion_data/raw/fashionpedia/images/test/ac0bb60c85a2a9a02d525f900316cda2.jpg,1,2,26.327690109610558,preprocess+forward+postprocess
343,4,Fashionpedia,../fashion_data/raw/fashionpedia/images/test/ac0bb60c85a2a9a02d525f900316cda2.jpg,1,2,26.534121949225664,preprocess+forward+postprocess
343,5,Fashionpedia,../fashion_data/raw/fashionpedia/images/test/ac0bb60c85a2a9a02d525f900316cda2.jpg,1,2,27.247672900557518,preprocess+forward+postprocess
344,1,Fashionpedia,../fashion_data/raw/fashionpedia/images/test/ac257ddc35bb18760df07544ca327129.jpg,1,4,28.473214246332645,preprocess+forward+postprocess
344,2,Fashionpedia,../fashion_data/raw/fashionpedia/images/test/ac257ddc35bb18760df07544ca327129.jpg,1,4,28.33811892196536,preprocess+forward+postprocess
344,3,Fashionpedia,../fashion_data/raw/fashionpedia/images/test/ac257ddc35bb18760df07544ca327129.jpg,1,4,43.75546285882592,preprocess+forward+postprocess
344,4,Fashionpedia,../fashion_data/raw/fashionpedia/images/test/ac257ddc35bb18760df07544ca327129.jpg,1,4,41.66120570152998,preprocess+forward+postprocess
344,5,Fashionpedia,../fashion_data/raw/fashionpedia/images/test/ac257ddc35bb18760df07544ca327129.jpg,1,4,43.42229198664427,preprocess+forward+postprocess
345,1,Fashionpedia,../fashion_data/raw/fashionpedia/images/test/af8be1edbef6e48a88325ebf63cb48f1.jpg,1,3,82.9143188893795,preprocess+forward+postprocess
345,2,Fashionpedia,../fashion_data/raw/fashionpedia/images/test/af8be1edbef6e48a88325ebf63cb48f1.jpg,1,3,69.1637210547924,preprocess+forward+postprocess
345,3,Fashionpedia,../fashion_data/raw/fashionpedia/images/test/af8be1edbef6e48a88325ebf63cb48f1.jpg,1,3,71.02574920281768,preprocess+forward+postprocess
345,4,Fashionpedia,../fashion_data/raw/fashionpedia/images/test/af8be1edbef6e48a88325ebf63cb48f1.jpg,1,3,74.34840314090252,preprocess+forward+postprocess
345,5,Fashionpedia,../fashion_data/raw/fashionpedia/images/test/af8be1edbef6e48a88325ebf63cb48f1.jpg,1,3,70.87077479809523,preprocess+forward+postprocess
346,1,Fashionpedia,../fashion_data/raw/fashionpedia/images/test/b0ed46a2ed52c32e7a1c2c47cebf3f70.jpg,1,2,30.17572918906808,preprocess+forward+postprocess
346,2,Fashionpedia,../fashion_data/raw/fashionpedia/images/test/b0ed46a2ed52c32e7a1c2c47cebf3f70.jpg,1,2,28.647714760154486,preprocess+forward+postprocess
346,3,Fashionpedia,../fashion_data/raw/fashionpedia/images/test/b0ed46a2ed52c32e7a1c2c47cebf3f70.jpg,1,2,41.969588957726955,preprocess+forward+postprocess
346,4,Fashionpedia,../fashion_data/raw/fashionpedia/images/test/b0ed46a2ed52c32e7a1c2c47cebf3f70.jpg,1,2,28.55715434998274,preprocess+forward+postprocess
346,5,Fashionpedia,../fashion_data/raw/fashionpedia/images/test/b0ed46a2ed52c32e7a1c2c47cebf3f70.jpg,1,2,28.32195768132806,preprocess+forward+postprocess
347,1,Fashionpedia,../fashion_data/raw/fashionpedia/images/test/b56a57edff4230c68e1d4296cc345718.jpg,1,0,65.58711687102914,preprocess+forward+postprocess
347,2,Fashionpedia,../fashion_data/raw/fashionpedia/images/test/b56a57edff4230c68e1d4296cc345718.jpg,1,0,55.11759500950575,preprocess+forward+postprocess
347,3,Fashionpedia,../fashion_data/raw/fashionpedia/images/test/b56a57edff4230c68e1d4296cc345718.jpg,1,0,55.89203163981438,preprocess+forward+postprocess
347,4,Fashionpedia,../fashion_data/raw/fashionpedia/images/test/b56a57edff4230c68e1d4296cc345718.jpg,1,0,55.345186963677406,preprocess+forward+postprocess
347,5,Fashionpedia,../fashion_data/raw/fashionpedia/images/test/b56a57edff4230c68e1d4296cc345718.jpg,1,0,58.92681982368231,preprocess+forward+postprocess
348,1,Fashionpedia,../fashion_data/raw/fashionpedia/images/test/b5afca4e7afe32cd8d4e7ba62da456bd.jpg,1,4,59.59545727819204,preprocess+forward+postprocess
348,2,Fashionpedia,../fashion_data/raw/fashionpedia/images/test/b5afca4e7afe32cd8d4e7ba62da456bd.jpg,1,4,59.00050979107618,preprocess+forward+postprocess
348,3,Fashionpedia,../fashion_data/raw/fashionpedia/images/test/b5afca4e7afe32cd8d4e7ba62da456bd.jpg,1,4,59.04103675857186,preprocess+forward+postprocess
348,4,Fashionpedia,../fashion_data/raw/fashionpedia/images/test/b5afca4e7afe32cd8d4e7ba62da456bd.jpg,1,4,58.57788911089301,preprocess+forward+postprocess
348,5,Fashionpedia,../fashion_data/raw/fashionpedia/images/test/b5afca4e7afe32cd8d4e7ba62da456bd.jpg,1,4,58.69668535888195,preprocess+forward+postprocess
349,1,Fashionpedia,../fashion_data/raw/fashionpedia/images/test/b6b563c14cfb7911932d24d22ffe5041.jpg,1,2,55.90109899640083,preprocess+forward+postprocess
349,2,Fashionpedia,../fashion_data/raw/fashionpedia/images/test/b6b563c14cfb7911932d24d22ffe5041.jpg,1,2,54.1121200658381,preprocess+forward+postprocess
349,3,Fashionpedia,../fashion_data/raw/fashionpedia/images/test/b6b563c14cfb7911932d24d22ffe5041.jpg,1,2,53.62176103517413,preprocess+forward+postprocess
349,4,Fashionpedia,../fashion_data/raw/fashionpedia/images/test/b6b563c14cfb7911932d24d22ffe5041.jpg,1,2,56.65480671450496,preprocess+forward+postprocess
349,5,Fashionpedia,../fashion_data/raw/fashionpedia/images/test/b6b563c14cfb7911932d24d22ffe5041.jpg,1,2,54.06012199819088,preprocess+forward+postprocess
350,1,Fashionpedia,../fashion_data/raw/fashionpedia/images/test/b71711424f189b2279045ba925231bc8.jpg,1,2,25.289915036410093,preprocess+forward+postprocess
350,2,Fashionpedia,../fashion_data/raw/fashionpedia/images/test/b71711424f189b2279045ba925231bc8.jpg,1,2,41.64759023115039,preprocess+forward+postprocess
350,3,Fashionpedia,../fashion_data/raw/fashionpedia/images/test/b71711424f189b2279045ba925231bc8.jpg,1,2,25.53793415427208,preprocess+forward+postprocess
350,4,Fashionpedia,../fashion_data/raw/fashionpedia/images/test/b71711424f189b2279045ba925231bc8.jpg,1,2,25.55163111537695,preprocess+forward+postprocess
350,5,Fashionpedia,../fashion_data/raw/fashionpedia/images/test/b71711424f189b2279045ba925231bc8.jpg,1,2,26.43129602074623,preprocess+forward+postprocess
351,1,Fashionpedia,../fashion_data/raw/fashionpedia/images/test/b9d34d7ecfc267888ad6eb0f20af3792.jpg,1,1,29.47381976991892,preprocess+forward+postprocess
351,2,Fashionpedia,../fashion_data/raw/fashionpedia/images/test/b9d34d7ecfc267888ad6eb0f20af3792.jpg,1,1,28.89749826863408,preprocess+forward+postprocess
351,3,Fashionpedia,../fashion_data/raw/fashionpedia/images/test/b9d34d7ecfc267888ad6eb0f20af3792.jpg,1,1,29.321772046387196,preprocess+forward+postprocess
351,4,Fashionpedia,../fashion_data/raw/fashionpedia/images/test/b9d34d7ecfc267888ad6eb0f20af3792.jpg,1,1,29.16908310726285,preprocess+forward+postprocess
351,5,Fashionpedia,../fashion_data/raw/fashionpedia/images/test/b9d34d7ecfc267888ad6eb0f20af3792.jpg,1,1,32.21839899197221,preprocess+forward+postprocess
352,1,Fashionpedia,../fashion_data/raw/fashionpedia/images/test/bd8d3293d99b77a3fa0ec0dd058235dc.jpg,1,4,31.724923755973577,preprocess+forward+postprocess
352,2,Fashionpedia,../fashion_data/raw/fashionpedia/images/test/bd8d3293d99b77a3fa0ec0dd058235dc.jpg,1,4,31.393427401781082,preprocess+forward+postprocess
352,3,Fashionpedia,../fashion_data/raw/fashionpedia/images/test/bd8d3293d99b77a3fa0ec0dd058235dc.jpg,1,4,30.867670197039843,preprocess+forward+postprocess
352,4,Fashionpedia,../fashion_data/raw/fashionpedia/images/test/bd8d3293d99b77a3fa0ec0dd058235dc.jpg,1,4,30.837642960250378,preprocess+forward+postprocess
352,5,Fashionpedia,../fashion_data/raw/fashionpedia/images/test/bd8d3293d99b77a3fa0ec0dd058235dc.jpg,1,4,30.987758189439774,preprocess+forward+postprocess
353,1,Fashionpedia,../fashion_data/raw/fashionpedia/images/test/bf916c006f8adb3c0a45b5a7bfe4d782.jpg,1,3,31.67812479659915,preprocess+forward+postprocess
353,2,Fashionpedia,../fashion_data/raw/fashionpedia/images/test/bf916c006f8adb3c0a45b5a7bfe4d782.jpg,1,3,32.31438109651208,preprocess+forward+postprocess
353,3,Fashionpedia,../fashion_data/raw/fashionpedia/images/test/bf916c006f8adb3c0a45b5a7bfe4d782.jpg,1,3,31.826306134462357,preprocess+forward+postprocess
353,4,Fashionpedia,../fashion_data/raw/fashionpedia/images/test/bf916c006f8adb3c0a45b5a7bfe4d782.jpg,1,3,31.67774435132742,preprocess+forward+postprocess
353,5,Fashionpedia,../fashion_data/raw/fashionpedia/images/test/bf916c006f8adb3c0a45b5a7bfe4d782.jpg,1,3,31.976531259715557,preprocess+forward+postprocess
354,1,Fashionpedia,../fashion_data/raw/fashionpedia/images/test/c085fb2b093eeb52041884c9ea51cc65.jpg,1,4,29.676302801817656,preprocess+forward+postprocess
354,2,Fashionpedia,../fashion_data/raw/fashionpedia/images/test/c085fb2b093eeb52041884c9ea51cc65.jpg,1,4,30.63296526670456,preprocess+forward+postprocess
354,3,Fashionpedia,../fashion_data/raw/fashionpedia/images/test/c085fb2b093eeb52041884c9ea51cc65.jpg,1,4,29.379521030932665,preprocess+forward+postprocess
354,4,Fashionpedia,../fashion_data/raw/fashionpedia/images/test/c085fb2b093eeb52041884c9ea51cc65.jpg,1,4,30.629999935626984,preprocess+forward+postprocess
354,5,Fashionpedia,../fashion_data/raw/fashionpedia/images/test/c085fb2b093eeb52041884c9ea51cc65.jpg,1,4,29.6717151068151,preprocess+forward+postprocess
355,1,Fashionpedia,../fashion_data/raw/fashionpedia/images/test/c2d80480b743d45143725a5c223c16d9.jpg,1,3,31.198617070913315,preprocess+forward+postprocess
355,2,Fashionpedia,../fashion_data/raw/fashionpedia/images/test/c2d80480b743d45143725a5c223c16d9.jpg,1,3,39.73809257149696,preprocess+forward+postprocess
355,3,Fashionpedia,../fashion_data/raw/fashionpedia/images/test/c2d80480b743d45143725a5c223c16d9.jpg,1,3,71.81695709004998,preprocess+forward+postprocess
355,4,Fashionpedia,../fashion_data/raw/fashionpedia/images/test/c2d80480b743d45143725a5c223c16d9.jpg,1,3,30.616093892604113,preprocess+forward+postprocess
355,5,Fashionpedia,../fashion_data/raw/fashionpedia/images/test/c2d80480b743d45143725a5c223c16d9.jpg,1,3,56.0531266964972,preprocess+forward+postprocess
356,1,Fashionpedia,../fashion_data/raw/fashionpedia/images/test/c31564bf88c1d02aa8cb1e886ccaadef.jpg,1,0,25.262963958084583,preprocess+forward+postprocess
356,2,Fashionpedia,../fashion_data/raw/fashionpedia/images/test/c31564bf88c1d02aa8cb1e886ccaadef.jpg,1,0,25.13539232313633,preprocess+forward+postprocess
356,3,Fashionpedia,../fashion_data/raw/fashionpedia/images/test/c31564bf88c1d02aa8cb1e886ccaadef.jpg,1,0,25.036965031176805,preprocess+forward+postprocess
356,4,Fashionpedia,../fashion_data/raw/fashionpedia/images/test/c31564bf88c1d02aa8cb1e886ccaadef.jpg,1,0,24.892602115869522,preprocess+forward+postprocess
356,5,Fashionpedia,../fashion_data/raw/fashionpedia/images/test/c31564bf88c1d02aa8cb1e886ccaadef.jpg,1,0,26.192063000053167,preprocess+forward+postprocess
357,1,Fashionpedia,../fashion_data/raw/fashionpedia/images/test/c4495c86c19fedfdf2fefb74d43fdd6d.jpg,1,5,35.5724417604506,preprocess+forward+postprocess
357,2,Fashionpedia,../fashion_data/raw/fashionpedia/images/test/c4495c86c19fedfdf2fefb74d43fdd6d.jpg,1,5,35.10494716465473,preprocess+forward+postprocess
357,3,Fashionpedia,../fashion_data/raw/fashionpedia/images/test/c4495c86c19fedfdf2fefb74d43fdd6d.jpg,1,5,33.28374586999416,preprocess+forward+postprocess
357,4,Fashionpedia,../fashion_data/raw/fashionpedia/images/test/c4495c86c19fedfdf2fefb74d43fdd6d.jpg,1,5,33.76358561217785,preprocess+forward+postprocess
357,5,Fashionpedia,../fashion_data/raw/fashionpedia/images/test/c4495c86c19fedfdf2fefb74d43fdd6d.jpg,1,5,33.213072922080755,preprocess+forward+postprocess
358,1,Fashionpedia,../fashion_data/raw/fashionpedia/images/test/c49c54015b966bc7220c18569088e5ea.jpg,1,0,27.925126254558563,preprocess+forward+postprocess
358,2,Fashionpedia,../fashion_data/raw/fashionpedia/images/test/c49c54015b966bc7220c18569088e5ea.jpg,1,0,41.56381078064442,preprocess+forward+postprocess
358,3,Fashionpedia,../fashion_data/raw/fashionpedia/images/test/c49c54015b966bc7220c18569088e5ea.jpg,1,0,26.853937190026045,preprocess+forward+postprocess
358,4,Fashionpedia,../fashion_data/raw/fashionpedia/images/test/c49c54015b966bc7220c18569088e5ea.jpg,1,0,26.33180795237422,preprocess+forward+postprocess
358,5,Fashionpedia,../fashion_data/raw/fashionpedia/images/test/c49c54015b966bc7220c18569088e5ea.jpg,1,0,26.389217004179955,preprocess+forward+postprocess
359,1,Fashionpedia,../fashion_data/raw/fashionpedia/images/test/c61d5cca2c2a6e5f06a6ff26689e8f89.jpg,1,2,28.75708183273673,preprocess+forward+postprocess
359,2,Fashionpedia,../fashion_data/raw/fashionpedia/images/test/c61d5cca2c2a6e5f06a6ff26689e8f89.jpg,1,2,28.299355413764715,preprocess+forward+postprocess
359,3,Fashionpedia,../fashion_data/raw/fashionpedia/images/test/c61d5cca2c2a6e5f06a6ff26689e8f89.jpg,1,2,28.245592955499887,preprocess+forward+postprocess
359,4,Fashionpedia,../fashion_data/raw/fashionpedia/images/test/c61d5cca2c2a6e5f06a6ff26689e8f89.jpg,1,2,28.182062786072493,preprocess+forward+postprocess
359,5,Fashionpedia,../fashion_data/raw/fashionpedia/images/test/c61d5cca2c2a6e5f06a6ff26689e8f89.jpg,1,2,28.354118578135967,preprocess+forward+postprocess
360,1,Fashionpedia,../fashion_data/raw/fashionpedia/images/test/c71725f6c3b33f109c76c4d356efb90b.jpg,1,2,25.86892107501626,preprocess+forward+postprocess
360,2,Fashionpedia,../fashion_data/raw/fashionpedia/images/test/c71725f6c3b33f109c76c4d356efb90b.jpg,1,2,24.93873005732894,preprocess+forward+postprocess
360,3,Fashionpedia,../fashion_data/raw/fashionpedia/images/test/c71725f6c3b33f109c76c4d356efb90b.jpg,1,2,24.727951269596815,preprocess+forward+postprocess
360,4,Fashionpedia,../fashion_data/raw/fashionpedia/images/test/c71725f6c3b33f109c76c4d356efb90b.jpg,1,2,24.822689127177,preprocess+forward+postprocess
360,5,Fashionpedia,../fashion_data/raw/fashionpedia/images/test/c71725f6c3b33f109c76c4d356efb90b.jpg,1,2,25.32983012497425,preprocess+forward+postprocess
361,1,Fashionpedia,../fashion_data/raw/fashionpedia/images/test/c829a692db2ec7013e3eb242b430a2d8.jpg,1,3,31.145726796239614,preprocess+forward+postprocess
361,2,Fashionpedia,../fashion_data/raw/fashionpedia/images/test/c829a692db2ec7013e3eb242b430a2d8.jpg,1,3,30.043087899684906,preprocess+forward+postprocess
361,3,Fashionpedia,../fashion_data/raw/fashionpedia/images/test/c829a692db2ec7013e3eb242b430a2d8.jpg,1,3,30.203872825950384,preprocess+forward+postprocess
361,4,Fashionpedia,../fashion_data/raw/fashionpedia/images/test/c829a692db2ec7013e3eb242b430a2d8.jpg,1,3,29.725877102464437,preprocess+forward+postprocess
361,5,Fashionpedia,../fashion_data/raw/fashionpedia/images/test/c829a692db2ec7013e3eb242b430a2d8.jpg,1,3,28.794292360544205,preprocess+forward+postprocess
362,1,Fashionpedia,../fashion_data/raw/fashionpedia/images/test/cd49344a73f9e61527b4ef120e1ddfd0.jpg,1,1,24.985177908092737,preprocess+forward+postprocess
362,2,Fashionpedia,../fashion_data/raw/fashionpedia/images/test/cd49344a73f9e61527b4ef120e1ddfd0.jpg,1,1,25.033097714185715,preprocess+forward+postprocess
362,3,Fashionpedia,../fashion_data/raw/fashionpedia/images/test/cd49344a73f9e61527b4ef120e1ddfd0.jpg,1,1,24.571534246206284,preprocess+forward+postprocess
362,4,Fashionpedia,../fashion_data/raw/fashionpedia/images/test/cd49344a73f9e61527b4ef120e1ddfd0.jpg,1,1,24.532089941203594,preprocess+forward+postprocess
362,5,Fashionpedia,../fashion_data/raw/fashionpedia/images/test/cd49344a73f9e61527b4ef120e1ddfd0.jpg,1,1,24.82232917100191,preprocess+forward+postprocess
363,1,Fashionpedia,../fashion_data/raw/fashionpedia/images/test/ce07236c7bdb9f4d04df57c3a7967959.jpg,1,3,30.08239297196269,preprocess+forward+postprocess
363,2,Fashionpedia,../fashion_data/raw/fashionpedia/images/test/ce07236c7bdb9f4d04df57c3a7967959.jpg,1,3,29.689238406717777,preprocess+forward+postprocess
363,3,Fashionpedia,../fashion_data/raw/fashionpedia/images/test/ce07236c7bdb9f4d04df57c3a7967959.jpg,1,3,30.249057803303003,preprocess+forward+postprocess
363,4,Fashionpedia,../fashion_data/raw/fashionpedia/images/test/ce07236c7bdb9f4d04df57c3a7967959.jpg,1,3,30.396308284252882,preprocess+forward+postprocess
363,5,Fashionpedia,../fashion_data/raw/fashionpedia/images/test/ce07236c7bdb9f4d04df57c3a7967959.jpg,1,3,30.357603915035725,preprocess+forward+postprocess
364,1,Fashionpedia,../fashion_data/raw/fashionpedia/images/test/d451b646b79628026a369c045ed54462.jpg,1,2,25.782648008316755,preprocess+forward+postprocess
364,2,Fashionpedia,../fashion_data/raw/fashionpedia/images/test/d451b646b79628026a369c045ed54462.jpg,1,2,25.720641016960144,preprocess+forward+postprocess
364,3,Fashionpedia,../fashion_data/raw/fashionpedia/images/test/d451b646b79628026a369c045ed54462.jpg,1,2,26.03101823478937,preprocess+forward+postprocess
364,4,Fashionpedia,../fashion_data/raw/fashionpedia/images/test/d451b646b79628026a369c045ed54462.jpg,1,2,26.313824113458395,preprocess+forward+postprocess
364,5,Fashionpedia,../fashion_data/raw/fashionpedia/images/test/d451b646b79628026a369c045ed54462.jpg,1,2,29.55560479313135,preprocess+forward+postprocess
365,1,Fashionpedia,../fashion_data/raw/fashionpedia/images/test/d47f5c8a886204cd7b315af23ce90b4e.jpg,1,2,28.15599413588643,preprocess+forward+postprocess
365,2,Fashionpedia,../fashion_data/raw/fashionpedia/images/test/d47f5c8a886204cd7b315af23ce90b4e.jpg,1,2,27.96661388128996,preprocess+forward+postprocess
365,3,Fashionpedia,../fashion_data/raw/fashionpedia/images/test/d47f5c8a886204cd7b315af23ce90b4e.jpg,1,2,27.968798764050007,preprocess+forward+postprocess
365,4,Fashionpedia,../fashion_data/raw/fashionpedia/images/test/d47f5c8a886204cd7b315af23ce90b4e.jpg,1,2,27.72752195596695,preprocess+forward+postprocess
365,5,Fashionpedia,../fashion_data/raw/fashionpedia/images/test/d47f5c8a886204cd7b315af23ce90b4e.jpg,1,2,27.9628480784595,preprocess+forward+postprocess
366,1,Fashionpedia,../fashion_data/raw/fashionpedia/images/test/d8b36f1be818f71a0ab4224b829c1210.jpg,1,2,38.65186497569084,preprocess+forward+postprocess
366,2,Fashionpedia,../fashion_data/raw/fashionpedia/images/test/d8b36f1be818f71a0ab4224b829c1210.jpg,1,2,67.26679904386401,preprocess+forward+postprocess
366,3,Fashionpedia,../fashion_data/raw/fashionpedia/images/test/d8b36f1be818f71a0ab4224b829c1210.jpg,1,2,33.6706698872149,preprocess+forward+postprocess
366,4,Fashionpedia,../fashion_data/raw/fashionpedia/images/test/d8b36f1be818f71a0ab4224b829c1210.jpg,1,2,33.1769441254437,preprocess+forward+postprocess
366,5,Fashionpedia,../fashion_data/raw/fashionpedia/images/test/d8b36f1be818f71a0ab4224b829c1210.jpg,1,2,74.18876001611352,preprocess+forward+postprocess
367,1,Fashionpedia,../fashion_data/raw/fashionpedia/images/test/db85f62492da69d793339b2c124e7abb.jpg,1,0,22.048955783247948,preprocess+forward+postprocess
367,2,Fashionpedia,../fashion_data/raw/fashionpedia/images/test/db85f62492da69d793339b2c124e7abb.jpg,1,0,22.08017511293292,preprocess+forward+postprocess
367,3,Fashionpedia,../fashion_data/raw/fashionpedia/images/test/db85f62492da69d793339b2c124e7abb.jpg,1,0,21.585396956652403,preprocess+forward+postprocess
367,4,Fashionpedia,../fashion_data/raw/fashionpedia/images/test/db85f62492da69d793339b2c124e7abb.jpg,1,0,21.510566119104624,preprocess+forward+postprocess
367,5,Fashionpedia,../fashion_data/raw/fashionpedia/images/test/db85f62492da69d793339b2c124e7abb.jpg,1,0,37.015405017882586,preprocess+forward+postprocess
368,1,Fashionpedia,../fashion_data/raw/fashionpedia/images/test/dcee0c0b136a4e8a004fef599a4c96f3.jpg,1,2,28.428449761122465,preprocess+forward+postprocess
368,2,Fashionpedia,../fashion_data/raw/fashionpedia/images/test/dcee0c0b136a4e8a004fef599a4c96f3.jpg,1,2,27.99925720319152,preprocess+forward+postprocess
368,3,Fashionpedia,../fashion_data/raw/fashionpedia/images/test/dcee0c0b136a4e8a004fef599a4c96f3.jpg,1,2,27.928892988711596,preprocess+forward+postprocess
368,4,Fashionpedia,../fashion_data/raw/fashionpedia/images/test/dcee0c0b136a4e8a004fef599a4c96f3.jpg,1,2,27.865604031831026,preprocess+forward+postprocess
368,5,Fashionpedia,../fashion_data/raw/fashionpedia/images/test/dcee0c0b136a4e8a004fef599a4c96f3.jpg,1,2,28.252966701984406,preprocess+forward+postprocess
369,1,Fashionpedia,../fashion_data/raw/fashionpedia/images/test/de3856d93bf781545f6453afbbeef077.jpg,1,0,23.23252707719803,preprocess+forward+postprocess
369,2,Fashionpedia,../fashion_data/raw/fashionpedia/images/test/de3856d93bf781545f6453afbbeef077.jpg,1,0,24.162408895790577,preprocess+forward+postprocess
369,3,Fashionpedia,../fashion_data/raw/fashionpedia/images/test/de3856d93bf781545f6453afbbeef077.jpg,1,0,39.72422704100609,preprocess+forward+postprocess
369,4,Fashionpedia,../fashion_data/raw/fashionpedia/images/test/de3856d93bf781545f6453afbbeef077.jpg,1,0,27.72810310125351,preprocess+forward+postprocess
369,5,Fashionpedia,../fashion_data/raw/fashionpedia/images/test/de3856d93bf781545f6453afbbeef077.jpg,1,0,22.92008465155959,preprocess+forward+postprocess
370,1,Fashionpedia,../fashion_data/raw/fashionpedia/images/test/de92afe62c9c4670a48c6c3e43440323.jpg,1,2,33.007222693413496,preprocess+forward+postprocess
370,2,Fashionpedia,../fashion_data/raw/fashionpedia/images/test/de92afe62c9c4670a48c6c3e43440323.jpg,1,2,32.40337921306491,preprocess+forward+postprocess
370,3,Fashionpedia,../fashion_data/raw/fashionpedia/images/test/de92afe62c9c4670a48c6c3e43440323.jpg,1,2,31.596822198480368,preprocess+forward+postprocess
370,4,Fashionpedia,../fashion_data/raw/fashionpedia/images/test/de92afe62c9c4670a48c6c3e43440323.jpg,1,2,61.156724113970995,preprocess+forward+postprocess
370,5,Fashionpedia,../fashion_data/raw/fashionpedia/images/test/de92afe62c9c4670a48c6c3e43440323.jpg,1,2,34.527251962572336,preprocess+forward+postprocess
371,1,Fashionpedia,../fashion_data/raw/fashionpedia/images/test/e14733841b04c64e75789a91fbe549b3.jpg,1,1,39.85008504241705,preprocess+forward+postprocess
371,2,Fashionpedia,../fashion_data/raw/fashionpedia/images/test/e14733841b04c64e75789a91fbe549b3.jpg,1,1,27.04828465357423,preprocess+forward+postprocess
371,3,Fashionpedia,../fashion_data/raw/fashionpedia/images/test/e14733841b04c64e75789a91fbe549b3.jpg,1,1,27.361738961189985,preprocess+forward+postprocess
371,4,Fashionpedia,../fashion_data/raw/fashionpedia/images/test/e14733841b04c64e75789a91fbe549b3.jpg,1,1,26.51426289230585,preprocess+forward+postprocess
371,5,Fashionpedia,../fashion_data/raw/fashionpedia/images/test/e14733841b04c64e75789a91fbe549b3.jpg,1,1,36.41607007011771,preprocess+forward+postprocess
372,1,Fashionpedia,../fashion_data/raw/fashionpedia/images/test/e18e46ee82d41e1a8bad90e817212331.jpg,1,1,66.68827217072248,preprocess+forward+postprocess
372,2,Fashionpedia,../fashion_data/raw/fashionpedia/images/test/e18e46ee82d41e1a8bad90e817212331.jpg,1,1,53.47091564908624,preprocess+forward+postprocess
372,3,Fashionpedia,../fashion_data/raw/fashionpedia/images/test/e18e46ee82d41e1a8bad90e817212331.jpg,1,1,54.160390980541706,preprocess+forward+postprocess
372,4,Fashionpedia,../fashion_data/raw/fashionpedia/images/test/e18e46ee82d41e1a8bad90e817212331.jpg,1,1,67.18298979103565,preprocess+forward+postprocess
372,5,Fashionpedia,../fashion_data/raw/fashionpedia/images/test/e18e46ee82d41e1a8bad90e817212331.jpg,1,1,52.11160983890295,preprocess+forward+postprocess
373,1,Fashionpedia,../fashion_data/raw/fashionpedia/images/test/e1c633bb82c74fbfc7504a7186c97751.jpg,1,1,38.89241116121411,preprocess+forward+postprocess
373,2,Fashionpedia,../fashion_data/raw/fashionpedia/images/test/e1c633bb82c74fbfc7504a7186c97751.jpg,1,1,27.77456073090434,preprocess+forward+postprocess
373,3,Fashionpedia,../fashion_data/raw/fashionpedia/images/test/e1c633bb82c74fbfc7504a7186c97751.jpg,1,1,27.809266932308674,preprocess+forward+postprocess
373,4,Fashionpedia,../fashion_data/raw/fashionpedia/images/test/e1c633bb82c74fbfc7504a7186c97751.jpg,1,1,27.72301295772195,preprocess+forward+postprocess
373,5,Fashionpedia,../fashion_data/raw/fashionpedia/images/test/e1c633bb82c74fbfc7504a7186c97751.jpg,1,1,41.193810291588306,preprocess+forward+postprocess
374,1,Fashionpedia,../fashion_data/raw/fashionpedia/images/test/e4de7821071dd5b1baa80bb9813a8895.jpg,1,2,25.93137975782156,preprocess+forward+postprocess
374,2,Fashionpedia,../fashion_data/raw/fashionpedia/images/test/e4de7821071dd5b1baa80bb9813a8895.jpg,1,2,25.340620893985033,preprocess+forward+postprocess
374,3,Fashionpedia,../fashion_data/raw/fashionpedia/images/test/e4de7821071dd5b1baa80bb9813a8895.jpg,1,2,25.55411495268345,preprocess+forward+postprocess
374,4,Fashionpedia,../fashion_data/raw/fashionpedia/images/test/e4de7821071dd5b1baa80bb9813a8895.jpg,1,2,25.58738784864545,preprocess+forward+postprocess
374,5,Fashionpedia,../fashion_data/raw/fashionpedia/images/test/e4de7821071dd5b1baa80bb9813a8895.jpg,1,2,25.843503419309855,preprocess+forward+postprocess
375,1,Fashionpedia,../fashion_data/raw/fashionpedia/images/test/e58b172581a1b2e4d7ed70620b23d2be.jpg,1,2,98.61870482563972,preprocess+forward+postprocess
375,2,Fashionpedia,../fashion_data/raw/fashionpedia/images/test/e58b172581a1b2e4d7ed70620b23d2be.jpg,1,2,101.40464268624783,preprocess+forward+postprocess
375,3,Fashionpedia,../fashion_data/raw/fashionpedia/images/test/e58b172581a1b2e4d7ed70620b23d2be.jpg,1,2,85.78666904941201,preprocess+forward+postprocess
375,4,Fashionpedia,../fashion_data/raw/fashionpedia/images/test/e58b172581a1b2e4d7ed70620b23d2be.jpg,1,2,85.97060712054372,preprocess+forward+postprocess
375,5,Fashionpedia,../fashion_data/raw/fashionpedia/images/test/e58b172581a1b2e4d7ed70620b23d2be.jpg,1,2,85.55575087666512,preprocess+forward+postprocess
376,1,Fashionpedia,../fashion_data/raw/fashionpedia/images/test/e636280e96f3863157a4398c92fc299e.jpg,1,3,28.01227057352662,preprocess+forward+postprocess
376,2,Fashionpedia,../fashion_data/raw/fashionpedia/images/test/e636280e96f3863157a4398c92fc299e.jpg,1,3,27.406825218349695,preprocess+forward+postprocess
376,3,Fashionpedia,../fashion_data/raw/fashionpedia/images/test/e636280e96f3863157a4398c92fc299e.jpg,1,3,28.41578610241413,preprocess+forward+postprocess
376,4,Fashionpedia,../fashion_data/raw/fashionpedia/images/test/e636280e96f3863157a4398c92fc299e.jpg,1,3,26.85957681387663,preprocess+forward+postprocess
376,5,Fashionpedia,../fashion_data/raw/fashionpedia/images/test/e636280e96f3863157a4398c92fc299e.jpg,1,3,28.056566137820482,preprocess+forward+postprocess
377,1,Fashionpedia,../fashion_data/raw/fashionpedia/images/test/e6468d04328e93755f40b49190b3f801.jpg,1,2,28.047097846865654,preprocess+forward+postprocess
377,2,Fashionpedia,../fashion_data/raw/fashionpedia/images/test/e6468d04328e93755f40b49190b3f801.jpg,1,2,27.086687739938498,preprocess+forward+postprocess
377,3,Fashionpedia,../fashion_data/raw/fashionpedia/images/test/e6468d04328e93755f40b49190b3f801.jpg,1,2,26.64841804653406,preprocess+forward+postprocess
377,4,Fashionpedia,../fashion_data/raw/fashionpedia/images/test/e6468d04328e93755f40b49190b3f801.jpg,1,2,27.038276195526123,preprocess+forward+postprocess
377,5,Fashionpedia,../fashion_data/raw/fashionpedia/images/test/e6468d04328e93755f40b49190b3f801.jpg,1,2,27.997633907943964,preprocess+forward+postprocess
378,1,Fashionpedia,../fashion_data/raw/fashionpedia/images/test/e73b13b557ab167a05cb10ed45decf52.jpg,1,1,22.652046754956245,preprocess+forward+postprocess
378,2,Fashionpedia,../fashion_data/raw/fashionpedia/images/test/e73b13b557ab167a05cb10ed45decf52.jpg,1,1,22.519477177411318,preprocess+forward+postprocess
378,3,Fashionpedia,../fashion_data/raw/fashionpedia/images/test/e73b13b557ab167a05cb10ed45decf52.jpg,1,1,22.498116828501225,preprocess+forward+postprocess
378,4,Fashionpedia,../fashion_data/raw/fashionpedia/images/test/e73b13b557ab167a05cb10ed45decf52.jpg,1,1,22.738460917025805,preprocess+forward+postprocess
378,5,Fashionpedia,../fashion_data/raw/fashionpedia/images/test/e73b13b557ab167a05cb10ed45decf52.jpg,1,1,22.709115874022245,preprocess+forward+postprocess
379,1,Fashionpedia,../fashion_data/raw/fashionpedia/images/test/e9276aedf39f09ebe6ded9e203982fea.jpg,1,4,32.75117836892605,preprocess+forward+postprocess
379,2,Fashionpedia,../fashion_data/raw/fashionpedia/images/test/e9276aedf39f09ebe6ded9e203982fea.jpg,1,4,32.82030904665589,preprocess+forward+postprocess
379,3,Fashionpedia,../fashion_data/raw/fashionpedia/images/test/e9276aedf39f09ebe6ded9e203982fea.jpg,1,4,33.797538839280605,preprocess+forward+postprocess
379,4,Fashionpedia,../fashion_data/raw/fashionpedia/images/test/e9276aedf39f09ebe6ded9e203982fea.jpg,1,4,32.19440300017595,preprocess+forward+postprocess
379,5,Fashionpedia,../fashion_data/raw/fashionpedia/images/test/e9276aedf39f09ebe6ded9e203982fea.jpg,1,4,32.56028704345226,preprocess+forward+postprocess
380,1,Fashionpedia,../fashion_data/raw/fashionpedia/images/test/e9e415310c10ee05c1ebbf0f013c9269.jpg,1,1,25.72639100253582,preprocess+forward+postprocess
380,2,Fashionpedia,../fashion_data/raw/fashionpedia/images/test/e9e415310c10ee05c1ebbf0f013c9269.jpg,1,1,41.85946099460125,preprocess+forward+postprocess
380,3,Fashionpedia,../fashion_data/raw/fashionpedia/images/test/e9e415310c10ee05c1ebbf0f013c9269.jpg,1,1,23.002912756055593,preprocess+forward+postprocess
380,4,Fashionpedia,../fashion_data/raw/fashionpedia/images/test/e9e415310c10ee05c1ebbf0f013c9269.jpg,1,1,22.830665577203035,preprocess+forward+postprocess
380,5,Fashionpedia,../fashion_data/raw/fashionpedia/images/test/e9e415310c10ee05c1ebbf0f013c9269.jpg,1,1,22.831417620182037,preprocess+forward+postprocess
381,1,Fashionpedia,../fashion_data/raw/fashionpedia/images/test/eb20c87403d09323d402b3461afbdb0e.jpg,1,1,27.43695117533207,preprocess+forward+postprocess
381,2,Fashionpedia,../fashion_data/raw/fashionpedia/images/test/eb20c87403d09323d402b3461afbdb0e.jpg,1,1,26.738307904452085,preprocess+forward+postprocess
381,3,Fashionpedia,../fashion_data/raw/fashionpedia/images/test/eb20c87403d09323d402b3461afbdb0e.jpg,1,1,26.99254034087062,preprocess+forward+postprocess
381,4,Fashionpedia,../fashion_data/raw/fashionpedia/images/test/eb20c87403d09323d402b3461afbdb0e.jpg,1,1,26.663937140256166,preprocess+forward+postprocess
381,5,Fashionpedia,../fashion_data/raw/fashionpedia/images/test/eb20c87403d09323d402b3461afbdb0e.jpg,1,1,26.730282697826624,preprocess+forward+postprocess
382,1,Fashionpedia,../fashion_data/raw/fashionpedia/images/test/ebf78f93576a0c6222dc50801fd113c6.jpg,1,0,49.7741331346333,preprocess+forward+postprocess
382,2,Fashionpedia,../fashion_data/raw/fashionpedia/images/test/ebf78f93576a0c6222dc50801fd113c6.jpg,1,0,35.77553713694215,preprocess+forward+postprocess
382,3,Fashionpedia,../fashion_data/raw/fashionpedia/images/test/ebf78f93576a0c6222dc50801fd113c6.jpg,1,0,31.45055379718542,preprocess+forward+postprocess
382,4,Fashionpedia,../fashion_data/raw/fashionpedia/images/test/ebf78f93576a0c6222dc50801fd113c6.jpg,1,0,27.661717031151056,preprocess+forward+postprocess
382,5,Fashionpedia,../fashion_data/raw/fashionpedia/images/test/ebf78f93576a0c6222dc50801fd113c6.jpg,1,0,27.76165585964918,preprocess+forward+postprocess
383,1,Fashionpedia,../fashion_data/raw/fashionpedia/images/test/ec87f9472aa1aa6a6fb6fa44add1357a.jpg,1,0,72.39219592884183,preprocess+forward+postprocess
383,2,Fashionpedia,../fashion_data/raw/fashionpedia/images/test/ec87f9472aa1aa6a6fb6fa44add1357a.jpg,1,0,69.00149397552013,preprocess+forward+postprocess
383,3,Fashionpedia,../fashion_data/raw/fashionpedia/images/test/ec87f9472aa1aa6a6fb6fa44add1357a.jpg,1,0,68.94120015203953,preprocess+forward+postprocess
383,4,Fashionpedia,../fashion_data/raw/fashionpedia/images/test/ec87f9472aa1aa6a6fb6fa44add1357a.jpg,1,0,68.68163775652647,preprocess+forward+postprocess
383,5,Fashionpedia,../fashion_data/raw/fashionpedia/images/test/ec87f9472aa1aa6a6fb6fa44add1357a.jpg,1,0,68.62669391557574,preprocess+forward+postprocess
384,1,Fashionpedia,../fashion_data/raw/fashionpedia/images/test/ee8429febbbf2ceb90270629d0ae0850.jpg,1,5,31.57698316499591,preprocess+forward+postprocess
384,2,Fashionpedia,../fashion_data/raw/fashionpedia/images/test/ee8429febbbf2ceb90270629d0ae0850.jpg,1,5,30.566328670829535,preprocess+forward+postprocess
384,3,Fashionpedia,../fashion_data/raw/fashionpedia/images/test/ee8429febbbf2ceb90270629d0ae0850.jpg,1,5,30.383603181689978,preprocess+forward+postprocess
384,4,Fashionpedia,../fashion_data/raw/fashionpedia/images/test/ee8429febbbf2ceb90270629d0ae0850.jpg,1,5,34.43509666249156,preprocess+forward+postprocess
384,5,Fashionpedia,../fashion_data/raw/fashionpedia/images/test/ee8429febbbf2ceb90270629d0ae0850.jpg,1,5,37.77880081906915,preprocess+forward+postprocess
385,1,Fashionpedia,../fashion_data/raw/fashionpedia/images/test/ef9f506c8d4345edbb63f7fb54bb2cf5.jpg,1,2,26.10886562615633,preprocess+forward+postprocess
385,2,Fashionpedia,../fashion_data/raw/fashionpedia/images/test/ef9f506c8d4345edbb63f7fb54bb2cf5.jpg,1,2,26.34211676195264,preprocess+forward+postprocess
385,3,Fashionpedia,../fashion_data/raw/fashionpedia/images/test/ef9f506c8d4345edbb63f7fb54bb2cf5.jpg,1,2,26.768295094370842,preprocess+forward+postprocess
385,4,Fashionpedia,../fashion_data/raw/fashionpedia/images/test/ef9f506c8d4345edbb63f7fb54bb2cf5.jpg,1,2,25.952378753572702,preprocess+forward+postprocess
385,5,Fashionpedia,../fashion_data/raw/fashionpedia/images/test/ef9f506c8d4345edbb63f7fb54bb2cf5.jpg,1,2,26.011580601334572,preprocess+forward+postprocess
386,1,Fashionpedia,../fashion_data/raw/fashionpedia/images/test/f33e666940ab7cb29212a29d4feda8ad.jpg,1,0,29.330828692764044,preprocess+forward+postprocess
386,2,Fashionpedia,../fashion_data/raw/fashionpedia/images/test/f33e666940ab7cb29212a29d4feda8ad.jpg,1,0,60.49367832019925,preprocess+forward+postprocess
386,3,Fashionpedia,../fashion_data/raw/fashionpedia/images/test/f33e666940ab7cb29212a29d4feda8ad.jpg,1,0,52.9543561860919,preprocess+forward+postprocess
386,4,Fashionpedia,../fashion_data/raw/fashionpedia/images/test/f33e666940ab7cb29212a29d4feda8ad.jpg,1,0,53.726299200206995,preprocess+forward+postprocess
386,5,Fashionpedia,../fashion_data/raw/fashionpedia/images/test/f33e666940ab7cb29212a29d4feda8ad.jpg,1,0,52.456683944910765,preprocess+forward+postprocess
387,1,Fashionpedia,../fashion_data/raw/fashionpedia/images/test/f43143d9807fbb2948474f68d8c6f550.jpg,1,1,67.02961819246411,preprocess+forward+postprocess
387,2,Fashionpedia,../fashion_data/raw/fashionpedia/images/test/f43143d9807fbb2948474f68d8c6f550.jpg,1,1,55.20875798538327,preprocess+forward+postprocess
387,3,Fashionpedia,../fashion_data/raw/fashionpedia/images/test/f43143d9807fbb2948474f68d8c6f550.jpg,1,1,55.81334279850125,preprocess+forward+postprocess
387,4,Fashionpedia,../fashion_data/raw/fashionpedia/images/test/f43143d9807fbb2948474f68d8c6f550.jpg,1,1,54.09208172932267,preprocess+forward+postprocess
387,5,Fashionpedia,../fashion_data/raw/fashionpedia/images/test/f43143d9807fbb2948474f68d8c6f550.jpg,1,1,54.46547968313098,preprocess+forward+postprocess
388,1,Fashionpedia,../fashion_data/raw/fashionpedia/images/test/f4c8049f436b7edcb26c01d3219e14c2.jpg,1,1,36.6866122931242,preprocess+forward+postprocess
388,2,Fashionpedia,../fashion_data/raw/fashionpedia/images/test/f4c8049f436b7edcb26c01d3219e14c2.jpg,1,1,26.48550970479846,preprocess+forward+postprocess
388,3,Fashionpedia,../fashion_data/raw/fashionpedia/images/test/f4c8049f436b7edcb26c01d3219e14c2.jpg,1,1,50.87756318971515,preprocess+forward+postprocess
388,4,Fashionpedia,../fashion_data/raw/fashionpedia/images/test/f4c8049f436b7edcb26c01d3219e14c2.jpg,1,1,42.07861516624689,preprocess+forward+postprocess
388,5,Fashionpedia,../fashion_data/raw/fashionpedia/images/test/f4c8049f436b7edcb26c01d3219e14c2.jpg,1,1,42.02013509348035,preprocess+forward+postprocess
389,1,Fashionpedia,../fashion_data/raw/fashionpedia/images/test/f57152e44f9348050d59a71f9ca7f220.jpg,1,0,91.0415519028902,preprocess+forward+postprocess
389,2,Fashionpedia,../fashion_data/raw/fashionpedia/images/test/f57152e44f9348050d59a71f9ca7f220.jpg,1,0,35.05406994372606,preprocess+forward+postprocess
389,3,Fashionpedia,../fashion_data/raw/fashionpedia/images/test/f57152e44f9348050d59a71f9ca7f220.jpg,1,0,35.03175778314471,preprocess+forward+postprocess
389,4,Fashionpedia,../fashion_data/raw/fashionpedia/images/test/f57152e44f9348050d59a71f9ca7f220.jpg,1,0,27.30973018333316,preprocess+forward+postprocess
389,5,Fashionpedia,../fashion_data/raw/fashionpedia/images/test/f57152e44f9348050d59a71f9ca7f220.jpg,1,0,36.401351913809776,preprocess+forward+postprocess
390,1,Fashionpedia,../fashion_data/raw/fashionpedia/images/test/f8a4762ebff45ddd567bdb9dbb41d0b6.jpg,1,1,37.22333908081055,preprocess+forward+postprocess
390,2,Fashionpedia,../fashion_data/raw/fashionpedia/images/test/f8a4762ebff45ddd567bdb9dbb41d0b6.jpg,1,1,38.25014363974333,preprocess+forward+postprocess
390,3,Fashionpedia,../fashion_data/raw/fashionpedia/images/test/f8a4762ebff45ddd567bdb9dbb41d0b6.jpg,1,1,40.60671804472804,preprocess+forward+postprocess
390,4,Fashionpedia,../fashion_data/raw/fashionpedia/images/test/f8a4762ebff45ddd567bdb9dbb41d0b6.jpg,1,1,39.0956150367856,preprocess+forward+postprocess
390,5,Fashionpedia,../fashion_data/raw/fashionpedia/images/test/f8a4762ebff45ddd567bdb9dbb41d0b6.jpg,1,1,38.49771339446306,preprocess+forward+postprocess
391,1,Fashionpedia,../fashion_data/raw/fashionpedia/images/test/f90c231e3eab5e147368c77592b6a7f7.jpg,1,2,72.00427167117596,preprocess+forward+postprocess
391,2,Fashionpedia,../fashion_data/raw/fashionpedia/images/test/f90c231e3eab5e147368c77592b6a7f7.jpg,1,2,75.28826175257564,preprocess+forward+postprocess
391,3,Fashionpedia,../fashion_data/raw/fashionpedia/images/test/f90c231e3eab5e147368c77592b6a7f7.jpg,1,2,74.30961914360523,preprocess+forward+postprocess
391,4,Fashionpedia,../fashion_data/raw/fashionpedia/images/test/f90c231e3eab5e147368c77592b6a7f7.jpg,1,2,74.223886243999,preprocess+forward+postprocess
391,5,Fashionpedia,../fashion_data/raw/fashionpedia/images/test/f90c231e3eab5e147368c77592b6a7f7.jpg,1,2,73.04939115419984,preprocess+forward+postprocess
392,1,Fashionpedia,../fashion_data/raw/fashionpedia/images/test/fa3e88c6a313433dd7884ce0abb5d27e.jpg,1,2,97.7196623571217,preprocess+forward+postprocess
392,2,Fashionpedia,../fashion_data/raw/fashionpedia/images/test/fa3e88c6a313433dd7884ce0abb5d27e.jpg,1,2,97.68853290006518,preprocess+forward+postprocess
392,3,Fashionpedia,../fashion_data/raw/fashionpedia/images/test/fa3e88c6a313433dd7884ce0abb5d27e.jpg,1,2,96.6241261921823,preprocess+forward+postprocess
392,4,Fashionpedia,../fashion_data/raw/fashionpedia/images/test/fa3e88c6a313433dd7884ce0abb5d27e.jpg,1,2,98.8434599712491,preprocess+forward+postprocess
392,5,Fashionpedia,../fashion_data/raw/fashionpedia/images/test/fa3e88c6a313433dd7884ce0abb5d27e.jpg,1,2,112.36171703785658,preprocess+forward+postprocess
393,1,Fashionpedia,../fashion_data/raw/fashionpedia/images/test/fa798612385be732aa8a70fb56d8bed0.jpg,1,1,36.67645342648029,preprocess+forward+postprocess
393,2,Fashionpedia,../fashion_data/raw/fashionpedia/images/test/fa798612385be732aa8a70fb56d8bed0.jpg,1,1,23.260861169546843,preprocess+forward+postprocess
393,3,Fashionpedia,../fashion_data/raw/fashionpedia/images/test/fa798612385be732aa8a70fb56d8bed0.jpg,1,1,23.15385825932026,preprocess+forward+postprocess
393,4,Fashionpedia,../fashion_data/raw/fashionpedia/images/test/fa798612385be732aa8a70fb56d8bed0.jpg,1,1,23.20025721564889,preprocess+forward+postprocess
393,5,Fashionpedia,../fashion_data/raw/fashionpedia/images/test/fa798612385be732aa8a70fb56d8bed0.jpg,1,1,23.541100788861513,preprocess+forward+postprocess
394,1,Fashionpedia,../fashion_data/raw/fashionpedia/images/test/fa8cbbf127e163a2f512399049509d90.jpg,1,2,25.474012829363346,preprocess+forward+postprocess
394,2,Fashionpedia,../fashion_data/raw/fashionpedia/images/test/fa8cbbf127e163a2f512399049509d90.jpg,1,2,24.486633017659187,preprocess+forward+postprocess
394,3,Fashionpedia,../fashion_data/raw/fashionpedia/images/test/fa8cbbf127e163a2f512399049509d90.jpg,1,2,24.88711103796959,preprocess+forward+postprocess
394,4,Fashionpedia,../fashion_data/raw/fashionpedia/images/test/fa8cbbf127e163a2f512399049509d90.jpg,1,2,40.230875834822655,preprocess+forward+postprocess
394,5,Fashionpedia,../fashion_data/raw/fashionpedia/images/test/fa8cbbf127e163a2f512399049509d90.jpg,1,2,26.330165099352598,preprocess+forward+postprocess
395,1,Fashionpedia,../fashion_data/raw/fashionpedia/images/test/faef680c9ba90bd6852e6bc759341896.jpg,1,0,22.33845368027687,preprocess+forward+postprocess
395,2,Fashionpedia,../fashion_data/raw/fashionpedia/images/test/faef680c9ba90bd6852e6bc759341896.jpg,1,0,22.346969693899155,preprocess+forward+postprocess
395,3,Fashionpedia,../fashion_data/raw/fashionpedia/images/test/faef680c9ba90bd6852e6bc759341896.jpg,1,0,22.888364735990763,preprocess+forward+postprocess
395,4,Fashionpedia,../fashion_data/raw/fashionpedia/images/test/faef680c9ba90bd6852e6bc759341896.jpg,1,0,22.609908133745193,preprocess+forward+postprocess
395,5,Fashionpedia,../fashion_data/raw/fashionpedia/images/test/faef680c9ba90bd6852e6bc759341896.jpg,1,0,22.31726422905922,preprocess+forward+postprocess
396,1,Fashionpedia,../fashion_data/raw/fashionpedia/images/test/fb81f1a32e154a77e683f309cdf0794a.jpg,1,1,54.23372099176049,preprocess+forward+postprocess
396,2,Fashionpedia,../fashion_data/raw/fashionpedia/images/test/fb81f1a32e154a77e683f309cdf0794a.jpg,1,1,53.90582885593176,preprocess+forward+postprocess
396,3,Fashionpedia,../fashion_data/raw/fashionpedia/images/test/fb81f1a32e154a77e683f309cdf0794a.jpg,1,1,53.593366872519255,preprocess+forward+postprocess
396,4,Fashionpedia,../fashion_data/raw/fashionpedia/images/test/fb81f1a32e154a77e683f309cdf0794a.jpg,1,1,54.72221504896879,preprocess+forward+postprocess
396,5,Fashionpedia,../fashion_data/raw/fashionpedia/images/test/fb81f1a32e154a77e683f309cdf0794a.jpg,1,1,53.76312881708145,preprocess+forward+postprocess
397,1,Fashionpedia,../fashion_data/raw/fashionpedia/images/test/fb8c9b2e3aa874455182d777418321da.jpg,1,1,24.668296799063683,preprocess+forward+postprocess
397,2,Fashionpedia,../fashion_data/raw/fashionpedia/images/test/fb8c9b2e3aa874455182d777418321da.jpg,1,1,24.54870007932186,preprocess+forward+postprocess
397,3,Fashionpedia,../fashion_data/raw/fashionpedia/images/test/fb8c9b2e3aa874455182d777418321da.jpg,1,1,25.04478022456169,preprocess+forward+postprocess
397,4,Fashionpedia,../fashion_data/raw/fashionpedia/images/test/fb8c9b2e3aa874455182d777418321da.jpg,1,1,23.996724747121334,preprocess+forward+postprocess
397,5,Fashionpedia,../fashion_data/raw/fashionpedia/images/test/fb8c9b2e3aa874455182d777418321da.jpg,1,1,23.87165790423751,preprocess+forward+postprocess
398,1,Fashionpedia,../fashion_data/raw/fashionpedia/images/test/fc3ee8e64072d2b42d6a8c2d1e52e2da.jpg,1,2,25.489433202892542,preprocess+forward+postprocess
398,2,Fashionpedia,../fashion_data/raw/fashionpedia/images/test/fc3ee8e64072d2b42d6a8c2d1e52e2da.jpg,1,2,38.62230898812413,preprocess+forward+postprocess
398,3,Fashionpedia,../fashion_data/raw/fashionpedia/images/test/fc3ee8e64072d2b42d6a8c2d1e52e2da.jpg,1,2,24.713582824915648,preprocess+forward+postprocess
398,4,Fashionpedia,../fashion_data/raw/fashionpedia/images/test/fc3ee8e64072d2b42d6a8c2d1e52e2da.jpg,1,2,25.05654189735651,preprocess+forward+postprocess
398,5,Fashionpedia,../fashion_data/raw/fashionpedia/images/test/fc3ee8e64072d2b42d6a8c2d1e52e2da.jpg,1,2,24.5111589320004,preprocess+forward+postprocess
399,1,Fashionpedia,../fashion_data/raw/fashionpedia/images/test/fd567ffad275955ac945eeeacc1fdac5.jpg,1,0,28.77484494820237,preprocess+forward+postprocess
399,2,Fashionpedia,../fashion_data/raw/fashionpedia/images/test/fd567ffad275955ac945eeeacc1fdac5.jpg,1,0,26.013625785708427,preprocess+forward+postprocess
399,3,Fashionpedia,../fashion_data/raw/fashionpedia/images/test/fd567ffad275955ac945eeeacc1fdac5.jpg,1,0,26.55558194965124,preprocess+forward+postprocess
399,4,Fashionpedia,../fashion_data/raw/fashionpedia/images/test/fd567ffad275955ac945eeeacc1fdac5.jpg,1,0,28.20400381460786,preprocess+forward+postprocess
399,5,Fashionpedia,../fashion_data/raw/fashionpedia/images/test/fd567ffad275955ac945eeeacc1fdac5.jpg,1,0,26.272726245224476,preprocess+forward+postprocess
