review_sample_id,garment_category,fine_or_source_category,source_dataset,source_image,garment_id,gt_mask_path,gt_overlay_path,bbox_area_ratio,size_bucket,pre_freeze_status,final_annotation_valid,scene_type,occlusion_level,visibility_level,coverage_note,coverage_review_status,scene_type_suggested,scene_confidence,scene_second_label,scene_margin,occlusion_level_suggested,occlusion_confidence,occlusion_second_label,occlusion_margin,visibility_level_suggested,visibility_confidence,visibility_second_label,visibility_margin,coverage_suggestion_review_flag,coverage_suggestion_review_reasons,provisional_selected,scene_human_review_required,scene_type_final,scene_review_decision,provisional_core_id
SEGCORE1_0001,top,long_sleeve_top,DeepFashion2,../fashion_data/raw/train/train/image/139497.jpg,item1_long_sleeve_top,benchmark/prd_3_1_v1/candidates/segmentation_core_stress_v1/masks/core/top/SEGCORE1_0001.png,benchmark/prd_3_1_v1/candidates/segmentation_core_stress_v1/overlays/core/top/SEGCORE1_0001.jpg,0.14284886,large,PENDING_FINAL_HUMAN_CONFIRMATION,,,,,,unreviewed,worn_person,0.758052,product_display,0.626304,partial,0.578507,none,0.302426,partial,0.719172,full,0.438344,HIGH_CONF_SUGGESTION,,1,0,,,COREPROV1_0001
SEGCORE1_0002,top,long_sleeve_top,DeepFashion2,../fashion_data/raw/train/train/image/184161.jpg,item4_long_sleeve_top,benchmark/prd_3_1_v1/candidates/segmentation_core_stress_v1/masks/core/top/SEGCORE1_0002.png,benchmark/prd_3_1_v1/candidates/segmentation_core_stress_v1/overlays/core/top/SEGCORE1_0002.jpg,0.00744421,small,PENDING_FINAL_HUMAN_CONFIRMATION,,,,,,unreviewed,product_display,0.431225,worn_person,0.063722,none,0.425719,partial,0.026668,partial,0.724317,full,0.448634,REVIEW,LOW_SCENE_CONFIDENCE|LOW_OCCLUSION_CONFIDENCE,1,1,,,COREPROV1_0002
SEGCORE1_0003,top,short_sleeve_top,DeepFashion2,../fashion_data/raw/train/train/image/157361.jpg,item2_short_sleeve_top,benchmark/prd_3_1_v1/candidates/segmentation_core_stress_v1/masks/core/top/SEGCORE1_0003.png,benchmark/prd_3_1_v1/candidates/segmentation_core_stress_v1/overlays/core/top/SEGCORE1_0003.jpg,0.07930153,medium,PENDING_FINAL_HUMAN_CONFIRMATION,,,,,,unreviewed,worn_person,0.502796,product_display,0.211189,partial,0.630966,none,0.369914,full,0.632852,partial,0.265704,HIGH_CONF_SUGGESTION,,1,0,,,COREPROV1_0003
SEGCORE1_0004,top,vest,DeepFashion2,../fashion_data/raw/train/train/image/053896.jpg,item1_vest,benchmark/prd_3_1_v1/candidates/segmentation_core_stress_v1/masks/core/top/SEGCORE1_0004.png,benchmark/prd_3_1_v1/candidates/segmentation_core_stress_v1/overlays/core/top/SEGCORE1_0004.jpg,0.68836292,large,PENDING_FINAL_HUMAN_CONFIRMATION,,,,,,unreviewed,partial_view,0.811964,worn_person,0.637165,none,0.590141,partial,0.322398,partial,0.522364,full,0.044729,REVIEW,LOW_VISIBILITY_CONFIDENCE,1,0,,,COREPROV1_0004
SEGCORE1_0005,top,sling,DeepFashion2,../fashion_data/raw/train/train/image/008751.jpg,item2_sling,benchmark/prd_3_1_v1/candidates/segmentation_core_stress_v1/masks/core/top/SEGCORE1_0005.png,benchmark/prd_3_1_v1/candidates/segmentation_core_stress_v1/overlays/core/top/SEGCORE1_0005.jpg,0.01550060,small,PENDING_FINAL_HUMAN_CONFIRMATION,,,,,,unreviewed,product_display,0.804719,worn_person,0.699890,partial,0.479820,none,0.100961,partial,0.842949,full,0.685898,HIGH_CONF_SUGGESTION,,1,0,,,COREPROV1_0005
SEGCORE1_0006,top,short_sleeve_top,DeepFashion2,../fashion_data/raw/train/train/image/177014.jpg,item1_short_sleeve_top,benchmark/prd_3_1_v1/candidates/segmentation_core_stress_v1/masks/core/top/SEGCORE1_0006.png,benchmark/prd_3_1_v1/candidates/segmentation_core_stress_v1/overlays/core/top/SEGCORE1_0006.jpg,0.01513533,small,PENDING_FINAL_HUMAN_CONFIRMATION,,,,,,unreviewed,worn_person,0.770982,product_display,0.640871,none,0.412832,partial,0.008058,partial,0.552391,full,0.104781,REVIEW,LOW_OCCLUSION_CONFIDENCE,1,0,,,COREPROV1_0006
SEGCORE1_0007,top,vest,DeepFashion2,../fashion_data/raw/train/train/image/035517.jpg,item2_vest,benchmark/prd_3_1_v1/candidates/segmentation_core_stress_v1/masks/core/top/SEGCORE1_0007.png,benchmark/prd_3_1_v1/candidates/segmentation_core_stress_v1/overlays/core/top/SEGCORE1_0007.jpg,0.01964722,small,PENDING_FINAL_HUMAN_CONFIRMATION,,,,,,unreviewed,worn_person,0.451997,product_display,0.056600,none,0.501692,partial,0.086420,full,0.514293,partial,0.028585,REVIEW,LOW_SCENE_CONFIDENCE|LOW_VISIBILITY_CONFIDENCE,1,1,,,COREPROV1_0007
SEGCORE1_0009,top,long_sleeve_top,DeepFashion2,../fashion_data/raw/train/train/image/151882.jpg,item2_long_sleeve_top,benchmark/prd_3_1_v1/candidates/segmentation_core_stress_v1/masks/core/top/SEGCORE1_0009.png,benchmark/prd_3_1_v1/candidates/segmentation_core_stress_v1/overlays/core/top/SEGCORE1_0009.jpg,0.09906939,medium,PENDING_FINAL_HUMAN_CONFIRMATION,,,,,,unreviewed,worn_person,0.897354,complex_scene,0.849949,partial,0.734099,none,0.548534,full,0.718190,partial,0.436380,HIGH_CONF_SUGGESTION,,1,0,,,COREPROV1_0008
SEGCORE1_0010,top,short_sleeve_top,DeepFashion2,../fashion_data/raw/train/train/image/043213.jpg,item1_short_sleeve_top,benchmark/prd_3_1_v1/candidates/segmentation_core_stress_v1/masks/core/top/SEGCORE1_0010.png,benchmark/prd_3_1_v1/candidates/segmentation_core_stress_v1/overlays/core/top/SEGCORE1_0010.jpg,0.37965094,large,PENDING_FINAL_HUMAN_CONFIRMATION,,,,,,unreviewed,worn_person,0.637821,product_display,0.381927,none,0.515496,partial,0.142254,partial,0.502667,full,0.005334,REVIEW,LOW_VISIBILITY_CONFIDENCE,1,0,,,COREPROV1_0009
SEGCORE1_0011,top,sling,DeepFashion2,../fashion_data/raw/train/train/image/087562.jpg,item1_sling,benchmark/prd_3_1_v1/candidates/segmentation_core_stress_v1/masks/core/top/SEGCORE1_0011.png,benchmark/prd_3_1_v1/candidates/segmentation_core_stress_v1/overlays/core/top/SEGCORE1_0011.jpg,0.02768939,medium,PENDING_FINAL_HUMAN_CONFIRMATION,,,,,,unreviewed,product_display,0.354637,worn_person,0.021961,partial,0.585729,none,0.270142,partial,0.700950,full,0.401899,REVIEW,LOW_SCENE_CONFIDENCE,1,1,,,COREPROV1_0010
SEGCORE1_0012,top,vest,DeepFashion2,../fashion_data/raw/train/train/image/003154.jpg,item2_vest,benchmark/prd_3_1_v1/candidates/segmentation_core_stress_v1/masks/core/top/SEGCORE1_0012.png,benchmark/prd_3_1_v1/candidates/segmentation_core_stress_v1/overlays/core/top/SEGCORE1_0012.jpg,0.04601011,medium,PENDING_FINAL_HUMAN_CONFIRMATION,,,,,,unreviewed,product_display,0.574896,worn_person,0.350873,partial,0.460067,none,0.163866,partial,0.596479,full,0.192959,HIGH_CONF_SUGGESTION,,1,0,,,COREPROV1_0011
SEGCORE1_0013,top,long_sleeve_top,DeepFashion2,../fashion_data/raw/train/train/image/151693.jpg,item1_long_sleeve_top,benchmark/prd_3_1_v1/candidates/segmentation_core_stress_v1/masks/core/top/SEGCORE1_0013.png,benchmark/prd_3_1_v1/candidates/segmentation_core_stress_v1/overlays/core/top/SEGCORE1_0013.jpg,0.50930940,large,PENDING_FINAL_HUMAN_CONFIRMATION,,,,,,unreviewed,worn_person,0.719408,partial_view,0.486838,none,0.474145,partial,0.172749,partial,0.707515,full,0.415030,HIGH_CONF_SUGGESTION,,1,0,,,COREPROV1_0012
SEGCORE1_0014,top,long_sleeve_top,DeepFashion2,../fashion_data/raw/train/train/image/151041.jpg,item3_long_sleeve_top,benchmark/prd_3_1_v1/candidates/segmentation_core_stress_v1/masks/core/top/SEGCORE1_0014.png,benchmark/prd_3_1_v1/candidates/segmentation_core_stress_v1/overlays/core/top/SEGCORE1_0014.jpg,0.01760654,small,PENDING_FINAL_HUMAN_CONFIRMATION,,,,,,unreviewed,worn_person,0.453258,product_display,0.189185,partial,0.509168,none,0.161805,partial,0.666110,full,0.332220,HIGH_CONF_SUGGESTION,,1,0,,,COREPROV1_0013
SEGCORE1_0015,top,short_sleeve_top,DeepFashion2,../fashion_data/raw/train/train/image/157158.jpg,item1_short_sleeve_top,benchmark/prd_3_1_v1/candidates/segmentation_core_stress_v1/masks/core/top/SEGCORE1_0015.png,benchmark/prd_3_1_v1/candidates/segmentation_core_stress_v1/overlays/core/top/SEGCORE1_0015.jpg,0.05588697,medium,PENDING_FINAL_HUMAN_CONFIRMATION,,,,,,unreviewed,worn_person,0.895578,partial_view,0.833268,partial,0.715654,none,0.547152,partial,0.519805,full,0.039609,REVIEW,LOW_VISIBILITY_CONFIDENCE,1,0,,,COREPROV1_0014
SEGCORE1_0016,top,vest,DeepFashion2,../fashion_data/raw/train/train/image/183243.jpg,item1_vest,benchmark/prd_3_1_v1/candidates/segmentation_core_stress_v1/masks/core/top/SEGCORE1_0016.png,benchmark/prd_3_1_v1/candidates/segmentation_core_stress_v1/overlays/core/top/SEGCORE1_0016.jpg,0.13600460,large,PENDING_FINAL_HUMAN_CONFIRMATION,,,,,,unreviewed,worn_person,0.723182,partial_view,0.577027,none,0.449762,partial,0.061451,partial,0.652597,full,0.305194,REVIEW,LOW_OCCLUSION_CONFIDENCE,1,0,,,COREPROV1_0015
SEGCORE1_0017,top,sling,DeepFashion2,../fashion_data/raw/train/train/image/166308.jpg,item2_sling,benchmark/prd_3_1_v1/candidates/segmentation_core_stress_v1/masks/core/top/SEGCORE1_0017.png,benchmark/prd_3_1_v1/candidates/segmentation_core_stress_v1/overlays/core/top/SEGCORE1_0017.jpg,0.01959028,small,PENDING_FINAL_HUMAN_CONFIRMATION,,,,,,unreviewed,worn_person,0.848514,complex_scene,0.777641,partial,0.489654,none,0.095137,partial,0.839836,full,0.679672,HIGH_CONF_SUGGESTION,,1,0,,,COREPROV1_0016
SEGCORE1_0018,top,short_sleeve_top,DeepFashion2,../fashion_data/raw/train/train/image/000030.jpg,item2_short_sleeve_top,benchmark/prd_3_1_v1/candidates/segmentation_core_stress_v1/masks/core/top/SEGCORE1_0018.png,benchmark/prd_3_1_v1/candidates/segmentation_core_stress_v1/overlays/core/top/SEGCORE1_0018.jpg,0.01539855,small,PENDING_FINAL_HUMAN_CONFIRMATION,,,,,,unreviewed,worn_person,0.885509,complex_scene,0.825122,none,0.476602,heavy,0.211166,partial,0.801966,full,0.603932,HIGH_CONF_SUGGESTION,,1,0,,,COREPROV1_0017
SEGCORE1_0019,top,vest,DeepFashion2,../fashion_data/raw/train/train/image/130381.jpg,item2_vest,benchmark/prd_3_1_v1/candidates/segmentation_core_stress_v1/masks/core/top/SEGCORE1_0019.png,benchmark/prd_3_1_v1/candidates/segmentation_core_stress_v1/overlays/core/top/SEGCORE1_0019.jpg,0.01658717,small,PENDING_FINAL_HUMAN_CONFIRMATION,,,,,,unreviewed,worn_person,0.874647,partial_view,0.806012,none,0.508239,partial,0.132010,partial,0.776706,full,0.553413,HIGH_CONF_SUGGESTION,,1,0,,,COREPROV1_0018
SEGCORE1_0020,top,sling,DeepFashion2,../fashion_data/raw/train/train/image/042495.jpg,item1_sling,benchmark/prd_3_1_v1/candidates/segmentation_core_stress_v1/masks/core/top/SEGCORE1_0020.png,benchmark/prd_3_1_v1/candidates/segmentation_core_stress_v1/overlays/core/top/SEGCORE1_0020.jpg,0.17820878,large,PENDING_FINAL_HUMAN_CONFIRMATION,,,,,,unreviewed,worn_person,0.480049,product_display,0.208666,partial,0.560392,heavy,0.335596,partial,0.707425,full,0.414850,HIGH_CONF_SUGGESTION,,1,0,,,COREPROV1_0019
SEGCORE1_0021,top,long_sleeve_top,DeepFashion2,../fashion_data/raw/train/train/image/189305.jpg,item1_long_sleeve_top,benchmark/prd_3_1_v1/candidates/segmentation_core_stress_v1/masks/core/top/SEGCORE1_0021.png,benchmark/prd_3_1_v1/candidates/segmentation_core_stress_v1/overlays/core/top/SEGCORE1_0021.jpg,0.04687200,medium,PENDING_FINAL_HUMAN_CONFIRMATION,,,,,,unreviewed,worn_person,0.523838,product_display,0.208587,none,0.415839,partial,0.000238,partial,0.811824,full,0.623649,REVIEW,LOW_OCCLUSION_CONFIDENCE,1,0,,,COREPROV1_0020
SEGCORE1_0022,top,short_sleeve_top,DeepFashion2,../fashion_data/raw/train/train/image/037017.jpg,item2_short_sleeve_top,benchmark/prd_3_1_v1/candidates/segmentation_core_stress_v1/masks/core/top/SEGCORE1_0022.png,benchmark/prd_3_1_v1/candidates/segmentation_core_stress_v1/overlays/core/top/SEGCORE1_0022.jpg,0.12114562,large,PENDING_FINAL_HUMAN_CONFIRMATION,,,,,,unreviewed,partial_view,0.772204,worn_person,0.571668,partial,0.430835,none,0.037723,partial,0.620924,full,0.241848,REVIEW,LOW_OCCLUSION_CONFIDENCE,1,0,,,COREPROV1_0021
SEGCORE1_0023,top,sling,DeepFashion2,../fashion_data/raw/train/train/image/097678.jpg,item1_sling,benchmark/prd_3_1_v1/candidates/segmentation_core_stress_v1/masks/core/top/SEGCORE1_0023.png,benchmark/prd_3_1_v1/candidates/segmentation_core_stress_v1/overlays/core/top/SEGCORE1_0023.jpg,0.02594059,medium,PENDING_FINAL_HUMAN_CONFIRMATION,,,,,,unreviewed,partial_view,0.419516,worn_person,0.008235,partial,0.514347,none,0.259751,partial,0.880018,full,0.760035,REVIEW,LOW_SCENE_CONFIDENCE,1,1,,,COREPROV1_0022
SEGCORE1_0024,top,vest,DeepFashion2,../fashion_data/raw/train/train/image/136524.jpg,item1_vest,benchmark/prd_3_1_v1/candidates/segmentation_core_stress_v1/masks/core/top/SEGCORE1_0024.png,benchmark/prd_3_1_v1/candidates/segmentation_core_stress_v1/overlays/core/top/SEGCORE1_0024.jpg,0.03103027,medium,PENDING_FINAL_HUMAN_CONFIRMATION,,,,,,unreviewed,product_display,0.388436,worn_person,0.048855,none,0.440786,partial,0.040272,partial,0.713742,full,0.427485,REVIEW,LOW_SCENE_CONFIDENCE|LOW_OCCLUSION_CONFIDENCE,1,1,,,COREPROV1_0023
SEGCORE1_0025,top,long_sleeve_top,DeepFashion2,../fashion_data/raw/train/train/image/085563.jpg,item1_long_sleeve_top,benchmark/prd_3_1_v1/candidates/segmentation_core_stress_v1/masks/core/top/SEGCORE1_0025.png,benchmark/prd_3_1_v1/candidates/segmentation_core_stress_v1/overlays/core/top/SEGCORE1_0025.jpg,0.17375067,large,PENDING_FINAL_HUMAN_CONFIRMATION,,,,,,unreviewed,worn_person,0.528667,partial_view,0.293950,partial,0.501648,none,0.211302,partial,0.599540,full,0.199079,HIGH_CONF_SUGGESTION,,1,0,,,COREPROV1_0024
SEGCORE1_0026,top,long_sleeve_top,DeepFashion2,../fashion_data/raw/train/train/image/180680.jpg,item2_long_sleeve_top,benchmark/prd_3_1_v1/candidates/segmentation_core_stress_v1/masks/core/top/SEGCORE1_0026.png,benchmark/prd_3_1_v1/candidates/segmentation_core_stress_v1/overlays/core/top/SEGCORE1_0026.jpg,0.01662906,small,PENDING_FINAL_HUMAN_CONFIRMATION,,,,,,unreviewed,product_display,0.636086,worn_person,0.396462,partial,0.585279,none,0.262305,partial,0.593124,full,0.186248,HIGH_CONF_SUGGESTION,,1,0,,,COREPROV1_0025
SEGCORE1_0027,top,short_sleeve_top,DeepFashion2,../fashion_data/raw/train/train/image/170967.jpg,item1_short_sleeve_top,benchmark/prd_3_1_v1/candidates/segmentation_core_stress_v1/masks/core/top/SEGCORE1_0027.png,benchmark/prd_3_1_v1/candidates/segmentation_core_stress_v1/overlays/core/top/SEGCORE1_0027.jpg,0.08003575,medium,PENDING_FINAL_HUMAN_CONFIRMATION,,,,,,unreviewed,worn_person,0.564986,partial_view,0.378823,partial,0.363774,none,0.004802,partial,0.508152,full,0.016304,REVIEW,LOW_OCCLUSION_CONFIDENCE|LOW_VISIBILITY_CONFIDENCE,1,0,,,COREPROV1_0026
SEGCORE1_0028,top,vest,DeepFashion2,../fashion_data/raw/train/train/image/125923.jpg,item1_vest,benchmark/prd_3_1_v1/candidates/segmentation_core_stress_v1/masks/core/top/SEGCORE1_0028.png,benchmark/prd_3_1_v1/candidates/segmentation_core_stress_v1/overlays/core/top/SEGCORE1_0028.jpg,0.91225923,large,PENDING_FINAL_HUMAN_CONFIRMATION,,,,,,unreviewed,partial_view,0.741503,worn_person,0.552900,partial,0.539578,none,0.223720,partial,0.694335,full,0.388671,HIGH_CONF_SUGGESTION,,1,0,,,COREPROV1_0027
SEGCORE1_0029,top,sling,DeepFashion2,../fashion_data/raw/train/train/image/147653.jpg,item3_sling,benchmark/prd_3_1_v1/candidates/segmentation_core_stress_v1/masks/core/top/SEGCORE1_0029.png,benchmark/prd_3_1_v1/candidates/segmentation_core_stress_v1/overlays/core/top/SEGCORE1_0029.jpg,0.01435547,small,PENDING_FINAL_HUMAN_CONFIRMATION,,,,,,unreviewed,partial_view,0.496724,complex_scene,0.286659,none,0.531323,partial,0.145786,partial,0.579677,full,0.159355,HIGH_CONF_SUGGESTION,,1,0,,,COREPROV1_0028
SEGCORE1_0030,top,short_sleeve_top,DeepFashion2,../fashion_data/raw/train/train/image/103900.jpg,item2_short_sleeve_top,benchmark/prd_3_1_v1/candidates/segmentation_core_stress_v1/masks/core/top/SEGCORE1_0030.png,benchmark/prd_3_1_v1/candidates/segmentation_core_stress_v1/overlays/core/top/SEGCORE1_0030.jpg,0.01954259,small,PENDING_FINAL_HUMAN_CONFIRMATION,,,,,,unreviewed,product_display,0.400035,complex_scene,0.056919,partial,0.641102,none,0.367152,partial,0.715866,full,0.431732,REVIEW,LOW_SCENE_CONFIDENCE,1,1,,,COREPROV1_0029
SEGCORE1_0031,top,vest,DeepFashion2,../fashion_data/raw/train/train/image/170129.jpg,item1_vest,benchmark/prd_3_1_v1/candidates/segmentation_core_stress_v1/masks/core/top/SEGCORE1_0031.png,benchmark/prd_3_1_v1/candidates/segmentation_core_stress_v1/overlays/core/top/SEGCORE1_0031.jpg,0.01968750,small,PENDING_FINAL_HUMAN_CONFIRMATION,,,,,,unreviewed,product_display,0.540247,worn_person,0.342200,none,0.409591,partial,0.002557,partial,0.842626,full,0.685253,REVIEW,LOW_OCCLUSION_CONFIDENCE,1,0,,,COREPROV1_0030
SEGCORE1_0032,top,sling,DeepFashion2,../fashion_data/raw/train/train/image/095959.jpg,item1_sling,benchmark/prd_3_1_v1/candidates/segmentation_core_stress_v1/masks/core/top/SEGCORE1_0032.png,benchmark/prd_3_1_v1/candidates/segmentation_core_stress_v1/overlays/core/top/SEGCORE1_0032.jpg,0.77750000,large,PENDING_FINAL_HUMAN_CONFIRMATION,,,,,,unreviewed,worn_person,0.504749,partial_view,0.028018,none,0.489314,partial,0.184047,partial,0.705474,full,0.410948,REVIEW,LOW_SCENE_CONFIDENCE,1,1,,,COREPROV1_0031
SEGCORE1_0033,top,long_sleeve_top,DeepFashion2,../fashion_data/raw/train/train/image/163136.jpg,item2_long_sleeve_top,benchmark/prd_3_1_v1/candidates/segmentation_core_stress_v1/masks/core/top/SEGCORE1_0033.png,benchmark/prd_3_1_v1/candidates/segmentation_core_stress_v1/overlays/core/top/SEGCORE1_0033.jpg,0.07031193,medium,PENDING_FINAL_HUMAN_CONFIRMATION,,,,,,unreviewed,worn_person,0.784117,partial_view,0.603621,partial,0.413228,heavy,0.117921,partial,0.728084,full,0.456168,REVIEW,LOW_OCCLUSION_CONFIDENCE,1,0,,,COREPROV1_0032
SEGCORE1_0034,top,short_sleeve_top,DeepFashion2,../fashion_data/raw/train/train/image/177143.jpg,item1_short_sleeve_top,benchmark/prd_3_1_v1/candidates/segmentation_core_stress_v1/masks/core/top/SEGCORE1_0034.png,benchmark/prd_3_1_v1/candidates/segmentation_core_stress_v1/overlays/core/top/SEGCORE1_0034.jpg,0.40718704,large,PENDING_FINAL_HUMAN_CONFIRMATION,,,,,,unreviewed,worn_person,0.796004,partial_view,0.637799,none,0.548019,partial,0.214221,partial,0.740184,full,0.480367,HIGH_CONF_SUGGESTION,,1,0,,,COREPROV1_0033
SEGCORE1_0035,top,sling,DeepFashion2,../fashion_data/raw/train/train/image/125786.jpg,item2_sling,benchmark/prd_3_1_v1/candidates/segmentation_core_stress_v1/masks/core/top/SEGCORE1_0035.png,benchmark/prd_3_1_v1/candidates/segmentation_core_stress_v1/overlays/core/top/SEGCORE1_0035.jpg,0.02351307,medium,PENDING_FINAL_HUMAN_CONFIRMATION,,,,,,unreviewed,worn_person,0.489742,product_display,0.049444,partial,0.621713,none,0.392141,partial,0.770072,full,0.540144,REVIEW,LOW_SCENE_CONFIDENCE,1,1,,,COREPROV1_0034
SEGCORE1_0036,top,vest,DeepFashion2,../fashion_data/raw/train/train/image/164987.jpg,item1_vest,benchmark/prd_3_1_v1/candidates/segmentation_core_stress_v1/masks/core/top/SEGCORE1_0036.png,benchmark/prd_3_1_v1/candidates/segmentation_core_stress_v1/overlays/core/top/SEGCORE1_0036.jpg,0.04867186,medium,PENDING_FINAL_HUMAN_CONFIRMATION,,,,,,unreviewed,partial_view,0.513314,worn_person,0.180064,partial,0.526506,none,0.258582,partial,0.581946,full,0.163893,HIGH_CONF_SUGGESTION,,1,0,,,COREPROV1_0035
SEGCORE1_0037,top,long_sleeve_top,DeepFashion2,../fashion_data/raw/train/train/image/134988.jpg,item2_long_sleeve_top,benchmark/prd_3_1_v1/candidates/segmentation_core_stress_v1/masks/core/top/SEGCORE1_0037.png,benchmark/prd_3_1_v1/candidates/segmentation_core_stress_v1/overlays/core/top/SEGCORE1_0037.jpg,0.13677734,large,PENDING_FINAL_HUMAN_CONFIRMATION,,,,,,unreviewed,worn_person,0.615632,product_display,0.433789,none,0.432882,partial,0.033230,full,0.652052,partial,0.304104,REVIEW,LOW_OCCLUSION_CONFIDENCE,1,0,,,COREPROV1_0036
SEGCORE1_0038,top,long_sleeve_top,DeepFashion2,../fashion_data/raw/train/train/image/124000.jpg,item2_long_sleeve_top,benchmark/prd_3_1_v1/candidates/segmentation_core_stress_v1/masks/core/top/SEGCORE1_0038.png,benchmark/prd_3_1_v1/candidates/segmentation_core_stress_v1/overlays/core/top/SEGCORE1_0038.jpg,0.01693979,small,PENDING_FINAL_HUMAN_CONFIRMATION,,,,,,unreviewed,worn_person,0.755643,complex_scene,0.655847,partial,0.748496,none,0.591757,partial,0.660180,full,0.320360,HIGH_CONF_SUGGESTION,,1,0,,,COREPROV1_0037
SEGCORE1_0039,top,short_sleeve_top,DeepFashion2,../fashion_data/raw/train/train/image/189034.jpg,item1_short_sleeve_top,benchmark/prd_3_1_v1/candidates/segmentation_core_stress_v1/masks/core/top/SEGCORE1_0039.png,benchmark/prd_3_1_v1/candidates/segmentation_core_stress_v1/overlays/core/top/SEGCORE1_0039.jpg,0.03523659,medium,PENDING_FINAL_HUMAN_CONFIRMATION,,,,,,unreviewed,product_display,0.863017,worn_person,0.782309,partial,0.594123,none,0.272788,partial,0.618014,full,0.236029,HIGH_CONF_SUGGESTION,,1,0,,,COREPROV1_0038
SEGCORE1_0040,top,vest,DeepFashion2,../fashion_data/raw/train/train/image/154454.jpg,item1_vest,benchmark/prd_3_1_v1/candidates/segmentation_core_stress_v1/masks/core/top/SEGCORE1_0040.png,benchmark/prd_3_1_v1/candidates/segmentation_core_stress_v1/overlays/core/top/SEGCORE1_0040.jpg,0.92223929,large,PENDING_FINAL_HUMAN_CONFIRMATION,,,,,,unreviewed,partial_view,0.984404,product_display,0.972989,partial,0.696711,none,0.533523,partial,0.783183,full,0.566366,HIGH_CONF_SUGGESTION,,1,0,,,COREPROV1_0039
SEGCORE1_0041,top,sling,DeepFashion2,../fashion_data/raw/train/train/image/135480.jpg,item1_sling,benchmark/prd_3_1_v1/candidates/segmentation_core_stress_v1/masks/core/top/SEGCORE1_0041.png,benchmark/prd_3_1_v1/candidates/segmentation_core_stress_v1/overlays/core/top/SEGCORE1_0041.jpg,0.01423817,small,PENDING_FINAL_HUMAN_CONFIRMATION,,,,,,unreviewed,worn_person,0.878365,partial_view,0.779855,none,0.454394,partial,0.067396,partial,0.674219,full,0.348439,REVIEW,LOW_OCCLUSION_CONFIDENCE,1,0,,,COREPROV1_0040
SEGCORE1_0042,top,short_sleeve_top,DeepFashion2,../fashion_data/raw/train/train/image/069374.jpg,item1_short_sleeve_top,benchmark/prd_3_1_v1/candidates/segmentation_core_stress_v1/masks/core/top/SEGCORE1_0042.png,benchmark/prd_3_1_v1/candidates/segmentation_core_stress_v1/overlays/core/top/SEGCORE1_0042.jpg,0.01573624,small,PENDING_FINAL_HUMAN_CONFIRMATION,,,,,,unreviewed,worn_person,0.709319,complex_scene,0.545319,none,0.579869,partial,0.367521,partial,0.748026,full,0.496052,HIGH_CONF_SUGGESTION,,1,0,,,COREPROV1_0041
SEGCORE1_0043,top,vest,DeepFashion2,../fashion_data/raw/train/train/image/176527.jpg,item1_vest,benchmark/prd_3_1_v1/candidates/segmentation_core_stress_v1/masks/core/top/SEGCORE1_0043.png,benchmark/prd_3_1_v1/candidates/segmentation_core_stress_v1/overlays/core/top/SEGCORE1_0043.jpg,0.01768984,small,PENDING_FINAL_HUMAN_CONFIRMATION,,,,,,unreviewed,product_display,0.565176,worn_person,0.253375,partial,0.567706,none,0.273947,partial,0.573441,full,0.146882,HIGH_CONF_SUGGESTION,,1,0,,,COREPROV1_0042
SEGCORE1_0044,top,sling,DeepFashion2,../fashion_data/raw/train/train/image/044433.jpg,item1_sling,benchmark/prd_3_1_v1/candidates/segmentation_core_stress_v1/masks/core/top/SEGCORE1_0044.png,benchmark/prd_3_1_v1/candidates/segmentation_core_stress_v1/overlays/core/top/SEGCORE1_0044.jpg,0.11406323,large,PENDING_FINAL_HUMAN_CONFIRMATION,,,,,,unreviewed,product_display,0.487508,worn_person,0.015921,partial,0.431066,none,0.005253,partial,0.741315,full,0.482630,REVIEW,LOW_SCENE_CONFIDENCE|LOW_OCCLUSION_CONFIDENCE,1,1,,,COREPROV1_0043
SEGCORE1_0045,top,long_sleeve_top,DeepFashion2,../fashion_data/raw/train/train/image/179803.jpg,item2_long_sleeve_top,benchmark/prd_3_1_v1/candidates/segmentation_core_stress_v1/masks/core/top/SEGCORE1_0045.png,benchmark/prd_3_1_v1/candidates/segmentation_core_stress_v1/overlays/core/top/SEGCORE1_0045.jpg,0.08641975,medium,PENDING_FINAL_HUMAN_CONFIRMATION,,,,,,unreviewed,worn_person,0.939893,product_display,0.896580,none,0.503853,partial,0.161999,partial,0.575128,full,0.150257,HIGH_CONF_SUGGESTION,,1,0,,,COREPROV1_0044
SEGCORE1_0046,top,short_sleeve_top,DeepFashion2,../fashion_data/raw/train/train/image/135885.jpg,item1_short_sleeve_top,benchmark/prd_3_1_v1/candidates/segmentation_core_stress_v1/masks/core/top/SEGCORE1_0046.png,benchmark/prd_3_1_v1/candidates/segmentation_core_stress_v1/overlays/core/top/SEGCORE1_0046.jpg,0.36304241,large,PENDING_FINAL_HUMAN_CONFIRMATION,,,,,,unreviewed,worn_person,0.868195,partial_view,0.812566,partial,0.578291,none,0.354825,partial,0.614777,full,0.229554,HIGH_CONF_SUGGESTION,,1,0,,,COREPROV1_0045
SEGCORE1_0047,top,sling,DeepFashion2,../fashion_data/raw/train/train/image/037086.jpg,item1_sling,benchmark/prd_3_1_v1/candidates/segmentation_core_stress_v1/masks/core/top/SEGCORE1_0047.png,benchmark/prd_3_1_v1/candidates/segmentation_core_stress_v1/overlays/core/top/SEGCORE1_0047.jpg,0.09057617,medium,HUMAN_PASS,PASS,,,,,unreviewed,partial_view,0.486592,worn_person,0.222116,partial,0.574212,none,0.322474,partial,0.672308,full,0.344615,HIGH_CONF_SUGGESTION,,1,0,,,COREPROV1_0046
SEGCORE1_0048,top,vest,DeepFashion2,../fashion_data/raw/train/train/image/181040.jpg,item1_vest,benchmark/prd_3_1_v1/candidates/segmentation_core_stress_v1/masks/core/top/SEGCORE1_0048.png,benchmark/prd_3_1_v1/candidates/segmentation_core_stress_v1/overlays/core/top/SEGCORE1_0048.jpg,0.03481946,medium,PENDING_FINAL_HUMAN_CONFIRMATION,,,,,,unreviewed,worn_person,0.610365,partial_view,0.363491,partial,0.588198,none,0.300319,partial,0.576270,full,0.152541,HIGH_CONF_SUGGESTION,,1,0,,,COREPROV1_0047
SEGCORE1_0050,top,long_sleeve_top,DeepFashion2,../fashion_data/raw/train/train/image/169170.jpg,item1_long_sleeve_top,benchmark/prd_3_1_v1/candidates/segmentation_core_stress_v1/masks/core/top/SEGCORE1_0050.png,benchmark/prd_3_1_v1/candidates/segmentation_core_stress_v1/overlays/core/top/SEGCORE1_0050.jpg,0.01849112,small,PENDING_FINAL_HUMAN_CONFIRMATION,,,,,,unreviewed,product_display,0.379966,complex_scene,0.098304,partial,0.450611,none,0.007254,partial,0.670737,full,0.341474,REVIEW,LOW_SCENE_CONFIDENCE|LOW_OCCLUSION_CONFIDENCE,1,1,,,COREPROV1_0048
SEGCORE1_0052,top,vest,DeepFashion2,../fashion_data/raw/train/train/image/039931.jpg,item1_vest,benchmark/prd_3_1_v1/candidates/segmentation_core_stress_v1/masks/core/top/SEGCORE1_0052.png,benchmark/prd_3_1_v1/candidates/segmentation_core_stress_v1/overlays/core/top/SEGCORE1_0052.jpg,0.54931641,large,PENDING_FINAL_HUMAN_CONFIRMATION,,,,,,unreviewed,worn_person,0.539940,product_display,0.297381,partial,0.438355,none,0.018608,partial,0.598281,full,0.196561,REVIEW,LOW_OCCLUSION_CONFIDENCE,1,0,,,COREPROV1_0049
SEGCORE1_0054,top,short_sleeve_top,DeepFashion2,../fashion_data/raw/train/train/image/025637.jpg,item2_short_sleeve_top,benchmark/prd_3_1_v1/candidates/segmentation_core_stress_v1/masks/core/top/SEGCORE1_0054.png,benchmark/prd_3_1_v1/candidates/segmentation_core_stress_v1/overlays/core/top/SEGCORE1_0054.jpg,0.01651864,small,PENDING_FINAL_HUMAN_CONFIRMATION,,,,,,unreviewed,worn_person,0.651915,complex_scene,0.470987,none,0.498975,partial,0.126827,partial,0.750997,full,0.501994,HIGH_CONF_SUGGESTION,,1,0,,,COREPROV1_0050
SEGCORE1_0056,pants,shorts,DeepFashion2,../fashion_data/raw/train/train/image/133276.jpg,item2_shorts,benchmark/prd_3_1_v1/candidates/segmentation_core_stress_v1/masks/core/pants/SEGCORE1_0056.png,benchmark/prd_3_1_v1/candidates/segmentation_core_stress_v1/overlays/core/pants/SEGCORE1_0056.jpg,0.25156250,large,PENDING_FINAL_HUMAN_CONFIRMATION,,,,,,unreviewed,partial_view,0.857630,worn_person,0.746244,none,0.523363,partial,0.178808,partial,0.775366,full,0.550733,HIGH_CONF_SUGGESTION,,1,0,,,COREPROV1_0051
SEGCORE1_0057,pants,trousers,DeepFashion2,../fashion_data/raw/train/train/image/061377.jpg,item2_trousers,benchmark/prd_3_1_v1/candidates/segmentation_core_stress_v1/masks/core/pants/SEGCORE1_0057.png,benchmark/prd_3_1_v1/candidates/segmentation_core_stress_v1/overlays/core/pants/SEGCORE1_0057.jpg,0.27245720,large,PENDING_FINAL_HUMAN_CONFIRMATION,,,,,,unreviewed,worn_person,0.679772,product_display,0.446537,partial,0.513972,none,0.210445,full,0.591320,partial,0.182641,HIGH_CONF_SUGGESTION,,1,0,,,COREPROV1_0052
SEGCORE1_0058,pants,shorts,DeepFashion2,../fashion_data/raw/train/train/image/022171.jpg,item2_shorts,benchmark/prd_3_1_v1/candidates/segmentation_core_stress_v1/masks/core/pants/SEGCORE1_0058.png,benchmark/prd_3_1_v1/candidates/segmentation_core_stress_v1/overlays/core/pants/SEGCORE1_0058.jpg,0.01694531,small,PENDING_FINAL_HUMAN_CONFIRMATION,,,,,,unreviewed,product_display,0.936450,worn_person,0.904686,none,0.425305,partial,0.027965,partial,0.684820,full,0.369639,REVIEW,LOW_OCCLUSION_CONFIDENCE,1,0,,,COREPROV1_0053
SEGCORE1_0059,pants,trousers,DeepFashion2,../fashion_data/raw/train/train/image/176387.jpg,item2_trousers,benchmark/prd_3_1_v1/candidates/segmentation_core_stress_v1/masks/core/pants/SEGCORE1_0059.png,benchmark/prd_3_1_v1/candidates/segmentation_core_stress_v1/overlays/core/pants/SEGCORE1_0059.jpg,0.01969697,small,PENDING_FINAL_HUMAN_CONFIRMATION,,,,,,unreviewed,worn_person,0.763766,complex_scene,0.589066,none,0.526666,partial,0.277423,partial,0.802222,full,0.604443,HIGH_CONF_SUGGESTION,,1,0,,,COREPROV1_0054
SEGCORE1_0060,pants,trousers,DeepFashion2,../fashion_data/raw/train/train/image/017444.jpg,item2_trousers,benchmark/prd_3_1_v1/candidates/segmentation_core_stress_v1/masks/core/pants/SEGCORE1_0060.png,benchmark/prd_3_1_v1/candidates/segmentation_core_stress_v1/overlays/core/pants/SEGCORE1_0060.jpg,0.08600427,medium,PENDING_FINAL_HUMAN_CONFIRMATION,,,,,,unreviewed,worn_person,0.623322,partial_view,0.428969,none,0.524676,partial,0.224060,partial,0.500243,full,0.000485,REVIEW,LOW_VISIBILITY_CONFIDENCE,1,0,,,COREPROV1_0055
SEGCORE1_0061,pants,shorts,DeepFashion2,../fashion_data/raw/train/train/image/040842.jpg,item2_shorts,benchmark/prd_3_1_v1/candidates/segmentation_core_stress_v1/masks/core/pants/SEGCORE1_0061.png,benchmark/prd_3_1_v1/candidates/segmentation_core_stress_v1/overlays/core/pants/SEGCORE1_0061.jpg,0.07764706,medium,PENDING_FINAL_HUMAN_CONFIRMATION,,,,,,unreviewed,worn_person,0.638876,product_display,0.464267,partial,0.599383,none,0.341503,partial,0.600936,full,0.201871,HIGH_CONF_SUGGESTION,,1,0,,,COREPROV1_0056
SEGCORE1_0062,pants,shorts,DeepFashion2,../fashion_data/raw/train/train/image/075048.jpg,item2_shorts,benchmark/prd_3_1_v1/candidates/segmentation_core_stress_v1/masks/core/pants/SEGCORE1_0062.png,benchmark/prd_3_1_v1/candidates/segmentation_core_stress_v1/overlays/core/pants/SEGCORE1_0062.jpg,0.47335857,large,PENDING_FINAL_HUMAN_CONFIRMATION,,,,,,unreviewed,partial_view,0.988033,product_display,0.980984,none,0.459682,heavy,0.116882,partial,0.731144,full,0.462287,HIGH_CONF_SUGGESTION,,1,0,,,COREPROV1_0057
SEGCORE1_0063,pants,trousers,DeepFashion2,../fashion_data/raw/train/train/image/034749.jpg,item2_trousers,benchmark/prd_3_1_v1/candidates/segmentation_core_stress_v1/masks/core/pants/SEGCORE1_0063.png,benchmark/prd_3_1_v1/candidates/segmentation_core_stress_v1/overlays/core/pants/SEGCORE1_0063.jpg,0.20059019,large,PENDING_FINAL_HUMAN_CONFIRMATION,,,,,,unreviewed,worn_person,0.425973,partial_view,0.017858,none,0.453541,partial,0.062087,partial,0.653184,full,0.306367,REVIEW,LOW_SCENE_CONFIDENCE|LOW_OCCLUSION_CONFIDENCE,1,1,,,COREPROV1_0058
SEGCORE1_0064,pants,shorts,DeepFashion2,../fashion_data/raw/train/train/image/152851.jpg,item1_shorts,benchmark/prd_3_1_v1/candidates/segmentation_core_stress_v1/masks/core/pants/SEGCORE1_0064.png,benchmark/prd_3_1_v1/candidates/segmentation_core_stress_v1/overlays/core/pants/SEGCORE1_0064.jpg,0.01180749,small,PENDING_FINAL_HUMAN_CONFIRMATION,,,,,,unreviewed,product_display,0.820495,worn_person,0.652561,none,0.561120,partial,0.292407,partial,0.725216,full,0.450433,HIGH_CONF_SUGGESTION,,1,0,,,COREPROV1_0059
SEGCORE1_0065,pants,trousers,DeepFashion2,../fashion_data/raw/train/train/image/123996.jpg,item1_trousers,benchmark/prd_3_1_v1/candidates/segmentation_core_stress_v1/masks/core/pants/SEGCORE1_0065.png,benchmark/prd_3_1_v1/candidates/segmentation_core_stress_v1/overlays/core/pants/SEGCORE1_0065.jpg,0.01754930,small,PENDING_FINAL_HUMAN_CONFIRMATION,,,,,,unreviewed,worn_person,0.852724,complex_scene,0.758995,partial,0.494570,none,0.101218,partial,0.693361,full,0.386722,HIGH_CONF_SUGGESTION,,1,0,,,COREPROV1_0060
SEGCORE1_0066,pants,trousers,DeepFashion2,../fashion_data/raw/train/train/image/125522.jpg,item2_trousers,benchmark/prd_3_1_v1/candidates/segmentation_core_stress_v1/masks/core/pants/SEGCORE1_0066.png,benchmark/prd_3_1_v1/candidates/segmentation_core_stress_v1/overlays/core/pants/SEGCORE1_0066.jpg,0.08700509,medium,PENDING_FINAL_HUMAN_CONFIRMATION,,,,,,unreviewed,worn_person,0.894997,partial_view,0.846961,none,0.456746,partial,0.088706,partial,0.554555,full,0.109110,HIGH_CONF_SUGGESTION,,1,0,,,COREPROV1_0061
SEGCORE1_0067,pants,shorts,DeepFashion2,../fashion_data/raw/train/train/image/094080.jpg,item1_shorts,benchmark/prd_3_1_v1/candidates/segmentation_core_stress_v1/masks/core/pants/SEGCORE1_0067.png,benchmark/prd_3_1_v1/candidates/segmentation_core_stress_v1/overlays/core/pants/SEGCORE1_0067.jpg,0.09236654,medium,PENDING_FINAL_HUMAN_CONFIRMATION,,,,,,unreviewed,product_display,0.561287,worn_person,0.329154,partial,0.608651,none,0.326520,partial,0.673340,full,0.346680,HIGH_CONF_SUGGESTION,,1,0,,,COREPROV1_0062
SEGCORE1_0068,pants,shorts,DeepFashion2,../fashion_data/raw/train/train/image/029778.jpg,item2_shorts,benchmark/prd_3_1_v1/candidates/segmentation_core_stress_v1/masks/core/pants/SEGCORE1_0068.png,benchmark/prd_3_1_v1/candidates/segmentation_core_stress_v1/overlays/core/pants/SEGCORE1_0068.jpg,0.13252500,large,PENDING_FINAL_HUMAN_CONFIRMATION,,,,,,unreviewed,worn_person,0.873951,partial_view,0.776370,none,0.499732,partial,0.222708,partial,0.608595,full,0.217190,HIGH_CONF_SUGGESTION,,1,0,,,COREPROV1_0063
SEGCORE1_0069,pants,trousers,DeepFashion2,../fashion_data/raw/train/train/image/084796.jpg,item1_trousers,benchmark/prd_3_1_v1/candidates/segmentation_core_stress_v1/masks/core/pants/SEGCORE1_0069.png,benchmark/prd_3_1_v1/candidates/segmentation_core_stress_v1/overlays/core/pants/SEGCORE1_0069.jpg,0.38639194,large,PENDING_FINAL_HUMAN_CONFIRMATION,,,,,,unreviewed,worn_person,0.757273,partial_view,0.519837,none,0.496250,partial,0.229818,full,0.604129,partial,0.208258,HIGH_CONF_SUGGESTION,,1,0,,,COREPROV1_0064
SEGCORE1_0070,pants,shorts,DeepFashion2,../fashion_data/raw/train/train/image/009347.jpg,item3_shorts,benchmark/prd_3_1_v1/candidates/segmentation_core_stress_v1/masks/core/pants/SEGCORE1_0070.png,benchmark/prd_3_1_v1/candidates/segmentation_core_stress_v1/overlays/core/pants/SEGCORE1_0070.jpg,0.00643595,small,PENDING_FINAL_HUMAN_CONFIRMATION,,,,,,unreviewed,worn_person,0.562746,product_display,0.261709,none,0.565542,partial,0.289297,partial,0.668797,full,0.337595,HIGH_CONF_SUGGESTION,,1,0,,,COREPROV1_0065
SEGCORE1_0071,pants,trousers,DeepFashion2,../fashion_data/raw/train/train/image/097372.jpg,item1_trousers,benchmark/prd_3_1_v1/candidates/segmentation_core_stress_v1/masks/core/pants/SEGCORE1_0071.png,benchmark/prd_3_1_v1/candidates/segmentation_core_stress_v1/overlays/core/pants/SEGCORE1_0071.jpg,0.01985137,small,PENDING_FINAL_HUMAN_CONFIRMATION,,,,,,unreviewed,worn_person,0.794057,complex_scene,0.698850,none,0.452887,partial,0.079897,partial,0.531643,full,0.063286,REVIEW,LOW_OCCLUSION_CONFIDENCE|LOW_VISIBILITY_CONFIDENCE,1,0,,,COREPROV1_0066
SEGCORE1_0072,pants,trousers,DeepFashion2,../fashion_data/raw/train/train/image/017043.jpg,item2_trousers,benchmark/prd_3_1_v1/candidates/segmentation_core_stress_v1/masks/core/pants/SEGCORE1_0072.png,benchmark/prd_3_1_v1/candidates/segmentation_core_stress_v1/overlays/core/pants/SEGCORE1_0072.jpg,0.08803875,medium,PENDING_FINAL_HUMAN_CONFIRMATION,,,,,,unreviewed,worn_person,0.447464,product_display,0.196834,partial,0.420290,none,0.026547,full,0.547585,partial,0.095169,REVIEW,LOW_OCCLUSION_CONFIDENCE,1,0,,,COREPROV1_0067
SEGCORE1_0073,pants,shorts,DeepFashion2,../fashion_data/raw/train/train/image/139827.jpg,item2_shorts,benchmark/prd_3_1_v1/candidates/segmentation_core_stress_v1/masks/core/pants/SEGCORE1_0073.png,benchmark/prd_3_1_v1/candidates/segmentation_core_stress_v1/overlays/core/pants/SEGCORE1_0073.jpg,0.05700846,medium,PENDING_FINAL_HUMAN_CONFIRMATION,,,,,,unreviewed,worn_person,0.565840,product_display,0.180477,none,0.612530,partial,0.397580,partial,0.617569,full,0.235138,HIGH_CONF_SUGGESTION,,1,0,,,COREPROV1_0068
SEGCORE1_0074,pants,shorts,DeepFashion2,../fashion_data/raw/train/train/image/002606.jpg,item1_shorts,benchmark/prd_3_1_v1/candidates/segmentation_core_stress_v1/masks/core/pants/SEGCORE1_0074.png,benchmark/prd_3_1_v1/candidates/segmentation_core_stress_v1/overlays/core/pants/SEGCORE1_0074.jpg,0.10123891,large,PENDING_FINAL_HUMAN_CONFIRMATION,,,,,,unreviewed,worn_person,0.756001,partial_view,0.595592,none,0.497778,partial,0.144556,full,0.534665,partial,0.069329,REVIEW,LOW_VISIBILITY_CONFIDENCE,1,0,,,COREPROV1_0069
SEGCORE1_0075,pants,trousers,DeepFashion2,../fashion_data/raw/train/train/image/080011.jpg,item1_trousers,benchmark/prd_3_1_v1/candidates/segmentation_core_stress_v1/masks/core/pants/SEGCORE1_0075.png,benchmark/prd_3_1_v1/candidates/segmentation_core_stress_v1/overlays/core/pants/SEGCORE1_0075.jpg,0.19340007,large,PENDING_FINAL_HUMAN_CONFIRMATION,,,,,,unreviewed,worn_person,0.540459,product_display,0.282325,partial,0.457287,none,0.101876,partial,0.585594,full,0.171187,HIGH_CONF_SUGGESTION,,1,0,,,COREPROV1_0070
SEGCORE1_0076,pants,shorts,DeepFashion2,../fashion_data/raw/train/train/image/150634.jpg,item4_shorts,benchmark/prd_3_1_v1/candidates/segmentation_core_stress_v1/masks/core/pants/SEGCORE1_0076.png,benchmark/prd_3_1_v1/candidates/segmentation_core_stress_v1/overlays/core/pants/SEGCORE1_0076.jpg,0.01986217,small,PENDING_FINAL_HUMAN_CONFIRMATION,,,,,,unreviewed,product_display,0.630957,worn_person,0.357801,none,0.659420,partial,0.413639,partial,0.732726,full,0.465452,HIGH_CONF_SUGGESTION,,1,0,,,COREPROV1_0071
SEGCORE1_0077,pants,trousers,DeepFashion2,../fashion_data/raw/train/train/image/119825.jpg,item4_trousers,benchmark/prd_3_1_v1/candidates/segmentation_core_stress_v1/masks/core/pants/SEGCORE1_0077.png,benchmark/prd_3_1_v1/candidates/segmentation_core_stress_v1/overlays/core/pants/SEGCORE1_0077.jpg,0.01700253,small,PENDING_FINAL_HUMAN_CONFIRMATION,,,,,,unreviewed,worn_person,0.575021,product_display,0.227215,none,0.521269,partial,0.200923,partial,0.665763,full,0.331526,HIGH_CONF_SUGGESTION,,1,0,,,COREPROV1_0072
SEGCORE1_0078,pants,trousers,DeepFashion2,../fashion_data/raw/train/train/image/187488.jpg,item2_trousers,benchmark/prd_3_1_v1/candidates/segmentation_core_stress_v1/masks/core/pants/SEGCORE1_0078.png,benchmark/prd_3_1_v1/candidates/segmentation_core_stress_v1/overlays/core/pants/SEGCORE1_0078.jpg,0.09693577,medium,PENDING_FINAL_HUMAN_CONFIRMATION,,,,,,unreviewed,product_display,0.508856,worn_person,0.065906,partial,0.474128,none,0.036630,partial,0.547740,full,0.095479,REVIEW,LOW_SCENE_CONFIDENCE|LOW_OCCLUSION_CONFIDENCE,1,1,,,COREPROV1_0073
SEGCORE1_0079,pants,shorts,DeepFashion2,../fashion_data/raw/train/train/image/165686.jpg,item2_shorts,benchmark/prd_3_1_v1/candidates/segmentation_core_stress_v1/masks/core/pants/SEGCORE1_0079.png,benchmark/prd_3_1_v1/candidates/segmentation_core_stress_v1/overlays/core/pants/SEGCORE1_0079.jpg,0.03421084,medium,PENDING_FINAL_HUMAN_CONFIRMATION,,,,,,unreviewed,product_display,0.735933,worn_person,0.526599,partial,0.503324,none,0.162709,partial,0.733172,full,0.466345,HIGH_CONF_SUGGESTION,,1,0,,,COREPROV1_0074
SEGCORE1_0080,pants,shorts,DeepFashion2,../fashion_data/raw/train/train/image/145247.jpg,item1_shorts,benchmark/prd_3_1_v1/candidates/segmentation_core_stress_v1/masks/core/pants/SEGCORE1_0080.png,benchmark/prd_3_1_v1/candidates/segmentation_core_stress_v1/overlays/core/pants/SEGCORE1_0080.jpg,0.81903563,large,PENDING_FINAL_HUMAN_CONFIRMATION,,,,,,unreviewed,partial_view,0.991823,worn_person,0.986519,partial,0.635080,heavy,0.428304,partial,0.700642,full,0.401283,HIGH_CONF_SUGGESTION,,1,0,,,COREPROV1_0075
SEGCORE1_0081,pants,trousers,DeepFashion2,../fashion_data/raw/train/train/image/013530.jpg,item1_trousers,benchmark/prd_3_1_v1/candidates/segmentation_core_stress_v1/masks/core/pants/SEGCORE1_0081.png,benchmark/prd_3_1_v1/candidates/segmentation_core_stress_v1/overlays/core/pants/SEGCORE1_0081.jpg,0.34392578,large,PENDING_FINAL_HUMAN_CONFIRMATION,,,,,,unreviewed,partial_view,0.394178,product_display,0.047420,partial,0.448141,none,0.039209,partial,0.647836,full,0.295672,REVIEW,LOW_SCENE_CONFIDENCE|LOW_OCCLUSION_CONFIDENCE,1,1,,,COREPROV1_0076
SEGCORE1_0082,pants,shorts,DeepFashion2,../fashion_data/raw/train/train/image/026481.jpg,item2_shorts,benchmark/prd_3_1_v1/candidates/segmentation_core_stress_v1/masks/core/pants/SEGCORE1_0082.png,benchmark/prd_3_1_v1/candidates/segmentation_core_stress_v1/overlays/core/pants/SEGCORE1_0082.jpg,0.01816385,small,PENDING_FINAL_HUMAN_CONFIRMATION,,,,,,unreviewed,product_display,0.497021,worn_person,0.049628,none,0.474605,partial,0.093315,partial,0.638827,full,0.277654,REVIEW,LOW_SCENE_CONFIDENCE,1,1,,,COREPROV1_0077
SEGCORE1_0083,pants,trousers,DeepFashion2,../fashion_data/raw/train/train/image/178531.jpg,item2_trousers,benchmark/prd_3_1_v1/candidates/segmentation_core_stress_v1/masks/core/pants/SEGCORE1_0083.png,benchmark/prd_3_1_v1/candidates/segmentation_core_stress_v1/overlays/core/pants/SEGCORE1_0083.jpg,0.01151929,small,PENDING_FINAL_HUMAN_CONFIRMATION,,,,,,unreviewed,worn_person,0.849576,partial_view,0.769273,none,0.538739,partial,0.252051,partial,0.765986,full,0.531972,HIGH_CONF_SUGGESTION,,1,0,,,COREPROV1_0078
SEGCORE1_0084,pants,trousers,DeepFashion2,../fashion_data/raw/train/train/image/173516.jpg,item2_trousers,benchmark/prd_3_1_v1/candidates/segmentation_core_stress_v1/masks/core/pants/SEGCORE1_0084.png,benchmark/prd_3_1_v1/candidates/segmentation_core_stress_v1/overlays/core/pants/SEGCORE1_0084.jpg,0.06479751,medium,PENDING_FINAL_HUMAN_CONFIRMATION,,,,,,unreviewed,worn_person,0.890611,product_display,0.839137,none,0.437344,partial,0.075174,partial,0.653641,full,0.307283,REVIEW,LOW_OCCLUSION_CONFIDENCE,1,0,,,COREPROV1_0079
SEGCORE1_0085,pants,shorts,DeepFashion2,../fashion_data/raw/train/train/image/002356.jpg,item2_shorts,benchmark/prd_3_1_v1/candidates/segmentation_core_stress_v1/masks/core/pants/SEGCORE1_0085.png,benchmark/prd_3_1_v1/candidates/segmentation_core_stress_v1/overlays/core/pants/SEGCORE1_0085.jpg,0.03183105,medium,PENDING_FINAL_HUMAN_CONFIRMATION,,,,,,unreviewed,worn_person,0.889669,partial_view,0.841456,none,0.506671,heavy,0.208840,partial,0.614749,full,0.229497,HIGH_CONF_SUGGESTION,,1,0,,,COREPROV1_0080
SEGCORE1_0086,pants,shorts,DeepFashion2,../fashion_data/raw/train/train/image/105675.jpg,item2_shorts,benchmark/prd_3_1_v1/candidates/segmentation_core_stress_v1/masks/core/pants/SEGCORE1_0086.png,benchmark/prd_3_1_v1/candidates/segmentation_core_stress_v1/overlays/core/pants/SEGCORE1_0086.jpg,0.42321085,large,PENDING_FINAL_HUMAN_CONFIRMATION,,,,,,unreviewed,product_display,0.662753,partial_view,0.382853,partial,0.427841,none,0.073818,full,0.506237,partial,0.012474,REVIEW,LOW_OCCLUSION_CONFIDENCE|LOW_VISIBILITY_CONFIDENCE,1,0,,,COREPROV1_0081
SEGCORE1_0087,pants,trousers,DeepFashion2,../fashion_data/raw/train/train/image/191328.jpg,item1_trousers,benchmark/prd_3_1_v1/candidates/segmentation_core_stress_v1/masks/core/pants/SEGCORE1_0087.png,benchmark/prd_3_1_v1/candidates/segmentation_core_stress_v1/overlays/core/pants/SEGCORE1_0087.jpg,0.30727111,large,PENDING_FINAL_HUMAN_CONFIRMATION,,,,,,unreviewed,partial_view,0.908759,product_display,0.856916,partial,0.519780,none,0.183509,partial,0.538363,full,0.076726,REVIEW,LOW_VISIBILITY_CONFIDENCE,1,0,,,COREPROV1_0082
SEGCORE1_0088,pants,shorts,DeepFashion2,../fashion_data/raw/train/train/image/125781.jpg,item2_shorts,benchmark/prd_3_1_v1/candidates/segmentation_core_stress_v1/masks/core/pants/SEGCORE1_0088.png,benchmark/prd_3_1_v1/candidates/segmentation_core_stress_v1/overlays/core/pants/SEGCORE1_0088.jpg,0.01957160,small,PENDING_FINAL_HUMAN_CONFIRMATION,,,,,,unreviewed,worn_person,0.606122,product_display,0.302891,partial,0.517463,none,0.163739,partial,0.710601,full,0.421203,HIGH_CONF_SUGGESTION,,1,0,,,COREPROV1_0083
SEGCORE1_0089,pants,trousers,DeepFashion2,../fashion_data/raw/train/train/image/011155.jpg,item3_trousers,benchmark/prd_3_1_v1/candidates/segmentation_core_stress_v1/masks/core/pants/SEGCORE1_0089.png,benchmark/prd_3_1_v1/candidates/segmentation_core_stress_v1/overlays/core/pants/SEGCORE1_0089.jpg,0.01533930,small,PENDING_FINAL_HUMAN_CONFIRMATION,,,,,,unreviewed,complex_scene,0.360135,worn_person,0.022854,partial,0.608205,none,0.374483,full,0.656320,partial,0.312640,REVIEW,LOW_SCENE_CONFIDENCE,1,1,,,COREPROV1_0084
SEGCORE1_0090,pants,trousers,DeepFashion2,../fashion_data/raw/train/train/image/185467.jpg,item2_trousers,benchmark/prd_3_1_v1/candidates/segmentation_core_stress_v1/masks/core/pants/SEGCORE1_0090.png,benchmark/prd_3_1_v1/candidates/segmentation_core_stress_v1/overlays/core/pants/SEGCORE1_0090.jpg,0.04448789,medium,PENDING_FINAL_HUMAN_CONFIRMATION,,,,,,unreviewed,worn_person,0.556026,product_display,0.178063,none,0.632501,partial,0.444279,partial,0.750481,full,0.500961,HIGH_CONF_SUGGESTION,,1,0,,,COREPROV1_0085
SEGCORE1_0091,pants,shorts,DeepFashion2,../fashion_data/raw/train/train/image/015729.jpg,item2_shorts,benchmark/prd_3_1_v1/candidates/segmentation_core_stress_v1/masks/core/pants/SEGCORE1_0091.png,benchmark/prd_3_1_v1/candidates/segmentation_core_stress_v1/overlays/core/pants/SEGCORE1_0091.jpg,0.05572666,medium,HUMAN_PASS,PASS,,,,,unreviewed,product_display,0.567768,worn_person,0.211415,none,0.474444,partial,0.153410,partial,0.629642,full,0.259285,HIGH_CONF_SUGGESTION,,1,0,,,COREPROV1_0086
SEGCORE1_0092,pants,shorts,DeepFashion2,../fashion_data/raw/train/train/image/003346.jpg,item2_shorts,benchmark/prd_3_1_v1/candidates/segmentation_core_stress_v1/masks/core/pants/SEGCORE1_0092.png,benchmark/prd_3_1_v1/candidates/segmentation_core_stress_v1/overlays/core/pants/SEGCORE1_0092.jpg,0.12435446,large,PENDING_FINAL_HUMAN_CONFIRMATION,,,,,,unreviewed,worn_person,0.505591,product_display,0.136545,none,0.536746,partial,0.213436,partial,0.807188,full,0.614377,HIGH_CONF_SUGGESTION,,1,0,,,COREPROV1_0087
SEGCORE1_0093,pants,trousers,DeepFashion2,../fashion_data/raw/train/train/image/088496.jpg,item2_trousers,benchmark/prd_3_1_v1/candidates/segmentation_core_stress_v1/masks/core/pants/SEGCORE1_0093.png,benchmark/prd_3_1_v1/candidates/segmentation_core_stress_v1/overlays/core/pants/SEGCORE1_0093.jpg,0.18322497,large,PENDING_FINAL_HUMAN_CONFIRMATION,,,,,,unreviewed,partial_view,0.480948,worn_person,0.189655,partial,0.450253,none,0.101318,partial,0.774579,full,0.549158,HIGH_CONF_SUGGESTION,,1,0,,,COREPROV1_0088
SEGCORE1_0094,pants,shorts,DeepFashion2,../fashion_data/raw/train/train/image/046633.jpg,item2_shorts,benchmark/prd_3_1_v1/candidates/segmentation_core_stress_v1/masks/core/pants/SEGCORE1_0094.png,benchmark/prd_3_1_v1/candidates/segmentation_core_stress_v1/overlays/core/pants/SEGCORE1_0094.jpg,0.01895833,small,PENDING_FINAL_HUMAN_CONFIRMATION,,,,,,unreviewed,worn_person,0.955201,product_display,0.931517,partial,0.508492,none,0.131019,partial,0.580369,full,0.160738,HIGH_CONF_SUGGESTION,,1,0,,,COREPROV1_0089
SEGCORE1_0095,pants,trousers,DeepFashion2,../fashion_data/raw/train/train/image/019502.jpg,item4_trousers,benchmark/prd_3_1_v1/candidates/segmentation_core_stress_v1/masks/core/pants/SEGCORE1_0095.png,benchmark/prd_3_1_v1/candidates/segmentation_core_stress_v1/overlays/core/pants/SEGCORE1_0095.jpg,0.01013739,small,PENDING_FINAL_HUMAN_CONFIRMATION,,,,,,unreviewed,worn_person,0.975439,partial_view,0.965822,none,0.512779,partial,0.158273,full,0.569018,partial,0.138036,HIGH_CONF_SUGGESTION,,1,0,,,COREPROV1_0090
SEGCORE1_0096,pants,trousers,DeepFashion2,../fashion_data/raw/train/train/image/130980.jpg,item2_trousers,benchmark/prd_3_1_v1/candidates/segmentation_core_stress_v1/masks/core/pants/SEGCORE1_0096.png,benchmark/prd_3_1_v1/candidates/segmentation_core_stress_v1/overlays/core/pants/SEGCORE1_0096.jpg,0.06585666,medium,PENDING_FINAL_HUMAN_CONFIRMATION,,,,,,unreviewed,worn_person,0.875759,product_display,0.804716,none,0.581219,partial,0.361629,full,0.542785,partial,0.085570,HIGH_CONF_SUGGESTION,,1,0,,,COREPROV1_0091
SEGCORE1_0097,pants,shorts,DeepFashion2,../fashion_data/raw/train/train/image/031100.jpg,item2_shorts,benchmark/prd_3_1_v1/candidates/segmentation_core_stress_v1/masks/core/pants/SEGCORE1_0097.png,benchmark/prd_3_1_v1/candidates/segmentation_core_stress_v1/overlays/core/pants/SEGCORE1_0097.jpg,0.09252951,medium,PENDING_FINAL_HUMAN_CONFIRMATION,,,,,,unreviewed,worn_person,0.833560,partial_view,0.735707,partial,0.590848,none,0.322972,partial,0.722227,full,0.444454,HIGH_CONF_SUGGESTION,,1,0,,,COREPROV1_0092
SEGCORE1_0099,pants,trousers,DeepFashion2,../fashion_data/raw/train/train/image/032283.jpg,item1_trousers,benchmark/prd_3_1_v1/candidates/segmentation_core_stress_v1/masks/core/pants/SEGCORE1_0099.png,benchmark/prd_3_1_v1/candidates/segmentation_core_stress_v1/overlays/core/pants/SEGCORE1_0099.jpg,0.13162055,large,PENDING_FINAL_HUMAN_CONFIRMATION,,,,,,unreviewed,worn_person,0.455997,partial_view,0.138708,none,0.543159,partial,0.222751,partial,0.640383,full,0.280766,HIGH_CONF_SUGGESTION,,1,0,,,COREPROV1_0093
SEGCORE1_0100,pants,shorts,DeepFashion2,../fashion_data/raw/train/train/image/155942.jpg,item2_shorts,benchmark/prd_3_1_v1/candidates/segmentation_core_stress_v1/masks/core/pants/SEGCORE1_0100.png,benchmark/prd_3_1_v1/candidates/segmentation_core_stress_v1/overlays/core/pants/SEGCORE1_0100.jpg,0.01944025,small,PENDING_FINAL_HUMAN_CONFIRMATION,,,,,,unreviewed,worn_person,0.662000,product_display,0.445747,partial,0.495283,none,0.129350,partial,0.675951,full,0.351901,HIGH_CONF_SUGGESTION,,1,0,,,COREPROV1_0094
SEGCORE1_0101,pants,trousers,DeepFashion2,../fashion_data/raw/train/train/image/020193.jpg,item2_trousers,benchmark/prd_3_1_v1/candidates/segmentation_core_stress_v1/masks/core/pants/SEGCORE1_0101.png,benchmark/prd_3_1_v1/candidates/segmentation_core_stress_v1/overlays/core/pants/SEGCORE1_0101.jpg,0.01638177,small,PENDING_FINAL_HUMAN_CONFIRMATION,,,,,,unreviewed,worn_person,0.954068,complex_scene,0.919700,partial,0.463231,none,0.021558,partial,0.539219,full,0.078438,REVIEW,LOW_OCCLUSION_CONFIDENCE|LOW_VISIBILITY_CONFIDENCE,1,0,,,COREPROV1_0095
SEGCORE1_0102,pants,trousers,DeepFashion2,../fashion_data/raw/train/train/image/163902.jpg,item2_trousers,benchmark/prd_3_1_v1/candidates/segmentation_core_stress_v1/masks/core/pants/SEGCORE1_0102.png,benchmark/prd_3_1_v1/candidates/segmentation_core_stress_v1/overlays/core/pants/SEGCORE1_0102.jpg,0.09545898,medium,PENDING_FINAL_HUMAN_CONFIRMATION,,,,,,unreviewed,worn_person,0.977143,partial_view,0.964737,partial,0.477647,none,0.133256,full,0.649045,partial,0.298091,HIGH_CONF_SUGGESTION,,1,0,,,COREPROV1_0096
SEGCORE1_0103,pants,shorts,DeepFashion2,../fashion_data/raw/train/train/image/158869.jpg,item2_shorts,benchmark/prd_3_1_v1/candidates/segmentation_core_stress_v1/masks/core/pants/SEGCORE1_0103.png,benchmark/prd_3_1_v1/candidates/segmentation_core_stress_v1/overlays/core/pants/SEGCORE1_0103.jpg,0.07465714,medium,PENDING_FINAL_HUMAN_CONFIRMATION,,,,,,unreviewed,product_display,0.486509,worn_person,0.178630,partial,0.454186,none,0.122363,partial,0.591261,full,0.182523,HIGH_CONF_SUGGESTION,,1,0,,,COREPROV1_0097
SEGCORE1_0104,pants,shorts,DeepFashion2,../fashion_data/raw/train/train/image/101001.jpg,item1_shorts,benchmark/prd_3_1_v1/candidates/segmentation_core_stress_v1/masks/core/pants/SEGCORE1_0104.png,benchmark/prd_3_1_v1/candidates/segmentation_core_stress_v1/overlays/core/pants/SEGCORE1_0104.jpg,0.18737010,large,PENDING_FINAL_HUMAN_CONFIRMATION,,,,,,unreviewed,worn_person,0.842615,product_display,0.761120,none,0.462565,partial,0.080757,partial,0.621434,full,0.242868,HIGH_CONF_SUGGESTION,,1,0,,,COREPROV1_0098
SEGCORE1_0105,pants,trousers,DeepFashion2,../fashion_data/raw/train/train/image/009613.jpg,item1_trousers,benchmark/prd_3_1_v1/candidates/segmentation_core_stress_v1/masks/core/pants/SEGCORE1_0105.png,benchmark/prd_3_1_v1/candidates/segmentation_core_stress_v1/overlays/core/pants/SEGCORE1_0105.jpg,0.17078311,large,PENDING_FINAL_HUMAN_CONFIRMATION,,,,,,unreviewed,worn_person,0.681503,product_display,0.484799,partial,0.521672,none,0.155873,partial,0.705524,full,0.411047,HIGH_CONF_SUGGESTION,,1,0,,,COREPROV1_0099
SEGCORE1_0106,pants,shorts,DeepFashion2,../fashion_data/raw/train/train/image/155150.jpg,item2_shorts,benchmark/prd_3_1_v1/candidates/segmentation_core_stress_v1/masks/core/pants/SEGCORE1_0106.png,benchmark/prd_3_1_v1/candidates/segmentation_core_stress_v1/overlays/core/pants/SEGCORE1_0106.jpg,0.01709474,small,PENDING_FINAL_HUMAN_CONFIRMATION,,,,,,unreviewed,worn_person,0.491625,product_display,0.032442,partial,0.701392,none,0.541906,partial,0.711598,full,0.423197,REVIEW,LOW_SCENE_CONFIDENCE,1,1,,,COREPROV1_0100
SEGCORE1_0111,skirt,skirt,DeepFashion2,../fashion_data/raw/train/train/image/069587.jpg,item1_skirt,benchmark/prd_3_1_v1/candidates/segmentation_core_stress_v1/masks/core/skirt/SEGCORE1_0111.png,benchmark/prd_3_1_v1/candidates/segmentation_core_stress_v1/overlays/core/skirt/SEGCORE1_0111.jpg,0.03294616,medium,PENDING_FINAL_HUMAN_CONFIRMATION,,,,,,unreviewed,worn_person,0.623580,product_display,0.358894,none,0.558693,partial,0.315654,partial,0.534659,full,0.069318,REVIEW,LOW_VISIBILITY_CONFIDENCE,1,0,,,COREPROV1_0101
SEGCORE1_0112,skirt,skirt,DeepFashion2,../fashion_data/raw/train/train/image/072874.jpg,item2_skirt,benchmark/prd_3_1_v1/candidates/segmentation_core_stress_v1/masks/core/skirt/SEGCORE1_0112.png,benchmark/prd_3_1_v1/candidates/segmentation_core_stress_v1/overlays/core/skirt/SEGCORE1_0112.jpg,0.01679816,small,PENDING_FINAL_HUMAN_CONFIRMATION,,,,,,unreviewed,worn_person,0.393423,complex_scene,0.088843,none,0.541873,partial,0.188877,partial,0.741818,full,0.483635,REVIEW,LOW_SCENE_CONFIDENCE,1,1,,,COREPROV1_0102
SEGCORE1_0113,skirt,skirt,DeepFashion2,../fashion_data/raw/train/train/image/131577.jpg,item2_skirt,benchmark/prd_3_1_v1/candidates/segmentation_core_stress_v1/masks/core/skirt/SEGCORE1_0113.png,benchmark/prd_3_1_v1/candidates/segmentation_core_stress_v1/overlays/core/skirt/SEGCORE1_0113.jpg,0.20275964,large,PENDING_FINAL_HUMAN_CONFIRMATION,,,,,,unreviewed,partial_view,0.622918,worn_person,0.406486,none,0.489242,partial,0.163586,partial,0.745411,full,0.490821,HIGH_CONF_SUGGESTION,,1,0,,,COREPROV1_0103
SEGCORE1_0114,skirt,skirt,DeepFashion2,../fashion_data/raw/train/train/image/124376.jpg,item2_skirt,benchmark/prd_3_1_v1/candidates/segmentation_core_stress_v1/masks/core/skirt/SEGCORE1_0114.png,benchmark/prd_3_1_v1/candidates/segmentation_core_stress_v1/overlays/core/skirt/SEGCORE1_0114.jpg,0.05812328,medium,PENDING_FINAL_HUMAN_CONFIRMATION,,,,,,unreviewed,worn_person,0.527401,partial_view,0.084013,none,0.460178,partial,0.069014,partial,0.586359,full,0.172718,REVIEW,LOW_OCCLUSION_CONFIDENCE,1,0,,,COREPROV1_0104
SEGCORE1_0115,skirt,skirt,DeepFashion2,../fashion_data/raw/train/train/image/068996.jpg,item2_skirt,benchmark/prd_3_1_v1/candidates/segmentation_core_stress_v1/masks/core/skirt/SEGCORE1_0115.png,benchmark/prd_3_1_v1/candidates/segmentation_core_stress_v1/overlays/core/skirt/SEGCORE1_0115.jpg,0.01949786,small,PENDING_FINAL_HUMAN_CONFIRMATION,,,,,,unreviewed,worn_person,0.541915,product_display,0.211863,none,0.477708,partial,0.084080,partial,0.713005,full,0.426010,HIGH_CONF_SUGGESTION,,1,0,,,COREPROV1_0105
SEGCORE1_0116,skirt,skirt,DeepFashion2,../fashion_data/raw/train/train/image/051038.jpg,item2_skirt,benchmark/prd_3_1_v1/candidates/segmentation_core_stress_v1/masks/core/skirt/SEGCORE1_0116.png,benchmark/prd_3_1_v1/candidates/segmentation_core_stress_v1/overlays/core/skirt/SEGCORE1_0116.jpg,0.53154943,large,PENDING_FINAL_HUMAN_CONFIRMATION,,,,,,unreviewed,worn_person,0.561688,partial_view,0.147605,partial,0.511959,none,0.254851,partial,0.755119,full,0.510238,HIGH_CONF_SUGGESTION,,1,0,,,COREPROV1_0106
SEGCORE1_0117,skirt,skirt,DeepFashion2,../fashion_data/raw/train/train/image/142272.jpg,item1_skirt,benchmark/prd_3_1_v1/candidates/segmentation_core_stress_v1/masks/core/skirt/SEGCORE1_0117.png,benchmark/prd_3_1_v1/candidates/segmentation_core_stress_v1/overlays/core/skirt/SEGCORE1_0117.jpg,0.04052246,medium,PENDING_FINAL_HUMAN_CONFIRMATION,,,,,,unreviewed,worn_person,0.560286,product_display,0.195882,partial,0.541297,none,0.252386,partial,0.613660,full,0.227320,HIGH_CONF_SUGGESTION,,1,0,,,COREPROV1_0107
SEGCORE1_0118,skirt,skirt,DeepFashion2,../fashion_data/raw/train/train/image/040782.jpg,item1_skirt,benchmark/prd_3_1_v1/candidates/segmentation_core_stress_v1/masks/core/skirt/SEGCORE1_0118.png,benchmark/prd_3_1_v1/candidates/segmentation_core_stress_v1/overlays/core/skirt/SEGCORE1_0118.jpg,0.01659836,small,PENDING_FINAL_HUMAN_CONFIRMATION,,,,,,unreviewed,worn_person,0.809765,product_display,0.671944,partial,0.542869,none,0.275102,partial,0.613147,full,0.226294,HIGH_CONF_SUGGESTION,,1,0,,,COREPROV1_0108
SEGCORE1_0119,skirt,skirt,DeepFashion2,../fashion_data/raw/train/train/image/053306.jpg,item2_skirt,benchmark/prd_3_1_v1/candidates/segmentation_core_stress_v1/masks/core/skirt/SEGCORE1_0119.png,benchmark/prd_3_1_v1/candidates/segmentation_core_stress_v1/overlays/core/skirt/SEGCORE1_0119.jpg,0.21040832,large,PENDING_FINAL_HUMAN_CONFIRMATION,,,,,,unreviewed,worn_person,0.648568,partial_view,0.511218,none,0.389718,partial,0.038108,partial,0.547450,full,0.094900,REVIEW,LOW_OCCLUSION_CONFIDENCE,1,0,,,COREPROV1_0109
SEGCORE1_0120,skirt,skirt,DeepFashion2,../fashion_data/raw/train/train/image/149160.jpg,item2_skirt,benchmark/prd_3_1_v1/candidates/segmentation_core_stress_v1/masks/core/skirt/SEGCORE1_0120.png,benchmark/prd_3_1_v1/candidates/segmentation_core_stress_v1/overlays/core/skirt/SEGCORE1_0120.jpg,0.08328512,medium,PENDING_FINAL_HUMAN_CONFIRMATION,,,,,,unreviewed,worn_person,0.676262,product_display,0.447740,none,0.530174,partial,0.281946,partial,0.782545,full,0.565089,HIGH_CONF_SUGGESTION,,1,0,,,COREPROV1_0110
SEGCORE1_0121,skirt,skirt,DeepFashion2,../fashion_data/raw/train/train/image/111944.jpg,item2_skirt,benchmark/prd_3_1_v1/candidates/segmentation_core_stress_v1/masks/core/skirt/SEGCORE1_0121.png,benchmark/prd_3_1_v1/candidates/segmentation_core_stress_v1/overlays/core/skirt/SEGCORE1_0121.jpg,0.01808535,small,HUMAN_PASS,PASS,,,,,unreviewed,product_display,0.737451,complex_scene,0.494259,none,0.455560,partial,0.102817,partial,0.704274,full,0.408548,HIGH_CONF_SUGGESTION,,1,0,,,COREPROV1_0111
SEGCORE1_0122,skirt,skirt,DeepFashion2,../fashion_data/raw/train/train/image/089712.jpg,item2_skirt,benchmark/prd_3_1_v1/candidates/segmentation_core_stress_v1/masks/core/skirt/SEGCORE1_0122.png,benchmark/prd_3_1_v1/candidates/segmentation_core_stress_v1/overlays/core/skirt/SEGCORE1_0122.jpg,0.12260450,large,PENDING_FINAL_HUMAN_CONFIRMATION,,,,,,unreviewed,worn_person,0.679945,partial_view,0.426772,partial,0.413415,none,0.087223,partial,0.722725,full,0.445451,REVIEW,LOW_OCCLUSION_CONFIDENCE,1,0,,,COREPROV1_0112
SEGCORE1_0123,skirt,skirt,DeepFashion2,../fashion_data/raw/train/train/image/097814.jpg,item2_skirt,benchmark/prd_3_1_v1/candidates/segmentation_core_stress_v1/masks/core/skirt/SEGCORE1_0123.png,benchmark/prd_3_1_v1/candidates/segmentation_core_stress_v1/overlays/core/skirt/SEGCORE1_0123.jpg,0.05649381,medium,PENDING_FINAL_HUMAN_CONFIRMATION,,,,,,unreviewed,worn_person,0.826594,product_display,0.743822,none,0.445992,partial,0.078862,partial,0.616477,full,0.232954,REVIEW,LOW_OCCLUSION_CONFIDENCE,1,0,,,COREPROV1_0113
SEGCORE1_0124,skirt,skirt,DeepFashion2,../fashion_data/raw/train/train/image/075663.jpg,item2_skirt,benchmark/prd_3_1_v1/candidates/segmentation_core_stress_v1/masks/core/skirt/SEGCORE1_0124.png,benchmark/prd_3_1_v1/candidates/segmentation_core_stress_v1/overlays/core/skirt/SEGCORE1_0124.jpg,0.01751707,small,PENDING_FINAL_HUMAN_CONFIRMATION,,,,,,unreviewed,complex_scene,0.442275,worn_person,0.164900,none,0.534893,partial,0.198443,partial,0.708542,full,0.417083,HIGH_CONF_SUGGESTION,,1,0,,,COREPROV1_0114
SEGCORE1_0125,skirt,skirt,DeepFashion2,../fashion_data/raw/train/train/image/132895.jpg,item2_skirt,benchmark/prd_3_1_v1/candidates/segmentation_core_stress_v1/masks/core/skirt/SEGCORE1_0125.png,benchmark/prd_3_1_v1/candidates/segmentation_core_stress_v1/overlays/core/skirt/SEGCORE1_0125.jpg,0.28824219,large,PENDING_FINAL_HUMAN_CONFIRMATION,,,,,,unreviewed,product_display,0.375419,worn_person,0.014526,partial,0.499143,none,0.109378,full,0.538142,partial,0.076284,REVIEW,LOW_SCENE_CONFIDENCE|LOW_VISIBILITY_CONFIDENCE,1,1,,,COREPROV1_0115
SEGCORE1_0126,skirt,skirt,DeepFashion2,../fashion_data/raw/train/train/image/103669.jpg,item2_skirt,benchmark/prd_3_1_v1/candidates/segmentation_core_stress_v1/masks/core/skirt/SEGCORE1_0126.png,benchmark/prd_3_1_v1/candidates/segmentation_core_stress_v1/overlays/core/skirt/SEGCORE1_0126.jpg,0.05742679,medium,PENDING_FINAL_HUMAN_CONFIRMATION,,,,,,unreviewed,worn_person,0.920721,product_display,0.864477,partial,0.620107,none,0.333791,partial,0.529084,full,0.058168,REVIEW,LOW_VISIBILITY_CONFIDENCE,1,0,,,COREPROV1_0116
SEGCORE1_0127,skirt,skirt,DeepFashion2,../fashion_data/raw/train/train/image/133015.jpg,item2_skirt,benchmark/prd_3_1_v1/candidates/segmentation_core_stress_v1/masks/core/skirt/SEGCORE1_0127.png,benchmark/prd_3_1_v1/candidates/segmentation_core_stress_v1/overlays/core/skirt/SEGCORE1_0127.jpg,0.01657754,small,PENDING_FINAL_HUMAN_CONFIRMATION,,,,,,unreviewed,complex_scene,0.480763,worn_person,0.175811,partial,0.602247,none,0.302784,partial,0.643158,full,0.286315,HIGH_CONF_SUGGESTION,,1,0,,,COREPROV1_0117
SEGCORE1_0128,skirt,skirt,DeepFashion2,../fashion_data/raw/train/train/image/142660.jpg,item2_skirt,benchmark/prd_3_1_v1/candidates/segmentation_core_stress_v1/masks/core/skirt/SEGCORE1_0128.png,benchmark/prd_3_1_v1/candidates/segmentation_core_stress_v1/overlays/core/skirt/SEGCORE1_0128.jpg,0.19160131,large,PENDING_FINAL_HUMAN_CONFIRMATION,,,,,,unreviewed,partial_view,0.816751,product_display,0.737607,partial,0.441608,none,0.129105,partial,0.730227,full,0.460453,REVIEW,LOW_OCCLUSION_CONFIDENCE,1,0,,,COREPROV1_0118
SEGCORE1_0129,skirt,skirt,DeepFashion2,../fashion_data/raw/train/train/image/158699.jpg,item2_skirt,benchmark/prd_3_1_v1/candidates/segmentation_core_stress_v1/masks/core/skirt/SEGCORE1_0129.png,benchmark/prd_3_1_v1/candidates/segmentation_core_stress_v1/overlays/core/skirt/SEGCORE1_0129.jpg,0.09136105,medium,PENDING_FINAL_HUMAN_CONFIRMATION,,,,,,unreviewed,worn_person,0.965726,product_display,0.944027,none,0.634006,partial,0.450292,partial,0.699618,full,0.399236,HIGH_CONF_SUGGESTION,,1,0,,,COREPROV1_0119
SEGCORE1_0130,skirt,skirt,DeepFashion2,../fashion_data/raw/train/train/image/053448.jpg,item2_skirt,benchmark/prd_3_1_v1/candidates/segmentation_core_stress_v1/masks/core/skirt/SEGCORE1_0130.png,benchmark/prd_3_1_v1/candidates/segmentation_core_stress_v1/overlays/core/skirt/SEGCORE1_0130.jpg,0.01365993,small,PENDING_FINAL_HUMAN_CONFIRMATION,,,,,,unreviewed,worn_person,0.487698,product_display,0.219716,partial,0.425721,none,0.047894,partial,0.675090,full,0.350179,REVIEW,LOW_OCCLUSION_CONFIDENCE,1,0,,,COREPROV1_0120
SEGCORE1_0131,skirt,skirt,DeepFashion2,../fashion_data/raw/train/train/image/081390.jpg,item2_skirt,benchmark/prd_3_1_v1/candidates/segmentation_core_stress_v1/masks/core/skirt/SEGCORE1_0131.png,benchmark/prd_3_1_v1/candidates/segmentation_core_stress_v1/overlays/core/skirt/SEGCORE1_0131.jpg,0.41799186,large,PENDING_FINAL_HUMAN_CONFIRMATION,,,,,,unreviewed,partial_view,0.566915,worn_person,0.143634,none,0.410632,partial,0.007638,partial,0.686755,full,0.373511,REVIEW,LOW_OCCLUSION_CONFIDENCE,1,0,,,COREPROV1_0121
SEGCORE1_0132,skirt,skirt,DeepFashion2,../fashion_data/raw/train/train/image/048987.jpg,item2_skirt,benchmark/prd_3_1_v1/candidates/segmentation_core_stress_v1/masks/core/skirt/SEGCORE1_0132.png,benchmark/prd_3_1_v1/candidates/segmentation_core_stress_v1/overlays/core/skirt/SEGCORE1_0132.jpg,0.07916782,medium,PENDING_FINAL_HUMAN_CONFIRMATION,,,,,,unreviewed,worn_person,0.569082,product_display,0.253370,none,0.531356,partial,0.270262,partial,0.670751,full,0.341502,HIGH_CONF_SUGGESTION,,1,0,,,COREPROV1_0122
SEGCORE1_0133,skirt,skirt,DeepFashion2,../fashion_data/raw/train/train/image/093489.jpg,item2_skirt,benchmark/prd_3_1_v1/candidates/segmentation_core_stress_v1/masks/core/skirt/SEGCORE1_0133.png,benchmark/prd_3_1_v1/candidates/segmentation_core_stress_v1/overlays/core/skirt/SEGCORE1_0133.jpg,0.01497809,small,PENDING_FINAL_HUMAN_CONFIRMATION,,,,,,unreviewed,worn_person,0.788320,complex_scene,0.657949,partial,0.596352,none,0.325064,partial,0.603435,full,0.206871,HIGH_CONF_SUGGESTION,,1,0,,,COREPROV1_0123
SEGCORE1_0134,skirt,skirt,DeepFashion2,../fashion_data/raw/train/train/image/074407.jpg,item1_skirt,benchmark/prd_3_1_v1/candidates/segmentation_core_stress_v1/masks/core/skirt/SEGCORE1_0134.png,benchmark/prd_3_1_v1/candidates/segmentation_core_stress_v1/overlays/core/skirt/SEGCORE1_0134.jpg,0.23579787,large,PENDING_FINAL_HUMAN_CONFIRMATION,,,,,,unreviewed,partial_view,0.513783,worn_person,0.091969,partial,0.423623,none,0.014551,partial,0.574216,full,0.148432,REVIEW,LOW_OCCLUSION_CONFIDENCE,1,0,,,COREPROV1_0124
SEGCORE1_0135,skirt,skirt,DeepFashion2,../fashion_data/raw/train/train/image/072899.jpg,item2_skirt,benchmark/prd_3_1_v1/candidates/segmentation_core_stress_v1/masks/core/skirt/SEGCORE1_0135.png,benchmark/prd_3_1_v1/candidates/segmentation_core_stress_v1/overlays/core/skirt/SEGCORE1_0135.jpg,0.02900204,medium,PENDING_FINAL_HUMAN_CONFIRMATION,,,,,,unreviewed,worn_person,0.537909,partial_view,0.206552,partial,0.540886,none,0.185642,partial,0.687072,full,0.374143,HIGH_CONF_SUGGESTION,,1,0,,,COREPROV1_0125
SEGCORE1_0136,skirt,skirt,DeepFashion2,../fashion_data/raw/train/train/image/187397.jpg,item2_skirt,benchmark/prd_3_1_v1/candidates/segmentation_core_stress_v1/masks/core/skirt/SEGCORE1_0136.png,benchmark/prd_3_1_v1/candidates/segmentation_core_stress_v1/overlays/core/skirt/SEGCORE1_0136.jpg,0.01577148,small,PENDING_FINAL_HUMAN_CONFIRMATION,,,,,,unreviewed,worn_person,0.551046,product_display,0.237136,partial,0.463990,none,0.024381,partial,0.663582,full,0.327163,REVIEW,LOW_OCCLUSION_CONFIDENCE,1,0,,,COREPROV1_0126
SEGCORE1_0137,skirt,skirt,DeepFashion2,../fashion_data/raw/train/train/image/145484.jpg,item1_skirt,benchmark/prd_3_1_v1/candidates/segmentation_core_stress_v1/masks/core/skirt/SEGCORE1_0137.png,benchmark/prd_3_1_v1/candidates/segmentation_core_stress_v1/overlays/core/skirt/SEGCORE1_0137.jpg,0.19789612,large,PENDING_FINAL_HUMAN_CONFIRMATION,,,,,,unreviewed,worn_person,0.837662,partial_view,0.706814,none,0.517866,partial,0.257143,partial,0.578235,full,0.156469,HIGH_CONF_SUGGESTION,,1,0,,,COREPROV1_0127
SEGCORE1_0138,skirt,skirt,DeepFashion2,../fashion_data/raw/train/train/image/050829.jpg,item2_skirt,benchmark/prd_3_1_v1/candidates/segmentation_core_stress_v1/masks/core/skirt/SEGCORE1_0138.png,benchmark/prd_3_1_v1/candidates/segmentation_core_stress_v1/overlays/core/skirt/SEGCORE1_0138.jpg,0.07491302,medium,PENDING_FINAL_HUMAN_CONFIRMATION,,,,,,unreviewed,worn_person,0.949058,partial_view,0.908189,none,0.609136,partial,0.383284,partial,0.555777,full,0.111553,HIGH_CONF_SUGGESTION,,1,0,,,COREPROV1_0128
SEGCORE1_0139,skirt,skirt,DeepFashion2,../fashion_data/raw/train/train/image/137266.jpg,item2_skirt,benchmark/prd_3_1_v1/candidates/segmentation_core_stress_v1/masks/core/skirt/SEGCORE1_0139.png,benchmark/prd_3_1_v1/candidates/segmentation_core_stress_v1/overlays/core/skirt/SEGCORE1_0139.jpg,0.01289855,small,HUMAN_PASS,PASS,,,,,unreviewed,worn_person,0.435015,product_display,0.092943,partial,0.471590,none,0.073213,partial,0.792356,full,0.584713,REVIEW,LOW_OCCLUSION_CONFIDENCE,1,0,,,COREPROV1_0129
SEGCORE1_0140,skirt,skirt,DeepFashion2,../fashion_data/raw/train/train/image/074544.jpg,item2_skirt,benchmark/prd_3_1_v1/candidates/segmentation_core_stress_v1/masks/core/skirt/SEGCORE1_0140.png,benchmark/prd_3_1_v1/candidates/segmentation_core_stress_v1/overlays/core/skirt/SEGCORE1_0140.jpg,0.29166667,large,PENDING_FINAL_HUMAN_CONFIRMATION,,,,,,unreviewed,partial_view,0.765878,worn_person,0.540662,none,0.413784,partial,0.042371,partial,0.695666,full,0.391332,REVIEW,LOW_OCCLUSION_CONFIDENCE,1,0,,,COREPROV1_0130
SEGCORE1_0141,skirt,skirt,DeepFashion2,../fashion_data/raw/train/train/image/015412.jpg,item2_skirt,benchmark/prd_3_1_v1/candidates/segmentation_core_stress_v1/masks/core/skirt/SEGCORE1_0141.png,benchmark/prd_3_1_v1/candidates/segmentation_core_stress_v1/overlays/core/skirt/SEGCORE1_0141.jpg,0.03605274,medium,PENDING_FINAL_HUMAN_CONFIRMATION,,,,,,unreviewed,product_display,0.681009,worn_person,0.455137,none,0.494987,partial,0.119918,partial,0.639914,full,0.279828,HIGH_CONF_SUGGESTION,,1,0,,,COREPROV1_0131
SEGCORE1_0142,skirt,skirt,DeepFashion2,../fashion_data/raw/train/train/image/030539.jpg,item2_skirt,benchmark/prd_3_1_v1/candidates/segmentation_core_stress_v1/masks/core/skirt/SEGCORE1_0142.png,benchmark/prd_3_1_v1/candidates/segmentation_core_stress_v1/overlays/core/skirt/SEGCORE1_0142.jpg,0.01875588,small,PENDING_FINAL_HUMAN_CONFIRMATION,,,,,,unreviewed,worn_person,0.690960,product_display,0.508106,none,0.494433,partial,0.132117,partial,0.580175,full,0.160349,HIGH_CONF_SUGGESTION,,1,0,,,COREPROV1_0132
SEGCORE1_0143,skirt,skirt,DeepFashion2,../fashion_data/raw/train/train/image/035861.jpg,item1_skirt,benchmark/prd_3_1_v1/candidates/segmentation_core_stress_v1/masks/core/skirt/SEGCORE1_0143.png,benchmark/prd_3_1_v1/candidates/segmentation_core_stress_v1/overlays/core/skirt/SEGCORE1_0143.jpg,0.10376953,large,PENDING_FINAL_HUMAN_CONFIRMATION,,,,,,unreviewed,product_display,0.580440,worn_person,0.313325,none,0.484027,partial,0.103449,partial,0.562886,full,0.125772,HIGH_CONF_SUGGESTION,,1,0,,,COREPROV1_0133
SEGCORE1_0144,skirt,skirt,DeepFashion2,../fashion_data/raw/train/train/image/027992.jpg,item2_skirt,benchmark/prd_3_1_v1/candidates/segmentation_core_stress_v1/masks/core/skirt/SEGCORE1_0144.png,benchmark/prd_3_1_v1/candidates/segmentation_core_stress_v1/overlays/core/skirt/SEGCORE1_0144.jpg,0.06516761,medium,PENDING_FINAL_HUMAN_CONFIRMATION,,,,,,unreviewed,complex_scene,0.419811,product_display,0.000937,partial,0.646363,none,0.450682,full,0.642951,partial,0.285901,REVIEW,LOW_SCENE_CONFIDENCE,1,1,,,COREPROV1_0134
SEGCORE1_0145,skirt,skirt,DeepFashion2,../fashion_data/raw/train/train/image/043181.jpg,item2_skirt,benchmark/prd_3_1_v1/candidates/segmentation_core_stress_v1/masks/core/skirt/SEGCORE1_0145.png,benchmark/prd_3_1_v1/candidates/segmentation_core_stress_v1/overlays/core/skirt/SEGCORE1_0145.jpg,0.01608075,small,PENDING_FINAL_HUMAN_CONFIRMATION,,,,,,unreviewed,product_display,0.858393,complex_scene,0.745871,partial,0.523342,none,0.175068,partial,0.848034,full,0.696068,HIGH_CONF_SUGGESTION,,1,0,,,COREPROV1_0135
SEGCORE1_0146,skirt,skirt,DeepFashion2,../fashion_data/raw/train/train/image/165526.jpg,item1_skirt,benchmark/prd_3_1_v1/candidates/segmentation_core_stress_v1/masks/core/skirt/SEGCORE1_0146.png,benchmark/prd_3_1_v1/candidates/segmentation_core_stress_v1/overlays/core/skirt/SEGCORE1_0146.jpg,0.88182117,large,PENDING_FINAL_HUMAN_CONFIRMATION,,,,,,unreviewed,partial_view,0.843167,product_display,0.705393,partial,0.389120,heavy,0.033829,partial,0.807167,full,0.614334,REVIEW,LOW_OCCLUSION_CONFIDENCE,1,0,,,COREPROV1_0136
SEGCORE1_0147,skirt,skirt,DeepFashion2,../fashion_data/raw/train/train/image/101691.jpg,item1_skirt,benchmark/prd_3_1_v1/candidates/segmentation_core_stress_v1/masks/core/skirt/SEGCORE1_0147.png,benchmark/prd_3_1_v1/candidates/segmentation_core_stress_v1/overlays/core/skirt/SEGCORE1_0147.jpg,0.04843537,medium,PENDING_FINAL_HUMAN_CONFIRMATION,,,,,,unreviewed,product_display,0.451825,worn_person,0.130102,partial,0.548262,none,0.219201,partial,0.549242,full,0.098483,HIGH_CONF_SUGGESTION,,1,0,,,COREPROV1_0137
SEGCORE1_0148,skirt,skirt,DeepFashion2,../fashion_data/raw/train/train/image/183131.jpg,item4_skirt,benchmark/prd_3_1_v1/candidates/segmentation_core_stress_v1/masks/core/skirt/SEGCORE1_0148.png,benchmark/prd_3_1_v1/candidates/segmentation_core_stress_v1/overlays/core/skirt/SEGCORE1_0148.jpg,0.00767544,small,PENDING_FINAL_HUMAN_CONFIRMATION,,,,,,unreviewed,product_display,0.459724,worn_person,0.052210,none,0.522293,partial,0.258252,partial,0.807690,full,0.615380,REVIEW,LOW_SCENE_CONFIDENCE,1,1,,,COREPROV1_0138
SEGCORE1_0149,skirt,skirt,DeepFashion2,../fashion_data/raw/train/train/image/021851.jpg,item1_skirt,benchmark/prd_3_1_v1/candidates/segmentation_core_stress_v1/masks/core/skirt/SEGCORE1_0149.png,benchmark/prd_3_1_v1/candidates/segmentation_core_stress_v1/overlays/core/skirt/SEGCORE1_0149.jpg,0.29199540,large,PENDING_FINAL_HUMAN_CONFIRMATION,,,,,,unreviewed,partial_view,0.846635,worn_person,0.696647,none,0.373886,partial,0.038831,partial,0.800725,full,0.601450,REVIEW,LOW_OCCLUSION_CONFIDENCE,1,0,,,COREPROV1_0139
SEGCORE1_0150,skirt,skirt,DeepFashion2,../fashion_data/raw/train/train/image/088779.jpg,item2_skirt,benchmark/prd_3_1_v1/candidates/segmentation_core_stress_v1/masks/core/skirt/SEGCORE1_0150.png,benchmark/prd_3_1_v1/candidates/segmentation_core_stress_v1/overlays/core/skirt/SEGCORE1_0150.jpg,0.08871795,medium,PENDING_FINAL_HUMAN_CONFIRMATION,,,,,,unreviewed,worn_person,0.979346,partial_view,0.970189,none,0.595434,partial,0.364470,full,0.600816,partial,0.201632,HIGH_CONF_SUGGESTION,,1,0,,,COREPROV1_0140
SEGCORE1_0151,skirt,skirt,DeepFashion2,../fashion_data/raw/train/train/image/096677.jpg,item1_skirt,benchmark/prd_3_1_v1/candidates/segmentation_core_stress_v1/masks/core/skirt/SEGCORE1_0151.png,benchmark/prd_3_1_v1/candidates/segmentation_core_stress_v1/overlays/core/skirt/SEGCORE1_0151.jpg,0.01907692,small,PENDING_FINAL_HUMAN_CONFIRMATION,,,,,,unreviewed,worn_person,0.649599,product_display,0.496655,partial,0.596430,none,0.346921,partial,0.707783,full,0.415565,HIGH_CONF_SUGGESTION,,1,0,,,COREPROV1_0141
SEGCORE1_0152,skirt,skirt,DeepFashion2,../fashion_data/raw/train/train/image/141721.jpg,item2_skirt,benchmark/prd_3_1_v1/candidates/segmentation_core_stress_v1/masks/core/skirt/SEGCORE1_0152.png,benchmark/prd_3_1_v1/candidates/segmentation_core_stress_v1/overlays/core/skirt/SEGCORE1_0152.jpg,0.14757202,large,PENDING_FINAL_HUMAN_CONFIRMATION,,,,,,unreviewed,worn_person,0.647844,product_display,0.429410,partial,0.504652,none,0.195555,partial,0.589148,full,0.178295,HIGH_CONF_SUGGESTION,,1,0,,,COREPROV1_0142
SEGCORE1_0153,skirt,skirt,DeepFashion2,../fashion_data/raw/train/train/image/156172.jpg,item2_skirt,benchmark/prd_3_1_v1/candidates/segmentation_core_stress_v1/masks/core/skirt/SEGCORE1_0153.png,benchmark/prd_3_1_v1/candidates/segmentation_core_stress_v1/overlays/core/skirt/SEGCORE1_0153.jpg,0.07197654,medium,PENDING_FINAL_HUMAN_CONFIRMATION,,,,,,unreviewed,product_display,0.481528,complex_scene,0.178453,partial,0.601468,none,0.329231,partial,0.536003,full,0.072005,REVIEW,LOW_VISIBILITY_CONFIDENCE,1,0,,,COREPROV1_0143
SEGCORE1_0154,skirt,skirt,DeepFashion2,../fashion_data/raw/train/train/image/174532.jpg,item2_skirt,benchmark/prd_3_1_v1/candidates/segmentation_core_stress_v1/masks/core/skirt/SEGCORE1_0154.png,benchmark/prd_3_1_v1/candidates/segmentation_core_stress_v1/overlays/core/skirt/SEGCORE1_0154.jpg,0.00977975,small,PENDING_FINAL_HUMAN_CONFIRMATION,,,,,,unreviewed,worn_person,0.677123,complex_scene,0.534074,none,0.560142,partial,0.285421,partial,0.651522,full,0.303044,HIGH_CONF_SUGGESTION,,1,0,,,COREPROV1_0144
SEGCORE1_0156,skirt,skirt,DeepFashion2,../fashion_data/raw/train/train/image/176028.jpg,item2_skirt,benchmark/prd_3_1_v1/candidates/segmentation_core_stress_v1/masks/core/skirt/SEGCORE1_0156.png,benchmark/prd_3_1_v1/candidates/segmentation_core_stress_v1/overlays/core/skirt/SEGCORE1_0156.jpg,0.04967606,medium,PENDING_FINAL_HUMAN_CONFIRMATION,,,,,,unreviewed,complex_scene,0.537095,product_display,0.305567,none,0.395551,partial,0.028943,partial,0.567056,full,0.134111,REVIEW,LOW_OCCLUSION_CONFIDENCE,1,0,,,COREPROV1_0145
SEGCORE1_0157,skirt,skirt,DeepFashion2,../fashion_data/raw/train/train/image/181324.jpg,item2_skirt,benchmark/prd_3_1_v1/candidates/segmentation_core_stress_v1/masks/core/skirt/SEGCORE1_0157.png,benchmark/prd_3_1_v1/candidates/segmentation_core_stress_v1/overlays/core/skirt/SEGCORE1_0157.jpg,0.01588026,small,PENDING_FINAL_HUMAN_CONFIRMATION,,,,,,unreviewed,worn_person,0.730567,product_display,0.609818,partial,0.484521,none,0.126101,partial,0.660258,full,0.320515,HIGH_CONF_SUGGESTION,,1,0,,,COREPROV1_0146
SEGCORE1_0158,skirt,skirt,DeepFashion2,../fashion_data/raw/train/train/image/055476.jpg,item2_skirt,benchmark/prd_3_1_v1/candidates/segmentation_core_stress_v1/masks/core/skirt/SEGCORE1_0158.png,benchmark/prd_3_1_v1/candidates/segmentation_core_stress_v1/overlays/core/skirt/SEGCORE1_0158.jpg,0.55466524,large,PENDING_FINAL_HUMAN_CONFIRMATION,,,,,,unreviewed,partial_view,0.710166,worn_person,0.502270,none,0.396971,partial,0.067558,partial,0.774961,full,0.549921,REVIEW,LOW_OCCLUSION_CONFIDENCE,1,0,,,COREPROV1_0147
SEGCORE1_0160,skirt,skirt,DeepFashion2,../fashion_data/raw/train/train/image/030915.jpg,item3_skirt,benchmark/prd_3_1_v1/candidates/segmentation_core_stress_v1/masks/core/skirt/SEGCORE1_0160.png,benchmark/prd_3_1_v1/candidates/segmentation_core_stress_v1/overlays/core/skirt/SEGCORE1_0160.jpg,0.01792929,small,PENDING_FINAL_HUMAN_CONFIRMATION,,,,,,unreviewed,worn_person,0.709872,product_display,0.481521,none,0.453270,partial,0.085773,partial,0.717154,full,0.434309,HIGH_CONF_SUGGESTION,,1,0,,,COREPROV1_0148
SEGCORE1_0162,skirt,skirt,DeepFashion2,../fashion_data/raw/train/train/image/036544.jpg,item2_skirt,benchmark/prd_3_1_v1/candidates/segmentation_core_stress_v1/masks/core/skirt/SEGCORE1_0162.png,benchmark/prd_3_1_v1/candidates/segmentation_core_stress_v1/overlays/core/skirt/SEGCORE1_0162.jpg,0.08463053,medium,PENDING_FINAL_HUMAN_CONFIRMATION,,,,,,unreviewed,product_display,0.727646,worn_person,0.527665,none,0.455944,partial,0.023196,partial,0.608485,full,0.216969,REVIEW,LOW_OCCLUSION_CONFIDENCE,1,0,,,COREPROV1_0149
SEGCORE1_0164,skirt,skirt,DeepFashion2,../fashion_data/raw/train/train/image/035199.jpg,item2_skirt,benchmark/prd_3_1_v1/candidates/segmentation_core_stress_v1/masks/core/skirt/SEGCORE1_0164.png,benchmark/prd_3_1_v1/candidates/segmentation_core_stress_v1/overlays/core/skirt/SEGCORE1_0164.jpg,0.41994651,large,PENDING_FINAL_HUMAN_CONFIRMATION,,,,,,unreviewed,product_display,0.623112,worn_person,0.384325,none,0.420706,partial,0.056688,partial,0.676467,full,0.352934,REVIEW,LOW_OCCLUSION_CONFIDENCE,1,0,,,COREPROV1_0150
SEGCORE1_0166,outerwear,short_sleeve_outwear,DeepFashion2,../fashion_data/raw/train/train/image/124654.jpg,item1_short_sleeve_outwear,benchmark/prd_3_1_v1/candidates/segmentation_core_stress_v1/masks/core/outerwear/SEGCORE1_0166.png,benchmark/prd_3_1_v1/candidates/segmentation_core_stress_v1/overlays/core/outerwear/SEGCORE1_0166.jpg,0.59400945,large,PENDING_FINAL_HUMAN_CONFIRMATION,,,,,,unreviewed,worn_person,0.811893,partial_view,0.707399,none,0.467743,heavy,0.191119,full,0.577085,partial,0.154171,HIGH_CONF_SUGGESTION,,1,0,,,COREPROV1_0151
SEGCORE1_0167,outerwear,short_sleeve_outwear,DeepFashion2,../fashion_data/raw/train/train/image/151470.jpg,item1_short_sleeve_outwear,benchmark/prd_3_1_v1/candidates/segmentation_core_stress_v1/masks/core/outerwear/SEGCORE1_0167.png,benchmark/prd_3_1_v1/candidates/segmentation_core_stress_v1/overlays/core/outerwear/SEGCORE1_0167.jpg,0.06329682,medium,PENDING_FINAL_HUMAN_CONFIRMATION,,,,,,unreviewed,complex_scene,0.761162,product_display,0.589276,partial,0.461122,none,0.130715,partial,0.623636,full,0.247271,HIGH_CONF_SUGGESTION,,1,0,,,COREPROV1_0152
SEGCORE1_0168,outerwear,long_sleeve_outwear,DeepFashion2,../fashion_data/raw/train/train/image/098699.jpg,item1_long_sleeve_outwear,benchmark/prd_3_1_v1/candidates/segmentation_core_stress_v1/masks/core/outerwear/SEGCORE1_0168.png,benchmark/prd_3_1_v1/candidates/segmentation_core_stress_v1/overlays/core/outerwear/SEGCORE1_0168.jpg,0.01890432,small,PENDING_FINAL_HUMAN_CONFIRMATION,,,,,,unreviewed,worn_person,0.671003,complex_scene,0.535932,partial,0.512351,none,0.187112,partial,0.767590,full,0.535180,HIGH_CONF_SUGGESTION,,1,0,,,COREPROV1_0153
SEGCORE1_0169,outerwear,long_sleeve_outwear,DeepFashion2,../fashion_data/raw/train/train/image/144966.jpg,item1_long_sleeve_outwear,benchmark/prd_3_1_v1/candidates/segmentation_core_stress_v1/masks/core/outerwear/SEGCORE1_0169.png,benchmark/prd_3_1_v1/candidates/segmentation_core_stress_v1/overlays/core/outerwear/SEGCORE1_0169.jpg,0.21996745,large,PENDING_FINAL_HUMAN_CONFIRMATION,,,,,,unreviewed,worn_person,0.945492,partial_view,0.922048,partial,0.534680,none,0.229349,full,0.695953,partial,0.391905,HIGH_CONF_SUGGESTION,,1,0,,,COREPROV1_0154
SEGCORE1_0170,outerwear,long_sleeve_outwear,DeepFashion2,../fashion_data/raw/train/train/image/138553.jpg,item1_long_sleeve_outwear,benchmark/prd_3_1_v1/candidates/segmentation_core_stress_v1/masks/core/outerwear/SEGCORE1_0170.png,benchmark/prd_3_1_v1/candidates/segmentation_core_stress_v1/overlays/core/outerwear/SEGCORE1_0170.jpg,0.05132813,medium,PENDING_FINAL_HUMAN_CONFIRMATION,,,,,,unreviewed,worn_person,0.916371,product_display,0.867569,partial,0.650181,none,0.447132,partial,0.573547,full,0.147095,HIGH_CONF_SUGGESTION,,1,0,,,COREPROV1_0155
SEGCORE1_0171,outerwear,short_sleeve_outwear,DeepFashion2,../fashion_data/raw/train/train/image/118508.jpg,item1_short_sleeve_outwear,benchmark/prd_3_1_v1/candidates/segmentation_core_stress_v1/masks/core/outerwear/SEGCORE1_0171.png,benchmark/prd_3_1_v1/candidates/segmentation_core_stress_v1/overlays/core/outerwear/SEGCORE1_0171.jpg,0.69976447,large,PENDING_FINAL_HUMAN_CONFIRMATION,,,,,,unreviewed,partial_view,0.783026,product_display,0.617217,none,0.423262,partial,0.126243,full,0.643855,partial,0.287710,REVIEW,LOW_OCCLUSION_CONFIDENCE,1,0,,,COREPROV1_0156
SEGCORE1_0172,outerwear,short_sleeve_outwear,DeepFashion2,../fashion_data/raw/train/train/image/024251.jpg,item1_short_sleeve_outwear,benchmark/prd_3_1_v1/candidates/segmentation_core_stress_v1/masks/core/outerwear/SEGCORE1_0172.png,benchmark/prd_3_1_v1/candidates/segmentation_core_stress_v1/overlays/core/outerwear/SEGCORE1_0172.jpg,0.08203479,medium,PENDING_FINAL_HUMAN_CONFIRMATION,,,,,,unreviewed,worn_person,0.908197,partial_view,0.855706,none,0.607032,heavy,0.406122,partial,0.600162,full,0.200325,HIGH_CONF_SUGGESTION,,1,0,,,COREPROV1_0157
SEGCORE1_0173,outerwear,long_sleeve_outwear,DeepFashion2,../fashion_data/raw/train/train/image/041482.jpg,item1_long_sleeve_outwear,benchmark/prd_3_1_v1/candidates/segmentation_core_stress_v1/masks/core/outerwear/SEGCORE1_0173.png,benchmark/prd_3_1_v1/candidates/segmentation_core_stress_v1/overlays/core/outerwear/SEGCORE1_0173.jpg,0.01797012,small,PENDING_FINAL_HUMAN_CONFIRMATION,,,,,,unreviewed,complex_scene,0.539293,product_display,0.293056,partial,0.596636,none,0.334950,partial,0.571184,full,0.142367,HIGH_CONF_SUGGESTION,,1,0,,,COREPROV1_0158
SEGCORE1_0174,outerwear,long_sleeve_outwear,DeepFashion2,../fashion_data/raw/train/train/image/091876.jpg,item1_long_sleeve_outwear,benchmark/prd_3_1_v1/candidates/segmentation_core_stress_v1/masks/core/outerwear/SEGCORE1_0174.png,benchmark/prd_3_1_v1/candidates/segmentation_core_stress_v1/overlays/core/outerwear/SEGCORE1_0174.jpg,0.34507177,large,PENDING_FINAL_HUMAN_CONFIRMATION,,,,,,unreviewed,worn_person,0.733421,partial_view,0.596110,partial,0.431733,none,0.078303,full,0.533997,partial,0.067993,REVIEW,LOW_OCCLUSION_CONFIDENCE|LOW_VISIBILITY_CONFIDENCE,1,0,,,COREPROV1_0159
SEGCORE1_0175,outerwear,long_sleeve_outwear,DeepFashion2,../fashion_data/raw/train/train/image/050133.jpg,item2_long_sleeve_outwear,benchmark/prd_3_1_v1/candidates/segmentation_core_stress_v1/masks/core/outerwear/SEGCORE1_0175.png,benchmark/prd_3_1_v1/candidates/segmentation_core_stress_v1/overlays/core/outerwear/SEGCORE1_0175.jpg,0.06068268,medium,PENDING_FINAL_HUMAN_CONFIRMATION,,,,,,unreviewed,worn_person,0.871085,product_display,0.784451,none,0.534155,partial,0.174431,partial,0.629526,full,0.259052,HIGH_CONF_SUGGESTION,,1,0,,,COREPROV1_0160
SEGCORE1_0176,outerwear,short_sleeve_outwear,DeepFashion2,../fashion_data/raw/train/train/image/124649.jpg,item1_short_sleeve_outwear,benchmark/prd_3_1_v1/candidates/segmentation_core_stress_v1/masks/core/outerwear/SEGCORE1_0176.png,benchmark/prd_3_1_v1/candidates/segmentation_core_stress_v1/overlays/core/outerwear/SEGCORE1_0176.jpg,0.97605399,large,PENDING_FINAL_HUMAN_CONFIRMATION,,,,,,unreviewed,partial_view,0.436487,product_display,0.058694,heavy,0.465134,none,0.054116,partial,0.698476,full,0.396953,REVIEW,LOW_SCENE_CONFIDENCE|LOW_OCCLUSION_CONFIDENCE,1,1,,,COREPROV1_0161
SEGCORE1_0177,outerwear,short_sleeve_outwear,DeepFashion2,../fashion_data/raw/train/train/image/135934.jpg,item1_short_sleeve_outwear,benchmark/prd_3_1_v1/candidates/segmentation_core_stress_v1/masks/core/outerwear/SEGCORE1_0177.png,benchmark/prd_3_1_v1/candidates/segmentation_core_stress_v1/overlays/core/outerwear/SEGCORE1_0177.jpg,0.06446776,medium,PENDING_FINAL_HUMAN_CONFIRMATION,,,,,,unreviewed,worn_person,0.939138,product_display,0.910340,partial,0.716255,none,0.522228,full,0.550312,partial,0.100625,HIGH_CONF_SUGGESTION,,1,0,,,COREPROV1_0162
SEGCORE1_0178,outerwear,long_sleeve_outwear,DeepFashion2,../fashion_data/raw/train/train/image/128253.jpg,item4_long_sleeve_outwear,benchmark/prd_3_1_v1/candidates/segmentation_core_stress_v1/masks/core/outerwear/SEGCORE1_0178.png,benchmark/prd_3_1_v1/candidates/segmentation_core_stress_v1/overlays/core/outerwear/SEGCORE1_0178.jpg,0.01938084,small,PENDING_FINAL_HUMAN_CONFIRMATION,,,,,,unreviewed,worn_person,0.549134,product_display,0.121046,none,0.579921,heavy,0.351366,partial,0.653581,full,0.307163,HIGH_CONF_SUGGESTION,,1,0,,,COREPROV1_0163
SEGCORE1_0179,outerwear,long_sleeve_outwear,DeepFashion2,../fashion_data/raw/train/train/image/064444.jpg,item1_long_sleeve_outwear,benchmark/prd_3_1_v1/candidates/segmentation_core_stress_v1/masks/core/outerwear/SEGCORE1_0179.png,benchmark/prd_3_1_v1/candidates/segmentation_core_stress_v1/overlays/core/outerwear/SEGCORE1_0179.jpg,0.36853153,large,PENDING_FINAL_HUMAN_CONFIRMATION,,,,,,unreviewed,worn_person,0.883610,partial_view,0.836123,partial,0.443080,none,0.059437,full,0.617696,partial,0.235393,REVIEW,LOW_OCCLUSION_CONFIDENCE,1,0,,,COREPROV1_0164
SEGCORE1_0180,outerwear,long_sleeve_outwear,DeepFashion2,../fashion_data/raw/train/train/image/125906.jpg,item1_long_sleeve_outwear,benchmark/prd_3_1_v1/candidates/segmentation_core_stress_v1/masks/core/outerwear/SEGCORE1_0180.png,benchmark/prd_3_1_v1/candidates/segmentation_core_stress_v1/overlays/core/outerwear/SEGCORE1_0180.jpg,0.09703527,medium,PENDING_FINAL_HUMAN_CONFIRMATION,,,,,,unreviewed,worn_person,0.965420,complex_scene,0.940325,none,0.406652,partial,0.005543,full,0.622991,partial,0.245982,REVIEW,LOW_OCCLUSION_CONFIDENCE,1,0,,,COREPROV1_0165
SEGCORE1_0181,outerwear,short_sleeve_outwear,DeepFashion2,../fashion_data/raw/train/train/image/118514.jpg,item1_short_sleeve_outwear,benchmark/prd_3_1_v1/candidates/segmentation_core_stress_v1/masks/core/outerwear/SEGCORE1_0181.png,benchmark/prd_3_1_v1/candidates/segmentation_core_stress_v1/overlays/core/outerwear/SEGCORE1_0181.jpg,0.22105481,large,PENDING_FINAL_HUMAN_CONFIRMATION,,,,,,unreviewed,worn_person,0.869733,product_display,0.789763,partial,0.511292,none,0.207398,partial,0.502230,full,0.004459,REVIEW,LOW_VISIBILITY_CONFIDENCE,1,0,,,COREPROV1_0166
SEGCORE1_0182,outerwear,short_sleeve_outwear,DeepFashion2,../fashion_data/raw/train/train/image/034082.jpg,item4_short_sleeve_outwear,benchmark/prd_3_1_v1/candidates/segmentation_core_stress_v1/masks/core/outerwear/SEGCORE1_0182.png,benchmark/prd_3_1_v1/candidates/segmentation_core_stress_v1/overlays/core/outerwear/SEGCORE1_0182.jpg,0.03929736,medium,PENDING_FINAL_HUMAN_CONFIRMATION,,,,,,unreviewed,worn_person,0.431867,complex_scene,0.128767,partial,0.450262,none,0.061389,partial,0.621787,full,0.243573,REVIEW,LOW_OCCLUSION_CONFIDENCE,1,0,,,COREPROV1_0167
SEGCORE1_0183,outerwear,long_sleeve_outwear,DeepFashion2,../fashion_data/raw/train/train/image/108419.jpg,item1_long_sleeve_outwear,benchmark/prd_3_1_v1/candidates/segmentation_core_stress_v1/masks/core/outerwear/SEGCORE1_0183.png,benchmark/prd_3_1_v1/candidates/segmentation_core_stress_v1/overlays/core/outerwear/SEGCORE1_0183.jpg,0.01658641,small,PENDING_FINAL_HUMAN_CONFIRMATION,,,,,,unreviewed,worn_person,0.853557,complex_scene,0.788444,none,0.493752,partial,0.207509,partial,0.674700,full,0.349400,HIGH_CONF_SUGGESTION,,1,0,,,COREPROV1_0168
SEGCORE1_0184,outerwear,long_sleeve_outwear,DeepFashion2,../fashion_data/raw/train/train/image/101410.jpg,item1_long_sleeve_outwear,benchmark/prd_3_1_v1/candidates/segmentation_core_stress_v1/masks/core/outerwear/SEGCORE1_0184.png,benchmark/prd_3_1_v1/candidates/segmentation_core_stress_v1/overlays/core/outerwear/SEGCORE1_0184.jpg,0.34037670,large,PENDING_FINAL_HUMAN_CONFIRMATION,,,,,,unreviewed,worn_person,0.668160,partial_view,0.514700,partial,0.612742,none,0.366659,full,0.518776,partial,0.037552,REVIEW,LOW_VISIBILITY_CONFIDENCE,1,0,,,COREPROV1_0169
SEGCORE1_0185,outerwear,long_sleeve_outwear,DeepFashion2,../fashion_data/raw/train/train/image/080773.jpg,item1_long_sleeve_outwear,benchmark/prd_3_1_v1/candidates/segmentation_core_stress_v1/masks/core/outerwear/SEGCORE1_0185.png,benchmark/prd_3_1_v1/candidates/segmentation_core_stress_v1/overlays/core/outerwear/SEGCORE1_0185.jpg,0.05611598,medium,PENDING_FINAL_HUMAN_CONFIRMATION,,,,,,unreviewed,worn_person,0.575650,product_display,0.269377,partial,0.483359,none,0.127334,partial,0.712034,full,0.424069,HIGH_CONF_SUGGESTION,,1,0,,,COREPROV1_0170
SEGCORE1_0186,outerwear,short_sleeve_outwear,DeepFashion2,../fashion_data/raw/train/train/image/135937.jpg,item1_short_sleeve_outwear,benchmark/prd_3_1_v1/candidates/segmentation_core_stress_v1/masks/core/outerwear/SEGCORE1_0186.png,benchmark/prd_3_1_v1/candidates/segmentation_core_stress_v1/overlays/core/outerwear/SEGCORE1_0186.jpg,0.12253676,large,PENDING_FINAL_HUMAN_CONFIRMATION,,,,,,unreviewed,worn_person,0.926460,product_display,0.891785,partial,0.563173,none,0.243588,partial,0.554113,full,0.108227,HIGH_CONF_SUGGESTION,,1,0,,,COREPROV1_0171
SEGCORE1_0187,outerwear,short_sleeve_outwear,DeepFashion2,../fashion_data/raw/train/train/image/014148.jpg,item2_short_sleeve_outwear,benchmark/prd_3_1_v1/candidates/segmentation_core_stress_v1/masks/core/outerwear/SEGCORE1_0187.png,benchmark/prd_3_1_v1/candidates/segmentation_core_stress_v1/overlays/core/outerwear/SEGCORE1_0187.jpg,0.06970464,medium,HUMAN_PASS,PASS,,,,,unreviewed,worn_person,0.902300,product_display,0.867872,none,0.572155,partial,0.311029,partial,0.729003,full,0.458005,HIGH_CONF_SUGGESTION,,1,0,,,COREPROV1_0172
SEGCORE1_0188,outerwear,long_sleeve_outwear,DeepFashion2,../fashion_data/raw/train/train/image/010976.jpg,item1_long_sleeve_outwear,benchmark/prd_3_1_v1/candidates/segmentation_core_stress_v1/masks/core/outerwear/SEGCORE1_0188.png,benchmark/prd_3_1_v1/candidates/segmentation_core_stress_v1/overlays/core/outerwear/SEGCORE1_0188.jpg,0.01903325,small,PENDING_FINAL_HUMAN_CONFIRMATION,,,,,,unreviewed,worn_person,0.927485,complex_scene,0.888469,partial,0.559119,none,0.235677,full,0.704471,partial,0.408942,HIGH_CONF_SUGGESTION,,1,0,,,COREPROV1_0173
SEGCORE1_0189,outerwear,long_sleeve_outwear,DeepFashion2,../fashion_data/raw/train/train/image/154827.jpg,item2_long_sleeve_outwear,benchmark/prd_3_1_v1/candidates/segmentation_core_stress_v1/masks/core/outerwear/SEGCORE1_0189.png,benchmark/prd_3_1_v1/candidates/segmentation_core_stress_v1/overlays/core/outerwear/SEGCORE1_0189.jpg,0.20890937,large,PENDING_FINAL_HUMAN_CONFIRMATION,,,,,,unreviewed,worn_person,0.763593,product_display,0.596929,partial,0.568704,none,0.291205,full,0.528002,partial,0.056004,REVIEW,LOW_VISIBILITY_CONFIDENCE,1,0,,,COREPROV1_0174
SEGCORE1_0190,outerwear,long_sleeve_outwear,DeepFashion2,../fashion_data/raw/train/train/image/039006.jpg,item2_long_sleeve_outwear,benchmark/prd_3_1_v1/candidates/segmentation_core_stress_v1/masks/core/outerwear/SEGCORE1_0190.png,benchmark/prd_3_1_v1/candidates/segmentation_core_stress_v1/overlays/core/outerwear/SEGCORE1_0190.jpg,0.07735026,medium,PENDING_FINAL_HUMAN_CONFIRMATION,,,,,,unreviewed,worn_person,0.716532,partial_view,0.558688,none,0.488933,partial,0.082328,full,0.593188,partial,0.186375,HIGH_CONF_SUGGESTION,,1,0,,,COREPROV1_0175
SEGCORE1_0191,outerwear,short_sleeve_outwear,DeepFashion2,../fashion_data/raw/train/train/image/151469.jpg,item1_short_sleeve_outwear,benchmark/prd_3_1_v1/candidates/segmentation_core_stress_v1/masks/core/outerwear/SEGCORE1_0191.png,benchmark/prd_3_1_v1/candidates/segmentation_core_stress_v1/overlays/core/outerwear/SEGCORE1_0191.jpg,0.10140777,large,HUMAN_PASS,PASS,,,,,unreviewed,product_display,0.427550,worn_person,0.100049,partial,0.573119,none,0.326717,partial,0.554515,full,0.109030,HIGH_CONF_SUGGESTION,,1,0,,,COREPROV1_0176
SEGCORE1_0192,outerwear,short_sleeve_outwear,DeepFashion2,../fashion_data/raw/train/train/image/070551.jpg,item1_short_sleeve_outwear,benchmark/prd_3_1_v1/candidates/segmentation_core_stress_v1/masks/core/outerwear/SEGCORE1_0192.png,benchmark/prd_3_1_v1/candidates/segmentation_core_stress_v1/overlays/core/outerwear/SEGCORE1_0192.jpg,0.05094439,medium,PENDING_FINAL_HUMAN_CONFIRMATION,,,,,,unreviewed,worn_person,0.704118,product_display,0.525912,partial,0.518930,none,0.195418,partial,0.755502,full,0.511003,HIGH_CONF_SUGGESTION,,1,0,,,COREPROV1_0177
SEGCORE1_0193,outerwear,long_sleeve_outwear,DeepFashion2,../fashion_data/raw/train/train/image/186391.jpg,item2_long_sleeve_outwear,benchmark/prd_3_1_v1/candidates/segmentation_core_stress_v1/masks/core/outerwear/SEGCORE1_0193.png,benchmark/prd_3_1_v1/candidates/segmentation_core_stress_v1/overlays/core/outerwear/SEGCORE1_0193.jpg,0.01984127,small,PENDING_FINAL_HUMAN_CONFIRMATION,,,,,,unreviewed,worn_person,0.715466,partial_view,0.579268,partial,0.442851,none,0.067061,partial,0.634351,full,0.268702,REVIEW,LOW_OCCLUSION_CONFIDENCE,1,0,,,COREPROV1_0178
SEGCORE1_0194,outerwear,long_sleeve_outwear,DeepFashion2,../fashion_data/raw/train/train/image/107020.jpg,item1_long_sleeve_outwear,benchmark/prd_3_1_v1/candidates/segmentation_core_stress_v1/masks/core/outerwear/SEGCORE1_0194.png,benchmark/prd_3_1_v1/candidates/segmentation_core_stress_v1/overlays/core/outerwear/SEGCORE1_0194.jpg,0.17700241,large,PENDING_FINAL_HUMAN_CONFIRMATION,,,,,,unreviewed,worn_person,0.806111,partial_view,0.691862,partial,0.430463,none,0.045988,full,0.559900,partial,0.119800,REVIEW,LOW_OCCLUSION_CONFIDENCE,1,0,,,COREPROV1_0179
SEGCORE1_0195,outerwear,long_sleeve_outwear,DeepFashion2,../fashion_data/raw/train/train/image/023422.jpg,item3_long_sleeve_outwear,benchmark/prd_3_1_v1/candidates/segmentation_core_stress_v1/masks/core/outerwear/SEGCORE1_0195.png,benchmark/prd_3_1_v1/candidates/segmentation_core_stress_v1/overlays/core/outerwear/SEGCORE1_0195.jpg,0.07898160,medium,PENDING_FINAL_HUMAN_CONFIRMATION,,,,,,unreviewed,product_display,0.558182,worn_person,0.303541,none,0.613694,heavy,0.408971,partial,0.876765,full,0.753531,HIGH_CONF_SUGGESTION,,1,0,,,COREPROV1_0180
SEGCORE1_0196,outerwear,short_sleeve_outwear,DeepFashion2,../fashion_data/raw/train/train/image/179042.jpg,item1_short_sleeve_outwear,benchmark/prd_3_1_v1/candidates/segmentation_core_stress_v1/masks/core/outerwear/SEGCORE1_0196.png,benchmark/prd_3_1_v1/candidates/segmentation_core_stress_v1/overlays/core/outerwear/SEGCORE1_0196.jpg,0.54696250,large,PENDING_FINAL_HUMAN_CONFIRMATION,,,,,,unreviewed,worn_person,0.891613,product_display,0.825897,partial,0.660004,none,0.461011,full,0.523729,partial,0.047457,REVIEW,LOW_VISIBILITY_CONFIDENCE,1,0,,,COREPROV1_0181
SEGCORE1_0197,outerwear,short_sleeve_outwear,DeepFashion2,../fashion_data/raw/train/train/image/187981.jpg,item2_short_sleeve_outwear,benchmark/prd_3_1_v1/candidates/segmentation_core_stress_v1/masks/core/outerwear/SEGCORE1_0197.png,benchmark/prd_3_1_v1/candidates/segmentation_core_stress_v1/overlays/core/outerwear/SEGCORE1_0197.jpg,0.08403321,medium,PENDING_FINAL_HUMAN_CONFIRMATION,,,,,,unreviewed,product_display,0.825701,worn_person,0.689733,partial,0.452707,none,0.047716,full,0.582683,partial,0.165365,REVIEW,LOW_OCCLUSION_CONFIDENCE,1,0,,,COREPROV1_0182
SEGCORE1_0199,outerwear,long_sleeve_outwear,DeepFashion2,../fashion_data/raw/train/train/image/156351.jpg,item2_long_sleeve_outwear,benchmark/prd_3_1_v1/candidates/segmentation_core_stress_v1/masks/core/outerwear/SEGCORE1_0199.png,benchmark/prd_3_1_v1/candidates/segmentation_core_stress_v1/overlays/core/outerwear/SEGCORE1_0199.jpg,0.28500682,large,PENDING_FINAL_HUMAN_CONFIRMATION,,,,,,unreviewed,worn_person,0.694793,partial_view,0.457833,none,0.428660,partial,0.004701,partial,0.510141,full,0.020283,REVIEW,LOW_OCCLUSION_CONFIDENCE|LOW_VISIBILITY_CONFIDENCE,1,0,,,COREPROV1_0183
SEGCORE1_0200,outerwear,long_sleeve_outwear,DeepFashion2,../fashion_data/raw/train/train/image/186306.jpg,item2_long_sleeve_outwear,benchmark/prd_3_1_v1/candidates/segmentation_core_stress_v1/masks/core/outerwear/SEGCORE1_0200.png,benchmark/prd_3_1_v1/candidates/segmentation_core_stress_v1/overlays/core/outerwear/SEGCORE1_0200.jpg,0.08175781,medium,PENDING_FINAL_HUMAN_CONFIRMATION,,,,,,unreviewed,worn_person,0.772261,product_display,0.583568,none,0.479536,partial,0.128381,partial,0.579293,full,0.158587,HIGH_CONF_SUGGESTION,,1,0,,,COREPROV1_0184
SEGCORE1_0201,outerwear,short_sleeve_outwear,DeepFashion2,../fashion_data/raw/train/train/image/179047.jpg,item1_short_sleeve_outwear,benchmark/prd_3_1_v1/candidates/segmentation_core_stress_v1/masks/core/outerwear/SEGCORE1_0201.png,benchmark/prd_3_1_v1/candidates/segmentation_core_stress_v1/overlays/core/outerwear/SEGCORE1_0201.jpg,0.46636667,large,PENDING_FINAL_HUMAN_CONFIRMATION,,,,,,unreviewed,worn_person,0.901114,product_display,0.851922,partial,0.557617,none,0.260845,full,0.512518,partial,0.025036,REVIEW,LOW_VISIBILITY_CONFIDENCE,1,0,,,COREPROV1_0185
SEGCORE1_0202,outerwear,short_sleeve_outwear,DeepFashion2,../fashion_data/raw/train/train/image/189186.jpg,item1_short_sleeve_outwear,benchmark/prd_3_1_v1/candidates/segmentation_core_stress_v1/masks/core/outerwear/SEGCORE1_0202.png,benchmark/prd_3_1_v1/candidates/segmentation_core_stress_v1/overlays/core/outerwear/SEGCORE1_0202.jpg,0.08495052,medium,PENDING_FINAL_HUMAN_CONFIRMATION,,,,,,unreviewed,product_display,0.693937,worn_person,0.452568,partial,0.587509,none,0.356469,full,0.628802,partial,0.257605,HIGH_CONF_SUGGESTION,,1,0,,,COREPROV1_0186
SEGCORE1_0203,outerwear,long_sleeve_outwear,DeepFashion2,../fashion_data/raw/train/train/image/189928.jpg,item3_long_sleeve_outwear,benchmark/prd_3_1_v1/candidates/segmentation_core_stress_v1/masks/core/outerwear/SEGCORE1_0203.png,benchmark/prd_3_1_v1/candidates/segmentation_core_stress_v1/overlays/core/outerwear/SEGCORE1_0203.jpg,0.01603150,small,PENDING_FINAL_HUMAN_CONFIRMATION,,,,,,unreviewed,product_display,0.804808,worn_person,0.672828,none,0.413626,partial,0.001801,partial,0.538792,full,0.077584,REVIEW,LOW_OCCLUSION_CONFIDENCE|LOW_VISIBILITY_CONFIDENCE,1,0,,,COREPROV1_0187
SEGCORE1_0204,outerwear,long_sleeve_outwear,DeepFashion2,../fashion_data/raw/train/train/image/099616.jpg,item1_long_sleeve_outwear,benchmark/prd_3_1_v1/candidates/segmentation_core_stress_v1/masks/core/outerwear/SEGCORE1_0204.png,benchmark/prd_3_1_v1/candidates/segmentation_core_stress_v1/overlays/core/outerwear/SEGCORE1_0204.jpg,0.91589121,large,PENDING_FINAL_HUMAN_CONFIRMATION,,,,,,unreviewed,partial_view,0.540250,product_display,0.151242,none,0.444467,heavy,0.141847,full,0.542624,partial,0.085248,REVIEW,LOW_OCCLUSION_CONFIDENCE,1,0,,,COREPROV1_0188
SEGCORE1_0205,outerwear,long_sleeve_outwear,DeepFashion2,../fashion_data/raw/train/train/image/075414.jpg,item2_long_sleeve_outwear,benchmark/prd_3_1_v1/candidates/segmentation_core_stress_v1/masks/core/outerwear/SEGCORE1_0205.png,benchmark/prd_3_1_v1/candidates/segmentation_core_stress_v1/overlays/core/outerwear/SEGCORE1_0205.jpg,0.07770081,medium,PENDING_FINAL_HUMAN_CONFIRMATION,,,,,,unreviewed,worn_person,0.943422,complex_scene,0.906559,partial,0.562883,none,0.252767,partial,0.514158,full,0.028317,REVIEW,LOW_VISIBILITY_CONFIDENCE,1,0,,,COREPROV1_0189
SEGCORE1_0206,outerwear,short_sleeve_outwear,DeepFashion2,../fashion_data/raw/train/train/image/016956.jpg,item1_short_sleeve_outwear,benchmark/prd_3_1_v1/candidates/segmentation_core_stress_v1/masks/core/outerwear/SEGCORE1_0206.png,benchmark/prd_3_1_v1/candidates/segmentation_core_stress_v1/overlays/core/outerwear/SEGCORE1_0206.jpg,0.61035156,large,PENDING_FINAL_HUMAN_CONFIRMATION,,,,,,unreviewed,worn_person,0.707290,partial_view,0.547812,none,0.424375,partial,0.025706,partial,0.538635,full,0.077271,REVIEW,LOW_OCCLUSION_CONFIDENCE|LOW_VISIBILITY_CONFIDENCE,1,0,,,COREPROV1_0190
SEGCORE1_0207,outerwear,short_sleeve_outwear,DeepFashion2,../fashion_data/raw/train/train/image/081549.jpg,item1_short_sleeve_outwear,benchmark/prd_3_1_v1/candidates/segmentation_core_stress_v1/masks/core/outerwear/SEGCORE1_0207.png,benchmark/prd_3_1_v1/candidates/segmentation_core_stress_v1/overlays/core/outerwear/SEGCORE1_0207.jpg,0.07638988,medium,PENDING_FINAL_HUMAN_CONFIRMATION,,,,,,unreviewed,worn_person,0.713496,partial_view,0.575240,partial,0.688721,none,0.471722,full,0.585424,partial,0.170849,HIGH_CONF_SUGGESTION,,1,0,,,COREPROV1_0191
SEGCORE1_0208,outerwear,long_sleeve_outwear,DeepFashion2,../fashion_data/raw/train/train/image/077715.jpg,item2_long_sleeve_outwear,benchmark/prd_3_1_v1/candidates/segmentation_core_stress_v1/masks/core/outerwear/SEGCORE1_0208.png,benchmark/prd_3_1_v1/candidates/segmentation_core_stress_v1/overlays/core/outerwear/SEGCORE1_0208.jpg,0.01547158,small,PENDING_FINAL_HUMAN_CONFIRMATION,,,,,,unreviewed,product_display,0.481035,worn_person,0.221125,partial,0.566866,none,0.302707,partial,0.684497,full,0.368994,HIGH_CONF_SUGGESTION,,1,0,,,COREPROV1_0192
SEGCORE1_0209,outerwear,long_sleeve_outwear,DeepFashion2,../fashion_data/raw/train/train/image/187422.jpg,item2_long_sleeve_outwear,benchmark/prd_3_1_v1/candidates/segmentation_core_stress_v1/masks/core/outerwear/SEGCORE1_0209.png,benchmark/prd_3_1_v1/candidates/segmentation_core_stress_v1/overlays/core/outerwear/SEGCORE1_0209.jpg,0.47561035,large,PENDING_FINAL_HUMAN_CONFIRMATION,,,,,,unreviewed,worn_person,0.908207,partial_view,0.844001,partial,0.616351,none,0.350692,partial,0.588317,full,0.176635,HIGH_CONF_SUGGESTION,,1,0,,,COREPROV1_0193
SEGCORE1_0210,outerwear,long_sleeve_outwear,DeepFashion2,../fashion_data/raw/train/train/image/013262.jpg,item1_long_sleeve_outwear,benchmark/prd_3_1_v1/candidates/segmentation_core_stress_v1/masks/core/outerwear/SEGCORE1_0210.png,benchmark/prd_3_1_v1/candidates/segmentation_core_stress_v1/overlays/core/outerwear/SEGCORE1_0210.jpg,0.08571429,medium,PENDING_FINAL_HUMAN_CONFIRMATION,,,,,,unreviewed,worn_person,0.893678,complex_scene,0.843332,partial,0.631110,none,0.389075,full,0.580386,partial,0.160773,HIGH_CONF_SUGGESTION,,1,0,,,COREPROV1_0194
SEGCORE1_0211,outerwear,short_sleeve_outwear,DeepFashion2,../fashion_data/raw/train/train/image/174644.jpg,item1_short_sleeve_outwear,benchmark/prd_3_1_v1/candidates/segmentation_core_stress_v1/masks/core/outerwear/SEGCORE1_0211.png,benchmark/prd_3_1_v1/candidates/segmentation_core_stress_v1/overlays/core/outerwear/SEGCORE1_0211.jpg,0.13046515,large,HUMAN_PASS,PASS,,,,,unreviewed,worn_person,0.870813,partial_view,0.789463,none,0.408729,partial,0.014917,partial,0.536587,full,0.073174,REVIEW,LOW_OCCLUSION_CONFIDENCE|LOW_VISIBILITY_CONFIDENCE,1,0,,,COREPROV1_0195
SEGCORE1_0212,outerwear,short_sleeve_outwear,DeepFashion2,../fashion_data/raw/train/train/image/081541.jpg,item2_short_sleeve_outwear,benchmark/prd_3_1_v1/candidates/segmentation_core_stress_v1/masks/core/outerwear/SEGCORE1_0212.png,benchmark/prd_3_1_v1/candidates/segmentation_core_stress_v1/overlays/core/outerwear/SEGCORE1_0212.jpg,0.05777735,medium,PENDING_FINAL_HUMAN_CONFIRMATION,,,,,,unreviewed,worn_person,0.453915,product_display,0.122294,partial,0.552254,none,0.226500,full,0.549473,partial,0.098947,HIGH_CONF_SUGGESTION,,1,0,,,COREPROV1_0196
SEGCORE1_0213,outerwear,long_sleeve_outwear,DeepFashion2,../fashion_data/raw/train/train/image/119318.jpg,item1_long_sleeve_outwear,benchmark/prd_3_1_v1/candidates/segmentation_core_stress_v1/masks/core/outerwear/SEGCORE1_0213.png,benchmark/prd_3_1_v1/candidates/segmentation_core_stress_v1/overlays/core/outerwear/SEGCORE1_0213.jpg,0.01469652,small,PENDING_FINAL_HUMAN_CONFIRMATION,,,,,,unreviewed,worn_person,0.824269,product_display,0.727299,partial,0.711463,none,0.537946,partial,0.585228,full,0.170457,HIGH_CONF_SUGGESTION,,1,0,,,COREPROV1_0197
SEGCORE1_0215,outerwear,long_sleeve_outwear,DeepFashion2,../fashion_data/raw/train/train/image/063330.jpg,item1_long_sleeve_outwear,benchmark/prd_3_1_v1/candidates/segmentation_core_stress_v1/masks/core/outerwear/SEGCORE1_0215.png,benchmark/prd_3_1_v1/candidates/segmentation_core_stress_v1/overlays/core/outerwear/SEGCORE1_0215.jpg,0.08115560,medium,PENDING_FINAL_HUMAN_CONFIRMATION,,,,,,unreviewed,worn_person,0.951118,partial_view,0.924635,partial,0.463493,none,0.122577,full,0.568166,partial,0.136332,HIGH_CONF_SUGGESTION,,1,0,,,COREPROV1_0198
SEGCORE1_0216,outerwear,short_sleeve_outwear,DeepFashion2,../fashion_data/raw/train/train/image/130702.jpg,item1_short_sleeve_outwear,benchmark/prd_3_1_v1/candidates/segmentation_core_stress_v1/masks/core/outerwear/SEGCORE1_0216.png,benchmark/prd_3_1_v1/candidates/segmentation_core_stress_v1/overlays/core/outerwear/SEGCORE1_0216.jpg,0.67013204,large,PENDING_FINAL_HUMAN_CONFIRMATION,,,,,,unreviewed,product_display,0.716149,partial_view,0.454844,none,0.434273,heavy,0.115442,full,0.685819,partial,0.371638,REVIEW,LOW_OCCLUSION_CONFIDENCE,1,0,,,COREPROV1_0199
SEGCORE1_0220,outerwear,long_sleeve_outwear,DeepFashion2,../fashion_data/raw/train/train/image/097970.jpg,item1_long_sleeve_outwear,benchmark/prd_3_1_v1/candidates/segmentation_core_stress_v1/masks/core/outerwear/SEGCORE1_0220.png,benchmark/prd_3_1_v1/candidates/segmentation_core_stress_v1/overlays/core/outerwear/SEGCORE1_0220.jpg,0.08268887,medium,PENDING_FINAL_HUMAN_CONFIRMATION,,,,,,unreviewed,worn_person,0.847697,complex_scene,0.770237,partial,0.474751,none,0.124621,full,0.659101,partial,0.318202,HIGH_CONF_SUGGESTION,,1,0,,,COREPROV1_0200
SEGCORE1_0221,dress,short_sleeve_dress,DeepFashion2,../fashion_data/raw/train/train/image/062914.jpg,item1_short_sleeve_dress,benchmark/prd_3_1_v1/candidates/segmentation_core_stress_v1/masks/core/dress/SEGCORE1_0221.png,benchmark/prd_3_1_v1/candidates/segmentation_core_stress_v1/overlays/core/dress/SEGCORE1_0221.jpg,0.30053327,large,PENDING_FINAL_HUMAN_CONFIRMATION,,,,,,unreviewed,product_display,0.623049,worn_person,0.402351,partial,0.538183,none,0.245662,full,0.502642,partial,0.005284,REVIEW,LOW_VISIBILITY_CONFIDENCE,1,0,,,COREPROV1_0201
SEGCORE1_0222,dress,sling_dress,DeepFashion2,../fashion_data/raw/train/train/image/022015.jpg,item2_sling_dress,benchmark/prd_3_1_v1/candidates/segmentation_core_stress_v1/masks/core/dress/SEGCORE1_0222.png,benchmark/prd_3_1_v1/candidates/segmentation_core_stress_v1/overlays/core/dress/SEGCORE1_0222.jpg,0.08283217,medium,PENDING_FINAL_HUMAN_CONFIRMATION,,,,,,unreviewed,product_display,0.983145,partial_view,0.974444,none,0.481221,partial,0.171936,partial,0.684358,full,0.368717,HIGH_CONF_SUGGESTION,,1,0,,,COREPROV1_0202
SEGCORE1_0223,dress,vest_dress,DeepFashion2,../fashion_data/raw/train/train/image/033105.jpg,item1_vest_dress,benchmark/prd_3_1_v1/candidates/segmentation_core_stress_v1/masks/core/dress/SEGCORE1_0223.png,benchmark/prd_3_1_v1/candidates/segmentation_core_stress_v1/overlays/core/dress/SEGCORE1_0223.jpg,0.33775000,large,PENDING_FINAL_HUMAN_CONFIRMATION,,,,,,unreviewed,worn_person,0.787409,complex_scene,0.711018,none,0.474697,partial,0.160260,partial,0.642959,full,0.285918,HIGH_CONF_SUGGESTION,,1,0,,,COREPROV1_0203
SEGCORE1_0224,dress,short_sleeve_dress,DeepFashion2,../fashion_data/raw/train/train/image/101965.jpg,item1_short_sleeve_dress,benchmark/prd_3_1_v1/candidates/segmentation_core_stress_v1/masks/core/dress/SEGCORE1_0224.png,benchmark/prd_3_1_v1/candidates/segmentation_core_stress_v1/overlays/core/dress/SEGCORE1_0224.jpg,0.08060504,medium,PENDING_FINAL_HUMAN_CONFIRMATION,,,,,,unreviewed,worn_person,0.648404,product_display,0.469660,partial,0.648379,none,0.424248,partial,0.503151,full,0.006302,REVIEW,LOW_VISIBILITY_CONFIDENCE,1,0,,,COREPROV1_0204
SEGCORE1_0225,dress,long_sleeve_dress,DeepFashion2,../fashion_data/raw/train/train/image/072975.jpg,item1_long_sleeve_dress,benchmark/prd_3_1_v1/candidates/segmentation_core_stress_v1/masks/core/dress/SEGCORE1_0225.png,benchmark/prd_3_1_v1/candidates/segmentation_core_stress_v1/overlays/core/dress/SEGCORE1_0225.jpg,0.04858616,medium,PENDING_FINAL_HUMAN_CONFIRMATION,,,,,,unreviewed,worn_person,0.797433,partial_view,0.708668,partial,0.740623,heavy,0.610552,full,0.549830,partial,0.099661,HIGH_CONF_SUGGESTION,,1,0,,,COREPROV1_0205
SEGCORE1_0226,dress,sling_dress,DeepFashion2,../fashion_data/raw/train/train/image/079653.jpg,item1_sling_dress,benchmark/prd_3_1_v1/candidates/segmentation_core_stress_v1/masks/core/dress/SEGCORE1_0226.png,benchmark/prd_3_1_v1/candidates/segmentation_core_stress_v1/overlays/core/dress/SEGCORE1_0226.jpg,0.01990878,small,PENDING_FINAL_HUMAN_CONFIRMATION,,,,,,unreviewed,worn_person,0.659312,complex_scene,0.420416,partial,0.661181,none,0.428055,full,0.518561,partial,0.037123,REVIEW,LOW_VISIBILITY_CONFIDENCE,1,0,,,COREPROV1_0206
SEGCORE1_0227,dress,vest_dress,DeepFashion2,../fashion_data/raw/train/train/image/140249.jpg,item1_vest_dress,benchmark/prd_3_1_v1/candidates/segmentation_core_stress_v1/masks/core/dress/SEGCORE1_0227.png,benchmark/prd_3_1_v1/candidates/segmentation_core_stress_v1/overlays/core/dress/SEGCORE1_0227.jpg,0.09970479,medium,PENDING_FINAL_HUMAN_CONFIRMATION,,,,,,unreviewed,worn_person,0.866908,product_display,0.772927,partial,0.571764,none,0.271144,full,0.532991,partial,0.065981,REVIEW,LOW_VISIBILITY_CONFIDENCE,1,0,,,COREPROV1_0207
SEGCORE1_0228,dress,short_sleeve_dress,DeepFashion2,../fashion_data/raw/train/train/image/021661.jpg,item2_short_sleeve_dress,benchmark/prd_3_1_v1/candidates/segmentation_core_stress_v1/masks/core/dress/SEGCORE1_0228.png,benchmark/prd_3_1_v1/candidates/segmentation_core_stress_v1/overlays/core/dress/SEGCORE1_0228.jpg,0.01921022,small,PENDING_FINAL_HUMAN_CONFIRMATION,,,,,,unreviewed,worn_person,0.592389,product_display,0.403283,partial,0.471758,none,0.165377,partial,0.712655,full,0.425309,HIGH_CONF_SUGGESTION,,1,0,,,COREPROV1_0208
SEGCORE1_0229,dress,sling_dress,DeepFashion2,../fashion_data/raw/train/train/image/166052.jpg,item1_sling_dress,benchmark/prd_3_1_v1/candidates/segmentation_core_stress_v1/masks/core/dress/SEGCORE1_0229.png,benchmark/prd_3_1_v1/candidates/segmentation_core_stress_v1/overlays/core/dress/SEGCORE1_0229.jpg,0.40111586,large,PENDING_FINAL_HUMAN_CONFIRMATION,,,,,,unreviewed,worn_person,0.674470,complex_scene,0.513385,partial,0.439629,none,0.121594,partial,0.508027,full,0.016055,REVIEW,LOW_OCCLUSION_CONFIDENCE|LOW_VISIBILITY_CONFIDENCE,1,0,,,COREPROV1_0209
SEGCORE1_0230,dress,long_sleeve_dress,DeepFashion2,../fashion_data/raw/train/train/image/086697.jpg,item1_long_sleeve_dress,benchmark/prd_3_1_v1/candidates/segmentation_core_stress_v1/masks/core/dress/SEGCORE1_0230.png,benchmark/prd_3_1_v1/candidates/segmentation_core_stress_v1/overlays/core/dress/SEGCORE1_0230.jpg,0.44162879,large,PENDING_FINAL_HUMAN_CONFIRMATION,,,,,,unreviewed,worn_person,0.633027,product_display,0.415014,none,0.437359,partial,0.131114,partial,0.624849,full,0.249699,REVIEW,LOW_OCCLUSION_CONFIDENCE,1,0,,,COREPROV1_0210
SEGCORE1_0231,dress,vest_dress,DeepFashion2,../fashion_data/raw/train/train/image/009625.jpg,item3_vest_dress,benchmark/prd_3_1_v1/candidates/segmentation_core_stress_v1/masks/core/dress/SEGCORE1_0231.png,benchmark/prd_3_1_v1/candidates/segmentation_core_stress_v1/overlays/core/dress/SEGCORE1_0231.jpg,0.01712329,small,PENDING_FINAL_HUMAN_CONFIRMATION,,,,,,unreviewed,product_display,0.859194,complex_scene,0.793703,none,0.477872,partial,0.167935,partial,0.797569,full,0.595137,HIGH_CONF_SUGGESTION,,1,0,,,COREPROV1_0211
SEGCORE1_0232,dress,long_sleeve_dress,DeepFashion2,../fashion_data/raw/train/train/image/156930.jpg,item2_long_sleeve_dress,benchmark/prd_3_1_v1/candidates/segmentation_core_stress_v1/masks/core/dress/SEGCORE1_0232.png,benchmark/prd_3_1_v1/candidates/segmentation_core_stress_v1/overlays/core/dress/SEGCORE1_0232.jpg,0.01231304,small,PENDING_FINAL_HUMAN_CONFIRMATION,,,,,,unreviewed,worn_person,0.827123,complex_scene,0.718278,none,0.418792,partial,0.074605,partial,0.751162,full,0.502323,REVIEW,LOW_OCCLUSION_CONFIDENCE,1,0,,,COREPROV1_0212
SEGCORE1_0233,dress,short_sleeve_dress,DeepFashion2,../fashion_data/raw/train/train/image/092487.jpg,item1_short_sleeve_dress,benchmark/prd_3_1_v1/candidates/segmentation_core_stress_v1/masks/core/dress/SEGCORE1_0233.png,benchmark/prd_3_1_v1/candidates/segmentation_core_stress_v1/overlays/core/dress/SEGCORE1_0233.jpg,0.62891271,large,PENDING_FINAL_HUMAN_CONFIRMATION,,,,,,unreviewed,worn_person,0.678663,partial_view,0.517275,none,0.618244,partial,0.376110,partial,0.710271,full,0.420543,HIGH_CONF_SUGGESTION,,1,0,,,COREPROV1_0213
SEGCORE1_0234,dress,sling_dress,DeepFashion2,../fashion_data/raw/train/train/image/146606.jpg,item1_sling_dress,benchmark/prd_3_1_v1/candidates/segmentation_core_stress_v1/masks/core/dress/SEGCORE1_0234.png,benchmark/prd_3_1_v1/candidates/segmentation_core_stress_v1/overlays/core/dress/SEGCORE1_0234.jpg,0.07554824,medium,PENDING_FINAL_HUMAN_CONFIRMATION,,,,,,unreviewed,worn_person,0.920144,product_display,0.878010,none,0.491777,partial,0.166723,partial,0.649540,full,0.299081,HIGH_CONF_SUGGESTION,,1,0,,,COREPROV1_0214
SEGCORE1_0235,dress,vest_dress,DeepFashion2,../fashion_data/raw/train/train/image/011287.jpg,item1_vest_dress,benchmark/prd_3_1_v1/candidates/segmentation_core_stress_v1/masks/core/dress/SEGCORE1_0235.png,benchmark/prd_3_1_v1/candidates/segmentation_core_stress_v1/overlays/core/dress/SEGCORE1_0235.jpg,0.92762555,large,PENDING_FINAL_HUMAN_CONFIRMATION,,,,,,unreviewed,partial_view,0.642302,worn_person,0.351326,none,0.495612,partial,0.231543,partial,0.769283,full,0.538567,HIGH_CONF_SUGGESTION,,1,0,,,COREPROV1_0215
SEGCORE1_0236,dress,short_sleeve_dress,DeepFashion2,../fashion_data/raw/train/train/image/075976.jpg,item1_short_sleeve_dress,benchmark/prd_3_1_v1/candidates/segmentation_core_stress_v1/masks/core/dress/SEGCORE1_0236.png,benchmark/prd_3_1_v1/candidates/segmentation_core_stress_v1/overlays/core/dress/SEGCORE1_0236.jpg,0.08229035,medium,PENDING_FINAL_HUMAN_CONFIRMATION,,,,,,unreviewed,worn_person,0.649040,product_display,0.367735,partial,0.577162,none,0.280707,full,0.515003,partial,0.030007,REVIEW,LOW_VISIBILITY_CONFIDENCE,1,0,,,COREPROV1_0216
SEGCORE1_0237,dress,long_sleeve_dress,DeepFashion2,../fashion_data/raw/train/train/image/109570.jpg,item1_long_sleeve_dress,benchmark/prd_3_1_v1/candidates/segmentation_core_stress_v1/masks/core/dress/SEGCORE1_0237.png,benchmark/prd_3_1_v1/candidates/segmentation_core_stress_v1/overlays/core/dress/SEGCORE1_0237.jpg,0.08325557,medium,PENDING_FINAL_HUMAN_CONFIRMATION,,,,,,unreviewed,worn_person,0.839803,partial_view,0.749172,none,0.545580,partial,0.263471,partial,0.549469,full,0.098938,HIGH_CONF_SUGGESTION,,1,0,,,COREPROV1_0217
SEGCORE1_0238,dress,sling_dress,DeepFashion2,../fashion_data/raw/train/train/image/002145.jpg,item1_sling_dress,benchmark/prd_3_1_v1/candidates/segmentation_core_stress_v1/masks/core/dress/SEGCORE1_0238.png,benchmark/prd_3_1_v1/candidates/segmentation_core_stress_v1/overlays/core/dress/SEGCORE1_0238.jpg,0.01431138,small,PENDING_FINAL_HUMAN_CONFIRMATION,,,,,,unreviewed,worn_person,0.781612,complex_scene,0.689620,partial,0.593100,none,0.295962,full,0.668994,partial,0.337989,HIGH_CONF_SUGGESTION,,1,0,,,COREPROV1_0218
SEGCORE1_0239,dress,vest_dress,DeepFashion2,../fashion_data/raw/train/train/image/075511.jpg,item1_vest_dress,benchmark/prd_3_1_v1/candidates/segmentation_core_stress_v1/masks/core/dress/SEGCORE1_0239.png,benchmark/prd_3_1_v1/candidates/segmentation_core_stress_v1/overlays/core/dress/SEGCORE1_0239.jpg,0.07910092,medium,PENDING_FINAL_HUMAN_CONFIRMATION,,,,,,unreviewed,worn_person,0.539534,product_display,0.310243,partial,0.546897,none,0.229337,partial,0.671134,full,0.342268,HIGH_CONF_SUGGESTION,,1,0,,,COREPROV1_0219
SEGCORE1_0240,dress,short_sleeve_dress,DeepFashion2,../fashion_data/raw/train/train/image/181559.jpg,item3_short_sleeve_dress,benchmark/prd_3_1_v1/candidates/segmentation_core_stress_v1/masks/core/dress/SEGCORE1_0240.png,benchmark/prd_3_1_v1/candidates/segmentation_core_stress_v1/overlays/core/dress/SEGCORE1_0240.jpg,0.01365807,small,PENDING_FINAL_HUMAN_CONFIRMATION,,,,,,unreviewed,worn_person,0.359178,product_display,0.027283,partial,0.436045,none,0.035472,partial,0.733487,full,0.466973,REVIEW,LOW_SCENE_CONFIDENCE|LOW_OCCLUSION_CONFIDENCE,1,1,,,COREPROV1_0220
SEGCORE1_0241,dress,sling_dress,DeepFashion2,../fashion_data/raw/train/train/image/066524.jpg,item1_sling_dress,benchmark/prd_3_1_v1/candidates/segmentation_core_stress_v1/masks/core/dress/SEGCORE1_0241.png,benchmark/prd_3_1_v1/candidates/segmentation_core_stress_v1/overlays/core/dress/SEGCORE1_0241.jpg,0.51816582,large,PENDING_FINAL_HUMAN_CONFIRMATION,,,,,,unreviewed,worn_person,0.890810,partial_view,0.788625,none,0.397262,partial,0.016105,partial,0.550938,full,0.101875,REVIEW,LOW_OCCLUSION_CONFIDENCE,1,0,,,COREPROV1_0221
SEGCORE1_0242,dress,long_sleeve_dress,DeepFashion2,../fashion_data/raw/train/train/image/168853.jpg,item1_long_sleeve_dress,benchmark/prd_3_1_v1/candidates/segmentation_core_stress_v1/masks/core/dress/SEGCORE1_0242.png,benchmark/prd_3_1_v1/candidates/segmentation_core_stress_v1/overlays/core/dress/SEGCORE1_0242.jpg,0.23394531,large,PENDING_FINAL_HUMAN_CONFIRMATION,,,,,,unreviewed,product_display,0.695599,worn_person,0.514140,none,0.702708,partial,0.550944,partial,0.724499,full,0.448997,HIGH_CONF_SUGGESTION,,1,0,,,COREPROV1_0222
SEGCORE1_0243,dress,vest_dress,DeepFashion2,../fashion_data/raw/train/train/image/145118.jpg,item1_vest_dress,benchmark/prd_3_1_v1/candidates/segmentation_core_stress_v1/masks/core/dress/SEGCORE1_0243.png,benchmark/prd_3_1_v1/candidates/segmentation_core_stress_v1/overlays/core/dress/SEGCORE1_0243.jpg,0.01484156,small,PENDING_FINAL_HUMAN_CONFIRMATION,,,,,,unreviewed,worn_person,0.958962,product_display,0.933872,none,0.535413,partial,0.239279,partial,0.610394,full,0.220787,HIGH_CONF_SUGGESTION,,1,0,,,COREPROV1_0223
SEGCORE1_0244,dress,long_sleeve_dress,DeepFashion2,../fashion_data/raw/train/train/image/133136.jpg,item1_long_sleeve_dress,benchmark/prd_3_1_v1/candidates/segmentation_core_stress_v1/masks/core/dress/SEGCORE1_0244.png,benchmark/prd_3_1_v1/candidates/segmentation_core_stress_v1/overlays/core/dress/SEGCORE1_0244.jpg,0.01954808,small,PENDING_FINAL_HUMAN_CONFIRMATION,,,,,,unreviewed,product_display,0.893748,complex_scene,0.802168,none,0.503761,partial,0.207914,partial,0.666826,full,0.333652,HIGH_CONF_SUGGESTION,,1,0,,,COREPROV1_0224
SEGCORE1_0245,dress,short_sleeve_dress,DeepFashion2,../fashion_data/raw/train/train/image/049578.jpg,item2_short_sleeve_dress,benchmark/prd_3_1_v1/candidates/segmentation_core_stress_v1/masks/core/dress/SEGCORE1_0245.png,benchmark/prd_3_1_v1/candidates/segmentation_core_stress_v1/overlays/core/dress/SEGCORE1_0245.jpg,0.23129395,large,PENDING_FINAL_HUMAN_CONFIRMATION,,,,,,unreviewed,worn_person,0.521366,product_display,0.102177,partial,0.395053,none,0.036266,partial,0.659207,full,0.318414,REVIEW,LOW_OCCLUSION_CONFIDENCE,1,0,,,COREPROV1_0225
SEGCORE1_0246,dress,sling_dress,DeepFashion2,../fashion_data/raw/train/train/image/106984.jpg,item1_sling_dress,benchmark/prd_3_1_v1/candidates/segmentation_core_stress_v1/masks/core/dress/SEGCORE1_0246.png,benchmark/prd_3_1_v1/candidates/segmentation_core_stress_v1/overlays/core/dress/SEGCORE1_0246.jpg,0.08906250,medium,PENDING_FINAL_HUMAN_CONFIRMATION,,,,,,unreviewed,worn_person,0.860062,product_display,0.774721,partial,0.615137,none,0.365945,partial,0.686343,full,0.372686,HIGH_CONF_SUGGESTION,,1,0,,,COREPROV1_0226
SEGCORE1_0247,dress,vest_dress,DeepFashion2,../fashion_data/raw/train/train/image/133235.jpg,item1_vest_dress,benchmark/prd_3_1_v1/candidates/segmentation_core_stress_v1/masks/core/dress/SEGCORE1_0247.png,benchmark/prd_3_1_v1/candidates/segmentation_core_stress_v1/overlays/core/dress/SEGCORE1_0247.jpg,0.51867273,large,PENDING_FINAL_HUMAN_CONFIRMATION,,,,,,unreviewed,partial_view,0.404791,product_display,0.126898,partial,0.513889,none,0.234657,partial,0.591939,full,0.183878,HIGH_CONF_SUGGESTION,,1,0,,,COREPROV1_0227
SEGCORE1_0248,dress,short_sleeve_dress,DeepFashion2,../fashion_data/raw/train/train/image/115766.jpg,item1_short_sleeve_dress,benchmark/prd_3_1_v1/candidates/segmentation_core_stress_v1/masks/core/dress/SEGCORE1_0248.png,benchmark/prd_3_1_v1/candidates/segmentation_core_stress_v1/overlays/core/dress/SEGCORE1_0248.jpg,0.04105161,medium,PENDING_FINAL_HUMAN_CONFIRMATION,,,,,,unreviewed,worn_person,0.578693,product_display,0.294568,partial,0.658250,none,0.400699,full,0.575805,partial,0.151609,HIGH_CONF_SUGGESTION,,1,0,,,COREPROV1_0228
SEGCORE1_0249,dress,long_sleeve_dress,DeepFashion2,../fashion_data/raw/train/train/image/043686.jpg,item1_long_sleeve_dress,benchmark/prd_3_1_v1/candidates/segmentation_core_stress_v1/masks/core/dress/SEGCORE1_0249.png,benchmark/prd_3_1_v1/candidates/segmentation_core_stress_v1/overlays/core/dress/SEGCORE1_0249.jpg,0.06641791,medium,PENDING_FINAL_HUMAN_CONFIRMATION,,,,,,unreviewed,product_display,0.619132,worn_person,0.291382,none,0.445743,partial,0.082191,partial,0.593044,full,0.186088,REVIEW,LOW_OCCLUSION_CONFIDENCE,1,0,,,COREPROV1_0229
SEGCORE1_0250,dress,sling_dress,DeepFashion2,../fashion_data/raw/train/train/image/041520.jpg,item1_sling_dress,benchmark/prd_3_1_v1/candidates/segmentation_core_stress_v1/masks/core/dress/SEGCORE1_0250.png,benchmark/prd_3_1_v1/candidates/segmentation_core_stress_v1/overlays/core/dress/SEGCORE1_0250.jpg,0.01501890,small,PENDING_FINAL_HUMAN_CONFIRMATION,,,,,,unreviewed,worn_person,0.866126,product_display,0.780921,none,0.522376,partial,0.188837,partial,0.643701,full,0.287402,HIGH_CONF_SUGGESTION,,1,0,,,COREPROV1_0230
SEGCORE1_0251,dress,vest_dress,DeepFashion2,../fashion_data/raw/train/train/image/068565.jpg,item1_vest_dress,benchmark/prd_3_1_v1/candidates/segmentation_core_stress_v1/masks/core/dress/SEGCORE1_0251.png,benchmark/prd_3_1_v1/candidates/segmentation_core_stress_v1/overlays/core/dress/SEGCORE1_0251.jpg,0.08676824,medium,PENDING_FINAL_HUMAN_CONFIRMATION,,,,,,unreviewed,product_display,0.641019,worn_person,0.296976,partial,0.603037,none,0.329307,full,0.505514,partial,0.011028,REVIEW,LOW_VISIBILITY_CONFIDENCE,1,0,,,COREPROV1_0231
SEGCORE1_0252,dress,short_sleeve_dress,DeepFashion2,../fashion_data/raw/train/train/image/167285.jpg,item1_short_sleeve_dress,benchmark/prd_3_1_v1/candidates/segmentation_core_stress_v1/masks/core/dress/SEGCORE1_0252.png,benchmark/prd_3_1_v1/candidates/segmentation_core_stress_v1/overlays/core/dress/SEGCORE1_0252.jpg,0.01886095,small,PENDING_FINAL_HUMAN_CONFIRMATION,,,,,,unreviewed,worn_person,0.497147,complex_scene,0.122562,partial,0.466143,none,0.097712,partial,0.660216,full,0.320432,HIGH_CONF_SUGGESTION,,1,0,,,COREPROV1_0232
SEGCORE1_0253,dress,sling_dress,DeepFashion2,../fashion_data/raw/train/train/image/111518.jpg,item1_sling_dress,benchmark/prd_3_1_v1/candidates/segmentation_core_stress_v1/masks/core/dress/SEGCORE1_0253.png,benchmark/prd_3_1_v1/candidates/segmentation_core_stress_v1/overlays/core/dress/SEGCORE1_0253.jpg,0.14136889,large,PENDING_FINAL_HUMAN_CONFIRMATION,,,,,,unreviewed,worn_person,0.888754,product_display,0.814511,partial,0.614833,none,0.372516,full,0.511958,partial,0.023916,REVIEW,LOW_VISIBILITY_CONFIDENCE,1,0,,,COREPROV1_0233
SEGCORE1_0254,dress,long_sleeve_dress,DeepFashion2,../fashion_data/raw/train/train/image/046348.jpg,item1_long_sleeve_dress,benchmark/prd_3_1_v1/candidates/segmentation_core_stress_v1/masks/core/dress/SEGCORE1_0254.png,benchmark/prd_3_1_v1/candidates/segmentation_core_stress_v1/overlays/core/dress/SEGCORE1_0254.jpg,0.77578211,large,PENDING_FINAL_HUMAN_CONFIRMATION,,,,,,unreviewed,partial_view,0.780747,product_display,0.638869,heavy,0.496792,partial,0.157703,partial,0.732616,full,0.465232,HIGH_CONF_SUGGESTION,,1,0,,,COREPROV1_0234
SEGCORE1_0255,dress,vest_dress,DeepFashion2,../fashion_data/raw/train/train/image/119420.jpg,item2_vest_dress,benchmark/prd_3_1_v1/candidates/segmentation_core_stress_v1/masks/core/dress/SEGCORE1_0255.png,benchmark/prd_3_1_v1/candidates/segmentation_core_stress_v1/overlays/core/dress/SEGCORE1_0255.jpg,0.01323605,small,PENDING_FINAL_HUMAN_CONFIRMATION,,,,,,unreviewed,worn_person,0.607245,product_display,0.276037,none,0.654289,partial,0.465196,partial,0.541011,full,0.082021,HIGH_CONF_SUGGESTION,,1,0,,,COREPROV1_0235
SEGCORE1_0256,dress,long_sleeve_dress,DeepFashion2,../fashion_data/raw/train/train/image/036674.jpg,item1_long_sleeve_dress,benchmark/prd_3_1_v1/candidates/segmentation_core_stress_v1/masks/core/dress/SEGCORE1_0256.png,benchmark/prd_3_1_v1/candidates/segmentation_core_stress_v1/overlays/core/dress/SEGCORE1_0256.jpg,0.00815625,small,PENDING_FINAL_HUMAN_CONFIRMATION,,,,,,unreviewed,worn_person,0.481813,product_display,0.018054,partial,0.520107,none,0.184094,partial,0.755028,full,0.510055,REVIEW,LOW_SCENE_CONFIDENCE,1,1,,,COREPROV1_0236
SEGCORE1_0257,dress,short_sleeve_dress,DeepFashion2,../fashion_data/raw/train/train/image/166981.jpg,item1_short_sleeve_dress,benchmark/prd_3_1_v1/candidates/segmentation_core_stress_v1/masks/core/dress/SEGCORE1_0257.png,benchmark/prd_3_1_v1/candidates/segmentation_core_stress_v1/overlays/core/dress/SEGCORE1_0257.jpg,0.40933919,large,PENDING_FINAL_HUMAN_CONFIRMATION,,,,,,unreviewed,worn_person,0.620518,product_display,0.354757,none,0.589648,heavy,0.378746,partial,0.739894,full,0.479789,HIGH_CONF_SUGGESTION,,1,0,,,COREPROV1_0237
SEGCORE1_0258,dress,sling_dress,DeepFashion2,../fashion_data/raw/train/train/image/103981.jpg,item1_sling_dress,benchmark/prd_3_1_v1/candidates/segmentation_core_stress_v1/masks/core/dress/SEGCORE1_0258.png,benchmark/prd_3_1_v1/candidates/segmentation_core_stress_v1/overlays/core/dress/SEGCORE1_0258.jpg,0.07671795,medium,PENDING_FINAL_HUMAN_CONFIRMATION,,,,,,unreviewed,worn_person,0.849506,complex_scene,0.755373,partial,0.514906,none,0.158246,partial,0.599582,full,0.199164,HIGH_CONF_SUGGESTION,,1,0,,,COREPROV1_0238
SEGCORE1_0259,dress,vest_dress,DeepFashion2,../fashion_data/raw/train/train/image/060041.jpg,item1_vest_dress,benchmark/prd_3_1_v1/candidates/segmentation_core_stress_v1/masks/core/dress/SEGCORE1_0259.png,benchmark/prd_3_1_v1/candidates/segmentation_core_stress_v1/overlays/core/dress/SEGCORE1_0259.jpg,0.38326172,large,PENDING_FINAL_HUMAN_CONFIRMATION,,,,,,unreviewed,worn_person,0.489859,partial_view,0.141566,partial,0.646881,none,0.402327,partial,0.509243,full,0.018486,REVIEW,LOW_VISIBILITY_CONFIDENCE,1,0,,,COREPROV1_0239
SEGCORE1_0260,dress,short_sleeve_dress,DeepFashion2,../fashion_data/raw/train/train/image/119698.jpg,item1_short_sleeve_dress,benchmark/prd_3_1_v1/candidates/segmentation_core_stress_v1/masks/core/dress/SEGCORE1_0260.png,benchmark/prd_3_1_v1/candidates/segmentation_core_stress_v1/overlays/core/dress/SEGCORE1_0260.jpg,0.06766667,medium,PENDING_FINAL_HUMAN_CONFIRMATION,,,,,,unreviewed,product_display,0.539690,worn_person,0.245551,none,0.590303,partial,0.370444,partial,0.653956,full,0.307911,HIGH_CONF_SUGGESTION,,1,0,,,COREPROV1_0240
SEGCORE1_0262,dress,vest_dress,DeepFashion2,../fashion_data/raw/train/train/image/078672.jpg,item2_vest_dress,benchmark/prd_3_1_v1/candidates/segmentation_core_stress_v1/masks/core/dress/SEGCORE1_0262.png,benchmark/prd_3_1_v1/candidates/segmentation_core_stress_v1/overlays/core/dress/SEGCORE1_0262.jpg,0.08585366,medium,PENDING_FINAL_HUMAN_CONFIRMATION,,,,,,unreviewed,worn_person,0.531703,product_display,0.148665,partial,0.538180,none,0.239464,partial,0.665861,full,0.331722,HIGH_CONF_SUGGESTION,,1,0,,,COREPROV1_0241
SEGCORE1_0263,dress,short_sleeve_dress,DeepFashion2,../fashion_data/raw/train/train/image/019252.jpg,item1_short_sleeve_dress,benchmark/prd_3_1_v1/candidates/segmentation_core_stress_v1/masks/core/dress/SEGCORE1_0263.png,benchmark/prd_3_1_v1/candidates/segmentation_core_stress_v1/overlays/core/dress/SEGCORE1_0263.jpg,0.01590959,small,PENDING_FINAL_HUMAN_CONFIRMATION,,,,,,unreviewed,complex_scene,0.639601,worn_person,0.409222,partial,0.607400,none,0.366190,partial,0.766935,full,0.533869,HIGH_CONF_SUGGESTION,,1,0,,,COREPROV1_0242
SEGCORE1_0265,dress,long_sleeve_dress,DeepFashion2,../fashion_data/raw/train/train/image/128608.jpg,item1_long_sleeve_dress,benchmark/prd_3_1_v1/candidates/segmentation_core_stress_v1/masks/core/dress/SEGCORE1_0265.png,benchmark/prd_3_1_v1/candidates/segmentation_core_stress_v1/overlays/core/dress/SEGCORE1_0265.jpg,0.99200000,large,PENDING_FINAL_HUMAN_CONFIRMATION,,,,,,unreviewed,partial_view,0.873079,worn_person,0.748556,none,0.465662,partial,0.190157,partial,0.603224,full,0.206447,HIGH_CONF_SUGGESTION,,1,0,,,COREPROV1_0243
SEGCORE1_0267,dress,long_sleeve_dress,DeepFashion2,../fashion_data/raw/train/train/image/126631.jpg,item1_long_sleeve_dress,benchmark/prd_3_1_v1/candidates/segmentation_core_stress_v1/masks/core/dress/SEGCORE1_0267.png,benchmark/prd_3_1_v1/candidates/segmentation_core_stress_v1/overlays/core/dress/SEGCORE1_0267.jpg,0.01952821,small,PENDING_FINAL_HUMAN_CONFIRMATION,,,,,,unreviewed,worn_person,0.628436,product_display,0.449177,partial,0.573104,none,0.323286,partial,0.674606,full,0.349212,HIGH_CONF_SUGGESTION,,1,0,,,COREPROV1_0244
SEGCORE1_0269,dress,sling_dress,DeepFashion2,../fashion_data/raw/train/train/image/103585.jpg,item1_sling_dress,benchmark/prd_3_1_v1/candidates/segmentation_core_stress_v1/masks/core/dress/SEGCORE1_0269.png,benchmark/prd_3_1_v1/candidates/segmentation_core_stress_v1/overlays/core/dress/SEGCORE1_0269.jpg,0.08090612,medium,PENDING_FINAL_HUMAN_CONFIRMATION,,,,,,unreviewed,worn_person,0.744051,complex_scene,0.551334,partial,0.547098,none,0.230807,full,0.584024,partial,0.168047,HIGH_CONF_SUGGESTION,,1,0,,,COREPROV1_0245
SEGCORE1_0270,dress,vest_dress,DeepFashion2,../fashion_data/raw/train/train/image/122874.jpg,item1_vest_dress,benchmark/prd_3_1_v1/candidates/segmentation_core_stress_v1/masks/core/dress/SEGCORE1_0270.png,benchmark/prd_3_1_v1/candidates/segmentation_core_stress_v1/overlays/core/dress/SEGCORE1_0270.jpg,0.65074147,large,PENDING_FINAL_HUMAN_CONFIRMATION,,,,,,unreviewed,worn_person,0.667962,partial_view,0.506970,partial,0.571776,heavy,0.344852,partial,0.694088,full,0.388176,HIGH_CONF_SUGGESTION,,1,0,,,COREPROV1_0246
SEGCORE1_0272,dress,long_sleeve_dress,DeepFashion2,../fashion_data/raw/train/train/image/088853.jpg,item1_long_sleeve_dress,benchmark/prd_3_1_v1/candidates/segmentation_core_stress_v1/masks/core/dress/SEGCORE1_0272.png,benchmark/prd_3_1_v1/candidates/segmentation_core_stress_v1/overlays/core/dress/SEGCORE1_0272.jpg,0.05570669,medium,PENDING_FINAL_HUMAN_CONFIRMATION,,,,,,unreviewed,product_display,0.797203,complex_scene,0.666555,partial,0.568526,none,0.211725,partial,0.526922,full,0.053845,REVIEW,LOW_VISIBILITY_CONFIDENCE,1,0,,,COREPROV1_0247
SEGCORE1_0273,dress,vest_dress,DeepFashion2,../fashion_data/raw/train/train/image/097072.jpg,item2_vest_dress,benchmark/prd_3_1_v1/candidates/segmentation_core_stress_v1/masks/core/dress/SEGCORE1_0273.png,benchmark/prd_3_1_v1/candidates/segmentation_core_stress_v1/overlays/core/dress/SEGCORE1_0273.jpg,0.04297567,medium,PENDING_FINAL_HUMAN_CONFIRMATION,,,,,,unreviewed,product_display,0.611175,complex_scene,0.357297,none,0.680096,heavy,0.506856,partial,0.706247,full,0.412495,HIGH_CONF_SUGGESTION,,1,0,,,COREPROV1_0248
SEGCORE1_0274,dress,short_sleeve_dress,DeepFashion2,../fashion_data/raw/train/train/image/110451.jpg,item1_short_sleeve_dress,benchmark/prd_3_1_v1/candidates/segmentation_core_stress_v1/masks/core/dress/SEGCORE1_0274.png,benchmark/prd_3_1_v1/candidates/segmentation_core_stress_v1/overlays/core/dress/SEGCORE1_0274.jpg,0.01790213,small,PENDING_FINAL_HUMAN_CONFIRMATION,,,,,,unreviewed,product_display,0.975073,complex_scene,0.954281,none,0.487950,partial,0.134765,partial,0.689869,full,0.379738,HIGH_CONF_SUGGESTION,,1,0,,,COREPROV1_0249
SEGCORE1_0275,dress,sling_dress,DeepFashion2,../fashion_data/raw/train/train/image/141653.jpg,item1_sling_dress,benchmark/prd_3_1_v1/candidates/segmentation_core_stress_v1/masks/core/dress/SEGCORE1_0275.png,benchmark/prd_3_1_v1/candidates/segmentation_core_stress_v1/overlays/core/dress/SEGCORE1_0275.jpg,0.52640998,large,PENDING_FINAL_HUMAN_CONFIRMATION,,,,,,unreviewed,worn_person,0.718382,product_display,0.537385,partial,0.530133,none,0.155815,full,0.508624,partial,0.017247,REVIEW,LOW_VISIBILITY_CONFIDENCE,1,0,,,COREPROV1_0250
SEGCORE1_0276,shoe,shoe,Fashionpedia,../fashion_data/raw/fashionpedia/images/test/1f1e21e9d1206809d4f20ef5e6d2ddef.jpg,fashionpedia_ann_6788,benchmark/prd_3_1_v1/candidates/segmentation_core_stress_v1/masks/core/shoe/SEGCORE1_0276.png,benchmark/prd_3_1_v1/candidates/segmentation_core_stress_v1/overlays/core/shoe/SEGCORE1_0276.jpg,0.02957610,medium,PENDING_FINAL_HUMAN_CONFIRMATION,,,,,,unreviewed,worn_person,0.689716,complex_scene,0.537291,partial,0.444115,heavy,0.119052,full,0.528589,partial,0.057179,REVIEW,LOW_OCCLUSION_CONFIDENCE|LOW_VISIBILITY_CONFIDENCE,1,0,,,COREPROV1_0251
SEGCORE1_0277,shoe,shoe,Fashionpedia,../fashion_data/raw/fashionpedia/images/test/ee8429febbbf2ceb90270629d0ae0850.jpg,fashionpedia_ann_7075,benchmark/prd_3_1_v1/candidates/segmentation_core_stress_v1/masks/core/shoe/SEGCORE1_0277.png,benchmark/prd_3_1_v1/candidates/segmentation_core_stress_v1/overlays/core/shoe/SEGCORE1_0277.jpg,0.00962243,small,PENDING_FINAL_HUMAN_CONFIRMATION,,,,,,unreviewed,complex_scene,0.360713,worn_person,0.065809,none,0.474309,partial,0.064940,partial,0.739441,full,0.478882,REVIEW,LOW_SCENE_CONFIDENCE|LOW_OCCLUSION_CONFIDENCE,1,1,,,COREPROV1_0252
SEGCORE1_0278,shoe,shoe,Fashionpedia,../fashion_data/raw/fashionpedia/images/test/f43143d9807fbb2948474f68d8c6f550.jpg,fashionpedia_ann_8145,benchmark/prd_3_1_v1/candidates/segmentation_core_stress_v1/masks/core/shoe/SEGCORE1_0278.png,benchmark/prd_3_1_v1/candidates/segmentation_core_stress_v1/overlays/core/shoe/SEGCORE1_0278.jpg,0.02971213,medium,PENDING_FINAL_HUMAN_CONFIRMATION,,,,,,unreviewed,worn_person,0.518855,partial_view,0.098772,partial,0.678673,none,0.490984,partial,0.515508,full,0.031015,REVIEW,LOW_VISIBILITY_CONFIDENCE,1,0,,,COREPROV1_0253
SEGCORE1_0279,shoe,shoe,Fashionpedia,../fashion_data/raw/fashionpedia/images/test/ac257ddc35bb18760df07544ca327129.jpg,fashionpedia_ann_7169,benchmark/prd_3_1_v1/candidates/segmentation_core_stress_v1/masks/core/shoe/SEGCORE1_0279.png,benchmark/prd_3_1_v1/candidates/segmentation_core_stress_v1/overlays/core/shoe/SEGCORE1_0279.jpg,0.00810604,small,PENDING_FINAL_HUMAN_CONFIRMATION,,,,,,unreviewed,partial_view,0.409848,complex_scene,0.124941,none,0.402022,partial,0.021662,partial,0.667684,full,0.335368,REVIEW,LOW_OCCLUSION_CONFIDENCE,1,0,,,COREPROV1_0254
SEGCORE1_0280,shoe,shoe,Fashionpedia,../fashion_data/raw/fashionpedia/images/test/8c6c8abea5d5a128ca8834600b2aeddc.jpg,fashionpedia_ann_8821,benchmark/prd_3_1_v1/candidates/segmentation_core_stress_v1/masks/core/shoe/SEGCORE1_0280.png,benchmark/prd_3_1_v1/candidates/segmentation_core_stress_v1/overlays/core/shoe/SEGCORE1_0280.jpg,0.04188495,medium,PENDING_FINAL_HUMAN_CONFIRMATION,,,,,,unreviewed,worn_person,0.498934,partial_view,0.199596,partial,0.527845,none,0.215812,full,0.565257,partial,0.130513,HIGH_CONF_SUGGESTION,,1,0,,,COREPROV1_0255
SEGCORE1_0281,shoe,shoe,Fashionpedia,../fashion_data/raw/fashionpedia/images/test/5ada94993430e73f1e6967d5ce2aecad.jpg,fashionpedia_ann_3345,benchmark/prd_3_1_v1/candidates/segmentation_core_stress_v1/masks/core/shoe/SEGCORE1_0281.png,benchmark/prd_3_1_v1/candidates/segmentation_core_stress_v1/overlays/core/shoe/SEGCORE1_0281.jpg,0.00582930,small,PENDING_FINAL_HUMAN_CONFIRMATION,,,,,,unreviewed,worn_person,0.655436,complex_scene,0.414988,partial,0.531581,none,0.196701,partial,0.594461,full,0.188921,HIGH_CONF_SUGGESTION,,1,0,,,COREPROV1_0256
SEGCORE1_0282,shoe,shoe,Fashionpedia,../fashion_data/raw/fashionpedia/images/test/19b88ca66e3ab754d3b6aa7d5e2f0a83.jpg,fashionpedia_ann_888,benchmark/prd_3_1_v1/candidates/segmentation_core_stress_v1/masks/core/shoe/SEGCORE1_0282.png,benchmark/prd_3_1_v1/candidates/segmentation_core_stress_v1/overlays/core/shoe/SEGCORE1_0282.jpg,0.04587410,medium,PENDING_FINAL_HUMAN_CONFIRMATION,,,,,,unreviewed,worn_person,0.664830,product_display,0.508757,partial,0.698375,heavy,0.516790,full,0.604158,partial,0.208315,HIGH_CONF_SUGGESTION,,1,0,,,COREPROV1_0257
SEGCORE1_0283,shoe,shoe,Fashionpedia,../fashion_data/raw/fashionpedia/images/test/93689df6d05b8406fcf9083057344e3e.jpg,fashionpedia_ann_6967,benchmark/prd_3_1_v1/candidates/segmentation_core_stress_v1/masks/core/shoe/SEGCORE1_0283.png,benchmark/prd_3_1_v1/candidates/segmentation_core_stress_v1/overlays/core/shoe/SEGCORE1_0283.jpg,0.00690200,small,PENDING_FINAL_HUMAN_CONFIRMATION,,,,,,unreviewed,complex_scene,0.796977,partial_view,0.693658,partial,0.576381,heavy,0.349477,partial,0.651955,full,0.303911,HIGH_CONF_SUGGESTION,,1,0,,,COREPROV1_0258
SEGCORE1_0284,shoe,shoe,Fashionpedia,../fashion_data/raw/fashionpedia/images/test/c71725f6c3b33f109c76c4d356efb90b.jpg,fashionpedia_ann_6119,benchmark/prd_3_1_v1/candidates/segmentation_core_stress_v1/masks/core/shoe/SEGCORE1_0284.png,benchmark/prd_3_1_v1/candidates/segmentation_core_stress_v1/overlays/core/shoe/SEGCORE1_0284.jpg,0.04563485,medium,PENDING_FINAL_HUMAN_CONFIRMATION,,,,,,unreviewed,worn_person,0.610023,complex_scene,0.398463,partial,0.716341,none,0.567467,partial,0.542867,full,0.085734,HIGH_CONF_SUGGESTION,,1,0,,,COREPROV1_0259
SEGCORE1_0285,shoe,shoe,Fashionpedia,../fashion_data/raw/fashionpedia/images/test/3d2c62435d6f70d51721670bc5e60ad2.jpg,fashionpedia_ann_1274,benchmark/prd_3_1_v1/candidates/segmentation_core_stress_v1/masks/core/shoe/SEGCORE1_0285.png,benchmark/prd_3_1_v1/candidates/segmentation_core_stress_v1/overlays/core/shoe/SEGCORE1_0285.jpg,0.00641843,small,PENDING_FINAL_HUMAN_CONFIRMATION,,,,,,unreviewed,complex_scene,0.913815,product_display,0.864401,partial,0.465725,none,0.088506,partial,0.702449,full,0.404898,HIGH_CONF_SUGGESTION,,1,0,,,COREPROV1_0260
SEGCORE1_0286,shoe,shoe,Fashionpedia,../fashion_data/raw/fashionpedia/images/test/e14733841b04c64e75789a91fbe549b3.jpg,fashionpedia_ann_8929,benchmark/prd_3_1_v1/candidates/segmentation_core_stress_v1/masks/core/shoe/SEGCORE1_0286.png,benchmark/prd_3_1_v1/candidates/segmentation_core_stress_v1/overlays/core/shoe/SEGCORE1_0286.jpg,0.02051921,medium,PENDING_FINAL_HUMAN_CONFIRMATION,,,,,,unreviewed,partial_view,0.403789,product_display,0.185405,partial,0.444913,none,0.030006,partial,0.594176,full,0.188352,REVIEW,LOW_OCCLUSION_CONFIDENCE,1,0,,,COREPROV1_0261
SEGCORE1_0287,shoe,shoe,Fashionpedia,../fashion_data/raw/fashionpedia/images/test/733128db0ce4f09443fc561514458c7f.jpg,fashionpedia_ann_7927,benchmark/prd_3_1_v1/candidates/segmentation_core_stress_v1/masks/core/shoe/SEGCORE1_0287.png,benchmark/prd_3_1_v1/candidates/segmentation_core_stress_v1/overlays/core/shoe/SEGCORE1_0287.jpg,0.00968842,small,PENDING_FINAL_HUMAN_CONFIRMATION,,,,,,unreviewed,complex_scene,0.318259,worn_person,0.070162,partial,0.647557,none,0.401995,partial,0.533475,full,0.066951,REVIEW,LOW_SCENE_CONFIDENCE|LOW_VISIBILITY_CONFIDENCE,1,1,,,COREPROV1_0262
SEGCORE1_0288,shoe,shoe,Fashionpedia,../fashion_data/raw/fashionpedia/images/test/923d9f0cbf8310c92e7949638ac59fdc.jpg,fashionpedia_ann_8945,benchmark/prd_3_1_v1/candidates/segmentation_core_stress_v1/masks/core/shoe/SEGCORE1_0288.png,benchmark/prd_3_1_v1/candidates/segmentation_core_stress_v1/overlays/core/shoe/SEGCORE1_0288.jpg,0.02454150,medium,PENDING_FINAL_HUMAN_CONFIRMATION,,,,,,unreviewed,partial_view,0.607482,worn_person,0.388969,partial,0.539043,none,0.216276,partial,0.670528,full,0.341056,HIGH_CONF_SUGGESTION,,1,0,,,COREPROV1_0263
SEGCORE1_0289,shoe,shoe,Fashionpedia,../fashion_data/raw/fashionpedia/images/test/d47f5c8a886204cd7b315af23ce90b4e.jpg,fashionpedia_ann_5515,benchmark/prd_3_1_v1/candidates/segmentation_core_stress_v1/masks/core/shoe/SEGCORE1_0289.png,benchmark/prd_3_1_v1/candidates/segmentation_core_stress_v1/overlays/core/shoe/SEGCORE1_0289.jpg,0.00709836,small,PENDING_FINAL_HUMAN_CONFIRMATION,,,,,,unreviewed,complex_scene,0.474911,partial_view,0.012376,none,0.464777,partial,0.118217,partial,0.670896,full,0.341793,REVIEW,LOW_SCENE_CONFIDENCE,1,1,,,COREPROV1_0264
SEGCORE1_0290,shoe,shoe,Fashionpedia,../fashion_data/raw/fashionpedia/images/test/6d734ccae856df8a0bf85bb3f658bbbb.jpg,fashionpedia_ann_324,benchmark/prd_3_1_v1/candidates/segmentation_core_stress_v1/masks/core/shoe/SEGCORE1_0290.png,benchmark/prd_3_1_v1/candidates/segmentation_core_stress_v1/overlays/core/shoe/SEGCORE1_0290.jpg,0.02046481,medium,PENDING_FINAL_HUMAN_CONFIRMATION,,,,,,unreviewed,worn_person,0.538393,partial_view,0.246313,none,0.398639,partial,0.005534,partial,0.688377,full,0.376754,REVIEW,LOW_OCCLUSION_CONFIDENCE,1,0,,,COREPROV1_0265
SEGCORE1_0291,shoe,shoe,Fashionpedia,../fashion_data/raw/fashionpedia/images/test/3a363533069e4150d6fd215abb73dd08.jpg,fashionpedia_ann_842,benchmark/prd_3_1_v1/candidates/segmentation_core_stress_v1/masks/core/shoe/SEGCORE1_0291.png,benchmark/prd_3_1_v1/candidates/segmentation_core_stress_v1/overlays/core/shoe/SEGCORE1_0291.jpg,0.00788113,small,PENDING_FINAL_HUMAN_CONFIRMATION,,,,,,unreviewed,complex_scene,0.477968,partial_view,0.145595,none,0.438907,partial,0.042490,partial,0.723089,full,0.446178,REVIEW,LOW_OCCLUSION_CONFIDENCE,1,0,,,COREPROV1_0266
SEGCORE1_0292,shoe,shoe,Fashionpedia,../fashion_data/raw/fashionpedia/images/test/dcee0c0b136a4e8a004fef599a4c96f3.jpg,fashionpedia_ann_4701,benchmark/prd_3_1_v1/candidates/segmentation_core_stress_v1/masks/core/shoe/SEGCORE1_0292.png,benchmark/prd_3_1_v1/candidates/segmentation_core_stress_v1/overlays/core/shoe/SEGCORE1_0292.jpg,0.02091817,medium,PENDING_FINAL_HUMAN_CONFIRMATION,,,,,,unreviewed,partial_view,0.447116,complex_scene,0.076377,partial,0.577266,none,0.306904,partial,0.557455,full,0.114910,REVIEW,LOW_SCENE_CONFIDENCE,1,1,,,COREPROV1_0267
SEGCORE1_0293,shoe,shoe,Fashionpedia,../fashion_data/raw/fashionpedia/images/test/8b0f9bec3b8c5793bf116e1e5e502072.jpg,fashionpedia_ann_1830,benchmark/prd_3_1_v1/candidates/segmentation_core_stress_v1/masks/core/shoe/SEGCORE1_0293.png,benchmark/prd_3_1_v1/candidates/segmentation_core_stress_v1/overlays/core/shoe/SEGCORE1_0293.jpg,0.01118817,small,PENDING_FINAL_HUMAN_CONFIRMATION,,,,,,unreviewed,complex_scene,0.666561,partial_view,0.493047,partial,0.732750,none,0.575876,partial,0.791703,full,0.583406,HIGH_CONF_SUGGESTION,,1,0,,,COREPROV1_0268
SEGCORE1_0294,shoe,shoe,Fashionpedia,../fashion_data/raw/fashionpedia/images/test/18c07033fd67225df16d98e9f6975fc9.jpg,fashionpedia_ann_5222,benchmark/prd_3_1_v1/candidates/segmentation_core_stress_v1/masks/core/shoe/SEGCORE1_0294.png,benchmark/prd_3_1_v1/candidates/segmentation_core_stress_v1/overlays/core/shoe/SEGCORE1_0294.jpg,0.02809377,medium,PENDING_FINAL_HUMAN_CONFIRMATION,,,,,,unreviewed,worn_person,0.788228,partial_view,0.603792,none,0.637530,partial,0.451684,partial,0.670689,full,0.341377,HIGH_CONF_SUGGESTION,,1,0,,,COREPROV1_0269
SEGCORE1_0295,shoe,shoe,Fashionpedia,../fashion_data/raw/fashionpedia/images/test/c49c54015b966bc7220c18569088e5ea.jpg,fashionpedia_ann_333,benchmark/prd_3_1_v1/candidates/segmentation_core_stress_v1/masks/core/shoe/SEGCORE1_0295.png,benchmark/prd_3_1_v1/candidates/segmentation_core_stress_v1/overlays/core/shoe/SEGCORE1_0295.jpg,0.01400694,small,PENDING_FINAL_HUMAN_CONFIRMATION,,,,,,unreviewed,partial_view,0.510969,complex_scene,0.305524,partial,0.429304,none,0.112152,partial,0.706277,full,0.412555,REVIEW,LOW_OCCLUSION_CONFIDENCE,1,0,,,COREPROV1_0270
SEGCORE1_0296,shoe,shoe,Fashionpedia,../fashion_data/raw/fashionpedia/images/test/347c5d77fb5cea10e3bb9d604b40e141.jpg,fashionpedia_ann_6717,benchmark/prd_3_1_v1/candidates/segmentation_core_stress_v1/masks/core/shoe/SEGCORE1_0296.png,benchmark/prd_3_1_v1/candidates/segmentation_core_stress_v1/overlays/core/shoe/SEGCORE1_0296.jpg,0.02087402,medium,PENDING_FINAL_HUMAN_CONFIRMATION,,,,,,unreviewed,partial_view,0.665055,worn_person,0.497085,none,0.394885,partial,0.042379,partial,0.642358,full,0.284717,REVIEW,LOW_OCCLUSION_CONFIDENCE,1,0,,,COREPROV1_0271
SEGCORE1_0297,shoe,shoe,Fashionpedia,../fashion_data/raw/fashionpedia/images/test/e9e415310c10ee05c1ebbf0f013c9269.jpg,fashionpedia_ann_3763,benchmark/prd_3_1_v1/candidates/segmentation_core_stress_v1/masks/core/shoe/SEGCORE1_0297.png,benchmark/prd_3_1_v1/candidates/segmentation_core_stress_v1/overlays/core/shoe/SEGCORE1_0297.jpg,0.01930644,small,PENDING_FINAL_HUMAN_CONFIRMATION,,,,,,unreviewed,product_display,0.358040,partial_view,0.107090,partial,0.681994,none,0.485409,full,0.608227,partial,0.216454,REVIEW,LOW_SCENE_CONFIDENCE,1,1,,,COREPROV1_0272
SEGCORE1_0298,shoe,shoe,Fashionpedia,../fashion_data/raw/fashionpedia/images/test/5d5d3fb33612b0794f06003d8abe2a3e.jpg,fashionpedia_ann_8012,benchmark/prd_3_1_v1/candidates/segmentation_core_stress_v1/masks/core/shoe/SEGCORE1_0298.png,benchmark/prd_3_1_v1/candidates/segmentation_core_stress_v1/overlays/core/shoe/SEGCORE1_0298.jpg,0.02500000,medium,PENDING_FINAL_HUMAN_CONFIRMATION,,,,,,unreviewed,worn_person,0.864040,complex_scene,0.808262,none,0.430719,partial,0.055429,partial,0.534174,full,0.068348,REVIEW,LOW_OCCLUSION_CONFIDENCE|LOW_VISIBILITY_CONFIDENCE,1,0,,,COREPROV1_0273
SEGCORE1_0299,shoe,shoe,Fashionpedia,../fashion_data/raw/fashionpedia/images/test/bf916c006f8adb3c0a45b5a7bfe4d782.jpg,fashionpedia_ann_271,benchmark/prd_3_1_v1/candidates/segmentation_core_stress_v1/masks/core/shoe/SEGCORE1_0299.png,benchmark/prd_3_1_v1/candidates/segmentation_core_stress_v1/overlays/core/shoe/SEGCORE1_0299.jpg,0.01747503,small,PENDING_FINAL_HUMAN_CONFIRMATION,,,,,,unreviewed,complex_scene,0.656273,partial_view,0.364905,partial,0.647535,none,0.411066,partial,0.532216,full,0.064432,REVIEW,LOW_VISIBILITY_CONFIDENCE,1,0,,,COREPROV1_0274
SEGCORE1_0300,shoe,shoe,Fashionpedia,../fashion_data/raw/fashionpedia/images/test/6469f5b56cb9ab713851fcd9116923c1.jpg,fashionpedia_ann_4730,benchmark/prd_3_1_v1/candidates/segmentation_core_stress_v1/masks/core/shoe/SEGCORE1_0300.png,benchmark/prd_3_1_v1/candidates/segmentation_core_stress_v1/overlays/core/shoe/SEGCORE1_0300.jpg,0.02038043,medium,PENDING_FINAL_HUMAN_CONFIRMATION,,,,,,unreviewed,worn_person,0.602007,partial_view,0.294788,partial,0.412490,none,0.071104,partial,0.713125,full,0.426250,REVIEW,LOW_OCCLUSION_CONFIDENCE,1,0,,,COREPROV1_0275
SEGCORE1_0301,shoe,shoe,Fashionpedia,../fashion_data/raw/fashionpedia/images/test/1e54ccbc575eac627de68b221913fc52.jpg,fashionpedia_ann_4501,benchmark/prd_3_1_v1/candidates/segmentation_core_stress_v1/masks/core/shoe/SEGCORE1_0301.png,benchmark/prd_3_1_v1/candidates/segmentation_core_stress_v1/overlays/core/shoe/SEGCORE1_0301.jpg,0.00676500,small,PENDING_FINAL_HUMAN_CONFIRMATION,,,,,,unreviewed,partial_view,0.421160,product_display,0.170443,partial,0.553444,none,0.259834,partial,0.709225,full,0.418450,HIGH_CONF_SUGGESTION,,1,0,,,COREPROV1_0276
SEGCORE1_0302,shoe,shoe,Fashionpedia,../fashion_data/raw/fashionpedia/images/test/0617757485dad98ded988c6e101c8bf2.jpg,fashionpedia_ann_1629,benchmark/prd_3_1_v1/candidates/segmentation_core_stress_v1/masks/core/shoe/SEGCORE1_0302.png,benchmark/prd_3_1_v1/candidates/segmentation_core_stress_v1/overlays/core/shoe/SEGCORE1_0302.jpg,0.02305948,medium,PENDING_FINAL_HUMAN_CONFIRMATION,,,,,,unreviewed,worn_person,0.793132,complex_scene,0.717789,partial,0.503343,none,0.204835,partial,0.721388,full,0.442776,HIGH_CONF_SUGGESTION,,1,0,,,COREPROV1_0277
SEGCORE1_0303,shoe,shoe,Fashionpedia,../fashion_data/raw/fashionpedia/images/test/c829a692db2ec7013e3eb242b430a2d8.jpg,fashionpedia_ann_1821,benchmark/prd_3_1_v1/candidates/segmentation_core_stress_v1/masks/core/shoe/SEGCORE1_0303.png,benchmark/prd_3_1_v1/candidates/segmentation_core_stress_v1/overlays/core/shoe/SEGCORE1_0303.jpg,0.00514733,small,PENDING_FINAL_HUMAN_CONFIRMATION,,,,,,unreviewed,complex_scene,0.390686,partial_view,0.051045,partial,0.472381,none,0.131244,partial,0.768553,full,0.537105,REVIEW,LOW_SCENE_CONFIDENCE,1,1,,,COREPROV1_0278
SEGCORE1_0304,shoe,shoe,Fashionpedia,../fashion_data/raw/fashionpedia/images/test/ebf78f93576a0c6222dc50801fd113c6.jpg,fashionpedia_ann_2463,benchmark/prd_3_1_v1/candidates/segmentation_core_stress_v1/masks/core/shoe/SEGCORE1_0304.png,benchmark/prd_3_1_v1/candidates/segmentation_core_stress_v1/overlays/core/shoe/SEGCORE1_0304.jpg,0.02061950,medium,PENDING_FINAL_HUMAN_CONFIRMATION,,,,,,unreviewed,complex_scene,0.530286,worn_person,0.189371,none,0.413571,partial,0.020241,partial,0.696270,full,0.392540,REVIEW,LOW_OCCLUSION_CONFIDENCE,1,0,,,COREPROV1_0279
SEGCORE1_0305,shoe,shoe,Fashionpedia,../fashion_data/raw/fashionpedia/images/test/9a755d94e00922406ee34010fac8eec5.jpg,fashionpedia_ann_5623,benchmark/prd_3_1_v1/candidates/segmentation_core_stress_v1/masks/core/shoe/SEGCORE1_0305.png,benchmark/prd_3_1_v1/candidates/segmentation_core_stress_v1/overlays/core/shoe/SEGCORE1_0305.jpg,0.00660574,small,PENDING_FINAL_HUMAN_CONFIRMATION,,,,,,unreviewed,worn_person,0.681916,complex_scene,0.489344,partial,0.636771,none,0.379948,partial,0.518488,full,0.036975,REVIEW,LOW_VISIBILITY_CONFIDENCE,1,0,,,COREPROV1_0280
SEGCORE1_0306,shoe,shoe,Fashionpedia,../fashion_data/raw/fashionpedia/images/test/af8be1edbef6e48a88325ebf63cb48f1.jpg,fashionpedia_ann_8766,benchmark/prd_3_1_v1/candidates/segmentation_core_stress_v1/masks/core/shoe/SEGCORE1_0306.png,benchmark/prd_3_1_v1/candidates/segmentation_core_stress_v1/overlays/core/shoe/SEGCORE1_0306.jpg,0.02527714,medium,PENDING_FINAL_HUMAN_CONFIRMATION,,,,,,unreviewed,product_display,0.748742,partial_view,0.632998,none,0.452758,partial,0.111194,partial,0.799187,full,0.598374,HIGH_CONF_SUGGESTION,,1,0,,,COREPROV1_0281
SEGCORE1_0307,shoe,shoe,Fashionpedia,../fashion_data/raw/fashionpedia/images/test/b71711424f189b2279045ba925231bc8.jpg,fashionpedia_ann_3233,benchmark/prd_3_1_v1/candidates/segmentation_core_stress_v1/masks/core/shoe/SEGCORE1_0307.png,benchmark/prd_3_1_v1/candidates/segmentation_core_stress_v1/overlays/core/shoe/SEGCORE1_0307.jpg,0.01236168,small,PENDING_FINAL_HUMAN_CONFIRMATION,,,,,,unreviewed,worn_person,0.790358,partial_view,0.614079,partial,0.553093,none,0.269548,full,0.539222,partial,0.078443,REVIEW,LOW_VISIBILITY_CONFIDENCE,1,0,,,COREPROV1_0282
SEGCORE1_0308,shoe,shoe,Fashionpedia,../fashion_data/raw/fashionpedia/images/test/cd49344a73f9e61527b4ef120e1ddfd0.jpg,fashionpedia_ann_6516,benchmark/prd_3_1_v1/candidates/segmentation_core_stress_v1/masks/core/shoe/SEGCORE1_0308.png,benchmark/prd_3_1_v1/candidates/segmentation_core_stress_v1/overlays/core/shoe/SEGCORE1_0308.jpg,0.02402172,medium,PENDING_FINAL_HUMAN_CONFIRMATION,,,,,,unreviewed,complex_scene,0.460638,worn_person,0.230994,partial,0.687164,none,0.512387,full,0.568350,partial,0.136700,HIGH_CONF_SUGGESTION,,1,0,,,COREPROV1_0283
SEGCORE1_0309,shoe,shoe,Fashionpedia,../fashion_data/raw/fashionpedia/images/test/b9d34d7ecfc267888ad6eb0f20af3792.jpg,fashionpedia_ann_7065,benchmark/prd_3_1_v1/candidates/segmentation_core_stress_v1/masks/core/shoe/SEGCORE1_0309.png,benchmark/prd_3_1_v1/candidates/segmentation_core_stress_v1/overlays/core/shoe/SEGCORE1_0309.jpg,0.00728405,small,PENDING_FINAL_HUMAN_CONFIRMATION,,,,,,unreviewed,complex_scene,0.652494,partial_view,0.427222,partial,0.499117,none,0.155289,partial,0.656663,full,0.313325,HIGH_CONF_SUGGESTION,,1,0,,,COREPROV1_0284
SEGCORE1_0310,shoe,shoe,Fashionpedia,../fashion_data/raw/fashionpedia/images/test/e9276aedf39f09ebe6ded9e203982fea.jpg,fashionpedia_ann_1022,benchmark/prd_3_1_v1/candidates/segmentation_core_stress_v1/masks/core/shoe/SEGCORE1_0310.png,benchmark/prd_3_1_v1/candidates/segmentation_core_stress_v1/overlays/core/shoe/SEGCORE1_0310.jpg,0.02163067,medium,PENDING_FINAL_HUMAN_CONFIRMATION,,,,,,unreviewed,worn_person,0.610755,partial_view,0.275998,partial,0.638701,none,0.405046,partial,0.610871,full,0.221742,HIGH_CONF_SUGGESTION,,1,0,,,COREPROV1_0285
SEGCORE1_0311,shoe,shoe,Fashionpedia,../fashion_data/raw/fashionpedia/images/test/030cfd158b49ff622c71bdf9aa30f39a.jpg,fashionpedia_ann_3751,benchmark/prd_3_1_v1/candidates/segmentation_core_stress_v1/masks/core/shoe/SEGCORE1_0311.png,benchmark/prd_3_1_v1/candidates/segmentation_core_stress_v1/overlays/core/shoe/SEGCORE1_0311.jpg,0.00738865,small,PENDING_FINAL_HUMAN_CONFIRMATION,,,,,,unreviewed,partial_view,0.522992,complex_scene,0.221449,partial,0.557665,none,0.281136,partial,0.615237,full,0.230475,HIGH_CONF_SUGGESTION,,1,0,,,COREPROV1_0286
SEGCORE1_0312,shoe,shoe,Fashionpedia,../fashion_data/raw/fashionpedia/images/test/c31564bf88c1d02aa8cb1e886ccaadef.jpg,fashionpedia_ann_1307,benchmark/prd_3_1_v1/candidates/segmentation_core_stress_v1/masks/core/shoe/SEGCORE1_0312.png,benchmark/prd_3_1_v1/candidates/segmentation_core_stress_v1/overlays/core/shoe/SEGCORE1_0312.jpg,0.02517584,medium,PENDING_FINAL_HUMAN_CONFIRMATION,,,,,,unreviewed,product_display,0.366091,complex_scene,0.069462,partial,0.672129,heavy,0.465353,partial,0.619495,full,0.238990,REVIEW,LOW_SCENE_CONFIDENCE,1,1,,,COREPROV1_0287
SEGCORE1_0313,shoe,shoe,Fashionpedia,../fashion_data/raw/fashionpedia/images/test/ac0bb60c85a2a9a02d525f900316cda2.jpg,fashionpedia_ann_2002,benchmark/prd_3_1_v1/candidates/segmentation_core_stress_v1/masks/core/shoe/SEGCORE1_0313.png,benchmark/prd_3_1_v1/candidates/segmentation_core_stress_v1/overlays/core/shoe/SEGCORE1_0313.jpg,0.00521882,small,PENDING_FINAL_HUMAN_CONFIRMATION,,,,,,unreviewed,complex_scene,0.540347,partial_view,0.160910,partial,0.471796,none,0.110853,partial,0.728587,full,0.457174,HIGH_CONF_SUGGESTION,,1,0,,,COREPROV1_0288
SEGCORE1_0314,shoe,shoe,Fashionpedia,../fashion_data/raw/fashionpedia/images/test/fb8c9b2e3aa874455182d777418321da.jpg,fashionpedia_ann_1142,benchmark/prd_3_1_v1/candidates/segmentation_core_stress_v1/masks/core/shoe/SEGCORE1_0314.png,benchmark/prd_3_1_v1/candidates/segmentation_core_stress_v1/overlays/core/shoe/SEGCORE1_0314.jpg,0.03010329,medium,PENDING_FINAL_HUMAN_CONFIRMATION,,,,,,unreviewed,partial_view,0.436228,complex_scene,0.188237,none,0.424343,partial,0.107082,partial,0.687967,full,0.375934,REVIEW,LOW_OCCLUSION_CONFIDENCE,1,0,,,COREPROV1_0289
SEGCORE1_0315,shoe,shoe,Fashionpedia,../fashion_data/raw/fashionpedia/images/test/18b2f32e876170304b2b6860ae127ba5.jpg,fashionpedia_ann_8605,benchmark/prd_3_1_v1/candidates/segmentation_core_stress_v1/masks/core/shoe/SEGCORE1_0315.png,benchmark/prd_3_1_v1/candidates/segmentation_core_stress_v1/overlays/core/shoe/SEGCORE1_0315.jpg,0.00544126,small,PENDING_FINAL_HUMAN_CONFIRMATION,,,,,,unreviewed,complex_scene,0.427459,partial_view,0.055925,none,0.484131,partial,0.121953,partial,0.749692,full,0.499383,REVIEW,LOW_SCENE_CONFIDENCE,1,1,,,COREPROV1_0290
SEGCORE1_0316,shoe,shoe,Fashionpedia,../fashion_data/raw/fashionpedia/images/test/c4495c86c19fedfdf2fefb74d43fdd6d.jpg,fashionpedia_ann_4431,benchmark/prd_3_1_v1/candidates/segmentation_core_stress_v1/masks/core/shoe/SEGCORE1_0316.png,benchmark/prd_3_1_v1/candidates/segmentation_core_stress_v1/overlays/core/shoe/SEGCORE1_0316.jpg,0.02998737,medium,PENDING_FINAL_HUMAN_CONFIRMATION,,,,,,unreviewed,worn_person,0.762809,partial_view,0.571236,partial,0.637964,none,0.401062,full,0.659309,partial,0.318618,HIGH_CONF_SUGGESTION,,1,0,,,COREPROV1_0291
SEGCORE1_0317,shoe,shoe,Fashionpedia,../fashion_data/raw/fashionpedia/images/test/e4de7821071dd5b1baa80bb9813a8895.jpg,fashionpedia_ann_8216,benchmark/prd_3_1_v1/candidates/segmentation_core_stress_v1/masks/core/shoe/SEGCORE1_0317.png,benchmark/prd_3_1_v1/candidates/segmentation_core_stress_v1/overlays/core/shoe/SEGCORE1_0317.jpg,0.00647796,small,PENDING_FINAL_HUMAN_CONFIRMATION,,,,,,unreviewed,partial_view,0.509576,complex_scene,0.187400,none,0.487120,partial,0.128213,partial,0.639487,full,0.278974,HIGH_CONF_SUGGESTION,,1,0,,,COREPROV1_0292
SEGCORE1_0318,shoe,shoe,Fashionpedia,../fashion_data/raw/fashionpedia/images/test/7ecf591cf3e21e72ea2718e3869f5768.jpg,fashionpedia_ann_897,benchmark/prd_3_1_v1/candidates/segmentation_core_stress_v1/masks/core/shoe/SEGCORE1_0318.png,benchmark/prd_3_1_v1/candidates/segmentation_core_stress_v1/overlays/core/shoe/SEGCORE1_0318.jpg,0.02508943,medium,PENDING_FINAL_HUMAN_CONFIRMATION,,,,,,unreviewed,worn_person,0.764066,partial_view,0.564341,partial,0.745307,none,0.581791,partial,0.543001,full,0.086001,HIGH_CONF_SUGGESTION,,1,0,,,COREPROV1_0293
SEGCORE1_0319,shoe,shoe,Fashionpedia,../fashion_data/raw/fashionpedia/images/test/b0ed46a2ed52c32e7a1c2c47cebf3f70.jpg,fashionpedia_ann_1997,benchmark/prd_3_1_v1/candidates/segmentation_core_stress_v1/masks/core/shoe/SEGCORE1_0319.png,benchmark/prd_3_1_v1/candidates/segmentation_core_stress_v1/overlays/core/shoe/SEGCORE1_0319.jpg,0.00529746,small,PENDING_FINAL_HUMAN_CONFIRMATION,,,,,,unreviewed,complex_scene,0.493551,worn_person,0.314683,none,0.461608,partial,0.115249,partial,0.744579,full,0.489158,HIGH_CONF_SUGGESTION,,1,0,,,COREPROV1_0294
SEGCORE1_0320,shoe,shoe,Fashionpedia,../fashion_data/raw/fashionpedia/images/test/f8a4762ebff45ddd567bdb9dbb41d0b6.jpg,fashionpedia_ann_2372,benchmark/prd_3_1_v1/candidates/segmentation_core_stress_v1/masks/core/shoe/SEGCORE1_0320.png,benchmark/prd_3_1_v1/candidates/segmentation_core_stress_v1/overlays/core/shoe/SEGCORE1_0320.jpg,0.02549674,medium,PENDING_FINAL_HUMAN_CONFIRMATION,,,,,,unreviewed,complex_scene,0.459426,worn_person,0.197400,partial,0.545536,heavy,0.251949,partial,0.727547,full,0.455094,HIGH_CONF_SUGGESTION,,1,0,,,COREPROV1_0295
SEGCORE1_0321,shoe,shoe,Fashionpedia,../fashion_data/raw/fashionpedia/images/test/7edab506f7628da58ac683b6b9554d2d.jpg,fashionpedia_ann_972,benchmark/prd_3_1_v1/candidates/segmentation_core_stress_v1/masks/core/shoe/SEGCORE1_0321.png,benchmark/prd_3_1_v1/candidates/segmentation_core_stress_v1/overlays/core/shoe/SEGCORE1_0321.jpg,0.00841159,small,PENDING_FINAL_HUMAN_CONFIRMATION,,,,,,unreviewed,product_display,0.423508,worn_person,0.006530,partial,0.490259,none,0.163272,partial,0.694120,full,0.388239,REVIEW,LOW_SCENE_CONFIDENCE,1,1,,,COREPROV1_0296
SEGCORE1_0322,shoe,shoe,Fashionpedia,../fashion_data/raw/fashionpedia/images/test/5335b8ea8a70be860bc310864bc7d8d1.jpg,fashionpedia_ann_8097,benchmark/prd_3_1_v1/candidates/segmentation_core_stress_v1/masks/core/shoe/SEGCORE1_0322.png,benchmark/prd_3_1_v1/candidates/segmentation_core_stress_v1/overlays/core/shoe/SEGCORE1_0322.jpg,0.02786210,medium,PENDING_FINAL_HUMAN_CONFIRMATION,,,,,,unreviewed,complex_scene,0.812082,partial_view,0.679745,partial,0.509968,none,0.228643,full,0.510213,partial,0.020427,REVIEW,LOW_VISIBILITY_CONFIDENCE,1,0,,,COREPROV1_0297
SEGCORE1_0323,shoe,shoe,Fashionpedia,../fashion_data/raw/fashionpedia/images/test/fa798612385be732aa8a70fb56d8bed0.jpg,fashionpedia_ann_2246,benchmark/prd_3_1_v1/candidates/segmentation_core_stress_v1/masks/core/shoe/SEGCORE1_0323.png,benchmark/prd_3_1_v1/candidates/segmentation_core_stress_v1/overlays/core/shoe/SEGCORE1_0323.jpg,0.00869436,small,PENDING_FINAL_HUMAN_CONFIRMATION,,,,,,unreviewed,worn_person,0.816071,partial_view,0.692067,partial,0.541163,none,0.227358,partial,0.719650,full,0.439301,HIGH_CONF_SUGGESTION,,1,0,,,COREPROV1_0298
SEGCORE1_0324,shoe,shoe,Fashionpedia,../fashion_data/raw/fashionpedia/images/test/0205895cfbb5348d94fda8ce32272fa5.jpg,fashionpedia_ann_4673,benchmark/prd_3_1_v1/candidates/segmentation_core_stress_v1/masks/core/shoe/SEGCORE1_0324.png,benchmark/prd_3_1_v1/candidates/segmentation_core_stress_v1/overlays/core/shoe/SEGCORE1_0324.jpg,0.02370059,medium,PENDING_FINAL_HUMAN_CONFIRMATION,,,,,,unreviewed,partial_view,0.341613,complex_scene,0.016760,partial,0.467365,none,0.162978,full,0.511489,partial,0.022978,REVIEW,LOW_SCENE_CONFIDENCE|LOW_VISIBILITY_CONFIDENCE,1,1,,,COREPROV1_0299
SEGCORE1_0329,shoe,shoe,Fashionpedia,../fashion_data/raw/fashionpedia/images/test/5dbc92d79e36f8af3824a776b28b97d0.jpg,fashionpedia_ann_1158,benchmark/prd_3_1_v1/candidates/segmentation_core_stress_v1/masks/core/shoe/SEGCORE1_0329.png,benchmark/prd_3_1_v1/candidates/segmentation_core_stress_v1/overlays/core/shoe/SEGCORE1_0329.jpg,0.00789257,small,PENDING_FINAL_HUMAN_CONFIRMATION,,,,,,unreviewed,worn_person,0.506036,partial_view,0.223524,partial,0.498519,none,0.130884,partial,0.663526,full,0.327053,HIGH_CONF_SUGGESTION,,1,0,,,COREPROV1_0300
SEGCORE1_0331,bag,"bag, wallet",Fashionpedia,../fashion_data/raw/fashionpedia/images/test/3ae36909e5aa4ad018b2601797debf94.jpg,fashionpedia_ann_8073,benchmark/prd_3_1_v1/candidates/segmentation_core_stress_v1/masks/core/bag/SEGCORE1_0331.png,benchmark/prd_3_1_v1/candidates/segmentation_core_stress_v1/overlays/core/bag/SEGCORE1_0331.jpg,0.00890934,small,PENDING_FINAL_HUMAN_CONFIRMATION,,,,,,unreviewed,worn_person,0.984252,complex_scene,0.976768,partial,0.582533,none,0.281008,full,0.643194,partial,0.286387,HIGH_CONF_SUGGESTION,,1,0,,,COREPROV1_0301
SEGCORE1_0332,bag,"bag, wallet",Fashionpedia,../fashion_data/raw/fashionpedia/images/test/4a218fbe91f6d17267cdbb255d4d8900.jpg,fashionpedia_ann_6755,benchmark/prd_3_1_v1/candidates/segmentation_core_stress_v1/masks/core/bag/SEGCORE1_0332.png,benchmark/prd_3_1_v1/candidates/segmentation_core_stress_v1/overlays/core/bag/SEGCORE1_0332.jpg,0.03487110,medium,PENDING_FINAL_HUMAN_CONFIRMATION,,,,,,unreviewed,worn_person,0.839954,complex_scene,0.731674,partial,0.572761,none,0.271043,full,0.536942,partial,0.073884,REVIEW,LOW_VISIBILITY_CONFIDENCE,1,0,,,COREPROV1_0302
SEGCORE1_0333,bag,"bag, wallet",Fashionpedia,../fashion_data/raw/fashionpedia/images/test/fa3e88c6a313433dd7884ce0abb5d27e.jpg,fashionpedia_ann_8697,benchmark/prd_3_1_v1/candidates/segmentation_core_stress_v1/masks/core/bag/SEGCORE1_0333.png,benchmark/prd_3_1_v1/candidates/segmentation_core_stress_v1/overlays/core/bag/SEGCORE1_0333.jpg,0.12897205,large,PENDING_FINAL_HUMAN_CONFIRMATION,,,,,,unreviewed,worn_person,0.857387,partial_view,0.786384,partial,0.612333,none,0.374158,partial,0.727077,full,0.454153,HIGH_CONF_SUGGESTION,,1,0,,,COREPROV1_0303
SEGCORE1_0334,bag,"bag, wallet",Fashionpedia,../fashion_data/raw/fashionpedia/images/test/1fd63362ced55967a97a324928583339.jpg,fashionpedia_ann_7567,benchmark/prd_3_1_v1/candidates/segmentation_core_stress_v1/masks/core/bag/SEGCORE1_0334.png,benchmark/prd_3_1_v1/candidates/segmentation_core_stress_v1/overlays/core/bag/SEGCORE1_0334.jpg,0.00837463,small,PENDING_FINAL_HUMAN_CONFIRMATION,,,,,,unreviewed,complex_scene,0.879155,partial_view,0.830913,partial,0.655439,none,0.424367,partial,0.723923,full,0.447846,HIGH_CONF_SUGGESTION,,1,0,,,COREPROV1_0304
SEGCORE1_0335,bag,"bag, wallet",Fashionpedia,../fashion_data/raw/fashionpedia/images/test/5d7f5a1b4d12d8931d03c3e7e1060689.jpg,fashionpedia_ann_6947,benchmark/prd_3_1_v1/candidates/segmentation_core_stress_v1/masks/core/bag/SEGCORE1_0335.png,benchmark/prd_3_1_v1/candidates/segmentation_core_stress_v1/overlays/core/bag/SEGCORE1_0335.jpg,0.04011220,medium,PENDING_FINAL_HUMAN_CONFIRMATION,,,,,,unreviewed,complex_scene,0.877533,partial_view,0.831043,partial,0.675632,none,0.478723,partial,0.539465,full,0.078929,REVIEW,LOW_VISIBILITY_CONFIDENCE,1,0,,,COREPROV1_0305
SEGCORE1_0336,bag,"bag, wallet",Fashionpedia,../fashion_data/raw/fashionpedia/images/test/0b915f1e29a2e2dacf96aacd3cb6a3cc.jpg,fashionpedia_ann_6617,benchmark/prd_3_1_v1/candidates/segmentation_core_stress_v1/masks/core/bag/SEGCORE1_0336.png,benchmark/prd_3_1_v1/candidates/segmentation_core_stress_v1/overlays/core/bag/SEGCORE1_0336.jpg,0.11500132,large,PENDING_FINAL_HUMAN_CONFIRMATION,,,,,,unreviewed,complex_scene,0.437562,worn_person,0.030940,partial,0.571441,none,0.260921,full,0.506589,partial,0.013178,REVIEW,LOW_SCENE_CONFIDENCE|LOW_VISIBILITY_CONFIDENCE,1,1,,,COREPROV1_0306
SEGCORE1_0337,bag,"bag, wallet",Fashionpedia,../fashion_data/raw/fashionpedia/images/test/7229de52add8dfb593d50f63cc39df10.jpg,fashionpedia_ann_377,benchmark/prd_3_1_v1/candidates/segmentation_core_stress_v1/masks/core/bag/SEGCORE1_0337.png,benchmark/prd_3_1_v1/candidates/segmentation_core_stress_v1/overlays/core/bag/SEGCORE1_0337.jpg,0.00722358,small,PENDING_FINAL_HUMAN_CONFIRMATION,,,,,,unreviewed,worn_person,0.646974,partial_view,0.365741,partial,0.755398,none,0.602350,partial,0.563150,full,0.126300,HIGH_CONF_SUGGESTION,,1,0,,,COREPROV1_0307
SEGCORE1_0338,bag,"bag, wallet",Fashionpedia,../fashion_data/raw/fashionpedia/images/test/3990300351c44307a56a9263b1d9f346.jpg,fashionpedia_ann_528,benchmark/prd_3_1_v1/candidates/segmentation_core_stress_v1/masks/core/bag/SEGCORE1_0338.png,benchmark/prd_3_1_v1/candidates/segmentation_core_stress_v1/overlays/core/bag/SEGCORE1_0338.jpg,0.09377577,medium,PENDING_FINAL_HUMAN_CONFIRMATION,,,,,,unreviewed,worn_person,0.818336,product_display,0.692417,partial,0.653391,none,0.404000,full,0.742423,partial,0.484846,HIGH_CONF_SUGGESTION,,1,0,,,COREPROV1_0308
SEGCORE1_0339,bag,"bag, wallet",Fashionpedia,../fashion_data/raw/fashionpedia/images/test/e18e46ee82d41e1a8bad90e817212331.jpg,fashionpedia_ann_7652,benchmark/prd_3_1_v1/candidates/segmentation_core_stress_v1/masks/core/bag/SEGCORE1_0339.png,benchmark/prd_3_1_v1/candidates/segmentation_core_stress_v1/overlays/core/bag/SEGCORE1_0339.jpg,0.22104740,large,PENDING_FINAL_HUMAN_CONFIRMATION,,,,,,unreviewed,worn_person,0.933257,partial_view,0.888647,none,0.418502,partial,0.065719,partial,0.650675,full,0.301350,REVIEW,LOW_OCCLUSION_CONFIDENCE,1,0,,,COREPROV1_0309
SEGCORE1_0340,bag,"bag, wallet",Fashionpedia,../fashion_data/raw/fashionpedia/images/test/899f2cf99bf2589cb5f037792f6f35ae.jpg,fashionpedia_ann_1804,benchmark/prd_3_1_v1/candidates/segmentation_core_stress_v1/masks/core/bag/SEGCORE1_0340.png,benchmark/prd_3_1_v1/candidates/segmentation_core_stress_v1/overlays/core/bag/SEGCORE1_0340.jpg,0.01947725,small,PENDING_FINAL_HUMAN_CONFIRMATION,,,,,,unreviewed,partial_view,0.540937,complex_scene,0.301033,partial,0.712044,none,0.538712,partial,0.525179,full,0.050357,REVIEW,LOW_VISIBILITY_CONFIDENCE,1,0,,,COREPROV1_0310
SEGCORE1_0342,bag,"bag, wallet",Fashionpedia,../fashion_data/raw/fashionpedia/images/test/70e000fc740fd51671f257453e5d4ef1.jpg,fashionpedia_ann_5478,benchmark/prd_3_1_v1/candidates/segmentation_core_stress_v1/masks/core/bag/SEGCORE1_0342.png,benchmark/prd_3_1_v1/candidates/segmentation_core_stress_v1/overlays/core/bag/SEGCORE1_0342.jpg,0.15093109,large,PENDING_FINAL_HUMAN_CONFIRMATION,,,,,,unreviewed,worn_person,0.702002,partial_view,0.487793,partial,0.651108,none,0.409268,partial,0.710651,full,0.421303,HIGH_CONF_SUGGESTION,,1,0,,,COREPROV1_0311
SEGCORE1_0343,bag,"bag, wallet",Fashionpedia,../fashion_data/raw/fashionpedia/images/test/bd8d3293d99b77a3fa0ec0dd058235dc.jpg,fashionpedia_ann_7129,benchmark/prd_3_1_v1/candidates/segmentation_core_stress_v1/masks/core/bag/SEGCORE1_0343.png,benchmark/prd_3_1_v1/candidates/segmentation_core_stress_v1/overlays/core/bag/SEGCORE1_0343.jpg,0.01289692,small,PENDING_FINAL_HUMAN_CONFIRMATION,,,,,,unreviewed,complex_scene,0.629907,partial_view,0.473857,partial,0.613027,heavy,0.407927,partial,0.560629,full,0.121259,HIGH_CONF_SUGGESTION,,1,0,,,COREPROV1_0312
SEGCORE1_0344,bag,"bag, wallet",Fashionpedia,../fashion_data/raw/fashionpedia/images/test/0c6cf79ffbf7f14a266d0f0f21219447.jpg,fashionpedia_ann_498,benchmark/prd_3_1_v1/candidates/segmentation_core_stress_v1/masks/core/bag/SEGCORE1_0344.png,benchmark/prd_3_1_v1/candidates/segmentation_core_stress_v1/overlays/core/bag/SEGCORE1_0344.jpg,0.03031964,medium,PENDING_FINAL_HUMAN_CONFIRMATION,,,,,,unreviewed,worn_person,0.870817,partial_view,0.788178,partial,0.444875,none,0.098186,partial,0.584614,full,0.169227,REVIEW,LOW_OCCLUSION_CONFIDENCE,1,0,,,COREPROV1_0313
SEGCORE1_0345,bag,"bag, wallet",Fashionpedia,../fashion_data/raw/fashionpedia/images/test/a13f7be475e3cf371b342c0f2e320836.jpg,fashionpedia_ann_9174,benchmark/prd_3_1_v1/candidates/segmentation_core_stress_v1/masks/core/bag/SEGCORE1_0345.png,benchmark/prd_3_1_v1/candidates/segmentation_core_stress_v1/overlays/core/bag/SEGCORE1_0345.jpg,0.11072672,large,PENDING_FINAL_HUMAN_CONFIRMATION,,,,,,unreviewed,worn_person,0.937489,partial_view,0.899699,partial,0.643047,heavy,0.446698,full,0.516471,partial,0.032941,REVIEW,LOW_VISIBILITY_CONFIDENCE,1,0,,,COREPROV1_0314
SEGCORE1_0346,bag,"bag, wallet",Fashionpedia,../fashion_data/raw/fashionpedia/images/test/7d9a766f0de2a8aab3004ac1bee9768f.jpg,fashionpedia_ann_2616,benchmark/prd_3_1_v1/candidates/segmentation_core_stress_v1/masks/core/bag/SEGCORE1_0346.png,benchmark/prd_3_1_v1/candidates/segmentation_core_stress_v1/overlays/core/bag/SEGCORE1_0346.jpg,0.01981721,small,PENDING_FINAL_HUMAN_CONFIRMATION,,,,,,unreviewed,worn_person,0.793534,partial_view,0.627630,partial,0.691566,none,0.456275,partial,0.662655,full,0.325310,HIGH_CONF_SUGGESTION,,1,0,,,COREPROV1_0315
SEGCORE1_0347,bag,"bag, wallet",Fashionpedia,../fashion_data/raw/fashionpedia/images/test/1c1b439e448879f805e8c827605ec96b.jpg,fashionpedia_ann_5455,benchmark/prd_3_1_v1/candidates/segmentation_core_stress_v1/masks/core/bag/SEGCORE1_0347.png,benchmark/prd_3_1_v1/candidates/segmentation_core_stress_v1/overlays/core/bag/SEGCORE1_0347.jpg,0.07364031,medium,PENDING_FINAL_HUMAN_CONFIRMATION,,,,,,unreviewed,worn_person,0.973809,partial_view,0.956000,partial,0.851078,none,0.766788,partial,0.557922,full,0.115844,HIGH_CONF_SUGGESTION,,1,0,,,COREPROV1_0316
SEGCORE1_0348,bag,"bag, wallet",Fashionpedia,../fashion_data/raw/fashionpedia/images/test/a4222aa94c4ed6f7e3a36f553505249b.jpg,fashionpedia_ann_3141,benchmark/prd_3_1_v1/candidates/segmentation_core_stress_v1/masks/core/bag/SEGCORE1_0348.png,benchmark/prd_3_1_v1/candidates/segmentation_core_stress_v1/overlays/core/bag/SEGCORE1_0348.jpg,0.14777258,large,PENDING_FINAL_HUMAN_CONFIRMATION,,,,,,unreviewed,worn_person,0.939792,product_display,0.913772,partial,0.810602,none,0.682549,full,0.610761,partial,0.221522,HIGH_CONF_SUGGESTION,,1,0,,,COREPROV1_0317
SEGCORE1_0349,bag,"bag, wallet",Fashionpedia,../fashion_data/raw/fashionpedia/images/test/0544acba02e8776a56fde74f83633c21.jpg,fashionpedia_ann_141,benchmark/prd_3_1_v1/candidates/segmentation_core_stress_v1/masks/core/bag/SEGCORE1_0349.png,benchmark/prd_3_1_v1/candidates/segmentation_core_stress_v1/overlays/core/bag/SEGCORE1_0349.jpg,0.01901923,small,PENDING_FINAL_HUMAN_CONFIRMATION,,,,,,unreviewed,complex_scene,0.778759,worn_person,0.585868,partial,0.628603,heavy,0.421831,partial,0.776565,full,0.553130,HIGH_CONF_SUGGESTION,,1,0,,,COREPROV1_0318
SEGCORE1_0350,bag,"bag, wallet",Fashionpedia,../fashion_data/raw/fashionpedia/images/test/8fd977cccd42dde5ebe8785b3929f801.jpg,fashionpedia_ann_1602,benchmark/prd_3_1_v1/candidates/segmentation_core_stress_v1/masks/core/bag/SEGCORE1_0350.png,benchmark/prd_3_1_v1/candidates/segmentation_core_stress_v1/overlays/core/bag/SEGCORE1_0350.jpg,0.05670363,medium,PENDING_FINAL_HUMAN_CONFIRMATION,,,,,,unreviewed,worn_person,0.785966,partial_view,0.701236,partial,0.509710,none,0.152039,partial,0.581358,full,0.162716,HIGH_CONF_SUGGESTION,,1,0,,,COREPROV1_0319
SEGCORE1_0351,bag,"bag, wallet",Fashionpedia,../fashion_data/raw/fashionpedia/images/test/e58b172581a1b2e4d7ed70620b23d2be.jpg,fashionpedia_ann_3471,benchmark/prd_3_1_v1/candidates/segmentation_core_stress_v1/masks/core/bag/SEGCORE1_0351.png,benchmark/prd_3_1_v1/candidates/segmentation_core_stress_v1/overlays/core/bag/SEGCORE1_0351.jpg,0.16400531,large,PENDING_FINAL_HUMAN_CONFIRMATION,,,,,,unreviewed,worn_person,0.984906,partial_view,0.978301,partial,0.646343,none,0.442212,full,0.522078,partial,0.044157,REVIEW,LOW_VISIBILITY_CONFIDENCE,1,0,,,COREPROV1_0320
SEGCORE1_0352,bag,"bag, wallet",Fashionpedia,../fashion_data/raw/fashionpedia/images/test/e1c633bb82c74fbfc7504a7186c97751.jpg,fashionpedia_ann_5803,benchmark/prd_3_1_v1/candidates/segmentation_core_stress_v1/masks/core/bag/SEGCORE1_0352.png,benchmark/prd_3_1_v1/candidates/segmentation_core_stress_v1/overlays/core/bag/SEGCORE1_0352.jpg,0.01232192,small,PENDING_FINAL_HUMAN_CONFIRMATION,,,,,,unreviewed,complex_scene,0.709831,worn_person,0.576886,none,0.520638,partial,0.186475,partial,0.767682,full,0.535363,HIGH_CONF_SUGGESTION,,1,0,,,COREPROV1_0321
SEGCORE1_0353,bag,"bag, wallet",Fashionpedia,../fashion_data/raw/fashionpedia/images/test/5285f0cc22e6b24ebf7597921f1e792f.jpg,fashionpedia_ann_6776,benchmark/prd_3_1_v1/candidates/segmentation_core_stress_v1/masks/core/bag/SEGCORE1_0353.png,benchmark/prd_3_1_v1/candidates/segmentation_core_stress_v1/overlays/core/bag/SEGCORE1_0353.jpg,0.04860210,medium,PENDING_FINAL_HUMAN_CONFIRMATION,,,,,,unreviewed,worn_person,0.811305,complex_scene,0.683443,partial,0.473471,heavy,0.179465,partial,0.831682,full,0.663363,HIGH_CONF_SUGGESTION,,1,0,,,COREPROV1_0322
SEGCORE1_0354,bag,"bag, wallet",Fashionpedia,../fashion_data/raw/fashionpedia/images/test/26168da8556dab9641084df526c39ced.jpg,fashionpedia_ann_6904,benchmark/prd_3_1_v1/candidates/segmentation_core_stress_v1/masks/core/bag/SEGCORE1_0354.png,benchmark/prd_3_1_v1/candidates/segmentation_core_stress_v1/overlays/core/bag/SEGCORE1_0354.jpg,0.13495893,large,PENDING_FINAL_HUMAN_CONFIRMATION,,,,,,unreviewed,product_display,0.830494,worn_person,0.686895,partial,0.845986,none,0.757710,full,0.667902,partial,0.335805,HIGH_CONF_SUGGESTION,,1,0,,,COREPROV1_0323
SEGCORE1_0355,bag,"bag, wallet",Fashionpedia,../fashion_data/raw/fashionpedia/images/test/219a6c846e208bbad39f71ddab96408a.jpg,fashionpedia_ann_3153,benchmark/prd_3_1_v1/candidates/segmentation_core_stress_v1/masks/core/bag/SEGCORE1_0355.png,benchmark/prd_3_1_v1/candidates/segmentation_core_stress_v1/overlays/core/bag/SEGCORE1_0355.jpg,0.01149824,small,PENDING_FINAL_HUMAN_CONFIRMATION,,,,,,unreviewed,worn_person,0.867530,partial_view,0.778637,partial,0.441841,none,0.150515,full,0.520153,partial,0.040305,REVIEW,LOW_OCCLUSION_CONFIDENCE|LOW_VISIBILITY_CONFIDENCE,1,0,,,COREPROV1_0324
SEGCORE1_0356,bag,"bag, wallet",Fashionpedia,../fashion_data/raw/fashionpedia/images/test/0ba0216e6879f8b433d0897a77cff984.jpg,fashionpedia_ann_3969,benchmark/prd_3_1_v1/candidates/segmentation_core_stress_v1/masks/core/bag/SEGCORE1_0356.png,benchmark/prd_3_1_v1/candidates/segmentation_core_stress_v1/overlays/core/bag/SEGCORE1_0356.jpg,0.08750458,medium,PENDING_FINAL_HUMAN_CONFIRMATION,,,,,,unreviewed,worn_person,0.665059,complex_scene,0.435468,partial,0.660153,none,0.461798,partial,0.512584,full,0.025169,REVIEW,LOW_VISIBILITY_CONFIDENCE,1,0,,,COREPROV1_0325
SEGCORE1_0357,bag,"bag, wallet",Fashionpedia,../fashion_data/raw/fashionpedia/images/test/e6468d04328e93755f40b49190b3f801.jpg,fashionpedia_ann_1058,benchmark/prd_3_1_v1/candidates/segmentation_core_stress_v1/masks/core/bag/SEGCORE1_0357.png,benchmark/prd_3_1_v1/candidates/segmentation_core_stress_v1/overlays/core/bag/SEGCORE1_0357.jpg,0.14152976,large,PENDING_FINAL_HUMAN_CONFIRMATION,,,,,,unreviewed,worn_person,0.398424,complex_scene,0.098301,partial,0.713202,none,0.545316,full,0.670446,partial,0.340893,REVIEW,LOW_SCENE_CONFIDENCE,1,1,,,COREPROV1_0326
SEGCORE1_0359,bag,"bag, wallet",Fashionpedia,../fashion_data/raw/fashionpedia/images/test/f33e666940ab7cb29212a29d4feda8ad.jpg,fashionpedia_ann_3078,benchmark/prd_3_1_v1/candidates/segmentation_core_stress_v1/masks/core/bag/SEGCORE1_0359.png,benchmark/prd_3_1_v1/candidates/segmentation_core_stress_v1/overlays/core/bag/SEGCORE1_0359.jpg,0.05863093,medium,PENDING_FINAL_HUMAN_CONFIRMATION,,,,,,unreviewed,worn_person,0.874511,complex_scene,0.807919,partial,0.740218,none,0.603377,full,0.515599,partial,0.031199,REVIEW,LOW_VISIBILITY_CONFIDENCE,1,0,,,COREPROV1_0327
SEGCORE1_0361,bag,"bag, wallet",Fashionpedia,../fashion_data/raw/fashionpedia/images/test/fa8cbbf127e163a2f512399049509d90.jpg,fashionpedia_ann_2024,benchmark/prd_3_1_v1/candidates/segmentation_core_stress_v1/masks/core/bag/SEGCORE1_0361.png,benchmark/prd_3_1_v1/candidates/segmentation_core_stress_v1/overlays/core/bag/SEGCORE1_0361.jpg,0.01278982,small,PENDING_FINAL_HUMAN_CONFIRMATION,,,,,,unreviewed,worn_person,0.852757,product_display,0.800798,partial,0.760625,none,0.624611,partial,0.563736,full,0.127472,HIGH_CONF_SUGGESTION,,1,0,,,COREPROV1_0328
SEGCORE1_0362,bag,"bag, wallet",Fashionpedia,../fashion_data/raw/fashionpedia/images/test/02b4423e161fa2409974174ec53cdb2a.jpg,fashionpedia_ann_8391,benchmark/prd_3_1_v1/candidates/segmentation_core_stress_v1/masks/core/bag/SEGCORE1_0362.png,benchmark/prd_3_1_v1/candidates/segmentation_core_stress_v1/overlays/core/bag/SEGCORE1_0362.jpg,0.03181704,medium,PENDING_FINAL_HUMAN_CONFIRMATION,,,,,,unreviewed,partial_view,0.857017,complex_scene,0.757472,partial,0.372150,heavy,0.034121,partial,0.761535,full,0.523071,REVIEW,LOW_OCCLUSION_CONFIDENCE,1,0,,,COREPROV1_0329
SEGCORE1_0363,bag,"bag, wallet",Fashionpedia,../fashion_data/raw/fashionpedia/images/test/91d2989ccce4a5b3e4789f48b4e05a68.jpg,fashionpedia_ann_2999,benchmark/prd_3_1_v1/candidates/segmentation_core_stress_v1/masks/core/bag/SEGCORE1_0363.png,benchmark/prd_3_1_v1/candidates/segmentation_core_stress_v1/overlays/core/bag/SEGCORE1_0363.jpg,0.01867084,small,PENDING_FINAL_HUMAN_CONFIRMATION,,,,,,unreviewed,worn_person,0.590692,partial_view,0.302433,none,0.377190,heavy,0.022634,partial,0.812109,full,0.624218,REVIEW,LOW_OCCLUSION_CONFIDENCE,1,0,,,COREPROV1_0330
SEGCORE1_0364,bag,"bag, wallet",Fashionpedia,../fashion_data/raw/fashionpedia/images/test/1ee26a858200fa98bef04c950dad233a.jpg,fashionpedia_ann_1171,benchmark/prd_3_1_v1/candidates/segmentation_core_stress_v1/masks/core/bag/SEGCORE1_0364.png,benchmark/prd_3_1_v1/candidates/segmentation_core_stress_v1/overlays/core/bag/SEGCORE1_0364.jpg,0.04032258,medium,PENDING_FINAL_HUMAN_CONFIRMATION,,,,,,unreviewed,worn_person,0.962742,complex_scene,0.948333,partial,0.471305,none,0.093576,partial,0.506595,full,0.013189,REVIEW,LOW_VISIBILITY_CONFIDENCE,1,0,,,COREPROV1_0331
SEGCORE1_0365,bag,"bag, wallet",Fashionpedia,../fashion_data/raw/fashionpedia/images/test/de92afe62c9c4670a48c6c3e43440323.jpg,fashionpedia_ann_3574,benchmark/prd_3_1_v1/candidates/segmentation_core_stress_v1/masks/core/bag/SEGCORE1_0365.png,benchmark/prd_3_1_v1/candidates/segmentation_core_stress_v1/overlays/core/bag/SEGCORE1_0365.jpg,0.01649560,small,PENDING_FINAL_HUMAN_CONFIRMATION,,,,,,unreviewed,worn_person,0.443403,complex_scene,0.112191,partial,0.674665,none,0.488341,partial,0.535490,full,0.070981,REVIEW,LOW_VISIBILITY_CONFIDENCE,1,0,,,COREPROV1_0332
SEGCORE1_0366,bag,"bag, wallet",Fashionpedia,../fashion_data/raw/fashionpedia/images/test/78c76bd3d70e760b4b59fde91b1cc03f.jpg,fashionpedia_ann_7859,benchmark/prd_3_1_v1/candidates/segmentation_core_stress_v1/masks/core/bag/SEGCORE1_0366.png,benchmark/prd_3_1_v1/candidates/segmentation_core_stress_v1/overlays/core/bag/SEGCORE1_0366.jpg,0.04333282,medium,PENDING_FINAL_HUMAN_CONFIRMATION,,,,,,unreviewed,worn_person,0.963667,complex_scene,0.937951,partial,0.726787,heavy,0.561773,full,0.591228,partial,0.182456,HIGH_CONF_SUGGESTION,,1,0,,,COREPROV1_0333
SEGCORE1_0367,bag,"bag, wallet",Fashionpedia,../fashion_data/raw/fashionpedia/images/test/590d516a191a9f1013976798dda97d36.jpg,fashionpedia_ann_3535,benchmark/prd_3_1_v1/candidates/segmentation_core_stress_v1/masks/core/bag/SEGCORE1_0367.png,benchmark/prd_3_1_v1/candidates/segmentation_core_stress_v1/overlays/core/bag/SEGCORE1_0367.jpg,0.07047653,medium,PENDING_FINAL_HUMAN_CONFIRMATION,,,,,,unreviewed,worn_person,0.783508,product_display,0.694483,partial,0.402384,none,0.058056,partial,0.662187,full,0.324374,REVIEW,LOW_OCCLUSION_CONFIDENCE,1,0,,,COREPROV1_0334
SEGCORE1_0368,bag,"bag, wallet",Fashionpedia,../fashion_data/raw/fashionpedia/images/test/4aa6626a5183e3072b74ee07f75e07b6.jpg,fashionpedia_ann_578,benchmark/prd_3_1_v1/candidates/segmentation_core_stress_v1/masks/core/bag/SEGCORE1_0368.png,benchmark/prd_3_1_v1/candidates/segmentation_core_stress_v1/overlays/core/bag/SEGCORE1_0368.jpg,0.05160460,medium,PENDING_FINAL_HUMAN_CONFIRMATION,,,,,,unreviewed,partial_view,0.397880,complex_scene,0.110987,partial,0.433717,none,0.129964,full,0.529931,partial,0.059863,REVIEW,LOW_SCENE_CONFIDENCE|LOW_OCCLUSION_CONFIDENCE|LOW_VISIBILITY_CONFIDENCE,1,1,,,COREPROV1_0335
SEGCORE1_0369,bag,"bag, wallet",Fashionpedia,../fashion_data/raw/fashionpedia/images/test/5446d1fd42c4c2baac5bc3ae647b2f7d.jpg,fashionpedia_ann_3374,benchmark/prd_3_1_v1/candidates/segmentation_core_stress_v1/masks/core/bag/SEGCORE1_0369.png,benchmark/prd_3_1_v1/candidates/segmentation_core_stress_v1/overlays/core/bag/SEGCORE1_0369.jpg,0.04087958,medium,PENDING_FINAL_HUMAN_CONFIRMATION,,,,,,unreviewed,worn_person,0.840952,product_display,0.741479,partial,0.492316,none,0.118005,partial,0.588105,full,0.176210,HIGH_CONF_SUGGESTION,,1,0,,,COREPROV1_0336
SEGCORE1_0370,bag,"bag, wallet",Fashionpedia,../fashion_data/raw/fashionpedia/images/test/eb20c87403d09323d402b3461afbdb0e.jpg,fashionpedia_ann_8409,benchmark/prd_3_1_v1/candidates/segmentation_core_stress_v1/masks/core/bag/SEGCORE1_0370.png,benchmark/prd_3_1_v1/candidates/segmentation_core_stress_v1/overlays/core/bag/SEGCORE1_0370.jpg,0.04841264,medium,PENDING_FINAL_HUMAN_CONFIRMATION,,,,,,unreviewed,worn_person,0.945202,partial_view,0.901706,partial,0.610674,none,0.337056,full,0.587954,partial,0.175907,HIGH_CONF_SUGGESTION,,1,0,,,COREPROV1_0337
SEGCORE1_0371,bag,"bag, wallet",Fashionpedia,../fashion_data/raw/fashionpedia/images/test/25e92d53394ac92b6b9edbbfe7cb0e1e.jpg,fashionpedia_ann_8795,benchmark/prd_3_1_v1/candidates/segmentation_core_stress_v1/masks/core/bag/SEGCORE1_0371.png,benchmark/prd_3_1_v1/candidates/segmentation_core_stress_v1/overlays/core/bag/SEGCORE1_0371.jpg,0.02163523,medium,PENDING_FINAL_HUMAN_CONFIRMATION,,,,,,unreviewed,partial_view,0.488399,worn_person,0.020331,partial,0.556435,heavy,0.296386,full,0.722128,partial,0.444256,REVIEW,LOW_SCENE_CONFIDENCE,1,1,,,COREPROV1_0338
SEGCORE1_0372,bag,"bag, wallet",Fashionpedia,../fashion_data/raw/fashionpedia/images/test/2bb3700b00be0b5dc63b73da24501546.jpg,fashionpedia_ann_6562,benchmark/prd_3_1_v1/candidates/segmentation_core_stress_v1/masks/core/bag/SEGCORE1_0372.png,benchmark/prd_3_1_v1/candidates/segmentation_core_stress_v1/overlays/core/bag/SEGCORE1_0372.jpg,0.06778829,medium,PENDING_FINAL_HUMAN_CONFIRMATION,,,,,,unreviewed,complex_scene,0.805486,product_display,0.718627,partial,0.763469,none,0.596080,partial,0.660625,full,0.321249,HIGH_CONF_SUGGESTION,,1,0,,,COREPROV1_0339
SEGCORE1_0373,bag,"bag, wallet",Fashionpedia,../fashion_data/raw/fashionpedia/images/test/6e2652e279a03035a8a0190ba461d247.jpg,fashionpedia_ann_8421,benchmark/prd_3_1_v1/candidates/segmentation_core_stress_v1/masks/core/bag/SEGCORE1_0373.png,benchmark/prd_3_1_v1/candidates/segmentation_core_stress_v1/overlays/core/bag/SEGCORE1_0373.jpg,0.04186622,medium,PENDING_FINAL_HUMAN_CONFIRMATION,,,,,,unreviewed,worn_person,0.678898,partial_view,0.458588,partial,0.602979,none,0.319247,full,0.606808,partial,0.213615,HIGH_CONF_SUGGESTION,,1,0,,,COREPROV1_0340
SEGCORE1_0374,bag,"bag, wallet",Fashionpedia,../fashion_data/raw/fashionpedia/images/test/c61d5cca2c2a6e5f06a6ff26689e8f89.jpg,fashionpedia_ann_2332,benchmark/prd_3_1_v1/candidates/segmentation_core_stress_v1/masks/core/bag/SEGCORE1_0374.png,benchmark/prd_3_1_v1/candidates/segmentation_core_stress_v1/overlays/core/bag/SEGCORE1_0374.jpg,0.02693196,medium,PENDING_FINAL_HUMAN_CONFIRMATION,,,,,,unreviewed,partial_view,0.543751,worn_person,0.301394,partial,0.657591,heavy,0.461318,partial,0.597578,full,0.195155,HIGH_CONF_SUGGESTION,,1,0,,,COREPROV1_0341
SEGCORE1_0375,bag,"bag, wallet",Fashionpedia,../fashion_data/raw/fashionpedia/images/test/6f7e3162e9690967035c75bdbb9b0aea.jpg,fashionpedia_ann_6958,benchmark/prd_3_1_v1/candidates/segmentation_core_stress_v1/masks/core/bag/SEGCORE1_0375.png,benchmark/prd_3_1_v1/candidates/segmentation_core_stress_v1/overlays/core/bag/SEGCORE1_0375.jpg,0.06181083,medium,PENDING_FINAL_HUMAN_CONFIRMATION,,,,,,unreviewed,worn_person,0.745340,complex_scene,0.538608,partial,0.646660,none,0.384319,full,0.538842,partial,0.077685,REVIEW,LOW_VISIBILITY_CONFIDENCE,1,0,,,COREPROV1_0342
SEGCORE1_0376,bag,"bag, wallet",Fashionpedia,../fashion_data/raw/fashionpedia/images/test/42668f83c24465ba79d25eb2a8790050.jpg,fashionpedia_ann_7324,benchmark/prd_3_1_v1/candidates/segmentation_core_stress_v1/masks/core/bag/SEGCORE1_0376.png,benchmark/prd_3_1_v1/candidates/segmentation_core_stress_v1/overlays/core/bag/SEGCORE1_0376.jpg,0.04684063,medium,PENDING_FINAL_HUMAN_CONFIRMATION,,,,,,unreviewed,worn_person,0.664377,partial_view,0.426865,partial,0.725476,none,0.532845,partial,0.510483,full,0.020966,REVIEW,LOW_VISIBILITY_CONFIDENCE,1,0,,,COREPROV1_0343
SEGCORE1_0377,bag,"bag, wallet",Fashionpedia,../fashion_data/raw/fashionpedia/images/test/b6b563c14cfb7911932d24d22ffe5041.jpg,fashionpedia_ann_7874,benchmark/prd_3_1_v1/candidates/segmentation_core_stress_v1/masks/core/bag/SEGCORE1_0377.png,benchmark/prd_3_1_v1/candidates/segmentation_core_stress_v1/overlays/core/bag/SEGCORE1_0377.jpg,0.05091349,medium,PENDING_FINAL_HUMAN_CONFIRMATION,,,,,,unreviewed,worn_person,0.723658,partial_view,0.568531,partial,0.704245,none,0.545417,partial,0.673186,full,0.346372,HIGH_CONF_SUGGESTION,,1,0,,,COREPROV1_0344
SEGCORE1_0378,bag,"bag, wallet",Fashionpedia,../fashion_data/raw/fashionpedia/images/test/8623733272199d95726231fd6dcdc7bf.jpg,fashionpedia_ann_7482,benchmark/prd_3_1_v1/candidates/segmentation_core_stress_v1/masks/core/bag/SEGCORE1_0378.png,benchmark/prd_3_1_v1/candidates/segmentation_core_stress_v1/overlays/core/bag/SEGCORE1_0378.jpg,0.02824350,medium,PENDING_FINAL_HUMAN_CONFIRMATION,,,,,,unreviewed,worn_person,0.860731,partial_view,0.792728,partial,0.530931,none,0.232425,partial,0.685063,full,0.370127,HIGH_CONF_SUGGESTION,,1,0,,,COREPROV1_0345
SEGCORE1_0379,bag,"bag, wallet",Fashionpedia,../fashion_data/raw/fashionpedia/images/test/ce07236c7bdb9f4d04df57c3a7967959.jpg,fashionpedia_ann_4714,benchmark/prd_3_1_v1/candidates/segmentation_core_stress_v1/masks/core/bag/SEGCORE1_0379.png,benchmark/prd_3_1_v1/candidates/segmentation_core_stress_v1/overlays/core/bag/SEGCORE1_0379.jpg,0.05663336,medium,PENDING_FINAL_HUMAN_CONFIRMATION,,,,,,unreviewed,worn_person,0.640768,partial_view,0.470446,partial,0.747858,none,0.604206,full,0.706275,partial,0.412549,HIGH_CONF_SUGGESTION,,1,0,,,COREPROV1_0346
SEGCORE1_0380,bag,"bag, wallet",Fashionpedia,../fashion_data/raw/fashionpedia/images/test/65cb75a24d64e835888e2824b1baaacc.jpg,fashionpedia_ann_2212,benchmark/prd_3_1_v1/candidates/segmentation_core_stress_v1/masks/core/bag/SEGCORE1_0380.png,benchmark/prd_3_1_v1/candidates/segmentation_core_stress_v1/overlays/core/bag/SEGCORE1_0380.jpg,0.05880107,medium,PENDING_FINAL_HUMAN_CONFIRMATION,,,,,,unreviewed,worn_person,0.537863,product_display,0.313542,partial,0.927059,none,0.884736,full,0.652481,partial,0.304961,HIGH_CONF_SUGGESTION,,1,0,,,COREPROV1_0347
SEGCORE1_0381,bag,"bag, wallet",Fashionpedia,../fashion_data/raw/fashionpedia/images/test/981fa1400f6240e4a3d5082b95b667a2.jpg,fashionpedia_ann_5913,benchmark/prd_3_1_v1/candidates/segmentation_core_stress_v1/masks/core/bag/SEGCORE1_0381.png,benchmark/prd_3_1_v1/candidates/segmentation_core_stress_v1/overlays/core/bag/SEGCORE1_0381.jpg,0.02978730,medium,PENDING_FINAL_HUMAN_CONFIRMATION,,,,,,unreviewed,complex_scene,0.435793,partial_view,0.039775,partial,0.673410,none,0.499220,partial,0.547922,full,0.095844,REVIEW,LOW_SCENE_CONFIDENCE,1,1,,,COREPROV1_0348
SEGCORE1_0382,bag,"bag, wallet",Fashionpedia,../fashion_data/raw/fashionpedia/images/test/3421d3316a1b5e3e0eba67a600201806.jpg,fashionpedia_ann_7699,benchmark/prd_3_1_v1/candidates/segmentation_core_stress_v1/masks/core/bag/SEGCORE1_0382.png,benchmark/prd_3_1_v1/candidates/segmentation_core_stress_v1/overlays/core/bag/SEGCORE1_0382.jpg,0.03683588,medium,PENDING_FINAL_HUMAN_CONFIRMATION,,,,,,unreviewed,worn_person,0.766633,complex_scene,0.550128,partial,0.834801,none,0.730023,full,0.794035,partial,0.588070,HIGH_CONF_SUGGESTION,,1,0,,,COREPROV1_0349
SEGCORE1_0383,bag,"bag, wallet",Fashionpedia,../fashion_data/raw/fashionpedia/images/test/790cc5b2e3f130e9f45cde050b74c055.jpg,fashionpedia_ann_75,benchmark/prd_3_1_v1/candidates/segmentation_core_stress_v1/masks/core/bag/SEGCORE1_0383.png,benchmark/prd_3_1_v1/candidates/segmentation_core_stress_v1/overlays/core/bag/SEGCORE1_0383.jpg,0.03334045,medium,PENDING_FINAL_HUMAN_CONFIRMATION,,,,,,unreviewed,worn_person,0.897005,complex_scene,0.850389,partial,0.582307,none,0.308658,partial,0.741724,full,0.483448,HIGH_CONF_SUGGESTION,,1,0,,,COREPROV1_0350
SEGCORE1_0386,accessory,"headband, head covering, hair accessory",Fashionpedia,../fashion_data/raw/fashionpedia/images/test/474d53c6c7a10c536cb49d55104211bf.jpg,fashionpedia_ann_3274,benchmark/prd_3_1_v1/candidates/segmentation_core_stress_v1/masks/core/accessory/SEGCORE1_0386.png,benchmark/prd_3_1_v1/candidates/segmentation_core_stress_v1/overlays/core/accessory/SEGCORE1_0386.jpg,0.05183393,medium,PENDING_FINAL_HUMAN_CONFIRMATION,,,,,,unreviewed,partial_view,0.745621,worn_person,0.551565,partial,0.653984,heavy,0.402274,partial,0.757602,full,0.515205,HIGH_CONF_SUGGESTION,,1,0,,,COREPROV1_0351
SEGCORE1_0387,accessory,sock,Fashionpedia,../fashion_data/raw/fashionpedia/images/test/35980d446169c38a1ebe02324dc0df36.jpg,fashionpedia_ann_9166,benchmark/prd_3_1_v1/candidates/segmentation_core_stress_v1/masks/core/accessory/SEGCORE1_0387.png,benchmark/prd_3_1_v1/candidates/segmentation_core_stress_v1/overlays/core/accessory/SEGCORE1_0387.jpg,0.00967200,small,PENDING_FINAL_HUMAN_CONFIRMATION,,,,,,unreviewed,worn_person,0.884974,complex_scene,0.786127,none,0.538524,partial,0.236578,partial,0.739651,full,0.479302,HIGH_CONF_SUGGESTION,,1,0,,,COREPROV1_0352
SEGCORE1_0388,accessory,belt,Fashionpedia,../fashion_data/raw/fashionpedia/images/test/f4c8049f436b7edcb26c01d3219e14c2.jpg,fashionpedia_ann_7825,benchmark/prd_3_1_v1/candidates/segmentation_core_stress_v1/masks/core/accessory/SEGCORE1_0388.png,benchmark/prd_3_1_v1/candidates/segmentation_core_stress_v1/overlays/core/accessory/SEGCORE1_0388.jpg,0.00715669,small,PENDING_FINAL_HUMAN_CONFIRMATION,,,,,,unreviewed,partial_view,0.480576,worn_person,0.166125,partial,0.407043,none,0.100635,partial,0.740663,full,0.481326,REVIEW,LOW_OCCLUSION_CONFIDENCE,1,0,,,COREPROV1_0353
SEGCORE1_0389,accessory,glove,Fashionpedia,../fashion_data/raw/fashionpedia/images/test/0a4aae5ecd970a120bfcc6b377b6e187.jpg,fashionpedia_ann_8535,benchmark/prd_3_1_v1/candidates/segmentation_core_stress_v1/masks/core/accessory/SEGCORE1_0389.png,benchmark/prd_3_1_v1/candidates/segmentation_core_stress_v1/overlays/core/accessory/SEGCORE1_0389.jpg,0.01306946,small,PENDING_FINAL_HUMAN_CONFIRMATION,,,,,,unreviewed,complex_scene,0.965468,partial_view,0.946354,none,0.424353,partial,0.107348,partial,0.752845,full,0.505691,REVIEW,LOW_OCCLUSION_CONFIDENCE,1,0,,,COREPROV1_0354
SEGCORE1_0390,accessory,scarf,Fashionpedia,../fashion_data/raw/fashionpedia/images/test/064c8022b32931e787260d81ed5aafe8.jpg,fashionpedia_ann_8225,benchmark/prd_3_1_v1/candidates/segmentation_core_stress_v1/masks/core/accessory/SEGCORE1_0390.png,benchmark/prd_3_1_v1/candidates/segmentation_core_stress_v1/overlays/core/accessory/SEGCORE1_0390.jpg,0.13097426,large,PENDING_FINAL_HUMAN_CONFIRMATION,,,,,,unreviewed,complex_scene,0.712862,partial_view,0.516290,partial,0.617142,none,0.410689,full,0.708059,partial,0.416118,HIGH_CONF_SUGGESTION,,1,0,,,COREPROV1_0355
SEGCORE1_0391,accessory,glove,Fashionpedia,../fashion_data/raw/fashionpedia/images/test/33a5bdedbd732f7fdd89d558b78707ef.jpg,fashionpedia_ann_826,benchmark/prd_3_1_v1/candidates/segmentation_core_stress_v1/masks/core/accessory/SEGCORE1_0391.png,benchmark/prd_3_1_v1/candidates/segmentation_core_stress_v1/overlays/core/accessory/SEGCORE1_0391.jpg,0.02292290,medium,PENDING_FINAL_HUMAN_CONFIRMATION,,,,,,unreviewed,partial_view,0.696576,complex_scene,0.520556,partial,0.526513,none,0.286362,partial,0.819616,full,0.639232,HIGH_CONF_SUGGESTION,,1,0,,,COREPROV1_0356
SEGCORE1_0392,accessory,hat,Fashionpedia,../fashion_data/raw/fashionpedia/images/test/ec87f9472aa1aa6a6fb6fa44add1357a.jpg,fashionpedia_ann_7485,benchmark/prd_3_1_v1/candidates/segmentation_core_stress_v1/masks/core/accessory/SEGCORE1_0392.png,benchmark/prd_3_1_v1/candidates/segmentation_core_stress_v1/overlays/core/accessory/SEGCORE1_0392.jpg,0.21780396,large,PENDING_FINAL_HUMAN_CONFIRMATION,,,,,,unreviewed,worn_person,0.661514,partial_view,0.432008,none,0.449671,partial,0.104746,partial,0.804110,full,0.608220,REVIEW,LOW_OCCLUSION_CONFIDENCE,1,0,,,COREPROV1_0357
SEGCORE1_0393,accessory,watch,Fashionpedia,../fashion_data/raw/fashionpedia/images/test/992c89a774b9f246db9ab54865273b26.jpg,fashionpedia_ann_1523,benchmark/prd_3_1_v1/candidates/segmentation_core_stress_v1/masks/core/accessory/SEGCORE1_0393.png,benchmark/prd_3_1_v1/candidates/segmentation_core_stress_v1/overlays/core/accessory/SEGCORE1_0393.jpg,0.00529234,small,PENDING_FINAL_HUMAN_CONFIRMATION,,,,,,unreviewed,worn_person,0.763723,partial_view,0.567474,partial,0.471393,none,0.182605,partial,0.689840,full,0.379680,HIGH_CONF_SUGGESTION,,1,0,,,COREPROV1_0358
SEGCORE1_0394,accessory,hat,Fashionpedia,../fashion_data/raw/fashionpedia/images/test/ef9f506c8d4345edbb63f7fb54bb2cf5.jpg,fashionpedia_ann_4816,benchmark/prd_3_1_v1/candidates/segmentation_core_stress_v1/masks/core/accessory/SEGCORE1_0394.png,benchmark/prd_3_1_v1/candidates/segmentation_core_stress_v1/overlays/core/accessory/SEGCORE1_0394.jpg,0.05629124,medium,PENDING_FINAL_HUMAN_CONFIRMATION,,,,,,unreviewed,partial_view,0.447633,worn_person,0.049952,partial,0.623592,none,0.387097,full,0.779009,partial,0.558018,REVIEW,LOW_SCENE_CONFIDENCE,1,1,,,COREPROV1_0359
SEGCORE1_0395,accessory,"headband, head covering, hair accessory",Fashionpedia,../fashion_data/raw/fashionpedia/images/test/8e13b4bba964e3d1fc2eba6e30975f06.jpg,fashionpedia_ann_1964,benchmark/prd_3_1_v1/candidates/segmentation_core_stress_v1/masks/core/accessory/SEGCORE1_0395.png,benchmark/prd_3_1_v1/candidates/segmentation_core_stress_v1/overlays/core/accessory/SEGCORE1_0395.jpg,0.63439333,large,PENDING_FINAL_HUMAN_CONFIRMATION,,,,,,unreviewed,complex_scene,0.626402,product_display,0.442840,partial,0.624723,none,0.355758,full,0.603351,partial,0.206703,HIGH_CONF_SUGGESTION,,1,0,,,COREPROV1_0360
SEGCORE1_0396,accessory,sock,Fashionpedia,../fashion_data/raw/fashionpedia/images/test/de3856d93bf781545f6453afbbeef077.jpg,fashionpedia_ann_8233,benchmark/prd_3_1_v1/candidates/segmentation_core_stress_v1/masks/core/accessory/SEGCORE1_0396.png,benchmark/prd_3_1_v1/candidates/segmentation_core_stress_v1/overlays/core/accessory/SEGCORE1_0396.jpg,0.02607051,medium,PENDING_FINAL_HUMAN_CONFIRMATION,,,,,,unreviewed,partial_view,0.503328,complex_scene,0.256492,none,0.616401,heavy,0.396957,partial,0.708118,full,0.416237,HIGH_CONF_SUGGESTION,,1,0,,,COREPROV1_0361
SEGCORE1_0397,accessory,"tights, stockings",Fashionpedia,../fashion_data/raw/fashionpedia/images/test/069223d02dcbfbe69af905daeb7fae26.jpg,fashionpedia_ann_8662,benchmark/prd_3_1_v1/candidates/segmentation_core_stress_v1/masks/core/accessory/SEGCORE1_0397.png,benchmark/prd_3_1_v1/candidates/segmentation_core_stress_v1/overlays/core/accessory/SEGCORE1_0397.jpg,0.00882343,small,PENDING_FINAL_HUMAN_CONFIRMATION,,,,,,unreviewed,worn_person,0.879435,partial_view,0.793618,none,0.520339,partial,0.255898,full,0.523433,partial,0.046865,REVIEW,LOW_VISIBILITY_CONFIDENCE,1,0,,,COREPROV1_0362
SEGCORE1_0398,accessory,belt,Fashionpedia,../fashion_data/raw/fashionpedia/images/test/0ff1ad48b959df32af38f42cef26d361.jpg,fashionpedia_ann_6370,benchmark/prd_3_1_v1/candidates/segmentation_core_stress_v1/masks/core/accessory/SEGCORE1_0398.png,benchmark/prd_3_1_v1/candidates/segmentation_core_stress_v1/overlays/core/accessory/SEGCORE1_0398.jpg,0.03068665,medium,PENDING_FINAL_HUMAN_CONFIRMATION,,,,,,unreviewed,partial_view,0.469314,complex_scene,0.104935,none,0.511865,partial,0.245712,partial,0.670006,full,0.340013,HIGH_CONF_SUGGESTION,,1,0,,,COREPROV1_0363
SEGCORE1_0399,accessory,scarf,Fashionpedia,../fashion_data/raw/fashionpedia/images/test/d451b646b79628026a369c045ed54462.jpg,fashionpedia_ann_6404,benchmark/prd_3_1_v1/candidates/segmentation_core_stress_v1/masks/core/accessory/SEGCORE1_0399.png,benchmark/prd_3_1_v1/candidates/segmentation_core_stress_v1/overlays/core/accessory/SEGCORE1_0399.jpg,0.06593589,medium,PENDING_FINAL_HUMAN_CONFIRMATION,,,,,,unreviewed,complex_scene,0.417367,worn_person,0.040833,partial,0.686102,none,0.493438,full,0.649577,partial,0.299154,REVIEW,LOW_SCENE_CONFIDENCE,1,1,,,COREPROV1_0364
SEGCORE1_0400,accessory,hat,Fashionpedia,../fashion_data/raw/fashionpedia/images/test/3c9745ee71fdc72c43f9baec5f9e27f0.jpg,fashionpedia_ann_6700,benchmark/prd_3_1_v1/candidates/segmentation_core_stress_v1/masks/core/accessory/SEGCORE1_0400.png,benchmark/prd_3_1_v1/candidates/segmentation_core_stress_v1/overlays/core/accessory/SEGCORE1_0400.jpg,0.01245653,small,PENDING_FINAL_HUMAN_CONFIRMATION,,,,,,unreviewed,complex_scene,0.371917,partial_view,0.085593,partial,0.532923,none,0.248161,partial,0.827190,full,0.654379,REVIEW,LOW_SCENE_CONFIDENCE,1,1,,,COREPROV1_0365
SEGCORE1_0401,accessory,"tights, stockings",Fashionpedia,../fashion_data/raw/fashionpedia/images/test/e636280e96f3863157a4398c92fc299e.jpg,fashionpedia_ann_8491,benchmark/prd_3_1_v1/candidates/segmentation_core_stress_v1/masks/core/accessory/SEGCORE1_0401.png,benchmark/prd_3_1_v1/candidates/segmentation_core_stress_v1/overlays/core/accessory/SEGCORE1_0401.jpg,0.02994839,medium,PENDING_FINAL_HUMAN_CONFIRMATION,,,,,,unreviewed,worn_person,0.665888,partial_view,0.455537,partial,0.567819,none,0.295230,partial,0.664163,full,0.328327,HIGH_CONF_SUGGESTION,,1,0,,,COREPROV1_0366
SEGCORE1_0402,accessory,glasses,Fashionpedia,../fashion_data/raw/fashionpedia/images/test/3c9135567d29729161aa465507e5efad.jpg,fashionpedia_ann_5153,benchmark/prd_3_1_v1/candidates/segmentation_core_stress_v1/masks/core/accessory/SEGCORE1_0402.png,benchmark/prd_3_1_v1/candidates/segmentation_core_stress_v1/overlays/core/accessory/SEGCORE1_0402.jpg,0.00997755,small,PENDING_FINAL_HUMAN_CONFIRMATION,,,,,,unreviewed,worn_person,0.829461,complex_scene,0.687748,partial,0.400161,none,0.023607,partial,0.794365,full,0.588730,REVIEW,LOW_OCCLUSION_CONFIDENCE,1,0,,,COREPROV1_0367
SEGCORE1_0403,accessory,belt,Fashionpedia,../fashion_data/raw/fashionpedia/images/test/b5afca4e7afe32cd8d4e7ba62da456bd.jpg,fashionpedia_ann_1945,benchmark/prd_3_1_v1/candidates/segmentation_core_stress_v1/masks/core/accessory/SEGCORE1_0403.png,benchmark/prd_3_1_v1/candidates/segmentation_core_stress_v1/overlays/core/accessory/SEGCORE1_0403.jpg,0.13064779,large,PENDING_FINAL_HUMAN_CONFIRMATION,,,,,,unreviewed,partial_view,0.452045,complex_scene,0.098003,partial,0.736385,none,0.580238,full,0.537377,partial,0.074753,REVIEW,LOW_VISIBILITY_CONFIDENCE,1,0,,,COREPROV1_0368
SEGCORE1_0404,accessory,"headband, head covering, hair accessory",Fashionpedia,../fashion_data/raw/fashionpedia/images/test/387a049fc5d151a2c6c2444a44211d5c.jpg,fashionpedia_ann_5922,benchmark/prd_3_1_v1/candidates/segmentation_core_stress_v1/masks/core/accessory/SEGCORE1_0404.png,benchmark/prd_3_1_v1/candidates/segmentation_core_stress_v1/overlays/core/accessory/SEGCORE1_0404.jpg,0.00781823,small,PENDING_FINAL_HUMAN_CONFIRMATION,,,,,,unreviewed,partial_view,0.759916,complex_scene,0.564466,partial,0.450836,heavy,0.171822,partial,0.783356,full,0.566711,HIGH_CONF_SUGGESTION,,1,0,,,COREPROV1_0369
SEGCORE1_0405,accessory,scarf,Fashionpedia,../fashion_data/raw/fashionpedia/images/test/3ce04e48660ed6d21aee863f674486b7.jpg,fashionpedia_ann_4155,benchmark/prd_3_1_v1/candidates/segmentation_core_stress_v1/masks/core/accessory/SEGCORE1_0405.png,benchmark/prd_3_1_v1/candidates/segmentation_core_stress_v1/overlays/core/accessory/SEGCORE1_0405.jpg,0.00936814,small,PENDING_FINAL_HUMAN_CONFIRMATION,,,,,,unreviewed,complex_scene,0.577917,partial_view,0.276548,partial,0.495368,none,0.230288,partial,0.731800,full,0.463601,HIGH_CONF_SUGGESTION,,1,0,,,COREPROV1_0370
SEGCORE1_0406,accessory,glasses,Fashionpedia,../fashion_data/raw/fashionpedia/images/test/841690826ff84fb6ca2f6ed238a6be77.jpg,fashionpedia_ann_6826,benchmark/prd_3_1_v1/candidates/segmentation_core_stress_v1/masks/core/accessory/SEGCORE1_0406.png,benchmark/prd_3_1_v1/candidates/segmentation_core_stress_v1/overlays/core/accessory/SEGCORE1_0406.jpg,0.02635326,medium,PENDING_FINAL_HUMAN_CONFIRMATION,,,,,,unreviewed,worn_person,0.892379,partial_view,0.821701,partial,0.529355,none,0.285440,partial,0.688107,full,0.376215,HIGH_CONF_SUGGESTION,,1,0,,,COREPROV1_0371
SEGCORE1_0408,accessory,sock,Fashionpedia,../fashion_data/raw/fashionpedia/images/test/4c528816dbb9d5ba947d10b145fcb5f1.jpg,fashionpedia_ann_403,benchmark/prd_3_1_v1/candidates/segmentation_core_stress_v1/masks/core/accessory/SEGCORE1_0408.png,benchmark/prd_3_1_v1/candidates/segmentation_core_stress_v1/overlays/core/accessory/SEGCORE1_0408.jpg,0.00675432,small,PENDING_FINAL_HUMAN_CONFIRMATION,,,,,,unreviewed,partial_view,0.603089,complex_scene,0.447684,partial,0.479167,none,0.114483,partial,0.562696,full,0.125392,HIGH_CONF_SUGGESTION,,1,0,,,COREPROV1_0372
SEGCORE1_0409,accessory,belt,Fashionpedia,../fashion_data/raw/fashionpedia/images/test/fc3ee8e64072d2b42d6a8c2d1e52e2da.jpg,fashionpedia_ann_8312,benchmark/prd_3_1_v1/candidates/segmentation_core_stress_v1/masks/core/accessory/SEGCORE1_0409.png,benchmark/prd_3_1_v1/candidates/segmentation_core_stress_v1/overlays/core/accessory/SEGCORE1_0409.jpg,0.00940368,small,PENDING_FINAL_HUMAN_CONFIRMATION,,,,,,unreviewed,worn_person,0.524480,partial_view,0.151199,partial,0.486368,heavy,0.217148,partial,0.571577,full,0.143153,HIGH_CONF_SUGGESTION,,1,0,,,COREPROV1_0373
SEGCORE1_0410,accessory,glove,Fashionpedia,../fashion_data/raw/fashionpedia/images/test/53638f7d3a9adcd5e93a4ade8f1ed552.jpg,fashionpedia_ann_3841,benchmark/prd_3_1_v1/candidates/segmentation_core_stress_v1/masks/core/accessory/SEGCORE1_0410.png,benchmark/prd_3_1_v1/candidates/segmentation_core_stress_v1/overlays/core/accessory/SEGCORE1_0410.jpg,0.01014420,small,PENDING_FINAL_HUMAN_CONFIRMATION,,,,,,unreviewed,partial_view,0.460871,complex_scene,0.135997,partial,0.476618,none,0.149874,partial,0.857736,full,0.715472,HIGH_CONF_SUGGESTION,,1,0,,,COREPROV1_0374
SEGCORE1_0411,accessory,scarf,Fashionpedia,../fashion_data/raw/fashionpedia/images/test/59972d4827e58fd77ceac9dd7f0b42c7.jpg,fashionpedia_ann_7055,benchmark/prd_3_1_v1/candidates/segmentation_core_stress_v1/masks/core/accessory/SEGCORE1_0411.png,benchmark/prd_3_1_v1/candidates/segmentation_core_stress_v1/overlays/core/accessory/SEGCORE1_0411.jpg,0.28051113,large,PENDING_FINAL_HUMAN_CONFIRMATION,,,,,,unreviewed,worn_person,0.505450,partial_view,0.088125,partial,0.726787,none,0.561805,partial,0.584552,full,0.169105,HIGH_CONF_SUGGESTION,,1,0,,,COREPROV1_0375
SEGCORE1_0412,accessory,watch,Fashionpedia,../fashion_data/raw/fashionpedia/images/test/fb81f1a32e154a77e683f309cdf0794a.jpg,fashionpedia_ann_1888,benchmark/prd_3_1_v1/candidates/segmentation_core_stress_v1/masks/core/accessory/SEGCORE1_0412.png,benchmark/prd_3_1_v1/candidates/segmentation_core_stress_v1/overlays/core/accessory/SEGCORE1_0412.jpg,0.00847062,small,PENDING_FINAL_HUMAN_CONFIRMATION,,,,,,unreviewed,worn_person,0.698454,partial_view,0.514771,none,0.434823,partial,0.049614,full,0.539591,partial,0.079182,REVIEW,LOW_OCCLUSION_CONFIDENCE|LOW_VISIBILITY_CONFIDENCE,1,0,,,COREPROV1_0376
SEGCORE1_0413,accessory,hat,Fashionpedia,../fashion_data/raw/fashionpedia/images/test/0e5ecf98835cbd0dddd1b45c788005c3.jpg,fashionpedia_ann_6747,benchmark/prd_3_1_v1/candidates/segmentation_core_stress_v1/masks/core/accessory/SEGCORE1_0413.png,benchmark/prd_3_1_v1/candidates/segmentation_core_stress_v1/overlays/core/accessory/SEGCORE1_0413.jpg,0.04280913,medium,PENDING_FINAL_HUMAN_CONFIRMATION,,,,,,unreviewed,partial_view,0.523670,worn_person,0.065163,none,0.434026,heavy,0.135076,partial,0.767110,full,0.534221,REVIEW,LOW_SCENE_CONFIDENCE|LOW_OCCLUSION_CONFIDENCE,1,1,,,COREPROV1_0377
SEGCORE1_0414,accessory,"headband, head covering, hair accessory",Fashionpedia,../fashion_data/raw/fashionpedia/images/test/c2d80480b743d45143725a5c223c16d9.jpg,fashionpedia_ann_36,benchmark/prd_3_1_v1/candidates/segmentation_core_stress_v1/masks/core/accessory/SEGCORE1_0414.png,benchmark/prd_3_1_v1/candidates/segmentation_core_stress_v1/overlays/core/accessory/SEGCORE1_0414.jpg,0.26659297,large,PENDING_FINAL_HUMAN_CONFIRMATION,,,,,,unreviewed,partial_view,0.566975,product_display,0.305491,partial,0.662214,none,0.474999,full,0.551940,partial,0.103880,HIGH_CONF_SUGGESTION,,1,0,,,COREPROV1_0378
SEGCORE1_0415,accessory,"tights, stockings",Fashionpedia,../fashion_data/raw/fashionpedia/images/test/f90c231e3eab5e147368c77592b6a7f7.jpg,fashionpedia_ann_9087,benchmark/prd_3_1_v1/candidates/segmentation_core_stress_v1/masks/core/accessory/SEGCORE1_0415.png,benchmark/prd_3_1_v1/candidates/segmentation_core_stress_v1/overlays/core/accessory/SEGCORE1_0415.jpg,0.01650291,small,PENDING_FINAL_HUMAN_CONFIRMATION,,,,,,unreviewed,worn_person,0.922029,partial_view,0.882644,none,0.416259,partial,0.052908,partial,0.795386,full,0.590772,REVIEW,LOW_OCCLUSION_CONFIDENCE,1,0,,,COREPROV1_0379
SEGCORE1_0416,accessory,belt,Fashionpedia,../fashion_data/raw/fashionpedia/images/test/6612b7476f511c5cd1eb1086f2b7ba39.jpg,fashionpedia_ann_2285,benchmark/prd_3_1_v1/candidates/segmentation_core_stress_v1/masks/core/accessory/SEGCORE1_0416.png,benchmark/prd_3_1_v1/candidates/segmentation_core_stress_v1/overlays/core/accessory/SEGCORE1_0416.jpg,0.02374770,medium,PENDING_FINAL_HUMAN_CONFIRMATION,,,,,,unreviewed,worn_person,0.570089,partial_view,0.194661,partial,0.608348,none,0.328512,partial,0.557761,full,0.115522,HIGH_CONF_SUGGESTION,,1,0,,,COREPROV1_0380
SEGCORE1_0417,accessory,scarf,Fashionpedia,../fashion_data/raw/fashionpedia/images/test/0548e689638d1e559179b34bc895b72f.jpg,fashionpedia_ann_9060,benchmark/prd_3_1_v1/candidates/segmentation_core_stress_v1/masks/core/accessory/SEGCORE1_0417.png,benchmark/prd_3_1_v1/candidates/segmentation_core_stress_v1/overlays/core/accessory/SEGCORE1_0417.jpg,0.05057649,medium,PENDING_FINAL_HUMAN_CONFIRMATION,,,,,,unreviewed,worn_person,0.846630,complex_scene,0.773440,partial,0.530460,none,0.246980,partial,0.718696,full,0.437392,HIGH_CONF_SUGGESTION,,1,0,,,COREPROV1_0381
SEGCORE1_0418,accessory,hat,Fashionpedia,../fashion_data/raw/fashionpedia/images/test/2aa229d7589a06e59c4eb1f05162f9ab.jpg,fashionpedia_ann_4743,benchmark/prd_3_1_v1/candidates/segmentation_core_stress_v1/masks/core/accessory/SEGCORE1_0418.png,benchmark/prd_3_1_v1/candidates/segmentation_core_stress_v1/overlays/core/accessory/SEGCORE1_0418.jpg,0.01298351,small,PENDING_FINAL_HUMAN_CONFIRMATION,,,,,,unreviewed,worn_person,0.640306,complex_scene,0.459803,partial,0.506360,none,0.236413,partial,0.842056,full,0.684111,HIGH_CONF_SUGGESTION,,1,0,,,COREPROV1_0382
SEGCORE1_0419,accessory,"tights, stockings",Fashionpedia,../fashion_data/raw/fashionpedia/images/test/1f6b96f7f298903a77fa747ea4fe8840.jpg,fashionpedia_ann_3603,benchmark/prd_3_1_v1/candidates/segmentation_core_stress_v1/masks/core/accessory/SEGCORE1_0419.png,benchmark/prd_3_1_v1/candidates/segmentation_core_stress_v1/overlays/core/accessory/SEGCORE1_0419.jpg,0.03406814,medium,PENDING_FINAL_HUMAN_CONFIRMATION,,,,,,unreviewed,partial_view,0.586915,complex_scene,0.332215,partial,0.463436,none,0.078969,partial,0.753666,full,0.507331,REVIEW,LOW_OCCLUSION_CONFIDENCE,1,0,,,COREPROV1_0383
SEGCORE1_0420,accessory,glasses,Fashionpedia,../fashion_data/raw/fashionpedia/images/test/33e7a5f7f47b7bb2bf6d3549eedde5fd.jpg,fashionpedia_ann_3130,benchmark/prd_3_1_v1/candidates/segmentation_core_stress_v1/masks/core/accessory/SEGCORE1_0420.png,benchmark/prd_3_1_v1/candidates/segmentation_core_stress_v1/overlays/core/accessory/SEGCORE1_0420.jpg,0.01279841,small,PENDING_FINAL_HUMAN_CONFIRMATION,,,,,,unreviewed,worn_person,0.404611,partial_view,0.069270,partial,0.632693,heavy,0.390590,partial,0.692065,full,0.384131,REVIEW,LOW_SCENE_CONFIDENCE,1,1,,,COREPROV1_0384
SEGCORE1_0421,accessory,belt,Fashionpedia,../fashion_data/raw/fashionpedia/images/test/d8b36f1be818f71a0ab4224b829c1210.jpg,fashionpedia_ann_1430,benchmark/prd_3_1_v1/candidates/segmentation_core_stress_v1/masks/core/accessory/SEGCORE1_0421.png,benchmark/prd_3_1_v1/candidates/segmentation_core_stress_v1/overlays/core/accessory/SEGCORE1_0421.jpg,0.12643334,large,PENDING_FINAL_HUMAN_CONFIRMATION,,,,,,unreviewed,complex_scene,0.687472,partial_view,0.567231,partial,0.406142,none,0.060282,partial,0.594100,full,0.188200,REVIEW,LOW_OCCLUSION_CONFIDENCE,1,0,,,COREPROV1_0385
SEGCORE1_0422,accessory,"headband, head covering, hair accessory",Fashionpedia,../fashion_data/raw/fashionpedia/images/test/aaf6934258f226a68996b5922fa3f038.jpg,fashionpedia_ann_6240,benchmark/prd_3_1_v1/candidates/segmentation_core_stress_v1/masks/core/accessory/SEGCORE1_0422.png,benchmark/prd_3_1_v1/candidates/segmentation_core_stress_v1/overlays/core/accessory/SEGCORE1_0422.jpg,0.00686164,small,PENDING_FINAL_HUMAN_CONFIRMATION,,,,,,unreviewed,complex_scene,0.659813,partial_view,0.423481,partial,0.649428,heavy,0.399952,partial,0.847466,full,0.694931,HIGH_CONF_SUGGESTION,,1,0,,,COREPROV1_0386
SEGCORE1_0423,accessory,glasses,Fashionpedia,../fashion_data/raw/fashionpedia/images/test/8b5635d5a5331e26d0e5135a068976ee.jpg,fashionpedia_ann_1903,benchmark/prd_3_1_v1/candidates/segmentation_core_stress_v1/masks/core/accessory/SEGCORE1_0423.png,benchmark/prd_3_1_v1/candidates/segmentation_core_stress_v1/overlays/core/accessory/SEGCORE1_0423.jpg,0.02384559,medium,PENDING_FINAL_HUMAN_CONFIRMATION,,,,,,unreviewed,worn_person,0.613097,partial_view,0.432673,partial,0.582036,heavy,0.298337,partial,0.804174,full,0.608349,HIGH_CONF_SUGGESTION,,1,0,,,COREPROV1_0387
SEGCORE1_0424,accessory,"headband, head covering, hair accessory",Fashionpedia,../fashion_data/raw/fashionpedia/images/test/b56a57edff4230c68e1d4296cc345718.jpg,fashionpedia_ann_708,benchmark/prd_3_1_v1/candidates/segmentation_core_stress_v1/masks/core/accessory/SEGCORE1_0424.png,benchmark/prd_3_1_v1/candidates/segmentation_core_stress_v1/overlays/core/accessory/SEGCORE1_0424.jpg,0.03312999,medium,PENDING_FINAL_HUMAN_CONFIRMATION,,,,,,unreviewed,complex_scene,0.674005,partial_view,0.433648,partial,0.412939,none,0.115201,partial,0.634417,full,0.268834,REVIEW,LOW_OCCLUSION_CONFIDENCE,1,0,,,COREPROV1_0388
SEGCORE1_0425,accessory,sock,Fashionpedia,../fashion_data/raw/fashionpedia/images/test/0a563d036018e91cd9b5899adb50ec18.jpg,fashionpedia_ann_9281,benchmark/prd_3_1_v1/candidates/segmentation_core_stress_v1/masks/core/accessory/SEGCORE1_0425.png,benchmark/prd_3_1_v1/candidates/segmentation_core_stress_v1/overlays/core/accessory/SEGCORE1_0425.jpg,0.00860462,small,PENDING_FINAL_HUMAN_CONFIRMATION,,,,,,unreviewed,partial_view,0.784994,worn_person,0.686460,partial,0.560048,none,0.259501,partial,0.542307,full,0.084613,HIGH_CONF_SUGGESTION,,1,0,,,COREPROV1_0389
SEGCORE1_0426,accessory,belt,Fashionpedia,../fashion_data/raw/fashionpedia/images/test/8cd47ea6b100369f44879e44ba5950c7.jpg,fashionpedia_ann_1656,benchmark/prd_3_1_v1/candidates/segmentation_core_stress_v1/masks/core/accessory/SEGCORE1_0426.png,benchmark/prd_3_1_v1/candidates/segmentation_core_stress_v1/overlays/core/accessory/SEGCORE1_0426.jpg,0.01275832,small,PENDING_FINAL_HUMAN_CONFIRMATION,,,,,,unreviewed,complex_scene,0.871607,worn_person,0.788248,partial,0.553673,heavy,0.296370,partial,0.746344,full,0.492688,HIGH_CONF_SUGGESTION,,1,0,,,COREPROV1_0390
SEGCORE1_0427,accessory,scarf,Fashionpedia,../fashion_data/raw/fashionpedia/images/test/fd567ffad275955ac945eeeacc1fdac5.jpg,fashionpedia_ann_5972,benchmark/prd_3_1_v1/candidates/segmentation_core_stress_v1/masks/core/accessory/SEGCORE1_0427.png,benchmark/prd_3_1_v1/candidates/segmentation_core_stress_v1/overlays/core/accessory/SEGCORE1_0427.jpg,0.37381089,large,PENDING_FINAL_HUMAN_CONFIRMATION,,,,,,unreviewed,product_display,0.387433,partial_view,0.032796,partial,0.558729,none,0.309506,full,0.652776,partial,0.305552,REVIEW,LOW_SCENE_CONFIDENCE,1,1,,,COREPROV1_0391
SEGCORE1_0428,accessory,hat,Fashionpedia,../fashion_data/raw/fashionpedia/images/test/25fb92c0d8ca2d4d159bfcd674b484d8.jpg,fashionpedia_ann_122,benchmark/prd_3_1_v1/candidates/segmentation_core_stress_v1/masks/core/accessory/SEGCORE1_0428.png,benchmark/prd_3_1_v1/candidates/segmentation_core_stress_v1/overlays/core/accessory/SEGCORE1_0428.jpg,0.02922958,medium,PENDING_FINAL_HUMAN_CONFIRMATION,,,,,,unreviewed,worn_person,0.867718,product_display,0.816234,none,0.469335,partial,0.142442,partial,0.776205,full,0.552411,HIGH_CONF_SUGGESTION,,1,0,,,COREPROV1_0392
SEGCORE1_0430,accessory,belt,Fashionpedia,../fashion_data/raw/fashionpedia/images/test/4d200cb316a6260257ce84b37e25161c.jpg,fashionpedia_ann_1215,benchmark/prd_3_1_v1/candidates/segmentation_core_stress_v1/masks/core/accessory/SEGCORE1_0430.png,benchmark/prd_3_1_v1/candidates/segmentation_core_stress_v1/overlays/core/accessory/SEGCORE1_0430.jpg,0.02312151,medium,PENDING_FINAL_HUMAN_CONFIRMATION,,,,,,unreviewed,partial_view,0.634245,complex_scene,0.410541,partial,0.503465,none,0.179254,partial,0.690925,full,0.381851,HIGH_CONF_SUGGESTION,,1,0,,,COREPROV1_0393
SEGCORE1_0433,accessory,"tights, stockings",Fashionpedia,../fashion_data/raw/fashionpedia/images/test/420f153001eb2e37269ae974b9f7665e.jpg,fashionpedia_ann_5903,benchmark/prd_3_1_v1/candidates/segmentation_core_stress_v1/masks/core/accessory/SEGCORE1_0433.png,benchmark/prd_3_1_v1/candidates/segmentation_core_stress_v1/overlays/core/accessory/SEGCORE1_0433.jpg,0.04123471,medium,PENDING_FINAL_HUMAN_CONFIRMATION,,,,,,unreviewed,complex_scene,0.646009,partial_view,0.335538,none,0.486293,partial,0.137967,partial,0.570896,full,0.141793,HIGH_CONF_SUGGESTION,,1,0,,,COREPROV1_0394
SEGCORE1_0434,accessory,glasses,Fashionpedia,../fashion_data/raw/fashionpedia/images/test/c085fb2b093eeb52041884c9ea51cc65.jpg,fashionpedia_ann_6499,benchmark/prd_3_1_v1/candidates/segmentation_core_stress_v1/masks/core/accessory/SEGCORE1_0434.png,benchmark/prd_3_1_v1/candidates/segmentation_core_stress_v1/overlays/core/accessory/SEGCORE1_0434.jpg,0.00859146,small,PENDING_FINAL_HUMAN_CONFIRMATION,,,,,,unreviewed,worn_person,0.884243,partial_view,0.802227,none,0.473965,heavy,0.161048,partial,0.790085,full,0.580170,HIGH_CONF_SUGGESTION,,1,0,,,COREPROV1_0395
SEGCORE1_0436,accessory,"headband, head covering, hair accessory",Fashionpedia,../fashion_data/raw/fashionpedia/images/test/4aa62ca489ce6e163ca8400d4c96b569.jpg,fashionpedia_ann_5762,benchmark/prd_3_1_v1/candidates/segmentation_core_stress_v1/masks/core/accessory/SEGCORE1_0436.png,benchmark/prd_3_1_v1/candidates/segmentation_core_stress_v1/overlays/core/accessory/SEGCORE1_0436.jpg,0.00894491,small,PENDING_FINAL_HUMAN_CONFIRMATION,,,,,,unreviewed,complex_scene,0.561121,partial_view,0.352874,none,0.406272,heavy,0.070927,partial,0.722642,full,0.445285,REVIEW,LOW_OCCLUSION_CONFIDENCE,1,0,,,COREPROV1_0396
SEGCORE1_0437,accessory,"headband, head covering, hair accessory",Fashionpedia,../fashion_data/raw/fashionpedia/images/test/e73b13b557ab167a05cb10ed45decf52.jpg,fashionpedia_ann_5636,benchmark/prd_3_1_v1/candidates/segmentation_core_stress_v1/masks/core/accessory/SEGCORE1_0437.png,benchmark/prd_3_1_v1/candidates/segmentation_core_stress_v1/overlays/core/accessory/SEGCORE1_0437.jpg,0.02318442,medium,PENDING_FINAL_HUMAN_CONFIRMATION,,,,,,unreviewed,complex_scene,0.504134,partial_view,0.060235,partial,0.610402,heavy,0.341234,partial,0.634087,full,0.268173,REVIEW,LOW_SCENE_CONFIDENCE,1,1,,,COREPROV1_0397
SEGCORE1_0438,accessory,sock,Fashionpedia,../fashion_data/raw/fashionpedia/images/test/db85f62492da69d793339b2c124e7abb.jpg,fashionpedia_ann_739,benchmark/prd_3_1_v1/candidates/segmentation_core_stress_v1/masks/core/accessory/SEGCORE1_0438.png,benchmark/prd_3_1_v1/candidates/segmentation_core_stress_v1/overlays/core/accessory/SEGCORE1_0438.jpg,0.00817197,small,PENDING_FINAL_HUMAN_CONFIRMATION,,,,,,unreviewed,worn_person,0.904026,complex_scene,0.850879,partial,0.528454,none,0.176668,partial,0.512154,full,0.024307,REVIEW,LOW_VISIBILITY_CONFIDENCE,1,0,,,COREPROV1_0398
SEGCORE1_0439,accessory,belt,Fashionpedia,../fashion_data/raw/fashionpedia/images/test/faef680c9ba90bd6852e6bc759341896.jpg,fashionpedia_ann_6917,benchmark/prd_3_1_v1/candidates/segmentation_core_stress_v1/masks/core/accessory/SEGCORE1_0439.png,benchmark/prd_3_1_v1/candidates/segmentation_core_stress_v1/overlays/core/accessory/SEGCORE1_0439.jpg,0.01668773,small,PENDING_FINAL_HUMAN_CONFIRMATION,,,,,,unreviewed,complex_scene,0.850685,product_display,0.786269,none,0.422782,partial,0.063046,partial,0.774297,full,0.548594,REVIEW,LOW_OCCLUSION_CONFIDENCE,1,0,,,COREPROV1_0399
SEGCORE1_0440,accessory,scarf,Fashionpedia,../fashion_data/raw/fashionpedia/images/test/f57152e44f9348050d59a71f9ca7f220.jpg,fashionpedia_ann_938,benchmark/prd_3_1_v1/candidates/segmentation_core_stress_v1/masks/core/accessory/SEGCORE1_0440.png,benchmark/prd_3_1_v1/candidates/segmentation_core_stress_v1/overlays/core/accessory/SEGCORE1_0440.jpg,0.19690324,large,PENDING_FINAL_HUMAN_CONFIRMATION,,,,,,unreviewed,partial_view,0.798113,complex_scene,0.685787,partial,0.645614,none,0.413464,partial,0.542794,full,0.085588,HIGH_CONF_SUGGESTION,,1,0,,,COREPROV1_0400
