source_dataset,source_image,source_image_name,annotation_path,annotation_id,garment_id,garment_category,fine_or_source_category,source_category_id,image_width,image_height,gt_bbox_x1,gt_bbox_y1,gt_bbox_x2,gt_bbox_y2,bbox_area_ratio,bbox_min_side_px,benchmark_version,review_subset,review_sample_id,gt_mask_path,gt_overlay_path,area_bin,minside_bin,absolute_small_object,human_review_status,benchmark_subset,final_sample_id,final_annotation_valid,annotation_validation_basis,scene_type,scene_label_source,size_bucket,occlusion_level,visibility_level,occlusion_visibility_label_source,qc_v2_status,human_exception_decision,prediction_score_threshold,prediction_mask_threshold,bbox_match_iou_threshold,mask_quality_reference_iou,image_index,record_id,gt_class,fine_category,pred_class,pred_score,localized_bbox50,bbox_iou,class_correct,mask_iou,mask_iou_ge_0_50,mask_iou_ge_0_85,outcome,visualization_path
DeepFashion2,../fashion_data/raw/train/train/image/000030.jpg,000030.jpg,../fashion_data/raw/train/train/annos/000030.json,,item2_short_sleeve_top,top,short_sleeve_top,1,640,414,301.0,173.0,361.0,241.0,0.015398550724637682,60.0,prd_3_1_v1,core,SEGCORE1_0018,benchmark/prd_3_1_v1/candidates/segmentation_core_stress_v1/masks/core/top/SEGCORE1_0018.png,benchmark/prd_3_1_v1/candidates/segmentation_core_stress_v1/overlays/core/top/SEGCORE1_0018.jpg,small_0.5-2%,50-99,1,unreviewed,Core,SEGTEST1_0017,PASS,QC_V2_GEOMETRY_PASS+FULL_CORE_HUMAN_CONTACT_SHEET_REVIEW,worn_person,HUMAN_REVIEW,small,none,partial,CLIP_ASSISTED_DIAGNOSTIC_NOT_HUMAN_GT,GEOMETRY_PASS,,0.40,0.50,0.50,0.85,0,SEGTEST1_0017,top,short_sleeve_top,,0.0,False,0.0,False,0.0,False,False,missed,/workspace/prd31_recovery_20260930/fashion_multimodal_analysis/reports/reruns/recovery_v2/core_v4_clean/visualizations/img_000.jpg
DeepFashion2,../fashion_data/raw/train/train/image/002145.jpg,002145.jpg,../fashion_data/raw/train/train/annos/002145.json,,item1_sling_dress,dress,sling_dress,13,690,847,306.0,372.0,388.0,474.0,0.014311380319285458,82.0,prd_3_1_v1,core,SEGCORE1_0238,benchmark/prd_3_1_v1/candidates/segmentation_core_stress_v1/masks/core/dress/SEGCORE1_0238.png,benchmark/prd_3_1_v1/candidates/segmentation_core_stress_v1/overlays/core/dress/SEGCORE1_0238.jpg,small_0.5-2%,50-99,1,unreviewed,Core,SEGTEST1_0218,PASS,QC_V2_GEOMETRY_PASS+FULL_CORE_HUMAN_CONTACT_SHEET_REVIEW,complex_scene,HUMAN_REVIEW,small,partial,full,CLIP_ASSISTED_DIAGNOSTIC_NOT_HUMAN_GT,GEOMETRY_PASS,,0.40,0.50,0.50,0.85,1,SEGTEST1_0218,dress,sling_dress,,0.0,False,0.0,False,0.0,False,False,missed,/workspace/prd31_recovery_20260930/fashion_multimodal_analysis/reports/reruns/recovery_v2/core_v4_clean/visualizations/img_001.jpg
DeepFashion2,../fashion_data/raw/train/train/image/002356.jpg,002356.jpg,../fashion_data/raw/train/train/annos/002356.json,,item2_shorts,pants,shorts,7,640,960,233.0,381.0,392.0,504.0,0.0318310546875,123.0,prd_3_1_v1,core,SEGCORE1_0085,benchmark/prd_3_1_v1/candidates/segmentation_core_stress_v1/masks/core/pants/SEGCORE1_0085.png,benchmark/prd_3_1_v1/candidates/segmentation_core_stress_v1/overlays/core/pants/SEGCORE1_0085.jpg,medium_2-10%,>=100,0,unreviewed,Core,SEGTEST1_0080,PASS,QC_V2_GEOMETRY_PASS+FULL_CORE_HUMAN_CONTACT_SHEET_REVIEW,worn_person,HUMAN_REVIEW,medium,none,partial,CLIP_ASSISTED_DIAGNOSTIC_NOT_HUMAN_GT,GEOMETRY_PASS,,0.40,0.50,0.50,0.85,2,SEGTEST1_0080,pants,shorts,,0.0,False,0.0,False,0.0,False,False,missed,/workspace/prd31_recovery_20260930/fashion_multimodal_analysis/reports/reruns/recovery_v2/core_v4_clean/visualizations/img_002.jpg
DeepFashion2,../fashion_data/raw/train/train/image/002606.jpg,002606.jpg,../fashion_data/raw/train/train/annos/002606.json,,item1_shorts,pants,shorts,7,468,624,163.0,256.0,382.0,391.0,0.10123890532544379,135.0,prd_3_1_v1,core,SEGCORE1_0074,benchmark/prd_3_1_v1/candidates/segmentation_core_stress_v1/masks/core/pants/SEGCORE1_0074.png,benchmark/prd_3_1_v1/candidates/segmentation_core_stress_v1/overlays/core/pants/SEGCORE1_0074.jpg,large_>=10%,>=100,0,unreviewed,Core,SEGTEST1_0069,PASS,QC_V2_GEOMETRY_PASS+FULL_CORE_HUMAN_CONTACT_SHEET_REVIEW,partial_view,HUMAN_REVIEW,large,none,full,CLIP_ASSISTED_DIAGNOSTIC_NOT_HUMAN_GT,GEOMETRY_PASS,,0.40,0.50,0.50,0.85,3,SEGTEST1_0069,pants,shorts,,0.0,False,0.0,False,0.0,False,False,missed,/workspace/prd31_recovery_20260930/fashion_multimodal_analysis/reports/reruns/recovery_v2/core_v4_clean/visualizations/img_003.jpg
DeepFashion2,../fashion_data/raw/train/train/image/003154.jpg,003154.jpg,../fashion_data/raw/train/train/annos/003154.json,,item2_vest,top,vest,5,750,989,313.0,171.0,457.0,408.0,0.046010111223458036,144.0,prd_3_1_v1,core,SEGCORE1_0012,benchmark/prd_3_1_v1/candidates/segmentation_core_stress_v1/masks/core/top/SEGCORE1_0012.png,benchmark/prd_3_1_v1/candidates/segmentation_core_stress_v1/overlays/core/top/SEGCORE1_0012.jpg,medium_2-10%,>=100,0,unreviewed,Core,SEGTEST1_0011,PASS,QC_V2_GEOMETRY_PASS+FULL_CORE_HUMAN_CONTACT_SHEET_REVIEW,worn_person,HUMAN_REVIEW,medium,partial,partial,CLIP_ASSISTED_DIAGNOSTIC_NOT_HUMAN_GT,GEOMETRY_PASS,,0.40,0.50,0.50,0.85,4,SEGTEST1_0011,top,vest,dress,0.5031728744506836,True,0.506281267549862,False,0.47619471983959005,False,False,wrong_class,/workspace/prd31_recovery_20260930/fashion_multimodal_analysis/reports/reruns/recovery_v2/core_v4_clean/visualizations/img_004.jpg
DeepFashion2,../fashion_data/raw/train/train/image/003346.jpg,003346.jpg,../fashion_data/raw/train/train/annos/003346.json,,item2_shorts,pants,shorts,7,426,640,63.0,370.0,271.0,533.0,0.12435446009389671,163.0,prd_3_1_v1,core,SEGCORE1_0092,benchmark/prd_3_1_v1/candidates/segmentation_core_stress_v1/masks/core/pants/SEGCORE1_0092.png,benchmark/prd_3_1_v1/candidates/segmentation_core_stress_v1/overlays/core/pants/SEGCORE1_0092.jpg,large_>=10%,>=100,0,unreviewed,Core,SEGTEST1_0087,PASS,QC_V2_GEOMETRY_PASS+FULL_CORE_HUMAN_CONTACT_SHEET_REVIEW,partial_view,HUMAN_REVIEW,large,none,partial,CLIP_ASSISTED_DIAGNOSTIC_NOT_HUMAN_GT,GEOMETRY_PASS,,0.40,0.50,0.50,0.85,5,SEGTEST1_0087,pants,shorts,skirt,0.735266923904419,True,0.8716794783185096,False,0.7664469835822642,False,False,wrong_class,/workspace/prd31_recovery_20260930/fashion_multimodal_analysis/reports/reruns/recovery_v2/core_v4_clean/visualizations/img_005.jpg
DeepFashion2,../fashion_data/raw/train/train/image/008751.jpg,008751.jpg,../fashion_data/raw/train/train/annos/008751.json,,item2_sling,top,sling,6,650,451,290.0,96.0,354.0,167.0,0.015500596964011598,64.0,prd_3_1_v1,core,SEGCORE1_0005,benchmark/prd_3_1_v1/candidates/segmentation_core_stress_v1/masks/core/top/SEGCORE1_0005.png,benchmark/prd_3_1_v1/candidates/segmentation_core_stress_v1/overlays/core/top/SEGCORE1_0005.jpg,small_0.5-2%,50-99,1,unreviewed,Core,SEGTEST1_0005,PASS,QC_V2_GEOMETRY_PASS+FULL_CORE_HUMAN_CONTACT_SHEET_REVIEW,worn_person,HUMAN_REVIEW,small,partial,partial,CLIP_ASSISTED_DIAGNOSTIC_NOT_HUMAN_GT,GEOMETRY_PASS,,0.40,0.50,0.50,0.85,6,SEGTEST1_0005,top,sling,,0.0,False,0.0,False,0.0,False,False,missed,/workspace/prd31_recovery_20260930/fashion_multimodal_analysis/reports/reruns/recovery_v2/core_v4_clean/visualizations/img_006.jpg
DeepFashion2,../fashion_data/raw/train/train/image/009347.jpg,009347.jpg,../fashion_data/raw/train/train/annos/009347.json,,item3_shorts,pants,shorts,7,880,1320,788.0,532.0,872.0,621.0,0.006435950413223141,84.0,prd_3_1_v1,core,SEGCORE1_0070,benchmark/prd_3_1_v1/candidates/segmentation_core_stress_v1/masks/core/pants/SEGCORE1_0070.png,benchmark/prd_3_1_v1/candidates/segmentation_core_stress_v1/overlays/core/pants/SEGCORE1_0070.jpg,small_0.5-2%,50-99,1,unreviewed,Core,SEGTEST1_0065,PASS,QC_V2_GEOMETRY_PASS+FULL_CORE_HUMAN_CONTACT_SHEET_REVIEW,worn_person,HUMAN_REVIEW,small,none,partial,CLIP_ASSISTED_DIAGNOSTIC_NOT_HUMAN_GT,GEOMETRY_PASS,,0.40,0.50,0.50,0.85,7,SEGTEST1_0065,pants,shorts,,0.0,False,0.0,False,0.0,False,False,missed,/workspace/prd31_recovery_20260930/fashion_multimodal_analysis/reports/reruns/recovery_v2/core_v4_clean/visualizations/img_007.jpg
DeepFashion2,../fashion_data/raw/train/train/image/009613.jpg,009613.jpg,../fashion_data/raw/train/train/annos/009613.json,,item1_trousers,pants,trousers,8,753,622,223.0,304.0,496.0,597.0,0.17078310552004203,273.0,prd_3_1_v1,core,SEGCORE1_0105,benchmark/prd_3_1_v1/candidates/segmentation_core_stress_v1/masks/core/pants/SEGCORE1_0105.png,benchmark/prd_3_1_v1/candidates/segmentation_core_stress_v1/overlays/core/pants/SEGCORE1_0105.jpg,large_>=10%,>=100,0,unreviewed,Core,SEGTEST1_0099,PASS,QC_V2_GEOMETRY_PASS+FULL_CORE_HUMAN_CONTACT_SHEET_REVIEW,worn_person,HUMAN_REVIEW,large,partial,partial,CLIP_ASSISTED_DIAGNOSTIC_NOT_HUMAN_GT,GEOMETRY_PASS,,0.40,0.50,0.50,0.85,8,SEGTEST1_0099,pants,trousers,,0.0,False,0.0,False,0.0,False,False,missed,/workspace/prd31_recovery_20260930/fashion_multimodal_analysis/reports/reruns/recovery_v2/core_v4_clean/visualizations/img_008.jpg
DeepFashion2,../fashion_data/raw/train/train/image/009625.jpg,009625.jpg,../fashion_data/raw/train/train/annos/009625.json,,item3_vest_dress,dress,vest_dress,12,728,584,300.0,442.0,365.0,554.0,0.017123287671232876,65.0,prd_3_1_v1,core,SEGCORE1_0231,benchmark/prd_3_1_v1/candidates/segmentation_core_stress_v1/masks/core/dress/SEGCORE1_0231.png,benchmark/prd_3_1_v1/candidates/segmentation_core_stress_v1/overlays/core/dress/SEGCORE1_0231.jpg,small_0.5-2%,50-99,1,unreviewed,Core,SEGTEST1_0211,PASS,QC_V2_GEOMETRY_PASS+FULL_CORE_HUMAN_CONTACT_SHEET_REVIEW,worn_person,HUMAN_REVIEW,small,none,partial,CLIP_ASSISTED_DIAGNOSTIC_NOT_HUMAN_GT,GEOMETRY_PASS,,0.40,0.50,0.50,0.85,9,SEGTEST1_0211,dress,vest_dress,,0.0,False,0.0,False,0.0,False,False,missed,/workspace/prd31_recovery_20260930/fashion_multimodal_analysis/reports/reruns/recovery_v2/core_v4_clean/visualizations/img_009.jpg
DeepFashion2,../fashion_data/raw/train/train/image/010976.jpg,010976.jpg,../fashion_data/raw/train/train/annos/010976.json,,item1_long_sleeve_outwear,outerwear,long_sleeve_outwear,4,468,833,122.0,313.0,192.0,419.0,0.019033254327371973,70.0,prd_3_1_v1,core,SEGCORE1_0188,benchmark/prd_3_1_v1/candidates/segmentation_core_stress_v1/masks/core/outerwear/SEGCORE1_0188.png,benchmark/prd_3_1_v1/candidates/segmentation_core_stress_v1/overlays/core/outerwear/SEGCORE1_0188.jpg,small_0.5-2%,50-99,1,unreviewed,Core,SEGTEST1_0173,PASS,QC_V2_GEOMETRY_PASS+FULL_CORE_HUMAN_CONTACT_SHEET_REVIEW,complex_scene,HUMAN_REVIEW,small,partial,full,CLIP_ASSISTED_DIAGNOSTIC_NOT_HUMAN_GT,GEOMETRY_PASS,,0.40,0.50,0.50,0.85,10,SEGTEST1_0173,outerwear,long_sleeve_outwear,,0.0,False,0.0,False,0.0,False,False,missed,/workspace/prd31_recovery_20260930/fashion_multimodal_analysis/reports/reruns/recovery_v2/core_v4_clean/visualizations/img_010.jpg
DeepFashion2,../fashion_data/raw/train/train/image/011155.jpg,011155.jpg,../fashion_data/raw/train/train/annos/011155.json,,item3_trousers,pants,trousers,8,750,1005,158.0,606.0,252.0,729.0,0.015339303482587064,94.0,prd_3_1_v1,core,SEGCORE1_0089,benchmark/prd_3_1_v1/candidates/segmentation_core_stress_v1/masks/core/pants/SEGCORE1_0089.png,benchmark/prd_3_1_v1/candidates/segmentation_core_stress_v1/overlays/core/pants/SEGCORE1_0089.jpg,small_0.5-2%,50-99,1,unreviewed,Core,SEGTEST1_0084,PASS,QC_V2_GEOMETRY_PASS+FULL_CORE_HUMAN_CONTACT_SHEET_REVIEW,complex_scene,HUMAN_REVIEW,small,partial,full,CLIP_ASSISTED_DIAGNOSTIC_NOT_HUMAN_GT,GEOMETRY_PASS,,0.40,0.50,0.50,0.85,11,SEGTEST1_0084,pants,trousers,,0.0,False,0.0,False,0.0,False,False,missed,/workspace/prd31_recovery_20260930/fashion_multimodal_analysis/reports/reruns/recovery_v2/core_v4_clean/visualizations/img_011.jpg
DeepFashion2,../fashion_data/raw/train/train/image/011287.jpg,011287.jpg,../fashion_data/raw/train/train/annos/011287.json,,item1_vest_dress,dress,vest_dress,12,468,466,31.0,1.0,467.0,465.0,0.9276255456512967,436.0,prd_3_1_v1,core,SEGCORE1_0235,benchmark/prd_3_1_v1/candidates/segmentation_core_stress_v1/masks/core/dress/SEGCORE1_0235.png,benchmark/prd_3_1_v1/candidates/segmentation_core_stress_v1/overlays/core/dress/SEGCORE1_0235.jpg,large_>=10%,>=100,0,unreviewed,Core,SEGTEST1_0215,PASS,QC_V2_GEOMETRY_PASS+FULL_CORE_HUMAN_CONTACT_SHEET_REVIEW,partial_view,HUMAN_REVIEW,large,none,partial,CLIP_ASSISTED_DIAGNOSTIC_NOT_HUMAN_GT,GEOMETRY_PASS,,0.40,0.50,0.50,0.85,12,SEGTEST1_0215,dress,vest_dress,,0.0,False,0.0,False,0.0,False,False,missed,/workspace/prd31_recovery_20260930/fashion_multimodal_analysis/reports/reruns/recovery_v2/core_v4_clean/visualizations/img_012.jpg
DeepFashion2,../fashion_data/raw/train/train/image/013262.jpg,013262.jpg,../fashion_data/raw/train/train/annos/013262.json,,item1_long_sleeve_outwear,outerwear,long_sleeve_outwear,4,700,504,238.0,116.0,398.0,305.0,0.08571428571428572,160.0,prd_3_1_v1,core,SEGCORE1_0210,benchmark/prd_3_1_v1/candidates/segmentation_core_stress_v1/masks/core/outerwear/SEGCORE1_0210.png,benchmark/prd_3_1_v1/candidates/segmentation_core_stress_v1/overlays/core/outerwear/SEGCORE1_0210.jpg,medium_2-10%,>=100,0,unreviewed,Core,SEGTEST1_0194,PASS,QC_V2_GEOMETRY_PASS+FULL_CORE_HUMAN_CONTACT_SHEET_REVIEW,worn_person,HUMAN_REVIEW,medium,partial,full,CLIP_ASSISTED_DIAGNOSTIC_NOT_HUMAN_GT,GEOMETRY_PASS,,0.40,0.50,0.50,0.85,13,SEGTEST1_0194,outerwear,long_sleeve_outwear,outerwear,0.4248661696910858,True,0.7268558340551571,True,0.3633646456020495,False,False,low_mask_iou,/workspace/prd31_recovery_20260930/fashion_multimodal_analysis/reports/reruns/recovery_v2/core_v4_clean/visualizations/img_013.jpg
DeepFashion2,../fashion_data/raw/train/train/image/014148.jpg,014148.jpg,../fashion_data/raw/train/train/annos/014148.json,,item2_short_sleeve_outwear,outerwear,short_sleeve_outwear,3,750,1185,304.0,363.0,514.0,658.0,0.06970464135021097,210.0,prd_3_1_v1,core,SEGCORE1_0187,benchmark/prd_3_1_v1/candidates/segmentation_core_stress_v1/masks/core/outerwear/SEGCORE1_0187.png,benchmark/prd_3_1_v1/candidates/segmentation_core_stress_v1/overlays/core/outerwear/SEGCORE1_0187.jpg,medium_2-10%,>=100,0,unreviewed,Core,SEGTEST1_0172,PASS,EXPLICIT_HUMAN_EXCEPTION_PASS+FULL_CORE_HUMAN_CONTACT_SHEET_REVIEW,worn_person,HUMAN_REVIEW,medium,none,partial,CLIP_ASSISTED_DIAGNOSTIC_NOT_HUMAN_GT,REVIEW_PRIORITY,PASS,0.40,0.50,0.50,0.85,15,SEGTEST1_0172,outerwear,short_sleeve_outwear,,0.0,False,0.0,False,0.0,False,False,missed,/workspace/prd31_recovery_20260930/fashion_multimodal_analysis/reports/reruns/recovery_v2/core_v4_clean/visualizations/img_015.jpg
DeepFashion2,../fashion_data/raw/train/train/image/015412.jpg,015412.jpg,../fashion_data/raw/train/train/annos/015412.json,,item2_skirt,skirt,skirt,9,750,1087,288.0,349.0,464.0,516.0,0.03605274455688439,167.0,prd_3_1_v1,core,SEGCORE1_0141,benchmark/prd_3_1_v1/candidates/segmentation_core_stress_v1/masks/core/skirt/SEGCORE1_0141.png,benchmark/prd_3_1_v1/candidates/segmentation_core_stress_v1/overlays/core/skirt/SEGCORE1_0141.jpg,medium_2-10%,>=100,0,unreviewed,Core,SEGTEST1_0131,PASS,QC_V2_GEOMETRY_PASS+FULL_CORE_HUMAN_CONTACT_SHEET_REVIEW,worn_person,HUMAN_REVIEW,medium,none,partial,CLIP_ASSISTED_DIAGNOSTIC_NOT_HUMAN_GT,GEOMETRY_PASS,,0.40,0.50,0.50,0.85,16,SEGTEST1_0131,skirt,skirt,,0.0,False,0.0,False,0.0,False,False,missed,/workspace/prd31_recovery_20260930/fashion_multimodal_analysis/reports/reruns/recovery_v2/core_v4_clean/visualizations/img_016.jpg
DeepFashion2,../fashion_data/raw/train/train/image/015729.jpg,015729.jpg,../fashion_data/raw/train/train/annos/015729.json,,item2_shorts,pants,shorts,7,780,1039,304.0,684.0,538.0,877.0,0.05572666025024062,193.0,prd_3_1_v1,core,SEGCORE1_0091,benchmark/prd_3_1_v1/candidates/segmentation_core_stress_v1/masks/core/pants/SEGCORE1_0091.png,benchmark/prd_3_1_v1/candidates/segmentation_core_stress_v1/overlays/core/pants/SEGCORE1_0091.jpg,medium_2-10%,>=100,0,unreviewed,Core,SEGTEST1_0086,PASS,EXPLICIT_HUMAN_EXCEPTION_PASS+FULL_CORE_HUMAN_CONTACT_SHEET_REVIEW,worn_person,HUMAN_REVIEW,medium,none,partial,CLIP_ASSISTED_DIAGNOSTIC_NOT_HUMAN_GT,REVIEW_PRIORITY,PASS,0.40,0.50,0.50,0.85,17,SEGTEST1_0086,pants,shorts,,0.0,False,0.0,False,0.0,False,False,missed,/workspace/prd31_recovery_20260930/fashion_multimodal_analysis/reports/reruns/recovery_v2/core_v4_clean/visualizations/img_017.jpg
DeepFashion2,../fashion_data/raw/train/train/image/016956.jpg,016956.jpg,../fashion_data/raw/train/train/annos/016956.json,,item1_short_sleeve_outwear,outerwear,short_sleeve_outwear,3,640,960,9.0,280.0,609.0,905.0,0.6103515625,600.0,prd_3_1_v1,core,SEGCORE1_0206,benchmark/prd_3_1_v1/candidates/segmentation_core_stress_v1/masks/core/outerwear/SEGCORE1_0206.png,benchmark/prd_3_1_v1/candidates/segmentation_core_stress_v1/overlays/core/outerwear/SEGCORE1_0206.jpg,large_>=10%,>=100,0,unreviewed,Core,SEGTEST1_0190,PASS,QC_V2_GEOMETRY_PASS+FULL_CORE_HUMAN_CONTACT_SHEET_REVIEW,partial_view,HUMAN_REVIEW,large,none,partial,CLIP_ASSISTED_DIAGNOSTIC_NOT_HUMAN_GT,GEOMETRY_PASS,,0.40,0.50,0.50,0.85,18,SEGTEST1_0190,outerwear,short_sleeve_outwear,,0.0,False,0.0,False,0.0,False,False,missed,/workspace/prd31_recovery_20260930/fashion_multimodal_analysis/reports/reruns/recovery_v2/core_v4_clean/visualizations/img_018.jpg
DeepFashion2,../fashion_data/raw/train/train/image/017043.jpg,017043.jpg,../fashion_data/raw/train/train/annos/017043.json,,item2_trousers,pants,trousers,8,750,1101,274.0,455.0,437.0,901.0,0.08803875264910688,163.0,prd_3_1_v1,core,SEGCORE1_0072,benchmark/prd_3_1_v1/candidates/segmentation_core_stress_v1/masks/core/pants/SEGCORE1_0072.png,benchmark/prd_3_1_v1/candidates/segmentation_core_stress_v1/overlays/core/pants/SEGCORE1_0072.jpg,medium_2-10%,>=100,0,unreviewed,Core,SEGTEST1_0067,PASS,QC_V2_GEOMETRY_PASS+FULL_CORE_HUMAN_CONTACT_SHEET_REVIEW,worn_person,HUMAN_REVIEW,medium,partial,full,CLIP_ASSISTED_DIAGNOSTIC_NOT_HUMAN_GT,GEOMETRY_PASS,,0.40,0.50,0.50,0.85,19,SEGTEST1_0067,pants,trousers,,0.0,False,0.0,False,0.0,False,False,missed,/workspace/prd31_recovery_20260930/fashion_multimodal_analysis/reports/reruns/recovery_v2/core_v4_clean/visualizations/img_019.jpg
DeepFashion2,../fashion_data/raw/train/train/image/017444.jpg,017444.jpg,../fashion_data/raw/train/train/annos/017444.json,,item2_trousers,pants,trousers,8,468,624,61.0,148.0,199.0,330.0,0.0860042735042735,138.0,prd_3_1_v1,core,SEGCORE1_0060,benchmark/prd_3_1_v1/candidates/segmentation_core_stress_v1/masks/core/pants/SEGCORE1_0060.png,benchmark/prd_3_1_v1/candidates/segmentation_core_stress_v1/overlays/core/pants/SEGCORE1_0060.jpg,medium_2-10%,>=100,0,unreviewed,Core,SEGTEST1_0055,PASS,QC_V2_GEOMETRY_PASS+FULL_CORE_HUMAN_CONTACT_SHEET_REVIEW,worn_person,HUMAN_REVIEW,medium,none,partial,CLIP_ASSISTED_DIAGNOSTIC_NOT_HUMAN_GT,GEOMETRY_PASS,,0.40,0.50,0.50,0.85,20,SEGTEST1_0055,pants,trousers,skirt,0.6322099566459656,True,0.8840566748463646,False,0.8038717246773562,False,False,wrong_class,/workspace/prd31_recovery_20260930/fashion_multimodal_analysis/reports/reruns/recovery_v2/core_v4_clean/visualizations/img_020.jpg
DeepFashion2,../fashion_data/raw/train/train/image/019252.jpg,019252.jpg,../fashion_data/raw/train/train/annos/019252.json,,item1_short_sleeve_dress,dress,short_sleeve_dress,10,468,626,204.0,245.0,263.0,324.0,0.0159095873952104,59.0,prd_3_1_v1,core,SEGCORE1_0263,benchmark/prd_3_1_v1/candidates/segmentation_core_stress_v1/masks/core/dress/SEGCORE1_0263.png,benchmark/prd_3_1_v1/candidates/segmentation_core_stress_v1/overlays/core/dress/SEGCORE1_0263.jpg,small_0.5-2%,50-99,1,unreviewed,Core,SEGTEST1_0242,PASS,QC_V2_GEOMETRY_PASS+FULL_CORE_HUMAN_CONTACT_SHEET_REVIEW,complex_scene,HUMAN_REVIEW,small,partial,partial,CLIP_ASSISTED_DIAGNOSTIC_NOT_HUMAN_GT,GEOMETRY_PASS,,0.40,0.50,0.50,0.85,21,SEGTEST1_0242,dress,short_sleeve_dress,,0.0,False,0.0,False,0.0,False,False,missed,/workspace/prd31_recovery_20260930/fashion_multimodal_analysis/reports/reruns/recovery_v2/core_v4_clean/visualizations/img_021.jpg
DeepFashion2,../fashion_data/raw/train/train/image/019502.jpg,019502.jpg,../fashion_data/raw/train/train/annos/019502.json,,item4_trousers,pants,trousers,8,468,833,116.0,426.0,168.0,502.0,0.010137388288648793,52.0,prd_3_1_v1,core,SEGCORE1_0095,benchmark/prd_3_1_v1/candidates/segmentation_core_stress_v1/masks/core/pants/SEGCORE1_0095.png,benchmark/prd_3_1_v1/candidates/segmentation_core_stress_v1/overlays/core/pants/SEGCORE1_0095.jpg,small_0.5-2%,50-99,1,unreviewed,Core,SEGTEST1_0090,PASS,QC_V2_GEOMETRY_PASS+FULL_CORE_HUMAN_CONTACT_SHEET_REVIEW,complex_scene,HUMAN_REVIEW,small,none,full,CLIP_ASSISTED_DIAGNOSTIC_NOT_HUMAN_GT,GEOMETRY_PASS,,0.40,0.50,0.50,0.85,22,SEGTEST1_0090,pants,trousers,,0.0,False,0.0,False,0.0,False,False,missed,/workspace/prd31_recovery_20260930/fashion_multimodal_analysis/reports/reruns/recovery_v2/core_v4_clean/visualizations/img_022.jpg
DeepFashion2,../fashion_data/raw/train/train/image/020193.jpg,020193.jpg,../fashion_data/raw/train/train/annos/020193.json,,item2_trousers,pants,trousers,8,468,624,189.0,251.0,241.0,343.0,0.01638176638176638,52.0,prd_3_1_v1,core,SEGCORE1_0101,benchmark/prd_3_1_v1/candidates/segmentation_core_stress_v1/masks/core/pants/SEGCORE1_0101.png,benchmark/prd_3_1_v1/candidates/segmentation_core_stress_v1/overlays/core/pants/SEGCORE1_0101.jpg,small_0.5-2%,50-99,1,unreviewed,Core,SEGTEST1_0095,PASS,QC_V2_GEOMETRY_PASS+FULL_CORE_HUMAN_CONTACT_SHEET_REVIEW,complex_scene,HUMAN_REVIEW,small,partial,partial,CLIP_ASSISTED_DIAGNOSTIC_NOT_HUMAN_GT,GEOMETRY_PASS,,0.40,0.50,0.50,0.85,23,SEGTEST1_0095,pants,trousers,,0.0,False,0.0,False,0.0,False,False,missed,/workspace/prd31_recovery_20260930/fashion_multimodal_analysis/reports/reruns/recovery_v2/core_v4_clean/visualizations/img_023.jpg
DeepFashion2,../fashion_data/raw/train/train/image/021661.jpg,021661.jpg,../fashion_data/raw/train/train/annos/021661.json,,item2_short_sleeve_dress,dress,short_sleeve_dress,10,468,624,359.0,70.0,410.0,180.0,0.019210223537146614,51.0,prd_3_1_v1,core,SEGCORE1_0228,benchmark/prd_3_1_v1/candidates/segmentation_core_stress_v1/masks/core/dress/SEGCORE1_0228.png,benchmark/prd_3_1_v1/candidates/segmentation_core_stress_v1/overlays/core/dress/SEGCORE1_0228.jpg,small_0.5-2%,50-99,1,unreviewed,Core,SEGTEST1_0208,PASS,QC_V2_GEOMETRY_PASS+FULL_CORE_HUMAN_CONTACT_SHEET_REVIEW,partial_view,HUMAN_REVIEW,small,partial,partial,CLIP_ASSISTED_DIAGNOSTIC_NOT_HUMAN_GT,GEOMETRY_PASS,,0.40,0.50,0.50,0.85,24,SEGTEST1_0208,dress,short_sleeve_dress,,0.0,False,0.0,False,0.0,False,False,missed,/workspace/prd31_recovery_20260930/fashion_multimodal_analysis/reports/reruns/recovery_v2/core_v4_clean/visualizations/img_024.jpg
DeepFashion2,../fashion_data/raw/train/train/image/021851.jpg,021851.jpg,../fashion_data/raw/train/train/annos/021851.json,,item1_skirt,skirt,skirt,9,468,624,0.0,359.0,323.0,623.0,0.2919953977646285,264.0,prd_3_1_v1,core,SEGCORE1_0149,benchmark/prd_3_1_v1/candidates/segmentation_core_stress_v1/masks/core/skirt/SEGCORE1_0149.png,benchmark/prd_3_1_v1/candidates/segmentation_core_stress_v1/overlays/core/skirt/SEGCORE1_0149.jpg,large_>=10%,>=100,0,unreviewed,Core,SEGTEST1_0139,PASS,QC_V2_GEOMETRY_PASS+FULL_CORE_HUMAN_CONTACT_SHEET_REVIEW,partial_view,HUMAN_REVIEW,large,none,partial,CLIP_ASSISTED_DIAGNOSTIC_NOT_HUMAN_GT,GEOMETRY_PASS,,0.40,0.50,0.50,0.85,25,SEGTEST1_0139,skirt,skirt,,0.0,False,0.0,False,0.0,False,False,missed,/workspace/prd31_recovery_20260930/fashion_multimodal_analysis/reports/reruns/recovery_v2/core_v4_clean/visualizations/img_025.jpg
DeepFashion2,../fashion_data/raw/train/train/image/022015.jpg,022015.jpg,../fashion_data/raw/train/train/annos/022015.json,,item2_sling_dress,dress,sling_dress,13,750,999,49.0,3.0,335.0,220.0,0.08283216549883217,217.0,prd_3_1_v1,core,SEGCORE1_0222,benchmark/prd_3_1_v1/candidates/segmentation_core_stress_v1/masks/core/dress/SEGCORE1_0222.png,benchmark/prd_3_1_v1/candidates/segmentation_core_stress_v1/overlays/core/dress/SEGCORE1_0222.jpg,medium_2-10%,>=100,0,unreviewed,Core,SEGTEST1_0202,PASS,QC_V2_GEOMETRY_PASS+FULL_CORE_HUMAN_CONTACT_SHEET_REVIEW,product_display,HUMAN_REVIEW,medium,none,partial,CLIP_ASSISTED_DIAGNOSTIC_NOT_HUMAN_GT,GEOMETRY_PASS,,0.40,0.50,0.50,0.85,26,SEGTEST1_0202,dress,sling_dress,top,0.8179726600646973,True,0.7690356207488138,False,0.8935898011401895,False,False,wrong_class,/workspace/prd31_recovery_20260930/fashion_multimodal_analysis/reports/reruns/recovery_v2/core_v4_clean/visualizations/img_026.jpg
DeepFashion2,../fashion_data/raw/train/train/image/022171.jpg,022171.jpg,../fashion_data/raw/train/train/annos/022171.json,,item2_shorts,pants,shorts,7,790,636,99.0,296.0,198.0,382.0,0.016945306902316694,86.0,prd_3_1_v1,core,SEGCORE1_0058,benchmark/prd_3_1_v1/candidates/segmentation_core_stress_v1/masks/core/pants/SEGCORE1_0058.png,benchmark/prd_3_1_v1/candidates/segmentation_core_stress_v1/overlays/core/pants/SEGCORE1_0058.jpg,small_0.5-2%,50-99,1,unreviewed,Core,SEGTEST1_0053,PASS,QC_V2_GEOMETRY_PASS+FULL_CORE_HUMAN_CONTACT_SHEET_REVIEW,worn_person,HUMAN_REVIEW,small,none,partial,CLIP_ASSISTED_DIAGNOSTIC_NOT_HUMAN_GT,GEOMETRY_PASS,,0.40,0.50,0.50,0.85,27,SEGTEST1_0053,pants,shorts,,0.0,False,0.0,False,0.0,False,False,missed,/workspace/prd31_recovery_20260930/fashion_multimodal_analysis/reports/reruns/recovery_v2/core_v4_clean/visualizations/img_027.jpg
DeepFashion2,../fashion_data/raw/train/train/image/023422.jpg,023422.jpg,../fashion_data/raw/train/train/annos/023422.json,,item3_long_sleeve_outwear,outerwear,long_sleeve_outwear,4,787,593,102.0,35.0,296.0,225.0,0.07898159595963924,190.0,prd_3_1_v1,core,SEGCORE1_0195,benchmark/prd_3_1_v1/candidates/segmentation_core_stress_v1/masks/core/outerwear/SEGCORE1_0195.png,benchmark/prd_3_1_v1/candidates/segmentation_core_stress_v1/overlays/core/outerwear/SEGCORE1_0195.jpg,medium_2-10%,>=100,0,unreviewed,Core,SEGTEST1_0180,PASS,QC_V2_GEOMETRY_PASS+FULL_CORE_HUMAN_CONTACT_SHEET_REVIEW,worn_person,HUMAN_REVIEW,medium,none,partial,CLIP_ASSISTED_DIAGNOSTIC_NOT_HUMAN_GT,GEOMETRY_PASS,,0.40,0.50,0.50,0.85,28,SEGTEST1_0180,outerwear,long_sleeve_outwear,top,0.8734064102172852,True,0.6634425089887337,False,0.34165654859314787,False,False,wrong_class,/workspace/prd31_recovery_20260930/fashion_multimodal_analysis/reports/reruns/recovery_v2/core_v4_clean/visualizations/img_028.jpg
DeepFashion2,../fashion_data/raw/train/train/image/024251.jpg,024251.jpg,../fashion_data/raw/train/train/annos/024251.json,,item1_short_sleeve_outwear,outerwear,short_sleeve_outwear,3,468,622,192.0,161.0,312.0,360.0,0.08203479264572512,120.0,prd_3_1_v1,core,SEGCORE1_0172,benchmark/prd_3_1_v1/candidates/segmentation_core_stress_v1/masks/core/outerwear/SEGCORE1_0172.png,benchmark/prd_3_1_v1/candidates/segmentation_core_stress_v1/overlays/core/outerwear/SEGCORE1_0172.jpg,medium_2-10%,>=100,0,unreviewed,Core,SEGTEST1_0157,PASS,QC_V2_GEOMETRY_PASS+FULL_CORE_HUMAN_CONTACT_SHEET_REVIEW,worn_person,HUMAN_REVIEW,medium,none,partial,CLIP_ASSISTED_DIAGNOSTIC_NOT_HUMAN_GT,GEOMETRY_PASS,,0.40,0.50,0.50,0.85,29,SEGTEST1_0157,outerwear,short_sleeve_outwear,,0.0,False,0.0,False,0.0,False,False,missed,/workspace/prd31_recovery_20260930/fashion_multimodal_analysis/reports/reruns/recovery_v2/core_v4_clean/visualizations/img_029.jpg
DeepFashion2,../fashion_data/raw/train/train/image/025637.jpg,025637.jpg,../fashion_data/raw/train/train/annos/025637.json,,item2_short_sleeve_top,top,short_sleeve_top,1,750,617,330.0,307.0,408.0,405.0,0.016518638573743923,78.0,prd_3_1_v1,core,SEGCORE1_0054,benchmark/prd_3_1_v1/candidates/segmentation_core_stress_v1/masks/core/top/SEGCORE1_0054.png,benchmark/prd_3_1_v1/candidates/segmentation_core_stress_v1/overlays/core/top/SEGCORE1_0054.jpg,small_0.5-2%,50-99,1,unreviewed,Core,SEGTEST1_0050,PASS,QC_V2_GEOMETRY_PASS+FULL_CORE_HUMAN_CONTACT_SHEET_REVIEW,complex_scene,HUMAN_REVIEW,small,none,partial,CLIP_ASSISTED_DIAGNOSTIC_NOT_HUMAN_GT,GEOMETRY_PASS,,0.40,0.50,0.50,0.85,30,SEGTEST1_0050,top,short_sleeve_top,,0.0,False,0.0,False,0.0,False,False,missed,/workspace/prd31_recovery_20260930/fashion_multimodal_analysis/reports/reruns/recovery_v2/core_v4_clean/visualizations/img_030.jpg
DeepFashion2,../fashion_data/raw/train/train/image/026481.jpg,026481.jpg,../fashion_data/raw/train/train/annos/026481.json,,item2_shorts,pants,shorts,7,750,1066,303.0,520.0,409.0,657.0,0.01816385240775485,106.0,prd_3_1_v1,core,SEGCORE1_0082,benchmark/prd_3_1_v1/candidates/segmentation_core_stress_v1/masks/core/pants/SEGCORE1_0082.png,benchmark/prd_3_1_v1/candidates/segmentation_core_stress_v1/overlays/core/pants/SEGCORE1_0082.jpg,small_0.5-2%,>=100,1,unreviewed,Core,SEGTEST1_0077,PASS,QC_V2_GEOMETRY_PASS+FULL_CORE_HUMAN_CONTACT_SHEET_REVIEW,worn_person,HUMAN_REVIEW,small,none,partial,CLIP_ASSISTED_DIAGNOSTIC_NOT_HUMAN_GT,GEOMETRY_PASS,,0.40,0.50,0.50,0.85,31,SEGTEST1_0077,pants,shorts,,0.0,False,0.0,False,0.0,False,False,missed,/workspace/prd31_recovery_20260930/fashion_multimodal_analysis/reports/reruns/recovery_v2/core_v4_clean/visualizations/img_031.jpg
DeepFashion2,../fashion_data/raw/train/train/image/027992.jpg,027992.jpg,../fashion_data/raw/train/train/annos/027992.json,,item2_skirt,skirt,skirt,9,750,708,279.0,422.0,443.0,633.0,0.06516760828625236,164.0,prd_3_1_v1,core,SEGCORE1_0144,benchmark/prd_3_1_v1/candidates/segmentation_core_stress_v1/masks/core/skirt/SEGCORE1_0144.png,benchmark/prd_3_1_v1/candidates/segmentation_core_stress_v1/overlays/core/skirt/SEGCORE1_0144.jpg,medium_2-10%,>=100,0,unreviewed,Core,SEGTEST1_0134,PASS,QC_V2_GEOMETRY_PASS+FULL_CORE_HUMAN_CONTACT_SHEET_REVIEW,complex_scene,HUMAN_REVIEW,medium,partial,full,CLIP_ASSISTED_DIAGNOSTIC_NOT_HUMAN_GT,GEOMETRY_PASS,,0.40,0.50,0.50,0.85,32,SEGTEST1_0134,skirt,skirt,bag,0.937808096408844,True,0.5345722364326678,False,0.194021325209444,False,False,wrong_class,
DeepFashion2,../fashion_data/raw/train/train/image/029778.jpg,029778.jpg,../fashion_data/raw/train/train/annos/029778.json,,item2_shorts,pants,shorts,7,600,800,319.0,571.0,598.0,799.0,0.132525,228.0,prd_3_1_v1,core,SEGCORE1_0068,benchmark/prd_3_1_v1/candidates/segmentation_core_stress_v1/masks/core/pants/SEGCORE1_0068.png,benchmark/prd_3_1_v1/candidates/segmentation_core_stress_v1/overlays/core/pants/SEGCORE1_0068.jpg,large_>=10%,>=100,0,unreviewed,Core,SEGTEST1_0063,PASS,QC_V2_GEOMETRY_PASS+FULL_CORE_HUMAN_CONTACT_SHEET_REVIEW,partial_view,HUMAN_REVIEW,large,none,partial,CLIP_ASSISTED_DIAGNOSTIC_NOT_HUMAN_GT,GEOMETRY_PASS,,0.40,0.50,0.50,0.85,33,SEGTEST1_0063,pants,shorts,,0.0,False,0.0,False,0.0,False,False,missed,
DeepFashion2,../fashion_data/raw/train/train/image/030539.jpg,030539.jpg,../fashion_data/raw/train/train/annos/030539.json,,item2_skirt,skirt,skirt,9,880,1063,519.0,569.0,640.0,714.0,0.01875587958607714,121.0,prd_3_1_v1,core,SEGCORE1_0142,benchmark/prd_3_1_v1/candidates/segmentation_core_stress_v1/masks/core/skirt/SEGCORE1_0142.png,benchmark/prd_3_1_v1/candidates/segmentation_core_stress_v1/overlays/core/skirt/SEGCORE1_0142.jpg,small_0.5-2%,>=100,1,unreviewed,Core,SEGTEST1_0132,PASS,QC_V2_GEOMETRY_PASS+FULL_CORE_HUMAN_CONTACT_SHEET_REVIEW,worn_person,HUMAN_REVIEW,small,none,partial,CLIP_ASSISTED_DIAGNOSTIC_NOT_HUMAN_GT,GEOMETRY_PASS,,0.40,0.50,0.50,0.85,34,SEGTEST1_0132,skirt,skirt,,0.0,False,0.0,False,0.0,False,False,missed,
DeepFashion2,../fashion_data/raw/train/train/image/030915.jpg,030915.jpg,../fashion_data/raw/train/train/annos/030915.json,,item3_skirt,skirt,skirt,9,880,738,380.0,356.0,522.0,438.0,0.01792929292929293,82.0,prd_3_1_v1,core,SEGCORE1_0160,benchmark/prd_3_1_v1/candidates/segmentation_core_stress_v1/masks/core/skirt/SEGCORE1_0160.png,benchmark/prd_3_1_v1/candidates/segmentation_core_stress_v1/overlays/core/skirt/SEGCORE1_0160.jpg,small_0.5-2%,50-99,1,unreviewed,Core,SEGTEST1_0148,PASS,QC_V2_GEOMETRY_PASS+FULL_CORE_HUMAN_CONTACT_SHEET_REVIEW,worn_person,HUMAN_REVIEW,small,none,partial,CLIP_ASSISTED_DIAGNOSTIC_NOT_HUMAN_GT,GEOMETRY_PASS,,0.40,0.50,0.50,0.85,35,SEGTEST1_0148,skirt,skirt,,0.0,False,0.0,False,0.0,False,False,missed,
DeepFashion2,../fashion_data/raw/train/train/image/031100.jpg,031100.jpg,../fashion_data/raw/train/train/annos/031100.json,,item2_shorts,pants,shorts,7,640,900,241.0,278.0,480.0,501.0,0.09252951388888889,223.0,prd_3_1_v1,core,SEGCORE1_0097,benchmark/prd_3_1_v1/candidates/segmentation_core_stress_v1/masks/core/pants/SEGCORE1_0097.png,benchmark/prd_3_1_v1/candidates/segmentation_core_stress_v1/overlays/core/pants/SEGCORE1_0097.jpg,medium_2-10%,>=100,0,unreviewed,Core,SEGTEST1_0092,PASS,QC_V2_GEOMETRY_PASS+FULL_CORE_HUMAN_CONTACT_SHEET_REVIEW,partial_view,HUMAN_REVIEW,medium,partial,partial,CLIP_ASSISTED_DIAGNOSTIC_NOT_HUMAN_GT,GEOMETRY_PASS,,0.40,0.50,0.50,0.85,36,SEGTEST1_0092,pants,shorts,,0.0,False,0.0,False,0.0,False,False,missed,
DeepFashion2,../fashion_data/raw/train/train/image/033105.jpg,033105.jpg,../fashion_data/raw/train/train/annos/033105.json,,item1_vest_dress,dress,vest_dress,12,300,400,19.0,206.0,229.0,399.0,0.33775,193.0,prd_3_1_v1,core,SEGCORE1_0223,benchmark/prd_3_1_v1/candidates/segmentation_core_stress_v1/masks/core/dress/SEGCORE1_0223.png,benchmark/prd_3_1_v1/candidates/segmentation_core_stress_v1/overlays/core/dress/SEGCORE1_0223.jpg,large_>=10%,>=100,0,unreviewed,Core,SEGTEST1_0203,PASS,QC_V2_GEOMETRY_PASS+FULL_CORE_HUMAN_CONTACT_SHEET_REVIEW,partial_view,HUMAN_REVIEW,large,none,partial,CLIP_ASSISTED_DIAGNOSTIC_NOT_HUMAN_GT,GEOMETRY_PASS,,0.40,0.50,0.50,0.85,38,SEGTEST1_0203,dress,vest_dress,,0.0,False,0.0,False,0.0,False,False,missed,
DeepFashion2,../fashion_data/raw/train/train/image/034082.jpg,034082.jpg,../fashion_data/raw/train/train/annos/034082.json,,item4_short_sleeve_outwear,outerwear,short_sleeve_outwear,3,748,502,481.0,157.0,600.0,281.0,0.03929735603042376,119.0,prd_3_1_v1,core,SEGCORE1_0182,benchmark/prd_3_1_v1/candidates/segmentation_core_stress_v1/masks/core/outerwear/SEGCORE1_0182.png,benchmark/prd_3_1_v1/candidates/segmentation_core_stress_v1/overlays/core/outerwear/SEGCORE1_0182.jpg,medium_2-10%,>=100,0,unreviewed,Core,SEGTEST1_0167,PASS,QC_V2_GEOMETRY_PASS+FULL_CORE_HUMAN_CONTACT_SHEET_REVIEW,worn_person,HUMAN_REVIEW,medium,partial,partial,CLIP_ASSISTED_DIAGNOSTIC_NOT_HUMAN_GT,GEOMETRY_PASS,,0.40,0.50,0.50,0.85,39,SEGTEST1_0167,outerwear,short_sleeve_outwear,,0.0,False,0.0,False,0.0,False,False,missed,
DeepFashion2,../fashion_data/raw/train/train/image/035199.jpg,035199.jpg,../fashion_data/raw/train/train/annos/035199.json,,item2_skirt,skirt,skirt,9,750,673,25.0,268.0,577.0,652.0,0.41994650817236256,384.0,prd_3_1_v1,core,SEGCORE1_0164,benchmark/prd_3_1_v1/candidates/segmentation_core_stress_v1/masks/core/skirt/SEGCORE1_0164.png,benchmark/prd_3_1_v1/candidates/segmentation_core_stress_v1/overlays/core/skirt/SEGCORE1_0164.jpg,large_>=10%,>=100,0,unreviewed,Core,SEGTEST1_0150,PASS,QC_V2_GEOMETRY_PASS+FULL_CORE_HUMAN_CONTACT_SHEET_REVIEW,partial_view,HUMAN_REVIEW,large,none,partial,CLIP_ASSISTED_DIAGNOSTIC_NOT_HUMAN_GT,GEOMETRY_PASS,,0.40,0.50,0.50,0.85,41,SEGTEST1_0150,skirt,skirt,top,0.506424069404602,True,0.9020392159201247,False,0.7850368217462423,False,False,wrong_class,
DeepFashion2,../fashion_data/raw/train/train/image/035517.jpg,035517.jpg,../fashion_data/raw/train/train/annos/035517.json,,item2_vest,top,vest,5,750,994,268.0,437.0,365.0,588.0,0.019647216633132125,97.0,prd_3_1_v1,core,SEGCORE1_0007,benchmark/prd_3_1_v1/candidates/segmentation_core_stress_v1/masks/core/top/SEGCORE1_0007.png,benchmark/prd_3_1_v1/candidates/segmentation_core_stress_v1/overlays/core/top/SEGCORE1_0007.jpg,small_0.5-2%,50-99,1,unreviewed,Core,SEGTEST1_0007,PASS,QC_V2_GEOMETRY_PASS+FULL_CORE_HUMAN_CONTACT_SHEET_REVIEW,worn_person,HUMAN_REVIEW,small,none,full,CLIP_ASSISTED_DIAGNOSTIC_NOT_HUMAN_GT,GEOMETRY_PASS,,0.40,0.50,0.50,0.85,42,SEGTEST1_0007,top,vest,,0.0,False,0.0,False,0.0,False,False,missed,
DeepFashion2,../fashion_data/raw/train/train/image/036674.jpg,036674.jpg,../fashion_data/raw/train/train/annos/036674.json,,item1_long_sleeve_dress,dress,long_sleeve_dress,11,800,760,326.0,321.0,383.0,408.0,0.00815625,57.0,prd_3_1_v1,core,SEGCORE1_0256,benchmark/prd_3_1_v1/candidates/segmentation_core_stress_v1/masks/core/dress/SEGCORE1_0256.png,benchmark/prd_3_1_v1/candidates/segmentation_core_stress_v1/overlays/core/dress/SEGCORE1_0256.jpg,small_0.5-2%,50-99,1,unreviewed,Core,SEGTEST1_0236,PASS,QC_V2_GEOMETRY_PASS+FULL_CORE_HUMAN_CONTACT_SHEET_REVIEW,complex_scene,HUMAN_REVIEW,small,partial,partial,CLIP_ASSISTED_DIAGNOSTIC_NOT_HUMAN_GT,GEOMETRY_PASS,,0.40,0.50,0.50,0.85,45,SEGTEST1_0236,dress,long_sleeve_dress,,0.0,False,0.0,False,0.0,False,False,missed,
DeepFashion2,../fashion_data/raw/train/train/image/037017.jpg,037017.jpg,../fashion_data/raw/train/train/annos/037017.json,,item2_short_sleeve_top,top,short_sleeve_top,1,468,701,323.0,7.0,467.0,283.0,0.12114561615274883,144.0,prd_3_1_v1,core,SEGCORE1_0022,benchmark/prd_3_1_v1/candidates/segmentation_core_stress_v1/masks/core/top/SEGCORE1_0022.png,benchmark/prd_3_1_v1/candidates/segmentation_core_stress_v1/overlays/core/top/SEGCORE1_0022.jpg,large_>=10%,>=100,0,unreviewed,Core,SEGTEST1_0021,PASS,QC_V2_GEOMETRY_PASS+FULL_CORE_HUMAN_CONTACT_SHEET_REVIEW,partial_view,HUMAN_REVIEW,large,partial,partial,CLIP_ASSISTED_DIAGNOSTIC_NOT_HUMAN_GT,GEOMETRY_PASS,,0.40,0.50,0.50,0.85,46,SEGTEST1_0021,top,short_sleeve_top,,0.0,False,0.0,False,0.0,False,False,missed,
DeepFashion2,../fashion_data/raw/train/train/image/037086.jpg,037086.jpg,../fashion_data/raw/train/train/annos/037086.json,,item1_sling,top,sling,6,640,960,199.0,318.0,464.0,528.0,0.090576171875,210.0,prd_3_1_v1,core,SEGCORE1_0047,benchmark/prd_3_1_v1/candidates/segmentation_core_stress_v1/masks/core/top/SEGCORE1_0047.png,benchmark/prd_3_1_v1/candidates/segmentation_core_stress_v1/overlays/core/top/SEGCORE1_0047.jpg,medium_2-10%,>=100,0,unreviewed,Core,SEGTEST1_0046,PASS,EXPLICIT_HUMAN_EXCEPTION_PASS+FULL_CORE_HUMAN_CONTACT_SHEET_REVIEW,partial_view,HUMAN_REVIEW,medium,partial,partial,CLIP_ASSISTED_DIAGNOSTIC_NOT_HUMAN_GT,REVIEW_PRIORITY,PASS,0.40,0.50,0.50,0.85,47,SEGTEST1_0046,top,sling,,0.0,False,0.0,False,0.0,False,False,missed,
DeepFashion2,../fashion_data/raw/train/train/image/039006.jpg,039006.jpg,../fashion_data/raw/train/train/annos/039006.json,,item2_long_sleeve_outwear,outerwear,long_sleeve_outwear,4,640,960,154.0,214.0,372.0,432.0,0.07735026041666666,218.0,prd_3_1_v1,core,SEGCORE1_0190,benchmark/prd_3_1_v1/candidates/segmentation_core_stress_v1/masks/core/outerwear/SEGCORE1_0190.png,benchmark/prd_3_1_v1/candidates/segmentation_core_stress_v1/overlays/core/outerwear/SEGCORE1_0190.jpg,medium_2-10%,>=100,0,unreviewed,Core,SEGTEST1_0175,PASS,QC_V2_GEOMETRY_PASS+FULL_CORE_HUMAN_CONTACT_SHEET_REVIEW,worn_person,HUMAN_REVIEW,medium,none,full,CLIP_ASSISTED_DIAGNOSTIC_NOT_HUMAN_GT,GEOMETRY_PASS,,0.40,0.50,0.50,0.85,48,SEGTEST1_0175,outerwear,long_sleeve_outwear,,0.0,False,0.0,False,0.0,False,False,missed,
DeepFashion2,../fashion_data/raw/train/train/image/039931.jpg,039931.jpg,../fashion_data/raw/train/train/annos/039931.json,,item1_vest,top,vest,5,640,640,20.0,126.0,470.0,626.0,0.54931640625,450.0,prd_3_1_v1,core,SEGCORE1_0052,benchmark/prd_3_1_v1/candidates/segmentation_core_stress_v1/masks/core/top/SEGCORE1_0052.png,benchmark/prd_3_1_v1/candidates/segmentation_core_stress_v1/overlays/core/top/SEGCORE1_0052.jpg,large_>=10%,>=100,0,unreviewed,Core,SEGTEST1_0049,PASS,QC_V2_GEOMETRY_PASS+FULL_CORE_HUMAN_CONTACT_SHEET_REVIEW,partial_view,HUMAN_REVIEW,large,partial,partial,CLIP_ASSISTED_DIAGNOSTIC_NOT_HUMAN_GT,GEOMETRY_PASS,,0.40,0.50,0.50,0.85,49,SEGTEST1_0049,top,vest,dress,0.5283597111701965,True,0.8554188018839342,False,0.7589097528262119,False,False,wrong_class,
DeepFashion2,../fashion_data/raw/train/train/image/040782.jpg,040782.jpg,../fashion_data/raw/train/train/annos/040782.json,,item1_skirt,skirt,skirt,9,640,427,289.0,218.0,352.0,290.0,0.016598360655737703,63.0,prd_3_1_v1,core,SEGCORE1_0118,benchmark/prd_3_1_v1/candidates/segmentation_core_stress_v1/masks/core/skirt/SEGCORE1_0118.png,benchmark/prd_3_1_v1/candidates/segmentation_core_stress_v1/overlays/core/skirt/SEGCORE1_0118.jpg,small_0.5-2%,50-99,1,unreviewed,Core,SEGTEST1_0108,PASS,QC_V2_GEOMETRY_PASS+FULL_CORE_HUMAN_CONTACT_SHEET_REVIEW,worn_person,HUMAN_REVIEW,small,partial,partial,CLIP_ASSISTED_DIAGNOSTIC_NOT_HUMAN_GT,GEOMETRY_PASS,,0.40,0.50,0.50,0.85,50,SEGTEST1_0108,skirt,skirt,,0.0,False,0.0,False,0.0,False,False,missed,
DeepFashion2,../fashion_data/raw/train/train/image/040842.jpg,040842.jpg,../fashion_data/raw/train/train/annos/040842.json,,item2_shorts,pants,shorts,7,750,1190,79.0,824.0,310.0,1124.0,0.07764705882352942,231.0,prd_3_1_v1,core,SEGCORE1_0061,benchmark/prd_3_1_v1/candidates/segmentation_core_stress_v1/masks/core/pants/SEGCORE1_0061.png,benchmark/prd_3_1_v1/candidates/segmentation_core_stress_v1/overlays/core/pants/SEGCORE1_0061.jpg,medium_2-10%,>=100,0,unreviewed,Core,SEGTEST1_0056,PASS,QC_V2_GEOMETRY_PASS+FULL_CORE_HUMAN_CONTACT_SHEET_REVIEW,worn_person,HUMAN_REVIEW,medium,partial,partial,CLIP_ASSISTED_DIAGNOSTIC_NOT_HUMAN_GT,GEOMETRY_PASS,,0.40,0.50,0.50,0.85,51,SEGTEST1_0056,pants,shorts,skirt,0.4560166001319885,True,0.7905826727350302,False,0.6375010898944982,False,False,wrong_class,
DeepFashion2,../fashion_data/raw/train/train/image/041482.jpg,041482.jpg,../fashion_data/raw/train/train/annos/041482.json,,item1_long_sleeve_outwear,outerwear,long_sleeve_outwear,4,750,647,325.0,243.0,405.0,352.0,0.017970118495620815,80.0,prd_3_1_v1,core,SEGCORE1_0173,benchmark/prd_3_1_v1/candidates/segmentation_core_stress_v1/masks/core/outerwear/SEGCORE1_0173.png,benchmark/prd_3_1_v1/candidates/segmentation_core_stress_v1/overlays/core/outerwear/SEGCORE1_0173.jpg,small_0.5-2%,50-99,1,unreviewed,Core,SEGTEST1_0158,PASS,QC_V2_GEOMETRY_PASS+FULL_CORE_HUMAN_CONTACT_SHEET_REVIEW,complex_scene,HUMAN_REVIEW,small,partial,partial,CLIP_ASSISTED_DIAGNOSTIC_NOT_HUMAN_GT,GEOMETRY_PASS,,0.40,0.50,0.50,0.85,52,SEGTEST1_0158,outerwear,long_sleeve_outwear,,0.0,False,0.0,False,0.0,False,False,missed,
DeepFashion2,../fashion_data/raw/train/train/image/041520.jpg,041520.jpg,../fashion_data/raw/train/train/annos/041520.json,,item1_sling_dress,dress,sling_dress,13,468,624,255.0,201.0,306.0,287.0,0.015018902038132807,51.0,prd_3_1_v1,core,SEGCORE1_0250,benchmark/prd_3_1_v1/candidates/segmentation_core_stress_v1/masks/core/dress/SEGCORE1_0250.png,benchmark/prd_3_1_v1/candidates/segmentation_core_stress_v1/overlays/core/dress/SEGCORE1_0250.jpg,small_0.5-2%,50-99,1,unreviewed,Core,SEGTEST1_0230,PASS,QC_V2_GEOMETRY_PASS+FULL_CORE_HUMAN_CONTACT_SHEET_REVIEW,complex_scene,HUMAN_REVIEW,small,none,partial,CLIP_ASSISTED_DIAGNOSTIC_NOT_HUMAN_GT,GEOMETRY_PASS,,0.40,0.50,0.50,0.85,53,SEGTEST1_0230,dress,sling_dress,,0.0,False,0.0,False,0.0,False,False,missed,
DeepFashion2,../fashion_data/raw/train/train/image/042495.jpg,042495.jpg,../fashion_data/raw/train/train/annos/042495.json,,item1_sling,top,sling,6,468,702,118.0,168.0,356.0,414.0,0.17820878077288332,238.0,prd_3_1_v1,core,SEGCORE1_0020,benchmark/prd_3_1_v1/candidates/segmentation_core_stress_v1/masks/core/top/SEGCORE1_0020.png,benchmark/prd_3_1_v1/candidates/segmentation_core_stress_v1/overlays/core/top/SEGCORE1_0020.jpg,large_>=10%,>=100,0,unreviewed,Core,SEGTEST1_0019,PASS,QC_V2_GEOMETRY_PASS+FULL_CORE_HUMAN_CONTACT_SHEET_REVIEW,partial_view,HUMAN_REVIEW,large,partial,partial,CLIP_ASSISTED_DIAGNOSTIC_NOT_HUMAN_GT,GEOMETRY_PASS,,0.40,0.50,0.50,0.85,54,SEGTEST1_0019,top,sling,,0.0,False,0.0,False,0.0,False,False,missed,
DeepFashion2,../fashion_data/raw/train/train/image/043181.jpg,043181.jpg,../fashion_data/raw/train/train/annos/043181.json,,item2_skirt,skirt,skirt,9,750,677,300.0,242.0,415.0,313.0,0.016080748399803054,71.0,prd_3_1_v1,core,SEGCORE1_0145,benchmark/prd_3_1_v1/candidates/segmentation_core_stress_v1/masks/core/skirt/SEGCORE1_0145.png,benchmark/prd_3_1_v1/candidates/segmentation_core_stress_v1/overlays/core/skirt/SEGCORE1_0145.jpg,small_0.5-2%,50-99,1,unreviewed,Core,SEGTEST1_0135,PASS,QC_V2_GEOMETRY_PASS+FULL_CORE_HUMAN_CONTACT_SHEET_REVIEW,complex_scene,HUMAN_REVIEW,small,partial,partial,CLIP_ASSISTED_DIAGNOSTIC_NOT_HUMAN_GT,GEOMETRY_PASS,,0.40,0.50,0.50,0.85,55,SEGTEST1_0135,skirt,skirt,,0.0,False,0.0,False,0.0,False,False,missed,
DeepFashion2,../fashion_data/raw/train/train/image/043686.jpg,043686.jpg,../fashion_data/raw/train/train/annos/043686.json,,item1_long_sleeve_dress,dress,long_sleeve_dress,11,880,938,351.0,318.0,529.0,626.0,0.0664179104477612,178.0,prd_3_1_v1,core,SEGCORE1_0249,benchmark/prd_3_1_v1/candidates/segmentation_core_stress_v1/masks/core/dress/SEGCORE1_0249.png,benchmark/prd_3_1_v1/candidates/segmentation_core_stress_v1/overlays/core/dress/SEGCORE1_0249.jpg,medium_2-10%,>=100,0,unreviewed,Core,SEGTEST1_0229,PASS,QC_V2_GEOMETRY_PASS+FULL_CORE_HUMAN_CONTACT_SHEET_REVIEW,worn_person,HUMAN_REVIEW,medium,none,partial,CLIP_ASSISTED_DIAGNOSTIC_NOT_HUMAN_GT,GEOMETRY_PASS,,0.40,0.50,0.50,0.85,57,SEGTEST1_0229,dress,long_sleeve_dress,,0.0,False,0.0,False,0.0,False,False,missed,
DeepFashion2,../fashion_data/raw/train/train/image/044433.jpg,044433.jpg,../fashion_data/raw/train/train/annos/044433.json,,item1_sling,top,sling,6,700,610,249.0,200.0,440.0,455.0,0.1140632318501171,191.0,prd_3_1_v1,core,SEGCORE1_0044,benchmark/prd_3_1_v1/candidates/segmentation_core_stress_v1/masks/core/top/SEGCORE1_0044.png,benchmark/prd_3_1_v1/candidates/segmentation_core_stress_v1/overlays/core/top/SEGCORE1_0044.jpg,large_>=10%,>=100,0,unreviewed,Core,SEGTEST1_0043,PASS,QC_V2_GEOMETRY_PASS+FULL_CORE_HUMAN_CONTACT_SHEET_REVIEW,worn_person,HUMAN_REVIEW,large,partial,partial,CLIP_ASSISTED_DIAGNOSTIC_NOT_HUMAN_GT,GEOMETRY_PASS,,0.40,0.50,0.50,0.85,58,SEGTEST1_0043,top,sling,,0.0,False,0.0,False,0.0,False,False,missed,
DeepFashion2,../fashion_data/raw/train/train/image/046348.jpg,046348.jpg,../fashion_data/raw/train/train/annos/046348.json,,item1_long_sleeve_dress,dress,long_sleeve_dress,11,468,833,0.0,123.0,466.0,772.0,0.7757821077148809,466.0,prd_3_1_v1,core,SEGCORE1_0254,benchmark/prd_3_1_v1/candidates/segmentation_core_stress_v1/masks/core/dress/SEGCORE1_0254.png,benchmark/prd_3_1_v1/candidates/segmentation_core_stress_v1/overlays/core/dress/SEGCORE1_0254.jpg,large_>=10%,>=100,0,unreviewed,Core,SEGTEST1_0234,PASS,QC_V2_GEOMETRY_PASS+FULL_CORE_HUMAN_CONTACT_SHEET_REVIEW,product_display,HUMAN_REVIEW,large,heavy,partial,CLIP_ASSISTED_DIAGNOSTIC_NOT_HUMAN_GT,GEOMETRY_PASS,,0.40,0.50,0.50,0.85,59,SEGTEST1_0234,dress,long_sleeve_dress,top,0.6561577320098877,True,0.9068862252056247,False,0.9028856337726593,False,False,wrong_class,
DeepFashion2,../fashion_data/raw/train/train/image/046633.jpg,046633.jpg,../fashion_data/raw/train/train/annos/046633.json,,item2_shorts,pants,shorts,7,640,960,282.0,517.0,394.0,621.0,0.018958333333333334,104.0,prd_3_1_v1,core,SEGCORE1_0094,benchmark/prd_3_1_v1/candidates/segmentation_core_stress_v1/masks/core/pants/SEGCORE1_0094.png,benchmark/prd_3_1_v1/candidates/segmentation_core_stress_v1/overlays/core/pants/SEGCORE1_0094.jpg,small_0.5-2%,>=100,1,unreviewed,Core,SEGTEST1_0089,PASS,QC_V2_GEOMETRY_PASS+FULL_CORE_HUMAN_CONTACT_SHEET_REVIEW,complex_scene,HUMAN_REVIEW,small,partial,partial,CLIP_ASSISTED_DIAGNOSTIC_NOT_HUMAN_GT,GEOMETRY_PASS,,0.40,0.50,0.50,0.85,60,SEGTEST1_0089,pants,shorts,skirt,0.6012253165245056,True,0.8628212716623791,False,0.8384133160397752,False,False,wrong_class,
DeepFashion2,../fashion_data/raw/train/train/image/048987.jpg,048987.jpg,../fashion_data/raw/train/train/annos/048987.json,,item2_skirt,skirt,skirt,9,677,709,250.0,476.0,450.0,666.0,0.07916782119739246,190.0,prd_3_1_v1,core,SEGCORE1_0132,benchmark/prd_3_1_v1/candidates/segmentation_core_stress_v1/masks/core/skirt/SEGCORE1_0132.png,benchmark/prd_3_1_v1/candidates/segmentation_core_stress_v1/overlays/core/skirt/SEGCORE1_0132.jpg,medium_2-10%,>=100,0,unreviewed,Core,SEGTEST1_0122,PASS,QC_V2_GEOMETRY_PASS+FULL_CORE_HUMAN_CONTACT_SHEET_REVIEW,partial_view,HUMAN_REVIEW,medium,none,partial,CLIP_ASSISTED_DIAGNOSTIC_NOT_HUMAN_GT,GEOMETRY_PASS,,0.40,0.50,0.50,0.85,61,SEGTEST1_0122,skirt,skirt,,0.0,False,0.0,False,0.0,False,False,missed,
DeepFashion2,../fashion_data/raw/train/train/image/050133.jpg,050133.jpg,../fashion_data/raw/train/train/annos/050133.json,,item2_long_sleeve_outwear,outerwear,long_sleeve_outwear,4,791,544,523.0,202.0,651.0,406.0,0.0606826801517067,128.0,prd_3_1_v1,core,SEGCORE1_0175,benchmark/prd_3_1_v1/candidates/segmentation_core_stress_v1/masks/core/outerwear/SEGCORE1_0175.png,benchmark/prd_3_1_v1/candidates/segmentation_core_stress_v1/overlays/core/outerwear/SEGCORE1_0175.jpg,medium_2-10%,>=100,0,unreviewed,Core,SEGTEST1_0160,PASS,QC_V2_GEOMETRY_PASS+FULL_CORE_HUMAN_CONTACT_SHEET_REVIEW,worn_person,HUMAN_REVIEW,medium,none,partial,CLIP_ASSISTED_DIAGNOSTIC_NOT_HUMAN_GT,GEOMETRY_PASS,,0.40,0.50,0.50,0.85,63,SEGTEST1_0160,outerwear,long_sleeve_outwear,,0.0,False,0.0,False,0.0,False,False,missed,
DeepFashion2,../fashion_data/raw/train/train/image/051038.jpg,051038.jpg,../fashion_data/raw/train/train/annos/051038.json,,item2_skirt,skirt,skirt,9,468,826,0.0,385.0,467.0,825.0,0.5315494298545146,440.0,prd_3_1_v1,core,SEGCORE1_0116,benchmark/prd_3_1_v1/candidates/segmentation_core_stress_v1/masks/core/skirt/SEGCORE1_0116.png,benchmark/prd_3_1_v1/candidates/segmentation_core_stress_v1/overlays/core/skirt/SEGCORE1_0116.jpg,large_>=10%,>=100,0,unreviewed,Core,SEGTEST1_0106,PASS,QC_V2_GEOMETRY_PASS+FULL_CORE_HUMAN_CONTACT_SHEET_REVIEW,partial_view,HUMAN_REVIEW,large,partial,partial,CLIP_ASSISTED_DIAGNOSTIC_NOT_HUMAN_GT,GEOMETRY_PASS,,0.40,0.50,0.50,0.85,65,SEGTEST1_0106,skirt,skirt,,0.0,False,0.0,False,0.0,False,False,missed,
DeepFashion2,../fashion_data/raw/train/train/image/053306.jpg,053306.jpg,../fashion_data/raw/train/train/annos/053306.json,,item2_skirt,skirt,skirt,9,749,960,313.0,436.0,660.0,872.0,0.21040832220738762,347.0,prd_3_1_v1,core,SEGCORE1_0119,benchmark/prd_3_1_v1/candidates/segmentation_core_stress_v1/masks/core/skirt/SEGCORE1_0119.png,benchmark/prd_3_1_v1/candidates/segmentation_core_stress_v1/overlays/core/skirt/SEGCORE1_0119.jpg,large_>=10%,>=100,0,unreviewed,Core,SEGTEST1_0109,PASS,QC_V2_GEOMETRY_PASS+FULL_CORE_HUMAN_CONTACT_SHEET_REVIEW,worn_person,HUMAN_REVIEW,large,none,partial,CLIP_ASSISTED_DIAGNOSTIC_NOT_HUMAN_GT,GEOMETRY_PASS,,0.40,0.50,0.50,0.85,66,SEGTEST1_0109,skirt,skirt,dress,0.5034706592559814,True,0.6953943534202922,False,0.6533794081451356,False,False,wrong_class,
DeepFashion2,../fashion_data/raw/train/train/image/053448.jpg,053448.jpg,../fashion_data/raw/train/train/annos/053448.json,,item2_skirt,skirt,skirt,9,458,640,194.0,408.0,246.0,485.0,0.013659934497816594,52.0,prd_3_1_v1,core,SEGCORE1_0130,benchmark/prd_3_1_v1/candidates/segmentation_core_stress_v1/masks/core/skirt/SEGCORE1_0130.png,benchmark/prd_3_1_v1/candidates/segmentation_core_stress_v1/overlays/core/skirt/SEGCORE1_0130.jpg,small_0.5-2%,50-99,1,unreviewed,Core,SEGTEST1_0120,PASS,QC_V2_GEOMETRY_PASS+FULL_CORE_HUMAN_CONTACT_SHEET_REVIEW,complex_scene,HUMAN_REVIEW,small,partial,partial,CLIP_ASSISTED_DIAGNOSTIC_NOT_HUMAN_GT,GEOMETRY_PASS,,0.40,0.50,0.50,0.85,67,SEGTEST1_0120,skirt,skirt,,0.0,False,0.0,False,0.0,False,False,missed,
DeepFashion2,../fashion_data/raw/train/train/image/053896.jpg,053896.jpg,../fashion_data/raw/train/train/annos/053896.json,,item1_vest,top,vest,5,468,624,78.0,34.0,427.0,610.0,0.6883629191321499,349.0,prd_3_1_v1,core,SEGCORE1_0004,benchmark/prd_3_1_v1/candidates/segmentation_core_stress_v1/masks/core/top/SEGCORE1_0004.png,benchmark/prd_3_1_v1/candidates/segmentation_core_stress_v1/overlays/core/top/SEGCORE1_0004.jpg,large_>=10%,>=100,0,unreviewed,Core,SEGTEST1_0004,PASS,QC_V2_GEOMETRY_PASS+FULL_CORE_HUMAN_CONTACT_SHEET_REVIEW,partial_view,HUMAN_REVIEW,large,none,partial,CLIP_ASSISTED_DIAGNOSTIC_NOT_HUMAN_GT,GEOMETRY_PASS,,0.40,0.50,0.50,0.85,68,SEGTEST1_0004,top,vest,,0.0,False,0.0,False,0.0,False,False,missed,
DeepFashion2,../fashion_data/raw/train/train/image/055476.jpg,055476.jpg,../fashion_data/raw/train/train/annos/055476.json,,item2_skirt,skirt,skirt,9,468,624,22.0,259.0,467.0,623.0,0.5546652421652422,364.0,prd_3_1_v1,core,SEGCORE1_0158,benchmark/prd_3_1_v1/candidates/segmentation_core_stress_v1/masks/core/skirt/SEGCORE1_0158.png,benchmark/prd_3_1_v1/candidates/segmentation_core_stress_v1/overlays/core/skirt/SEGCORE1_0158.jpg,large_>=10%,>=100,0,unreviewed,Core,SEGTEST1_0147,PASS,QC_V2_GEOMETRY_PASS+FULL_CORE_HUMAN_CONTACT_SHEET_REVIEW,partial_view,HUMAN_REVIEW,large,none,partial,CLIP_ASSISTED_DIAGNOSTIC_NOT_HUMAN_GT,GEOMETRY_PASS,,0.40,0.50,0.50,0.85,69,SEGTEST1_0147,skirt,skirt,top,0.406560480594635,True,0.5999518075876997,False,0.5828794945088009,False,False,wrong_class,
DeepFashion2,../fashion_data/raw/train/train/image/061377.jpg,061377.jpg,../fashion_data/raw/train/train/annos/061377.json,,item2_trousers,pants,trousers,8,468,702,68.0,281.0,336.0,615.0,0.2724572040811357,268.0,prd_3_1_v1,core,SEGCORE1_0057,benchmark/prd_3_1_v1/candidates/segmentation_core_stress_v1/masks/core/pants/SEGCORE1_0057.png,benchmark/prd_3_1_v1/candidates/segmentation_core_stress_v1/overlays/core/pants/SEGCORE1_0057.jpg,large_>=10%,>=100,0,unreviewed,Core,SEGTEST1_0052,PASS,QC_V2_GEOMETRY_PASS+FULL_CORE_HUMAN_CONTACT_SHEET_REVIEW,worn_person,HUMAN_REVIEW,large,partial,full,CLIP_ASSISTED_DIAGNOSTIC_NOT_HUMAN_GT,GEOMETRY_PASS,,0.40,0.50,0.50,0.85,71,SEGTEST1_0052,pants,trousers,pants,0.6950200200080872,True,0.8055419205604476,True,0.47194818435335395,False,False,low_mask_iou,
DeepFashion2,../fashion_data/raw/train/train/image/066524.jpg,066524.jpg,../fashion_data/raw/train/train/annos/066524.json,,item1_sling_dress,dress,sling_dress,13,468,624,4.0,234.0,393.0,623.0,0.5181658174446636,389.0,prd_3_1_v1,core,SEGCORE1_0241,benchmark/prd_3_1_v1/candidates/segmentation_core_stress_v1/masks/core/dress/SEGCORE1_0241.png,benchmark/prd_3_1_v1/candidates/segmentation_core_stress_v1/overlays/core/dress/SEGCORE1_0241.jpg,large_>=10%,>=100,0,unreviewed,Core,SEGTEST1_0221,PASS,QC_V2_GEOMETRY_PASS+FULL_CORE_HUMAN_CONTACT_SHEET_REVIEW,partial_view,HUMAN_REVIEW,large,none,partial,CLIP_ASSISTED_DIAGNOSTIC_NOT_HUMAN_GT,GEOMETRY_PASS,,0.40,0.50,0.50,0.85,75,SEGTEST1_0221,dress,sling_dress,,0.0,False,0.0,False,0.0,False,False,missed,
DeepFashion2,../fashion_data/raw/train/train/image/068565.jpg,068565.jpg,../fashion_data/raw/train/train/annos/068565.json,,item1_vest_dress,dress,vest_dress,12,880,587,402.0,194.0,535.0,531.0,0.08676823602292086,133.0,prd_3_1_v1,core,SEGCORE1_0251,benchmark/prd_3_1_v1/candidates/segmentation_core_stress_v1/masks/core/dress/SEGCORE1_0251.png,benchmark/prd_3_1_v1/candidates/segmentation_core_stress_v1/overlays/core/dress/SEGCORE1_0251.jpg,medium_2-10%,>=100,0,unreviewed,Core,SEGTEST1_0231,PASS,QC_V2_GEOMETRY_PASS+FULL_CORE_HUMAN_CONTACT_SHEET_REVIEW,worn_person,HUMAN_REVIEW,medium,partial,full,CLIP_ASSISTED_DIAGNOSTIC_NOT_HUMAN_GT,GEOMETRY_PASS,,0.40,0.50,0.50,0.85,76,SEGTEST1_0231,dress,vest_dress,,0.0,False,0.0,False,0.0,False,False,missed,
DeepFashion2,../fashion_data/raw/train/train/image/068996.jpg,068996.jpg,../fashion_data/raw/train/train/annos/068996.json,,item2_skirt,skirt,skirt,9,468,624,137.0,145.0,210.0,223.0,0.019497863247863248,73.0,prd_3_1_v1,core,SEGCORE1_0115,benchmark/prd_3_1_v1/candidates/segmentation_core_stress_v1/masks/core/skirt/SEGCORE1_0115.png,benchmark/prd_3_1_v1/candidates/segmentation_core_stress_v1/overlays/core/skirt/SEGCORE1_0115.jpg,small_0.5-2%,50-99,1,unreviewed,Core,SEGTEST1_0105,PASS,QC_V2_GEOMETRY_PASS+FULL_CORE_HUMAN_CONTACT_SHEET_REVIEW,complex_scene,HUMAN_REVIEW,small,none,partial,CLIP_ASSISTED_DIAGNOSTIC_NOT_HUMAN_GT,GEOMETRY_PASS,,0.40,0.50,0.50,0.85,77,SEGTEST1_0105,skirt,skirt,,0.0,False,0.0,False,0.0,False,False,missed,
DeepFashion2,../fashion_data/raw/train/train/image/069374.jpg,069374.jpg,../fashion_data/raw/train/train/annos/069374.json,,item1_short_sleeve_top,top,short_sleeve_top,1,790,607,342.0,275.0,440.0,352.0,0.015736241736700518,77.0,prd_3_1_v1,core,SEGCORE1_0042,benchmark/prd_3_1_v1/candidates/segmentation_core_stress_v1/masks/core/top/SEGCORE1_0042.png,benchmark/prd_3_1_v1/candidates/segmentation_core_stress_v1/overlays/core/top/SEGCORE1_0042.jpg,small_0.5-2%,50-99,1,unreviewed,Core,SEGTEST1_0041,PASS,QC_V2_GEOMETRY_PASS+FULL_CORE_HUMAN_CONTACT_SHEET_REVIEW,worn_person,HUMAN_REVIEW,small,none,partial,CLIP_ASSISTED_DIAGNOSTIC_NOT_HUMAN_GT,GEOMETRY_PASS,,0.40,0.50,0.50,0.85,78,SEGTEST1_0041,top,short_sleeve_top,,0.0,False,0.0,False,0.0,False,False,missed,
DeepFashion2,../fashion_data/raw/train/train/image/069587.jpg,069587.jpg,../fashion_data/raw/train/train/annos/069587.json,,item1_skirt,skirt,skirt,9,468,468,197.0,211.0,285.0,293.0,0.03294616115128936,82.0,prd_3_1_v1,core,SEGCORE1_0111,benchmark/prd_3_1_v1/candidates/segmentation_core_stress_v1/masks/core/skirt/SEGCORE1_0111.png,benchmark/prd_3_1_v1/candidates/segmentation_core_stress_v1/overlays/core/skirt/SEGCORE1_0111.jpg,medium_2-10%,50-99,0,unreviewed,Core,SEGTEST1_0101,PASS,QC_V2_GEOMETRY_PASS+FULL_CORE_HUMAN_CONTACT_SHEET_REVIEW,complex_scene,HUMAN_REVIEW,medium,none,partial,CLIP_ASSISTED_DIAGNOSTIC_NOT_HUMAN_GT,GEOMETRY_PASS,,0.40,0.50,0.50,0.85,79,SEGTEST1_0101,skirt,skirt,,0.0,False,0.0,False,0.0,False,False,missed,
DeepFashion2,../fashion_data/raw/train/train/image/070551.jpg,070551.jpg,../fashion_data/raw/train/train/annos/070551.json,,item1_short_sleeve_outwear,outerwear,short_sleeve_outwear,3,650,729,271.0,239.0,356.0,523.0,0.05094439168513243,85.0,prd_3_1_v1,core,SEGCORE1_0192,benchmark/prd_3_1_v1/candidates/segmentation_core_stress_v1/masks/core/outerwear/SEGCORE1_0192.png,benchmark/prd_3_1_v1/candidates/segmentation_core_stress_v1/overlays/core/outerwear/SEGCORE1_0192.jpg,medium_2-10%,50-99,0,unreviewed,Core,SEGTEST1_0177,PASS,QC_V2_GEOMETRY_PASS+FULL_CORE_HUMAN_CONTACT_SHEET_REVIEW,worn_person,HUMAN_REVIEW,medium,partial,partial,CLIP_ASSISTED_DIAGNOSTIC_NOT_HUMAN_GT,GEOMETRY_PASS,,0.40,0.50,0.50,0.85,80,SEGTEST1_0177,outerwear,short_sleeve_outwear,,0.0,False,0.0,False,0.0,False,False,missed,
DeepFashion2,../fashion_data/raw/train/train/image/072874.jpg,072874.jpg,../fashion_data/raw/train/train/annos/072874.json,,item2_skirt,skirt,skirt,9,468,780,156.0,433.0,229.0,517.0,0.016798159105851414,73.0,prd_3_1_v1,core,SEGCORE1_0112,benchmark/prd_3_1_v1/candidates/segmentation_core_stress_v1/masks/core/skirt/SEGCORE1_0112.png,benchmark/prd_3_1_v1/candidates/segmentation_core_stress_v1/overlays/core/skirt/SEGCORE1_0112.jpg,small_0.5-2%,50-99,1,unreviewed,Core,SEGTEST1_0102,PASS,QC_V2_GEOMETRY_PASS+FULL_CORE_HUMAN_CONTACT_SHEET_REVIEW,complex_scene,HUMAN_REVIEW,small,none,partial,CLIP_ASSISTED_DIAGNOSTIC_NOT_HUMAN_GT,GEOMETRY_PASS,,0.40,0.50,0.50,0.85,81,SEGTEST1_0102,skirt,skirt,,0.0,False,0.0,False,0.0,False,False,missed,
DeepFashion2,../fashion_data/raw/train/train/image/072899.jpg,072899.jpg,../fashion_data/raw/train/train/annos/072899.json,,item2_skirt,skirt,skirt,9,738,798,244.0,434.0,366.0,574.0,0.029002044406408977,122.0,prd_3_1_v1,core,SEGCORE1_0135,benchmark/prd_3_1_v1/candidates/segmentation_core_stress_v1/masks/core/skirt/SEGCORE1_0135.png,benchmark/prd_3_1_v1/candidates/segmentation_core_stress_v1/overlays/core/skirt/SEGCORE1_0135.jpg,medium_2-10%,>=100,0,unreviewed,Core,SEGTEST1_0125,PASS,QC_V2_GEOMETRY_PASS+FULL_CORE_HUMAN_CONTACT_SHEET_REVIEW,complex_scene,HUMAN_REVIEW,medium,partial,partial,CLIP_ASSISTED_DIAGNOSTIC_NOT_HUMAN_GT,GEOMETRY_PASS,,0.40,0.50,0.50,0.85,82,SEGTEST1_0125,skirt,skirt,,0.0,False,0.0,False,0.0,False,False,missed,
DeepFashion2,../fashion_data/raw/train/train/image/072975.jpg,072975.jpg,../fashion_data/raw/train/train/annos/072975.json,,item1_long_sleeve_dress,dress,long_sleeve_dress,11,640,967,455.0,425.0,572.0,682.0,0.04858615563598759,117.0,prd_3_1_v1,core,SEGCORE1_0225,benchmark/prd_3_1_v1/candidates/segmentation_core_stress_v1/masks/core/dress/SEGCORE1_0225.png,benchmark/prd_3_1_v1/candidates/segmentation_core_stress_v1/overlays/core/dress/SEGCORE1_0225.jpg,medium_2-10%,>=100,0,unreviewed,Core,SEGTEST1_0205,PASS,QC_V2_GEOMETRY_PASS+FULL_CORE_HUMAN_CONTACT_SHEET_REVIEW,complex_scene,HUMAN_REVIEW,medium,partial,full,CLIP_ASSISTED_DIAGNOSTIC_NOT_HUMAN_GT,GEOMETRY_PASS,,0.40,0.50,0.50,0.85,83,SEGTEST1_0205,dress,long_sleeve_dress,,0.0,False,0.0,False,0.0,False,False,missed,
DeepFashion2,../fashion_data/raw/train/train/image/074407.jpg,074407.jpg,../fashion_data/raw/train/train/annos/074407.json,,item1_skirt,skirt,skirt,9,705,960,126.0,429.0,555.0,801.0,0.23579787234042554,372.0,prd_3_1_v1,core,SEGCORE1_0134,benchmark/prd_3_1_v1/candidates/segmentation_core_stress_v1/masks/core/skirt/SEGCORE1_0134.png,benchmark/prd_3_1_v1/candidates/segmentation_core_stress_v1/overlays/core/skirt/SEGCORE1_0134.jpg,large_>=10%,>=100,0,unreviewed,Core,SEGTEST1_0124,PASS,QC_V2_GEOMETRY_PASS+FULL_CORE_HUMAN_CONTACT_SHEET_REVIEW,partial_view,HUMAN_REVIEW,large,partial,partial,CLIP_ASSISTED_DIAGNOSTIC_NOT_HUMAN_GT,GEOMETRY_PASS,,0.40,0.50,0.50,0.85,84,SEGTEST1_0124,skirt,skirt,,0.0,False,0.0,False,0.0,False,False,missed,
DeepFashion2,../fashion_data/raw/train/train/image/075048.jpg,075048.jpg,../fashion_data/raw/train/train/annos/075048.json,,item2_shorts,pants,shorts,7,468,833,1.0,318.0,467.0,714.0,0.4733585741989103,396.0,prd_3_1_v1,core,SEGCORE1_0062,benchmark/prd_3_1_v1/candidates/segmentation_core_stress_v1/masks/core/pants/SEGCORE1_0062.png,benchmark/prd_3_1_v1/candidates/segmentation_core_stress_v1/overlays/core/pants/SEGCORE1_0062.jpg,large_>=10%,>=100,0,unreviewed,Core,SEGTEST1_0057,PASS,QC_V2_GEOMETRY_PASS+FULL_CORE_HUMAN_CONTACT_SHEET_REVIEW,partial_view,HUMAN_REVIEW,large,none,partial,CLIP_ASSISTED_DIAGNOSTIC_NOT_HUMAN_GT,GEOMETRY_PASS,,0.40,0.50,0.50,0.85,86,SEGTEST1_0057,pants,shorts,top,0.5715199708938599,True,0.9800252556570825,False,0.815665238731594,False,False,wrong_class,
DeepFashion2,../fashion_data/raw/train/train/image/075414.jpg,075414.jpg,../fashion_data/raw/train/train/annos/075414.json,,item2_long_sleeve_outwear,outerwear,long_sleeve_outwear,4,880,584,391.0,99.0,525.0,397.0,0.0777008094645081,134.0,prd_3_1_v1,core,SEGCORE1_0205,benchmark/prd_3_1_v1/candidates/segmentation_core_stress_v1/masks/core/outerwear/SEGCORE1_0205.png,benchmark/prd_3_1_v1/candidates/segmentation_core_stress_v1/overlays/core/outerwear/SEGCORE1_0205.jpg,medium_2-10%,>=100,0,unreviewed,Core,SEGTEST1_0189,PASS,QC_V2_GEOMETRY_PASS+FULL_CORE_HUMAN_CONTACT_SHEET_REVIEW,worn_person,HUMAN_REVIEW,medium,partial,partial,CLIP_ASSISTED_DIAGNOSTIC_NOT_HUMAN_GT,GEOMETRY_PASS,,0.40,0.50,0.50,0.85,87,SEGTEST1_0189,outerwear,long_sleeve_outwear,,0.0,False,0.0,False,0.0,False,False,missed,
DeepFashion2,../fashion_data/raw/train/train/image/075511.jpg,075511.jpg,../fashion_data/raw/train/train/annos/075511.json,,item1_vest_dress,dress,vest_dress,12,468,624,188.0,105.0,293.0,325.0,0.0791009204470743,105.0,prd_3_1_v1,core,SEGCORE1_0239,benchmark/prd_3_1_v1/candidates/segmentation_core_stress_v1/masks/core/dress/SEGCORE1_0239.png,benchmark/prd_3_1_v1/candidates/segmentation_core_stress_v1/overlays/core/dress/SEGCORE1_0239.jpg,medium_2-10%,>=100,0,unreviewed,Core,SEGTEST1_0219,PASS,QC_V2_GEOMETRY_PASS+FULL_CORE_HUMAN_CONTACT_SHEET_REVIEW,worn_person,HUMAN_REVIEW,medium,partial,partial,CLIP_ASSISTED_DIAGNOSTIC_NOT_HUMAN_GT,GEOMETRY_PASS,,0.40,0.50,0.50,0.85,88,SEGTEST1_0219,dress,vest_dress,,0.0,False,0.0,False,0.0,False,False,missed,
DeepFashion2,../fashion_data/raw/train/train/image/075663.jpg,075663.jpg,../fashion_data/raw/train/train/annos/075663.json,,item2_skirt,skirt,skirt,9,880,759,533.0,340.0,650.0,440.0,0.01751706791232483,100.0,prd_3_1_v1,core,SEGCORE1_0124,benchmark/prd_3_1_v1/candidates/segmentation_core_stress_v1/masks/core/skirt/SEGCORE1_0124.png,benchmark/prd_3_1_v1/candidates/segmentation_core_stress_v1/overlays/core/skirt/SEGCORE1_0124.jpg,small_0.5-2%,>=100,1,unreviewed,Core,SEGTEST1_0114,PASS,QC_V2_GEOMETRY_PASS+FULL_CORE_HUMAN_CONTACT_SHEET_REVIEW,complex_scene,HUMAN_REVIEW,small,none,partial,CLIP_ASSISTED_DIAGNOSTIC_NOT_HUMAN_GT,GEOMETRY_PASS,,0.40,0.50,0.50,0.85,89,SEGTEST1_0114,skirt,skirt,,0.0,False,0.0,False,0.0,False,False,missed,
DeepFashion2,../fashion_data/raw/train/train/image/075976.jpg,075976.jpg,../fashion_data/raw/train/train/annos/075976.json,,item1_short_sleeve_dress,dress,short_sleeve_dress,10,790,640,291.0,244.0,433.0,537.0,0.08229034810126583,142.0,prd_3_1_v1,core,SEGCORE1_0236,benchmark/prd_3_1_v1/candidates/segmentation_core_stress_v1/masks/core/dress/SEGCORE1_0236.png,benchmark/prd_3_1_v1/candidates/segmentation_core_stress_v1/overlays/core/dress/SEGCORE1_0236.jpg,medium_2-10%,>=100,0,unreviewed,Core,SEGTEST1_0216,PASS,QC_V2_GEOMETRY_PASS+FULL_CORE_HUMAN_CONTACT_SHEET_REVIEW,worn_person,HUMAN_REVIEW,medium,partial,full,CLIP_ASSISTED_DIAGNOSTIC_NOT_HUMAN_GT,GEOMETRY_PASS,,0.40,0.50,0.50,0.85,90,SEGTEST1_0216,dress,short_sleeve_dress,,0.0,False,0.0,False,0.0,False,False,missed,
DeepFashion2,../fashion_data/raw/train/train/image/077715.jpg,077715.jpg,../fashion_data/raw/train/train/annos/077715.json,,item2_long_sleeve_outwear,outerwear,long_sleeve_outwear,4,880,587,170.0,271.0,242.0,382.0,0.015471581229673223,72.0,prd_3_1_v1,core,SEGCORE1_0208,benchmark/prd_3_1_v1/candidates/segmentation_core_stress_v1/masks/core/outerwear/SEGCORE1_0208.png,benchmark/prd_3_1_v1/candidates/segmentation_core_stress_v1/overlays/core/outerwear/SEGCORE1_0208.jpg,small_0.5-2%,50-99,1,unreviewed,Core,SEGTEST1_0192,PASS,QC_V2_GEOMETRY_PASS+FULL_CORE_HUMAN_CONTACT_SHEET_REVIEW,worn_person,HUMAN_REVIEW,small,partial,partial,CLIP_ASSISTED_DIAGNOSTIC_NOT_HUMAN_GT,GEOMETRY_PASS,,0.40,0.50,0.50,0.85,91,SEGTEST1_0192,outerwear,long_sleeve_outwear,,0.0,False,0.0,False,0.0,False,False,missed,
DeepFashion2,../fashion_data/raw/train/train/image/078672.jpg,078672.jpg,../fashion_data/raw/train/train/annos/078672.json,,item2_vest_dress,dress,vest_dress,12,750,861,294.0,174.0,448.0,534.0,0.08585365853658537,154.0,prd_3_1_v1,core,SEGCORE1_0262,benchmark/prd_3_1_v1/candidates/segmentation_core_stress_v1/masks/core/dress/SEGCORE1_0262.png,benchmark/prd_3_1_v1/candidates/segmentation_core_stress_v1/overlays/core/dress/SEGCORE1_0262.jpg,medium_2-10%,>=100,0,unreviewed,Core,SEGTEST1_0241,PASS,QC_V2_GEOMETRY_PASS+FULL_CORE_HUMAN_CONTACT_SHEET_REVIEW,worn_person,HUMAN_REVIEW,medium,partial,partial,CLIP_ASSISTED_DIAGNOSTIC_NOT_HUMAN_GT,GEOMETRY_PASS,,0.40,0.50,0.50,0.85,92,SEGTEST1_0241,dress,vest_dress,outerwear,0.5467838644981384,True,0.6776332652341093,False,0.6352190664673558,False,False,wrong_class,
DeepFashion2,../fashion_data/raw/train/train/image/079653.jpg,079653.jpg,../fashion_data/raw/train/train/annos/079653.json,,item1_sling_dress,dress,sling_dress,13,468,624,178.0,237.0,235.0,339.0,0.019908777120315583,57.0,prd_3_1_v1,core,SEGCORE1_0226,benchmark/prd_3_1_v1/candidates/segmentation_core_stress_v1/masks/core/dress/SEGCORE1_0226.png,benchmark/prd_3_1_v1/candidates/segmentation_core_stress_v1/overlays/core/dress/SEGCORE1_0226.jpg,small_0.5-2%,50-99,1,unreviewed,Core,SEGTEST1_0206,PASS,QC_V2_GEOMETRY_PASS+FULL_CORE_HUMAN_CONTACT_SHEET_REVIEW,complex_scene,HUMAN_REVIEW,small,partial,full,CLIP_ASSISTED_DIAGNOSTIC_NOT_HUMAN_GT,GEOMETRY_PASS,,0.40,0.50,0.50,0.85,93,SEGTEST1_0206,dress,sling_dress,,0.0,False,0.0,False,0.0,False,False,missed,
DeepFashion2,../fashion_data/raw/train/train/image/080011.jpg,080011.jpg,../fashion_data/raw/train/train/annos/080011.json,,item1_trousers,pants,trousers,8,640,960,246.0,359.0,491.0,844.0,0.19340006510416666,245.0,prd_3_1_v1,core,SEGCORE1_0075,benchmark/prd_3_1_v1/candidates/segmentation_core_stress_v1/masks/core/pants/SEGCORE1_0075.png,benchmark/prd_3_1_v1/candidates/segmentation_core_stress_v1/overlays/core/pants/SEGCORE1_0075.jpg,large_>=10%,>=100,0,unreviewed,Core,SEGTEST1_0070,PASS,QC_V2_GEOMETRY_PASS+FULL_CORE_HUMAN_CONTACT_SHEET_REVIEW,worn_person,HUMAN_REVIEW,large,partial,partial,CLIP_ASSISTED_DIAGNOSTIC_NOT_HUMAN_GT,GEOMETRY_PASS,,0.40,0.50,0.50,0.85,94,SEGTEST1_0070,pants,trousers,,0.0,False,0.0,False,0.0,False,False,missed,
DeepFashion2,../fashion_data/raw/train/train/image/080773.jpg,080773.jpg,../fashion_data/raw/train/train/annos/080773.json,,item1_long_sleeve_outwear,outerwear,long_sleeve_outwear,4,811,696,459.0,272.0,640.0,447.0,0.05611597715322363,175.0,prd_3_1_v1,core,SEGCORE1_0185,benchmark/prd_3_1_v1/candidates/segmentation_core_stress_v1/masks/core/outerwear/SEGCORE1_0185.png,benchmark/prd_3_1_v1/candidates/segmentation_core_stress_v1/overlays/core/outerwear/SEGCORE1_0185.jpg,medium_2-10%,>=100,0,unreviewed,Core,SEGTEST1_0170,PASS,QC_V2_GEOMETRY_PASS+FULL_CORE_HUMAN_CONTACT_SHEET_REVIEW,worn_person,HUMAN_REVIEW,medium,partial,partial,CLIP_ASSISTED_DIAGNOSTIC_NOT_HUMAN_GT,GEOMETRY_PASS,,0.40,0.50,0.50,0.85,95,SEGTEST1_0170,outerwear,long_sleeve_outwear,,0.0,False,0.0,False,0.0,False,False,missed,
DeepFashion2,../fashion_data/raw/train/train/image/081390.jpg,081390.jpg,../fashion_data/raw/train/train/annos/081390.json,,item2_skirt,skirt,skirt,9,468,624,53.0,326.0,464.0,623.0,0.41799186390532544,297.0,prd_3_1_v1,core,SEGCORE1_0131,benchmark/prd_3_1_v1/candidates/segmentation_core_stress_v1/masks/core/skirt/SEGCORE1_0131.png,benchmark/prd_3_1_v1/candidates/segmentation_core_stress_v1/overlays/core/skirt/SEGCORE1_0131.jpg,large_>=10%,>=100,0,unreviewed,Core,SEGTEST1_0121,PASS,QC_V2_GEOMETRY_PASS+FULL_CORE_HUMAN_CONTACT_SHEET_REVIEW,partial_view,HUMAN_REVIEW,large,none,partial,CLIP_ASSISTED_DIAGNOSTIC_NOT_HUMAN_GT,GEOMETRY_PASS,,0.40,0.50,0.50,0.85,96,SEGTEST1_0121,skirt,skirt,,0.0,False,0.0,False,0.0,False,False,missed,
DeepFashion2,../fashion_data/raw/train/train/image/081541.jpg,081541.jpg,../fashion_data/raw/train/train/annos/081541.json,,item2_short_sleeve_outwear,outerwear,short_sleeve_outwear,3,750,1042,315.0,306.0,488.0,567.0,0.05777735124760077,173.0,prd_3_1_v1,core,SEGCORE1_0212,benchmark/prd_3_1_v1/candidates/segmentation_core_stress_v1/masks/core/outerwear/SEGCORE1_0212.png,benchmark/prd_3_1_v1/candidates/segmentation_core_stress_v1/overlays/core/outerwear/SEGCORE1_0212.jpg,medium_2-10%,>=100,0,unreviewed,Core,SEGTEST1_0196,PASS,QC_V2_GEOMETRY_PASS+FULL_CORE_HUMAN_CONTACT_SHEET_REVIEW,worn_person,HUMAN_REVIEW,medium,partial,full,CLIP_ASSISTED_DIAGNOSTIC_NOT_HUMAN_GT,GEOMETRY_PASS,,0.40,0.50,0.50,0.85,97,SEGTEST1_0196,outerwear,short_sleeve_outwear,,0.0,False,0.0,False,0.0,False,False,missed,
DeepFashion2,../fashion_data/raw/train/train/image/085563.jpg,085563.jpg,../fashion_data/raw/train/train/annos/085563.json,,item1_long_sleeve_top,top,long_sleeve_top,2,640,928,165.0,173.0,459.0,524.0,0.17375067349137932,294.0,prd_3_1_v1,core,SEGCORE1_0025,benchmark/prd_3_1_v1/candidates/segmentation_core_stress_v1/masks/core/top/SEGCORE1_0025.png,benchmark/prd_3_1_v1/candidates/segmentation_core_stress_v1/overlays/core/top/SEGCORE1_0025.jpg,large_>=10%,>=100,0,unreviewed,Core,SEGTEST1_0024,PASS,QC_V2_GEOMETRY_PASS+FULL_CORE_HUMAN_CONTACT_SHEET_REVIEW,worn_person,HUMAN_REVIEW,large,partial,partial,CLIP_ASSISTED_DIAGNOSTIC_NOT_HUMAN_GT,GEOMETRY_PASS,,0.40,0.50,0.50,0.85,100,SEGTEST1_0024,top,long_sleeve_top,outerwear,0.5579133033752441,True,0.7226365393396433,False,0.7243966024724582,False,False,wrong_class,
DeepFashion2,../fashion_data/raw/train/train/image/086697.jpg,086697.jpg,../fashion_data/raw/train/train/annos/086697.json,,item1_long_sleeve_dress,dress,long_sleeve_dress,11,750,1056,126.0,400.0,660.0,1055.0,0.4416287878787879,534.0,prd_3_1_v1,core,SEGCORE1_0230,benchmark/prd_3_1_v1/candidates/segmentation_core_stress_v1/masks/core/dress/SEGCORE1_0230.png,benchmark/prd_3_1_v1/candidates/segmentation_core_stress_v1/overlays/core/dress/SEGCORE1_0230.jpg,large_>=10%,>=100,0,unreviewed,Core,SEGTEST1_0210,PASS,QC_V2_GEOMETRY_PASS+FULL_CORE_HUMAN_CONTACT_SHEET_REVIEW,worn_person,HUMAN_REVIEW,large,none,partial,CLIP_ASSISTED_DIAGNOSTIC_NOT_HUMAN_GT,GEOMETRY_PASS,,0.40,0.50,0.50,0.85,101,SEGTEST1_0210,dress,long_sleeve_dress,top,0.6627330780029297,True,0.5743267809333605,False,0.7168382236499785,False,False,wrong_class,
DeepFashion2,../fashion_data/raw/train/train/image/087562.jpg,087562.jpg,../fashion_data/raw/train/train/annos/087562.json,,item1_sling,top,sling,6,880,1320,358.0,277.0,545.0,449.0,0.02768939393939394,172.0,prd_3_1_v1,core,SEGCORE1_0011,benchmark/prd_3_1_v1/candidates/segmentation_core_stress_v1/masks/core/top/SEGCORE1_0011.png,benchmark/prd_3_1_v1/candidates/segmentation_core_stress_v1/overlays/core/top/SEGCORE1_0011.jpg,medium_2-10%,>=100,0,unreviewed,Core,SEGTEST1_0010,PASS,QC_V2_GEOMETRY_PASS+FULL_CORE_HUMAN_CONTACT_SHEET_REVIEW,worn_person,HUMAN_REVIEW,medium,partial,partial,CLIP_ASSISTED_DIAGNOSTIC_NOT_HUMAN_GT,GEOMETRY_PASS,,0.40,0.50,0.50,0.85,102,SEGTEST1_0010,top,sling,,0.0,False,0.0,False,0.0,False,False,missed,
DeepFashion2,../fashion_data/raw/train/train/image/088853.jpg,088853.jpg,../fashion_data/raw/train/train/annos/088853.json,,item1_long_sleeve_dress,dress,long_sleeve_dress,11,880,1051,314.0,425.0,500.0,702.0,0.05570668627281377,186.0,prd_3_1_v1,core,SEGCORE1_0272,benchmark/prd_3_1_v1/candidates/segmentation_core_stress_v1/masks/core/dress/SEGCORE1_0272.png,benchmark/prd_3_1_v1/candidates/segmentation_core_stress_v1/overlays/core/dress/SEGCORE1_0272.jpg,medium_2-10%,>=100,0,unreviewed,Core,SEGTEST1_0247,PASS,QC_V2_GEOMETRY_PASS+FULL_CORE_HUMAN_CONTACT_SHEET_REVIEW,worn_person,HUMAN_REVIEW,medium,partial,partial,CLIP_ASSISTED_DIAGNOSTIC_NOT_HUMAN_GT,GEOMETRY_PASS,,0.40,0.50,0.50,0.85,105,SEGTEST1_0247,dress,long_sleeve_dress,,0.0,False,0.0,False,0.0,False,False,missed,
DeepFashion2,../fashion_data/raw/train/train/image/089712.jpg,089712.jpg,../fashion_data/raw/train/train/annos/089712.json,,item2_skirt,skirt,skirt,9,700,933,411.0,652.0,698.0,931.0,0.12260450160771705,279.0,prd_3_1_v1,core,SEGCORE1_0122,benchmark/prd_3_1_v1/candidates/segmentation_core_stress_v1/masks/core/skirt/SEGCORE1_0122.png,benchmark/prd_3_1_v1/candidates/segmentation_core_stress_v1/overlays/core/skirt/SEGCORE1_0122.jpg,large_>=10%,>=100,0,unreviewed,Core,SEGTEST1_0112,PASS,QC_V2_GEOMETRY_PASS+FULL_CORE_HUMAN_CONTACT_SHEET_REVIEW,partial_view,HUMAN_REVIEW,large,partial,partial,CLIP_ASSISTED_DIAGNOSTIC_NOT_HUMAN_GT,GEOMETRY_PASS,,0.40,0.50,0.50,0.85,106,SEGTEST1_0112,skirt,skirt,,0.0,False,0.0,False,0.0,False,False,missed,
DeepFashion2,../fashion_data/raw/train/train/image/091876.jpg,091876.jpg,../fashion_data/raw/train/train/annos/091876.json,,item1_long_sleeve_outwear,outerwear,long_sleeve_outwear,4,468,624,94.0,194.0,338.0,607.0,0.34507177295638836,244.0,prd_3_1_v1,core,SEGCORE1_0174,benchmark/prd_3_1_v1/candidates/segmentation_core_stress_v1/masks/core/outerwear/SEGCORE1_0174.png,benchmark/prd_3_1_v1/candidates/segmentation_core_stress_v1/overlays/core/outerwear/SEGCORE1_0174.jpg,large_>=10%,>=100,0,unreviewed,Core,SEGTEST1_0159,PASS,QC_V2_GEOMETRY_PASS+FULL_CORE_HUMAN_CONTACT_SHEET_REVIEW,worn_person,HUMAN_REVIEW,large,partial,full,CLIP_ASSISTED_DIAGNOSTIC_NOT_HUMAN_GT,GEOMETRY_PASS,,0.40,0.50,0.50,0.85,107,SEGTEST1_0159,outerwear,long_sleeve_outwear,dress,0.57645183801651,True,0.8791298404477861,False,0.7480643919410264,False,False,wrong_class,
DeepFashion2,../fashion_data/raw/train/train/image/093489.jpg,093489.jpg,../fashion_data/raw/train/train/annos/093489.json,,item2_skirt,skirt,skirt,9,750,1126,300.0,549.0,391.0,688.0,0.014978093546477205,91.0,prd_3_1_v1,core,SEGCORE1_0133,benchmark/prd_3_1_v1/candidates/segmentation_core_stress_v1/masks/core/skirt/SEGCORE1_0133.png,benchmark/prd_3_1_v1/candidates/segmentation_core_stress_v1/overlays/core/skirt/SEGCORE1_0133.jpg,small_0.5-2%,50-99,1,unreviewed,Core,SEGTEST1_0123,PASS,QC_V2_GEOMETRY_PASS+FULL_CORE_HUMAN_CONTACT_SHEET_REVIEW,worn_person,HUMAN_REVIEW,small,partial,partial,CLIP_ASSISTED_DIAGNOSTIC_NOT_HUMAN_GT,GEOMETRY_PASS,,0.40,0.50,0.50,0.85,109,SEGTEST1_0123,skirt,skirt,,0.0,False,0.0,False,0.0,False,False,missed,
DeepFashion2,../fashion_data/raw/train/train/image/094080.jpg,094080.jpg,../fashion_data/raw/train/train/annos/094080.json,,item1_shorts,pants,shorts,7,640,960,219.0,69.0,446.0,319.0,0.09236653645833333,227.0,prd_3_1_v1,core,SEGCORE1_0067,benchmark/prd_3_1_v1/candidates/segmentation_core_stress_v1/masks/core/pants/SEGCORE1_0067.png,benchmark/prd_3_1_v1/candidates/segmentation_core_stress_v1/overlays/core/pants/SEGCORE1_0067.jpg,medium_2-10%,>=100,0,unreviewed,Core,SEGTEST1_0062,PASS,QC_V2_GEOMETRY_PASS+FULL_CORE_HUMAN_CONTACT_SHEET_REVIEW,worn_person,HUMAN_REVIEW,medium,partial,partial,CLIP_ASSISTED_DIAGNOSTIC_NOT_HUMAN_GT,GEOMETRY_PASS,,0.40,0.50,0.50,0.85,110,SEGTEST1_0062,pants,shorts,,0.0,False,0.0,False,0.0,False,False,missed,
DeepFashion2,../fashion_data/raw/train/train/image/095959.jpg,095959.jpg,../fashion_data/raw/train/train/annos/095959.json,,item1_sling,top,sling,6,640,640,0.0,17.0,512.0,639.0,0.7775,512.0,prd_3_1_v1,core,SEGCORE1_0032,benchmark/prd_3_1_v1/candidates/segmentation_core_stress_v1/masks/core/top/SEGCORE1_0032.png,benchmark/prd_3_1_v1/candidates/segmentation_core_stress_v1/overlays/core/top/SEGCORE1_0032.jpg,large_>=10%,>=100,0,unreviewed,Core,SEGTEST1_0031,PASS,QC_V2_GEOMETRY_PASS+FULL_CORE_HUMAN_CONTACT_SHEET_REVIEW,partial_view,HUMAN_REVIEW,large,none,partial,CLIP_ASSISTED_DIAGNOSTIC_NOT_HUMAN_GT,GEOMETRY_PASS,,0.40,0.50,0.50,0.85,111,SEGTEST1_0031,top,sling,dress,0.6027073860168457,True,0.7955517999627563,False,0.8395562830409874,False,False,wrong_class,
DeepFashion2,../fashion_data/raw/train/train/image/096677.jpg,096677.jpg,../fashion_data/raw/train/train/annos/096677.json,,item1_skirt,skirt,skirt,9,750,624,128.0,421.0,221.0,517.0,0.019076923076923078,93.0,prd_3_1_v1,core,SEGCORE1_0151,benchmark/prd_3_1_v1/candidates/segmentation_core_stress_v1/masks/core/skirt/SEGCORE1_0151.png,benchmark/prd_3_1_v1/candidates/segmentation_core_stress_v1/overlays/core/skirt/SEGCORE1_0151.jpg,small_0.5-2%,50-99,1,unreviewed,Core,SEGTEST1_0141,PASS,QC_V2_GEOMETRY_PASS+FULL_CORE_HUMAN_CONTACT_SHEET_REVIEW,partial_view,HUMAN_REVIEW,small,partial,partial,CLIP_ASSISTED_DIAGNOSTIC_NOT_HUMAN_GT,GEOMETRY_PASS,,0.40,0.50,0.50,0.85,112,SEGTEST1_0141,skirt,skirt,,0.0,False,0.0,False,0.0,False,False,missed,
DeepFashion2,../fashion_data/raw/train/train/image/097072.jpg,097072.jpg,../fashion_data/raw/train/train/annos/097072.json,,item2_vest_dress,dress,vest_dress,12,795,990,521.0,432.0,672.0,656.0,0.042975668636045995,151.0,prd_3_1_v1,core,SEGCORE1_0273,benchmark/prd_3_1_v1/candidates/segmentation_core_stress_v1/masks/core/dress/SEGCORE1_0273.png,benchmark/prd_3_1_v1/candidates/segmentation_core_stress_v1/overlays/core/dress/SEGCORE1_0273.jpg,medium_2-10%,>=100,0,unreviewed,Core,SEGTEST1_0248,PASS,QC_V2_GEOMETRY_PASS+FULL_CORE_HUMAN_CONTACT_SHEET_REVIEW,worn_person,HUMAN_REVIEW,medium,none,partial,CLIP_ASSISTED_DIAGNOSTIC_NOT_HUMAN_GT,GEOMETRY_PASS,,0.40,0.50,0.50,0.85,113,SEGTEST1_0248,dress,vest_dress,,0.0,False,0.0,False,0.0,False,False,missed,
DeepFashion2,../fashion_data/raw/train/train/image/097372.jpg,097372.jpg,../fashion_data/raw/train/train/annos/097372.json,,item1_trousers,pants,trousers,8,880,893,399.0,472.0,474.0,680.0,0.01985136923546778,75.0,prd_3_1_v1,core,SEGCORE1_0071,benchmark/prd_3_1_v1/candidates/segmentation_core_stress_v1/masks/core/pants/SEGCORE1_0071.png,benchmark/prd_3_1_v1/candidates/segmentation_core_stress_v1/overlays/core/pants/SEGCORE1_0071.jpg,small_0.5-2%,50-99,1,unreviewed,Core,SEGTEST1_0066,PASS,QC_V2_GEOMETRY_PASS+FULL_CORE_HUMAN_CONTACT_SHEET_REVIEW,worn_person,HUMAN_REVIEW,small,none,partial,CLIP_ASSISTED_DIAGNOSTIC_NOT_HUMAN_GT,GEOMETRY_PASS,,0.40,0.50,0.50,0.85,114,SEGTEST1_0066,pants,trousers,,0.0,False,0.0,False,0.0,False,False,missed,
DeepFashion2,../fashion_data/raw/train/train/image/097678.jpg,097678.jpg,../fashion_data/raw/train/train/annos/097678.json,,item1_sling,top,sling,6,750,505,97.0,3.0,228.0,78.0,0.02594059405940594,75.0,prd_3_1_v1,core,SEGCORE1_0023,benchmark/prd_3_1_v1/candidates/segmentation_core_stress_v1/masks/core/top/SEGCORE1_0023.png,benchmark/prd_3_1_v1/candidates/segmentation_core_stress_v1/overlays/core/top/SEGCORE1_0023.jpg,medium_2-10%,50-99,0,unreviewed,Core,SEGTEST1_0022,PASS,QC_V2_GEOMETRY_PASS+FULL_CORE_HUMAN_CONTACT_SHEET_REVIEW,worn_person,HUMAN_REVIEW,medium,partial,partial,CLIP_ASSISTED_DIAGNOSTIC_NOT_HUMAN_GT,GEOMETRY_PASS,,0.40,0.50,0.50,0.85,115,SEGTEST1_0022,top,sling,,0.0,False,0.0,False,0.0,False,False,missed,
DeepFashion2,../fashion_data/raw/train/train/image/097814.jpg,097814.jpg,../fashion_data/raw/train/train/annos/097814.json,,item2_skirt,skirt,skirt,9,468,624,141.0,343.0,254.0,489.0,0.056493808897655054,113.0,prd_3_1_v1,core,SEGCORE1_0123,benchmark/prd_3_1_v1/candidates/segmentation_core_stress_v1/masks/core/skirt/SEGCORE1_0123.png,benchmark/prd_3_1_v1/candidates/segmentation_core_stress_v1/overlays/core/skirt/SEGCORE1_0123.jpg,medium_2-10%,>=100,0,unreviewed,Core,SEGTEST1_0113,PASS,QC_V2_GEOMETRY_PASS+FULL_CORE_HUMAN_CONTACT_SHEET_REVIEW,worn_person,HUMAN_REVIEW,medium,none,partial,CLIP_ASSISTED_DIAGNOSTIC_NOT_HUMAN_GT,GEOMETRY_PASS,,0.40,0.50,0.50,0.85,116,SEGTEST1_0113,skirt,skirt,,0.0,False,0.0,False,0.0,False,False,missed,
DeepFashion2,../fashion_data/raw/train/train/image/097970.jpg,097970.jpg,../fashion_data/raw/train/train/annos/097970.json,,item1_long_sleeve_outwear,outerwear,long_sleeve_outwear,4,800,503,315.0,128.0,446.0,382.0,0.08268886679920477,131.0,prd_3_1_v1,core,SEGCORE1_0220,benchmark/prd_3_1_v1/candidates/segmentation_core_stress_v1/masks/core/outerwear/SEGCORE1_0220.png,benchmark/prd_3_1_v1/candidates/segmentation_core_stress_v1/overlays/core/outerwear/SEGCORE1_0220.jpg,medium_2-10%,>=100,0,unreviewed,Core,SEGTEST1_0200,PASS,QC_V2_GEOMETRY_PASS+FULL_CORE_HUMAN_CONTACT_SHEET_REVIEW,complex_scene,HUMAN_REVIEW,medium,partial,full,CLIP_ASSISTED_DIAGNOSTIC_NOT_HUMAN_GT,GEOMETRY_PASS,,0.40,0.50,0.50,0.85,117,SEGTEST1_0200,outerwear,long_sleeve_outwear,dress,0.7335509061813354,True,0.8580580626209201,False,0.867594192072459,False,False,wrong_class,
DeepFashion2,../fashion_data/raw/train/train/image/098699.jpg,098699.jpg,../fashion_data/raw/train/train/annos/098699.json,,item1_long_sleeve_outwear,outerwear,long_sleeve_outwear,4,640,486,206.0,193.0,262.0,298.0,0.01890432098765432,56.0,prd_3_1_v1,core,SEGCORE1_0168,benchmark/prd_3_1_v1/candidates/segmentation_core_stress_v1/masks/core/outerwear/SEGCORE1_0168.png,benchmark/prd_3_1_v1/candidates/segmentation_core_stress_v1/overlays/core/outerwear/SEGCORE1_0168.jpg,small_0.5-2%,50-99,1,unreviewed,Core,SEGTEST1_0153,PASS,QC_V2_GEOMETRY_PASS+FULL_CORE_HUMAN_CONTACT_SHEET_REVIEW,worn_person,HUMAN_REVIEW,small,partial,partial,CLIP_ASSISTED_DIAGNOSTIC_NOT_HUMAN_GT,GEOMETRY_PASS,,0.40,0.50,0.50,0.85,118,SEGTEST1_0153,outerwear,long_sleeve_outwear,bag,0.49199214577674866,True,0.733025540602059,False,0.02085478887744593,False,False,wrong_class,
DeepFashion2,../fashion_data/raw/train/train/image/099616.jpg,099616.jpg,../fashion_data/raw/train/train/annos/099616.json,,item1_long_sleeve_outwear,outerwear,long_sleeve_outwear,4,468,631,37.0,1.0,467.0,630.0,0.9158912051146599,430.0,prd_3_1_v1,core,SEGCORE1_0204,benchmark/prd_3_1_v1/candidates/segmentation_core_stress_v1/masks/core/outerwear/SEGCORE1_0204.png,benchmark/prd_3_1_v1/candidates/segmentation_core_stress_v1/overlays/core/outerwear/SEGCORE1_0204.jpg,large_>=10%,>=100,0,unreviewed,Core,SEGTEST1_0188,PASS,QC_V2_GEOMETRY_PASS+FULL_CORE_HUMAN_CONTACT_SHEET_REVIEW,product_display,HUMAN_REVIEW,large,none,full,CLIP_ASSISTED_DIAGNOSTIC_NOT_HUMAN_GT,GEOMETRY_PASS,,0.40,0.50,0.50,0.85,119,SEGTEST1_0188,outerwear,long_sleeve_outwear,,0.0,False,0.0,False,0.0,False,False,missed,
DeepFashion2,../fashion_data/raw/train/train/image/101001.jpg,101001.jpg,../fashion_data/raw/train/train/annos/101001.json,,item1_shorts,pants,shorts,7,718,583,213.0,7.0,471.0,311.0,0.18737010086145525,258.0,prd_3_1_v1,core,SEGCORE1_0104,benchmark/prd_3_1_v1/candidates/segmentation_core_stress_v1/masks/core/pants/SEGCORE1_0104.png,benchmark/prd_3_1_v1/candidates/segmentation_core_stress_v1/overlays/core/pants/SEGCORE1_0104.jpg,large_>=10%,>=100,0,unreviewed,Core,SEGTEST1_0098,PASS,QC_V2_GEOMETRY_PASS+FULL_CORE_HUMAN_CONTACT_SHEET_REVIEW,partial_view,HUMAN_REVIEW,large,none,partial,CLIP_ASSISTED_DIAGNOSTIC_NOT_HUMAN_GT,GEOMETRY_PASS,,0.40,0.50,0.50,0.85,120,SEGTEST1_0098,pants,shorts,skirt,0.5307490229606628,True,0.9223313907251204,False,0.8576635945433997,False,False,wrong_class,
DeepFashion2,../fashion_data/raw/train/train/image/101410.jpg,101410.jpg,../fashion_data/raw/train/train/annos/101410.json,,item1_long_sleeve_outwear,outerwear,long_sleeve_outwear,4,468,702,97.0,165.0,383.0,556.0,0.34037670148781257,286.0,prd_3_1_v1,core,SEGCORE1_0184,benchmark/prd_3_1_v1/candidates/segmentation_core_stress_v1/masks/core/outerwear/SEGCORE1_0184.png,benchmark/prd_3_1_v1/candidates/segmentation_core_stress_v1/overlays/core/outerwear/SEGCORE1_0184.jpg,large_>=10%,>=100,0,unreviewed,Core,SEGTEST1_0169,PASS,QC_V2_GEOMETRY_PASS+FULL_CORE_HUMAN_CONTACT_SHEET_REVIEW,partial_view,HUMAN_REVIEW,large,partial,full,CLIP_ASSISTED_DIAGNOSTIC_NOT_HUMAN_GT,GEOMETRY_PASS,,0.40,0.50,0.50,0.85,121,SEGTEST1_0169,outerwear,long_sleeve_outwear,dress,0.4720875024795532,True,0.62828558027198,False,0.42336937648932477,False,False,wrong_class,
DeepFashion2,../fashion_data/raw/train/train/image/101965.jpg,101965.jpg,../fashion_data/raw/train/train/annos/101965.json,,item1_short_sleeve_dress,dress,short_sleeve_dress,10,650,773,260.0,160.0,410.0,430.0,0.0806050353268982,150.0,prd_3_1_v1,core,SEGCORE1_0224,benchmark/prd_3_1_v1/candidates/segmentation_core_stress_v1/masks/core/dress/SEGCORE1_0224.png,benchmark/prd_3_1_v1/candidates/segmentation_core_stress_v1/overlays/core/dress/SEGCORE1_0224.jpg,medium_2-10%,>=100,0,unreviewed,Core,SEGTEST1_0204,PASS,QC_V2_GEOMETRY_PASS+FULL_CORE_HUMAN_CONTACT_SHEET_REVIEW,worn_person,HUMAN_REVIEW,medium,partial,partial,CLIP_ASSISTED_DIAGNOSTIC_NOT_HUMAN_GT,GEOMETRY_PASS,,0.40,0.50,0.50,0.85,123,SEGTEST1_0204,dress,short_sleeve_dress,,0.0,False,0.0,False,0.0,False,False,missed,
DeepFashion2,../fashion_data/raw/train/train/image/103585.jpg,103585.jpg,../fashion_data/raw/train/train/annos/103585.json,,item1_sling_dress,dress,sling_dress,13,700,1050,284.0,435.0,471.0,753.0,0.08090612244897959,187.0,prd_3_1_v1,core,SEGCORE1_0269,benchmark/prd_3_1_v1/candidates/segmentation_core_stress_v1/masks/core/dress/SEGCORE1_0269.png,benchmark/prd_3_1_v1/candidates/segmentation_core_stress_v1/overlays/core/dress/SEGCORE1_0269.jpg,medium_2-10%,>=100,0,unreviewed,Core,SEGTEST1_0245,PASS,QC_V2_GEOMETRY_PASS+FULL_CORE_HUMAN_CONTACT_SHEET_REVIEW,complex_scene,HUMAN_REVIEW,medium,partial,full,CLIP_ASSISTED_DIAGNOSTIC_NOT_HUMAN_GT,GEOMETRY_PASS,,0.40,0.50,0.50,0.85,124,SEGTEST1_0245,dress,sling_dress,bag,0.43758419156074524,True,0.7239893825060488,False,0.2481261783234469,False,False,wrong_class,
DeepFashion2,../fashion_data/raw/train/train/image/103669.jpg,103669.jpg,../fashion_data/raw/train/train/annos/103669.json,,item2_skirt,skirt,skirt,9,640,636,235.0,239.0,360.0,426.0,0.05742678852201258,125.0,prd_3_1_v1,core,SEGCORE1_0126,benchmark/prd_3_1_v1/candidates/segmentation_core_stress_v1/masks/core/skirt/SEGCORE1_0126.png,benchmark/prd_3_1_v1/candidates/segmentation_core_stress_v1/overlays/core/skirt/SEGCORE1_0126.jpg,medium_2-10%,>=100,0,unreviewed,Core,SEGTEST1_0116,PASS,QC_V2_GEOMETRY_PASS+FULL_CORE_HUMAN_CONTACT_SHEET_REVIEW,worn_person,HUMAN_REVIEW,medium,partial,partial,CLIP_ASSISTED_DIAGNOSTIC_NOT_HUMAN_GT,GEOMETRY_PASS,,0.40,0.50,0.50,0.85,125,SEGTEST1_0116,skirt,skirt,,0.0,False,0.0,False,0.0,False,False,missed,
DeepFashion2,../fashion_data/raw/train/train/image/103900.jpg,103900.jpg,../fashion_data/raw/train/train/annos/103900.json,,item2_short_sleeve_top,top,short_sleeve_top,1,818,706,344.0,33.0,458.0,132.0,0.01954258642304522,99.0,prd_3_1_v1,core,SEGCORE1_0030,benchmark/prd_3_1_v1/candidates/segmentation_core_stress_v1/masks/core/top/SEGCORE1_0030.png,benchmark/prd_3_1_v1/candidates/segmentation_core_stress_v1/overlays/core/top/SEGCORE1_0030.jpg,small_0.5-2%,50-99,1,unreviewed,Core,SEGTEST1_0029,PASS,QC_V2_GEOMETRY_PASS+FULL_CORE_HUMAN_CONTACT_SHEET_REVIEW,partial_view,HUMAN_REVIEW,small,partial,partial,CLIP_ASSISTED_DIAGNOSTIC_NOT_HUMAN_GT,GEOMETRY_PASS,,0.40,0.50,0.50,0.85,126,SEGTEST1_0029,top,short_sleeve_top,,0.0,False,0.0,False,0.0,False,False,missed,
DeepFashion2,../fashion_data/raw/train/train/image/103981.jpg,103981.jpg,../fashion_data/raw/train/train/annos/103981.json,,item1_sling_dress,dress,sling_dress,13,468,625,176.0,93.0,278.0,313.0,0.07671794871794872,102.0,prd_3_1_v1,core,SEGCORE1_0258,benchmark/prd_3_1_v1/candidates/segmentation_core_stress_v1/masks/core/dress/SEGCORE1_0258.png,benchmark/prd_3_1_v1/candidates/segmentation_core_stress_v1/overlays/core/dress/SEGCORE1_0258.jpg,medium_2-10%,>=100,0,unreviewed,Core,SEGTEST1_0238,PASS,QC_V2_GEOMETRY_PASS+FULL_CORE_HUMAN_CONTACT_SHEET_REVIEW,worn_person,HUMAN_REVIEW,medium,partial,partial,CLIP_ASSISTED_DIAGNOSTIC_NOT_HUMAN_GT,GEOMETRY_PASS,,0.40,0.50,0.50,0.85,127,SEGTEST1_0238,dress,sling_dress,,0.0,False,0.0,False,0.0,False,False,missed,
DeepFashion2,../fashion_data/raw/train/train/image/105675.jpg,105675.jpg,../fashion_data/raw/train/train/annos/105675.json,,item2_shorts,pants,shorts,7,351,468,18.0,219.0,334.0,439.0,0.4232108505612779,220.0,prd_3_1_v1,core,SEGCORE1_0086,benchmark/prd_3_1_v1/candidates/segmentation_core_stress_v1/masks/core/pants/SEGCORE1_0086.png,benchmark/prd_3_1_v1/candidates/segmentation_core_stress_v1/overlays/core/pants/SEGCORE1_0086.jpg,large_>=10%,>=100,0,unreviewed,Core,SEGTEST1_0081,PASS,QC_V2_GEOMETRY_PASS+FULL_CORE_HUMAN_CONTACT_SHEET_REVIEW,product_display,HUMAN_REVIEW,large,partial,full,CLIP_ASSISTED_DIAGNOSTIC_NOT_HUMAN_GT,GEOMETRY_PASS,,0.40,0.50,0.50,0.85,128,SEGTEST1_0081,pants,shorts,,0.0,False,0.0,False,0.0,False,False,missed,
DeepFashion2,../fashion_data/raw/train/train/image/107020.jpg,107020.jpg,../fashion_data/raw/train/train/annos/107020.json,,item1_long_sleeve_outwear,outerwear,long_sleeve_outwear,4,880,1320,163.0,298.0,609.0,759.0,0.17700241046831955,446.0,prd_3_1_v1,core,SEGCORE1_0194,benchmark/prd_3_1_v1/candidates/segmentation_core_stress_v1/masks/core/outerwear/SEGCORE1_0194.png,benchmark/prd_3_1_v1/candidates/segmentation_core_stress_v1/overlays/core/outerwear/SEGCORE1_0194.jpg,large_>=10%,>=100,0,unreviewed,Core,SEGTEST1_0179,PASS,QC_V2_GEOMETRY_PASS+FULL_CORE_HUMAN_CONTACT_SHEET_REVIEW,worn_person,HUMAN_REVIEW,large,partial,full,CLIP_ASSISTED_DIAGNOSTIC_NOT_HUMAN_GT,GEOMETRY_PASS,,0.40,0.50,0.50,0.85,130,SEGTEST1_0179,outerwear,long_sleeve_outwear,,0.0,False,0.0,False,0.0,False,False,missed,
DeepFashion2,../fashion_data/raw/train/train/image/108419.jpg,108419.jpg,../fashion_data/raw/train/train/annos/108419.json,,item1_long_sleeve_outwear,outerwear,long_sleeve_outwear,4,468,623,151.0,220.0,213.0,298.0,0.01658640984483681,62.0,prd_3_1_v1,core,SEGCORE1_0183,benchmark/prd_3_1_v1/candidates/segmentation_core_stress_v1/masks/core/outerwear/SEGCORE1_0183.png,benchmark/prd_3_1_v1/candidates/segmentation_core_stress_v1/overlays/core/outerwear/SEGCORE1_0183.jpg,small_0.5-2%,50-99,1,unreviewed,Core,SEGTEST1_0168,PASS,QC_V2_GEOMETRY_PASS+FULL_CORE_HUMAN_CONTACT_SHEET_REVIEW,complex_scene,HUMAN_REVIEW,small,none,partial,CLIP_ASSISTED_DIAGNOSTIC_NOT_HUMAN_GT,GEOMETRY_PASS,,0.40,0.50,0.50,0.85,131,SEGTEST1_0168,outerwear,long_sleeve_outwear,,0.0,False,0.0,False,0.0,False,False,missed,
DeepFashion2,../fashion_data/raw/train/train/image/109570.jpg,109570.jpg,../fashion_data/raw/train/train/annos/109570.json,,item1_long_sleeve_dress,dress,long_sleeve_dress,11,468,632,152.0,233.0,277.0,430.0,0.0832555717840528,125.0,prd_3_1_v1,core,SEGCORE1_0237,benchmark/prd_3_1_v1/candidates/segmentation_core_stress_v1/masks/core/dress/SEGCORE1_0237.png,benchmark/prd_3_1_v1/candidates/segmentation_core_stress_v1/overlays/core/dress/SEGCORE1_0237.jpg,medium_2-10%,>=100,0,unreviewed,Core,SEGTEST1_0217,PASS,QC_V2_GEOMETRY_PASS+FULL_CORE_HUMAN_CONTACT_SHEET_REVIEW,worn_person,HUMAN_REVIEW,medium,none,partial,CLIP_ASSISTED_DIAGNOSTIC_NOT_HUMAN_GT,GEOMETRY_PASS,,0.40,0.50,0.50,0.85,132,SEGTEST1_0217,dress,long_sleeve_dress,,0.0,False,0.0,False,0.0,False,False,missed,
DeepFashion2,../fashion_data/raw/train/train/image/110451.jpg,110451.jpg,../fashion_data/raw/train/train/annos/110451.json,,item1_short_sleeve_dress,dress,short_sleeve_dress,10,790,827,300.0,285.0,386.0,421.0,0.017902132153735477,86.0,prd_3_1_v1,core,SEGCORE1_0274,benchmark/prd_3_1_v1/candidates/segmentation_core_stress_v1/masks/core/dress/SEGCORE1_0274.png,benchmark/prd_3_1_v1/candidates/segmentation_core_stress_v1/overlays/core/dress/SEGCORE1_0274.jpg,small_0.5-2%,50-99,1,unreviewed,Core,SEGTEST1_0249,PASS,QC_V2_GEOMETRY_PASS+FULL_CORE_HUMAN_CONTACT_SHEET_REVIEW,worn_person,HUMAN_REVIEW,small,none,partial,CLIP_ASSISTED_DIAGNOSTIC_NOT_HUMAN_GT,GEOMETRY_PASS,,0.40,0.50,0.50,0.85,133,SEGTEST1_0249,dress,short_sleeve_dress,,0.0,False,0.0,False,0.0,False,False,missed,
DeepFashion2,../fashion_data/raw/train/train/image/111944.jpg,111944.jpg,../fashion_data/raw/train/train/annos/111944.json,,item2_skirt,skirt,skirt,9,640,804,355.0,489.0,421.0,630.0,0.01808535447761194,66.0,prd_3_1_v1,core,SEGCORE1_0121,benchmark/prd_3_1_v1/candidates/segmentation_core_stress_v1/masks/core/skirt/SEGCORE1_0121.png,benchmark/prd_3_1_v1/candidates/segmentation_core_stress_v1/overlays/core/skirt/SEGCORE1_0121.jpg,small_0.5-2%,50-99,1,unreviewed,Core,SEGTEST1_0111,PASS,EXPLICIT_HUMAN_EXCEPTION_PASS+FULL_CORE_HUMAN_CONTACT_SHEET_REVIEW,complex_scene,HUMAN_REVIEW,small,none,partial,CLIP_ASSISTED_DIAGNOSTIC_NOT_HUMAN_GT,REVIEW_PRIORITY,PASS,0.40,0.50,0.50,0.85,135,SEGTEST1_0111,skirt,skirt,,0.0,False,0.0,False,0.0,False,False,missed,
DeepFashion2,../fashion_data/raw/train/train/image/115766.jpg,115766.jpg,../fashion_data/raw/train/train/annos/115766.json,,item1_short_sleeve_dress,dress,short_sleeve_dress,10,750,1027,223.0,273.0,378.0,477.0,0.04105160662122687,155.0,prd_3_1_v1,core,SEGCORE1_0248,benchmark/prd_3_1_v1/candidates/segmentation_core_stress_v1/masks/core/dress/SEGCORE1_0248.png,benchmark/prd_3_1_v1/candidates/segmentation_core_stress_v1/overlays/core/dress/SEGCORE1_0248.jpg,medium_2-10%,>=100,0,unreviewed,Core,SEGTEST1_0228,PASS,QC_V2_GEOMETRY_PASS+FULL_CORE_HUMAN_CONTACT_SHEET_REVIEW,worn_person,HUMAN_REVIEW,medium,partial,full,CLIP_ASSISTED_DIAGNOSTIC_NOT_HUMAN_GT,GEOMETRY_PASS,,0.40,0.50,0.50,0.85,136,SEGTEST1_0228,dress,short_sleeve_dress,,0.0,False,0.0,False,0.0,False,False,missed,
DeepFashion2,../fashion_data/raw/train/train/image/118508.jpg,118508.jpg,../fashion_data/raw/train/train/annos/118508.json,,item1_short_sleeve_outwear,outerwear,short_sleeve_outwear,3,468,831,0.0,157.0,466.0,741.0,0.6997644687175373,466.0,prd_3_1_v1,core,SEGCORE1_0171,benchmark/prd_3_1_v1/candidates/segmentation_core_stress_v1/masks/core/outerwear/SEGCORE1_0171.png,benchmark/prd_3_1_v1/candidates/segmentation_core_stress_v1/overlays/core/outerwear/SEGCORE1_0171.jpg,large_>=10%,>=100,0,unreviewed,Core,SEGTEST1_0156,PASS,QC_V2_GEOMETRY_PASS+FULL_CORE_HUMAN_CONTACT_SHEET_REVIEW,product_display,HUMAN_REVIEW,large,none,full,CLIP_ASSISTED_DIAGNOSTIC_NOT_HUMAN_GT,GEOMETRY_PASS,,0.40,0.50,0.50,0.85,137,SEGTEST1_0156,outerwear,short_sleeve_outwear,,0.0,False,0.0,False,0.0,False,False,missed,
DeepFashion2,../fashion_data/raw/train/train/image/118514.jpg,118514.jpg,../fashion_data/raw/train/train/annos/118514.json,,item1_short_sleeve_outwear,outerwear,short_sleeve_outwear,3,750,1125,179.0,307.0,544.0,818.0,0.22105481481481482,365.0,prd_3_1_v1,core,SEGCORE1_0181,benchmark/prd_3_1_v1/candidates/segmentation_core_stress_v1/masks/core/outerwear/SEGCORE1_0181.png,benchmark/prd_3_1_v1/candidates/segmentation_core_stress_v1/overlays/core/outerwear/SEGCORE1_0181.jpg,large_>=10%,>=100,0,unreviewed,Core,SEGTEST1_0166,PASS,QC_V2_GEOMETRY_PASS+FULL_CORE_HUMAN_CONTACT_SHEET_REVIEW,worn_person,HUMAN_REVIEW,large,partial,partial,CLIP_ASSISTED_DIAGNOSTIC_NOT_HUMAN_GT,GEOMETRY_PASS,,0.40,0.50,0.50,0.85,138,SEGTEST1_0166,outerwear,short_sleeve_outwear,,0.0,False,0.0,False,0.0,False,False,missed,
DeepFashion2,../fashion_data/raw/train/train/image/119318.jpg,119318.jpg,../fashion_data/raw/train/train/annos/119318.json,,item1_long_sleeve_outwear,outerwear,long_sleeve_outwear,4,468,631,205.0,242.0,267.0,312.0,0.014696520243271432,62.0,prd_3_1_v1,core,SEGCORE1_0213,benchmark/prd_3_1_v1/candidates/segmentation_core_stress_v1/masks/core/outerwear/SEGCORE1_0213.png,benchmark/prd_3_1_v1/candidates/segmentation_core_stress_v1/overlays/core/outerwear/SEGCORE1_0213.jpg,small_0.5-2%,50-99,1,unreviewed,Core,SEGTEST1_0197,PASS,QC_V2_GEOMETRY_PASS+FULL_CORE_HUMAN_CONTACT_SHEET_REVIEW,complex_scene,HUMAN_REVIEW,small,partial,partial,CLIP_ASSISTED_DIAGNOSTIC_NOT_HUMAN_GT,GEOMETRY_PASS,,0.40,0.50,0.50,0.85,139,SEGTEST1_0197,outerwear,long_sleeve_outwear,,0.0,False,0.0,False,0.0,False,False,missed,
DeepFashion2,../fashion_data/raw/train/train/image/119420.jpg,119420.jpg,../fashion_data/raw/train/train/annos/119420.json,,item2_vest_dress,dress,vest_dress,12,880,1320,657.0,560.0,782.0,683.0,0.013236053719008264,123.0,prd_3_1_v1,core,SEGCORE1_0255,benchmark/prd_3_1_v1/candidates/segmentation_core_stress_v1/masks/core/dress/SEGCORE1_0255.png,benchmark/prd_3_1_v1/candidates/segmentation_core_stress_v1/overlays/core/dress/SEGCORE1_0255.jpg,small_0.5-2%,>=100,1,unreviewed,Core,SEGTEST1_0235,PASS,QC_V2_GEOMETRY_PASS+FULL_CORE_HUMAN_CONTACT_SHEET_REVIEW,worn_person,HUMAN_REVIEW,small,none,partial,CLIP_ASSISTED_DIAGNOSTIC_NOT_HUMAN_GT,GEOMETRY_PASS,,0.40,0.50,0.50,0.85,140,SEGTEST1_0235,dress,vest_dress,,0.0,False,0.0,False,0.0,False,False,missed,
DeepFashion2,../fashion_data/raw/train/train/image/119825.jpg,119825.jpg,../fashion_data/raw/train/train/annos/119825.json,,item4_trousers,pants,trousers,8,750,790,51.0,365.0,124.0,503.0,0.01700253164556962,73.0,prd_3_1_v1,core,SEGCORE1_0077,benchmark/prd_3_1_v1/candidates/segmentation_core_stress_v1/masks/core/pants/SEGCORE1_0077.png,benchmark/prd_3_1_v1/candidates/segmentation_core_stress_v1/overlays/core/pants/SEGCORE1_0077.jpg,small_0.5-2%,50-99,1,unreviewed,Core,SEGTEST1_0072,PASS,QC_V2_GEOMETRY_PASS+FULL_CORE_HUMAN_CONTACT_SHEET_REVIEW,complex_scene,HUMAN_REVIEW,small,none,partial,CLIP_ASSISTED_DIAGNOSTIC_NOT_HUMAN_GT,GEOMETRY_PASS,,0.40,0.50,0.50,0.85,142,SEGTEST1_0072,pants,trousers,,0.0,False,0.0,False,0.0,False,False,missed,
DeepFashion2,../fashion_data/raw/train/train/image/122874.jpg,122874.jpg,../fashion_data/raw/train/train/annos/122874.json,,item1_vest_dress,dress,vest_dress,12,468,702,16.0,177.0,424.0,701.0,0.6507414712542917,408.0,prd_3_1_v1,core,SEGCORE1_0270,benchmark/prd_3_1_v1/candidates/segmentation_core_stress_v1/masks/core/dress/SEGCORE1_0270.png,benchmark/prd_3_1_v1/candidates/segmentation_core_stress_v1/overlays/core/dress/SEGCORE1_0270.jpg,large_>=10%,>=100,0,unreviewed,Core,SEGTEST1_0246,PASS,QC_V2_GEOMETRY_PASS+FULL_CORE_HUMAN_CONTACT_SHEET_REVIEW,worn_person,HUMAN_REVIEW,large,partial,partial,CLIP_ASSISTED_DIAGNOSTIC_NOT_HUMAN_GT,GEOMETRY_PASS,,0.40,0.50,0.50,0.85,143,SEGTEST1_0246,dress,vest_dress,,0.0,False,0.0,False,0.0,False,False,missed,
DeepFashion2,../fashion_data/raw/train/train/image/123996.jpg,123996.jpg,../fashion_data/raw/train/train/annos/123996.json,,item1_trousers,pants,trousers,8,750,852,317.0,510.0,380.0,688.0,0.017549295774647887,63.0,prd_3_1_v1,core,SEGCORE1_0065,benchmark/prd_3_1_v1/candidates/segmentation_core_stress_v1/masks/core/pants/SEGCORE1_0065.png,benchmark/prd_3_1_v1/candidates/segmentation_core_stress_v1/overlays/core/pants/SEGCORE1_0065.jpg,small_0.5-2%,50-99,1,unreviewed,Core,SEGTEST1_0060,PASS,QC_V2_GEOMETRY_PASS+FULL_CORE_HUMAN_CONTACT_SHEET_REVIEW,complex_scene,HUMAN_REVIEW,small,partial,partial,CLIP_ASSISTED_DIAGNOSTIC_NOT_HUMAN_GT,GEOMETRY_PASS,,0.40,0.50,0.50,0.85,144,SEGTEST1_0060,pants,trousers,,0.0,False,0.0,False,0.0,False,False,missed,
DeepFashion2,../fashion_data/raw/train/train/image/124000.jpg,124000.jpg,../fashion_data/raw/train/train/annos/124000.json,,item2_long_sleeve_top,top,long_sleeve_top,2,750,908,322.0,559.0,425.0,671.0,0.016939794419970632,103.0,prd_3_1_v1,core,SEGCORE1_0038,benchmark/prd_3_1_v1/candidates/segmentation_core_stress_v1/masks/core/top/SEGCORE1_0038.png,benchmark/prd_3_1_v1/candidates/segmentation_core_stress_v1/overlays/core/top/SEGCORE1_0038.jpg,small_0.5-2%,>=100,1,unreviewed,Core,SEGTEST1_0037,PASS,QC_V2_GEOMETRY_PASS+FULL_CORE_HUMAN_CONTACT_SHEET_REVIEW,complex_scene,HUMAN_REVIEW,small,partial,partial,CLIP_ASSISTED_DIAGNOSTIC_NOT_HUMAN_GT,GEOMETRY_PASS,,0.40,0.50,0.50,0.85,145,SEGTEST1_0037,top,long_sleeve_top,,0.0,False,0.0,False,0.0,False,False,missed,
DeepFashion2,../fashion_data/raw/train/train/image/124649.jpg,124649.jpg,../fashion_data/raw/train/train/annos/124649.json,,item1_short_sleeve_outwear,outerwear,short_sleeve_outwear,3,468,624,8.0,0.0,467.0,621.0,0.9760539940828402,459.0,prd_3_1_v1,core,SEGCORE1_0176,benchmark/prd_3_1_v1/candidates/segmentation_core_stress_v1/masks/core/outerwear/SEGCORE1_0176.png,benchmark/prd_3_1_v1/candidates/segmentation_core_stress_v1/overlays/core/outerwear/SEGCORE1_0176.jpg,large_>=10%,>=100,0,unreviewed,Core,SEGTEST1_0161,PASS,QC_V2_GEOMETRY_PASS+FULL_CORE_HUMAN_CONTACT_SHEET_REVIEW,product_display,HUMAN_REVIEW,large,heavy,partial,CLIP_ASSISTED_DIAGNOSTIC_NOT_HUMAN_GT,GEOMETRY_PASS,,0.40,0.50,0.50,0.85,147,SEGTEST1_0161,outerwear,short_sleeve_outwear,,0.0,False,0.0,False,0.0,False,False,missed,
DeepFashion2,../fashion_data/raw/train/train/image/125522.jpg,125522.jpg,../fashion_data/raw/train/train/annos/125522.json,,item2_trousers,pants,trousers,8,640,884,265.0,364.0,433.0,657.0,0.08700509049773755,168.0,prd_3_1_v1,core,SEGCORE1_0066,benchmark/prd_3_1_v1/candidates/segmentation_core_stress_v1/masks/core/pants/SEGCORE1_0066.png,benchmark/prd_3_1_v1/candidates/segmentation_core_stress_v1/overlays/core/pants/SEGCORE1_0066.jpg,medium_2-10%,>=100,0,unreviewed,Core,SEGTEST1_0061,PASS,QC_V2_GEOMETRY_PASS+FULL_CORE_HUMAN_CONTACT_SHEET_REVIEW,worn_person,HUMAN_REVIEW,medium,none,partial,CLIP_ASSISTED_DIAGNOSTIC_NOT_HUMAN_GT,GEOMETRY_PASS,,0.40,0.50,0.50,0.85,149,SEGTEST1_0061,pants,trousers,,0.0,False,0.0,False,0.0,False,False,missed,
DeepFashion2,../fashion_data/raw/train/train/image/125781.jpg,125781.jpg,../fashion_data/raw/train/train/annos/125781.json,,item2_shorts,pants,shorts,7,640,639,268.0,322.0,355.0,414.0,0.019571596244131455,87.0,prd_3_1_v1,core,SEGCORE1_0088,benchmark/prd_3_1_v1/candidates/segmentation_core_stress_v1/masks/core/pants/SEGCORE1_0088.png,benchmark/prd_3_1_v1/candidates/segmentation_core_stress_v1/overlays/core/pants/SEGCORE1_0088.jpg,small_0.5-2%,50-99,1,unreviewed,Core,SEGTEST1_0083,PASS,QC_V2_GEOMETRY_PASS+FULL_CORE_HUMAN_CONTACT_SHEET_REVIEW,worn_person,HUMAN_REVIEW,small,partial,partial,CLIP_ASSISTED_DIAGNOSTIC_NOT_HUMAN_GT,GEOMETRY_PASS,,0.40,0.50,0.50,0.85,150,SEGTEST1_0083,pants,shorts,,0.0,False,0.0,False,0.0,False,False,missed,
DeepFashion2,../fashion_data/raw/train/train/image/125786.jpg,125786.jpg,../fashion_data/raw/train/train/annos/125786.json,,item2_sling,top,sling,6,640,641,254.0,252.0,345.0,358.0,0.023513065522620905,91.0,prd_3_1_v1,core,SEGCORE1_0035,benchmark/prd_3_1_v1/candidates/segmentation_core_stress_v1/masks/core/top/SEGCORE1_0035.png,benchmark/prd_3_1_v1/candidates/segmentation_core_stress_v1/overlays/core/top/SEGCORE1_0035.jpg,medium_2-10%,50-99,0,unreviewed,Core,SEGTEST1_0034,PASS,QC_V2_GEOMETRY_PASS+FULL_CORE_HUMAN_CONTACT_SHEET_REVIEW,worn_person,HUMAN_REVIEW,medium,partial,partial,CLIP_ASSISTED_DIAGNOSTIC_NOT_HUMAN_GT,GEOMETRY_PASS,,0.40,0.50,0.50,0.85,151,SEGTEST1_0034,top,sling,,0.0,False,0.0,False,0.0,False,False,missed,
DeepFashion2,../fashion_data/raw/train/train/image/125906.jpg,125906.jpg,../fashion_data/raw/train/train/annos/125906.json,,item1_long_sleeve_outwear,outerwear,long_sleeve_outwear,4,700,1049,217.0,250.0,490.0,511.0,0.09703527168732126,261.0,prd_3_1_v1,core,SEGCORE1_0180,benchmark/prd_3_1_v1/candidates/segmentation_core_stress_v1/masks/core/outerwear/SEGCORE1_0180.png,benchmark/prd_3_1_v1/candidates/segmentation_core_stress_v1/overlays/core/outerwear/SEGCORE1_0180.jpg,medium_2-10%,>=100,0,unreviewed,Core,SEGTEST1_0165,PASS,QC_V2_GEOMETRY_PASS+FULL_CORE_HUMAN_CONTACT_SHEET_REVIEW,worn_person,HUMAN_REVIEW,medium,none,full,CLIP_ASSISTED_DIAGNOSTIC_NOT_HUMAN_GT,GEOMETRY_PASS,,0.40,0.50,0.50,0.85,152,SEGTEST1_0165,outerwear,long_sleeve_outwear,outerwear,0.47844693064689636,True,0.647181160763876,True,0.36791239481130344,False,False,low_mask_iou,
DeepFashion2,../fashion_data/raw/train/train/image/126631.jpg,126631.jpg,../fashion_data/raw/train/train/annos/126631.json,,item1_long_sleeve_dress,dress,long_sleeve_dress,11,468,625,253.0,238.0,304.0,350.0,0.019528205128205127,51.0,prd_3_1_v1,core,SEGCORE1_0267,benchmark/prd_3_1_v1/candidates/segmentation_core_stress_v1/masks/core/dress/SEGCORE1_0267.png,benchmark/prd_3_1_v1/candidates/segmentation_core_stress_v1/overlays/core/dress/SEGCORE1_0267.jpg,small_0.5-2%,50-99,1,unreviewed,Core,SEGTEST1_0244,PASS,QC_V2_GEOMETRY_PASS+FULL_CORE_HUMAN_CONTACT_SHEET_REVIEW,complex_scene,HUMAN_REVIEW,small,partial,partial,CLIP_ASSISTED_DIAGNOSTIC_NOT_HUMAN_GT,GEOMETRY_PASS,,0.40,0.50,0.50,0.85,154,SEGTEST1_0244,dress,long_sleeve_dress,,0.0,False,0.0,False,0.0,False,False,missed,
DeepFashion2,../fashion_data/raw/train/train/image/128253.jpg,128253.jpg,../fashion_data/raw/train/train/annos/128253.json,,item4_long_sleeve_outwear,outerwear,long_sleeve_outwear,4,713,766,91.0,151.0,164.0,296.0,0.019380838511932445,73.0,prd_3_1_v1,core,SEGCORE1_0178,benchmark/prd_3_1_v1/candidates/segmentation_core_stress_v1/masks/core/outerwear/SEGCORE1_0178.png,benchmark/prd_3_1_v1/candidates/segmentation_core_stress_v1/overlays/core/outerwear/SEGCORE1_0178.jpg,small_0.5-2%,50-99,1,unreviewed,Core,SEGTEST1_0163,PASS,QC_V2_GEOMETRY_PASS+FULL_CORE_HUMAN_CONTACT_SHEET_REVIEW,worn_person,HUMAN_REVIEW,small,none,partial,CLIP_ASSISTED_DIAGNOSTIC_NOT_HUMAN_GT,GEOMETRY_PASS,,0.40,0.50,0.50,0.85,155,SEGTEST1_0163,outerwear,long_sleeve_outwear,,0.0,False,0.0,False,0.0,False,False,missed,
DeepFashion2,../fashion_data/raw/train/train/image/128608.jpg,128608.jpg,../fashion_data/raw/train/train/annos/128608.json,,item1_long_sleeve_dress,dress,long_sleeve_dress,11,468,625,0.0,0.0,465.0,624.0,0.992,465.0,prd_3_1_v1,core,SEGCORE1_0265,benchmark/prd_3_1_v1/candidates/segmentation_core_stress_v1/masks/core/dress/SEGCORE1_0265.png,benchmark/prd_3_1_v1/candidates/segmentation_core_stress_v1/overlays/core/dress/SEGCORE1_0265.jpg,large_>=10%,>=100,0,unreviewed,Core,SEGTEST1_0243,PASS,QC_V2_GEOMETRY_PASS+FULL_CORE_HUMAN_CONTACT_SHEET_REVIEW,partial_view,HUMAN_REVIEW,large,none,partial,CLIP_ASSISTED_DIAGNOSTIC_NOT_HUMAN_GT,GEOMETRY_PASS,,0.40,0.50,0.50,0.85,156,SEGTEST1_0243,dress,long_sleeve_dress,,0.0,False,0.0,False,0.0,False,False,missed,
DeepFashion2,../fashion_data/raw/train/train/image/130381.jpg,130381.jpg,../fashion_data/raw/train/train/annos/130381.json,,item2_vest,top,vest,5,880,1034,373.0,360.0,490.0,489.0,0.0165871724986812,117.0,prd_3_1_v1,core,SEGCORE1_0019,benchmark/prd_3_1_v1/candidates/segmentation_core_stress_v1/masks/core/top/SEGCORE1_0019.png,benchmark/prd_3_1_v1/candidates/segmentation_core_stress_v1/overlays/core/top/SEGCORE1_0019.jpg,small_0.5-2%,>=100,1,unreviewed,Core,SEGTEST1_0018,PASS,QC_V2_GEOMETRY_PASS+FULL_CORE_HUMAN_CONTACT_SHEET_REVIEW,worn_person,HUMAN_REVIEW,small,none,partial,CLIP_ASSISTED_DIAGNOSTIC_NOT_HUMAN_GT,GEOMETRY_PASS,,0.40,0.50,0.50,0.85,157,SEGTEST1_0018,top,vest,,0.0,False,0.0,False,0.0,False,False,missed,
DeepFashion2,../fashion_data/raw/train/train/image/130702.jpg,130702.jpg,../fashion_data/raw/train/train/annos/130702.json,,item1_short_sleeve_outwear,outerwear,short_sleeve_outwear,3,468,624,30.0,84.0,410.0,599.0,0.670132040324348,380.0,prd_3_1_v1,core,SEGCORE1_0216,benchmark/prd_3_1_v1/candidates/segmentation_core_stress_v1/masks/core/outerwear/SEGCORE1_0216.png,benchmark/prd_3_1_v1/candidates/segmentation_core_stress_v1/overlays/core/outerwear/SEGCORE1_0216.jpg,large_>=10%,>=100,0,unreviewed,Core,SEGTEST1_0199,PASS,QC_V2_GEOMETRY_PASS+FULL_CORE_HUMAN_CONTACT_SHEET_REVIEW,product_display,HUMAN_REVIEW,large,none,full,CLIP_ASSISTED_DIAGNOSTIC_NOT_HUMAN_GT,GEOMETRY_PASS,,0.40,0.50,0.50,0.85,158,SEGTEST1_0199,outerwear,short_sleeve_outwear,,0.0,False,0.0,False,0.0,False,False,missed,
DeepFashion2,../fashion_data/raw/train/train/image/131577.jpg,131577.jpg,../fashion_data/raw/train/train/annos/131577.json,,item2_skirt,skirt,skirt,9,750,631,89.0,288.0,387.0,610.0,0.2027596407818278,298.0,prd_3_1_v1,core,SEGCORE1_0113,benchmark/prd_3_1_v1/candidates/segmentation_core_stress_v1/masks/core/skirt/SEGCORE1_0113.png,benchmark/prd_3_1_v1/candidates/segmentation_core_stress_v1/overlays/core/skirt/SEGCORE1_0113.jpg,large_>=10%,>=100,0,unreviewed,Core,SEGTEST1_0103,PASS,QC_V2_GEOMETRY_PASS+FULL_CORE_HUMAN_CONTACT_SHEET_REVIEW,partial_view,HUMAN_REVIEW,large,none,partial,CLIP_ASSISTED_DIAGNOSTIC_NOT_HUMAN_GT,GEOMETRY_PASS,,0.40,0.50,0.50,0.85,160,SEGTEST1_0103,skirt,skirt,pants,0.4651761054992676,True,0.75833570322591,False,0.7694823412475752,False,False,wrong_class,
DeepFashion2,../fashion_data/raw/train/train/image/132895.jpg,132895.jpg,../fashion_data/raw/train/train/annos/132895.json,,item2_skirt,skirt,skirt,9,640,960,133.0,488.0,509.0,959.0,0.2882421875,376.0,prd_3_1_v1,core,SEGCORE1_0125,benchmark/prd_3_1_v1/candidates/segmentation_core_stress_v1/masks/core/skirt/SEGCORE1_0125.png,benchmark/prd_3_1_v1/candidates/segmentation_core_stress_v1/overlays/core/skirt/SEGCORE1_0125.jpg,large_>=10%,>=100,0,unreviewed,Core,SEGTEST1_0115,PASS,QC_V2_GEOMETRY_PASS+FULL_CORE_HUMAN_CONTACT_SHEET_REVIEW,worn_person,HUMAN_REVIEW,large,partial,full,CLIP_ASSISTED_DIAGNOSTIC_NOT_HUMAN_GT,GEOMETRY_PASS,,0.40,0.50,0.50,0.85,161,SEGTEST1_0115,skirt,skirt,dress,0.5009191632270813,True,0.6108877209776431,False,0.6989304427088456,False,False,wrong_class,
DeepFashion2,../fashion_data/raw/train/train/image/133015.jpg,133015.jpg,../fashion_data/raw/train/train/annos/133015.json,,item2_skirt,skirt,skirt,9,880,612,472.0,321.0,565.0,417.0,0.016577540106951873,93.0,prd_3_1_v1,core,SEGCORE1_0127,benchmark/prd_3_1_v1/candidates/segmentation_core_stress_v1/masks/core/skirt/SEGCORE1_0127.png,benchmark/prd_3_1_v1/candidates/segmentation_core_stress_v1/overlays/core/skirt/SEGCORE1_0127.jpg,small_0.5-2%,50-99,1,unreviewed,Core,SEGTEST1_0117,PASS,QC_V2_GEOMETRY_PASS+FULL_CORE_HUMAN_CONTACT_SHEET_REVIEW,complex_scene,HUMAN_REVIEW,small,partial,partial,CLIP_ASSISTED_DIAGNOSTIC_NOT_HUMAN_GT,GEOMETRY_PASS,,0.40,0.50,0.50,0.85,162,SEGTEST1_0117,skirt,skirt,,0.0,False,0.0,False,0.0,False,False,missed,
DeepFashion2,../fashion_data/raw/train/train/image/133136.jpg,133136.jpg,../fashion_data/raw/train/train/annos/133136.json,,item1_long_sleeve_dress,dress,long_sleeve_dress,11,880,1384,399.0,191.0,523.0,383.0,0.01954808197582764,124.0,prd_3_1_v1,core,SEGCORE1_0244,benchmark/prd_3_1_v1/candidates/segmentation_core_stress_v1/masks/core/dress/SEGCORE1_0244.png,benchmark/prd_3_1_v1/candidates/segmentation_core_stress_v1/overlays/core/dress/SEGCORE1_0244.jpg,small_0.5-2%,>=100,1,unreviewed,Core,SEGTEST1_0224,PASS,QC_V2_GEOMETRY_PASS+FULL_CORE_HUMAN_CONTACT_SHEET_REVIEW,worn_person,HUMAN_REVIEW,small,none,partial,CLIP_ASSISTED_DIAGNOSTIC_NOT_HUMAN_GT,GEOMETRY_PASS,,0.40,0.50,0.50,0.85,163,SEGTEST1_0224,dress,long_sleeve_dress,,0.0,False,0.0,False,0.0,False,False,missed,
DeepFashion2,../fashion_data/raw/train/train/image/133276.jpg,133276.jpg,../fashion_data/raw/train/train/annos/133276.json,,item2_shorts,pants,shorts,7,640,640,108.0,247.0,428.0,569.0,0.2515625,320.0,prd_3_1_v1,core,SEGCORE1_0056,benchmark/prd_3_1_v1/candidates/segmentation_core_stress_v1/masks/core/pants/SEGCORE1_0056.png,benchmark/prd_3_1_v1/candidates/segmentation_core_stress_v1/overlays/core/pants/SEGCORE1_0056.jpg,large_>=10%,>=100,0,unreviewed,Core,SEGTEST1_0051,PASS,QC_V2_GEOMETRY_PASS+FULL_CORE_HUMAN_CONTACT_SHEET_REVIEW,partial_view,HUMAN_REVIEW,large,none,partial,CLIP_ASSISTED_DIAGNOSTIC_NOT_HUMAN_GT,GEOMETRY_PASS,,0.40,0.50,0.50,0.85,165,SEGTEST1_0051,pants,shorts,skirt,0.766413152217865,True,0.8460343615450256,False,0.866770803748935,False,False,wrong_class,
DeepFashion2,../fashion_data/raw/train/train/image/135480.jpg,135480.jpg,../fashion_data/raw/train/train/annos/135480.json,,item1_sling,top,sling,6,468,832,216.0,228.0,282.0,312.0,0.014238165680473373,66.0,prd_3_1_v1,core,SEGCORE1_0041,benchmark/prd_3_1_v1/candidates/segmentation_core_stress_v1/masks/core/top/SEGCORE1_0041.png,benchmark/prd_3_1_v1/candidates/segmentation_core_stress_v1/overlays/core/top/SEGCORE1_0041.jpg,small_0.5-2%,50-99,1,unreviewed,Core,SEGTEST1_0040,PASS,QC_V2_GEOMETRY_PASS+FULL_CORE_HUMAN_CONTACT_SHEET_REVIEW,worn_person,HUMAN_REVIEW,small,none,partial,CLIP_ASSISTED_DIAGNOSTIC_NOT_HUMAN_GT,GEOMETRY_PASS,,0.40,0.50,0.50,0.85,167,SEGTEST1_0040,top,sling,,0.0,False,0.0,False,0.0,False,False,missed,
DeepFashion2,../fashion_data/raw/train/train/image/135885.jpg,135885.jpg,../fashion_data/raw/train/train/annos/135885.json,,item1_short_sleeve_top,top,short_sleeve_top,1,468,624,14.0,118.0,386.0,403.0,0.3630424063116371,285.0,prd_3_1_v1,core,SEGCORE1_0046,benchmark/prd_3_1_v1/candidates/segmentation_core_stress_v1/masks/core/top/SEGCORE1_0046.png,benchmark/prd_3_1_v1/candidates/segmentation_core_stress_v1/overlays/core/top/SEGCORE1_0046.jpg,large_>=10%,>=100,0,unreviewed,Core,SEGTEST1_0045,PASS,QC_V2_GEOMETRY_PASS+FULL_CORE_HUMAN_CONTACT_SHEET_REVIEW,partial_view,HUMAN_REVIEW,large,partial,partial,CLIP_ASSISTED_DIAGNOSTIC_NOT_HUMAN_GT,GEOMETRY_PASS,,0.40,0.50,0.50,0.85,168,SEGTEST1_0045,top,short_sleeve_top,,0.0,False,0.0,False,0.0,False,False,missed,
DeepFashion2,../fashion_data/raw/train/train/image/135934.jpg,135934.jpg,../fashion_data/raw/train/train/annos/135934.json,,item1_short_sleeve_outwear,outerwear,short_sleeve_outwear,3,640,694,232.0,195.0,371.0,401.0,0.06446775936599423,139.0,prd_3_1_v1,core,SEGCORE1_0177,benchmark/prd_3_1_v1/candidates/segmentation_core_stress_v1/masks/core/outerwear/SEGCORE1_0177.png,benchmark/prd_3_1_v1/candidates/segmentation_core_stress_v1/overlays/core/outerwear/SEGCORE1_0177.jpg,medium_2-10%,>=100,0,unreviewed,Core,SEGTEST1_0162,PASS,QC_V2_GEOMETRY_PASS+FULL_CORE_HUMAN_CONTACT_SHEET_REVIEW,complex_scene,HUMAN_REVIEW,medium,partial,full,CLIP_ASSISTED_DIAGNOSTIC_NOT_HUMAN_GT,GEOMETRY_PASS,,0.40,0.50,0.50,0.85,169,SEGTEST1_0162,outerwear,short_sleeve_outwear,,0.0,False,0.0,False,0.0,False,False,missed,
DeepFashion2,../fashion_data/raw/train/train/image/135937.jpg,135937.jpg,../fashion_data/raw/train/train/annos/135937.json,,item1_short_sleeve_outwear,outerwear,short_sleeve_outwear,3,640,510,174.0,106.0,372.0,308.0,0.12253676470588236,198.0,prd_3_1_v1,core,SEGCORE1_0186,benchmark/prd_3_1_v1/candidates/segmentation_core_stress_v1/masks/core/outerwear/SEGCORE1_0186.png,benchmark/prd_3_1_v1/candidates/segmentation_core_stress_v1/overlays/core/outerwear/SEGCORE1_0186.jpg,large_>=10%,>=100,0,unreviewed,Core,SEGTEST1_0171,PASS,QC_V2_GEOMETRY_PASS+FULL_CORE_HUMAN_CONTACT_SHEET_REVIEW,complex_scene,HUMAN_REVIEW,large,partial,partial,CLIP_ASSISTED_DIAGNOSTIC_NOT_HUMAN_GT,GEOMETRY_PASS,,0.40,0.50,0.50,0.85,170,SEGTEST1_0171,outerwear,short_sleeve_outwear,,0.0,False,0.0,False,0.0,False,False,missed,
DeepFashion2,../fashion_data/raw/train/train/image/136524.jpg,136524.jpg,../fashion_data/raw/train/train/annos/136524.json,,item1_vest,top,vest,5,640,960,284.0,452.0,407.0,607.0,0.0310302734375,123.0,prd_3_1_v1,core,SEGCORE1_0024,benchmark/prd_3_1_v1/candidates/segmentation_core_stress_v1/masks/core/top/SEGCORE1_0024.png,benchmark/prd_3_1_v1/candidates/segmentation_core_stress_v1/overlays/core/top/SEGCORE1_0024.jpg,medium_2-10%,>=100,0,unreviewed,Core,SEGTEST1_0023,PASS,QC_V2_GEOMETRY_PASS+FULL_CORE_HUMAN_CONTACT_SHEET_REVIEW,worn_person,HUMAN_REVIEW,medium,none,partial,CLIP_ASSISTED_DIAGNOSTIC_NOT_HUMAN_GT,GEOMETRY_PASS,,0.40,0.50,0.50,0.85,171,SEGTEST1_0023,top,vest,,0.0,False,0.0,False,0.0,False,False,missed,
DeepFashion2,../fashion_data/raw/train/train/image/137266.jpg,137266.jpg,../fashion_data/raw/train/train/annos/137266.json,,item2_skirt,skirt,skirt,9,800,552,387.0,289.0,476.0,353.0,0.012898550724637681,64.0,prd_3_1_v1,core,SEGCORE1_0139,benchmark/prd_3_1_v1/candidates/segmentation_core_stress_v1/masks/core/skirt/SEGCORE1_0139.png,benchmark/prd_3_1_v1/candidates/segmentation_core_stress_v1/overlays/core/skirt/SEGCORE1_0139.jpg,small_0.5-2%,50-99,1,unreviewed,Core,SEGTEST1_0129,PASS,EXPLICIT_HUMAN_EXCEPTION_PASS+FULL_CORE_HUMAN_CONTACT_SHEET_REVIEW,worn_person,HUMAN_REVIEW,small,partial,partial,CLIP_ASSISTED_DIAGNOSTIC_NOT_HUMAN_GT,REVIEW_PRIORITY,PASS,0.40,0.50,0.50,0.85,172,SEGTEST1_0129,skirt,skirt,,0.0,False,0.0,False,0.0,False,False,missed,
DeepFashion2,../fashion_data/raw/train/train/image/138553.jpg,138553.jpg,../fashion_data/raw/train/train/annos/138553.json,,item1_long_sleeve_outwear,outerwear,long_sleeve_outwear,4,640,960,280.0,272.0,426.0,488.0,0.051328125,146.0,prd_3_1_v1,core,SEGCORE1_0170,benchmark/prd_3_1_v1/candidates/segmentation_core_stress_v1/masks/core/outerwear/SEGCORE1_0170.png,benchmark/prd_3_1_v1/candidates/segmentation_core_stress_v1/overlays/core/outerwear/SEGCORE1_0170.jpg,medium_2-10%,>=100,0,unreviewed,Core,SEGTEST1_0155,PASS,QC_V2_GEOMETRY_PASS+FULL_CORE_HUMAN_CONTACT_SHEET_REVIEW,worn_person,HUMAN_REVIEW,medium,partial,partial,CLIP_ASSISTED_DIAGNOSTIC_NOT_HUMAN_GT,GEOMETRY_PASS,,0.40,0.50,0.50,0.85,173,SEGTEST1_0155,outerwear,long_sleeve_outwear,,0.0,False,0.0,False,0.0,False,False,missed,
DeepFashion2,../fashion_data/raw/train/train/image/139497.jpg,139497.jpg,../fashion_data/raw/train/train/annos/139497.json,,item1_long_sleeve_top,top,long_sleeve_top,2,709,511,198.0,3.0,424.0,232.0,0.14284886240370523,226.0,prd_3_1_v1,core,SEGCORE1_0001,benchmark/prd_3_1_v1/candidates/segmentation_core_stress_v1/masks/core/top/SEGCORE1_0001.png,benchmark/prd_3_1_v1/candidates/segmentation_core_stress_v1/overlays/core/top/SEGCORE1_0001.jpg,large_>=10%,>=100,0,unreviewed,Core,SEGTEST1_0001,PASS,QC_V2_GEOMETRY_PASS+FULL_CORE_HUMAN_CONTACT_SHEET_REVIEW,worn_person,HUMAN_REVIEW,large,partial,partial,CLIP_ASSISTED_DIAGNOSTIC_NOT_HUMAN_GT,GEOMETRY_PASS,,0.40,0.50,0.50,0.85,174,SEGTEST1_0001,top,long_sleeve_top,,0.0,False,0.0,False,0.0,False,False,missed,
DeepFashion2,../fashion_data/raw/train/train/image/139827.jpg,139827.jpg,../fashion_data/raw/train/train/annos/139827.json,,item2_shorts,pants,shorts,7,640,960,193.0,438.0,404.0,604.0,0.057008463541666665,166.0,prd_3_1_v1,core,SEGCORE1_0073,benchmark/prd_3_1_v1/candidates/segmentation_core_stress_v1/masks/core/pants/SEGCORE1_0073.png,benchmark/prd_3_1_v1/candidates/segmentation_core_stress_v1/overlays/core/pants/SEGCORE1_0073.jpg,medium_2-10%,>=100,0,unreviewed,Core,SEGTEST1_0068,PASS,QC_V2_GEOMETRY_PASS+FULL_CORE_HUMAN_CONTACT_SHEET_REVIEW,worn_person,HUMAN_REVIEW,medium,none,partial,CLIP_ASSISTED_DIAGNOSTIC_NOT_HUMAN_GT,GEOMETRY_PASS,,0.40,0.50,0.50,0.85,175,SEGTEST1_0068,pants,shorts,,0.0,False,0.0,False,0.0,False,False,missed,
DeepFashion2,../fashion_data/raw/train/train/image/145118.jpg,145118.jpg,../fashion_data/raw/train/train/annos/145118.json,,item1_vest_dress,dress,vest_dress,12,468,831,220.0,244.0,272.0,355.0,0.014841556357801846,52.0,prd_3_1_v1,core,SEGCORE1_0243,benchmark/prd_3_1_v1/candidates/segmentation_core_stress_v1/masks/core/dress/SEGCORE1_0243.png,benchmark/prd_3_1_v1/candidates/segmentation_core_stress_v1/overlays/core/dress/SEGCORE1_0243.jpg,small_0.5-2%,50-99,1,unreviewed,Core,SEGTEST1_0223,PASS,QC_V2_GEOMETRY_PASS+FULL_CORE_HUMAN_CONTACT_SHEET_REVIEW,complex_scene,HUMAN_REVIEW,small,none,partial,CLIP_ASSISTED_DIAGNOSTIC_NOT_HUMAN_GT,GEOMETRY_PASS,,0.40,0.50,0.50,0.85,182,SEGTEST1_0223,dress,vest_dress,,0.0,False,0.0,False,0.0,False,False,missed,
DeepFashion2,../fashion_data/raw/train/train/image/145247.jpg,145247.jpg,../fashion_data/raw/train/train/annos/145247.json,,item1_shorts,pants,shorts,7,468,703,3.0,56.0,466.0,638.0,0.8190356348251085,463.0,prd_3_1_v1,core,SEGCORE1_0080,benchmark/prd_3_1_v1/candidates/segmentation_core_stress_v1/masks/core/pants/SEGCORE1_0080.png,benchmark/prd_3_1_v1/candidates/segmentation_core_stress_v1/overlays/core/pants/SEGCORE1_0080.jpg,large_>=10%,>=100,0,unreviewed,Core,SEGTEST1_0075,PASS,QC_V2_GEOMETRY_PASS+FULL_CORE_HUMAN_CONTACT_SHEET_REVIEW,partial_view,HUMAN_REVIEW,large,partial,partial,CLIP_ASSISTED_DIAGNOSTIC_NOT_HUMAN_GT,GEOMETRY_PASS,,0.40,0.50,0.50,0.85,183,SEGTEST1_0075,pants,shorts,,0.0,False,0.0,False,0.0,False,False,missed,
DeepFashion2,../fashion_data/raw/train/train/image/146606.jpg,146606.jpg,../fashion_data/raw/train/train/annos/146606.json,,item1_sling_dress,dress,sling_dress,13,468,631,175.0,229.0,272.0,459.0,0.0755482411583838,97.0,prd_3_1_v1,core,SEGCORE1_0234,benchmark/prd_3_1_v1/candidates/segmentation_core_stress_v1/masks/core/dress/SEGCORE1_0234.png,benchmark/prd_3_1_v1/candidates/segmentation_core_stress_v1/overlays/core/dress/SEGCORE1_0234.jpg,medium_2-10%,50-99,0,unreviewed,Core,SEGTEST1_0214,PASS,QC_V2_GEOMETRY_PASS+FULL_CORE_HUMAN_CONTACT_SHEET_REVIEW,worn_person,HUMAN_REVIEW,medium,none,partial,CLIP_ASSISTED_DIAGNOSTIC_NOT_HUMAN_GT,GEOMETRY_PASS,,0.40,0.50,0.50,0.85,185,SEGTEST1_0214,dress,sling_dress,,0.0,False,0.0,False,0.0,False,False,missed,
DeepFashion2,../fashion_data/raw/train/train/image/147653.jpg,147653.jpg,../fashion_data/raw/train/train/annos/147653.json,,item3_sling,top,sling,6,640,960,122.0,146.0,220.0,236.0,0.01435546875,90.0,prd_3_1_v1,core,SEGCORE1_0029,benchmark/prd_3_1_v1/candidates/segmentation_core_stress_v1/masks/core/top/SEGCORE1_0029.png,benchmark/prd_3_1_v1/candidates/segmentation_core_stress_v1/overlays/core/top/SEGCORE1_0029.jpg,small_0.5-2%,50-99,1,unreviewed,Core,SEGTEST1_0028,PASS,QC_V2_GEOMETRY_PASS+FULL_CORE_HUMAN_CONTACT_SHEET_REVIEW,partial_view,HUMAN_REVIEW,small,none,partial,CLIP_ASSISTED_DIAGNOSTIC_NOT_HUMAN_GT,GEOMETRY_PASS,,0.40,0.50,0.50,0.85,186,SEGTEST1_0028,top,sling,accessory,0.7407399415969849,True,0.7430165622171458,False,0.8598952879581152,False,False,wrong_class,
DeepFashion2,../fashion_data/raw/train/train/image/150634.jpg,150634.jpg,../fashion_data/raw/train/train/annos/150634.json,,item4_shorts,pants,shorts,7,880,587,424.0,238.0,538.0,328.0,0.019862165092148058,90.0,prd_3_1_v1,core,SEGCORE1_0076,benchmark/prd_3_1_v1/candidates/segmentation_core_stress_v1/masks/core/pants/SEGCORE1_0076.png,benchmark/prd_3_1_v1/candidates/segmentation_core_stress_v1/overlays/core/pants/SEGCORE1_0076.jpg,small_0.5-2%,50-99,1,unreviewed,Core,SEGTEST1_0071,PASS,QC_V2_GEOMETRY_PASS+FULL_CORE_HUMAN_CONTACT_SHEET_REVIEW,complex_scene,HUMAN_REVIEW,small,none,partial,CLIP_ASSISTED_DIAGNOSTIC_NOT_HUMAN_GT,GEOMETRY_PASS,,0.40,0.50,0.50,0.85,188,SEGTEST1_0071,pants,shorts,,0.0,False,0.0,False,0.0,False,False,missed,
DeepFashion2,../fashion_data/raw/train/train/image/151041.jpg,151041.jpg,../fashion_data/raw/train/train/annos/151041.json,,item3_long_sleeve_top,top,long_sleeve_top,2,750,1142,626.0,575.0,730.0,720.0,0.017606538237011093,104.0,prd_3_1_v1,core,SEGCORE1_0014,benchmark/prd_3_1_v1/candidates/segmentation_core_stress_v1/masks/core/top/SEGCORE1_0014.png,benchmark/prd_3_1_v1/candidates/segmentation_core_stress_v1/overlays/core/top/SEGCORE1_0014.jpg,small_0.5-2%,>=100,1,unreviewed,Core,SEGTEST1_0013,PASS,QC_V2_GEOMETRY_PASS+FULL_CORE_HUMAN_CONTACT_SHEET_REVIEW,worn_person,HUMAN_REVIEW,small,partial,partial,CLIP_ASSISTED_DIAGNOSTIC_NOT_HUMAN_GT,GEOMETRY_PASS,,0.40,0.50,0.50,0.85,189,SEGTEST1_0013,top,long_sleeve_top,,0.0,False,0.0,False,0.0,False,False,missed,
DeepFashion2,../fashion_data/raw/train/train/image/151469.jpg,151469.jpg,../fashion_data/raw/train/train/annos/151469.json,,item1_short_sleeve_outwear,outerwear,short_sleeve_outwear,3,708,546,182.0,112.0,361.0,331.0,0.10140777301794252,179.0,prd_3_1_v1,core,SEGCORE1_0191,benchmark/prd_3_1_v1/candidates/segmentation_core_stress_v1/masks/core/outerwear/SEGCORE1_0191.png,benchmark/prd_3_1_v1/candidates/segmentation_core_stress_v1/overlays/core/outerwear/SEGCORE1_0191.jpg,large_>=10%,>=100,0,unreviewed,Core,SEGTEST1_0176,PASS,EXPLICIT_HUMAN_EXCEPTION_PASS+FULL_CORE_HUMAN_CONTACT_SHEET_REVIEW,worn_person,HUMAN_REVIEW,large,partial,partial,CLIP_ASSISTED_DIAGNOSTIC_NOT_HUMAN_GT,REVIEW_PRIORITY,PASS,0.40,0.50,0.50,0.85,190,SEGTEST1_0176,outerwear,short_sleeve_outwear,,0.0,False,0.0,False,0.0,False,False,missed,
DeepFashion2,../fashion_data/raw/train/train/image/151470.jpg,151470.jpg,../fashion_data/raw/train/train/annos/151470.json,,item1_short_sleeve_outwear,outerwear,short_sleeve_outwear,3,726,559,509.0,99.0,661.0,268.0,0.06329681593952208,152.0,prd_3_1_v1,core,SEGCORE1_0167,benchmark/prd_3_1_v1/candidates/segmentation_core_stress_v1/masks/core/outerwear/SEGCORE1_0167.png,benchmark/prd_3_1_v1/candidates/segmentation_core_stress_v1/overlays/core/outerwear/SEGCORE1_0167.jpg,medium_2-10%,>=100,0,unreviewed,Core,SEGTEST1_0152,PASS,QC_V2_GEOMETRY_PASS+FULL_CORE_HUMAN_CONTACT_SHEET_REVIEW,worn_person,HUMAN_REVIEW,medium,partial,partial,CLIP_ASSISTED_DIAGNOSTIC_NOT_HUMAN_GT,GEOMETRY_PASS,,0.40,0.50,0.50,0.85,191,SEGTEST1_0152,outerwear,short_sleeve_outwear,,0.0,False,0.0,False,0.0,False,False,missed,
DeepFashion2,../fashion_data/raw/train/train/image/151693.jpg,151693.jpg,../fashion_data/raw/train/train/annos/151693.json,,item1_long_sleeve_top,top,long_sleeve_top,2,468,625,0.0,305.0,467.0,624.0,0.5093094017094018,319.0,prd_3_1_v1,core,SEGCORE1_0013,benchmark/prd_3_1_v1/candidates/segmentation_core_stress_v1/masks/core/top/SEGCORE1_0013.png,benchmark/prd_3_1_v1/candidates/segmentation_core_stress_v1/overlays/core/top/SEGCORE1_0013.jpg,large_>=10%,>=100,0,unreviewed,Core,SEGTEST1_0012,PASS,QC_V2_GEOMETRY_PASS+FULL_CORE_HUMAN_CONTACT_SHEET_REVIEW,partial_view,HUMAN_REVIEW,large,none,partial,CLIP_ASSISTED_DIAGNOSTIC_NOT_HUMAN_GT,GEOMETRY_PASS,,0.40,0.50,0.50,0.85,192,SEGTEST1_0012,top,long_sleeve_top,,0.0,False,0.0,False,0.0,False,False,missed,
DeepFashion2,../fashion_data/raw/train/train/image/151882.jpg,151882.jpg,../fashion_data/raw/train/train/annos/151882.json,,item2_long_sleeve_top,top,long_sleeve_top,2,700,1050,176.0,205.0,472.0,451.0,0.09906938775510205,246.0,prd_3_1_v1,core,SEGCORE1_0009,benchmark/prd_3_1_v1/candidates/segmentation_core_stress_v1/masks/core/top/SEGCORE1_0009.png,benchmark/prd_3_1_v1/candidates/segmentation_core_stress_v1/overlays/core/top/SEGCORE1_0009.jpg,medium_2-10%,>=100,0,unreviewed,Core,SEGTEST1_0008,PASS,QC_V2_GEOMETRY_PASS+FULL_CORE_HUMAN_CONTACT_SHEET_REVIEW,worn_person,HUMAN_REVIEW,medium,partial,full,CLIP_ASSISTED_DIAGNOSTIC_NOT_HUMAN_GT,GEOMETRY_PASS,,0.40,0.50,0.50,0.85,193,SEGTEST1_0008,top,long_sleeve_top,,0.0,False,0.0,False,0.0,False,False,missed,
DeepFashion2,../fashion_data/raw/train/train/image/152851.jpg,152851.jpg,../fashion_data/raw/train/train/annos/152851.json,,item1_shorts,pants,shorts,7,750,748,301.0,350.0,393.0,422.0,0.011807486631016042,72.0,prd_3_1_v1,core,SEGCORE1_0064,benchmark/prd_3_1_v1/candidates/segmentation_core_stress_v1/masks/core/pants/SEGCORE1_0064.png,benchmark/prd_3_1_v1/candidates/segmentation_core_stress_v1/overlays/core/pants/SEGCORE1_0064.jpg,small_0.5-2%,50-99,1,unreviewed,Core,SEGTEST1_0059,PASS,QC_V2_GEOMETRY_PASS+FULL_CORE_HUMAN_CONTACT_SHEET_REVIEW,worn_person,HUMAN_REVIEW,small,none,partial,CLIP_ASSISTED_DIAGNOSTIC_NOT_HUMAN_GT,GEOMETRY_PASS,,0.40,0.50,0.50,0.85,194,SEGTEST1_0059,pants,shorts,,0.0,False,0.0,False,0.0,False,False,missed,
DeepFashion2,../fashion_data/raw/train/train/image/155150.jpg,155150.jpg,../fashion_data/raw/train/train/annos/155150.json,,item2_shorts,pants,shorts,7,790,826,362.0,346.0,459.0,461.0,0.017094737487357098,97.0,prd_3_1_v1,core,SEGCORE1_0106,benchmark/prd_3_1_v1/candidates/segmentation_core_stress_v1/masks/core/pants/SEGCORE1_0106.png,benchmark/prd_3_1_v1/candidates/segmentation_core_stress_v1/overlays/core/pants/SEGCORE1_0106.jpg,small_0.5-2%,50-99,1,unreviewed,Core,SEGTEST1_0100,PASS,QC_V2_GEOMETRY_PASS+FULL_CORE_HUMAN_CONTACT_SHEET_REVIEW,worn_person,HUMAN_REVIEW,small,partial,partial,CLIP_ASSISTED_DIAGNOSTIC_NOT_HUMAN_GT,GEOMETRY_PASS,,0.40,0.50,0.50,0.85,197,SEGTEST1_0100,pants,shorts,,0.0,False,0.0,False,0.0,False,False,missed,
DeepFashion2,../fashion_data/raw/train/train/image/155942.jpg,155942.jpg,../fashion_data/raw/train/train/annos/155942.json,,item2_shorts,pants,shorts,7,750,979,446.0,415.0,568.0,532.0,0.019440245148110318,117.0,prd_3_1_v1,core,SEGCORE1_0100,benchmark/prd_3_1_v1/candidates/segmentation_core_stress_v1/masks/core/pants/SEGCORE1_0100.png,benchmark/prd_3_1_v1/candidates/segmentation_core_stress_v1/overlays/core/pants/SEGCORE1_0100.jpg,small_0.5-2%,>=100,1,unreviewed,Core,SEGTEST1_0094,PASS,QC_V2_GEOMETRY_PASS+FULL_CORE_HUMAN_CONTACT_SHEET_REVIEW,worn_person,HUMAN_REVIEW,small,partial,partial,CLIP_ASSISTED_DIAGNOSTIC_NOT_HUMAN_GT,GEOMETRY_PASS,,0.40,0.50,0.50,0.85,198,SEGTEST1_0094,pants,shorts,,0.0,False,0.0,False,0.0,False,False,missed,
DeepFashion2,../fashion_data/raw/train/train/image/156172.jpg,156172.jpg,../fashion_data/raw/train/train/annos/156172.json,,item2_skirt,skirt,skirt,9,750,682,381.0,282.0,558.0,490.0,0.07197653958944282,177.0,prd_3_1_v1,core,SEGCORE1_0153,benchmark/prd_3_1_v1/candidates/segmentation_core_stress_v1/masks/core/skirt/SEGCORE1_0153.png,benchmark/prd_3_1_v1/candidates/segmentation_core_stress_v1/overlays/core/skirt/SEGCORE1_0153.jpg,medium_2-10%,>=100,0,unreviewed,Core,SEGTEST1_0143,PASS,QC_V2_GEOMETRY_PASS+FULL_CORE_HUMAN_CONTACT_SHEET_REVIEW,worn_person,HUMAN_REVIEW,medium,partial,partial,CLIP_ASSISTED_DIAGNOSTIC_NOT_HUMAN_GT,GEOMETRY_PASS,,0.40,0.50,0.50,0.85,199,SEGTEST1_0143,skirt,skirt,,0.0,False,0.0,False,0.0,False,False,missed,
DeepFashion2,../fashion_data/raw/train/train/image/156930.jpg,156930.jpg,../fashion_data/raw/train/train/annos/156930.json,,item2_long_sleeve_dress,dress,long_sleeve_dress,11,750,1150,74.0,333.0,164.0,451.0,0.01231304347826087,90.0,prd_3_1_v1,core,SEGCORE1_0232,benchmark/prd_3_1_v1/candidates/segmentation_core_stress_v1/masks/core/dress/SEGCORE1_0232.png,benchmark/prd_3_1_v1/candidates/segmentation_core_stress_v1/overlays/core/dress/SEGCORE1_0232.jpg,small_0.5-2%,50-99,1,unreviewed,Core,SEGTEST1_0212,PASS,QC_V2_GEOMETRY_PASS+FULL_CORE_HUMAN_CONTACT_SHEET_REVIEW,worn_person,HUMAN_REVIEW,small,none,partial,CLIP_ASSISTED_DIAGNOSTIC_NOT_HUMAN_GT,GEOMETRY_PASS,,0.40,0.50,0.50,0.85,201,SEGTEST1_0212,dress,long_sleeve_dress,,0.0,False,0.0,False,0.0,False,False,missed,
DeepFashion2,../fashion_data/raw/train/train/image/157158.jpg,157158.jpg,../fashion_data/raw/train/train/annos/157158.json,,item1_short_sleeve_top,top,short_sleeve_top,1,700,819,264.0,187.0,442.0,367.0,0.05588697017268446,178.0,prd_3_1_v1,core,SEGCORE1_0015,benchmark/prd_3_1_v1/candidates/segmentation_core_stress_v1/masks/core/top/SEGCORE1_0015.png,benchmark/prd_3_1_v1/candidates/segmentation_core_stress_v1/overlays/core/top/SEGCORE1_0015.jpg,medium_2-10%,>=100,0,unreviewed,Core,SEGTEST1_0014,PASS,QC_V2_GEOMETRY_PASS+FULL_CORE_HUMAN_CONTACT_SHEET_REVIEW,worn_person,HUMAN_REVIEW,medium,partial,partial,CLIP_ASSISTED_DIAGNOSTIC_NOT_HUMAN_GT,GEOMETRY_PASS,,0.40,0.50,0.50,0.85,202,SEGTEST1_0014,top,short_sleeve_top,,0.0,False,0.0,False,0.0,False,False,missed,
DeepFashion2,../fashion_data/raw/train/train/image/158699.jpg,158699.jpg,../fashion_data/raw/train/train/annos/158699.json,,item2_skirt,skirt,skirt,9,880,880,246.0,543.0,529.0,793.0,0.09136105371900827,250.0,prd_3_1_v1,core,SEGCORE1_0129,benchmark/prd_3_1_v1/candidates/segmentation_core_stress_v1/masks/core/skirt/SEGCORE1_0129.png,benchmark/prd_3_1_v1/candidates/segmentation_core_stress_v1/overlays/core/skirt/SEGCORE1_0129.jpg,medium_2-10%,>=100,0,unreviewed,Core,SEGTEST1_0119,PASS,QC_V2_GEOMETRY_PASS+FULL_CORE_HUMAN_CONTACT_SHEET_REVIEW,partial_view,HUMAN_REVIEW,medium,none,partial,CLIP_ASSISTED_DIAGNOSTIC_NOT_HUMAN_GT,GEOMETRY_PASS,,0.40,0.50,0.50,0.85,204,SEGTEST1_0119,skirt,skirt,,0.0,False,0.0,False,0.0,False,False,missed,
DeepFashion2,../fashion_data/raw/train/train/image/158869.jpg,158869.jpg,../fashion_data/raw/train/train/annos/158869.json,,item2_shorts,pants,shorts,7,700,1050,231.0,701.0,504.0,902.0,0.07465714285714285,201.0,prd_3_1_v1,core,SEGCORE1_0103,benchmark/prd_3_1_v1/candidates/segmentation_core_stress_v1/masks/core/pants/SEGCORE1_0103.png,benchmark/prd_3_1_v1/candidates/segmentation_core_stress_v1/overlays/core/pants/SEGCORE1_0103.jpg,medium_2-10%,>=100,0,unreviewed,Core,SEGTEST1_0097,PASS,QC_V2_GEOMETRY_PASS+FULL_CORE_HUMAN_CONTACT_SHEET_REVIEW,partial_view,HUMAN_REVIEW,medium,partial,partial,CLIP_ASSISTED_DIAGNOSTIC_NOT_HUMAN_GT,GEOMETRY_PASS,,0.40,0.50,0.50,0.85,205,SEGTEST1_0097,pants,shorts,skirt,0.671644389629364,True,0.7827818075262867,False,0.6638495417212237,False,False,wrong_class,
DeepFashion2,../fashion_data/raw/train/train/image/163902.jpg,163902.jpg,../fashion_data/raw/train/train/annos/163902.json,,item2_trousers,pants,trousers,8,640,960,255.0,373.0,393.0,798.0,0.095458984375,138.0,prd_3_1_v1,core,SEGCORE1_0102,benchmark/prd_3_1_v1/candidates/segmentation_core_stress_v1/masks/core/pants/SEGCORE1_0102.png,benchmark/prd_3_1_v1/candidates/segmentation_core_stress_v1/overlays/core/pants/SEGCORE1_0102.jpg,medium_2-10%,>=100,0,unreviewed,Core,SEGTEST1_0096,PASS,QC_V2_GEOMETRY_PASS+FULL_CORE_HUMAN_CONTACT_SHEET_REVIEW,worn_person,HUMAN_REVIEW,medium,partial,full,CLIP_ASSISTED_DIAGNOSTIC_NOT_HUMAN_GT,GEOMETRY_PASS,,0.40,0.50,0.50,0.85,207,SEGTEST1_0096,pants,trousers,,0.0,False,0.0,False,0.0,False,False,missed,
DeepFashion2,../fashion_data/raw/train/train/image/164987.jpg,164987.jpg,../fashion_data/raw/train/train/annos/164987.json,,item1_vest,top,vest,5,755,819,172.0,458.0,324.0,656.0,0.04867185794338112,152.0,prd_3_1_v1,core,SEGCORE1_0036,benchmark/prd_3_1_v1/candidates/segmentation_core_stress_v1/masks/core/top/SEGCORE1_0036.png,benchmark/prd_3_1_v1/candidates/segmentation_core_stress_v1/overlays/core/top/SEGCORE1_0036.jpg,medium_2-10%,>=100,0,unreviewed,Core,SEGTEST1_0035,PASS,QC_V2_GEOMETRY_PASS+FULL_CORE_HUMAN_CONTACT_SHEET_REVIEW,partial_view,HUMAN_REVIEW,medium,partial,partial,CLIP_ASSISTED_DIAGNOSTIC_NOT_HUMAN_GT,GEOMETRY_PASS,,0.40,0.50,0.50,0.85,208,SEGTEST1_0035,top,vest,,0.0,False,0.0,False,0.0,False,False,missed,
DeepFashion2,../fashion_data/raw/train/train/image/165526.jpg,165526.jpg,../fashion_data/raw/train/train/annos/165526.json,,item1_skirt,skirt,skirt,9,468,351,11.0,0.0,446.0,333.0,0.8818211702827088,333.0,prd_3_1_v1,core,SEGCORE1_0146,benchmark/prd_3_1_v1/candidates/segmentation_core_stress_v1/masks/core/skirt/SEGCORE1_0146.png,benchmark/prd_3_1_v1/candidates/segmentation_core_stress_v1/overlays/core/skirt/SEGCORE1_0146.jpg,large_>=10%,>=100,0,unreviewed,Core,SEGTEST1_0136,PASS,QC_V2_GEOMETRY_PASS+FULL_CORE_HUMAN_CONTACT_SHEET_REVIEW,product_display,HUMAN_REVIEW,large,partial,partial,CLIP_ASSISTED_DIAGNOSTIC_NOT_HUMAN_GT,GEOMETRY_PASS,,0.40,0.50,0.50,0.85,209,SEGTEST1_0136,skirt,skirt,top,0.6310721039772034,True,0.922390342591136,False,0.9473121049398617,False,False,wrong_class,
DeepFashion2,../fashion_data/raw/train/train/image/165686.jpg,165686.jpg,../fashion_data/raw/train/train/annos/165686.json,,item2_shorts,pants,shorts,7,750,1132,271.0,485.0,456.0,642.0,0.03421083627797409,157.0,prd_3_1_v1,core,SEGCORE1_0079,benchmark/prd_3_1_v1/candidates/segmentation_core_stress_v1/masks/core/pants/SEGCORE1_0079.png,benchmark/prd_3_1_v1/candidates/segmentation_core_stress_v1/overlays/core/pants/SEGCORE1_0079.jpg,medium_2-10%,>=100,0,unreviewed,Core,SEGTEST1_0074,PASS,QC_V2_GEOMETRY_PASS+FULL_CORE_HUMAN_CONTACT_SHEET_REVIEW,worn_person,HUMAN_REVIEW,medium,partial,partial,CLIP_ASSISTED_DIAGNOSTIC_NOT_HUMAN_GT,GEOMETRY_PASS,,0.40,0.50,0.50,0.85,210,SEGTEST1_0074,pants,shorts,skirt,0.7973780035972595,True,0.928609575944173,False,0.9108238673456065,False,False,wrong_class,
DeepFashion2,../fashion_data/raw/train/train/image/166308.jpg,166308.jpg,../fashion_data/raw/train/train/annos/166308.json,,item2_sling,top,sling,6,640,450,336.0,100.0,398.0,191.0,0.01959027777777778,62.0,prd_3_1_v1,core,SEGCORE1_0017,benchmark/prd_3_1_v1/candidates/segmentation_core_stress_v1/masks/core/top/SEGCORE1_0017.png,benchmark/prd_3_1_v1/candidates/segmentation_core_stress_v1/overlays/core/top/SEGCORE1_0017.jpg,small_0.5-2%,50-99,1,unreviewed,Core,SEGTEST1_0016,PASS,QC_V2_GEOMETRY_PASS+FULL_CORE_HUMAN_CONTACT_SHEET_REVIEW,worn_person,HUMAN_REVIEW,small,partial,partial,CLIP_ASSISTED_DIAGNOSTIC_NOT_HUMAN_GT,GEOMETRY_PASS,,0.40,0.50,0.50,0.85,212,SEGTEST1_0016,top,sling,,0.0,False,0.0,False,0.0,False,False,missed,
DeepFashion2,../fashion_data/raw/train/train/image/166981.jpg,166981.jpg,../fashion_data/raw/train/train/annos/166981.json,,item1_short_sleeve_dress,dress,short_sleeve_dress,10,640,960,60.0,284.0,502.0,853.0,0.40933919270833335,442.0,prd_3_1_v1,core,SEGCORE1_0257,benchmark/prd_3_1_v1/candidates/segmentation_core_stress_v1/masks/core/dress/SEGCORE1_0257.png,benchmark/prd_3_1_v1/candidates/segmentation_core_stress_v1/overlays/core/dress/SEGCORE1_0257.jpg,large_>=10%,>=100,0,unreviewed,Core,SEGTEST1_0237,PASS,QC_V2_GEOMETRY_PASS+FULL_CORE_HUMAN_CONTACT_SHEET_REVIEW,worn_person,HUMAN_REVIEW,large,none,partial,CLIP_ASSISTED_DIAGNOSTIC_NOT_HUMAN_GT,GEOMETRY_PASS,,0.40,0.50,0.50,0.85,213,SEGTEST1_0237,dress,short_sleeve_dress,top,0.6056045889854431,True,0.5280898558389981,False,0.4535736023517528,False,False,wrong_class,
DeepFashion2,../fashion_data/raw/train/train/image/167285.jpg,167285.jpg,../fashion_data/raw/train/train/annos/167285.json,,item1_short_sleeve_dress,dress,short_sleeve_dress,10,468,832,255.0,399.0,323.0,507.0,0.01886094674556213,68.0,prd_3_1_v1,core,SEGCORE1_0252,benchmark/prd_3_1_v1/candidates/segmentation_core_stress_v1/masks/core/dress/SEGCORE1_0252.png,benchmark/prd_3_1_v1/candidates/segmentation_core_stress_v1/overlays/core/dress/SEGCORE1_0252.jpg,small_0.5-2%,50-99,1,unreviewed,Core,SEGTEST1_0232,PASS,QC_V2_GEOMETRY_PASS+FULL_CORE_HUMAN_CONTACT_SHEET_REVIEW,worn_person,HUMAN_REVIEW,small,partial,partial,CLIP_ASSISTED_DIAGNOSTIC_NOT_HUMAN_GT,GEOMETRY_PASS,,0.40,0.50,0.50,0.85,214,SEGTEST1_0232,dress,short_sleeve_dress,,0.0,False,0.0,False,0.0,False,False,missed,
DeepFashion2,../fashion_data/raw/train/train/image/168853.jpg,168853.jpg,../fashion_data/raw/train/train/annos/168853.json,,item1_long_sleeve_dress,dress,long_sleeve_dress,11,640,960,173.0,181.0,512.0,605.0,0.2339453125,339.0,prd_3_1_v1,core,SEGCORE1_0242,benchmark/prd_3_1_v1/candidates/segmentation_core_stress_v1/masks/core/dress/SEGCORE1_0242.png,benchmark/prd_3_1_v1/candidates/segmentation_core_stress_v1/overlays/core/dress/SEGCORE1_0242.jpg,large_>=10%,>=100,0,unreviewed,Core,SEGTEST1_0222,PASS,QC_V2_GEOMETRY_PASS+FULL_CORE_HUMAN_CONTACT_SHEET_REVIEW,worn_person,HUMAN_REVIEW,large,none,partial,CLIP_ASSISTED_DIAGNOSTIC_NOT_HUMAN_GT,GEOMETRY_PASS,,0.40,0.50,0.50,0.85,215,SEGTEST1_0222,dress,long_sleeve_dress,,0.0,False,0.0,False,0.0,False,False,missed,
DeepFashion2,../fashion_data/raw/train/train/image/169170.jpg,169170.jpg,../fashion_data/raw/train/train/annos/169170.json,,item1_long_sleeve_top,top,long_sleeve_top,2,468,624,223.0,272.0,283.0,362.0,0.01849112426035503,60.0,prd_3_1_v1,core,SEGCORE1_0050,benchmark/prd_3_1_v1/candidates/segmentation_core_stress_v1/masks/core/top/SEGCORE1_0050.png,benchmark/prd_3_1_v1/candidates/segmentation_core_stress_v1/overlays/core/top/SEGCORE1_0050.jpg,small_0.5-2%,50-99,1,unreviewed,Core,SEGTEST1_0048,PASS,QC_V2_GEOMETRY_PASS+FULL_CORE_HUMAN_CONTACT_SHEET_REVIEW,complex_scene,HUMAN_REVIEW,small,partial,partial,CLIP_ASSISTED_DIAGNOSTIC_NOT_HUMAN_GT,GEOMETRY_PASS,,0.40,0.50,0.50,0.85,216,SEGTEST1_0048,top,long_sleeve_top,,0.0,False,0.0,False,0.0,False,False,missed,
DeepFashion2,../fashion_data/raw/train/train/image/170129.jpg,170129.jpg,../fashion_data/raw/train/train/annos/170129.json,,item1_vest,top,vest,5,640,500,259.0,142.0,343.0,217.0,0.0196875,75.0,prd_3_1_v1,core,SEGCORE1_0031,benchmark/prd_3_1_v1/candidates/segmentation_core_stress_v1/masks/core/top/SEGCORE1_0031.png,benchmark/prd_3_1_v1/candidates/segmentation_core_stress_v1/overlays/core/top/SEGCORE1_0031.jpg,small_0.5-2%,50-99,1,unreviewed,Core,SEGTEST1_0030,PASS,QC_V2_GEOMETRY_PASS+FULL_CORE_HUMAN_CONTACT_SHEET_REVIEW,worn_person,HUMAN_REVIEW,small,none,partial,CLIP_ASSISTED_DIAGNOSTIC_NOT_HUMAN_GT,GEOMETRY_PASS,,0.40,0.50,0.50,0.85,217,SEGTEST1_0030,top,vest,,0.0,False,0.0,False,0.0,False,False,missed,
DeepFashion2,../fashion_data/raw/train/train/image/170967.jpg,170967.jpg,../fashion_data/raw/train/train/annos/170967.json,,item1_short_sleeve_top,top,short_sleeve_top,1,468,624,135.0,131.0,294.0,278.0,0.08003574950690336,147.0,prd_3_1_v1,core,SEGCORE1_0027,benchmark/prd_3_1_v1/candidates/segmentation_core_stress_v1/masks/core/top/SEGCORE1_0027.png,benchmark/prd_3_1_v1/candidates/segmentation_core_stress_v1/overlays/core/top/SEGCORE1_0027.jpg,medium_2-10%,>=100,0,unreviewed,Core,SEGTEST1_0026,PASS,QC_V2_GEOMETRY_PASS+FULL_CORE_HUMAN_CONTACT_SHEET_REVIEW,complex_scene,HUMAN_REVIEW,medium,partial,partial,CLIP_ASSISTED_DIAGNOSTIC_NOT_HUMAN_GT,GEOMETRY_PASS,,0.40,0.50,0.50,0.85,218,SEGTEST1_0026,top,short_sleeve_top,,0.0,False,0.0,False,0.0,False,False,missed,
DeepFashion2,../fashion_data/raw/train/train/image/174532.jpg,174532.jpg,../fashion_data/raw/train/train/annos/174532.json,,item2_skirt,skirt,skirt,9,468,624,213.0,129.0,269.0,180.0,0.00977975016436555,51.0,prd_3_1_v1,core,SEGCORE1_0154,benchmark/prd_3_1_v1/candidates/segmentation_core_stress_v1/masks/core/skirt/SEGCORE1_0154.png,benchmark/prd_3_1_v1/candidates/segmentation_core_stress_v1/overlays/core/skirt/SEGCORE1_0154.jpg,small_0.5-2%,50-99,1,unreviewed,Core,SEGTEST1_0144,PASS,QC_V2_GEOMETRY_PASS+FULL_CORE_HUMAN_CONTACT_SHEET_REVIEW,complex_scene,HUMAN_REVIEW,small,none,partial,CLIP_ASSISTED_DIAGNOSTIC_NOT_HUMAN_GT,GEOMETRY_PASS,,0.40,0.50,0.50,0.85,220,SEGTEST1_0144,skirt,skirt,,0.0,False,0.0,False,0.0,False,False,missed,
DeepFashion2,../fashion_data/raw/train/train/image/176028.jpg,176028.jpg,../fashion_data/raw/train/train/annos/176028.json,,item2_skirt,skirt,skirt,9,468,624,152.0,280.0,241.0,443.0,0.049676062897216745,89.0,prd_3_1_v1,core,SEGCORE1_0156,benchmark/prd_3_1_v1/candidates/segmentation_core_stress_v1/masks/core/skirt/SEGCORE1_0156.png,benchmark/prd_3_1_v1/candidates/segmentation_core_stress_v1/overlays/core/skirt/SEGCORE1_0156.jpg,medium_2-10%,50-99,0,unreviewed,Core,SEGTEST1_0145,PASS,QC_V2_GEOMETRY_PASS+FULL_CORE_HUMAN_CONTACT_SHEET_REVIEW,complex_scene,HUMAN_REVIEW,medium,none,partial,CLIP_ASSISTED_DIAGNOSTIC_NOT_HUMAN_GT,GEOMETRY_PASS,,0.40,0.50,0.50,0.85,222,SEGTEST1_0145,skirt,skirt,,0.0,False,0.0,False,0.0,False,False,missed,
DeepFashion2,../fashion_data/raw/train/train/image/176387.jpg,176387.jpg,../fashion_data/raw/train/train/annos/176387.json,,item2_trousers,pants,trousers,8,750,528,352.0,290.0,412.0,420.0,0.019696969696969695,60.0,prd_3_1_v1,core,SEGCORE1_0059,benchmark/prd_3_1_v1/candidates/segmentation_core_stress_v1/masks/core/pants/SEGCORE1_0059.png,benchmark/prd_3_1_v1/candidates/segmentation_core_stress_v1/overlays/core/pants/SEGCORE1_0059.jpg,small_0.5-2%,50-99,1,unreviewed,Core,SEGTEST1_0054,PASS,QC_V2_GEOMETRY_PASS+FULL_CORE_HUMAN_CONTACT_SHEET_REVIEW,complex_scene,HUMAN_REVIEW,small,none,partial,CLIP_ASSISTED_DIAGNOSTIC_NOT_HUMAN_GT,GEOMETRY_PASS,,0.40,0.50,0.50,0.85,223,SEGTEST1_0054,pants,trousers,,0.0,False,0.0,False,0.0,False,False,missed,
DeepFashion2,../fashion_data/raw/train/train/image/176527.jpg,176527.jpg,../fashion_data/raw/train/train/annos/176527.json,,item1_vest,top,vest,5,468,624,258.0,240.0,321.0,322.0,0.01768984220907298,63.0,prd_3_1_v1,core,SEGCORE1_0043,benchmark/prd_3_1_v1/candidates/segmentation_core_stress_v1/masks/core/top/SEGCORE1_0043.png,benchmark/prd_3_1_v1/candidates/segmentation_core_stress_v1/overlays/core/top/SEGCORE1_0043.jpg,small_0.5-2%,50-99,1,unreviewed,Core,SEGTEST1_0042,PASS,QC_V2_GEOMETRY_PASS+FULL_CORE_HUMAN_CONTACT_SHEET_REVIEW,complex_scene,HUMAN_REVIEW,small,partial,partial,CLIP_ASSISTED_DIAGNOSTIC_NOT_HUMAN_GT,GEOMETRY_PASS,,0.40,0.50,0.50,0.85,224,SEGTEST1_0042,top,vest,,0.0,False,0.0,False,0.0,False,False,missed,
DeepFashion2,../fashion_data/raw/train/train/image/177014.jpg,177014.jpg,../fashion_data/raw/train/train/annos/177014.json,,item1_short_sleeve_top,top,short_sleeve_top,1,468,624,194.0,198.0,262.0,263.0,0.015135327635327635,65.0,prd_3_1_v1,core,SEGCORE1_0006,benchmark/prd_3_1_v1/candidates/segmentation_core_stress_v1/masks/core/top/SEGCORE1_0006.png,benchmark/prd_3_1_v1/candidates/segmentation_core_stress_v1/overlays/core/top/SEGCORE1_0006.jpg,small_0.5-2%,50-99,1,unreviewed,Core,SEGTEST1_0006,PASS,QC_V2_GEOMETRY_PASS+FULL_CORE_HUMAN_CONTACT_SHEET_REVIEW,complex_scene,HUMAN_REVIEW,small,none,partial,CLIP_ASSISTED_DIAGNOSTIC_NOT_HUMAN_GT,GEOMETRY_PASS,,0.40,0.50,0.50,0.85,225,SEGTEST1_0006,top,short_sleeve_top,,0.0,False,0.0,False,0.0,False,False,missed,
DeepFashion2,../fashion_data/raw/train/train/image/178531.jpg,178531.jpg,../fashion_data/raw/train/train/annos/178531.json,,item2_trousers,pants,trousers,8,468,624,168.0,254.0,226.0,312.0,0.011519285557747096,58.0,prd_3_1_v1,core,SEGCORE1_0083,benchmark/prd_3_1_v1/candidates/segmentation_core_stress_v1/masks/core/pants/SEGCORE1_0083.png,benchmark/prd_3_1_v1/candidates/segmentation_core_stress_v1/overlays/core/pants/SEGCORE1_0083.jpg,small_0.5-2%,50-99,1,unreviewed,Core,SEGTEST1_0078,PASS,QC_V2_GEOMETRY_PASS+FULL_CORE_HUMAN_CONTACT_SHEET_REVIEW,partial_view,HUMAN_REVIEW,small,none,partial,CLIP_ASSISTED_DIAGNOSTIC_NOT_HUMAN_GT,GEOMETRY_PASS,,0.40,0.50,0.50,0.85,227,SEGTEST1_0078,pants,trousers,,0.0,False,0.0,False,0.0,False,False,missed,
DeepFashion2,../fashion_data/raw/train/train/image/179803.jpg,179803.jpg,../fashion_data/raw/train/train/annos/179803.json,,item2_long_sleeve_top,top,long_sleeve_top,2,468,702,171.0,152.0,340.0,320.0,0.08641975308641975,168.0,prd_3_1_v1,core,SEGCORE1_0045,benchmark/prd_3_1_v1/candidates/segmentation_core_stress_v1/masks/core/top/SEGCORE1_0045.png,benchmark/prd_3_1_v1/candidates/segmentation_core_stress_v1/overlays/core/top/SEGCORE1_0045.jpg,medium_2-10%,>=100,0,unreviewed,Core,SEGTEST1_0044,PASS,QC_V2_GEOMETRY_PASS+FULL_CORE_HUMAN_CONTACT_SHEET_REVIEW,worn_person,HUMAN_REVIEW,medium,none,partial,CLIP_ASSISTED_DIAGNOSTIC_NOT_HUMAN_GT,GEOMETRY_PASS,,0.40,0.50,0.50,0.85,230,SEGTEST1_0044,top,long_sleeve_top,dress,0.7296946048736572,True,0.5135769183576879,False,0.3297485954259123,False,False,wrong_class,
DeepFashion2,../fashion_data/raw/train/train/image/180680.jpg,180680.jpg,../fashion_data/raw/train/train/annos/180680.json,,item2_long_sleeve_top,top,long_sleeve_top,2,880,1108,326.0,592.0,460.0,713.0,0.016629061371841156,121.0,prd_3_1_v1,core,SEGCORE1_0026,benchmark/prd_3_1_v1/candidates/segmentation_core_stress_v1/masks/core/top/SEGCORE1_0026.png,benchmark/prd_3_1_v1/candidates/segmentation_core_stress_v1/overlays/core/top/SEGCORE1_0026.jpg,small_0.5-2%,>=100,1,unreviewed,Core,SEGTEST1_0025,PASS,QC_V2_GEOMETRY_PASS+FULL_CORE_HUMAN_CONTACT_SHEET_REVIEW,worn_person,HUMAN_REVIEW,small,partial,partial,CLIP_ASSISTED_DIAGNOSTIC_NOT_HUMAN_GT,GEOMETRY_PASS,,0.40,0.50,0.50,0.85,231,SEGTEST1_0025,top,long_sleeve_top,,0.0,False,0.0,False,0.0,False,False,missed,
DeepFashion2,../fashion_data/raw/train/train/image/181040.jpg,181040.jpg,../fashion_data/raw/train/train/annos/181040.json,,item1_vest,top,vest,5,750,925,345.0,325.0,477.0,508.0,0.03481945945945946,132.0,prd_3_1_v1,core,SEGCORE1_0048,benchmark/prd_3_1_v1/candidates/segmentation_core_stress_v1/masks/core/top/SEGCORE1_0048.png,benchmark/prd_3_1_v1/candidates/segmentation_core_stress_v1/overlays/core/top/SEGCORE1_0048.jpg,medium_2-10%,>=100,0,unreviewed,Core,SEGTEST1_0047,PASS,QC_V2_GEOMETRY_PASS+FULL_CORE_HUMAN_CONTACT_SHEET_REVIEW,worn_person,HUMAN_REVIEW,medium,partial,partial,CLIP_ASSISTED_DIAGNOSTIC_NOT_HUMAN_GT,GEOMETRY_PASS,,0.40,0.50,0.50,0.85,232,SEGTEST1_0047,top,vest,,0.0,False,0.0,False,0.0,False,False,missed,
DeepFashion2,../fashion_data/raw/train/train/image/181324.jpg,181324.jpg,../fashion_data/raw/train/train/annos/181324.json,,item2_skirt,skirt,skirt,9,468,632,226.0,180.0,303.0,241.0,0.015880260737855676,61.0,prd_3_1_v1,core,SEGCORE1_0157,benchmark/prd_3_1_v1/candidates/segmentation_core_stress_v1/masks/core/skirt/SEGCORE1_0157.png,benchmark/prd_3_1_v1/candidates/segmentation_core_stress_v1/overlays/core/skirt/SEGCORE1_0157.jpg,small_0.5-2%,50-99,1,unreviewed,Core,SEGTEST1_0146,PASS,QC_V2_GEOMETRY_PASS+FULL_CORE_HUMAN_CONTACT_SHEET_REVIEW,complex_scene,HUMAN_REVIEW,small,partial,partial,CLIP_ASSISTED_DIAGNOSTIC_NOT_HUMAN_GT,GEOMETRY_PASS,,0.40,0.50,0.50,0.85,233,SEGTEST1_0146,skirt,skirt,,0.0,False,0.0,False,0.0,False,False,missed,
DeepFashion2,../fashion_data/raw/train/train/image/181559.jpg,181559.jpg,../fashion_data/raw/train/train/annos/181559.json,,item3_short_sleeve_dress,dress,short_sleeve_dress,10,750,1125,574.0,479.0,660.0,613.0,0.013658074074074074,86.0,prd_3_1_v1,core,SEGCORE1_0240,benchmark/prd_3_1_v1/candidates/segmentation_core_stress_v1/masks/core/dress/SEGCORE1_0240.png,benchmark/prd_3_1_v1/candidates/segmentation_core_stress_v1/overlays/core/dress/SEGCORE1_0240.jpg,small_0.5-2%,50-99,1,unreviewed,Core,SEGTEST1_0220,PASS,QC_V2_GEOMETRY_PASS+FULL_CORE_HUMAN_CONTACT_SHEET_REVIEW,worn_person,HUMAN_REVIEW,small,partial,partial,CLIP_ASSISTED_DIAGNOSTIC_NOT_HUMAN_GT,GEOMETRY_PASS,,0.40,0.50,0.50,0.85,234,SEGTEST1_0220,dress,short_sleeve_dress,accessory,0.678486168384552,True,0.9542775579742796,False,0.8652959943282524,False,False,wrong_class,
DeepFashion2,../fashion_data/raw/train/train/image/183131.jpg,183131.jpg,../fashion_data/raw/train/train/annos/183131.json,,item4_skirt,skirt,skirt,9,696,684,620.0,363.0,678.0,426.0,0.007675438596491228,58.0,prd_3_1_v1,core,SEGCORE1_0148,benchmark/prd_3_1_v1/candidates/segmentation_core_stress_v1/masks/core/skirt/SEGCORE1_0148.png,benchmark/prd_3_1_v1/candidates/segmentation_core_stress_v1/overlays/core/skirt/SEGCORE1_0148.jpg,small_0.5-2%,50-99,1,unreviewed,Core,SEGTEST1_0138,PASS,QC_V2_GEOMETRY_PASS+FULL_CORE_HUMAN_CONTACT_SHEET_REVIEW,worn_person,HUMAN_REVIEW,small,none,partial,CLIP_ASSISTED_DIAGNOSTIC_NOT_HUMAN_GT,GEOMETRY_PASS,,0.40,0.50,0.50,0.85,235,SEGTEST1_0138,skirt,skirt,,0.0,False,0.0,False,0.0,False,False,missed,
DeepFashion2,../fashion_data/raw/train/train/image/183243.jpg,183243.jpg,../fashion_data/raw/train/train/annos/183243.json,,item1_vest,top,vest,5,468,646,189.0,217.0,367.0,448.0,0.13600460427085814,178.0,prd_3_1_v1,core,SEGCORE1_0016,benchmark/prd_3_1_v1/candidates/segmentation_core_stress_v1/masks/core/top/SEGCORE1_0016.png,benchmark/prd_3_1_v1/candidates/segmentation_core_stress_v1/overlays/core/top/SEGCORE1_0016.jpg,large_>=10%,>=100,0,unreviewed,Core,SEGTEST1_0015,PASS,QC_V2_GEOMETRY_PASS+FULL_CORE_HUMAN_CONTACT_SHEET_REVIEW,worn_person,HUMAN_REVIEW,large,none,partial,CLIP_ASSISTED_DIAGNOSTIC_NOT_HUMAN_GT,GEOMETRY_PASS,,0.40,0.50,0.50,0.85,236,SEGTEST1_0015,top,vest,,0.0,False,0.0,False,0.0,False,False,missed,
DeepFashion2,../fashion_data/raw/train/train/image/184161.jpg,184161.jpg,../fashion_data/raw/train/train/annos/184161.json,,item4_long_sleeve_top,top,long_sleeve_top,2,750,475,465.0,118.0,516.0,170.0,0.007444210526315789,51.0,prd_3_1_v1,core,SEGCORE1_0002,benchmark/prd_3_1_v1/candidates/segmentation_core_stress_v1/masks/core/top/SEGCORE1_0002.png,benchmark/prd_3_1_v1/candidates/segmentation_core_stress_v1/overlays/core/top/SEGCORE1_0002.jpg,small_0.5-2%,50-99,1,unreviewed,Core,SEGTEST1_0002,PASS,QC_V2_GEOMETRY_PASS+FULL_CORE_HUMAN_CONTACT_SHEET_REVIEW,complex_scene,HUMAN_REVIEW,small,none,partial,CLIP_ASSISTED_DIAGNOSTIC_NOT_HUMAN_GT,GEOMETRY_PASS,,0.40,0.50,0.50,0.85,237,SEGTEST1_0002,top,long_sleeve_top,,0.0,False,0.0,False,0.0,False,False,missed,
DeepFashion2,../fashion_data/raw/train/train/image/186306.jpg,186306.jpg,../fashion_data/raw/train/train/annos/186306.json,,item2_long_sleeve_outwear,outerwear,long_sleeve_outwear,4,640,960,188.0,348.0,372.0,621.0,0.0817578125,184.0,prd_3_1_v1,core,SEGCORE1_0200,benchmark/prd_3_1_v1/candidates/segmentation_core_stress_v1/masks/core/outerwear/SEGCORE1_0200.png,benchmark/prd_3_1_v1/candidates/segmentation_core_stress_v1/overlays/core/outerwear/SEGCORE1_0200.jpg,medium_2-10%,>=100,0,unreviewed,Core,SEGTEST1_0184,PASS,QC_V2_GEOMETRY_PASS+FULL_CORE_HUMAN_CONTACT_SHEET_REVIEW,worn_person,HUMAN_REVIEW,medium,none,partial,CLIP_ASSISTED_DIAGNOSTIC_NOT_HUMAN_GT,GEOMETRY_PASS,,0.40,0.50,0.50,0.85,239,SEGTEST1_0184,outerwear,long_sleeve_outwear,top,0.43551093339920044,True,0.7413213924880173,False,0.6911697639949834,False,False,wrong_class,
DeepFashion2,../fashion_data/raw/train/train/image/186391.jpg,186391.jpg,../fashion_data/raw/train/train/annos/186391.json,,item2_long_sleeve_outwear,outerwear,long_sleeve_outwear,4,468,630,214.0,136.0,292.0,211.0,0.01984126984126984,75.0,prd_3_1_v1,core,SEGCORE1_0193,benchmark/prd_3_1_v1/candidates/segmentation_core_stress_v1/masks/core/outerwear/SEGCORE1_0193.png,benchmark/prd_3_1_v1/candidates/segmentation_core_stress_v1/overlays/core/outerwear/SEGCORE1_0193.jpg,small_0.5-2%,50-99,1,unreviewed,Core,SEGTEST1_0178,PASS,QC_V2_GEOMETRY_PASS+FULL_CORE_HUMAN_CONTACT_SHEET_REVIEW,complex_scene,HUMAN_REVIEW,small,partial,partial,CLIP_ASSISTED_DIAGNOSTIC_NOT_HUMAN_GT,GEOMETRY_PASS,,0.40,0.50,0.50,0.85,240,SEGTEST1_0178,outerwear,long_sleeve_outwear,,0.0,False,0.0,False,0.0,False,False,missed,
DeepFashion2,../fashion_data/raw/train/train/image/187397.jpg,187397.jpg,../fashion_data/raw/train/train/annos/187397.json,,item2_skirt,skirt,skirt,9,640,960,235.0,484.0,349.0,569.0,0.015771484375,85.0,prd_3_1_v1,core,SEGCORE1_0136,benchmark/prd_3_1_v1/candidates/segmentation_core_stress_v1/masks/core/skirt/SEGCORE1_0136.png,benchmark/prd_3_1_v1/candidates/segmentation_core_stress_v1/overlays/core/skirt/SEGCORE1_0136.jpg,small_0.5-2%,50-99,1,unreviewed,Core,SEGTEST1_0126,PASS,QC_V2_GEOMETRY_PASS+FULL_CORE_HUMAN_CONTACT_SHEET_REVIEW,worn_person,HUMAN_REVIEW,small,partial,partial,CLIP_ASSISTED_DIAGNOSTIC_NOT_HUMAN_GT,GEOMETRY_PASS,,0.40,0.50,0.50,0.85,241,SEGTEST1_0126,skirt,skirt,,0.0,False,0.0,False,0.0,False,False,missed,
DeepFashion2,../fashion_data/raw/train/train/image/187981.jpg,187981.jpg,../fashion_data/raw/train/train/annos/187981.json,,item2_short_sleeve_outwear,outerwear,short_sleeve_outwear,3,750,1124,286.0,274.0,506.0,596.0,0.08403321470937129,220.0,prd_3_1_v1,core,SEGCORE1_0197,benchmark/prd_3_1_v1/candidates/segmentation_core_stress_v1/masks/core/outerwear/SEGCORE1_0197.png,benchmark/prd_3_1_v1/candidates/segmentation_core_stress_v1/overlays/core/outerwear/SEGCORE1_0197.jpg,medium_2-10%,>=100,0,unreviewed,Core,SEGTEST1_0182,PASS,QC_V2_GEOMETRY_PASS+FULL_CORE_HUMAN_CONTACT_SHEET_REVIEW,worn_person,HUMAN_REVIEW,medium,partial,full,CLIP_ASSISTED_DIAGNOSTIC_NOT_HUMAN_GT,GEOMETRY_PASS,,0.40,0.50,0.50,0.85,244,SEGTEST1_0182,outerwear,short_sleeve_outwear,,0.0,False,0.0,False,0.0,False,False,missed,
DeepFashion2,../fashion_data/raw/train/train/image/189034.jpg,189034.jpg,../fashion_data/raw/train/train/annos/189034.json,,item1_short_sleeve_top,top,short_sleeve_top,1,850,818,328.0,229.0,468.0,404.0,0.03523658852293974,140.0,prd_3_1_v1,core,SEGCORE1_0039,benchmark/prd_3_1_v1/candidates/segmentation_core_stress_v1/masks/core/top/SEGCORE1_0039.png,benchmark/prd_3_1_v1/candidates/segmentation_core_stress_v1/overlays/core/top/SEGCORE1_0039.jpg,medium_2-10%,>=100,0,unreviewed,Core,SEGTEST1_0038,PASS,QC_V2_GEOMETRY_PASS+FULL_CORE_HUMAN_CONTACT_SHEET_REVIEW,worn_person,HUMAN_REVIEW,medium,partial,partial,CLIP_ASSISTED_DIAGNOSTIC_NOT_HUMAN_GT,GEOMETRY_PASS,,0.40,0.50,0.50,0.85,245,SEGTEST1_0038,top,short_sleeve_top,,0.0,False,0.0,False,0.0,False,False,missed,
DeepFashion2,../fashion_data/raw/train/train/image/189186.jpg,189186.jpg,../fashion_data/raw/train/train/annos/189186.json,,item1_short_sleeve_outwear,outerwear,short_sleeve_outwear,3,750,1125,260.0,274.0,489.0,587.0,0.08495051851851852,229.0,prd_3_1_v1,core,SEGCORE1_0202,benchmark/prd_3_1_v1/candidates/segmentation_core_stress_v1/masks/core/outerwear/SEGCORE1_0202.png,benchmark/prd_3_1_v1/candidates/segmentation_core_stress_v1/overlays/core/outerwear/SEGCORE1_0202.jpg,medium_2-10%,>=100,0,unreviewed,Core,SEGTEST1_0186,PASS,QC_V2_GEOMETRY_PASS+FULL_CORE_HUMAN_CONTACT_SHEET_REVIEW,worn_person,HUMAN_REVIEW,medium,partial,full,CLIP_ASSISTED_DIAGNOSTIC_NOT_HUMAN_GT,GEOMETRY_PASS,,0.40,0.50,0.50,0.85,246,SEGTEST1_0186,outerwear,short_sleeve_outwear,top,0.4729546308517456,True,0.8472951133725031,False,0.8625056214348269,False,False,wrong_class,
DeepFashion2,../fashion_data/raw/train/train/image/189305.jpg,189305.jpg,../fashion_data/raw/train/train/annos/189305.json,,item1_long_sleeve_top,top,long_sleeve_top,2,750,500,317.0,166.0,410.0,355.0,0.046872,93.0,prd_3_1_v1,core,SEGCORE1_0021,benchmark/prd_3_1_v1/candidates/segmentation_core_stress_v1/masks/core/top/SEGCORE1_0021.png,benchmark/prd_3_1_v1/candidates/segmentation_core_stress_v1/overlays/core/top/SEGCORE1_0021.jpg,medium_2-10%,50-99,0,unreviewed,Core,SEGTEST1_0020,PASS,QC_V2_GEOMETRY_PASS+FULL_CORE_HUMAN_CONTACT_SHEET_REVIEW,worn_person,HUMAN_REVIEW,medium,none,partial,CLIP_ASSISTED_DIAGNOSTIC_NOT_HUMAN_GT,GEOMETRY_PASS,,0.40,0.50,0.50,0.85,247,SEGTEST1_0020,top,long_sleeve_top,,0.0,False,0.0,False,0.0,False,False,missed,
DeepFashion2,../fashion_data/raw/train/train/image/189928.jpg,189928.jpg,../fashion_data/raw/train/train/annos/189928.json,,item3_long_sleeve_outwear,outerwear,long_sleeve_outwear,4,880,622,564.0,322.0,639.0,439.0,0.01603149663840982,75.0,prd_3_1_v1,core,SEGCORE1_0203,benchmark/prd_3_1_v1/candidates/segmentation_core_stress_v1/masks/core/outerwear/SEGCORE1_0203.png,benchmark/prd_3_1_v1/candidates/segmentation_core_stress_v1/overlays/core/outerwear/SEGCORE1_0203.jpg,small_0.5-2%,50-99,1,unreviewed,Core,SEGTEST1_0187,PASS,QC_V2_GEOMETRY_PASS+FULL_CORE_HUMAN_CONTACT_SHEET_REVIEW,worn_person,HUMAN_REVIEW,small,none,partial,CLIP_ASSISTED_DIAGNOSTIC_NOT_HUMAN_GT,GEOMETRY_PASS,,0.40,0.50,0.50,0.85,248,SEGTEST1_0187,outerwear,long_sleeve_outwear,,0.0,False,0.0,False,0.0,False,False,missed,
Fashionpedia,../fashion_data/raw/fashionpedia/images/test/0205895cfbb5348d94fda8ce32272fa5.jpg,0205895cfbb5348d94fda8ce32272fa5.jpg,../fashion_data/raw/fashionpedia/annotations/instances_attributes_val2020.json,4673,fashionpedia_ann_4673,shoe,shoe,23,683,1024,218.0,874.0,330.0,1022.0,0.023700585651537334,112.0,prd_3_1_v1,core,SEGCORE1_0324,benchmark/prd_3_1_v1/candidates/segmentation_core_stress_v1/masks/core/shoe/SEGCORE1_0324.png,benchmark/prd_3_1_v1/candidates/segmentation_core_stress_v1/overlays/core/shoe/SEGCORE1_0324.jpg,medium_2-10%,>=100,0,unreviewed,Core,SEGTEST1_0299,PASS,QC_V2_GEOMETRY_PASS+FULL_CORE_HUMAN_CONTACT_SHEET_REVIEW,worn_person,HUMAN_REVIEW,medium,partial,full,CLIP_ASSISTED_DIAGNOSTIC_NOT_HUMAN_GT,GEOMETRY_PASS,,0.40,0.50,0.50,0.85,250,SEGTEST1_0299,shoe,shoe,,0.0,False,0.0,False,0.0,False,False,missed,
Fashionpedia,../fashion_data/raw/fashionpedia/images/test/02b4423e161fa2409974174ec53cdb2a.jpg,02b4423e161fa2409974174ec53cdb2a.jpg,../fashion_data/raw/fashionpedia/annotations/instances_attributes_val2020.json,8391,fashionpedia_ann_8391,bag,"bag, wallet",24,682,1024,109.0,538.0,219.0,740.0,0.03181703629032258,110.0,prd_3_1_v1,core,SEGCORE1_0362,benchmark/prd_3_1_v1/candidates/segmentation_core_stress_v1/masks/core/bag/SEGCORE1_0362.png,benchmark/prd_3_1_v1/candidates/segmentation_core_stress_v1/overlays/core/bag/SEGCORE1_0362.jpg,medium_2-10%,>=100,0,unreviewed,Core,SEGTEST1_0329,PASS,QC_V2_GEOMETRY_PASS+FULL_CORE_HUMAN_CONTACT_SHEET_REVIEW,worn_person,HUMAN_REVIEW,medium,partial,partial,CLIP_ASSISTED_DIAGNOSTIC_NOT_HUMAN_GT,GEOMETRY_PASS,,0.40,0.50,0.50,0.85,251,SEGTEST1_0329,bag,"bag, wallet",,0.0,False,0.0,False,0.0,False,False,missed,
Fashionpedia,../fashion_data/raw/fashionpedia/images/test/030cfd158b49ff622c71bdf9aa30f39a.jpg,030cfd158b49ff622c71bdf9aa30f39a.jpg,../fashion_data/raw/fashionpedia/annotations/instances_attributes_val2020.json,3751,fashionpedia_ann_3751,shoe,shoe,23,682,1024,336.0,867.0,396.0,953.0,0.007388654692082112,60.0,prd_3_1_v1,core,SEGCORE1_0311,benchmark/prd_3_1_v1/candidates/segmentation_core_stress_v1/masks/core/shoe/SEGCORE1_0311.png,benchmark/prd_3_1_v1/candidates/segmentation_core_stress_v1/overlays/core/shoe/SEGCORE1_0311.jpg,small_0.5-2%,50-99,1,unreviewed,Core,SEGTEST1_0286,PASS,QC_V2_GEOMETRY_PASS+FULL_CORE_HUMAN_CONTACT_SHEET_REVIEW,complex_scene,HUMAN_REVIEW,small,partial,partial,CLIP_ASSISTED_DIAGNOSTIC_NOT_HUMAN_GT,GEOMETRY_PASS,,0.40,0.50,0.50,0.85,252,SEGTEST1_0286,shoe,shoe,,0.0,False,0.0,False,0.0,False,False,missed,
Fashionpedia,../fashion_data/raw/fashionpedia/images/test/0544acba02e8776a56fde74f83633c21.jpg,0544acba02e8776a56fde74f83633c21.jpg,../fashion_data/raw/fashionpedia/annotations/instances_attributes_val2020.json,141,fashionpedia_ann_141,bag,"bag, wallet",24,1024,576,287.0,221.0,358.0,379.0,0.019019232855902776,71.0,prd_3_1_v1,core,SEGCORE1_0349,benchmark/prd_3_1_v1/candidates/segmentation_core_stress_v1/masks/core/bag/SEGCORE1_0349.png,benchmark/prd_3_1_v1/candidates/segmentation_core_stress_v1/overlays/core/bag/SEGCORE1_0349.jpg,small_0.5-2%,50-99,1,unreviewed,Core,SEGTEST1_0318,PASS,QC_V2_GEOMETRY_PASS+FULL_CORE_HUMAN_CONTACT_SHEET_REVIEW,complex_scene,HUMAN_REVIEW,small,partial,partial,CLIP_ASSISTED_DIAGNOSTIC_NOT_HUMAN_GT,GEOMETRY_PASS,,0.40,0.50,0.50,0.85,253,SEGTEST1_0318,bag,"bag, wallet",bag,0.6194085478782654,True,0.5751250627954612,True,0.33191981495759443,False,False,low_mask_iou,
Fashionpedia,../fashion_data/raw/fashionpedia/images/test/0617757485dad98ded988c6e101c8bf2.jpg,0617757485dad98ded988c6e101c8bf2.jpg,../fashion_data/raw/fashionpedia/annotations/instances_attributes_val2020.json,1629,fashionpedia_ann_1629,shoe,shoe,23,682,1024,242.0,803.0,374.0,925.0,0.023059475806451613,122.0,prd_3_1_v1,core,SEGCORE1_0302,benchmark/prd_3_1_v1/candidates/segmentation_core_stress_v1/masks/core/shoe/SEGCORE1_0302.png,benchmark/prd_3_1_v1/candidates/segmentation_core_stress_v1/overlays/core/shoe/SEGCORE1_0302.jpg,medium_2-10%,>=100,0,unreviewed,Core,SEGTEST1_0277,PASS,QC_V2_GEOMETRY_PASS+FULL_CORE_HUMAN_CONTACT_SHEET_REVIEW,complex_scene,HUMAN_REVIEW,medium,partial,partial,CLIP_ASSISTED_DIAGNOSTIC_NOT_HUMAN_GT,GEOMETRY_PASS,,0.40,0.50,0.50,0.85,255,SEGTEST1_0277,shoe,shoe,,0.0,False,0.0,False,0.0,False,False,missed,
Fashionpedia,../fashion_data/raw/fashionpedia/images/test/064c8022b32931e787260d81ed5aafe8.jpg,064c8022b32931e787260d81ed5aafe8.jpg,../fashion_data/raw/fashionpedia/annotations/instances_attributes_val2020.json,8225,fashionpedia_ann_8225,accessory,scarf,25,680,1024,210.0,193.0,410.0,649.0,0.13097426470588236,200.0,prd_3_1_v1,core,SEGCORE1_0390,benchmark/prd_3_1_v1/candidates/segmentation_core_stress_v1/masks/core/accessory/SEGCORE1_0390.png,benchmark/prd_3_1_v1/candidates/segmentation_core_stress_v1/overlays/core/accessory/SEGCORE1_0390.jpg,large_>=10%,>=100,0,unreviewed,Core,SEGTEST1_0355,PASS,QC_V2_GEOMETRY_PASS+FULL_CORE_HUMAN_CONTACT_SHEET_REVIEW,complex_scene,HUMAN_REVIEW,large,partial,full,CLIP_ASSISTED_DIAGNOSTIC_NOT_HUMAN_GT,GEOMETRY_PASS,,0.40,0.50,0.50,0.85,256,SEGTEST1_0355,accessory,scarf,outerwear,0.4062860310077667,True,0.7220775680239145,False,0.6374089613679544,False,False,wrong_class,
Fashionpedia,../fashion_data/raw/fashionpedia/images/test/069223d02dcbfbe69af905daeb7fae26.jpg,069223d02dcbfbe69af905daeb7fae26.jpg,../fashion_data/raw/fashionpedia/annotations/instances_attributes_val2020.json,8662,fashionpedia_ann_8662,accessory,"tights, stockings",21,682,1024,330.0,709.0,409.0,787.0,0.008823428335777126,78.0,prd_3_1_v1,core,SEGCORE1_0397,benchmark/prd_3_1_v1/candidates/segmentation_core_stress_v1/masks/core/accessory/SEGCORE1_0397.png,benchmark/prd_3_1_v1/candidates/segmentation_core_stress_v1/overlays/core/accessory/SEGCORE1_0397.jpg,small_0.5-2%,50-99,1,unreviewed,Core,SEGTEST1_0362,PASS,QC_V2_GEOMETRY_PASS+FULL_CORE_HUMAN_CONTACT_SHEET_REVIEW,complex_scene,HUMAN_REVIEW,small,none,full,CLIP_ASSISTED_DIAGNOSTIC_NOT_HUMAN_GT,GEOMETRY_PASS,,0.40,0.50,0.50,0.85,257,SEGTEST1_0362,accessory,"tights, stockings",,0.0,False,0.0,False,0.0,False,False,missed,
Fashionpedia,../fashion_data/raw/fashionpedia/images/test/0a4aae5ecd970a120bfcc6b377b6e187.jpg,0a4aae5ecd970a120bfcc6b377b6e187.jpg,../fashion_data/raw/fashionpedia/annotations/instances_attributes_val2020.json,8535,fashionpedia_ann_8535,accessory,glove,17,1024,723,768.0,256.0,850.0,374.0,0.013069458852005533,82.0,prd_3_1_v1,core,SEGCORE1_0389,benchmark/prd_3_1_v1/candidates/segmentation_core_stress_v1/masks/core/accessory/SEGCORE1_0389.png,benchmark/prd_3_1_v1/candidates/segmentation_core_stress_v1/overlays/core/accessory/SEGCORE1_0389.jpg,small_0.5-2%,50-99,1,unreviewed,Core,SEGTEST1_0354,PASS,QC_V2_GEOMETRY_PASS+FULL_CORE_HUMAN_CONTACT_SHEET_REVIEW,complex_scene,HUMAN_REVIEW,small,none,partial,CLIP_ASSISTED_DIAGNOSTIC_NOT_HUMAN_GT,GEOMETRY_PASS,,0.40,0.50,0.50,0.85,258,SEGTEST1_0354,accessory,glove,,0.0,False,0.0,False,0.0,False,False,missed,
Fashionpedia,../fashion_data/raw/fashionpedia/images/test/0a563d036018e91cd9b5899adb50ec18.jpg,0a563d036018e91cd9b5899adb50ec18.jpg,../fashion_data/raw/fashionpedia/annotations/instances_attributes_val2020.json,9281,fashionpedia_ann_9281,accessory,sock,22,683,1024,321.0,832.0,372.0,950.0,0.008604616581259151,51.0,prd_3_1_v1,core,SEGCORE1_0425,benchmark/prd_3_1_v1/candidates/segmentation_core_stress_v1/masks/core/accessory/SEGCORE1_0425.png,benchmark/prd_3_1_v1/candidates/segmentation_core_stress_v1/overlays/core/accessory/SEGCORE1_0425.jpg,small_0.5-2%,50-99,1,unreviewed,Core,SEGTEST1_0389,PASS,QC_V2_GEOMETRY_PASS+FULL_CORE_HUMAN_CONTACT_SHEET_REVIEW,complex_scene,HUMAN_REVIEW,small,partial,partial,CLIP_ASSISTED_DIAGNOSTIC_NOT_HUMAN_GT,GEOMETRY_PASS,,0.40,0.50,0.50,0.85,259,SEGTEST1_0389,accessory,sock,,0.0,False,0.0,False,0.0,False,False,missed,
Fashionpedia,../fashion_data/raw/fashionpedia/images/test/0ba0216e6879f8b433d0897a77cff984.jpg,0ba0216e6879f8b433d0897a77cff984.jpg,../fashion_data/raw/fashionpedia/annotations/instances_attributes_val2020.json,3969,fashionpedia_ann_3969,bag,"bag, wallet",24,1024,683,487.0,233.0,759.0,458.0,0.08750457540263543,225.0,prd_3_1_v1,core,SEGCORE1_0356,benchmark/prd_3_1_v1/candidates/segmentation_core_stress_v1/masks/core/bag/SEGCORE1_0356.png,benchmark/prd_3_1_v1/candidates/segmentation_core_stress_v1/overlays/core/bag/SEGCORE1_0356.jpg,medium_2-10%,>=100,0,unreviewed,Core,SEGTEST1_0325,PASS,QC_V2_GEOMETRY_PASS+FULL_CORE_HUMAN_CONTACT_SHEET_REVIEW,worn_person,HUMAN_REVIEW,medium,partial,partial,CLIP_ASSISTED_DIAGNOSTIC_NOT_HUMAN_GT,GEOMETRY_PASS,,0.40,0.50,0.50,0.85,261,SEGTEST1_0325,bag,"bag, wallet",,0.0,False,0.0,False,0.0,False,False,missed,
Fashionpedia,../fashion_data/raw/fashionpedia/images/test/0c6cf79ffbf7f14a266d0f0f21219447.jpg,0c6cf79ffbf7f14a266d0f0f21219447.jpg,../fashion_data/raw/fashionpedia/annotations/instances_attributes_val2020.json,498,fashionpedia_ann_498,bag,"bag, wallet",24,613,1024,199.0,207.0,260.0,519.0,0.030319637030995106,61.0,prd_3_1_v1,core,SEGCORE1_0344,benchmark/prd_3_1_v1/candidates/segmentation_core_stress_v1/masks/core/bag/SEGCORE1_0344.png,benchmark/prd_3_1_v1/candidates/segmentation_core_stress_v1/overlays/core/bag/SEGCORE1_0344.jpg,medium_2-10%,50-99,0,unreviewed,Core,SEGTEST1_0313,PASS,QC_V2_GEOMETRY_PASS+FULL_CORE_HUMAN_CONTACT_SHEET_REVIEW,complex_scene,HUMAN_REVIEW,medium,partial,partial,CLIP_ASSISTED_DIAGNOSTIC_NOT_HUMAN_GT,GEOMETRY_PASS,,0.40,0.50,0.50,0.85,262,SEGTEST1_0313,bag,"bag, wallet",,0.0,False,0.0,False,0.0,False,False,missed,
Fashionpedia,../fashion_data/raw/fashionpedia/images/test/0e5ecf98835cbd0dddd1b45c788005c3.jpg,0e5ecf98835cbd0dddd1b45c788005c3.jpg,../fashion_data/raw/fashionpedia/annotations/instances_attributes_val2020.json,6747,fashionpedia_ann_6747,accessory,hat,14,673,1024,184.0,57.0,333.0,255.0,0.04280913354383358,149.0,prd_3_1_v1,core,SEGCORE1_0413,benchmark/prd_3_1_v1/candidates/segmentation_core_stress_v1/masks/core/accessory/SEGCORE1_0413.png,benchmark/prd_3_1_v1/candidates/segmentation_core_stress_v1/overlays/core/accessory/SEGCORE1_0413.jpg,medium_2-10%,>=100,0,unreviewed,Core,SEGTEST1_0377,PASS,QC_V2_GEOMETRY_PASS+FULL_CORE_HUMAN_CONTACT_SHEET_REVIEW,worn_person,HUMAN_REVIEW,medium,none,partial,CLIP_ASSISTED_DIAGNOSTIC_NOT_HUMAN_GT,GEOMETRY_PASS,,0.40,0.50,0.50,0.85,263,SEGTEST1_0377,accessory,hat,,0.0,False,0.0,False,0.0,False,False,missed,
Fashionpedia,../fashion_data/raw/fashionpedia/images/test/0ff1ad48b959df32af38f42cef26d361.jpg,0ff1ad48b959df32af38f42cef26d361.jpg,../fashion_data/raw/fashionpedia/annotations/instances_attributes_val2020.json,6370,fashionpedia_ann_6370,accessory,belt,19,683,1024,262.0,369.0,408.0,516.0,0.030686653550512446,146.0,prd_3_1_v1,core,SEGCORE1_0398,benchmark/prd_3_1_v1/candidates/segmentation_core_stress_v1/masks/core/accessory/SEGCORE1_0398.png,benchmark/prd_3_1_v1/candidates/segmentation_core_stress_v1/overlays/core/accessory/SEGCORE1_0398.jpg,medium_2-10%,>=100,0,unreviewed,Core,SEGTEST1_0363,PASS,QC_V2_GEOMETRY_PASS+FULL_CORE_HUMAN_CONTACT_SHEET_REVIEW,complex_scene,HUMAN_REVIEW,medium,none,partial,CLIP_ASSISTED_DIAGNOSTIC_NOT_HUMAN_GT,GEOMETRY_PASS,,0.40,0.50,0.50,0.85,264,SEGTEST1_0363,accessory,belt,,0.0,False,0.0,False,0.0,False,False,missed,
Fashionpedia,../fashion_data/raw/fashionpedia/images/test/18b2f32e876170304b2b6860ae127ba5.jpg,18b2f32e876170304b2b6860ae127ba5.jpg,../fashion_data/raw/fashionpedia/annotations/instances_attributes_val2020.json,8605,fashionpedia_ann_8605,shoe,shoe,23,682,1024,186.0,785.0,262.0,835.0,0.0054412573313782995,50.0,prd_3_1_v1,core,SEGCORE1_0315,benchmark/prd_3_1_v1/candidates/segmentation_core_stress_v1/masks/core/shoe/SEGCORE1_0315.png,benchmark/prd_3_1_v1/candidates/segmentation_core_stress_v1/overlays/core/shoe/SEGCORE1_0315.jpg,small_0.5-2%,50-99,1,unreviewed,Core,SEGTEST1_0290,PASS,QC_V2_GEOMETRY_PASS+FULL_CORE_HUMAN_CONTACT_SHEET_REVIEW,worn_person,HUMAN_REVIEW,small,none,partial,CLIP_ASSISTED_DIAGNOSTIC_NOT_HUMAN_GT,GEOMETRY_PASS,,0.40,0.50,0.50,0.85,265,SEGTEST1_0290,shoe,shoe,,0.0,False,0.0,False,0.0,False,False,missed,
Fashionpedia,../fashion_data/raw/fashionpedia/images/test/18c07033fd67225df16d98e9f6975fc9.jpg,18c07033fd67225df16d98e9f6975fc9.jpg,../fashion_data/raw/fashionpedia/annotations/instances_attributes_val2020.json,5222,fashionpedia_ann_5222,shoe,shoe,23,638,1024,104.0,706.0,242.0,839.0,0.02809377449059561,133.0,prd_3_1_v1,core,SEGCORE1_0294,benchmark/prd_3_1_v1/candidates/segmentation_core_stress_v1/masks/core/shoe/SEGCORE1_0294.png,benchmark/prd_3_1_v1/candidates/segmentation_core_stress_v1/overlays/core/shoe/SEGCORE1_0294.jpg,medium_2-10%,>=100,0,unreviewed,Core,SEGTEST1_0269,PASS,QC_V2_GEOMETRY_PASS+FULL_CORE_HUMAN_CONTACT_SHEET_REVIEW,worn_person,HUMAN_REVIEW,medium,none,partial,CLIP_ASSISTED_DIAGNOSTIC_NOT_HUMAN_GT,GEOMETRY_PASS,,0.40,0.50,0.50,0.85,266,SEGTEST1_0269,shoe,shoe,,0.0,False,0.0,False,0.0,False,False,missed,
Fashionpedia,../fashion_data/raw/fashionpedia/images/test/19b88ca66e3ab754d3b6aa7d5e2f0a83.jpg,19b88ca66e3ab754d3b6aa7d5e2f0a83.jpg,../fashion_data/raw/fashionpedia/annotations/instances_attributes_val2020.json,888,fashionpedia_ann_888,shoe,shoe,23,1024,682,749.0,505.0,930.0,682.0,0.045874095032991204,177.0,prd_3_1_v1,core,SEGCORE1_0282,benchmark/prd_3_1_v1/candidates/segmentation_core_stress_v1/masks/core/shoe/SEGCORE1_0282.png,benchmark/prd_3_1_v1/candidates/segmentation_core_stress_v1/overlays/core/shoe/SEGCORE1_0282.jpg,medium_2-10%,>=100,0,unreviewed,Core,SEGTEST1_0257,PASS,QC_V2_GEOMETRY_PASS+FULL_CORE_HUMAN_CONTACT_SHEET_REVIEW,worn_person,HUMAN_REVIEW,medium,partial,full,CLIP_ASSISTED_DIAGNOSTIC_NOT_HUMAN_GT,GEOMETRY_PASS,,0.40,0.50,0.50,0.85,267,SEGTEST1_0257,shoe,shoe,shoe,0.47792357206344604,True,0.5938307024636723,True,0.0819877608198776,False,False,low_mask_iou,
Fashionpedia,../fashion_data/raw/fashionpedia/images/test/1c1b439e448879f805e8c827605ec96b.jpg,1c1b439e448879f805e8c827605ec96b.jpg,../fashion_data/raw/fashionpedia/annotations/instances_attributes_val2020.json,5455,fashionpedia_ann_5455,bag,"bag, wallet",24,834,1024,168.0,833.0,499.0,1023.0,0.07364030650479617,190.0,prd_3_1_v1,core,SEGCORE1_0347,benchmark/prd_3_1_v1/candidates/segmentation_core_stress_v1/masks/core/bag/SEGCORE1_0347.png,benchmark/prd_3_1_v1/candidates/segmentation_core_stress_v1/overlays/core/bag/SEGCORE1_0347.jpg,medium_2-10%,>=100,0,unreviewed,Core,SEGTEST1_0316,PASS,QC_V2_GEOMETRY_PASS+FULL_CORE_HUMAN_CONTACT_SHEET_REVIEW,worn_person,HUMAN_REVIEW,medium,partial,partial,CLIP_ASSISTED_DIAGNOSTIC_NOT_HUMAN_GT,GEOMETRY_PASS,,0.40,0.50,0.50,0.85,268,SEGTEST1_0316,bag,"bag, wallet",,0.0,False,0.0,False,0.0,False,False,missed,
Fashionpedia,../fashion_data/raw/fashionpedia/images/test/1ee26a858200fa98bef04c950dad233a.jpg,1ee26a858200fa98bef04c950dad233a.jpg,../fashion_data/raw/fashionpedia/annotations/instances_attributes_val2020.json,1171,fashionpedia_ann_1171,bag,"bag, wallet",24,682,1024,209.0,381.0,297.0,701.0,0.04032258064516129,88.0,prd_3_1_v1,core,SEGCORE1_0364,benchmark/prd_3_1_v1/candidates/segmentation_core_stress_v1/masks/core/bag/SEGCORE1_0364.png,benchmark/prd_3_1_v1/candidates/segmentation_core_stress_v1/overlays/core/bag/SEGCORE1_0364.jpg,medium_2-10%,50-99,0,unreviewed,Core,SEGTEST1_0331,PASS,QC_V2_GEOMETRY_PASS+FULL_CORE_HUMAN_CONTACT_SHEET_REVIEW,worn_person,HUMAN_REVIEW,medium,partial,partial,CLIP_ASSISTED_DIAGNOSTIC_NOT_HUMAN_GT,GEOMETRY_PASS,,0.40,0.50,0.50,0.85,270,SEGTEST1_0331,bag,"bag, wallet",,0.0,False,0.0,False,0.0,False,False,missed,
Fashionpedia,../fashion_data/raw/fashionpedia/images/test/1f6b96f7f298903a77fa747ea4fe8840.jpg,1f6b96f7f298903a77fa747ea4fe8840.jpg,../fashion_data/raw/fashionpedia/annotations/instances_attributes_val2020.json,3603,fashionpedia_ann_3603,accessory,"tights, stockings",21,499,1024,251.0,624.0,315.0,896.0,0.03406813627254509,64.0,prd_3_1_v1,core,SEGCORE1_0419,benchmark/prd_3_1_v1/candidates/segmentation_core_stress_v1/masks/core/accessory/SEGCORE1_0419.png,benchmark/prd_3_1_v1/candidates/segmentation_core_stress_v1/overlays/core/accessory/SEGCORE1_0419.jpg,medium_2-10%,50-99,0,unreviewed,Core,SEGTEST1_0383,PASS,QC_V2_GEOMETRY_PASS+FULL_CORE_HUMAN_CONTACT_SHEET_REVIEW,complex_scene,HUMAN_REVIEW,medium,partial,partial,CLIP_ASSISTED_DIAGNOSTIC_NOT_HUMAN_GT,GEOMETRY_PASS,,0.40,0.50,0.50,0.85,272,SEGTEST1_0383,accessory,"tights, stockings",,0.0,False,0.0,False,0.0,False,False,missed,
Fashionpedia,../fashion_data/raw/fashionpedia/images/test/1fd63362ced55967a97a324928583339.jpg,1fd63362ced55967a97a324928583339.jpg,../fashion_data/raw/fashionpedia/annotations/instances_attributes_val2020.json,7567,fashionpedia_ann_7567,bag,"bag, wallet",24,681,1024,242.0,446.0,315.0,526.0,0.008374632892804698,73.0,prd_3_1_v1,core,SEGCORE1_0334,benchmark/prd_3_1_v1/candidates/segmentation_core_stress_v1/masks/core/bag/SEGCORE1_0334.png,benchmark/prd_3_1_v1/candidates/segmentation_core_stress_v1/overlays/core/bag/SEGCORE1_0334.jpg,small_0.5-2%,50-99,1,unreviewed,Core,SEGTEST1_0304,PASS,QC_V2_GEOMETRY_PASS+FULL_CORE_HUMAN_CONTACT_SHEET_REVIEW,complex_scene,HUMAN_REVIEW,small,partial,partial,CLIP_ASSISTED_DIAGNOSTIC_NOT_HUMAN_GT,GEOMETRY_PASS,,0.40,0.50,0.50,0.85,273,SEGTEST1_0304,bag,"bag, wallet",,0.0,False,0.0,False,0.0,False,False,missed,
Fashionpedia,../fashion_data/raw/fashionpedia/images/test/25e92d53394ac92b6b9edbbfe7cb0e1e.jpg,25e92d53394ac92b6b9edbbfe7cb0e1e.jpg,../fashion_data/raw/fashionpedia/annotations/instances_attributes_val2020.json,8795,fashionpedia_ann_8795,bag,"bag, wallet",24,615,1024,489.0,520.0,614.0,629.0,0.02163522611788618,109.0,prd_3_1_v1,core,SEGCORE1_0371,benchmark/prd_3_1_v1/candidates/segmentation_core_stress_v1/masks/core/bag/SEGCORE1_0371.png,benchmark/prd_3_1_v1/candidates/segmentation_core_stress_v1/overlays/core/bag/SEGCORE1_0371.jpg,medium_2-10%,>=100,0,unreviewed,Core,SEGTEST1_0338,PASS,QC_V2_GEOMETRY_PASS+FULL_CORE_HUMAN_CONTACT_SHEET_REVIEW,worn_person,HUMAN_REVIEW,medium,partial,full,CLIP_ASSISTED_DIAGNOSTIC_NOT_HUMAN_GT,GEOMETRY_PASS,,0.40,0.50,0.50,0.85,275,SEGTEST1_0338,bag,"bag, wallet",,0.0,False,0.0,False,0.0,False,False,missed,
Fashionpedia,../fashion_data/raw/fashionpedia/images/test/25fb92c0d8ca2d4d159bfcd674b484d8.jpg,25fb92c0d8ca2d4d159bfcd674b484d8.jpg,../fashion_data/raw/fashionpedia/annotations/instances_attributes_val2020.json,122,fashionpedia_ann_122,accessory,hat,14,1024,682,457.0,54.0,594.0,203.0,0.029229575238269793,137.0,prd_3_1_v1,core,SEGCORE1_0428,benchmark/prd_3_1_v1/candidates/segmentation_core_stress_v1/masks/core/accessory/SEGCORE1_0428.png,benchmark/prd_3_1_v1/candidates/segmentation_core_stress_v1/overlays/core/accessory/SEGCORE1_0428.jpg,medium_2-10%,>=100,0,unreviewed,Core,SEGTEST1_0392,PASS,QC_V2_GEOMETRY_PASS+FULL_CORE_HUMAN_CONTACT_SHEET_REVIEW,partial_view,HUMAN_REVIEW,medium,none,partial,CLIP_ASSISTED_DIAGNOSTIC_NOT_HUMAN_GT,GEOMETRY_PASS,,0.40,0.50,0.50,0.85,276,SEGTEST1_0392,accessory,hat,,0.0,False,0.0,False,0.0,False,False,missed,
Fashionpedia,../fashion_data/raw/fashionpedia/images/test/26168da8556dab9641084df526c39ced.jpg,26168da8556dab9641084df526c39ced.jpg,../fashion_data/raw/fashionpedia/annotations/instances_attributes_val2020.json,6904,fashionpedia_ann_6904,bag,"bag, wallet",24,682,1024,111.0,216.0,378.0,569.0,0.13495893282624633,267.0,prd_3_1_v1,core,SEGCORE1_0354,benchmark/prd_3_1_v1/candidates/segmentation_core_stress_v1/masks/core/bag/SEGCORE1_0354.png,benchmark/prd_3_1_v1/candidates/segmentation_core_stress_v1/overlays/core/bag/SEGCORE1_0354.jpg,large_>=10%,>=100,0,unreviewed,Core,SEGTEST1_0323,PASS,QC_V2_GEOMETRY_PASS+FULL_CORE_HUMAN_CONTACT_SHEET_REVIEW,worn_person,HUMAN_REVIEW,large,partial,full,CLIP_ASSISTED_DIAGNOSTIC_NOT_HUMAN_GT,GEOMETRY_PASS,,0.40,0.50,0.50,0.85,277,SEGTEST1_0323,bag,"bag, wallet",dress,0.4632487893104553,True,0.781082959828954,False,0.8198973910276806,False,False,wrong_class,
Fashionpedia,../fashion_data/raw/fashionpedia/images/test/2aa229d7589a06e59c4eb1f05162f9ab.jpg,2aa229d7589a06e59c4eb1f05162f9ab.jpg,../fashion_data/raw/fashionpedia/annotations/instances_attributes_val2020.json,4743,fashionpedia_ann_4743,accessory,hat,14,1024,471,474.0,39.0,536.0,140.0,0.012983512473460721,62.0,prd_3_1_v1,core,SEGCORE1_0418,benchmark/prd_3_1_v1/candidates/segmentation_core_stress_v1/masks/core/accessory/SEGCORE1_0418.png,benchmark/prd_3_1_v1/candidates/segmentation_core_stress_v1/overlays/core/accessory/SEGCORE1_0418.jpg,small_0.5-2%,50-99,1,unreviewed,Core,SEGTEST1_0382,PASS,QC_V2_GEOMETRY_PASS+FULL_CORE_HUMAN_CONTACT_SHEET_REVIEW,worn_person,HUMAN_REVIEW,small,partial,partial,CLIP_ASSISTED_DIAGNOSTIC_NOT_HUMAN_GT,GEOMETRY_PASS,,0.40,0.50,0.50,0.85,278,SEGTEST1_0382,accessory,hat,,0.0,False,0.0,False,0.0,False,False,missed,
Fashionpedia,../fashion_data/raw/fashionpedia/images/test/33a5bdedbd732f7fdd89d558b78707ef.jpg,33a5bdedbd732f7fdd89d558b78707ef.jpg,../fashion_data/raw/fashionpedia/annotations/instances_attributes_val2020.json,826,fashionpedia_ann_826,accessory,glove,17,501,1024,108.0,385.0,164.0,595.0,0.022922904191616765,56.0,prd_3_1_v1,core,SEGCORE1_0391,benchmark/prd_3_1_v1/candidates/segmentation_core_stress_v1/masks/core/accessory/SEGCORE1_0391.png,benchmark/prd_3_1_v1/candidates/segmentation_core_stress_v1/overlays/core/accessory/SEGCORE1_0391.jpg,medium_2-10%,50-99,0,unreviewed,Core,SEGTEST1_0356,PASS,QC_V2_GEOMETRY_PASS+FULL_CORE_HUMAN_CONTACT_SHEET_REVIEW,complex_scene,HUMAN_REVIEW,medium,partial,partial,CLIP_ASSISTED_DIAGNOSTIC_NOT_HUMAN_GT,GEOMETRY_PASS,,0.40,0.50,0.50,0.85,280,SEGTEST1_0356,accessory,glove,,0.0,False,0.0,False,0.0,False,False,missed,
Fashionpedia,../fashion_data/raw/fashionpedia/images/test/33e7a5f7f47b7bb2bf6d3549eedde5fd.jpg,33e7a5f7f47b7bb2bf6d3549eedde5fd.jpg,../fashion_data/raw/fashionpedia/annotations/instances_attributes_val2020.json,3130,fashionpedia_ann_3130,accessory,glasses,13,1024,682,747.0,74.0,829.0,183.0,0.012798410007331378,82.0,prd_3_1_v1,core,SEGCORE1_0420,benchmark/prd_3_1_v1/candidates/segmentation_core_stress_v1/masks/core/accessory/SEGCORE1_0420.png,benchmark/prd_3_1_v1/candidates/segmentation_core_stress_v1/overlays/core/accessory/SEGCORE1_0420.jpg,small_0.5-2%,50-99,1,unreviewed,Core,SEGTEST1_0384,PASS,QC_V2_GEOMETRY_PASS+FULL_CORE_HUMAN_CONTACT_SHEET_REVIEW,partial_view,HUMAN_REVIEW,small,partial,partial,CLIP_ASSISTED_DIAGNOSTIC_NOT_HUMAN_GT,GEOMETRY_PASS,,0.40,0.50,0.50,0.85,281,SEGTEST1_0384,accessory,glasses,,0.0,False,0.0,False,0.0,False,False,missed,
Fashionpedia,../fashion_data/raw/fashionpedia/images/test/347c5d77fb5cea10e3bb9d604b40e141.jpg,347c5d77fb5cea10e3bb9d604b40e141.jpg,../fashion_data/raw/fashionpedia/annotations/instances_attributes_val2020.json,6717,fashionpedia_ann_6717,shoe,shoe,23,768,1024,356.0,686.0,413.0,974.0,0.0208740234375,57.0,prd_3_1_v1,core,SEGCORE1_0296,benchmark/prd_3_1_v1/candidates/segmentation_core_stress_v1/masks/core/shoe/SEGCORE1_0296.png,benchmark/prd_3_1_v1/candidates/segmentation_core_stress_v1/overlays/core/shoe/SEGCORE1_0296.jpg,medium_2-10%,50-99,0,unreviewed,Core,SEGTEST1_0271,PASS,QC_V2_GEOMETRY_PASS+FULL_CORE_HUMAN_CONTACT_SHEET_REVIEW,complex_scene,HUMAN_REVIEW,medium,none,partial,CLIP_ASSISTED_DIAGNOSTIC_NOT_HUMAN_GT,GEOMETRY_PASS,,0.40,0.50,0.50,0.85,283,SEGTEST1_0271,shoe,shoe,,0.0,False,0.0,False,0.0,False,False,missed,
Fashionpedia,../fashion_data/raw/fashionpedia/images/test/35980d446169c38a1ebe02324dc0df36.jpg,35980d446169c38a1ebe02324dc0df36.jpg,../fashion_data/raw/fashionpedia/annotations/instances_attributes_val2020.json,9166,fashionpedia_ann_9166,accessory,sock,22,678,1024,267.0,685.0,346.0,770.0,0.009672001751474927,79.0,prd_3_1_v1,core,SEGCORE1_0387,benchmark/prd_3_1_v1/candidates/segmentation_core_stress_v1/masks/core/accessory/SEGCORE1_0387.png,benchmark/prd_3_1_v1/candidates/segmentation_core_stress_v1/overlays/core/accessory/SEGCORE1_0387.jpg,small_0.5-2%,50-99,1,unreviewed,Core,SEGTEST1_0352,PASS,QC_V2_GEOMETRY_PASS+FULL_CORE_HUMAN_CONTACT_SHEET_REVIEW,complex_scene,HUMAN_REVIEW,small,none,partial,CLIP_ASSISTED_DIAGNOSTIC_NOT_HUMAN_GT,GEOMETRY_PASS,,0.40,0.50,0.50,0.85,284,SEGTEST1_0352,accessory,sock,,0.0,False,0.0,False,0.0,False,False,missed,
Fashionpedia,../fashion_data/raw/fashionpedia/images/test/387a049fc5d151a2c6c2444a44211d5c.jpg,387a049fc5d151a2c6c2444a44211d5c.jpg,../fashion_data/raw/fashionpedia/annotations/instances_attributes_val2020.json,5922,fashionpedia_ann_5922,accessory,"headband, head covering, hair accessory",15,682,1024,436.0,77.0,488.0,182.0,0.007818227639296188,52.0,prd_3_1_v1,core,SEGCORE1_0404,benchmark/prd_3_1_v1/candidates/segmentation_core_stress_v1/masks/core/accessory/SEGCORE1_0404.png,benchmark/prd_3_1_v1/candidates/segmentation_core_stress_v1/overlays/core/accessory/SEGCORE1_0404.jpg,small_0.5-2%,50-99,1,unreviewed,Core,SEGTEST1_0369,PASS,QC_V2_GEOMETRY_PASS+FULL_CORE_HUMAN_CONTACT_SHEET_REVIEW,complex_scene,HUMAN_REVIEW,small,partial,partial,CLIP_ASSISTED_DIAGNOSTIC_NOT_HUMAN_GT,GEOMETRY_PASS,,0.40,0.50,0.50,0.85,285,SEGTEST1_0369,accessory,"headband, head covering, hair accessory",,0.0,False,0.0,False,0.0,False,False,missed,
Fashionpedia,../fashion_data/raw/fashionpedia/images/test/3ce04e48660ed6d21aee863f674486b7.jpg,3ce04e48660ed6d21aee863f674486b7.jpg,../fashion_data/raw/fashionpedia/annotations/instances_attributes_val2020.json,4155,fashionpedia_ann_4155,accessory,scarf,25,683,1024,299.0,185.0,390.0,257.0,0.009368136896046852,72.0,prd_3_1_v1,core,SEGCORE1_0405,benchmark/prd_3_1_v1/candidates/segmentation_core_stress_v1/masks/core/accessory/SEGCORE1_0405.png,benchmark/prd_3_1_v1/candidates/segmentation_core_stress_v1/overlays/core/accessory/SEGCORE1_0405.jpg,small_0.5-2%,50-99,1,unreviewed,Core,SEGTEST1_0370,PASS,QC_V2_GEOMETRY_PASS+FULL_CORE_HUMAN_CONTACT_SHEET_REVIEW,complex_scene,HUMAN_REVIEW,small,partial,partial,CLIP_ASSISTED_DIAGNOSTIC_NOT_HUMAN_GT,GEOMETRY_PASS,,0.40,0.50,0.50,0.85,291,SEGTEST1_0370,accessory,scarf,,0.0,False,0.0,False,0.0,False,False,missed,
Fashionpedia,../fashion_data/raw/fashionpedia/images/test/420f153001eb2e37269ae974b9f7665e.jpg,420f153001eb2e37269ae974b9f7665e.jpg,../fashion_data/raw/fashionpedia/annotations/instances_attributes_val2020.json,5903,fashionpedia_ann_5903,accessory,"tights, stockings",21,682,1024,327.0,595.0,414.0,926.0,0.04123470720307918,87.0,prd_3_1_v1,core,SEGCORE1_0433,benchmark/prd_3_1_v1/candidates/segmentation_core_stress_v1/masks/core/accessory/SEGCORE1_0433.png,benchmark/prd_3_1_v1/candidates/segmentation_core_stress_v1/overlays/core/accessory/SEGCORE1_0433.jpg,medium_2-10%,50-99,0,unreviewed,Core,SEGTEST1_0394,PASS,QC_V2_GEOMETRY_PASS+FULL_CORE_HUMAN_CONTACT_SHEET_REVIEW,complex_scene,HUMAN_REVIEW,medium,none,partial,CLIP_ASSISTED_DIAGNOSTIC_NOT_HUMAN_GT,GEOMETRY_PASS,,0.40,0.50,0.50,0.85,293,SEGTEST1_0394,accessory,"tights, stockings",,0.0,False,0.0,False,0.0,False,False,missed,
Fashionpedia,../fashion_data/raw/fashionpedia/images/test/42668f83c24465ba79d25eb2a8790050.jpg,42668f83c24465ba79d25eb2a8790050.jpg,../fashion_data/raw/fashionpedia/annotations/instances_attributes_val2020.json,7324,fashionpedia_ann_7324,bag,"bag, wallet",24,682,1024,250.0,148.0,391.0,380.0,0.04684063416422287,141.0,prd_3_1_v1,core,SEGCORE1_0376,benchmark/prd_3_1_v1/candidates/segmentation_core_stress_v1/masks/core/bag/SEGCORE1_0376.png,benchmark/prd_3_1_v1/candidates/segmentation_core_stress_v1/overlays/core/bag/SEGCORE1_0376.jpg,medium_2-10%,>=100,0,unreviewed,Core,SEGTEST1_0343,PASS,QC_V2_GEOMETRY_PASS+FULL_CORE_HUMAN_CONTACT_SHEET_REVIEW,worn_person,HUMAN_REVIEW,medium,partial,partial,CLIP_ASSISTED_DIAGNOSTIC_NOT_HUMAN_GT,GEOMETRY_PASS,,0.40,0.50,0.50,0.85,294,SEGTEST1_0343,bag,"bag, wallet",,0.0,False,0.0,False,0.0,False,False,missed,
Fashionpedia,../fashion_data/raw/fashionpedia/images/test/474d53c6c7a10c536cb49d55104211bf.jpg,474d53c6c7a10c536cb49d55104211bf.jpg,../fashion_data/raw/fashionpedia/annotations/instances_attributes_val2020.json,3274,fashionpedia_ann_3274,accessory,"headband, head covering, hair accessory",15,680,1024,251.0,38.0,410.0,265.0,0.05183392693014706,159.0,prd_3_1_v1,core,SEGCORE1_0386,benchmark/prd_3_1_v1/candidates/segmentation_core_stress_v1/masks/core/accessory/SEGCORE1_0386.png,benchmark/prd_3_1_v1/candidates/segmentation_core_stress_v1/overlays/core/accessory/SEGCORE1_0386.jpg,medium_2-10%,>=100,0,unreviewed,Core,SEGTEST1_0351,PASS,QC_V2_GEOMETRY_PASS+FULL_CORE_HUMAN_CONTACT_SHEET_REVIEW,complex_scene,HUMAN_REVIEW,medium,partial,partial,CLIP_ASSISTED_DIAGNOSTIC_NOT_HUMAN_GT,GEOMETRY_PASS,,0.40,0.50,0.50,0.85,295,SEGTEST1_0351,accessory,"headband, head covering, hair accessory",,0.0,False,0.0,False,0.0,False,False,missed,
Fashionpedia,../fashion_data/raw/fashionpedia/images/test/4aa62ca489ce6e163ca8400d4c96b569.jpg,4aa62ca489ce6e163ca8400d4c96b569.jpg,../fashion_data/raw/fashionpedia/annotations/instances_attributes_val2020.json,5762,fashionpedia_ann_5762,accessory,"headband, head covering, hair accessory",15,683,1024,290.0,69.0,382.0,137.0,0.0089449121522694,68.0,prd_3_1_v1,core,SEGCORE1_0436,benchmark/prd_3_1_v1/candidates/segmentation_core_stress_v1/masks/core/accessory/SEGCORE1_0436.png,benchmark/prd_3_1_v1/candidates/segmentation_core_stress_v1/overlays/core/accessory/SEGCORE1_0436.jpg,small_0.5-2%,50-99,1,unreviewed,Core,SEGTEST1_0396,PASS,QC_V2_GEOMETRY_PASS+FULL_CORE_HUMAN_CONTACT_SHEET_REVIEW,complex_scene,HUMAN_REVIEW,small,none,partial,CLIP_ASSISTED_DIAGNOSTIC_NOT_HUMAN_GT,GEOMETRY_PASS,,0.40,0.50,0.50,0.85,297,SEGTEST1_0396,accessory,"headband, head covering, hair accessory",,0.0,False,0.0,False,0.0,False,False,missed,
Fashionpedia,../fashion_data/raw/fashionpedia/images/test/4aa6626a5183e3072b74ee07f75e07b6.jpg,4aa6626a5183e3072b74ee07f75e07b6.jpg,../fashion_data/raw/fashionpedia/annotations/instances_attributes_val2020.json,578,fashionpedia_ann_578,bag,"bag, wallet",24,682,1024,327.0,193.0,450.0,486.0,0.05160459814882698,123.0,prd_3_1_v1,core,SEGCORE1_0368,benchmark/prd_3_1_v1/candidates/segmentation_core_stress_v1/masks/core/bag/SEGCORE1_0368.png,benchmark/prd_3_1_v1/candidates/segmentation_core_stress_v1/overlays/core/bag/SEGCORE1_0368.jpg,medium_2-10%,>=100,0,unreviewed,Core,SEGTEST1_0335,PASS,QC_V2_GEOMETRY_PASS+FULL_CORE_HUMAN_CONTACT_SHEET_REVIEW,complex_scene,HUMAN_REVIEW,medium,partial,full,CLIP_ASSISTED_DIAGNOSTIC_NOT_HUMAN_GT,GEOMETRY_PASS,,0.40,0.50,0.50,0.85,298,SEGTEST1_0335,bag,"bag, wallet",,0.0,False,0.0,False,0.0,False,False,missed,
Fashionpedia,../fashion_data/raw/fashionpedia/images/test/4c528816dbb9d5ba947d10b145fcb5f1.jpg,4c528816dbb9d5ba947d10b145fcb5f1.jpg,../fashion_data/raw/fashionpedia/annotations/instances_attributes_val2020.json,403,fashionpedia_ann_403,accessory,sock,22,682,1024,311.0,819.0,364.0,908.0,0.006754318640029325,53.0,prd_3_1_v1,core,SEGCORE1_0408,benchmark/prd_3_1_v1/candidates/segmentation_core_stress_v1/masks/core/accessory/SEGCORE1_0408.png,benchmark/prd_3_1_v1/candidates/segmentation_core_stress_v1/overlays/core/accessory/SEGCORE1_0408.jpg,small_0.5-2%,50-99,1,unreviewed,Core,SEGTEST1_0372,PASS,QC_V2_GEOMETRY_PASS+FULL_CORE_HUMAN_CONTACT_SHEET_REVIEW,complex_scene,HUMAN_REVIEW,small,partial,partial,CLIP_ASSISTED_DIAGNOSTIC_NOT_HUMAN_GT,GEOMETRY_PASS,,0.40,0.50,0.50,0.85,299,SEGTEST1_0372,accessory,sock,,0.0,False,0.0,False,0.0,False,False,missed,
Fashionpedia,../fashion_data/raw/fashionpedia/images/test/4d200cb316a6260257ce84b37e25161c.jpg,4d200cb316a6260257ce84b37e25161c.jpg,../fashion_data/raw/fashionpedia/annotations/instances_attributes_val2020.json,1215,fashionpedia_ann_1215,accessory,belt,19,683,1024,243.0,302.0,400.0,405.0,0.023121511255490484,103.0,prd_3_1_v1,core,SEGCORE1_0430,benchmark/prd_3_1_v1/candidates/segmentation_core_stress_v1/masks/core/accessory/SEGCORE1_0430.png,benchmark/prd_3_1_v1/candidates/segmentation_core_stress_v1/overlays/core/accessory/SEGCORE1_0430.jpg,medium_2-10%,>=100,0,unreviewed,Core,SEGTEST1_0393,PASS,QC_V2_GEOMETRY_PASS+FULL_CORE_HUMAN_CONTACT_SHEET_REVIEW,complex_scene,HUMAN_REVIEW,medium,partial,partial,CLIP_ASSISTED_DIAGNOSTIC_NOT_HUMAN_GT,GEOMETRY_PASS,,0.40,0.50,0.50,0.85,300,SEGTEST1_0393,accessory,belt,,0.0,False,0.0,False,0.0,False,False,missed,
Fashionpedia,../fashion_data/raw/fashionpedia/images/test/5285f0cc22e6b24ebf7597921f1e792f.jpg,5285f0cc22e6b24ebf7597921f1e792f.jpg,../fashion_data/raw/fashionpedia/annotations/instances_attributes_val2020.json,6776,fashionpedia_ann_6776,bag,"bag, wallet",24,1024,1024,651.0,572.0,764.0,1023.0,0.04860210418701172,113.0,prd_3_1_v1,core,SEGCORE1_0353,benchmark/prd_3_1_v1/candidates/segmentation_core_stress_v1/masks/core/bag/SEGCORE1_0353.png,benchmark/prd_3_1_v1/candidates/segmentation_core_stress_v1/overlays/core/bag/SEGCORE1_0353.jpg,medium_2-10%,>=100,0,unreviewed,Core,SEGTEST1_0322,PASS,QC_V2_GEOMETRY_PASS+FULL_CORE_HUMAN_CONTACT_SHEET_REVIEW,partial_view,HUMAN_REVIEW,medium,partial,partial,CLIP_ASSISTED_DIAGNOSTIC_NOT_HUMAN_GT,GEOMETRY_PASS,,0.40,0.50,0.50,0.85,301,SEGTEST1_0322,bag,"bag, wallet",bag,0.4273433983325958,True,0.6865561259976084,True,0.1456964257092483,False,False,low_mask_iou,
Fashionpedia,../fashion_data/raw/fashionpedia/images/test/53638f7d3a9adcd5e93a4ade8f1ed552.jpg,53638f7d3a9adcd5e93a4ade8f1ed552.jpg,../fashion_data/raw/fashionpedia/annotations/instances_attributes_val2020.json,3841,fashionpedia_ann_3841,accessory,glove,17,632,1024,361.0,438.0,426.0,539.0,0.010144197488132911,65.0,prd_3_1_v1,core,SEGCORE1_0410,benchmark/prd_3_1_v1/candidates/segmentation_core_stress_v1/masks/core/accessory/SEGCORE1_0410.png,benchmark/prd_3_1_v1/candidates/segmentation_core_stress_v1/overlays/core/accessory/SEGCORE1_0410.jpg,small_0.5-2%,50-99,1,unreviewed,Core,SEGTEST1_0374,PASS,QC_V2_GEOMETRY_PASS+FULL_CORE_HUMAN_CONTACT_SHEET_REVIEW,complex_scene,HUMAN_REVIEW,small,partial,partial,CLIP_ASSISTED_DIAGNOSTIC_NOT_HUMAN_GT,GEOMETRY_PASS,,0.40,0.50,0.50,0.85,303,SEGTEST1_0374,accessory,glove,,0.0,False,0.0,False,0.0,False,False,missed,
Fashionpedia,../fashion_data/raw/fashionpedia/images/test/5446d1fd42c4c2baac5bc3ae647b2f7d.jpg,5446d1fd42c4c2baac5bc3ae647b2f7d.jpg,../fashion_data/raw/fashionpedia/annotations/instances_attributes_val2020.json,3374,fashionpedia_ann_3374,bag,"bag, wallet",24,1024,725,556.0,335.0,645.0,676.0,0.04087957974137931,89.0,prd_3_1_v1,core,SEGCORE1_0369,benchmark/prd_3_1_v1/candidates/segmentation_core_stress_v1/masks/core/bag/SEGCORE1_0369.png,benchmark/prd_3_1_v1/candidates/segmentation_core_stress_v1/overlays/core/bag/SEGCORE1_0369.jpg,medium_2-10%,50-99,0,unreviewed,Core,SEGTEST1_0336,PASS,QC_V2_GEOMETRY_PASS+FULL_CORE_HUMAN_CONTACT_SHEET_REVIEW,worn_person,HUMAN_REVIEW,medium,partial,partial,CLIP_ASSISTED_DIAGNOSTIC_NOT_HUMAN_GT,GEOMETRY_PASS,,0.40,0.50,0.50,0.85,304,SEGTEST1_0336,bag,"bag, wallet",,0.0,False,0.0,False,0.0,False,False,missed,
Fashionpedia,../fashion_data/raw/fashionpedia/images/test/590d516a191a9f1013976798dda97d36.jpg,590d516a191a9f1013976798dda97d36.jpg,../fashion_data/raw/fashionpedia/annotations/instances_attributes_val2020.json,3535,fashionpedia_ann_3535,bag,"bag, wallet",24,1024,1024,742.0,262.0,842.0,1001.0,0.07047653198242188,100.0,prd_3_1_v1,core,SEGCORE1_0367,benchmark/prd_3_1_v1/candidates/segmentation_core_stress_v1/masks/core/bag/SEGCORE1_0367.png,benchmark/prd_3_1_v1/candidates/segmentation_core_stress_v1/overlays/core/bag/SEGCORE1_0367.jpg,medium_2-10%,>=100,0,unreviewed,Core,SEGTEST1_0334,PASS,QC_V2_GEOMETRY_PASS+FULL_CORE_HUMAN_CONTACT_SHEET_REVIEW,worn_person,HUMAN_REVIEW,medium,partial,partial,CLIP_ASSISTED_DIAGNOSTIC_NOT_HUMAN_GT,GEOMETRY_PASS,,0.40,0.50,0.50,0.85,305,SEGTEST1_0334,bag,"bag, wallet",,0.0,False,0.0,False,0.0,False,False,missed,
Fashionpedia,../fashion_data/raw/fashionpedia/images/test/59972d4827e58fd77ceac9dd7f0b42c7.jpg,59972d4827e58fd77ceac9dd7f0b42c7.jpg,../fashion_data/raw/fashionpedia/annotations/instances_attributes_val2020.json,7055,fashionpedia_ann_7055,accessory,scarf,25,682,1024,140.0,230.0,440.0,883.0,0.2805111345307918,300.0,prd_3_1_v1,core,SEGCORE1_0411,benchmark/prd_3_1_v1/candidates/segmentation_core_stress_v1/masks/core/accessory/SEGCORE1_0411.png,benchmark/prd_3_1_v1/candidates/segmentation_core_stress_v1/overlays/core/accessory/SEGCORE1_0411.jpg,large_>=10%,>=100,0,unreviewed,Core,SEGTEST1_0375,PASS,QC_V2_GEOMETRY_PASS+FULL_CORE_HUMAN_CONTACT_SHEET_REVIEW,worn_person,HUMAN_REVIEW,large,partial,partial,CLIP_ASSISTED_DIAGNOSTIC_NOT_HUMAN_GT,GEOMETRY_PASS,,0.40,0.50,0.50,0.85,306,SEGTEST1_0375,accessory,scarf,,0.0,False,0.0,False,0.0,False,False,missed,
Fashionpedia,../fashion_data/raw/fashionpedia/images/test/5ada94993430e73f1e6967d5ce2aecad.jpg,5ada94993430e73f1e6967d5ce2aecad.jpg,../fashion_data/raw/fashionpedia/annotations/instances_attributes_val2020.json,3345,fashionpedia_ann_3345,shoe,shoe,23,682,1024,303.0,870.0,362.0,939.0,0.005829304893695014,59.0,prd_3_1_v1,core,SEGCORE1_0281,benchmark/prd_3_1_v1/candidates/segmentation_core_stress_v1/masks/core/shoe/SEGCORE1_0281.png,benchmark/prd_3_1_v1/candidates/segmentation_core_stress_v1/overlays/core/shoe/SEGCORE1_0281.jpg,small_0.5-2%,50-99,1,unreviewed,Core,SEGTEST1_0256,PASS,QC_V2_GEOMETRY_PASS+FULL_CORE_HUMAN_CONTACT_SHEET_REVIEW,complex_scene,HUMAN_REVIEW,small,partial,partial,CLIP_ASSISTED_DIAGNOSTIC_NOT_HUMAN_GT,GEOMETRY_PASS,,0.40,0.50,0.50,0.85,307,SEGTEST1_0256,shoe,shoe,,0.0,False,0.0,False,0.0,False,False,missed,
Fashionpedia,../fashion_data/raw/fashionpedia/images/test/5d5d3fb33612b0794f06003d8abe2a3e.jpg,5d5d3fb33612b0794f06003d8abe2a3e.jpg,../fashion_data/raw/fashionpedia/annotations/instances_attributes_val2020.json,8012,fashionpedia_ann_8012,shoe,shoe,23,680,1024,321.0,705.0,389.0,961.0,0.025,68.0,prd_3_1_v1,core,SEGCORE1_0298,benchmark/prd_3_1_v1/candidates/segmentation_core_stress_v1/masks/core/shoe/SEGCORE1_0298.png,benchmark/prd_3_1_v1/candidates/segmentation_core_stress_v1/overlays/core/shoe/SEGCORE1_0298.jpg,medium_2-10%,50-99,0,unreviewed,Core,SEGTEST1_0273,PASS,QC_V2_GEOMETRY_PASS+FULL_CORE_HUMAN_CONTACT_SHEET_REVIEW,complex_scene,HUMAN_REVIEW,medium,none,partial,CLIP_ASSISTED_DIAGNOSTIC_NOT_HUMAN_GT,GEOMETRY_PASS,,0.40,0.50,0.50,0.85,308,SEGTEST1_0273,shoe,shoe,,0.0,False,0.0,False,0.0,False,False,missed,
Fashionpedia,../fashion_data/raw/fashionpedia/images/test/5d7f5a1b4d12d8931d03c3e7e1060689.jpg,5d7f5a1b4d12d8931d03c3e7e1060689.jpg,../fashion_data/raw/fashionpedia/annotations/instances_attributes_val2020.json,6947,fashionpedia_ann_6947,bag,"bag, wallet",24,681,1024,188.0,534.0,299.0,786.0,0.040112197136563874,111.0,prd_3_1_v1,core,SEGCORE1_0335,benchmark/prd_3_1_v1/candidates/segmentation_core_stress_v1/masks/core/bag/SEGCORE1_0335.png,benchmark/prd_3_1_v1/candidates/segmentation_core_stress_v1/overlays/core/bag/SEGCORE1_0335.jpg,medium_2-10%,>=100,0,unreviewed,Core,SEGTEST1_0305,PASS,QC_V2_GEOMETRY_PASS+FULL_CORE_HUMAN_CONTACT_SHEET_REVIEW,complex_scene,HUMAN_REVIEW,medium,partial,partial,CLIP_ASSISTED_DIAGNOSTIC_NOT_HUMAN_GT,GEOMETRY_PASS,,0.40,0.50,0.50,0.85,309,SEGTEST1_0305,bag,"bag, wallet",,0.0,False,0.0,False,0.0,False,False,missed,
Fashionpedia,../fashion_data/raw/fashionpedia/images/test/5dbc92d79e36f8af3824a776b28b97d0.jpg,5dbc92d79e36f8af3824a776b28b97d0.jpg,../fashion_data/raw/fashionpedia/annotations/instances_attributes_val2020.json,1158,fashionpedia_ann_1158,shoe,shoe,23,683,1024,389.0,919.0,481.0,979.0,0.00789256954612006,60.0,prd_3_1_v1,core,SEGCORE1_0329,benchmark/prd_3_1_v1/candidates/segmentation_core_stress_v1/masks/core/shoe/SEGCORE1_0329.png,benchmark/prd_3_1_v1/candidates/segmentation_core_stress_v1/overlays/core/shoe/SEGCORE1_0329.jpg,small_0.5-2%,50-99,1,unreviewed,Core,SEGTEST1_0300,PASS,QC_V2_GEOMETRY_PASS+FULL_CORE_HUMAN_CONTACT_SHEET_REVIEW,worn_person,HUMAN_REVIEW,small,partial,partial,CLIP_ASSISTED_DIAGNOSTIC_NOT_HUMAN_GT,GEOMETRY_PASS,,0.40,0.50,0.50,0.85,310,SEGTEST1_0300,shoe,shoe,,0.0,False,0.0,False,0.0,False,False,missed,
Fashionpedia,../fashion_data/raw/fashionpedia/images/test/6612b7476f511c5cd1eb1086f2b7ba39.jpg,6612b7476f511c5cd1eb1086f2b7ba39.jpg,../fashion_data/raw/fashionpedia/annotations/instances_attributes_val2020.json,2285,fashionpedia_ann_2285,accessory,belt,19,680,1024,277.0,684.0,436.0,788.0,0.023747702205882352,104.0,prd_3_1_v1,core,SEGCORE1_0416,benchmark/prd_3_1_v1/candidates/segmentation_core_stress_v1/masks/core/accessory/SEGCORE1_0416.png,benchmark/prd_3_1_v1/candidates/segmentation_core_stress_v1/overlays/core/accessory/SEGCORE1_0416.jpg,medium_2-10%,>=100,0,unreviewed,Core,SEGTEST1_0380,PASS,QC_V2_GEOMETRY_PASS+FULL_CORE_HUMAN_CONTACT_SHEET_REVIEW,partial_view,HUMAN_REVIEW,medium,partial,partial,CLIP_ASSISTED_DIAGNOSTIC_NOT_HUMAN_GT,GEOMETRY_PASS,,0.40,0.50,0.50,0.85,313,SEGTEST1_0380,accessory,belt,,0.0,False,0.0,False,0.0,False,False,missed,
Fashionpedia,../fashion_data/raw/fashionpedia/images/test/70e000fc740fd51671f257453e5d4ef1.jpg,70e000fc740fd51671f257453e5d4ef1.jpg,../fashion_data/raw/fashionpedia/annotations/instances_attributes_val2020.json,5478,fashionpedia_ann_5478,bag,"bag, wallet",24,683,1024,302.0,272.0,582.0,649.0,0.1509310944363104,280.0,prd_3_1_v1,core,SEGCORE1_0342,benchmark/prd_3_1_v1/candidates/segmentation_core_stress_v1/masks/core/bag/SEGCORE1_0342.png,benchmark/prd_3_1_v1/candidates/segmentation_core_stress_v1/overlays/core/bag/SEGCORE1_0342.jpg,large_>=10%,>=100,0,unreviewed,Core,SEGTEST1_0311,PASS,QC_V2_GEOMETRY_PASS+FULL_CORE_HUMAN_CONTACT_SHEET_REVIEW,worn_person,HUMAN_REVIEW,large,partial,partial,CLIP_ASSISTED_DIAGNOSTIC_NOT_HUMAN_GT,GEOMETRY_PASS,,0.40,0.50,0.50,0.85,317,SEGTEST1_0311,bag,"bag, wallet",bag,0.42561203241348267,True,0.7083123518970775,True,0.12760952660982064,False,False,low_mask_iou,
Fashionpedia,../fashion_data/raw/fashionpedia/images/test/7229de52add8dfb593d50f63cc39df10.jpg,7229de52add8dfb593d50f63cc39df10.jpg,../fashion_data/raw/fashionpedia/annotations/instances_attributes_val2020.json,377,fashionpedia_ann_377,bag,"bag, wallet",24,655,1024,233.0,398.0,318.0,455.0,0.007223580629770993,57.0,prd_3_1_v1,core,SEGCORE1_0337,benchmark/prd_3_1_v1/candidates/segmentation_core_stress_v1/masks/core/bag/SEGCORE1_0337.png,benchmark/prd_3_1_v1/candidates/segmentation_core_stress_v1/overlays/core/bag/SEGCORE1_0337.jpg,small_0.5-2%,50-99,1,unreviewed,Core,SEGTEST1_0307,PASS,QC_V2_GEOMETRY_PASS+FULL_CORE_HUMAN_CONTACT_SHEET_REVIEW,complex_scene,HUMAN_REVIEW,small,partial,partial,CLIP_ASSISTED_DIAGNOSTIC_NOT_HUMAN_GT,GEOMETRY_PASS,,0.40,0.50,0.50,0.85,318,SEGTEST1_0307,bag,"bag, wallet",,0.0,False,0.0,False,0.0,False,False,missed,
Fashionpedia,../fashion_data/raw/fashionpedia/images/test/78c76bd3d70e760b4b59fde91b1cc03f.jpg,78c76bd3d70e760b4b59fde91b1cc03f.jpg,../fashion_data/raw/fashionpedia/annotations/instances_attributes_val2020.json,7859,fashionpedia_ann_7859,bag,"bag, wallet",24,1024,912,657.0,314.0,808.0,582.0,0.04333281935307018,151.0,prd_3_1_v1,core,SEGCORE1_0366,benchmark/prd_3_1_v1/candidates/segmentation_core_stress_v1/masks/core/bag/SEGCORE1_0366.png,benchmark/prd_3_1_v1/candidates/segmentation_core_stress_v1/overlays/core/bag/SEGCORE1_0366.jpg,medium_2-10%,>=100,0,unreviewed,Core,SEGTEST1_0333,PASS,QC_V2_GEOMETRY_PASS+FULL_CORE_HUMAN_CONTACT_SHEET_REVIEW,worn_person,HUMAN_REVIEW,medium,partial,full,CLIP_ASSISTED_DIAGNOSTIC_NOT_HUMAN_GT,GEOMETRY_PASS,,0.40,0.50,0.50,0.85,320,SEGTEST1_0333,bag,"bag, wallet",,0.0,False,0.0,False,0.0,False,False,missed,
Fashionpedia,../fashion_data/raw/fashionpedia/images/test/790cc5b2e3f130e9f45cde050b74c055.jpg,790cc5b2e3f130e9f45cde050b74c055.jpg,../fashion_data/raw/fashionpedia/annotations/instances_attributes_val2020.json,75,fashionpedia_ann_75,bag,"bag, wallet",24,1024,1024,569.0,195.0,664.0,563.0,0.0333404541015625,95.0,prd_3_1_v1,core,SEGCORE1_0383,benchmark/prd_3_1_v1/candidates/segmentation_core_stress_v1/masks/core/bag/SEGCORE1_0383.png,benchmark/prd_3_1_v1/candidates/segmentation_core_stress_v1/overlays/core/bag/SEGCORE1_0383.jpg,medium_2-10%,50-99,0,unreviewed,Core,SEGTEST1_0350,PASS,QC_V2_GEOMETRY_PASS+FULL_CORE_HUMAN_CONTACT_SHEET_REVIEW,worn_person,HUMAN_REVIEW,medium,partial,partial,CLIP_ASSISTED_DIAGNOSTIC_NOT_HUMAN_GT,GEOMETRY_PASS,,0.40,0.50,0.50,0.85,321,SEGTEST1_0350,bag,"bag, wallet",,0.0,False,0.0,False,0.0,False,False,missed,
Fashionpedia,../fashion_data/raw/fashionpedia/images/test/7d9a766f0de2a8aab3004ac1bee9768f.jpg,7d9a766f0de2a8aab3004ac1bee9768f.jpg,../fashion_data/raw/fashionpedia/annotations/instances_attributes_val2020.json,2616,fashionpedia_ann_2616,bag,"bag, wallet",24,683,1024,216.0,492.0,348.0,597.0,0.019817212664714496,105.0,prd_3_1_v1,core,SEGCORE1_0346,benchmark/prd_3_1_v1/candidates/segmentation_core_stress_v1/masks/core/bag/SEGCORE1_0346.png,benchmark/prd_3_1_v1/candidates/segmentation_core_stress_v1/overlays/core/bag/SEGCORE1_0346.jpg,small_0.5-2%,>=100,1,unreviewed,Core,SEGTEST1_0315,PASS,QC_V2_GEOMETRY_PASS+FULL_CORE_HUMAN_CONTACT_SHEET_REVIEW,complex_scene,HUMAN_REVIEW,small,partial,partial,CLIP_ASSISTED_DIAGNOSTIC_NOT_HUMAN_GT,GEOMETRY_PASS,,0.40,0.50,0.50,0.85,322,SEGTEST1_0315,bag,"bag, wallet",,0.0,False,0.0,False,0.0,False,False,missed,
Fashionpedia,../fashion_data/raw/fashionpedia/images/test/7ecf591cf3e21e72ea2718e3869f5768.jpg,7ecf591cf3e21e72ea2718e3869f5768.jpg,../fashion_data/raw/fashionpedia/annotations/instances_attributes_val2020.json,897,fashionpedia_ann_897,shoe,shoe,23,629,1024,256.0,619.0,416.0,720.0,0.025089427662957076,101.0,prd_3_1_v1,core,SEGCORE1_0318,benchmark/prd_3_1_v1/candidates/segmentation_core_stress_v1/masks/core/shoe/SEGCORE1_0318.png,benchmark/prd_3_1_v1/candidates/segmentation_core_stress_v1/overlays/core/shoe/SEGCORE1_0318.jpg,medium_2-10%,>=100,0,unreviewed,Core,SEGTEST1_0293,PASS,QC_V2_GEOMETRY_PASS+FULL_CORE_HUMAN_CONTACT_SHEET_REVIEW,worn_person,HUMAN_REVIEW,medium,partial,partial,CLIP_ASSISTED_DIAGNOSTIC_NOT_HUMAN_GT,GEOMETRY_PASS,,0.40,0.50,0.50,0.85,323,SEGTEST1_0293,shoe,shoe,,0.0,False,0.0,False,0.0,False,False,missed,
Fashionpedia,../fashion_data/raw/fashionpedia/images/test/7edab506f7628da58ac683b6b9554d2d.jpg,7edab506f7628da58ac683b6b9554d2d.jpg,../fashion_data/raw/fashionpedia/annotations/instances_attributes_val2020.json,972,fashionpedia_ann_972,shoe,shoe,23,683,1024,298.0,920.0,409.0,973.0,0.008411591782576867,53.0,prd_3_1_v1,core,SEGCORE1_0321,benchmark/prd_3_1_v1/candidates/segmentation_core_stress_v1/masks/core/shoe/SEGCORE1_0321.png,benchmark/prd_3_1_v1/candidates/segmentation_core_stress_v1/overlays/core/shoe/SEGCORE1_0321.jpg,small_0.5-2%,50-99,1,unreviewed,Core,SEGTEST1_0296,PASS,QC_V2_GEOMETRY_PASS+FULL_CORE_HUMAN_CONTACT_SHEET_REVIEW,worn_person,HUMAN_REVIEW,small,partial,partial,CLIP_ASSISTED_DIAGNOSTIC_NOT_HUMAN_GT,GEOMETRY_PASS,,0.40,0.50,0.50,0.85,324,SEGTEST1_0296,shoe,shoe,,0.0,False,0.0,False,0.0,False,False,missed,
Fashionpedia,../fashion_data/raw/fashionpedia/images/test/841690826ff84fb6ca2f6ed238a6be77.jpg,841690826ff84fb6ca2f6ed238a6be77.jpg,../fashion_data/raw/fashionpedia/annotations/instances_attributes_val2020.json,6826,fashionpedia_ann_6826,accessory,glasses,13,631,1024,195.0,135.0,367.0,234.0,0.026353258716323297,99.0,prd_3_1_v1,core,SEGCORE1_0406,benchmark/prd_3_1_v1/candidates/segmentation_core_stress_v1/masks/core/accessory/SEGCORE1_0406.png,benchmark/prd_3_1_v1/candidates/segmentation_core_stress_v1/overlays/core/accessory/SEGCORE1_0406.jpg,medium_2-10%,50-99,0,unreviewed,Core,SEGTEST1_0371,PASS,QC_V2_GEOMETRY_PASS+FULL_CORE_HUMAN_CONTACT_SHEET_REVIEW,partial_view,HUMAN_REVIEW,medium,partial,partial,CLIP_ASSISTED_DIAGNOSTIC_NOT_HUMAN_GT,GEOMETRY_PASS,,0.40,0.50,0.50,0.85,325,SEGTEST1_0371,accessory,glasses,,0.0,False,0.0,False,0.0,False,False,missed,
Fashionpedia,../fashion_data/raw/fashionpedia/images/test/8623733272199d95726231fd6dcdc7bf.jpg,8623733272199d95726231fd6dcdc7bf.jpg,../fashion_data/raw/fashionpedia/annotations/instances_attributes_val2020.json,7482,fashionpedia_ann_7482,bag,"bag, wallet",24,712,1024,251.0,218.0,329.0,482.0,0.028243504213483147,78.0,prd_3_1_v1,core,SEGCORE1_0378,benchmark/prd_3_1_v1/candidates/segmentation_core_stress_v1/masks/core/bag/SEGCORE1_0378.png,benchmark/prd_3_1_v1/candidates/segmentation_core_stress_v1/overlays/core/bag/SEGCORE1_0378.jpg,medium_2-10%,50-99,0,unreviewed,Core,SEGTEST1_0345,PASS,QC_V2_GEOMETRY_PASS+FULL_CORE_HUMAN_CONTACT_SHEET_REVIEW,complex_scene,HUMAN_REVIEW,medium,partial,partial,CLIP_ASSISTED_DIAGNOSTIC_NOT_HUMAN_GT,GEOMETRY_PASS,,0.40,0.50,0.50,0.85,326,SEGTEST1_0345,bag,"bag, wallet",,0.0,False,0.0,False,0.0,False,False,missed,
Fashionpedia,../fashion_data/raw/fashionpedia/images/test/8b0f9bec3b8c5793bf116e1e5e502072.jpg,8b0f9bec3b8c5793bf116e1e5e502072.jpg,../fashion_data/raw/fashionpedia/annotations/instances_attributes_val2020.json,1830,fashionpedia_ann_1830,shoe,shoe,23,681,1024,305.0,859.0,388.0,953.0,0.011188165381791484,83.0,prd_3_1_v1,core,SEGCORE1_0293,benchmark/prd_3_1_v1/candidates/segmentation_core_stress_v1/masks/core/shoe/SEGCORE1_0293.png,benchmark/prd_3_1_v1/candidates/segmentation_core_stress_v1/overlays/core/shoe/SEGCORE1_0293.jpg,small_0.5-2%,50-99,1,unreviewed,Core,SEGTEST1_0268,PASS,QC_V2_GEOMETRY_PASS+FULL_CORE_HUMAN_CONTACT_SHEET_REVIEW,complex_scene,HUMAN_REVIEW,small,partial,partial,CLIP_ASSISTED_DIAGNOSTIC_NOT_HUMAN_GT,GEOMETRY_PASS,,0.40,0.50,0.50,0.85,328,SEGTEST1_0268,shoe,shoe,,0.0,False,0.0,False,0.0,False,False,missed,
Fashionpedia,../fashion_data/raw/fashionpedia/images/test/8b5635d5a5331e26d0e5135a068976ee.jpg,8b5635d5a5331e26d0e5135a068976ee.jpg,../fashion_data/raw/fashionpedia/annotations/instances_attributes_val2020.json,1903,fashionpedia_ann_1903,accessory,glasses,13,682,1024,260.0,203.0,443.0,294.0,0.023845594299853373,91.0,prd_3_1_v1,core,SEGCORE1_0423,benchmark/prd_3_1_v1/candidates/segmentation_core_stress_v1/masks/core/accessory/SEGCORE1_0423.png,benchmark/prd_3_1_v1/candidates/segmentation_core_stress_v1/overlays/core/accessory/SEGCORE1_0423.jpg,medium_2-10%,50-99,0,unreviewed,Core,SEGTEST1_0387,PASS,QC_V2_GEOMETRY_PASS+FULL_CORE_HUMAN_CONTACT_SHEET_REVIEW,partial_view,HUMAN_REVIEW,medium,partial,partial,CLIP_ASSISTED_DIAGNOSTIC_NOT_HUMAN_GT,GEOMETRY_PASS,,0.40,0.50,0.50,0.85,329,SEGTEST1_0387,accessory,glasses,,0.0,False,0.0,False,0.0,False,False,missed,
Fashionpedia,../fashion_data/raw/fashionpedia/images/test/8c6c8abea5d5a128ca8834600b2aeddc.jpg,8c6c8abea5d5a128ca8834600b2aeddc.jpg,../fashion_data/raw/fashionpedia/annotations/instances_attributes_val2020.json,8821,fashionpedia_ann_8821,shoe,shoe,23,683,1024,134.0,826.0,328.0,977.0,0.041884951500732064,151.0,prd_3_1_v1,core,SEGCORE1_0280,benchmark/prd_3_1_v1/candidates/segmentation_core_stress_v1/masks/core/shoe/SEGCORE1_0280.png,benchmark/prd_3_1_v1/candidates/segmentation_core_stress_v1/overlays/core/shoe/SEGCORE1_0280.jpg,medium_2-10%,>=100,0,unreviewed,Core,SEGTEST1_0255,PASS,QC_V2_GEOMETRY_PASS+FULL_CORE_HUMAN_CONTACT_SHEET_REVIEW,worn_person,HUMAN_REVIEW,medium,partial,full,CLIP_ASSISTED_DIAGNOSTIC_NOT_HUMAN_GT,GEOMETRY_PASS,,0.40,0.50,0.50,0.85,330,SEGTEST1_0255,shoe,shoe,,0.0,False,0.0,False,0.0,False,False,missed,
Fashionpedia,../fashion_data/raw/fashionpedia/images/test/8cd47ea6b100369f44879e44ba5950c7.jpg,8cd47ea6b100369f44879e44ba5950c7.jpg,../fashion_data/raw/fashionpedia/annotations/instances_attributes_val2020.json,1656,fashionpedia_ann_1656,accessory,belt,19,1024,682,391.0,436.0,526.0,502.0,0.012758316532258064,66.0,prd_3_1_v1,core,SEGCORE1_0426,benchmark/prd_3_1_v1/candidates/segmentation_core_stress_v1/masks/core/accessory/SEGCORE1_0426.png,benchmark/prd_3_1_v1/candidates/segmentation_core_stress_v1/overlays/core/accessory/SEGCORE1_0426.jpg,small_0.5-2%,50-99,1,unreviewed,Core,SEGTEST1_0390,PASS,QC_V2_GEOMETRY_PASS+FULL_CORE_HUMAN_CONTACT_SHEET_REVIEW,complex_scene,HUMAN_REVIEW,small,partial,partial,CLIP_ASSISTED_DIAGNOSTIC_NOT_HUMAN_GT,GEOMETRY_PASS,,0.40,0.50,0.50,0.85,331,SEGTEST1_0390,accessory,belt,,0.0,False,0.0,False,0.0,False,False,missed,
Fashionpedia,../fashion_data/raw/fashionpedia/images/test/8e13b4bba964e3d1fc2eba6e30975f06.jpg,8e13b4bba964e3d1fc2eba6e30975f06.jpg,../fashion_data/raw/fashionpedia/annotations/instances_attributes_val2020.json,1964,fashionpedia_ann_1964,accessory,"headband, head covering, hair accessory",15,1024,682,0.0,99.0,780.0,667.0,0.6343933284457478,568.0,prd_3_1_v1,core,SEGCORE1_0395,benchmark/prd_3_1_v1/candidates/segmentation_core_stress_v1/masks/core/accessory/SEGCORE1_0395.png,benchmark/prd_3_1_v1/candidates/segmentation_core_stress_v1/overlays/core/accessory/SEGCORE1_0395.jpg,large_>=10%,>=100,0,unreviewed,Core,SEGTEST1_0360,PASS,QC_V2_GEOMETRY_PASS+FULL_CORE_HUMAN_CONTACT_SHEET_REVIEW,complex_scene,HUMAN_REVIEW,large,partial,full,CLIP_ASSISTED_DIAGNOSTIC_NOT_HUMAN_GT,GEOMETRY_PASS,,0.40,0.50,0.50,0.85,332,SEGTEST1_0360,accessory,"headband, head covering, hair accessory",,0.0,False,0.0,False,0.0,False,False,missed,
Fashionpedia,../fashion_data/raw/fashionpedia/images/test/8fd977cccd42dde5ebe8785b3929f801.jpg,8fd977cccd42dde5ebe8785b3929f801.jpg,../fashion_data/raw/fashionpedia/annotations/instances_attributes_val2020.json,1602,fashionpedia_ann_1602,bag,"bag, wallet",24,682,1024,255.0,423.0,387.0,723.0,0.05670362903225806,132.0,prd_3_1_v1,core,SEGCORE1_0350,benchmark/prd_3_1_v1/candidates/segmentation_core_stress_v1/masks/core/bag/SEGCORE1_0350.png,benchmark/prd_3_1_v1/candidates/segmentation_core_stress_v1/overlays/core/bag/SEGCORE1_0350.jpg,medium_2-10%,>=100,0,unreviewed,Core,SEGTEST1_0319,PASS,QC_V2_GEOMETRY_PASS+FULL_CORE_HUMAN_CONTACT_SHEET_REVIEW,worn_person,HUMAN_REVIEW,medium,partial,partial,CLIP_ASSISTED_DIAGNOSTIC_NOT_HUMAN_GT,GEOMETRY_PASS,,0.40,0.50,0.50,0.85,333,SEGTEST1_0319,bag,"bag, wallet",,0.0,False,0.0,False,0.0,False,False,missed,
Fashionpedia,../fashion_data/raw/fashionpedia/images/test/91d2989ccce4a5b3e4789f48b4e05a68.jpg,91d2989ccce4a5b3e4789f48b4e05a68.jpg,../fashion_data/raw/fashionpedia/annotations/instances_attributes_val2020.json,2999,fashionpedia_ann_2999,bag,"bag, wallet",24,681,1024,294.0,883.0,387.0,1023.0,0.018670842511013214,93.0,prd_3_1_v1,core,SEGCORE1_0363,benchmark/prd_3_1_v1/candidates/segmentation_core_stress_v1/masks/core/bag/SEGCORE1_0363.png,benchmark/prd_3_1_v1/candidates/segmentation_core_stress_v1/overlays/core/bag/SEGCORE1_0363.jpg,small_0.5-2%,50-99,1,unreviewed,Core,SEGTEST1_0330,PASS,QC_V2_GEOMETRY_PASS+FULL_CORE_HUMAN_CONTACT_SHEET_REVIEW,worn_person,HUMAN_REVIEW,small,none,partial,CLIP_ASSISTED_DIAGNOSTIC_NOT_HUMAN_GT,GEOMETRY_PASS,,0.40,0.50,0.50,0.85,334,SEGTEST1_0330,bag,"bag, wallet",,0.0,False,0.0,False,0.0,False,False,missed,
Fashionpedia,../fashion_data/raw/fashionpedia/images/test/923d9f0cbf8310c92e7949638ac59fdc.jpg,923d9f0cbf8310c92e7949638ac59fdc.jpg,../fashion_data/raw/fashionpedia/annotations/instances_attributes_val2020.json,8945,fashionpedia_ann_8945,shoe,shoe,23,682,1024,0.0,840.0,197.0,927.0,0.024541502474340175,87.0,prd_3_1_v1,core,SEGCORE1_0288,benchmark/prd_3_1_v1/candidates/segmentation_core_stress_v1/masks/core/shoe/SEGCORE1_0288.png,benchmark/prd_3_1_v1/candidates/segmentation_core_stress_v1/overlays/core/shoe/SEGCORE1_0288.jpg,medium_2-10%,50-99,0,unreviewed,Core,SEGTEST1_0263,PASS,QC_V2_GEOMETRY_PASS+FULL_CORE_HUMAN_CONTACT_SHEET_REVIEW,partial_view,HUMAN_REVIEW,medium,partial,partial,CLIP_ASSISTED_DIAGNOSTIC_NOT_HUMAN_GT,GEOMETRY_PASS,,0.40,0.50,0.50,0.85,335,SEGTEST1_0263,shoe,shoe,,0.0,False,0.0,False,0.0,False,False,missed,
Fashionpedia,../fashion_data/raw/fashionpedia/images/test/981fa1400f6240e4a3d5082b95b667a2.jpg,981fa1400f6240e4a3d5082b95b667a2.jpg,../fashion_data/raw/fashionpedia/annotations/instances_attributes_val2020.json,5913,fashionpedia_ann_5913,bag,"bag, wallet",24,683,1024,46.0,535.0,129.0,786.0,0.02978730096998536,83.0,prd_3_1_v1,core,SEGCORE1_0381,benchmark/prd_3_1_v1/candidates/segmentation_core_stress_v1/masks/core/bag/SEGCORE1_0381.png,benchmark/prd_3_1_v1/candidates/segmentation_core_stress_v1/overlays/core/bag/SEGCORE1_0381.jpg,medium_2-10%,50-99,0,unreviewed,Core,SEGTEST1_0348,PASS,QC_V2_GEOMETRY_PASS+FULL_CORE_HUMAN_CONTACT_SHEET_REVIEW,complex_scene,HUMAN_REVIEW,medium,partial,partial,CLIP_ASSISTED_DIAGNOSTIC_NOT_HUMAN_GT,GEOMETRY_PASS,,0.40,0.50,0.50,0.85,337,SEGTEST1_0348,bag,"bag, wallet",,0.0,False,0.0,False,0.0,False,False,missed,
Fashionpedia,../fashion_data/raw/fashionpedia/images/test/992c89a774b9f246db9ab54865273b26.jpg,992c89a774b9f246db9ab54865273b26.jpg,../fashion_data/raw/fashionpedia/annotations/instances_attributes_val2020.json,1523,fashionpedia_ann_1523,accessory,watch,18,682,1024,45.0,937.0,111.0,993.0,0.005292338709677419,56.0,prd_3_1_v1,core,SEGCORE1_0393,benchmark/prd_3_1_v1/candidates/segmentation_core_stress_v1/masks/core/accessory/SEGCORE1_0393.png,benchmark/prd_3_1_v1/candidates/segmentation_core_stress_v1/overlays/core/accessory/SEGCORE1_0393.jpg,small_0.5-2%,50-99,1,unreviewed,Core,SEGTEST1_0358,PASS,QC_V2_GEOMETRY_PASS+FULL_CORE_HUMAN_CONTACT_SHEET_REVIEW,complex_scene,HUMAN_REVIEW,small,partial,partial,CLIP_ASSISTED_DIAGNOSTIC_NOT_HUMAN_GT,GEOMETRY_PASS,,0.40,0.50,0.50,0.85,338,SEGTEST1_0358,accessory,watch,,0.0,False,0.0,False,0.0,False,False,missed,
Fashionpedia,../fashion_data/raw/fashionpedia/images/test/9a755d94e00922406ee34010fac8eec5.jpg,9a755d94e00922406ee34010fac8eec5.jpg,../fashion_data/raw/fashionpedia/annotations/instances_attributes_val2020.json,5623,fashionpedia_ann_5623,shoe,shoe,23,683,1024,348.0,902.0,403.0,986.0,0.006605737554904832,55.0,prd_3_1_v1,core,SEGCORE1_0305,benchmark/prd_3_1_v1/candidates/segmentation_core_stress_v1/masks/core/shoe/SEGCORE1_0305.png,benchmark/prd_3_1_v1/candidates/segmentation_core_stress_v1/overlays/core/shoe/SEGCORE1_0305.jpg,small_0.5-2%,50-99,1,unreviewed,Core,SEGTEST1_0280,PASS,QC_V2_GEOMETRY_PASS+FULL_CORE_HUMAN_CONTACT_SHEET_REVIEW,complex_scene,HUMAN_REVIEW,small,partial,partial,CLIP_ASSISTED_DIAGNOSTIC_NOT_HUMAN_GT,GEOMETRY_PASS,,0.40,0.50,0.50,0.85,339,SEGTEST1_0280,shoe,shoe,,0.0,False,0.0,False,0.0,False,False,missed,
Fashionpedia,../fashion_data/raw/fashionpedia/images/test/aaf6934258f226a68996b5922fa3f038.jpg,aaf6934258f226a68996b5922fa3f038.jpg,../fashion_data/raw/fashionpedia/annotations/instances_attributes_val2020.json,6240,fashionpedia_ann_6240,accessory,"headband, head covering, hair accessory",15,684,1024,322.0,297.0,376.0,386.0,0.006861636513157895,54.0,prd_3_1_v1,core,SEGCORE1_0422,benchmark/prd_3_1_v1/candidates/segmentation_core_stress_v1/masks/core/accessory/SEGCORE1_0422.png,benchmark/prd_3_1_v1/candidates/segmentation_core_stress_v1/overlays/core/accessory/SEGCORE1_0422.jpg,small_0.5-2%,50-99,1,unreviewed,Core,SEGTEST1_0386,PASS,QC_V2_GEOMETRY_PASS+FULL_CORE_HUMAN_CONTACT_SHEET_REVIEW,complex_scene,HUMAN_REVIEW,small,partial,partial,CLIP_ASSISTED_DIAGNOSTIC_NOT_HUMAN_GT,GEOMETRY_PASS,,0.40,0.50,0.50,0.85,342,SEGTEST1_0386,accessory,"headband, head covering, hair accessory",,0.0,False,0.0,False,0.0,False,False,missed,
Fashionpedia,../fashion_data/raw/fashionpedia/images/test/b0ed46a2ed52c32e7a1c2c47cebf3f70.jpg,b0ed46a2ed52c32e7a1c2c47cebf3f70.jpg,../fashion_data/raw/fashionpedia/annotations/instances_attributes_val2020.json,1997,fashionpedia_ann_1997,shoe,shoe,23,683,1024,336.0,871.0,393.0,936.0,0.005297458363836017,57.0,prd_3_1_v1,core,SEGCORE1_0319,benchmark/prd_3_1_v1/candidates/segmentation_core_stress_v1/masks/core/shoe/SEGCORE1_0319.png,benchmark/prd_3_1_v1/candidates/segmentation_core_stress_v1/overlays/core/shoe/SEGCORE1_0319.jpg,small_0.5-2%,50-99,1,unreviewed,Core,SEGTEST1_0294,PASS,QC_V2_GEOMETRY_PASS+FULL_CORE_HUMAN_CONTACT_SHEET_REVIEW,complex_scene,HUMAN_REVIEW,small,none,partial,CLIP_ASSISTED_DIAGNOSTIC_NOT_HUMAN_GT,GEOMETRY_PASS,,0.40,0.50,0.50,0.85,346,SEGTEST1_0294,shoe,shoe,,0.0,False,0.0,False,0.0,False,False,missed,
Fashionpedia,../fashion_data/raw/fashionpedia/images/test/b56a57edff4230c68e1d4296cc345718.jpg,b56a57edff4230c68e1d4296cc345718.jpg,../fashion_data/raw/fashionpedia/annotations/instances_attributes_val2020.json,708,fashionpedia_ann_708,accessory,"headband, head covering, hair accessory",15,681,1024,296.0,100.0,447.0,253.0,0.033129990363436126,151.0,prd_3_1_v1,core,SEGCORE1_0424,benchmark/prd_3_1_v1/candidates/segmentation_core_stress_v1/masks/core/accessory/SEGCORE1_0424.png,benchmark/prd_3_1_v1/candidates/segmentation_core_stress_v1/overlays/core/accessory/SEGCORE1_0424.jpg,medium_2-10%,>=100,0,unreviewed,Core,SEGTEST1_0388,PASS,QC_V2_GEOMETRY_PASS+FULL_CORE_HUMAN_CONTACT_SHEET_REVIEW,complex_scene,HUMAN_REVIEW,medium,partial,partial,CLIP_ASSISTED_DIAGNOSTIC_NOT_HUMAN_GT,GEOMETRY_PASS,,0.40,0.50,0.50,0.85,347,SEGTEST1_0388,accessory,"headband, head covering, hair accessory",,0.0,False,0.0,False,0.0,False,False,missed,
Fashionpedia,../fashion_data/raw/fashionpedia/images/test/b5afca4e7afe32cd8d4e7ba62da456bd.jpg,b5afca4e7afe32cd8d4e7ba62da456bd.jpg,../fashion_data/raw/fashionpedia/annotations/instances_attributes_val2020.json,1945,fashionpedia_ann_1945,accessory,belt,19,660,1024,310.0,582.0,563.0,931.0,0.13064778645833333,253.0,prd_3_1_v1,core,SEGCORE1_0403,benchmark/prd_3_1_v1/candidates/segmentation_core_stress_v1/masks/core/accessory/SEGCORE1_0403.png,benchmark/prd_3_1_v1/candidates/segmentation_core_stress_v1/overlays/core/accessory/SEGCORE1_0403.jpg,large_>=10%,>=100,0,unreviewed,Core,SEGTEST1_0368,PASS,QC_V2_GEOMETRY_PASS+FULL_CORE_HUMAN_CONTACT_SHEET_REVIEW,complex_scene,HUMAN_REVIEW,large,partial,full,CLIP_ASSISTED_DIAGNOSTIC_NOT_HUMAN_GT,GEOMETRY_PASS,,0.40,0.50,0.50,0.85,348,SEGTEST1_0368,accessory,belt,skirt,0.4605656862258911,True,0.644366715916124,False,0.36935643120007183,False,False,wrong_class,
Fashionpedia,../fashion_data/raw/fashionpedia/images/test/b6b563c14cfb7911932d24d22ffe5041.jpg,b6b563c14cfb7911932d24d22ffe5041.jpg,../fashion_data/raw/fashionpedia/annotations/instances_attributes_val2020.json,7874,fashionpedia_ann_7874,bag,"bag, wallet",24,768,1024,301.0,197.0,405.0,582.0,0.050913492838541664,104.0,prd_3_1_v1,core,SEGCORE1_0377,benchmark/prd_3_1_v1/candidates/segmentation_core_stress_v1/masks/core/bag/SEGCORE1_0377.png,benchmark/prd_3_1_v1/candidates/segmentation_core_stress_v1/overlays/core/bag/SEGCORE1_0377.jpg,medium_2-10%,>=100,0,unreviewed,Core,SEGTEST1_0344,PASS,QC_V2_GEOMETRY_PASS+FULL_CORE_HUMAN_CONTACT_SHEET_REVIEW,worn_person,HUMAN_REVIEW,medium,partial,partial,CLIP_ASSISTED_DIAGNOSTIC_NOT_HUMAN_GT,GEOMETRY_PASS,,0.40,0.50,0.50,0.85,349,SEGTEST1_0344,bag,"bag, wallet",,0.0,False,0.0,False,0.0,False,False,missed,
Fashionpedia,../fashion_data/raw/fashionpedia/images/test/c2d80480b743d45143725a5c223c16d9.jpg,c2d80480b743d45143725a5c223c16d9.jpg,../fashion_data/raw/fashionpedia/annotations/instances_attributes_val2020.json,36,fashionpedia_ann_36,accessory,"headband, head covering, hair accessory",15,682,1024,224.0,23.0,652.0,458.0,0.2665929710410557,428.0,prd_3_1_v1,core,SEGCORE1_0414,benchmark/prd_3_1_v1/candidates/segmentation_core_stress_v1/masks/core/accessory/SEGCORE1_0414.png,benchmark/prd_3_1_v1/candidates/segmentation_core_stress_v1/overlays/core/accessory/SEGCORE1_0414.jpg,large_>=10%,>=100,0,unreviewed,Core,SEGTEST1_0378,PASS,QC_V2_GEOMETRY_PASS+FULL_CORE_HUMAN_CONTACT_SHEET_REVIEW,partial_view,HUMAN_REVIEW,large,partial,full,CLIP_ASSISTED_DIAGNOSTIC_NOT_HUMAN_GT,GEOMETRY_PASS,,0.40,0.50,0.50,0.85,355,SEGTEST1_0378,accessory,"headband, head covering, hair accessory",top,0.6150789856910706,True,0.6232195901590658,False,0.36764229398423154,False,False,wrong_class,
Fashionpedia,../fashion_data/raw/fashionpedia/images/test/c31564bf88c1d02aa8cb1e886ccaadef.jpg,c31564bf88c1d02aa8cb1e886ccaadef.jpg,../fashion_data/raw/fashionpedia/annotations/instances_attributes_val2020.json,1307,fashionpedia_ann_1307,shoe,shoe,23,1024,682,258.0,493.0,376.0,642.0,0.025175838526392963,118.0,prd_3_1_v1,core,SEGCORE1_0312,benchmark/prd_3_1_v1/candidates/segmentation_core_stress_v1/masks/core/shoe/SEGCORE1_0312.png,benchmark/prd_3_1_v1/candidates/segmentation_core_stress_v1/overlays/core/shoe/SEGCORE1_0312.jpg,medium_2-10%,>=100,0,unreviewed,Core,SEGTEST1_0287,PASS,QC_V2_GEOMETRY_PASS+FULL_CORE_HUMAN_CONTACT_SHEET_REVIEW,worn_person,HUMAN_REVIEW,medium,partial,partial,CLIP_ASSISTED_DIAGNOSTIC_NOT_HUMAN_GT,GEOMETRY_PASS,,0.40,0.50,0.50,0.85,356,SEGTEST1_0287,shoe,shoe,,0.0,False,0.0,False,0.0,False,False,missed,
Fashionpedia,../fashion_data/raw/fashionpedia/images/test/c49c54015b966bc7220c18569088e5ea.jpg,c49c54015b966bc7220c18569088e5ea.jpg,../fashion_data/raw/fashionpedia/annotations/instances_attributes_val2020.json,333,fashionpedia_ann_333,shoe,shoe,23,682,1024,18.0,793.0,164.0,860.0,0.01400694189882698,67.0,prd_3_1_v1,core,SEGCORE1_0295,benchmark/prd_3_1_v1/candidates/segmentation_core_stress_v1/masks/core/shoe/SEGCORE1_0295.png,benchmark/prd_3_1_v1/candidates/segmentation_core_stress_v1/overlays/core/shoe/SEGCORE1_0295.jpg,small_0.5-2%,50-99,1,unreviewed,Core,SEGTEST1_0270,PASS,QC_V2_GEOMETRY_PASS+FULL_CORE_HUMAN_CONTACT_SHEET_REVIEW,worn_person,HUMAN_REVIEW,small,partial,partial,CLIP_ASSISTED_DIAGNOSTIC_NOT_HUMAN_GT,GEOMETRY_PASS,,0.40,0.50,0.50,0.85,358,SEGTEST1_0270,shoe,shoe,,0.0,False,0.0,False,0.0,False,False,missed,
Fashionpedia,../fashion_data/raw/fashionpedia/images/test/c61d5cca2c2a6e5f06a6ff26689e8f89.jpg,c61d5cca2c2a6e5f06a6ff26689e8f89.jpg,../fashion_data/raw/fashionpedia/annotations/instances_attributes_val2020.json,2332,fashionpedia_ann_2332,bag,"bag, wallet",24,683,1024,251.0,233.0,319.0,510.0,0.026931963762811127,68.0,prd_3_1_v1,core,SEGCORE1_0374,benchmark/prd_3_1_v1/candidates/segmentation_core_stress_v1/masks/core/bag/SEGCORE1_0374.png,benchmark/prd_3_1_v1/candidates/segmentation_core_stress_v1/overlays/core/bag/SEGCORE1_0374.jpg,medium_2-10%,50-99,0,unreviewed,Core,SEGTEST1_0341,PASS,QC_V2_GEOMETRY_PASS+FULL_CORE_HUMAN_CONTACT_SHEET_REVIEW,complex_scene,HUMAN_REVIEW,medium,partial,partial,CLIP_ASSISTED_DIAGNOSTIC_NOT_HUMAN_GT,GEOMETRY_PASS,,0.40,0.50,0.50,0.85,359,SEGTEST1_0341,bag,"bag, wallet",,0.0,False,0.0,False,0.0,False,False,missed,
Fashionpedia,../fashion_data/raw/fashionpedia/images/test/c71725f6c3b33f109c76c4d356efb90b.jpg,c71725f6c3b33f109c76c4d356efb90b.jpg,../fashion_data/raw/fashionpedia/annotations/instances_attributes_val2020.json,6119,fashionpedia_ann_6119,shoe,shoe,23,678,1024,173.0,718.0,350.0,897.0,0.04563485204646018,177.0,prd_3_1_v1,core,SEGCORE1_0284,benchmark/prd_3_1_v1/candidates/segmentation_core_stress_v1/masks/core/shoe/SEGCORE1_0284.png,benchmark/prd_3_1_v1/candidates/segmentation_core_stress_v1/overlays/core/shoe/SEGCORE1_0284.jpg,medium_2-10%,>=100,0,unreviewed,Core,SEGTEST1_0259,PASS,QC_V2_GEOMETRY_PASS+FULL_CORE_HUMAN_CONTACT_SHEET_REVIEW,worn_person,HUMAN_REVIEW,medium,partial,partial,CLIP_ASSISTED_DIAGNOSTIC_NOT_HUMAN_GT,GEOMETRY_PASS,,0.40,0.50,0.50,0.85,360,SEGTEST1_0259,shoe,shoe,,0.0,False,0.0,False,0.0,False,False,missed,
Fashionpedia,../fashion_data/raw/fashionpedia/images/test/cd49344a73f9e61527b4ef120e1ddfd0.jpg,cd49344a73f9e61527b4ef120e1ddfd0.jpg,../fashion_data/raw/fashionpedia/annotations/instances_attributes_val2020.json,6516,fashionpedia_ann_6516,shoe,shoe,23,682,1024,293.0,872.0,526.0,944.0,0.024021719208211143,72.0,prd_3_1_v1,core,SEGCORE1_0308,benchmark/prd_3_1_v1/candidates/segmentation_core_stress_v1/masks/core/shoe/SEGCORE1_0308.png,benchmark/prd_3_1_v1/candidates/segmentation_core_stress_v1/overlays/core/shoe/SEGCORE1_0308.jpg,medium_2-10%,50-99,0,unreviewed,Core,SEGTEST1_0283,PASS,QC_V2_GEOMETRY_PASS+FULL_CORE_HUMAN_CONTACT_SHEET_REVIEW,worn_person,HUMAN_REVIEW,medium,partial,full,CLIP_ASSISTED_DIAGNOSTIC_NOT_HUMAN_GT,GEOMETRY_PASS,,0.40,0.50,0.50,0.85,362,SEGTEST1_0283,shoe,shoe,,0.0,False,0.0,False,0.0,False,False,missed,
Fashionpedia,../fashion_data/raw/fashionpedia/images/test/d451b646b79628026a369c045ed54462.jpg,d451b646b79628026a369c045ed54462.jpg,../fashion_data/raw/fashionpedia/annotations/instances_attributes_val2020.json,6404,fashionpedia_ann_6404,accessory,scarf,25,681,1024,261.0,127.0,470.0,347.0,0.06593589390602056,209.0,prd_3_1_v1,core,SEGCORE1_0399,benchmark/prd_3_1_v1/candidates/segmentation_core_stress_v1/masks/core/accessory/SEGCORE1_0399.png,benchmark/prd_3_1_v1/candidates/segmentation_core_stress_v1/overlays/core/accessory/SEGCORE1_0399.jpg,medium_2-10%,>=100,0,unreviewed,Core,SEGTEST1_0364,PASS,QC_V2_GEOMETRY_PASS+FULL_CORE_HUMAN_CONTACT_SHEET_REVIEW,complex_scene,HUMAN_REVIEW,medium,partial,full,CLIP_ASSISTED_DIAGNOSTIC_NOT_HUMAN_GT,GEOMETRY_PASS,,0.40,0.50,0.50,0.85,364,SEGTEST1_0364,accessory,scarf,,0.0,False,0.0,False,0.0,False,False,missed,
Fashionpedia,../fashion_data/raw/fashionpedia/images/test/d47f5c8a886204cd7b315af23ce90b4e.jpg,d47f5c8a886204cd7b315af23ce90b4e.jpg,../fashion_data/raw/fashionpedia/annotations/instances_attributes_val2020.json,5515,fashionpedia_ann_5515,shoe,shoe,23,681,1024,334.0,876.0,384.0,975.0,0.007098361784140969,50.0,prd_3_1_v1,core,SEGCORE1_0289,benchmark/prd_3_1_v1/candidates/segmentation_core_stress_v1/masks/core/shoe/SEGCORE1_0289.png,benchmark/prd_3_1_v1/candidates/segmentation_core_stress_v1/overlays/core/shoe/SEGCORE1_0289.jpg,small_0.5-2%,50-99,1,unreviewed,Core,SEGTEST1_0264,PASS,QC_V2_GEOMETRY_PASS+FULL_CORE_HUMAN_CONTACT_SHEET_REVIEW,complex_scene,HUMAN_REVIEW,small,none,partial,CLIP_ASSISTED_DIAGNOSTIC_NOT_HUMAN_GT,GEOMETRY_PASS,,0.40,0.50,0.50,0.85,365,SEGTEST1_0264,shoe,shoe,,0.0,False,0.0,False,0.0,False,False,missed,
Fashionpedia,../fashion_data/raw/fashionpedia/images/test/d8b36f1be818f71a0ab4224b829c1210.jpg,d8b36f1be818f71a0ab4224b829c1210.jpg,../fashion_data/raw/fashionpedia/annotations/instances_attributes_val2020.json,1430,fashionpedia_ann_1430,accessory,belt,19,682,1024,231.0,467.0,484.0,816.0,0.12643334173387097,253.0,prd_3_1_v1,core,SEGCORE1_0421,benchmark/prd_3_1_v1/candidates/segmentation_core_stress_v1/masks/core/accessory/SEGCORE1_0421.png,benchmark/prd_3_1_v1/candidates/segmentation_core_stress_v1/overlays/core/accessory/SEGCORE1_0421.jpg,large_>=10%,>=100,0,unreviewed,Core,SEGTEST1_0385,PASS,QC_V2_GEOMETRY_PASS+FULL_CORE_HUMAN_CONTACT_SHEET_REVIEW,complex_scene,HUMAN_REVIEW,large,partial,partial,CLIP_ASSISTED_DIAGNOSTIC_NOT_HUMAN_GT,GEOMETRY_PASS,,0.40,0.50,0.50,0.85,366,SEGTEST1_0385,accessory,belt,,0.0,False,0.0,False,0.0,False,False,missed,
Fashionpedia,../fashion_data/raw/fashionpedia/images/test/db85f62492da69d793339b2c124e7abb.jpg,db85f62492da69d793339b2c124e7abb.jpg,../fashion_data/raw/fashionpedia/annotations/instances_attributes_val2020.json,739,fashionpedia_ann_739,accessory,sock,22,652,1024,100.0,824.0,188.0,886.0,0.008171970858895705,62.0,prd_3_1_v1,core,SEGCORE1_0438,benchmark/prd_3_1_v1/candidates/segmentation_core_stress_v1/masks/core/accessory/SEGCORE1_0438.png,benchmark/prd_3_1_v1/candidates/segmentation_core_stress_v1/overlays/core/accessory/SEGCORE1_0438.jpg,small_0.5-2%,50-99,1,unreviewed,Core,SEGTEST1_0398,PASS,QC_V2_GEOMETRY_PASS+FULL_CORE_HUMAN_CONTACT_SHEET_REVIEW,worn_person,HUMAN_REVIEW,small,partial,partial,CLIP_ASSISTED_DIAGNOSTIC_NOT_HUMAN_GT,GEOMETRY_PASS,,0.40,0.50,0.50,0.85,367,SEGTEST1_0398,accessory,sock,,0.0,False,0.0,False,0.0,False,False,missed,
Fashionpedia,../fashion_data/raw/fashionpedia/images/test/de3856d93bf781545f6453afbbeef077.jpg,de3856d93bf781545f6453afbbeef077.jpg,../fashion_data/raw/fashionpedia/annotations/instances_attributes_val2020.json,8233,fashionpedia_ann_8233,accessory,sock,22,632,1024,288.0,720.0,362.0,948.0,0.026070510284810125,74.0,prd_3_1_v1,core,SEGCORE1_0396,benchmark/prd_3_1_v1/candidates/segmentation_core_stress_v1/masks/core/accessory/SEGCORE1_0396.png,benchmark/prd_3_1_v1/candidates/segmentation_core_stress_v1/overlays/core/accessory/SEGCORE1_0396.jpg,medium_2-10%,50-99,0,unreviewed,Core,SEGTEST1_0361,PASS,QC_V2_GEOMETRY_PASS+FULL_CORE_HUMAN_CONTACT_SHEET_REVIEW,complex_scene,HUMAN_REVIEW,medium,none,partial,CLIP_ASSISTED_DIAGNOSTIC_NOT_HUMAN_GT,GEOMETRY_PASS,,0.40,0.50,0.50,0.85,369,SEGTEST1_0361,accessory,sock,,0.0,False,0.0,False,0.0,False,False,missed,
Fashionpedia,../fashion_data/raw/fashionpedia/images/test/de92afe62c9c4670a48c6c3e43440323.jpg,de92afe62c9c4670a48c6c3e43440323.jpg,../fashion_data/raw/fashionpedia/annotations/instances_attributes_val2020.json,3574,fashionpedia_ann_3574,bag,"bag, wallet",24,1024,682,513.0,199.0,593.0,343.0,0.016495601173020527,80.0,prd_3_1_v1,core,SEGCORE1_0365,benchmark/prd_3_1_v1/candidates/segmentation_core_stress_v1/masks/core/bag/SEGCORE1_0365.png,benchmark/prd_3_1_v1/candidates/segmentation_core_stress_v1/overlays/core/bag/SEGCORE1_0365.jpg,small_0.5-2%,50-99,1,unreviewed,Core,SEGTEST1_0332,PASS,QC_V2_GEOMETRY_PASS+FULL_CORE_HUMAN_CONTACT_SHEET_REVIEW,complex_scene,HUMAN_REVIEW,small,partial,partial,CLIP_ASSISTED_DIAGNOSTIC_NOT_HUMAN_GT,GEOMETRY_PASS,,0.40,0.50,0.50,0.85,370,SEGTEST1_0332,bag,"bag, wallet",,0.0,False,0.0,False,0.0,False,False,missed,
Fashionpedia,../fashion_data/raw/fashionpedia/images/test/e18e46ee82d41e1a8bad90e817212331.jpg,e18e46ee82d41e1a8bad90e817212331.jpg,../fashion_data/raw/fashionpedia/annotations/instances_attributes_val2020.json,7652,fashionpedia_ann_7652,bag,"bag, wallet",24,1024,1024,535.0,268.0,842.0,1023.0,0.22104740142822266,307.0,prd_3_1_v1,core,SEGCORE1_0339,benchmark/prd_3_1_v1/candidates/segmentation_core_stress_v1/masks/core/bag/SEGCORE1_0339.png,benchmark/prd_3_1_v1/candidates/segmentation_core_stress_v1/overlays/core/bag/SEGCORE1_0339.jpg,large_>=10%,>=100,0,unreviewed,Core,SEGTEST1_0309,PASS,QC_V2_GEOMETRY_PASS+FULL_CORE_HUMAN_CONTACT_SHEET_REVIEW,partial_view,HUMAN_REVIEW,large,none,partial,CLIP_ASSISTED_DIAGNOSTIC_NOT_HUMAN_GT,GEOMETRY_PASS,,0.40,0.50,0.50,0.85,372,SEGTEST1_0309,bag,"bag, wallet",,0.0,False,0.0,False,0.0,False,False,missed,
Fashionpedia,../fashion_data/raw/fashionpedia/images/test/e1c633bb82c74fbfc7504a7186c97751.jpg,e1c633bb82c74fbfc7504a7186c97751.jpg,../fashion_data/raw/fashionpedia/annotations/instances_attributes_val2020.json,5803,fashionpedia_ann_5803,bag,"bag, wallet",24,680,1024,287.0,237.0,352.0,369.0,0.012321920955882353,65.0,prd_3_1_v1,core,SEGCORE1_0352,benchmark/prd_3_1_v1/candidates/segmentation_core_stress_v1/masks/core/bag/SEGCORE1_0352.png,benchmark/prd_3_1_v1/candidates/segmentation_core_stress_v1/overlays/core/bag/SEGCORE1_0352.jpg,small_0.5-2%,50-99,1,unreviewed,Core,SEGTEST1_0321,PASS,QC_V2_GEOMETRY_PASS+FULL_CORE_HUMAN_CONTACT_SHEET_REVIEW,complex_scene,HUMAN_REVIEW,small,none,partial,CLIP_ASSISTED_DIAGNOSTIC_NOT_HUMAN_GT,GEOMETRY_PASS,,0.40,0.50,0.50,0.85,373,SEGTEST1_0321,bag,"bag, wallet",,0.0,False,0.0,False,0.0,False,False,missed,
Fashionpedia,../fashion_data/raw/fashionpedia/images/test/e4de7821071dd5b1baa80bb9813a8895.jpg,e4de7821071dd5b1baa80bb9813a8895.jpg,../fashion_data/raw/fashionpedia/annotations/instances_attributes_val2020.json,8216,fashionpedia_ann_8216,shoe,shoe,23,682,1024,299.0,831.0,351.0,918.0,0.00647796004398827,52.0,prd_3_1_v1,core,SEGCORE1_0317,benchmark/prd_3_1_v1/candidates/segmentation_core_stress_v1/masks/core/shoe/SEGCORE1_0317.png,benchmark/prd_3_1_v1/candidates/segmentation_core_stress_v1/overlays/core/shoe/SEGCORE1_0317.jpg,small_0.5-2%,50-99,1,unreviewed,Core,SEGTEST1_0292,PASS,QC_V2_GEOMETRY_PASS+FULL_CORE_HUMAN_CONTACT_SHEET_REVIEW,complex_scene,HUMAN_REVIEW,small,none,partial,CLIP_ASSISTED_DIAGNOSTIC_NOT_HUMAN_GT,GEOMETRY_PASS,,0.40,0.50,0.50,0.85,374,SEGTEST1_0292,shoe,shoe,,0.0,False,0.0,False,0.0,False,False,missed,
Fashionpedia,../fashion_data/raw/fashionpedia/images/test/e58b172581a1b2e4d7ed70620b23d2be.jpg,e58b172581a1b2e4d7ed70620b23d2be.jpg,../fashion_data/raw/fashionpedia/annotations/instances_attributes_val2020.json,3471,fashionpedia_ann_3471,bag,"bag, wallet",24,683,1024,389.0,480.0,603.0,1016.0,0.1640053074670571,214.0,prd_3_1_v1,core,SEGCORE1_0351,benchmark/prd_3_1_v1/candidates/segmentation_core_stress_v1/masks/core/bag/SEGCORE1_0351.png,benchmark/prd_3_1_v1/candidates/segmentation_core_stress_v1/overlays/core/bag/SEGCORE1_0351.jpg,large_>=10%,>=100,0,unreviewed,Core,SEGTEST1_0320,PASS,QC_V2_GEOMETRY_PASS+FULL_CORE_HUMAN_CONTACT_SHEET_REVIEW,complex_scene,HUMAN_REVIEW,large,partial,full,CLIP_ASSISTED_DIAGNOSTIC_NOT_HUMAN_GT,GEOMETRY_PASS,,0.40,0.50,0.50,0.85,375,SEGTEST1_0320,bag,"bag, wallet",,0.0,False,0.0,False,0.0,False,False,missed,
Fashionpedia,../fashion_data/raw/fashionpedia/images/test/e636280e96f3863157a4398c92fc299e.jpg,e636280e96f3863157a4398c92fc299e.jpg,../fashion_data/raw/fashionpedia/annotations/instances_attributes_val2020.json,8491,fashionpedia_ann_8491,accessory,"tights, stockings",21,682,1024,241.0,655.0,330.0,890.0,0.02994839396994135,89.0,prd_3_1_v1,core,SEGCORE1_0401,benchmark/prd_3_1_v1/candidates/segmentation_core_stress_v1/masks/core/accessory/SEGCORE1_0401.png,benchmark/prd_3_1_v1/candidates/segmentation_core_stress_v1/overlays/core/accessory/SEGCORE1_0401.jpg,medium_2-10%,50-99,0,unreviewed,Core,SEGTEST1_0366,PASS,QC_V2_GEOMETRY_PASS+FULL_CORE_HUMAN_CONTACT_SHEET_REVIEW,worn_person,HUMAN_REVIEW,medium,partial,partial,CLIP_ASSISTED_DIAGNOSTIC_NOT_HUMAN_GT,GEOMETRY_PASS,,0.40,0.50,0.50,0.85,376,SEGTEST1_0366,accessory,"tights, stockings",,0.0,False,0.0,False,0.0,False,False,missed,
Fashionpedia,../fashion_data/raw/fashionpedia/images/test/e6468d04328e93755f40b49190b3f801.jpg,e6468d04328e93755f40b49190b3f801.jpg,../fashion_data/raw/fashionpedia/annotations/instances_attributes_val2020.json,1058,fashionpedia_ann_1058,bag,"bag, wallet",24,1024,680,363.0,229.0,582.0,679.0,0.14152975643382354,219.0,prd_3_1_v1,core,SEGCORE1_0357,benchmark/prd_3_1_v1/candidates/segmentation_core_stress_v1/masks/core/bag/SEGCORE1_0357.png,benchmark/prd_3_1_v1/candidates/segmentation_core_stress_v1/overlays/core/bag/SEGCORE1_0357.jpg,large_>=10%,>=100,0,unreviewed,Core,SEGTEST1_0326,PASS,QC_V2_GEOMETRY_PASS+FULL_CORE_HUMAN_CONTACT_SHEET_REVIEW,worn_person,HUMAN_REVIEW,large,partial,full,CLIP_ASSISTED_DIAGNOSTIC_NOT_HUMAN_GT,GEOMETRY_PASS,,0.40,0.50,0.50,0.85,377,SEGTEST1_0326,bag,"bag, wallet",bag,0.49960389733314514,True,0.860547151665761,True,0.35872703189213057,False,False,low_mask_iou,
Fashionpedia,../fashion_data/raw/fashionpedia/images/test/e73b13b557ab167a05cb10ed45decf52.jpg,e73b13b557ab167a05cb10ed45decf52.jpg,../fashion_data/raw/fashionpedia/annotations/instances_attributes_val2020.json,5636,fashionpedia_ann_5636,accessory,"headband, head covering, hair accessory",15,683,1024,272.0,90.0,413.0,205.0,0.023184423041727673,115.0,prd_3_1_v1,core,SEGCORE1_0437,benchmark/prd_3_1_v1/candidates/segmentation_core_stress_v1/masks/core/accessory/SEGCORE1_0437.png,benchmark/prd_3_1_v1/candidates/segmentation_core_stress_v1/overlays/core/accessory/SEGCORE1_0437.jpg,medium_2-10%,>=100,0,unreviewed,Core,SEGTEST1_0397,PASS,QC_V2_GEOMETRY_PASS+FULL_CORE_HUMAN_CONTACT_SHEET_REVIEW,complex_scene,HUMAN_REVIEW,medium,partial,partial,CLIP_ASSISTED_DIAGNOSTIC_NOT_HUMAN_GT,GEOMETRY_PASS,,0.40,0.50,0.50,0.85,378,SEGTEST1_0397,accessory,"headband, head covering, hair accessory",,0.0,False,0.0,False,0.0,False,False,missed,
Fashionpedia,../fashion_data/raw/fashionpedia/images/test/e9e415310c10ee05c1ebbf0f013c9269.jpg,e9e415310c10ee05c1ebbf0f013c9269.jpg,../fashion_data/raw/fashionpedia/annotations/instances_attributes_val2020.json,3763,fashionpedia_ann_3763,shoe,shoe,23,1024,682,770.0,128.0,909.0,225.0,0.019306440157624633,97.0,prd_3_1_v1,core,SEGCORE1_0297,benchmark/prd_3_1_v1/candidates/segmentation_core_stress_v1/masks/core/shoe/SEGCORE1_0297.png,benchmark/prd_3_1_v1/candidates/segmentation_core_stress_v1/overlays/core/shoe/SEGCORE1_0297.jpg,small_0.5-2%,50-99,1,unreviewed,Core,SEGTEST1_0272,PASS,QC_V2_GEOMETRY_PASS+FULL_CORE_HUMAN_CONTACT_SHEET_REVIEW,worn_person,HUMAN_REVIEW,small,partial,full,CLIP_ASSISTED_DIAGNOSTIC_NOT_HUMAN_GT,GEOMETRY_PASS,,0.40,0.50,0.50,0.85,380,SEGTEST1_0272,shoe,shoe,,0.0,False,0.0,False,0.0,False,False,missed,
Fashionpedia,../fashion_data/raw/fashionpedia/images/test/eb20c87403d09323d402b3461afbdb0e.jpg,eb20c87403d09323d402b3461afbdb0e.jpg,../fashion_data/raw/fashionpedia/annotations/instances_attributes_val2020.json,8409,fashionpedia_ann_8409,bag,"bag, wallet",24,597,1024,139.0,214.0,237.0,516.0,0.04841263609715243,98.0,prd_3_1_v1,core,SEGCORE1_0370,benchmark/prd_3_1_v1/candidates/segmentation_core_stress_v1/masks/core/bag/SEGCORE1_0370.png,benchmark/prd_3_1_v1/candidates/segmentation_core_stress_v1/overlays/core/bag/SEGCORE1_0370.jpg,medium_2-10%,50-99,0,unreviewed,Core,SEGTEST1_0337,PASS,QC_V2_GEOMETRY_PASS+FULL_CORE_HUMAN_CONTACT_SHEET_REVIEW,complex_scene,HUMAN_REVIEW,medium,partial,full,CLIP_ASSISTED_DIAGNOSTIC_NOT_HUMAN_GT,GEOMETRY_PASS,,0.40,0.50,0.50,0.85,381,SEGTEST1_0337,bag,"bag, wallet",,0.0,False,0.0,False,0.0,False,False,missed,
Fashionpedia,../fashion_data/raw/fashionpedia/images/test/ebf78f93576a0c6222dc50801fd113c6.jpg,ebf78f93576a0c6222dc50801fd113c6.jpg,../fashion_data/raw/fashionpedia/annotations/instances_attributes_val2020.json,2463,fashionpedia_ann_2463,shoe,shoe,23,1024,682,288.0,555.0,488.0,627.0,0.02061950146627566,72.0,prd_3_1_v1,core,SEGCORE1_0304,benchmark/prd_3_1_v1/candidates/segmentation_core_stress_v1/masks/core/shoe/SEGCORE1_0304.png,benchmark/prd_3_1_v1/candidates/segmentation_core_stress_v1/overlays/core/shoe/SEGCORE1_0304.jpg,medium_2-10%,50-99,0,unreviewed,Core,SEGTEST1_0279,PASS,QC_V2_GEOMETRY_PASS+FULL_CORE_HUMAN_CONTACT_SHEET_REVIEW,complex_scene,HUMAN_REVIEW,medium,none,partial,CLIP_ASSISTED_DIAGNOSTIC_NOT_HUMAN_GT,GEOMETRY_PASS,,0.40,0.50,0.50,0.85,382,SEGTEST1_0279,shoe,shoe,,0.0,False,0.0,False,0.0,False,False,missed,
Fashionpedia,../fashion_data/raw/fashionpedia/images/test/ec87f9472aa1aa6a6fb6fa44add1357a.jpg,ec87f9472aa1aa6a6fb6fa44add1357a.jpg,../fashion_data/raw/fashionpedia/annotations/instances_attributes_val2020.json,7485,fashionpedia_ann_7485,accessory,hat,14,1024,1024,201.0,77.0,750.0,493.0,0.217803955078125,416.0,prd_3_1_v1,core,SEGCORE1_0392,benchmark/prd_3_1_v1/candidates/segmentation_core_stress_v1/masks/core/accessory/SEGCORE1_0392.png,benchmark/prd_3_1_v1/candidates/segmentation_core_stress_v1/overlays/core/accessory/SEGCORE1_0392.jpg,large_>=10%,>=100,0,unreviewed,Core,SEGTEST1_0357,PASS,QC_V2_GEOMETRY_PASS+FULL_CORE_HUMAN_CONTACT_SHEET_REVIEW,partial_view,HUMAN_REVIEW,large,none,partial,CLIP_ASSISTED_DIAGNOSTIC_NOT_HUMAN_GT,GEOMETRY_PASS,,0.40,0.50,0.50,0.85,383,SEGTEST1_0357,accessory,hat,,0.0,False,0.0,False,0.0,False,False,missed,
Fashionpedia,../fashion_data/raw/fashionpedia/images/test/ef9f506c8d4345edbb63f7fb54bb2cf5.jpg,ef9f506c8d4345edbb63f7fb54bb2cf5.jpg,../fashion_data/raw/fashionpedia/annotations/instances_attributes_val2020.json,4816,fashionpedia_ann_4816,accessory,hat,14,682,1024,216.0,98.0,468.0,254.0,0.05629123900293255,156.0,prd_3_1_v1,core,SEGCORE1_0394,benchmark/prd_3_1_v1/candidates/segmentation_core_stress_v1/masks/core/accessory/SEGCORE1_0394.png,benchmark/prd_3_1_v1/candidates/segmentation_core_stress_v1/overlays/core/accessory/SEGCORE1_0394.jpg,medium_2-10%,>=100,0,unreviewed,Core,SEGTEST1_0359,PASS,QC_V2_GEOMETRY_PASS+FULL_CORE_HUMAN_CONTACT_SHEET_REVIEW,worn_person,HUMAN_REVIEW,medium,partial,full,CLIP_ASSISTED_DIAGNOSTIC_NOT_HUMAN_GT,GEOMETRY_PASS,,0.40,0.50,0.50,0.85,385,SEGTEST1_0359,accessory,hat,,0.0,False,0.0,False,0.0,False,False,missed,
Fashionpedia,../fashion_data/raw/fashionpedia/images/test/f33e666940ab7cb29212a29d4feda8ad.jpg,f33e666940ab7cb29212a29d4feda8ad.jpg,../fashion_data/raw/fashionpedia/annotations/instances_attributes_val2020.json,3078,fashionpedia_ann_3078,bag,"bag, wallet",24,683,1024,151.0,247.0,353.0,450.0,0.05863092514641288,202.0,prd_3_1_v1,core,SEGCORE1_0359,benchmark/prd_3_1_v1/candidates/segmentation_core_stress_v1/masks/core/bag/SEGCORE1_0359.png,benchmark/prd_3_1_v1/candidates/segmentation_core_stress_v1/overlays/core/bag/SEGCORE1_0359.jpg,medium_2-10%,>=100,0,unreviewed,Core,SEGTEST1_0327,PASS,QC_V2_GEOMETRY_PASS+FULL_CORE_HUMAN_CONTACT_SHEET_REVIEW,worn_person,HUMAN_REVIEW,medium,partial,full,CLIP_ASSISTED_DIAGNOSTIC_NOT_HUMAN_GT,GEOMETRY_PASS,,0.40,0.50,0.50,0.85,386,SEGTEST1_0327,bag,"bag, wallet",,0.0,False,0.0,False,0.0,False,False,missed,
Fashionpedia,../fashion_data/raw/fashionpedia/images/test/f43143d9807fbb2948474f68d8c6f550.jpg,f43143d9807fbb2948474f68d8c6f550.jpg,../fashion_data/raw/fashionpedia/annotations/instances_attributes_val2020.json,8145,fashionpedia_ann_8145,shoe,shoe,23,682,1024,188.0,791.0,354.0,916.0,0.029712128848973608,125.0,prd_3_1_v1,core,SEGCORE1_0278,benchmark/prd_3_1_v1/candidates/segmentation_core_stress_v1/masks/core/shoe/SEGCORE1_0278.png,benchmark/prd_3_1_v1/candidates/segmentation_core_stress_v1/overlays/core/shoe/SEGCORE1_0278.jpg,medium_2-10%,>=100,0,unreviewed,Core,SEGTEST1_0253,PASS,QC_V2_GEOMETRY_PASS+FULL_CORE_HUMAN_CONTACT_SHEET_REVIEW,worn_person,HUMAN_REVIEW,medium,partial,partial,CLIP_ASSISTED_DIAGNOSTIC_NOT_HUMAN_GT,GEOMETRY_PASS,,0.40,0.50,0.50,0.85,387,SEGTEST1_0253,shoe,shoe,,0.0,False,0.0,False,0.0,False,False,missed,
Fashionpedia,../fashion_data/raw/fashionpedia/images/test/f4c8049f436b7edcb26c01d3219e14c2.jpg,f4c8049f436b7edcb26c01d3219e14c2.jpg,../fashion_data/raw/fashionpedia/annotations/instances_attributes_val2020.json,7825,fashionpedia_ann_7825,accessory,belt,19,682,1024,274.0,596.0,372.0,647.0,0.00715668530058651,51.0,prd_3_1_v1,core,SEGCORE1_0388,benchmark/prd_3_1_v1/candidates/segmentation_core_stress_v1/masks/core/accessory/SEGCORE1_0388.png,benchmark/prd_3_1_v1/candidates/segmentation_core_stress_v1/overlays/core/accessory/SEGCORE1_0388.jpg,small_0.5-2%,50-99,1,unreviewed,Core,SEGTEST1_0353,PASS,QC_V2_GEOMETRY_PASS+FULL_CORE_HUMAN_CONTACT_SHEET_REVIEW,partial_view,HUMAN_REVIEW,small,partial,partial,CLIP_ASSISTED_DIAGNOSTIC_NOT_HUMAN_GT,GEOMETRY_PASS,,0.40,0.50,0.50,0.85,388,SEGTEST1_0353,accessory,belt,,0.0,False,0.0,False,0.0,False,False,missed,
Fashionpedia,../fashion_data/raw/fashionpedia/images/test/f57152e44f9348050d59a71f9ca7f220.jpg,f57152e44f9348050d59a71f9ca7f220.jpg,../fashion_data/raw/fashionpedia/annotations/instances_attributes_val2020.json,938,fashionpedia_ann_938,accessory,scarf,25,415,1024,133.0,112.0,361.0,479.0,0.19690323795180723,228.0,prd_3_1_v1,core,SEGCORE1_0440,benchmark/prd_3_1_v1/candidates/segmentation_core_stress_v1/masks/core/accessory/SEGCORE1_0440.png,benchmark/prd_3_1_v1/candidates/segmentation_core_stress_v1/overlays/core/accessory/SEGCORE1_0440.jpg,large_>=10%,>=100,0,unreviewed,Core,SEGTEST1_0400,PASS,QC_V2_GEOMETRY_PASS+FULL_CORE_HUMAN_CONTACT_SHEET_REVIEW,complex_scene,HUMAN_REVIEW,large,partial,partial,CLIP_ASSISTED_DIAGNOSTIC_NOT_HUMAN_GT,GEOMETRY_PASS,,0.40,0.50,0.50,0.85,389,SEGTEST1_0400,accessory,scarf,,0.0,False,0.0,False,0.0,False,False,missed,
Fashionpedia,../fashion_data/raw/fashionpedia/images/test/f8a4762ebff45ddd567bdb9dbb41d0b6.jpg,f8a4762ebff45ddd567bdb9dbb41d0b6.jpg,../fashion_data/raw/fashionpedia/annotations/instances_attributes_val2020.json,2372,fashionpedia_ann_2372,shoe,shoe,23,681,1024,226.0,821.0,366.0,948.0,0.025496741923641705,127.0,prd_3_1_v1,core,SEGCORE1_0320,benchmark/prd_3_1_v1/candidates/segmentation_core_stress_v1/masks/core/shoe/SEGCORE1_0320.png,benchmark/prd_3_1_v1/candidates/segmentation_core_stress_v1/overlays/core/shoe/SEGCORE1_0320.jpg,medium_2-10%,>=100,0,unreviewed,Core,SEGTEST1_0295,PASS,QC_V2_GEOMETRY_PASS+FULL_CORE_HUMAN_CONTACT_SHEET_REVIEW,complex_scene,HUMAN_REVIEW,medium,partial,partial,CLIP_ASSISTED_DIAGNOSTIC_NOT_HUMAN_GT,GEOMETRY_PASS,,0.40,0.50,0.50,0.85,390,SEGTEST1_0295,shoe,shoe,,0.0,False,0.0,False,0.0,False,False,missed,
Fashionpedia,../fashion_data/raw/fashionpedia/images/test/f90c231e3eab5e147368c77592b6a7f7.jpg,f90c231e3eab5e147368c77592b6a7f7.jpg,../fashion_data/raw/fashionpedia/annotations/instances_attributes_val2020.json,9087,fashionpedia_ann_9087,accessory,"tights, stockings",21,683,1024,349.0,579.0,407.0,778.0,0.016502905380673498,58.0,prd_3_1_v1,core,SEGCORE1_0415,benchmark/prd_3_1_v1/candidates/segmentation_core_stress_v1/masks/core/accessory/SEGCORE1_0415.png,benchmark/prd_3_1_v1/candidates/segmentation_core_stress_v1/overlays/core/accessory/SEGCORE1_0415.jpg,small_0.5-2%,50-99,1,unreviewed,Core,SEGTEST1_0379,PASS,QC_V2_GEOMETRY_PASS+FULL_CORE_HUMAN_CONTACT_SHEET_REVIEW,worn_person,HUMAN_REVIEW,small,none,partial,CLIP_ASSISTED_DIAGNOSTIC_NOT_HUMAN_GT,GEOMETRY_PASS,,0.40,0.50,0.50,0.85,391,SEGTEST1_0379,accessory,"tights, stockings",,0.0,False,0.0,False,0.0,False,False,missed,
Fashionpedia,../fashion_data/raw/fashionpedia/images/test/fa3e88c6a313433dd7884ce0abb5d27e.jpg,fa3e88c6a313433dd7884ce0abb5d27e.jpg,../fashion_data/raw/fashionpedia/annotations/instances_attributes_val2020.json,8697,fashionpedia_ann_8697,bag,"bag, wallet",24,1024,1024,632.0,284.0,815.0,1023.0,0.12897205352783203,183.0,prd_3_1_v1,core,SEGCORE1_0333,benchmark/prd_3_1_v1/candidates/segmentation_core_stress_v1/masks/core/bag/SEGCORE1_0333.png,benchmark/prd_3_1_v1/candidates/segmentation_core_stress_v1/overlays/core/bag/SEGCORE1_0333.jpg,large_>=10%,>=100,0,unreviewed,Core,SEGTEST1_0303,PASS,QC_V2_GEOMETRY_PASS+FULL_CORE_HUMAN_CONTACT_SHEET_REVIEW,partial_view,HUMAN_REVIEW,large,partial,partial,CLIP_ASSISTED_DIAGNOSTIC_NOT_HUMAN_GT,GEOMETRY_PASS,,0.40,0.50,0.50,0.85,392,SEGTEST1_0303,bag,"bag, wallet",bag,0.6018950939178467,True,0.6630328729994537,True,0.05323987148996537,False,False,low_mask_iou,
Fashionpedia,../fashion_data/raw/fashionpedia/images/test/fa798612385be732aa8a70fb56d8bed0.jpg,fa798612385be732aa8a70fb56d8bed0.jpg,../fashion_data/raw/fashionpedia/annotations/instances_attributes_val2020.json,2246,fashionpedia_ann_2246,shoe,shoe,23,629,1024,236.0,847.0,286.0,959.0,0.008694356120826708,50.0,prd_3_1_v1,core,SEGCORE1_0323,benchmark/prd_3_1_v1/candidates/segmentation_core_stress_v1/masks/core/shoe/SEGCORE1_0323.png,benchmark/prd_3_1_v1/candidates/segmentation_core_stress_v1/overlays/core/shoe/SEGCORE1_0323.jpg,small_0.5-2%,50-99,1,unreviewed,Core,SEGTEST1_0298,PASS,QC_V2_GEOMETRY_PASS+FULL_CORE_HUMAN_CONTACT_SHEET_REVIEW,complex_scene,HUMAN_REVIEW,small,partial,partial,CLIP_ASSISTED_DIAGNOSTIC_NOT_HUMAN_GT,GEOMETRY_PASS,,0.40,0.50,0.50,0.85,393,SEGTEST1_0298,shoe,shoe,,0.0,False,0.0,False,0.0,False,False,missed,
Fashionpedia,../fashion_data/raw/fashionpedia/images/test/fa8cbbf127e163a2f512399049509d90.jpg,fa8cbbf127e163a2f512399049509d90.jpg,../fashion_data/raw/fashionpedia/annotations/instances_attributes_val2020.json,2024,fashionpedia_ann_2024,bag,"bag, wallet",24,682,1024,359.0,289.0,436.0,405.0,0.012789818548387098,77.0,prd_3_1_v1,core,SEGCORE1_0361,benchmark/prd_3_1_v1/candidates/segmentation_core_stress_v1/masks/core/bag/SEGCORE1_0361.png,benchmark/prd_3_1_v1/candidates/segmentation_core_stress_v1/overlays/core/bag/SEGCORE1_0361.jpg,small_0.5-2%,50-99,1,unreviewed,Core,SEGTEST1_0328,PASS,QC_V2_GEOMETRY_PASS+FULL_CORE_HUMAN_CONTACT_SHEET_REVIEW,worn_person,HUMAN_REVIEW,small,partial,partial,CLIP_ASSISTED_DIAGNOSTIC_NOT_HUMAN_GT,GEOMETRY_PASS,,0.40,0.50,0.50,0.85,394,SEGTEST1_0328,bag,"bag, wallet",,0.0,False,0.0,False,0.0,False,False,missed,
Fashionpedia,../fashion_data/raw/fashionpedia/images/test/faef680c9ba90bd6852e6bc759341896.jpg,faef680c9ba90bd6852e6bc759341896.jpg,../fashion_data/raw/fashionpedia/annotations/instances_attributes_val2020.json,6917,fashionpedia_ann_6917,accessory,belt,19,680,1024,326.0,564.0,409.0,704.0,0.016687729779411766,83.0,prd_3_1_v1,core,SEGCORE1_0439,benchmark/prd_3_1_v1/candidates/segmentation_core_stress_v1/masks/core/accessory/SEGCORE1_0439.png,benchmark/prd_3_1_v1/candidates/segmentation_core_stress_v1/overlays/core/accessory/SEGCORE1_0439.jpg,small_0.5-2%,50-99,1,unreviewed,Core,SEGTEST1_0399,PASS,QC_V2_GEOMETRY_PASS+FULL_CORE_HUMAN_CONTACT_SHEET_REVIEW,complex_scene,HUMAN_REVIEW,small,none,partial,CLIP_ASSISTED_DIAGNOSTIC_NOT_HUMAN_GT,GEOMETRY_PASS,,0.40,0.50,0.50,0.85,395,SEGTEST1_0399,accessory,belt,,0.0,False,0.0,False,0.0,False,False,missed,
Fashionpedia,../fashion_data/raw/fashionpedia/images/test/fb81f1a32e154a77e683f309cdf0794a.jpg,fb81f1a32e154a77e683f309cdf0794a.jpg,../fashion_data/raw/fashionpedia/annotations/instances_attributes_val2020.json,1888,fashionpedia_ann_1888,accessory,watch,18,690,1024,310.0,693.0,373.0,788.0,0.00847061820652174,63.0,prd_3_1_v1,core,SEGCORE1_0412,benchmark/prd_3_1_v1/candidates/segmentation_core_stress_v1/masks/core/accessory/SEGCORE1_0412.png,benchmark/prd_3_1_v1/candidates/segmentation_core_stress_v1/overlays/core/accessory/SEGCORE1_0412.jpg,small_0.5-2%,50-99,1,unreviewed,Core,SEGTEST1_0376,PASS,QC_V2_GEOMETRY_PASS+FULL_CORE_HUMAN_CONTACT_SHEET_REVIEW,complex_scene,HUMAN_REVIEW,small,none,full,CLIP_ASSISTED_DIAGNOSTIC_NOT_HUMAN_GT,GEOMETRY_PASS,,0.40,0.50,0.50,0.85,396,SEGTEST1_0376,accessory,watch,,0.0,False,0.0,False,0.0,False,False,missed,
Fashionpedia,../fashion_data/raw/fashionpedia/images/test/fb8c9b2e3aa874455182d777418321da.jpg,fb8c9b2e3aa874455182d777418321da.jpg,../fashion_data/raw/fashionpedia/annotations/instances_attributes_val2020.json,1142,fashionpedia_ann_1142,shoe,shoe,23,683,1024,340.0,733.0,427.0,975.0,0.030103289714494875,87.0,prd_3_1_v1,core,SEGCORE1_0314,benchmark/prd_3_1_v1/candidates/segmentation_core_stress_v1/masks/core/shoe/SEGCORE1_0314.png,benchmark/prd_3_1_v1/candidates/segmentation_core_stress_v1/overlays/core/shoe/SEGCORE1_0314.jpg,medium_2-10%,50-99,0,unreviewed,Core,SEGTEST1_0289,PASS,QC_V2_GEOMETRY_PASS+FULL_CORE_HUMAN_CONTACT_SHEET_REVIEW,complex_scene,HUMAN_REVIEW,medium,none,partial,CLIP_ASSISTED_DIAGNOSTIC_NOT_HUMAN_GT,GEOMETRY_PASS,,0.40,0.50,0.50,0.85,397,SEGTEST1_0289,shoe,shoe,,0.0,False,0.0,False,0.0,False,False,missed,
Fashionpedia,../fashion_data/raw/fashionpedia/images/test/fc3ee8e64072d2b42d6a8c2d1e52e2da.jpg,fc3ee8e64072d2b42d6a8c2d1e52e2da.jpg,../fashion_data/raw/fashionpedia/annotations/instances_attributes_val2020.json,8312,fashionpedia_ann_8312,accessory,belt,19,572,1024,118.0,524.0,226.0,575.0,0.009403682255244756,51.0,prd_3_1_v1,core,SEGCORE1_0409,benchmark/prd_3_1_v1/candidates/segmentation_core_stress_v1/masks/core/accessory/SEGCORE1_0409.png,benchmark/prd_3_1_v1/candidates/segmentation_core_stress_v1/overlays/core/accessory/SEGCORE1_0409.jpg,small_0.5-2%,50-99,1,unreviewed,Core,SEGTEST1_0373,PASS,QC_V2_GEOMETRY_PASS+FULL_CORE_HUMAN_CONTACT_SHEET_REVIEW,complex_scene,HUMAN_REVIEW,small,partial,partial,CLIP_ASSISTED_DIAGNOSTIC_NOT_HUMAN_GT,GEOMETRY_PASS,,0.40,0.50,0.50,0.85,398,SEGTEST1_0373,accessory,belt,,0.0,False,0.0,False,0.0,False,False,missed,
Fashionpedia,../fashion_data/raw/fashionpedia/images/test/fd567ffad275955ac945eeeacc1fdac5.jpg,fd567ffad275955ac945eeeacc1fdac5.jpg,../fashion_data/raw/fashionpedia/annotations/instances_attributes_val2020.json,5972,fashionpedia_ann_5972,accessory,scarf,25,680,1024,5.0,434.0,602.0,870.0,0.3738108915441177,436.0,prd_3_1_v1,core,SEGCORE1_0427,benchmark/prd_3_1_v1/candidates/segmentation_core_stress_v1/masks/core/accessory/SEGCORE1_0427.png,benchmark/prd_3_1_v1/candidates/segmentation_core_stress_v1/overlays/core/accessory/SEGCORE1_0427.jpg,large_>=10%,>=100,0,unreviewed,Core,SEGTEST1_0391,PASS,QC_V2_GEOMETRY_PASS+FULL_CORE_HUMAN_CONTACT_SHEET_REVIEW,worn_person,HUMAN_REVIEW,large,partial,full,CLIP_ASSISTED_DIAGNOSTIC_NOT_HUMAN_GT,GEOMETRY_PASS,,0.40,0.50,0.50,0.85,399,SEGTEST1_0391,accessory,scarf,,0.0,False,0.0,False,0.0,False,False,missed,
