split,source_dataset,source_image,manifest_instances,status,raw_usable_instances,omitted_usable_instances,omitted_by_class,omitted_ids,identity_or_class_errors,annotation_file
train,DeepFashion2,../fashion_data/raw/train/train/image/006491.jpg,1,RAW_ANNOTATION_FILE_MISSING,,,,,,/workspace/scratch/728b0ed5ee28/analysis/public_fashion_data/raw/train/train/annos/006491.json
train,DeepFashion2,../fashion_data/raw/train/train/image/007984.jpg,1,RAW_ANNOTATION_FILE_MISSING,,,,,,/workspace/scratch/728b0ed5ee28/analysis/public_fashion_data/raw/train/train/annos/007984.json
train,DeepFashion2,../fashion_data/raw/train/train/image/011261.jpg,2,RAW_ANNOTATION_FILE_MISSING,,,,,,/workspace/scratch/728b0ed5ee28/analysis/public_fashion_data/raw/train/train/annos/011261.json
train,DeepFashion2,../fashion_data/raw/train/train/image/012116.jpg,2,RAW_ANNOTATION_FILE_MISSING,,,,,,/workspace/scratch/728b0ed5ee28/analysis/public_fashion_data/raw/train/train/annos/012116.json
train,DeepFashion2,../fashion_data/raw/train/train/image/012707.jpg,2,RAW_ANNOTATION_FILE_MISSING,,,,,,/workspace/scratch/728b0ed5ee28/analysis/public_fashion_data/raw/train/train/annos/012707.json
train,DeepFashion2,../fashion_data/raw/train/train/image/014031.jpg,2,RAW_ANNOTATION_FILE_MISSING,,,,,,/workspace/scratch/728b0ed5ee28/analysis/public_fashion_data/raw/train/train/annos/014031.json
train,DeepFashion2,../fashion_data/raw/train/train/image/019817.jpg,1,RAW_ANNOTATION_FILE_MISSING,,,,,,/workspace/scratch/728b0ed5ee28/analysis/public_fashion_data/raw/train/train/annos/019817.json
train,DeepFashion2,../fashion_data/raw/train/train/image/024726.jpg,1,RAW_ANNOTATION_FILE_MISSING,,,,,,/workspace/scratch/728b0ed5ee28/analysis/public_fashion_data/raw/train/train/annos/024726.json
train,DeepFashion2,../fashion_data/raw/train/train/image/028454.jpg,2,RAW_ANNOTATION_FILE_MISSING,,,,,,/workspace/scratch/728b0ed5ee28/analysis/public_fashion_data/raw/train/train/annos/028454.json
train,DeepFashion2,../fashion_data/raw/train/train/image/030559.jpg,2,RAW_ANNOTATION_FILE_MISSING,,,,,,/workspace/scratch/728b0ed5ee28/analysis/public_fashion_data/raw/train/train/annos/030559.json
train,DeepFashion2,../fashion_data/raw/train/train/image/030847.jpg,1,RAW_ANNOTATION_FILE_MISSING,,,,,,/workspace/scratch/728b0ed5ee28/analysis/public_fashion_data/raw/train/train/annos/030847.json
train,DeepFashion2,../fashion_data/raw/train/train/image/033528.jpg,2,RAW_ANNOTATION_FILE_MISSING,,,,,,/workspace/scratch/728b0ed5ee28/analysis/public_fashion_data/raw/train/train/annos/033528.json
train,DeepFashion2,../fashion_data/raw/train/train/image/033828.jpg,2,RAW_ANNOTATION_FILE_MISSING,,,,,,/workspace/scratch/728b0ed5ee28/analysis/public_fashion_data/raw/train/train/annos/033828.json
train,DeepFashion2,../fashion_data/raw/train/train/image/039388.jpg,2,RAW_ANNOTATION_FILE_MISSING,,,,,,/workspace/scratch/728b0ed5ee28/analysis/public_fashion_data/raw/train/train/annos/039388.json
train,DeepFashion2,../fashion_data/raw/train/train/image/041727.jpg,2,RAW_ANNOTATION_FILE_MISSING,,,,,,/workspace/scratch/728b0ed5ee28/analysis/public_fashion_data/raw/train/train/annos/041727.json
train,DeepFashion2,../fashion_data/raw/train/train/image/043479.jpg,1,RAW_ANNOTATION_FILE_MISSING,,,,,,/workspace/scratch/728b0ed5ee28/analysis/public_fashion_data/raw/train/train/annos/043479.json
train,DeepFashion2,../fashion_data/raw/train/train/image/043667.jpg,2,RAW_ANNOTATION_FILE_MISSING,,,,,,/workspace/scratch/728b0ed5ee28/analysis/public_fashion_data/raw/train/train/annos/043667.json
train,DeepFashion2,../fashion_data/raw/train/train/image/045372.jpg,2,RAW_ANNOTATION_FILE_MISSING,,,,,,/workspace/scratch/728b0ed5ee28/analysis/public_fashion_data/raw/train/train/annos/045372.json
train,DeepFashion2,../fashion_data/raw/train/train/image/047774.jpg,1,RAW_ANNOTATION_FILE_MISSING,,,,,,/workspace/scratch/728b0ed5ee28/analysis/public_fashion_data/raw/train/train/annos/047774.json
train,DeepFashion2,../fashion_data/raw/train/train/image/049798.jpg,2,RAW_ANNOTATION_FILE_MISSING,,,,,,/workspace/scratch/728b0ed5ee28/analysis/public_fashion_data/raw/train/train/annos/049798.json
train,DeepFashion2,../fashion_data/raw/train/train/image/056556.jpg,1,RAW_ANNOTATION_FILE_MISSING,,,,,,/workspace/scratch/728b0ed5ee28/analysis/public_fashion_data/raw/train/train/annos/056556.json
train,DeepFashion2,../fashion_data/raw/train/train/image/058225.jpg,1,RAW_ANNOTATION_FILE_MISSING,,,,,,/workspace/scratch/728b0ed5ee28/analysis/public_fashion_data/raw/train/train/annos/058225.json
train,DeepFashion2,../fashion_data/raw/train/train/image/063238.jpg,2,RAW_ANNOTATION_FILE_MISSING,,,,,,/workspace/scratch/728b0ed5ee28/analysis/public_fashion_data/raw/train/train/annos/063238.json
train,DeepFashion2,../fashion_data/raw/train/train/image/063723.jpg,1,RAW_ANNOTATION_FILE_MISSING,,,,,,/workspace/scratch/728b0ed5ee28/analysis/public_fashion_data/raw/train/train/annos/063723.json
train,DeepFashion2,../fashion_data/raw/train/train/image/065162.jpg,1,RAW_ANNOTATION_FILE_MISSING,,,,,,/workspace/scratch/728b0ed5ee28/analysis/public_fashion_data/raw/train/train/annos/065162.json
train,DeepFashion2,../fashion_data/raw/train/train/image/068031.jpg,2,RAW_ANNOTATION_FILE_MISSING,,,,,,/workspace/scratch/728b0ed5ee28/analysis/public_fashion_data/raw/train/train/annos/068031.json
train,DeepFashion2,../fashion_data/raw/train/train/image/070475.jpg,2,RAW_ANNOTATION_FILE_MISSING,,,,,,/workspace/scratch/728b0ed5ee28/analysis/public_fashion_data/raw/train/train/annos/070475.json
train,DeepFashion2,../fashion_data/raw/train/train/image/078693.jpg,2,RAW_ANNOTATION_FILE_MISSING,,,,,,/workspace/scratch/728b0ed5ee28/analysis/public_fashion_data/raw/train/train/annos/078693.json
train,DeepFashion2,../fashion_data/raw/train/train/image/085026.jpg,1,RAW_ANNOTATION_FILE_MISSING,,,,,,/workspace/scratch/728b0ed5ee28/analysis/public_fashion_data/raw/train/train/annos/085026.json
train,DeepFashion2,../fashion_data/raw/train/train/image/089313.jpg,1,RAW_ANNOTATION_FILE_MISSING,,,,,,/workspace/scratch/728b0ed5ee28/analysis/public_fashion_data/raw/train/train/annos/089313.json
train,DeepFashion2,../fashion_data/raw/train/train/image/095730.jpg,1,RAW_ANNOTATION_FILE_MISSING,,,,,,/workspace/scratch/728b0ed5ee28/analysis/public_fashion_data/raw/train/train/annos/095730.json
train,DeepFashion2,../fashion_data/raw/train/train/image/096870.jpg,2,RAW_ANNOTATION_FILE_MISSING,,,,,,/workspace/scratch/728b0ed5ee28/analysis/public_fashion_data/raw/train/train/annos/096870.json
train,DeepFashion2,../fashion_data/raw/train/train/image/098901.jpg,2,RAW_ANNOTATION_FILE_MISSING,,,,,,/workspace/scratch/728b0ed5ee28/analysis/public_fashion_data/raw/train/train/annos/098901.json
train,DeepFashion2,../fashion_data/raw/train/train/image/100266.jpg,2,RAW_ANNOTATION_FILE_MISSING,,,,,,/workspace/scratch/728b0ed5ee28/analysis/public_fashion_data/raw/train/train/annos/100266.json
train,DeepFashion2,../fashion_data/raw/train/train/image/100840.jpg,2,RAW_ANNOTATION_FILE_MISSING,,,,,,/workspace/scratch/728b0ed5ee28/analysis/public_fashion_data/raw/train/train/annos/100840.json
train,DeepFashion2,../fashion_data/raw/train/train/image/106191.jpg,2,RAW_ANNOTATION_FILE_MISSING,,,,,,/workspace/scratch/728b0ed5ee28/analysis/public_fashion_data/raw/train/train/annos/106191.json
train,DeepFashion2,../fashion_data/raw/train/train/image/106726.jpg,1,RAW_ANNOTATION_FILE_MISSING,,,,,,/workspace/scratch/728b0ed5ee28/analysis/public_fashion_data/raw/train/train/annos/106726.json
train,DeepFashion2,../fashion_data/raw/train/train/image/107966.jpg,1,RAW_ANNOTATION_FILE_MISSING,,,,,,/workspace/scratch/728b0ed5ee28/analysis/public_fashion_data/raw/train/train/annos/107966.json
train,DeepFashion2,../fashion_data/raw/train/train/image/109289.jpg,1,RAW_ANNOTATION_FILE_MISSING,,,,,,/workspace/scratch/728b0ed5ee28/analysis/public_fashion_data/raw/train/train/annos/109289.json
train,DeepFashion2,../fashion_data/raw/train/train/image/114612.jpg,1,RAW_ANNOTATION_FILE_MISSING,,,,,,/workspace/scratch/728b0ed5ee28/analysis/public_fashion_data/raw/train/train/annos/114612.json
train,DeepFashion2,../fashion_data/raw/train/train/image/114803.jpg,1,RAW_ANNOTATION_FILE_MISSING,,,,,,/workspace/scratch/728b0ed5ee28/analysis/public_fashion_data/raw/train/train/annos/114803.json
train,DeepFashion2,../fashion_data/raw/train/train/image/115186.jpg,2,RAW_ANNOTATION_FILE_MISSING,,,,,,/workspace/scratch/728b0ed5ee28/analysis/public_fashion_data/raw/train/train/annos/115186.json
train,DeepFashion2,../fashion_data/raw/train/train/image/117170.jpg,2,RAW_ANNOTATION_FILE_MISSING,,,,,,/workspace/scratch/728b0ed5ee28/analysis/public_fashion_data/raw/train/train/annos/117170.json
train,DeepFashion2,../fashion_data/raw/train/train/image/117350.jpg,2,RAW_ANNOTATION_FILE_MISSING,,,,,,/workspace/scratch/728b0ed5ee28/analysis/public_fashion_data/raw/train/train/annos/117350.json
train,DeepFashion2,../fashion_data/raw/train/train/image/118838.jpg,2,RAW_ANNOTATION_FILE_MISSING,,,,,,/workspace/scratch/728b0ed5ee28/analysis/public_fashion_data/raw/train/train/annos/118838.json
train,DeepFashion2,../fashion_data/raw/train/train/image/120729.jpg,2,RAW_ANNOTATION_FILE_MISSING,,,,,,/workspace/scratch/728b0ed5ee28/analysis/public_fashion_data/raw/train/train/annos/120729.json
train,DeepFashion2,../fashion_data/raw/train/train/image/125082.jpg,1,RAW_ANNOTATION_FILE_MISSING,,,,,,/workspace/scratch/728b0ed5ee28/analysis/public_fashion_data/raw/train/train/annos/125082.json
train,DeepFashion2,../fashion_data/raw/train/train/image/125605.jpg,1,RAW_ANNOTATION_FILE_MISSING,,,,,,/workspace/scratch/728b0ed5ee28/analysis/public_fashion_data/raw/train/train/annos/125605.json
train,DeepFashion2,../fashion_data/raw/train/train/image/125887.jpg,1,RAW_ANNOTATION_FILE_MISSING,,,,,,/workspace/scratch/728b0ed5ee28/analysis/public_fashion_data/raw/train/train/annos/125887.json
train,DeepFashion2,../fashion_data/raw/train/train/image/127027.jpg,1,RAW_ANNOTATION_FILE_MISSING,,,,,,/workspace/scratch/728b0ed5ee28/analysis/public_fashion_data/raw/train/train/annos/127027.json
train,DeepFashion2,../fashion_data/raw/train/train/image/129463.jpg,2,RAW_ANNOTATION_FILE_MISSING,,,,,,/workspace/scratch/728b0ed5ee28/analysis/public_fashion_data/raw/train/train/annos/129463.json
train,DeepFashion2,../fashion_data/raw/train/train/image/131316.jpg,2,RAW_ANNOTATION_FILE_MISSING,,,,,,/workspace/scratch/728b0ed5ee28/analysis/public_fashion_data/raw/train/train/annos/131316.json
train,DeepFashion2,../fashion_data/raw/train/train/image/132240.jpg,2,RAW_ANNOTATION_FILE_MISSING,,,,,,/workspace/scratch/728b0ed5ee28/analysis/public_fashion_data/raw/train/train/annos/132240.json
train,DeepFashion2,../fashion_data/raw/train/train/image/138773.jpg,2,RAW_ANNOTATION_FILE_MISSING,,,,,,/workspace/scratch/728b0ed5ee28/analysis/public_fashion_data/raw/train/train/annos/138773.json
train,DeepFashion2,../fashion_data/raw/train/train/image/139090.jpg,1,RAW_ANNOTATION_FILE_MISSING,,,,,,/workspace/scratch/728b0ed5ee28/analysis/public_fashion_data/raw/train/train/annos/139090.json
train,DeepFashion2,../fashion_data/raw/train/train/image/139963.jpg,1,RAW_ANNOTATION_FILE_MISSING,,,,,,/workspace/scratch/728b0ed5ee28/analysis/public_fashion_data/raw/train/train/annos/139963.json
train,DeepFashion2,../fashion_data/raw/train/train/image/140224.jpg,2,RAW_ANNOTATION_FILE_MISSING,,,,,,/workspace/scratch/728b0ed5ee28/analysis/public_fashion_data/raw/train/train/annos/140224.json
train,DeepFashion2,../fashion_data/raw/train/train/image/141698.jpg,1,RAW_ANNOTATION_FILE_MISSING,,,,,,/workspace/scratch/728b0ed5ee28/analysis/public_fashion_data/raw/train/train/annos/141698.json
train,DeepFashion2,../fashion_data/raw/train/train/image/147222.jpg,2,RAW_ANNOTATION_FILE_MISSING,,,,,,/workspace/scratch/728b0ed5ee28/analysis/public_fashion_data/raw/train/train/annos/147222.json
train,DeepFashion2,../fashion_data/raw/train/train/image/150224.jpg,2,RAW_ANNOTATION_FILE_MISSING,,,,,,/workspace/scratch/728b0ed5ee28/analysis/public_fashion_data/raw/train/train/annos/150224.json
train,DeepFashion2,../fashion_data/raw/train/train/image/151092.jpg,2,RAW_ANNOTATION_FILE_MISSING,,,,,,/workspace/scratch/728b0ed5ee28/analysis/public_fashion_data/raw/train/train/annos/151092.json
train,DeepFashion2,../fashion_data/raw/train/train/image/153938.jpg,2,RAW_ANNOTATION_FILE_MISSING,,,,,,/workspace/scratch/728b0ed5ee28/analysis/public_fashion_data/raw/train/train/annos/153938.json
train,DeepFashion2,../fashion_data/raw/train/train/image/154649.jpg,2,RAW_ANNOTATION_FILE_MISSING,,,,,,/workspace/scratch/728b0ed5ee28/analysis/public_fashion_data/raw/train/train/annos/154649.json
train,DeepFashion2,../fashion_data/raw/train/train/image/156436.jpg,1,RAW_ANNOTATION_FILE_MISSING,,,,,,/workspace/scratch/728b0ed5ee28/analysis/public_fashion_data/raw/train/train/annos/156436.json
train,DeepFashion2,../fashion_data/raw/train/train/image/158098.jpg,1,RAW_ANNOTATION_FILE_MISSING,,,,,,/workspace/scratch/728b0ed5ee28/analysis/public_fashion_data/raw/train/train/annos/158098.json
train,DeepFashion2,../fashion_data/raw/train/train/image/159352.jpg,2,RAW_ANNOTATION_FILE_MISSING,,,,,,/workspace/scratch/728b0ed5ee28/analysis/public_fashion_data/raw/train/train/annos/159352.json
train,DeepFashion2,../fashion_data/raw/train/train/image/160585.jpg,2,RAW_ANNOTATION_FILE_MISSING,,,,,,/workspace/scratch/728b0ed5ee28/analysis/public_fashion_data/raw/train/train/annos/160585.json
train,DeepFashion2,../fashion_data/raw/train/train/image/160642.jpg,1,RAW_ANNOTATION_FILE_MISSING,,,,,,/workspace/scratch/728b0ed5ee28/analysis/public_fashion_data/raw/train/train/annos/160642.json
train,DeepFashion2,../fashion_data/raw/train/train/image/163017.jpg,2,RAW_ANNOTATION_FILE_MISSING,,,,,,/workspace/scratch/728b0ed5ee28/analysis/public_fashion_data/raw/train/train/annos/163017.json
train,DeepFashion2,../fashion_data/raw/train/train/image/165021.jpg,1,RAW_ANNOTATION_FILE_MISSING,,,,,,/workspace/scratch/728b0ed5ee28/analysis/public_fashion_data/raw/train/train/annos/165021.json
train,DeepFashion2,../fashion_data/raw/train/train/image/166948.jpg,1,RAW_ANNOTATION_FILE_MISSING,,,,,,/workspace/scratch/728b0ed5ee28/analysis/public_fashion_data/raw/train/train/annos/166948.json
train,DeepFashion2,../fashion_data/raw/train/train/image/167373.jpg,1,RAW_ANNOTATION_FILE_MISSING,,,,,,/workspace/scratch/728b0ed5ee28/analysis/public_fashion_data/raw/train/train/annos/167373.json
train,DeepFashion2,../fashion_data/raw/train/train/image/168724.jpg,2,RAW_ANNOTATION_FILE_MISSING,,,,,,/workspace/scratch/728b0ed5ee28/analysis/public_fashion_data/raw/train/train/annos/168724.json
train,DeepFashion2,../fashion_data/raw/train/train/image/171259.jpg,2,RAW_ANNOTATION_FILE_MISSING,,,,,,/workspace/scratch/728b0ed5ee28/analysis/public_fashion_data/raw/train/train/annos/171259.json
train,DeepFashion2,../fashion_data/raw/train/train/image/173201.jpg,2,RAW_ANNOTATION_FILE_MISSING,,,,,,/workspace/scratch/728b0ed5ee28/analysis/public_fashion_data/raw/train/train/annos/173201.json
train,DeepFashion2,../fashion_data/raw/train/train/image/173508.jpg,1,RAW_ANNOTATION_FILE_MISSING,,,,,,/workspace/scratch/728b0ed5ee28/analysis/public_fashion_data/raw/train/train/annos/173508.json
train,DeepFashion2,../fashion_data/raw/train/train/image/173669.jpg,1,RAW_ANNOTATION_FILE_MISSING,,,,,,/workspace/scratch/728b0ed5ee28/analysis/public_fashion_data/raw/train/train/annos/173669.json
train,DeepFashion2,../fashion_data/raw/train/train/image/175635.jpg,2,RAW_ANNOTATION_FILE_MISSING,,,,,,/workspace/scratch/728b0ed5ee28/analysis/public_fashion_data/raw/train/train/annos/175635.json
train,DeepFashion2,../fashion_data/raw/train/train/image/178920.jpg,2,RAW_ANNOTATION_FILE_MISSING,,,,,,/workspace/scratch/728b0ed5ee28/analysis/public_fashion_data/raw/train/train/annos/178920.json
train,DeepFashion2,../fashion_data/raw/train/train/image/186959.jpg,1,RAW_ANNOTATION_FILE_MISSING,,,,,,/workspace/scratch/728b0ed5ee28/analysis/public_fashion_data/raw/train/train/annos/186959.json
train,Fashionpedia,../fashion_data/raw/fashionpedia/images/test/004e9e21cd1aca568a8ffc77a54638ce.jpg,1,ADDITIONAL_RAW_TARGETS,6,5,"{""shoe"": 1, ""accessory"": 2, ""pants"": 1, ""top"": 1}","[""6172"", ""6174"", ""6175"", ""6176"", ""6177""]",[],/workspace/scratch/728b0ed5ee28/analysis/public_fashion_data/raw/fashionpedia/annotations/instances_attributes_val2020.json
train,Fashionpedia,../fashion_data/raw/fashionpedia/images/test/0094940c58c343b742f48ae26eb5e9fa.jpg,1,ADDITIONAL_RAW_TARGETS,5,4,"{""accessory"": 2, ""shoe"": 2}","[""7437"", ""7438"", ""7440"", ""7441""]",[],/workspace/scratch/728b0ed5ee28/analysis/public_fashion_data/raw/fashionpedia/annotations/instances_attributes_val2020.json
train,Fashionpedia,../fashion_data/raw/fashionpedia/images/test/0146a53e12d690914995248fb6872121.jpg,1,ADDITIONAL_RAW_TARGETS,7,6,"{""accessory"": 1, ""top"": 2, ""bag"": 1, ""pants"": 1, ""shoe"": 1}","[""4117"", ""4118"", ""4119"", ""4126"", ""4127"", ""4129""]",[],/workspace/scratch/728b0ed5ee28/analysis/public_fashion_data/raw/fashionpedia/annotations/instances_attributes_val2020.json
train,Fashionpedia,../fashion_data/raw/fashionpedia/images/test/014eadcd4cf28a669232d4b6470e4e01.jpg,1,ADDITIONAL_RAW_TARGETS,7,6,"{""dress"": 1, ""outerwear"": 1, ""accessory"": 2, ""shoe"": 2}","[""1790"", ""1791"", ""1793"", ""1794"", ""1796"", ""1797""]",[],/workspace/scratch/728b0ed5ee28/analysis/public_fashion_data/raw/fashionpedia/annotations/instances_attributes_val2020.json
train,Fashionpedia,../fashion_data/raw/fashionpedia/images/test/02916664cd606bb5486353f200a475a3.jpg,1,ADDITIONAL_RAW_TARGETS,4,3,"{""shoe"": 1, ""pants"": 1, ""top"": 1}","[""877"", ""879"", ""881""]",[],/workspace/scratch/728b0ed5ee28/analysis/public_fashion_data/raw/fashionpedia/annotations/instances_attributes_val2020.json
train,Fashionpedia,../fashion_data/raw/fashionpedia/images/test/035b280e6bfd861226dbd2d1c8f89873.jpg,1,ADDITIONAL_RAW_TARGETS,7,6,"{""shoe"": 1, ""outerwear"": 2, ""top"": 1, ""pants"": 1, ""bag"": 1}","[""189"", ""190"", ""191"", ""195"", ""201"", ""202""]",[],/workspace/scratch/728b0ed5ee28/analysis/public_fashion_data/raw/fashionpedia/annotations/instances_attributes_val2020.json
train,Fashionpedia,../fashion_data/raw/fashionpedia/images/test/03fc99c4deaf14724ef6277dec16b8e8.jpg,1,ADDITIONAL_RAW_TARGETS,5,4,"{""accessory"": 1, ""shoe"": 2, ""dress"": 1}","[""318"", ""319"", ""320"", ""322""]",[],/workspace/scratch/728b0ed5ee28/analysis/public_fashion_data/raw/fashionpedia/annotations/instances_attributes_val2020.json
train,Fashionpedia,../fashion_data/raw/fashionpedia/images/test/041a6b43ed7ddfa1ec6040d27e5ce9a8.jpg,1,ADDITIONAL_RAW_TARGETS,5,4,"{""accessory"": 2, ""top"": 1, ""pants"": 1}","[""1352"", ""1354"", ""1358"", ""1361""]",[],/workspace/scratch/728b0ed5ee28/analysis/public_fashion_data/raw/fashionpedia/annotations/instances_attributes_val2020.json
train,Fashionpedia,../fashion_data/raw/fashionpedia/images/test/05418f9e1940094003b16deb58b3a01d.jpg,1,ADDITIONAL_RAW_TARGETS,4,3,"{""outerwear"": 1, ""accessory"": 1, ""bag"": 1}","[""3976"", ""3978"", ""3981""]",[],/workspace/scratch/728b0ed5ee28/analysis/public_fashion_data/raw/fashionpedia/annotations/instances_attributes_val2020.json
train,Fashionpedia,../fashion_data/raw/fashionpedia/images/test/05488fcc74f81ae452dd55229003f58f.jpg,1,ADDITIONAL_RAW_TARGETS,6,5,"{""accessory"": 2, ""top"": 1, ""skirt"": 1, ""shoe"": 1}","[""1586"", ""1587"", ""1589"", ""1590"", ""1592""]",[],/workspace/scratch/728b0ed5ee28/analysis/public_fashion_data/raw/fashionpedia/annotations/instances_attributes_val2020.json
train,Fashionpedia,../fashion_data/raw/fashionpedia/images/test/05af199570c00b817102c3cb6834a6e4.jpg,1,ADDITIONAL_RAW_TARGETS,6,5,"{""top"": 1, ""pants"": 1, ""outerwear"": 1, ""shoe"": 2}","[""9182"", ""9183"", ""9184"", ""9186"", ""9187""]",[],/workspace/scratch/728b0ed5ee28/analysis/public_fashion_data/raw/fashionpedia/annotations/instances_attributes_val2020.json
train,Fashionpedia,../fashion_data/raw/fashionpedia/images/test/05b5e806121325fe0b9879c18f146f39.jpg,1,ADDITIONAL_RAW_TARGETS,8,7,"{""accessory"": 2, ""outerwear"": 1, ""pants"": 1, ""shoe"": 2, ""dress"": 1}","[""1778"", ""1779"", ""1781"", ""1782"", ""1783"", ""1784"", ""1786""]",[],/workspace/scratch/728b0ed5ee28/analysis/public_fashion_data/raw/fashionpedia/annotations/instances_attributes_val2020.json
train,Fashionpedia,../fashion_data/raw/fashionpedia/images/test/05d26dad11c6bca43d37df0c16d91bc9.jpg,1,ADDITIONAL_RAW_TARGETS,3,2,"{""shoe"": 2}","[""454"", ""455""]",[],/workspace/scratch/728b0ed5ee28/analysis/public_fashion_data/raw/fashionpedia/annotations/instances_attributes_val2020.json
train,Fashionpedia,../fashion_data/raw/fashionpedia/images/test/05df29d770955d6fe8d7873982aba082.jpg,1,ADDITIONAL_RAW_TARGETS,4,3,"{""shoe"": 2, ""pants"": 1}","[""6310"", ""6311"", ""6312""]",[],/workspace/scratch/728b0ed5ee28/analysis/public_fashion_data/raw/fashionpedia/annotations/instances_attributes_val2020.json
train,Fashionpedia,../fashion_data/raw/fashionpedia/images/test/05df3749007ec999df0176b9db7c23e3.jpg,1,ADDITIONAL_RAW_TARGETS,3,2,"{""dress"": 1, ""shoe"": 1}","[""6570"", ""6573""]",[],/workspace/scratch/728b0ed5ee28/analysis/public_fashion_data/raw/fashionpedia/annotations/instances_attributes_val2020.json
train,Fashionpedia,../fashion_data/raw/fashionpedia/images/test/06017096e7f209d3b23802f546830b40.jpg,1,ADDITIONAL_RAW_TARGETS,3,2,"{""outerwear"": 1, ""top"": 1}","[""8108"", ""8109""]",[],/workspace/scratch/728b0ed5ee28/analysis/public_fashion_data/raw/fashionpedia/annotations/instances_attributes_val2020.json
train,Fashionpedia,../fashion_data/raw/fashionpedia/images/test/065fd62a332e15121c5f8713a5bc6bbc.jpg,1,ADDITIONAL_RAW_TARGETS,5,4,"{""top"": 1, ""pants"": 1, ""shoe"": 2}","[""6142"", ""6146"", ""6149"", ""6150""]",[],/workspace/scratch/728b0ed5ee28/analysis/public_fashion_data/raw/fashionpedia/annotations/instances_attributes_val2020.json
train,Fashionpedia,../fashion_data/raw/fashionpedia/images/test/06cc4cc3fd423fb82ce78a63c903cc5b.jpg,1,COMPLETE_WITHIN_SCOPE,1,0,{},[],[],/workspace/scratch/728b0ed5ee28/analysis/public_fashion_data/raw/fashionpedia/annotations/instances_attributes_val2020.json
train,Fashionpedia,../fashion_data/raw/fashionpedia/images/test/06e324f9ef2c3bc1cc2573562e498499.jpg,1,ADDITIONAL_RAW_TARGETS,3,2,"{""shoe"": 1, ""dress"": 1}","[""626"", ""627""]",[],/workspace/scratch/728b0ed5ee28/analysis/public_fashion_data/raw/fashionpedia/annotations/instances_attributes_val2020.json
train,Fashionpedia,../fashion_data/raw/fashionpedia/images/test/07729e318fa891baba6eb212220b95a6.jpg,1,ADDITIONAL_RAW_TARGETS,4,3,"{""shoe"": 2, ""dress"": 1}","[""7357"", ""7360"", ""7361""]",[],/workspace/scratch/728b0ed5ee28/analysis/public_fashion_data/raw/fashionpedia/annotations/instances_attributes_val2020.json
train,Fashionpedia,../fashion_data/raw/fashionpedia/images/test/08680e1257c83a5a603ae3ef67ef3dde.jpg,1,ADDITIONAL_RAW_TARGETS,6,5,"{""shoe"": 2, ""pants"": 1, ""top"": 1, ""accessory"": 1}","[""4939"", ""4940"", ""4941"", ""4942"", ""4945""]",[],/workspace/scratch/728b0ed5ee28/analysis/public_fashion_data/raw/fashionpedia/annotations/instances_attributes_val2020.json
train,Fashionpedia,../fashion_data/raw/fashionpedia/images/test/09675496409c85adc6deba11277050e8.jpg,1,ADDITIONAL_RAW_TARGETS,6,5,"{""outerwear"": 1, ""accessory"": 1, ""bag"": 1, ""shoe"": 2}","[""5414"", ""5417"", ""5418"", ""5419"", ""5420""]",[],/workspace/scratch/728b0ed5ee28/analysis/public_fashion_data/raw/fashionpedia/annotations/instances_attributes_val2020.json
train,Fashionpedia,../fashion_data/raw/fashionpedia/images/test/09c1c65c2b742a710bc736a8fe566d11.jpg,1,ADDITIONAL_RAW_TARGETS,2,1,"{""top"": 1}","[""7530""]",[],/workspace/scratch/728b0ed5ee28/analysis/public_fashion_data/raw/fashionpedia/annotations/instances_attributes_val2020.json
train,Fashionpedia,../fashion_data/raw/fashionpedia/images/test/0d25b761d9b146cfa820b2a7364b5bf7.jpg,1,ADDITIONAL_RAW_TARGETS,7,6,"{""accessory"": 3, ""top"": 1, ""bag"": 1, ""pants"": 1}","[""6644"", ""6650"", ""6651"", ""6652"", ""6653"", ""6654""]",[],/workspace/scratch/728b0ed5ee28/analysis/public_fashion_data/raw/fashionpedia/annotations/instances_attributes_val2020.json
train,Fashionpedia,../fashion_data/raw/fashionpedia/images/test/0d5d5e00e589fe5641b919179794994b.jpg,1,ADDITIONAL_RAW_TARGETS,6,5,"{""shoe"": 2, ""pants"": 1, ""top"": 1, ""accessory"": 1}","[""4996"", ""4997"", ""4998"", ""4999"", ""5002""]",[],/workspace/scratch/728b0ed5ee28/analysis/public_fashion_data/raw/fashionpedia/annotations/instances_attributes_val2020.json
train,Fashionpedia,../fashion_data/raw/fashionpedia/images/test/0e9775fcd1a3b1d95aed773e684b3f49.jpg,1,ADDITIONAL_RAW_TARGETS,6,5,"{""shoe"": 2, ""pants"": 1, ""top"": 1, ""outerwear"": 1}","[""5833"", ""5834"", ""5835"", ""5836"", ""5844""]",[],/workspace/scratch/728b0ed5ee28/analysis/public_fashion_data/raw/fashionpedia/annotations/instances_attributes_val2020.json
train,Fashionpedia,../fashion_data/raw/fashionpedia/images/test/0fd47405bde971ea795259fa8790ef40.jpg,1,ADDITIONAL_RAW_TARGETS,3,2,"{""accessory"": 1, ""dress"": 1}","[""4905"", ""4906""]",[],/workspace/scratch/728b0ed5ee28/analysis/public_fashion_data/raw/fashionpedia/annotations/instances_attributes_val2020.json
train,Fashionpedia,../fashion_data/raw/fashionpedia/images/test/112a9c9b9c7a97f3f632b2ec7fd064e5.jpg,1,ADDITIONAL_RAW_TARGETS,10,9,"{""accessory"": 4, ""outerwear"": 1, ""skirt"": 1, ""top"": 1, ""shoe"": 2}","[""3620"", ""3621"", ""3626"", ""3628"", ""3632"", ""3635"", ""3636"", ""3637"", ""3638""]",[],/workspace/scratch/728b0ed5ee28/analysis/public_fashion_data/raw/fashionpedia/annotations/instances_attributes_val2020.json
train,Fashionpedia,../fashion_data/raw/fashionpedia/images/test/116c0fd0c6d963e7b68e7af47c4e8cc7.jpg,1,ADDITIONAL_RAW_TARGETS,7,6,"{""accessory"": 2, ""top"": 2, ""pants"": 1, ""outerwear"": 1}","[""4010"", ""4011"", ""4016"", ""4018"", ""4024"", ""4025""]",[],/workspace/scratch/728b0ed5ee28/analysis/public_fashion_data/raw/fashionpedia/annotations/instances_attributes_val2020.json
train,Fashionpedia,../fashion_data/raw/fashionpedia/images/test/12416f707a0428adc08bc899bc6d84c8.jpg,1,ADDITIONAL_RAW_TARGETS,2,1,"{""dress"": 1}","[""450""]",[],/workspace/scratch/728b0ed5ee28/analysis/public_fashion_data/raw/fashionpedia/annotations/instances_attributes_val2020.json
train,Fashionpedia,../fashion_data/raw/fashionpedia/images/test/138d25e69ff93fda0643ced2fa7feafb.jpg,2,ADDITIONAL_RAW_TARGETS,6,4,"{""shoe"": 1, ""accessory"": 1, ""outerwear"": 1, ""dress"": 1}","[""459"", ""460"", ""461"", ""465""]",[],/workspace/scratch/728b0ed5ee28/analysis/public_fashion_data/raw/fashionpedia/annotations/instances_attributes_val2020.json
train,Fashionpedia,../fashion_data/raw/fashionpedia/images/test/13bd73c2068bc2705f3a0b65e425b965.jpg,2,ADDITIONAL_RAW_TARGETS,6,4,"{""accessory"": 2, ""pants"": 1, ""top"": 1}","[""1643"", ""1644"", ""1645"", ""1651""]",[],/workspace/scratch/728b0ed5ee28/analysis/public_fashion_data/raw/fashionpedia/annotations/instances_attributes_val2020.json
train,Fashionpedia,../fashion_data/raw/fashionpedia/images/test/14ce620645bc27f4710e2141432e7139.jpg,1,ADDITIONAL_RAW_TARGETS,9,8,"{""accessory"": 2, ""outerwear"": 1, ""top"": 1, ""pants"": 1, ""shoe"": 2, ""bag"": 1}","[""8174"", ""8179"", ""8181"", ""8184"", ""8185"", ""8186"", ""8187"", ""8188""]",[],/workspace/scratch/728b0ed5ee28/analysis/public_fashion_data/raw/fashionpedia/annotations/instances_attributes_val2020.json
train,Fashionpedia,../fashion_data/raw/fashionpedia/images/test/15b3536fd4cd5f7c40b1ef1a611402e5.jpg,1,ADDITIONAL_RAW_TARGETS,3,2,"{""outerwear"": 1, ""accessory"": 1}","[""7405"", ""7410""]",[],/workspace/scratch/728b0ed5ee28/analysis/public_fashion_data/raw/fashionpedia/annotations/instances_attributes_val2020.json
train,Fashionpedia,../fashion_data/raw/fashionpedia/images/test/166db2094576d8c91dd7b367e695e9a2.jpg,1,ADDITIONAL_RAW_TARGETS,3,2,"{""shoe"": 2}","[""8982"", ""8983""]",[],/workspace/scratch/728b0ed5ee28/analysis/public_fashion_data/raw/fashionpedia/annotations/instances_attributes_val2020.json
train,Fashionpedia,../fashion_data/raw/fashionpedia/images/test/16b7202138bdbb600ee49eadfe63f5f6.jpg,1,ADDITIONAL_RAW_TARGETS,3,2,"{""dress"": 1, ""shoe"": 1}","[""1053"", ""1054""]",[],/workspace/scratch/728b0ed5ee28/analysis/public_fashion_data/raw/fashionpedia/annotations/instances_attributes_val2020.json
train,Fashionpedia,../fashion_data/raw/fashionpedia/images/test/1744183e925250327f807fdb15907f6a.jpg,2,ADDITIONAL_RAW_TARGETS,5,3,"{""accessory"": 2, ""dress"": 1}","[""7039"", ""7042"", ""7044""]",[],/workspace/scratch/728b0ed5ee28/analysis/public_fashion_data/raw/fashionpedia/annotations/instances_attributes_val2020.json
train,Fashionpedia,../fashion_data/raw/fashionpedia/images/test/1918cddd5d05e007637c1b635eb683f5.jpg,1,ADDITIONAL_RAW_TARGETS,6,5,"{""top"": 1, ""pants"": 1, ""accessory"": 1, ""shoe"": 2}","[""2295"", ""2298"", ""2302"", ""2304"", ""2305""]",[],/workspace/scratch/728b0ed5ee28/analysis/public_fashion_data/raw/fashionpedia/annotations/instances_attributes_val2020.json
train,Fashionpedia,../fashion_data/raw/fashionpedia/images/test/1b94b1ccf1076bf96d656a870f559d0e.jpg,1,ADDITIONAL_RAW_TARGETS,7,6,"{""dress"": 1, ""accessory"": 3, ""shoe"": 2}","[""2532"", ""2536"", ""2537"", ""2538"", ""2540"", ""2541""]",[],/workspace/scratch/728b0ed5ee28/analysis/public_fashion_data/raw/fashionpedia/annotations/instances_attributes_val2020.json
train,Fashionpedia,../fashion_data/raw/fashionpedia/images/test/1c1484bd95e170ad133660f8a69419b1.jpg,1,ADDITIONAL_RAW_TARGETS,4,3,"{""pants"": 1, ""top"": 1, ""shoe"": 1}","[""7767"", ""7768"", ""7770""]",[],/workspace/scratch/728b0ed5ee28/analysis/public_fashion_data/raw/fashionpedia/annotations/instances_attributes_val2020.json
train,Fashionpedia,../fashion_data/raw/fashionpedia/images/test/1ca6fb4b937bb1f34797d3315266a546.jpg,1,ADDITIONAL_RAW_TARGETS,2,1,"{""top"": 1}","[""4873""]",[],/workspace/scratch/728b0ed5ee28/analysis/public_fashion_data/raw/fashionpedia/annotations/instances_attributes_val2020.json
train,Fashionpedia,../fashion_data/raw/fashionpedia/images/test/1dffba470396e2e75841783f4584ed86.jpg,1,ADDITIONAL_RAW_TARGETS,5,4,"{""top"": 2, ""pants"": 1, ""accessory"": 1}","[""237"", ""238"", ""240"", ""242""]",[],/workspace/scratch/728b0ed5ee28/analysis/public_fashion_data/raw/fashionpedia/annotations/instances_attributes_val2020.json
train,Fashionpedia,../fashion_data/raw/fashionpedia/images/test/1e1550d9c7268ebd65e25e94e8b72575.jpg,1,ADDITIONAL_RAW_TARGETS,3,2,"{""accessory"": 1, ""top"": 1}","[""6909"", ""6910""]",[],/workspace/scratch/728b0ed5ee28/analysis/public_fashion_data/raw/fashionpedia/annotations/instances_attributes_val2020.json
train,Fashionpedia,../fashion_data/raw/fashionpedia/images/test/1f0d72ecd966170babc209b45abe8983.jpg,1,ADDITIONAL_RAW_TARGETS,5,4,"{""top"": 1, ""pants"": 1, ""shoe"": 2}","[""3173"", ""3178"", ""3181"", ""3182""]",[],/workspace/scratch/728b0ed5ee28/analysis/public_fashion_data/raw/fashionpedia/annotations/instances_attributes_val2020.json
train,Fashionpedia,../fashion_data/raw/fashionpedia/images/test/200801ffb2c44d46b94454f1b6a278a6.jpg,1,ADDITIONAL_RAW_TARGETS,2,1,"{""top"": 1}","[""5371""]",[],/workspace/scratch/728b0ed5ee28/analysis/public_fashion_data/raw/fashionpedia/annotations/instances_attributes_val2020.json
train,Fashionpedia,../fashion_data/raw/fashionpedia/images/test/2064125f44bafe6b58a8b62750c96e5e.jpg,2,ADDITIONAL_RAW_TARGETS,3,1,"{""dress"": 1}","[""4690""]",[],/workspace/scratch/728b0ed5ee28/analysis/public_fashion_data/raw/fashionpedia/annotations/instances_attributes_val2020.json
train,Fashionpedia,../fashion_data/raw/fashionpedia/images/test/20bdefcd48f74c927cca2870e52176b1.jpg,1,ADDITIONAL_RAW_TARGETS,3,2,"{""dress"": 1, ""outerwear"": 1}","[""8120"", ""8124""]",[],/workspace/scratch/728b0ed5ee28/analysis/public_fashion_data/raw/fashionpedia/annotations/instances_attributes_val2020.json
train,Fashionpedia,../fashion_data/raw/fashionpedia/images/test/20cce77f20aada8462856157a7957d8f.jpg,1,ADDITIONAL_RAW_TARGETS,5,4,"{""accessory"": 1, ""pants"": 1, ""shoe"": 2}","[""5943"", ""5944"", ""5945"", ""5946""]",[],/workspace/scratch/728b0ed5ee28/analysis/public_fashion_data/raw/fashionpedia/annotations/instances_attributes_val2020.json
train,Fashionpedia,../fashion_data/raw/fashionpedia/images/test/20f9819eaa83ce17d76baf30880cd99f.jpg,1,ADDITIONAL_RAW_TARGETS,4,3,"{""dress"": 1, ""shoe"": 1, ""pants"": 1}","[""9304"", ""9308"", ""9310""]",[],/workspace/scratch/728b0ed5ee28/analysis/public_fashion_data/raw/fashionpedia/annotations/instances_attributes_val2020.json
train,Fashionpedia,../fashion_data/raw/fashionpedia/images/test/216d717f1360e765cdc3e6d4321b2270.jpg,1,ADDITIONAL_RAW_TARGETS,5,4,"{""top"": 1, ""pants"": 1, ""shoe"": 2}","[""1287"", ""1291"", ""1293"", ""1294""]",[],/workspace/scratch/728b0ed5ee28/analysis/public_fashion_data/raw/fashionpedia/annotations/instances_attributes_val2020.json
train,Fashionpedia,../fashion_data/raw/fashionpedia/images/test/2171b137ca967fb6540ce50fc824aaa4.jpg,1,ADDITIONAL_RAW_TARGETS,8,7,"{""shoe"": 2, ""accessory"": 2, ""skirt"": 1, ""top"": 1, ""outerwear"": 1}","[""9042"", ""9043"", ""9044"", ""9045"", ""9046"", ""9047"", ""9049""]",[],/workspace/scratch/728b0ed5ee28/analysis/public_fashion_data/raw/fashionpedia/annotations/instances_attributes_val2020.json
train,Fashionpedia,../fashion_data/raw/fashionpedia/images/test/218f45327eead3c64b19e3ddee2ec238.jpg,1,ADDITIONAL_RAW_TARGETS,7,6,"{""accessory"": 2, ""outerwear"": 1, ""pants"": 1, ""shoe"": 2}","[""3610"", ""3612"", ""3613"", ""3614"", ""3615"", ""3616""]",[],/workspace/scratch/728b0ed5ee28/analysis/public_fashion_data/raw/fashionpedia/annotations/instances_attributes_val2020.json
train,Fashionpedia,../fashion_data/raw/fashionpedia/images/test/219e070fdf1a306f0f229db82cd46c5c.jpg,1,ADDITIONAL_RAW_TARGETS,4,3,"{""accessory"": 1, ""dress"": 1, ""shoe"": 1}","[""6852"", ""6853"", ""6854""]",[],/workspace/scratch/728b0ed5ee28/analysis/public_fashion_data/raw/fashionpedia/annotations/instances_attributes_val2020.json
train,Fashionpedia,../fashion_data/raw/fashionpedia/images/test/21b019899232d2682e25237d3da5eefc.jpg,1,ADDITIONAL_RAW_TARGETS,4,3,"{""shoe"": 2, ""dress"": 1}","[""8573"", ""8574"", ""8579""]",[],/workspace/scratch/728b0ed5ee28/analysis/public_fashion_data/raw/fashionpedia/annotations/instances_attributes_val2020.json
train,Fashionpedia,../fashion_data/raw/fashionpedia/images/test/228d6f335e7c88d524d4bd4c8bdebd1d.jpg,1,ADDITIONAL_RAW_TARGETS,4,3,"{""top"": 1, ""skirt"": 1, ""shoe"": 1}","[""5154"", ""5157"", ""5160""]",[],/workspace/scratch/728b0ed5ee28/analysis/public_fashion_data/raw/fashionpedia/annotations/instances_attributes_val2020.json
train,Fashionpedia,../fashion_data/raw/fashionpedia/images/test/25b6a7dad9c5df5d9b36d681541500bf.jpg,1,ADDITIONAL_RAW_TARGETS,6,5,"{""shoe"": 2, ""skirt"": 1, ""accessory"": 1, ""top"": 1}","[""2094"", ""2095"", ""2096"", ""2097"", ""2099""]",[],/workspace/scratch/728b0ed5ee28/analysis/public_fashion_data/raw/fashionpedia/annotations/instances_attributes_val2020.json
train,Fashionpedia,../fashion_data/raw/fashionpedia/images/test/25d405f31851734c949c85172cd41f5b.jpg,1,ADDITIONAL_RAW_TARGETS,3,2,"{""bag"": 1, ""dress"": 1}","[""5861"", ""5862""]",[],/workspace/scratch/728b0ed5ee28/analysis/public_fashion_data/raw/fashionpedia/annotations/instances_attributes_val2020.json
train,Fashionpedia,../fashion_data/raw/fashionpedia/images/test/265a6f3aee35666b2f62752c49f6dd63.jpg,1,ADDITIONAL_RAW_TARGETS,5,4,"{""top"": 1, ""pants"": 2, ""accessory"": 1}","[""6225"", ""6227"", ""6230"", ""6233""]",[],/workspace/scratch/728b0ed5ee28/analysis/public_fashion_data/raw/fashionpedia/annotations/instances_attributes_val2020.json
train,Fashionpedia,../fashion_data/raw/fashionpedia/images/test/28772cc5485a105f5bf8bfafedfc66b6.jpg,1,ADDITIONAL_RAW_TARGETS,3,2,"{""shoe"": 2}","[""4415"", ""4416""]",[],/workspace/scratch/728b0ed5ee28/analysis/public_fashion_data/raw/fashionpedia/annotations/instances_attributes_val2020.json
train,Fashionpedia,../fashion_data/raw/fashionpedia/images/test/28f3172e9e96bb17c1f9ec3697b175bc.jpg,1,ADDITIONAL_RAW_TARGETS,8,7,"{""shoe"": 2, ""accessory"": 3, ""pants"": 1, ""top"": 1}","[""9012"", ""9013"", ""9014"", ""9015"", ""9016"", ""9017"", ""9021""]",[],/workspace/scratch/728b0ed5ee28/analysis/public_fashion_data/raw/fashionpedia/annotations/instances_attributes_val2020.json
train,Fashionpedia,../fashion_data/raw/fashionpedia/images/test/296dee66e4ef01a6453434cdd7062b25.jpg,1,ADDITIONAL_RAW_TARGETS,4,3,"{""shoe"": 1, ""top"": 1, ""outerwear"": 1}","[""3753"", ""3754"", ""3757""]",[],/workspace/scratch/728b0ed5ee28/analysis/public_fashion_data/raw/fashionpedia/annotations/instances_attributes_val2020.json
train,Fashionpedia,../fashion_data/raw/fashionpedia/images/test/2a191fe07d0c2f63c5192d7effcec0c1.jpg,1,ADDITIONAL_RAW_TARGETS,3,2,"{""shoe"": 1, ""dress"": 1}","[""154"", ""156""]",[],/workspace/scratch/728b0ed5ee28/analysis/public_fashion_data/raw/fashionpedia/annotations/instances_attributes_val2020.json
train,Fashionpedia,../fashion_data/raw/fashionpedia/images/test/2ad4ef98177e257b8d57cdfa8e421bde.jpg,1,ADDITIONAL_RAW_TARGETS,3,2,"{""dress"": 1, ""shoe"": 1}","[""7670"", ""7671""]",[],/workspace/scratch/728b0ed5ee28/analysis/public_fashion_data/raw/fashionpedia/annotations/instances_attributes_val2020.json
train,Fashionpedia,../fashion_data/raw/fashionpedia/images/test/2adffb322a52bb5e4111ff76b9883f36.jpg,1,ADDITIONAL_RAW_TARGETS,4,3,"{""top"": 1, ""shoe"": 2}","[""3706"", ""3708"", ""3709""]",[],/workspace/scratch/728b0ed5ee28/analysis/public_fashion_data/raw/fashionpedia/annotations/instances_attributes_val2020.json
train,Fashionpedia,../fashion_data/raw/fashionpedia/images/test/2c0c4094e2c3988fd3be0146f2c2488f.jpg,1,ADDITIONAL_RAW_TARGETS,4,3,"{""top"": 1, ""accessory"": 2}","[""5675"", ""5677"", ""5678""]",[],/workspace/scratch/728b0ed5ee28/analysis/public_fashion_data/raw/fashionpedia/annotations/instances_attributes_val2020.json
train,Fashionpedia,../fashion_data/raw/fashionpedia/images/test/2cf13e48204a0e45bb0a58cf05b53c06.jpg,1,ADDITIONAL_RAW_TARGETS,5,4,"{""shoe"": 1, ""pants"": 1, ""outerwear"": 1, ""top"": 1}","[""6805"", ""6806"", ""6813"", ""6814""]",[],/workspace/scratch/728b0ed5ee28/analysis/public_fashion_data/raw/fashionpedia/annotations/instances_attributes_val2020.json
train,Fashionpedia,../fashion_data/raw/fashionpedia/images/test/2df8a3cbaf17a7e8441cf3f4bc73824c.jpg,1,ADDITIONAL_RAW_TARGETS,5,4,"{""accessory"": 1, ""pants"": 1, ""shoe"": 2}","[""5681"", ""5686"", ""5687"", ""5688""]",[],/workspace/scratch/728b0ed5ee28/analysis/public_fashion_data/raw/fashionpedia/annotations/instances_attributes_val2020.json
train,Fashionpedia,../fashion_data/raw/fashionpedia/images/test/2dfddd4c026c5dfbcf2556557e6290cc.jpg,1,ADDITIONAL_RAW_TARGETS,5,4,"{""pants"": 1, ""outerwear"": 1, ""accessory"": 2}","[""6297"", ""6298"", ""6299"", ""6300""]",[],/workspace/scratch/728b0ed5ee28/analysis/public_fashion_data/raw/fashionpedia/annotations/instances_attributes_val2020.json
train,Fashionpedia,../fashion_data/raw/fashionpedia/images/test/2e0668607ef88383e3fae4925b12cef8.jpg,1,ADDITIONAL_RAW_TARGETS,5,4,"{""dress"": 1, ""pants"": 1, ""shoe"": 2}","[""4677"", ""4682"", ""4683"", ""4684""]",[],/workspace/scratch/728b0ed5ee28/analysis/public_fashion_data/raw/fashionpedia/annotations/instances_attributes_val2020.json
train,Fashionpedia,../fashion_data/raw/fashionpedia/images/test/2e279590988cb29535739095a188cd0b.jpg,1,ADDITIONAL_RAW_TARGETS,4,3,"{""top"": 1, ""accessory"": 2}","[""5923"", ""5928"", ""5929""]",[],/workspace/scratch/728b0ed5ee28/analysis/public_fashion_data/raw/fashionpedia/annotations/instances_attributes_val2020.json
train,Fashionpedia,../fashion_data/raw/fashionpedia/images/test/2e783ef225f6afd2c16ceac5482d955c.jpg,1,ADDITIONAL_RAW_TARGETS,6,5,"{""top"": 1, ""pants"": 1, ""accessory"": 1, ""shoe"": 2}","[""46"", ""50"", ""51"", ""52"", ""53""]",[],/workspace/scratch/728b0ed5ee28/analysis/public_fashion_data/raw/fashionpedia/annotations/instances_attributes_val2020.json
train,Fashionpedia,../fashion_data/raw/fashionpedia/images/test/2ed6ea0b7ce46f8d5fc6608776152d5d.jpg,1,ADDITIONAL_RAW_TARGETS,5,4,"{""dress"": 1, ""pants"": 1, ""shoe"": 2}","[""4400"", ""4407"", ""4408"", ""4409""]",[],/workspace/scratch/728b0ed5ee28/analysis/public_fashion_data/raw/fashionpedia/annotations/instances_attributes_val2020.json
train,Fashionpedia,../fashion_data/raw/fashionpedia/images/test/2ede08066feaa38aa9127fccf570a4a9.jpg,1,ADDITIONAL_RAW_TARGETS,6,5,"{""accessory"": 2, ""dress"": 1, ""shoe"": 2}","[""8362"", ""8363"", ""8364"", ""8365"", ""8366""]",[],/workspace/scratch/728b0ed5ee28/analysis/public_fashion_data/raw/fashionpedia/annotations/instances_attributes_val2020.json
train,Fashionpedia,../fashion_data/raw/fashionpedia/images/test/3023783645f6b5b3ddd20648231f85aa.jpg,1,ADDITIONAL_RAW_TARGETS,7,6,"{""dress"": 1, ""accessory"": 2, ""shoe"": 2, ""top"": 1}","[""4026"", ""4027"", ""4030"", ""4032"", ""4033"", ""4034""]",[],/workspace/scratch/728b0ed5ee28/analysis/public_fashion_data/raw/fashionpedia/annotations/instances_attributes_val2020.json
train,Fashionpedia,../fashion_data/raw/fashionpedia/images/test/3109762baa95cfc50b5a454db19d4143.jpg,1,ADDITIONAL_RAW_TARGETS,5,4,"{""top"": 1, ""skirt"": 1, ""shoe"": 2}","[""7254"", ""7255"", ""7256"", ""7257""]",[],/workspace/scratch/728b0ed5ee28/analysis/public_fashion_data/raw/fashionpedia/annotations/instances_attributes_val2020.json
train,Fashionpedia,../fashion_data/raw/fashionpedia/images/test/317eb8142316b0f17e44fbbb5a8f3667.jpg,1,ADDITIONAL_RAW_TARGETS,4,3,"{""pants"": 1, ""top"": 1, ""shoe"": 1}","[""3941"", ""3942"", ""3945""]",[],/workspace/scratch/728b0ed5ee28/analysis/public_fashion_data/raw/fashionpedia/annotations/instances_attributes_val2020.json
train,Fashionpedia,../fashion_data/raw/fashionpedia/images/test/324c81a1ee14142e21e1377e1680a5f7.jpg,1,ADDITIONAL_RAW_TARGETS,5,4,"{""shoe"": 2, ""pants"": 1, ""top"": 1}","[""589"", ""590"", ""591"", ""593""]",[],/workspace/scratch/728b0ed5ee28/analysis/public_fashion_data/raw/fashionpedia/annotations/instances_attributes_val2020.json
train,Fashionpedia,../fashion_data/raw/fashionpedia/images/test/32a9113ae978781167bebd03f8c61438.jpg,1,ADDITIONAL_RAW_TARGETS,4,3,"{""shoe"": 2, ""outerwear"": 1}","[""3909"", ""3910"", ""3911""]",[],/workspace/scratch/728b0ed5ee28/analysis/public_fashion_data/raw/fashionpedia/annotations/instances_attributes_val2020.json
train,Fashionpedia,../fashion_data/raw/fashionpedia/images/test/32e566cd7c0388f44f1a09e10e2ac96c.jpg,1,ADDITIONAL_RAW_TARGETS,3,2,"{""outerwear"": 1, ""accessory"": 1}","[""5699"", ""5700""]",[],/workspace/scratch/728b0ed5ee28/analysis/public_fashion_data/raw/fashionpedia/annotations/instances_attributes_val2020.json
train,Fashionpedia,../fashion_data/raw/fashionpedia/images/test/330629f6ea12a084fa484a2ae181d1ab.jpg,1,ADDITIONAL_RAW_TARGETS,8,7,"{""accessory"": 2, ""shoe"": 2, ""pants"": 1, ""outerwear"": 1, ""top"": 1}","[""172"", ""174"", ""175"", ""176"", ""177"", ""178"", ""183""]",[],/workspace/scratch/728b0ed5ee28/analysis/public_fashion_data/raw/fashionpedia/annotations/instances_attributes_val2020.json
train,Fashionpedia,../fashion_data/raw/fashionpedia/images/test/33a3fc04da3b454d27f5fdc5e8bb0f53.jpg,1,ADDITIONAL_RAW_TARGETS,5,4,"{""shoe"": 2, ""pants"": 1, ""top"": 1}","[""5505"", ""5506"", ""5507"", ""5508""]",[],/workspace/scratch/728b0ed5ee28/analysis/public_fashion_data/raw/fashionpedia/annotations/instances_attributes_val2020.json
train,Fashionpedia,../fashion_data/raw/fashionpedia/images/test/33a60f6f6d0abe76697705b61564ad30.jpg,1,ADDITIONAL_RAW_TARGETS,4,3,"{""top"": 1, ""skirt"": 1, ""outerwear"": 1}","[""2690"", ""2694"", ""2695""]",[],/workspace/scratch/728b0ed5ee28/analysis/public_fashion_data/raw/fashionpedia/annotations/instances_attributes_val2020.json
train,Fashionpedia,../fashion_data/raw/fashionpedia/images/test/350932dd5559f9419cbd1fc1ae0e43e1.jpg,1,ADDITIONAL_RAW_TARGETS,4,3,"{""accessory"": 2, ""dress"": 1}","[""7583"", ""7584"", ""7588""]",[],/workspace/scratch/728b0ed5ee28/analysis/public_fashion_data/raw/fashionpedia/annotations/instances_attributes_val2020.json
train,Fashionpedia,../fashion_data/raw/fashionpedia/images/test/3641da2171647a07f88dae8d53c9a6a3.jpg,1,ADDITIONAL_RAW_TARGETS,7,6,"{""accessory"": 3, ""dress"": 1, ""shoe"": 2}","[""2028"", ""2030"", ""2031"", ""2032"", ""2033"", ""2034""]",[],/workspace/scratch/728b0ed5ee28/analysis/public_fashion_data/raw/fashionpedia/annotations/instances_attributes_val2020.json
train,Fashionpedia,../fashion_data/raw/fashionpedia/images/test/3696956aa43b2641bdb8ee6fd0ea213f.jpg,1,ADDITIONAL_RAW_TARGETS,5,4,"{""top"": 1, ""skirt"": 1, ""accessory"": 1, ""shoe"": 1}","[""8796"", ""8800"", ""8801"", ""8803""]",[],/workspace/scratch/728b0ed5ee28/analysis/public_fashion_data/raw/fashionpedia/annotations/instances_attributes_val2020.json
train,Fashionpedia,../fashion_data/raw/fashionpedia/images/test/37370ccfad7a49a1121ad83eb0a39b87.jpg,1,ADDITIONAL_RAW_TARGETS,3,2,"{""shoe"": 2}","[""1874"", ""1875""]",[],/workspace/scratch/728b0ed5ee28/analysis/public_fashion_data/raw/fashionpedia/annotations/instances_attributes_val2020.json
train,Fashionpedia,../fashion_data/raw/fashionpedia/images/test/37428aefea46fee89a2af9dc1ba086e1.jpg,1,ADDITIONAL_RAW_TARGETS,5,4,"{""shoe"": 1, ""pants"": 1, ""outerwear"": 1, ""top"": 1}","[""8522"", ""8523"", ""8524"", ""8525""]",[],/workspace/scratch/728b0ed5ee28/analysis/public_fashion_data/raw/fashionpedia/annotations/instances_attributes_val2020.json
train,Fashionpedia,../fashion_data/raw/fashionpedia/images/test/39598903e7ffcd5d5ce5354c3a4d2764.jpg,1,ADDITIONAL_RAW_TARGETS,6,5,"{""dress"": 1, ""accessory"": 1, ""pants"": 1, ""shoe"": 2}","[""618"", ""619"", ""621"", ""622"", ""623""]",[],/workspace/scratch/728b0ed5ee28/analysis/public_fashion_data/raw/fashionpedia/annotations/instances_attributes_val2020.json
train,Fashionpedia,../fashion_data/raw/fashionpedia/images/test/3a251a0d83018173d9eb85dd2f7c64f1.jpg,1,ADDITIONAL_RAW_TARGETS,7,6,"{""shoe"": 2, ""accessory"": 1, ""pants"": 1, ""outerwear"": 1, ""top"": 1}","[""3427"", ""3428"", ""3429"", ""3432"", ""3436"", ""3440""]",[],/workspace/scratch/728b0ed5ee28/analysis/public_fashion_data/raw/fashionpedia/annotations/instances_attributes_val2020.json
train,Fashionpedia,../fashion_data/raw/fashionpedia/images/test/3a87ce99efb87686869fdb390cc5ef0c.jpg,1,ADDITIONAL_RAW_TARGETS,7,6,"{""top"": 1, ""accessory"": 2, ""skirt"": 1, ""shoe"": 2}","[""581"", ""583"", ""584"", ""585"", ""586"", ""588""]",[],/workspace/scratch/728b0ed5ee28/analysis/public_fashion_data/raw/fashionpedia/annotations/instances_attributes_val2020.json
train,Fashionpedia,../fashion_data/raw/fashionpedia/images/test/3ad847bd01f73476418f50f8419bf644.jpg,1,ADDITIONAL_RAW_TARGETS,4,3,"{""shoe"": 2, ""dress"": 1}","[""4305"", ""4306"", ""4308""]",[],/workspace/scratch/728b0ed5ee28/analysis/public_fashion_data/raw/fashionpedia/annotations/instances_attributes_val2020.json
train,Fashionpedia,../fashion_data/raw/fashionpedia/images/test/3ad8d42ba64449a7617160489b43cffb.jpg,1,ADDITIONAL_RAW_TARGETS,3,2,"{""dress"": 1, ""shoe"": 1}","[""1501"", ""1506""]",[],/workspace/scratch/728b0ed5ee28/analysis/public_fashion_data/raw/fashionpedia/annotations/instances_attributes_val2020.json
train,Fashionpedia,../fashion_data/raw/fashionpedia/images/test/3af3a8c1e0581011f46326d3b837a53d.jpg,1,ADDITIONAL_RAW_TARGETS,8,7,"{""top"": 1, ""accessory"": 3, ""shoe"": 2, ""pants"": 1}","[""5689"", ""5690"", ""5691"", ""5692"", ""5693"", ""5694"", ""5697""]",[],/workspace/scratch/728b0ed5ee28/analysis/public_fashion_data/raw/fashionpedia/annotations/instances_attributes_val2020.json
train,Fashionpedia,../fashion_data/raw/fashionpedia/images/test/3b090c8c5228647a7c486ed9f1b14309.jpg,2,ADDITIONAL_RAW_TARGETS,10,8,"{""accessory"": 3, ""top"": 1, ""dress"": 1, ""shoe"": 2, ""outerwear"": 1}","[""1836"", ""1838"", ""1840"", ""1841"", ""1842"", ""1843"", ""1844"", ""1845""]",[],/workspace/scratch/728b0ed5ee28/analysis/public_fashion_data/raw/fashionpedia/annotations/instances_attributes_val2020.json
train,Fashionpedia,../fashion_data/raw/fashionpedia/images/test/3be4a0ddad745d76116775dbb474cd3f.jpg,1,ADDITIONAL_RAW_TARGETS,3,2,"{""accessory"": 1, ""top"": 1}","[""3247"", ""3258""]",[],/workspace/scratch/728b0ed5ee28/analysis/public_fashion_data/raw/fashionpedia/annotations/instances_attributes_val2020.json
train,Fashionpedia,../fashion_data/raw/fashionpedia/images/test/3c2ec192793fd46391289d2ba4527c09.jpg,1,ADDITIONAL_RAW_TARGETS,4,3,"{""shoe"": 2, ""top"": 1}","[""474"", ""475"", ""480""]",[],/workspace/scratch/728b0ed5ee28/analysis/public_fashion_data/raw/fashionpedia/annotations/instances_attributes_val2020.json
train,Fashionpedia,../fashion_data/raw/fashionpedia/images/test/3c77bfcabe3495c954793a8f4696be5f.jpg,1,ADDITIONAL_RAW_TARGETS,8,7,"{""outerwear"": 1, ""bag"": 1, ""pants"": 1, ""shoe"": 2, ""accessory"": 2}","[""1376"", ""1377"", ""1378"", ""1379"", ""1380"", ""1382"", ""1383""]",[],/workspace/scratch/728b0ed5ee28/analysis/public_fashion_data/raw/fashionpedia/annotations/instances_attributes_val2020.json
train,Fashionpedia,../fashion_data/raw/fashionpedia/images/test/3d1a8d1323ab2feae0530606f883e2c7.jpg,1,ADDITIONAL_RAW_TARGETS,5,4,"{""shoe"": 1, ""skirt"": 1, ""top"": 1, ""accessory"": 1}","[""3190"", ""3191"", ""3195"", ""3196""]",[],/workspace/scratch/728b0ed5ee28/analysis/public_fashion_data/raw/fashionpedia/annotations/instances_attributes_val2020.json
train,Fashionpedia,../fashion_data/raw/fashionpedia/images/test/3f18271f3f7d101e2f9a27b0b12b034b.jpg,1,ADDITIONAL_RAW_TARGETS,6,5,"{""shoe"": 1, ""accessory"": 2, ""pants"": 1, ""top"": 1}","[""6586"", ""6588"", ""6589"", ""6591"", ""6593""]",[],/workspace/scratch/728b0ed5ee28/analysis/public_fashion_data/raw/fashionpedia/annotations/instances_attributes_val2020.json
train,Fashionpedia,../fashion_data/raw/fashionpedia/images/test/3fcfa9cf841c43da1cf40ff998939b21.jpg,1,ADDITIONAL_RAW_TARGETS,2,1,"{""dress"": 1}","[""205""]",[],/workspace/scratch/728b0ed5ee28/analysis/public_fashion_data/raw/fashionpedia/annotations/instances_attributes_val2020.json
train,Fashionpedia,../fashion_data/raw/fashionpedia/images/test/3fe7ee5e245a4e4eaf88181e5186333a.jpg,1,ADDITIONAL_RAW_TARGETS,4,3,"{""accessory"": 1, ""shoe"": 1, ""dress"": 1}","[""8320"", ""8322"", ""8326""]",[],/workspace/scratch/728b0ed5ee28/analysis/public_fashion_data/raw/fashionpedia/annotations/instances_attributes_val2020.json
train,Fashionpedia,../fashion_data/raw/fashionpedia/images/test/42e223bd6f6a6b8dce57c4496ca4fcc2.jpg,1,ADDITIONAL_RAW_TARGETS,6,5,"{""accessory"": 1, ""skirt"": 1, ""top"": 1, ""outerwear"": 1, ""shoe"": 1}","[""7362"", ""7363"", ""7365"", ""7367"", ""7368""]",[],/workspace/scratch/728b0ed5ee28/analysis/public_fashion_data/raw/fashionpedia/annotations/instances_attributes_val2020.json
train,Fashionpedia,../fashion_data/raw/fashionpedia/images/test/42fcd15111e080373a8c07201a539ca1.jpg,1,ADDITIONAL_RAW_TARGETS,6,5,"{""pants"": 1, ""shoe"": 1, ""outerwear"": 1, ""accessory"": 1, ""top"": 1}","[""5241"", ""5243"", ""5244"", ""5246"", ""5247""]",[],/workspace/scratch/728b0ed5ee28/analysis/public_fashion_data/raw/fashionpedia/annotations/instances_attributes_val2020.json
train,Fashionpedia,../fashion_data/raw/fashionpedia/images/test/43778dff8bac7d13784527fdba344468.jpg,1,ADDITIONAL_RAW_TARGETS,4,3,"{""pants"": 1, ""shoe"": 1, ""top"": 1}","[""4653"", ""4654"", ""4661""]",[],/workspace/scratch/728b0ed5ee28/analysis/public_fashion_data/raw/fashionpedia/annotations/instances_attributes_val2020.json
train,Fashionpedia,../fashion_data/raw/fashionpedia/images/test/44a33562cc61058bfadb2164c829156b.jpg,1,ADDITIONAL_RAW_TARGETS,3,2,"{""dress"": 1, ""shoe"": 1}","[""1507"", ""1509""]",[],/workspace/scratch/728b0ed5ee28/analysis/public_fashion_data/raw/fashionpedia/annotations/instances_attributes_val2020.json
train,Fashionpedia,../fashion_data/raw/fashionpedia/images/test/466e69961de78100fddae84c64fbf542.jpg,3,ADDITIONAL_RAW_TARGETS,6,3,"{""top"": 1, ""skirt"": 1, ""shoe"": 1}","[""529"", ""538"", ""539""]",[],/workspace/scratch/728b0ed5ee28/analysis/public_fashion_data/raw/fashionpedia/annotations/instances_attributes_val2020.json
train,Fashionpedia,../fashion_data/raw/fashionpedia/images/test/470281287b961aa83407820eaf2cbf5c.jpg,1,ADDITIONAL_RAW_TARGETS,2,1,"{""dress"": 1}","[""8276""]",[],/workspace/scratch/728b0ed5ee28/analysis/public_fashion_data/raw/fashionpedia/annotations/instances_attributes_val2020.json
train,Fashionpedia,../fashion_data/raw/fashionpedia/images/test/473b84b26a91ed22e0c0584cab355068.jpg,1,ADDITIONAL_RAW_TARGETS,6,5,"{""pants"": 1, ""accessory"": 1, ""top"": 1, ""shoe"": 1, ""outerwear"": 1}","[""8637"", ""8638"", ""8640"", ""8646"", ""8647""]",[],/workspace/scratch/728b0ed5ee28/analysis/public_fashion_data/raw/fashionpedia/annotations/instances_attributes_val2020.json
train,Fashionpedia,../fashion_data/raw/fashionpedia/images/test/473ca12a9a40ada656994abef67bf900.jpg,1,ADDITIONAL_RAW_TARGETS,4,3,"{""shoe"": 1, ""skirt"": 1, ""top"": 1}","[""148"", ""149"", ""153""]",[],/workspace/scratch/728b0ed5ee28/analysis/public_fashion_data/raw/fashionpedia/annotations/instances_attributes_val2020.json
train,Fashionpedia,../fashion_data/raw/fashionpedia/images/test/47c2e3e2ff0bfcacd0b42339314862d3.jpg,1,ADDITIONAL_RAW_TARGETS,6,5,"{""accessory"": 2, ""top"": 1, ""pants"": 1, ""outerwear"": 1}","[""3297"", ""3298"", ""3302"", ""3303"", ""3305""]",[],/workspace/scratch/728b0ed5ee28/analysis/public_fashion_data/raw/fashionpedia/annotations/instances_attributes_val2020.json
train,Fashionpedia,../fashion_data/raw/fashionpedia/images/test/48acf4105e66abe3ae57901e15d08e25.jpg,1,ADDITIONAL_RAW_TARGETS,3,2,"{""top"": 1, ""accessory"": 1}","[""3479"", ""3483""]",[],/workspace/scratch/728b0ed5ee28/analysis/public_fashion_data/raw/fashionpedia/annotations/instances_attributes_val2020.json
train,Fashionpedia,../fashion_data/raw/fashionpedia/images/test/492c43f88806dc6beb84ed534f0fc001.jpg,1,ADDITIONAL_RAW_TARGETS,4,3,"{""shoe"": 2, ""top"": 1}","[""1109"", ""1110"", ""1112""]",[],/workspace/scratch/728b0ed5ee28/analysis/public_fashion_data/raw/fashionpedia/annotations/instances_attributes_val2020.json
train,Fashionpedia,../fashion_data/raw/fashionpedia/images/test/4ba624616f54007236995b5ed5d330e2.jpg,1,ADDITIONAL_RAW_TARGETS,6,5,"{""accessory"": 2, ""dress"": 1, ""bag"": 1, ""shoe"": 1}","[""5461"", ""5462"", ""5463"", ""5465"", ""5466""]",[],/workspace/scratch/728b0ed5ee28/analysis/public_fashion_data/raw/fashionpedia/annotations/instances_attributes_val2020.json
train,Fashionpedia,../fashion_data/raw/fashionpedia/images/test/4c796269b7c4578353de5be59efbb9f9.jpg,1,ADDITIONAL_RAW_TARGETS,4,3,"{""shoe"": 2, ""accessory"": 1}","[""7984"", ""7985"", ""7989""]",[],/workspace/scratch/728b0ed5ee28/analysis/public_fashion_data/raw/fashionpedia/annotations/instances_attributes_val2020.json
train,Fashionpedia,../fashion_data/raw/fashionpedia/images/test/4caf9a623b8931bf6b2f6107af4381fb.jpg,1,ADDITIONAL_RAW_TARGETS,7,6,"{""outerwear"": 1, ""top"": 1, ""bag"": 1, ""pants"": 1, ""shoe"": 2}","[""5036"", ""5038"", ""5040"", ""5041"", ""5042"", ""5043""]",[],/workspace/scratch/728b0ed5ee28/analysis/public_fashion_data/raw/fashionpedia/annotations/instances_attributes_val2020.json
train,Fashionpedia,../fashion_data/raw/fashionpedia/images/test/4cea97e3bd3c0e426073cf4fe482b9ad.jpg,1,ADDITIONAL_RAW_TARGETS,4,3,"{""top"": 1, ""shoe"": 2}","[""2356"", ""2358"", ""2359""]",[],/workspace/scratch/728b0ed5ee28/analysis/public_fashion_data/raw/fashionpedia/annotations/instances_attributes_val2020.json
train,Fashionpedia,../fashion_data/raw/fashionpedia/images/test/4d3fd642c9d08290f6262759a51d252f.jpg,2,ADDITIONAL_RAW_TARGETS,12,10,"{""shoe"": 2, ""accessory"": 5, ""pants"": 1, ""outerwear"": 1, ""top"": 1}","[""6620"", ""6621"", ""6622"", ""6624"", ""6626"", ""6628"", ""6629"", ""6633"", ""6641"", ""6642""]",[],/workspace/scratch/728b0ed5ee28/analysis/public_fashion_data/raw/fashionpedia/annotations/instances_attributes_val2020.json
train,Fashionpedia,../fashion_data/raw/fashionpedia/images/test/4e872a7fcd5c125164305d750c8688b6.jpg,1,ADDITIONAL_RAW_TARGETS,2,1,"{""dress"": 1}","[""3973""]",[],/workspace/scratch/728b0ed5ee28/analysis/public_fashion_data/raw/fashionpedia/annotations/instances_attributes_val2020.json
train,Fashionpedia,../fashion_data/raw/fashionpedia/images/test/4ec22d53051a9c25a134fb154e6ea3b0.jpg,2,ADDITIONAL_RAW_TARGETS,5,3,"{""dress"": 1, ""shoe"": 2}","[""3051"", ""3055"", ""3056""]",[],/workspace/scratch/728b0ed5ee28/analysis/public_fashion_data/raw/fashionpedia/annotations/instances_attributes_val2020.json
train,Fashionpedia,../fashion_data/raw/fashionpedia/images/test/4f2a2c16e1c284c1dc11cb987c9f5ca0.jpg,2,ADDITIONAL_RAW_TARGETS,6,4,"{""accessory"": 2, ""dress"": 1, ""shoe"": 1}","[""2696"", ""2697"", ""2701"", ""2702""]",[],/workspace/scratch/728b0ed5ee28/analysis/public_fashion_data/raw/fashionpedia/annotations/instances_attributes_val2020.json
train,Fashionpedia,../fashion_data/raw/fashionpedia/images/test/4f9742189256a459260eb22543154825.jpg,1,ADDITIONAL_RAW_TARGETS,5,4,"{""skirt"": 1, ""top"": 1, ""shoe"": 2}","[""865"", ""867"", ""873"", ""874""]",[],/workspace/scratch/728b0ed5ee28/analysis/public_fashion_data/raw/fashionpedia/annotations/instances_attributes_val2020.json
train,Fashionpedia,../fashion_data/raw/fashionpedia/images/test/5048b43266b5bcda8b56e559bd845636.jpg,1,ADDITIONAL_RAW_TARGETS,4,3,"{""dress"": 1, ""accessory"": 1, ""outerwear"": 1}","[""856"", ""858"", ""863""]",[],/workspace/scratch/728b0ed5ee28/analysis/public_fashion_data/raw/fashionpedia/annotations/instances_attributes_val2020.json
train,Fashionpedia,../fashion_data/raw/fashionpedia/images/test/50e763ae42f2872db7567e607005d3b1.jpg,1,ADDITIONAL_RAW_TARGETS,6,5,"{""shoe"": 2, ""accessory"": 2, ""top"": 1}","[""911"", ""912"", ""913"", ""914"", ""915""]",[],/workspace/scratch/728b0ed5ee28/analysis/public_fashion_data/raw/fashionpedia/annotations/instances_attributes_val2020.json
train,Fashionpedia,../fashion_data/raw/fashionpedia/images/test/517a8397f4b67050adbbb77fc38d94f3.jpg,1,ADDITIONAL_RAW_TARGETS,5,4,"{""skirt"": 1, ""top"": 1, ""accessory"": 1, ""bag"": 1}","[""290"", ""291"", ""292"", ""293""]",[],/workspace/scratch/728b0ed5ee28/analysis/public_fashion_data/raw/fashionpedia/annotations/instances_attributes_val2020.json
train,Fashionpedia,../fashion_data/raw/fashionpedia/images/test/52a6dcf5c19a6f0f6033ebc8dd9f3078.jpg,1,ADDITIONAL_RAW_TARGETS,2,1,"{""top"": 1}","[""8909""]",[],/workspace/scratch/728b0ed5ee28/analysis/public_fashion_data/raw/fashionpedia/annotations/instances_attributes_val2020.json
train,Fashionpedia,../fashion_data/raw/fashionpedia/images/test/52df4fde942c5b69a757f82014af85e4.jpg,1,ADDITIONAL_RAW_TARGETS,6,5,"{""shoe"": 1, ""pants"": 1, ""top"": 1, ""accessory"": 2}","[""8080"", ""8081"", ""8082"", ""8083"", ""8088""]",[],/workspace/scratch/728b0ed5ee28/analysis/public_fashion_data/raw/fashionpedia/annotations/instances_attributes_val2020.json
train,Fashionpedia,../fashion_data/raw/fashionpedia/images/test/54c1a7bfcfd8d0c31311a061ee5a0f8c.jpg,1,ADDITIONAL_RAW_TARGETS,3,2,"{""skirt"": 1, ""top"": 1}","[""3089"", ""3090""]",[],/workspace/scratch/728b0ed5ee28/analysis/public_fashion_data/raw/fashionpedia/annotations/instances_attributes_val2020.json
train,Fashionpedia,../fashion_data/raw/fashionpedia/images/test/5519b067d1037167b0acd664fcbb918e.jpg,1,ADDITIONAL_RAW_TARGETS,2,1,"{""shoe"": 1}","[""4651""]",[],/workspace/scratch/728b0ed5ee28/analysis/public_fashion_data/raw/fashionpedia/annotations/instances_attributes_val2020.json
train,Fashionpedia,../fashion_data/raw/fashionpedia/images/test/551e65e41de6a13025f2542b4886d8f0.jpg,1,ADDITIONAL_RAW_TARGETS,6,5,"{""shoe"": 2, ""dress"": 1, ""accessory"": 1, ""bag"": 1}","[""4638"", ""4639"", ""4640"", ""4641"", ""4643""]",[],/workspace/scratch/728b0ed5ee28/analysis/public_fashion_data/raw/fashionpedia/annotations/instances_attributes_val2020.json
train,Fashionpedia,../fashion_data/raw/fashionpedia/images/test/557b6301ca3fefdf29d0609dfe8a74fd.jpg,1,ADDITIONAL_RAW_TARGETS,7,6,"{""outerwear"": 1, ""accessory"": 1, ""bag"": 1, ""pants"": 1, ""shoe"": 2}","[""4513"", ""4518"", ""4519"", ""4522"", ""4523"", ""4524""]",[],/workspace/scratch/728b0ed5ee28/analysis/public_fashion_data/raw/fashionpedia/annotations/instances_attributes_val2020.json
train,Fashionpedia,../fashion_data/raw/fashionpedia/images/test/563c45745e1775a74e3a5b2513079b9d.jpg,1,ADDITIONAL_RAW_TARGETS,2,1,"{""shoe"": 1}","[""5667""]",[],/workspace/scratch/728b0ed5ee28/analysis/public_fashion_data/raw/fashionpedia/annotations/instances_attributes_val2020.json
train,Fashionpedia,../fashion_data/raw/fashionpedia/images/test/563f37df673fa80cfc369fbcf4a9869a.jpg,1,ADDITIONAL_RAW_TARGETS,2,1,"{""dress"": 1}","[""1910""]",[],/workspace/scratch/728b0ed5ee28/analysis/public_fashion_data/raw/fashionpedia/annotations/instances_attributes_val2020.json
train,Fashionpedia,../fashion_data/raw/fashionpedia/images/test/56e5e99c58d6d12337e92e6a73f3c8d5.jpg,1,ADDITIONAL_RAW_TARGETS,6,5,"{""accessory"": 2, ""top"": 2, ""pants"": 1}","[""6656"", ""6657"", ""6658"", ""6659"", ""6664""]",[],/workspace/scratch/728b0ed5ee28/analysis/public_fashion_data/raw/fashionpedia/annotations/instances_attributes_val2020.json
train,Fashionpedia,../fashion_data/raw/fashionpedia/images/test/5a26b076ff580f5b9979ec8371483494.jpg,1,ADDITIONAL_RAW_TARGETS,2,1,"{""dress"": 1}","[""4599""]",[],/workspace/scratch/728b0ed5ee28/analysis/public_fashion_data/raw/fashionpedia/annotations/instances_attributes_val2020.json
train,Fashionpedia,../fashion_data/raw/fashionpedia/images/test/5a45019f91a09b34caad0730b77f281d.jpg,1,ADDITIONAL_RAW_TARGETS,8,7,"{""outerwear"": 1, ""top"": 1, ""pants"": 1, ""shoe"": 2, ""accessory"": 2}","[""6211"", ""6216"", ""6219"", ""6220"", ""6221"", ""6223"", ""6224""]",[],/workspace/scratch/728b0ed5ee28/analysis/public_fashion_data/raw/fashionpedia/annotations/instances_attributes_val2020.json
train,Fashionpedia,../fashion_data/raw/fashionpedia/images/test/5a6a709cdd926e51bdbaba834d0c7207.jpg,1,ADDITIONAL_RAW_TARGETS,4,3,"{""accessory"": 1, ""dress"": 1, ""shoe"": 1}","[""4820"", ""4821"", ""4825""]",[],/workspace/scratch/728b0ed5ee28/analysis/public_fashion_data/raw/fashionpedia/annotations/instances_attributes_val2020.json
train,Fashionpedia,../fashion_data/raw/fashionpedia/images/test/5b119f366a58e6706b6c721fb0c52d9d.jpg,1,COMPLETE_WITHIN_SCOPE,1,0,{},[],[],/workspace/scratch/728b0ed5ee28/analysis/public_fashion_data/raw/fashionpedia/annotations/instances_attributes_val2020.json
train,Fashionpedia,../fashion_data/raw/fashionpedia/images/test/5e9bc1602c42a055f7e8626fc23776a8.jpg,1,ADDITIONAL_RAW_TARGETS,5,4,"{""dress"": 1, ""outerwear"": 1, ""shoe"": 2}","[""2516"", ""2518"", ""2522"", ""2523""]",[],/workspace/scratch/728b0ed5ee28/analysis/public_fashion_data/raw/fashionpedia/annotations/instances_attributes_val2020.json
train,Fashionpedia,../fashion_data/raw/fashionpedia/images/test/5f1a6fc913ba40dee4d94b3428afba15.jpg,1,ADDITIONAL_RAW_TARGETS,2,1,"{""dress"": 1}","[""345""]",[],/workspace/scratch/728b0ed5ee28/analysis/public_fashion_data/raw/fashionpedia/annotations/instances_attributes_val2020.json
train,Fashionpedia,../fashion_data/raw/fashionpedia/images/test/5f5e8dd2003101a233a31bfc1b940085.jpg,1,ADDITIONAL_RAW_TARGETS,3,2,"{""shoe"": 1, ""dress"": 1}","[""3648"", ""3650""]",[],/workspace/scratch/728b0ed5ee28/analysis/public_fashion_data/raw/fashionpedia/annotations/instances_attributes_val2020.json
train,Fashionpedia,../fashion_data/raw/fashionpedia/images/test/5fc499c60fc95671180347cf63b6f31a.jpg,1,ADDITIONAL_RAW_TARGETS,5,4,"{""top"": 1, ""pants"": 1, ""shoe"": 2}","[""68"", ""70"", ""71"", ""72""]",[],/workspace/scratch/728b0ed5ee28/analysis/public_fashion_data/raw/fashionpedia/annotations/instances_attributes_val2020.json
train,Fashionpedia,../fashion_data/raw/fashionpedia/images/test/5fd78b0a8107415548b93f29bb5210f1.jpg,1,ADDITIONAL_RAW_TARGETS,2,1,"{""dress"": 1}","[""4981""]",[],/workspace/scratch/728b0ed5ee28/analysis/public_fashion_data/raw/fashionpedia/annotations/instances_attributes_val2020.json
train,Fashionpedia,../fashion_data/raw/fashionpedia/images/test/6096b12d8fc996b65b4b9947b18502ca.jpg,1,ADDITIONAL_RAW_TARGETS,6,5,"{""shoe"": 2, ""pants"": 1, ""top"": 2}","[""3842"", ""3843"", ""3844"", ""3845"", ""3853""]",[],/workspace/scratch/728b0ed5ee28/analysis/public_fashion_data/raw/fashionpedia/annotations/instances_attributes_val2020.json
train,Fashionpedia,../fashion_data/raw/fashionpedia/images/test/609b9fc370f7c98fbb6a41baf72664a1.jpg,1,ADDITIONAL_RAW_TARGETS,6,5,"{""accessory"": 1, ""outerwear"": 1, ""bag"": 1, ""shoe"": 2}","[""5824"", ""5827"", ""5830"", ""5831"", ""5832""]",[],/workspace/scratch/728b0ed5ee28/analysis/public_fashion_data/raw/fashionpedia/annotations/instances_attributes_val2020.json
train,Fashionpedia,../fashion_data/raw/fashionpedia/images/test/611939b9f3ac6aba96c64026edc11575.jpg,1,ADDITIONAL_RAW_TARGETS,4,3,"{""shoe"": 1, ""pants"": 1, ""outerwear"": 1}","[""5810"", ""5811"", ""5812""]",[],/workspace/scratch/728b0ed5ee28/analysis/public_fashion_data/raw/fashionpedia/annotations/instances_attributes_val2020.json
train,Fashionpedia,../fashion_data/raw/fashionpedia/images/test/614e7297f89c14e73b691d7f76ed77f4.jpg,1,ADDITIONAL_RAW_TARGETS,3,2,"{""shoe"": 1, ""accessory"": 1}","[""975"", ""979""]",[],/workspace/scratch/728b0ed5ee28/analysis/public_fashion_data/raw/fashionpedia/annotations/instances_attributes_val2020.json
train,Fashionpedia,../fashion_data/raw/fashionpedia/images/test/6216b46eeada317d0fbac617c2f09a2f.jpg,1,ADDITIONAL_RAW_TARGETS,5,4,"{""pants"": 1, ""outerwear"": 1, ""shoe"": 2}","[""4039"", ""4040"", ""4045"", ""4046""]",[],/workspace/scratch/728b0ed5ee28/analysis/public_fashion_data/raw/fashionpedia/annotations/instances_attributes_val2020.json
train,Fashionpedia,../fashion_data/raw/fashionpedia/images/test/629df21f84ffc47d37ab1e3818dfad7a.jpg,2,ADDITIONAL_RAW_TARGETS,6,4,"{""accessory"": 1, ""dress"": 1, ""outerwear"": 1, ""shoe"": 1}","[""2103"", ""2105"", ""2111"", ""2112""]",[],/workspace/scratch/728b0ed5ee28/analysis/public_fashion_data/raw/fashionpedia/annotations/instances_attributes_val2020.json
train,Fashionpedia,../fashion_data/raw/fashionpedia/images/test/62c2a58de9a97c754cde718fb409402e.jpg,1,ADDITIONAL_RAW_TARGETS,8,7,"{""outerwear"": 1, ""top"": 2, ""accessory"": 1, ""pants"": 1, ""shoe"": 2}","[""4270"", ""4278"", ""4283"", ""4284"", ""4285"", ""4288"", ""4289""]",[],/workspace/scratch/728b0ed5ee28/analysis/public_fashion_data/raw/fashionpedia/annotations/instances_attributes_val2020.json
train,Fashionpedia,../fashion_data/raw/fashionpedia/images/test/634b8e06e0d3bc3b8258cdef7ea56251.jpg,2,ADDITIONAL_RAW_TARGETS,7,5,"{""shoe"": 1, ""accessory"": 2, ""skirt"": 1, ""top"": 1}","[""1076"", ""1078"", ""1080"", ""1083"", ""1084""]",[],/workspace/scratch/728b0ed5ee28/analysis/public_fashion_data/raw/fashionpedia/annotations/instances_attributes_val2020.json
train,Fashionpedia,../fashion_data/raw/fashionpedia/images/test/6375bd30773a17a141a35eb4df0e4e16.jpg,1,ADDITIONAL_RAW_TARGETS,9,8,"{""top"": 2, ""outerwear"": 2, ""pants"": 1, ""accessory"": 1, ""shoe"": 2}","[""5558"", ""5559"", ""5560"", ""5563"", ""5564"", ""5565"", ""5566"", ""5568""]",[],/workspace/scratch/728b0ed5ee28/analysis/public_fashion_data/raw/fashionpedia/annotations/instances_attributes_val2020.json
train,Fashionpedia,../fashion_data/raw/fashionpedia/images/test/6385040ca90ec396e37c2a25c2aafc31.jpg,1,ADDITIONAL_RAW_TARGETS,10,9,"{""accessory"": 2, ""top"": 2, ""outerwear"": 1, ""bag"": 1, ""pants"": 1, ""shoe"": 2}","[""4364"", ""4365"", ""4366"", ""4367"", ""4370"", ""4374"", ""4378"", ""4380"", ""4381""]",[],/workspace/scratch/728b0ed5ee28/analysis/public_fashion_data/raw/fashionpedia/annotations/instances_attributes_val2020.json
train,Fashionpedia,../fashion_data/raw/fashionpedia/images/test/643befc8433653bd7647f45c3c89b02f.jpg,1,ADDITIONAL_RAW_TARGETS,4,3,"{""shoe"": 2, ""dress"": 1}","[""1242"", ""1243"", ""1245""]",[],/workspace/scratch/728b0ed5ee28/analysis/public_fashion_data/raw/fashionpedia/annotations/instances_attributes_val2020.json
train,Fashionpedia,../fashion_data/raw/fashionpedia/images/test/65aba1fc79c8b44c66e8f75be8b7633e.jpg,1,ADDITIONAL_RAW_TARGETS,5,4,"{""shoe"": 1, ""accessory"": 1, ""pants"": 1, ""top"": 1}","[""2490"", ""2492"", ""2493"", ""2496""]",[],/workspace/scratch/728b0ed5ee28/analysis/public_fashion_data/raw/fashionpedia/annotations/instances_attributes_val2020.json
train,Fashionpedia,../fashion_data/raw/fashionpedia/images/test/65d0f53dfbc340ecc3ee3abd6da6b54c.jpg,1,ADDITIONAL_RAW_TARGETS,10,9,"{""shoe"": 2, ""accessory"": 3, ""outerwear"": 1, ""skirt"": 1, ""top"": 2}","[""7933"", ""7934"", ""7935"", ""7936"", ""7937"", ""7940"", ""7942"", ""7943"", ""7947""]",[],/workspace/scratch/728b0ed5ee28/analysis/public_fashion_data/raw/fashionpedia/annotations/instances_attributes_val2020.json
train,Fashionpedia,../fashion_data/raw/fashionpedia/images/test/6661e2aa125fb543f39193e0d8423720.jpg,1,ADDITIONAL_RAW_TARGETS,5,4,"{""shoe"": 1, ""top"": 1, ""pants"": 1, ""outerwear"": 1}","[""8893"", ""8894"", ""8895"", ""8900""]",[],/workspace/scratch/728b0ed5ee28/analysis/public_fashion_data/raw/fashionpedia/annotations/instances_attributes_val2020.json
train,Fashionpedia,../fashion_data/raw/fashionpedia/images/test/66944533f2aa560438fb0b83b33aa106.jpg,1,ADDITIONAL_RAW_TARGETS,3,2,"{""dress"": 1, ""accessory"": 1}","[""7384"", ""7386""]",[],/workspace/scratch/728b0ed5ee28/analysis/public_fashion_data/raw/fashionpedia/annotations/instances_attributes_val2020.json
train,Fashionpedia,../fashion_data/raw/fashionpedia/images/test/6765044e8079cfe42ae6cac73cbf79c4.jpg,1,ADDITIONAL_RAW_TARGETS,4,3,"{""accessory"": 1, ""shoe"": 2}","[""4110"", ""4112"", ""4113""]",[],/workspace/scratch/728b0ed5ee28/analysis/public_fashion_data/raw/fashionpedia/annotations/instances_attributes_val2020.json
train,Fashionpedia,../fashion_data/raw/fashionpedia/images/test/679ab015b49cb5b53d168d3efd956fad.jpg,1,ADDITIONAL_RAW_TARGETS,5,4,"{""accessory"": 1, ""shoe"": 2, ""dress"": 1}","[""4349"", ""4351"", ""4352"", ""4353""]",[],/workspace/scratch/728b0ed5ee28/analysis/public_fashion_data/raw/fashionpedia/annotations/instances_attributes_val2020.json
train,Fashionpedia,../fashion_data/raw/fashionpedia/images/test/67ec64b00cd3aa7ab1d92c59e5d8fd85.jpg,1,ADDITIONAL_RAW_TARGETS,4,3,"{""shoe"": 2, ""dress"": 1}","[""2347"", ""2348"", ""2352""]",[],/workspace/scratch/728b0ed5ee28/analysis/public_fashion_data/raw/fashionpedia/annotations/instances_attributes_val2020.json
train,Fashionpedia,../fashion_data/raw/fashionpedia/images/test/67f807cdadb96ebc9e59beb2222e1d57.jpg,1,ADDITIONAL_RAW_TARGETS,5,4,"{""top"": 1, ""pants"": 1, ""shoe"": 1, ""outerwear"": 1}","[""8915"", ""8916"", ""8917"", ""8919""]",[],/workspace/scratch/728b0ed5ee28/analysis/public_fashion_data/raw/fashionpedia/annotations/instances_attributes_val2020.json
train,Fashionpedia,../fashion_data/raw/fashionpedia/images/test/6804c0168b384deb92f498ba8ed5ca4a.jpg,1,ADDITIONAL_RAW_TARGETS,9,8,"{""top"": 2, ""skirt"": 1, ""accessory"": 3, ""shoe"": 2}","[""2817"", ""2818"", ""2823"", ""2824"", ""2825"", ""2827"", ""2828"", ""2829""]",[],/workspace/scratch/728b0ed5ee28/analysis/public_fashion_data/raw/fashionpedia/annotations/instances_attributes_val2020.json
train,Fashionpedia,../fashion_data/raw/fashionpedia/images/test/68aefbd5faf3d79453eee3593e815d32.jpg,1,ADDITIONAL_RAW_TARGETS,5,4,"{""outerwear"": 1, ""dress"": 1, ""pants"": 1, ""shoe"": 1}","[""1516"", ""1518"", ""1520"", ""1522""]",[],/workspace/scratch/728b0ed5ee28/analysis/public_fashion_data/raw/fashionpedia/annotations/instances_attributes_val2020.json
train,Fashionpedia,../fashion_data/raw/fashionpedia/images/test/68d6747a3e74f059dddb6d75f624f21c.jpg,1,ADDITIONAL_RAW_TARGETS,4,3,"{""bag"": 1, ""shoe"": 2}","[""6291"", ""6292"", ""6293""]",[],/workspace/scratch/728b0ed5ee28/analysis/public_fashion_data/raw/fashionpedia/annotations/instances_attributes_val2020.json
train,Fashionpedia,../fashion_data/raw/fashionpedia/images/test/6a0d484572ffd11cc5ea627df2c82b94.jpg,1,ADDITIONAL_RAW_TARGETS,4,3,"{""dress"": 1, ""pants"": 1, ""shoe"": 1}","[""6457"", ""6461"", ""6465""]",[],/workspace/scratch/728b0ed5ee28/analysis/public_fashion_data/raw/fashionpedia/annotations/instances_attributes_val2020.json
train,Fashionpedia,../fashion_data/raw/fashionpedia/images/test/6b4ee84a44b076120d58c0ebb74f313a.jpg,1,ADDITIONAL_RAW_TARGETS,5,4,"{""accessory"": 1, ""shoe"": 2, ""pants"": 1}","[""2774"", ""2776"", ""2777"", ""2781""]",[],/workspace/scratch/728b0ed5ee28/analysis/public_fashion_data/raw/fashionpedia/annotations/instances_attributes_val2020.json
train,Fashionpedia,../fashion_data/raw/fashionpedia/images/test/6b6582dc900f463d0fc31a95c3fbeb49.jpg,1,ADDITIONAL_RAW_TARGETS,8,7,"{""shoe"": 2, ""pants"": 1, ""accessory"": 2, ""top"": 1, ""outerwear"": 1}","[""6994"", ""6995"", ""6996"", ""6997"", ""7002"", ""7004"", ""7005""]",[],/workspace/scratch/728b0ed5ee28/analysis/public_fashion_data/raw/fashionpedia/annotations/instances_attributes_val2020.json
train,Fashionpedia,../fashion_data/raw/fashionpedia/images/test/6be62b6a8b3259257de85786c5fd4b76.jpg,1,ADDITIONAL_RAW_TARGETS,4,3,"{""top"": 1, ""skirt"": 1, ""shoe"": 1}","[""7605"", ""7607"", ""7608""]",[],/workspace/scratch/728b0ed5ee28/analysis/public_fashion_data/raw/fashionpedia/annotations/instances_attributes_val2020.json
train,Fashionpedia,../fashion_data/raw/fashionpedia/images/test/6beae9033a9244991b99ac04347ba917.jpg,1,ADDITIONAL_RAW_TARGETS,5,4,"{""top"": 1, ""shoe"": 2, ""accessory"": 1}","[""6429"", ""6431"", ""6432"", ""6435""]",[],/workspace/scratch/728b0ed5ee28/analysis/public_fashion_data/raw/fashionpedia/annotations/instances_attributes_val2020.json
train,Fashionpedia,../fashion_data/raw/fashionpedia/images/test/6c25f5b9177191c25b74f167d361e114.jpg,2,ADDITIONAL_RAW_TARGETS,7,5,"{""skirt"": 1, ""top"": 1, ""outerwear"": 1, ""shoe"": 2}","[""629"", ""630"", ""635"", ""638"", ""639""]",[],/workspace/scratch/728b0ed5ee28/analysis/public_fashion_data/raw/fashionpedia/annotations/instances_attributes_val2020.json
train,Fashionpedia,../fashion_data/raw/fashionpedia/images/test/6ca502fc807f6f8e19ea48f1d88452a7.jpg,1,ADDITIONAL_RAW_TARGETS,6,5,"{""top"": 1, ""accessory"": 1, ""pants"": 1, ""shoe"": 2}","[""7805"", ""7807"", ""7808"", ""7809"", ""7810""]",[],/workspace/scratch/728b0ed5ee28/analysis/public_fashion_data/raw/fashionpedia/annotations/instances_attributes_val2020.json
train,Fashionpedia,../fashion_data/raw/fashionpedia/images/test/6de0db96e14807a6824c20a3e4985fa9.jpg,1,ADDITIONAL_RAW_TARGETS,2,1,"{""dress"": 1}","[""243""]",[],/workspace/scratch/728b0ed5ee28/analysis/public_fashion_data/raw/fashionpedia/annotations/instances_attributes_val2020.json
train,Fashionpedia,../fashion_data/raw/fashionpedia/images/test/6eb416609af49947f1ef307d2ee14dbd.jpg,1,ADDITIONAL_RAW_TARGETS,2,1,"{""accessory"": 1}","[""2643""]",[],/workspace/scratch/728b0ed5ee28/analysis/public_fashion_data/raw/fashionpedia/annotations/instances_attributes_val2020.json
train,Fashionpedia,../fashion_data/raw/fashionpedia/images/test/6ff1187d58522da123a25c0e8354f29f.jpg,1,ADDITIONAL_RAW_TARGETS,4,3,"{""skirt"": 1, ""shoe"": 1, ""accessory"": 1}","[""1595"", ""1596"", ""1599""]",[],/workspace/scratch/728b0ed5ee28/analysis/public_fashion_data/raw/fashionpedia/annotations/instances_attributes_val2020.json
train,Fashionpedia,../fashion_data/raw/fashionpedia/images/test/72091ddbd23f86835c16053c1604b9e9.jpg,1,ADDITIONAL_RAW_TARGETS,7,6,"{""shoe"": 2, ""outerwear"": 1, ""accessory"": 3}","[""4061"", ""4062"", ""4064"", ""4067"", ""4068"", ""4070""]",[],/workspace/scratch/728b0ed5ee28/analysis/public_fashion_data/raw/fashionpedia/annotations/instances_attributes_val2020.json
train,Fashionpedia,../fashion_data/raw/fashionpedia/images/test/72a138c47a27759553ebb2b2c1a94707.jpg,1,ADDITIONAL_RAW_TARGETS,8,7,"{""pants"": 1, ""shoe"": 3, ""top"": 1, ""outerwear"": 1, ""accessory"": 1}","[""383"", ""384"", ""385"", ""386"", ""387"", ""394"", ""395""]",[],/workspace/scratch/728b0ed5ee28/analysis/public_fashion_data/raw/fashionpedia/annotations/instances_attributes_val2020.json
train,Fashionpedia,../fashion_data/raw/fashionpedia/images/test/73565a1d1eab156d8d17f9f481d7d54e.jpg,1,ADDITIONAL_RAW_TARGETS,5,4,"{""top"": 1, ""bag"": 1, ""shoe"": 2}","[""8492"", ""8498"", ""8499"", ""8500""]",[],/workspace/scratch/728b0ed5ee28/analysis/public_fashion_data/raw/fashionpedia/annotations/instances_attributes_val2020.json
train,Fashionpedia,../fashion_data/raw/fashionpedia/images/test/73b8457583eb2fc453caef8b8307bff9.jpg,1,COMPLETE_WITHIN_SCOPE,1,0,{},[],[],/workspace/scratch/728b0ed5ee28/analysis/public_fashion_data/raw/fashionpedia/annotations/instances_attributes_val2020.json
train,Fashionpedia,../fashion_data/raw/fashionpedia/images/test/73d2b7e13c0b34f9d0572b57ea56be63.jpg,1,ADDITIONAL_RAW_TARGETS,5,4,"{""shoe"": 2, ""pants"": 1, ""top"": 1}","[""3319"", ""3320"", ""3321"", ""3324""]",[],/workspace/scratch/728b0ed5ee28/analysis/public_fashion_data/raw/fashionpedia/annotations/instances_attributes_val2020.json
train,Fashionpedia,../fashion_data/raw/fashionpedia/images/test/75850809cabb412eb28ff5b9c732cc5e.jpg,1,ADDITIONAL_RAW_TARGETS,5,4,"{""pants"": 1, ""top"": 1, ""accessory"": 1, ""shoe"": 1}","[""6523"", ""6525"", ""6529"", ""6530""]",[],/workspace/scratch/728b0ed5ee28/analysis/public_fashion_data/raw/fashionpedia/annotations/instances_attributes_val2020.json
train,Fashionpedia,../fashion_data/raw/fashionpedia/images/test/75ec98a0e2afc332e276815266db0a4a.jpg,1,ADDITIONAL_RAW_TARGETS,6,5,"{""outerwear"": 1, ""pants"": 1, ""top"": 1, ""shoe"": 2}","[""1743"", ""1748"", ""1749"", ""1751"", ""1752""]",[],/workspace/scratch/728b0ed5ee28/analysis/public_fashion_data/raw/fashionpedia/annotations/instances_attributes_val2020.json
train,Fashionpedia,../fashion_data/raw/fashionpedia/images/test/768acaf9c9e2b1230016fa2924ce42aa.jpg,1,ADDITIONAL_RAW_TARGETS,3,2,"{""outerwear"": 1, ""accessory"": 1}","[""4164"", ""4167""]",[],/workspace/scratch/728b0ed5ee28/analysis/public_fashion_data/raw/fashionpedia/annotations/instances_attributes_val2020.json
train,Fashionpedia,../fashion_data/raw/fashionpedia/images/test/76fd87d84ee7cdffcb33e05d74bb663c.jpg,2,ADDITIONAL_RAW_TARGETS,5,3,"{""top"": 1, ""pants"": 1, ""shoe"": 1}","[""2579"", ""2580"", ""2582""]",[],/workspace/scratch/728b0ed5ee28/analysis/public_fashion_data/raw/fashionpedia/annotations/instances_attributes_val2020.json
train,Fashionpedia,../fashion_data/raw/fashionpedia/images/test/775c380cd79c0f3a3e34a41f89468022.jpg,1,ADDITIONAL_RAW_TARGETS,3,2,"{""accessory"": 1, ""top"": 1}","[""7832"", ""7833""]",[],/workspace/scratch/728b0ed5ee28/analysis/public_fashion_data/raw/fashionpedia/annotations/instances_attributes_val2020.json
train,Fashionpedia,../fashion_data/raw/fashionpedia/images/test/77e9eefca9b24d5d5b2ca7a43d1fc1ce.jpg,1,ADDITIONAL_RAW_TARGETS,5,4,"{""top"": 1, ""skirt"": 1, ""shoe"": 2}","[""166"", ""168"", ""170"", ""171""]",[],/workspace/scratch/728b0ed5ee28/analysis/public_fashion_data/raw/fashionpedia/annotations/instances_attributes_val2020.json
train,Fashionpedia,../fashion_data/raw/fashionpedia/images/test/7a2ef4e4f9ecd5180e2dac23764704b3.jpg,1,ADDITIONAL_RAW_TARGETS,6,5,"{""accessory"": 2, ""shoe"": 2, ""dress"": 1}","[""4828"", ""4829"", ""4830"", ""4831"", ""4834""]",[],/workspace/scratch/728b0ed5ee28/analysis/public_fashion_data/raw/fashionpedia/annotations/instances_attributes_val2020.json
train,Fashionpedia,../fashion_data/raw/fashionpedia/images/test/7a65f8ca901b6307715350452dff10b6.jpg,1,ADDITIONAL_RAW_TARGETS,4,3,"{""dress"": 1, ""shoe"": 2}","[""4908"", ""4911"", ""4912""]",[],/workspace/scratch/728b0ed5ee28/analysis/public_fashion_data/raw/fashionpedia/annotations/instances_attributes_val2020.json
train,Fashionpedia,../fashion_data/raw/fashionpedia/images/test/7b66a70eae5ccb7bf914f674b7153c5b.jpg,1,ADDITIONAL_RAW_TARGETS,2,1,"{""outerwear"": 1}","[""8069""]",[],/workspace/scratch/728b0ed5ee28/analysis/public_fashion_data/raw/fashionpedia/annotations/instances_attributes_val2020.json
train,Fashionpedia,../fashion_data/raw/fashionpedia/images/test/7be5e15df33ddfd91374e7f3236b0933.jpg,1,ADDITIONAL_RAW_TARGETS,7,6,"{""accessory"": 2, ""top"": 1, ""shoe"": 2, ""pants"": 1}","[""7726"", ""7727"", ""7732"", ""7733"", ""7734"", ""7735""]",[],/workspace/scratch/728b0ed5ee28/analysis/public_fashion_data/raw/fashionpedia/annotations/instances_attributes_val2020.json
train,Fashionpedia,../fashion_data/raw/fashionpedia/images/test/7c3c0cd188f831a4533f8aa2f5902b64.jpg,1,ADDITIONAL_RAW_TARGETS,3,2,"{""shoe"": 1, ""dress"": 1}","[""2228"", ""2229""]",[],/workspace/scratch/728b0ed5ee28/analysis/public_fashion_data/raw/fashionpedia/annotations/instances_attributes_val2020.json
train,Fashionpedia,../fashion_data/raw/fashionpedia/images/test/7e726464437432e79c18a5dba42562f8.jpg,1,ADDITIONAL_RAW_TARGETS,4,3,"{""outerwear"": 1, ""dress"": 1, ""shoe"": 1}","[""4204"", ""4205"", ""4207""]",[],/workspace/scratch/728b0ed5ee28/analysis/public_fashion_data/raw/fashionpedia/annotations/instances_attributes_val2020.json
train,Fashionpedia,../fashion_data/raw/fashionpedia/images/test/7f5cd5f13122b4bc95fe1a7bf0df56aa.jpg,1,ADDITIONAL_RAW_TARGETS,4,3,"{""outerwear"": 1, ""pants"": 1, ""top"": 1}","[""3551"", ""3552"", ""3554""]",[],/workspace/scratch/728b0ed5ee28/analysis/public_fashion_data/raw/fashionpedia/annotations/instances_attributes_val2020.json
train,Fashionpedia,../fashion_data/raw/fashionpedia/images/test/7f9007ed8484e01e26dee5e2e7a633bf.jpg,1,ADDITIONAL_RAW_TARGETS,5,4,"{""dress"": 1, ""accessory"": 1, ""shoe"": 2}","[""8706"", ""8707"", ""8710"", ""8711""]",[],/workspace/scratch/728b0ed5ee28/analysis/public_fashion_data/raw/fashionpedia/annotations/instances_attributes_val2020.json
train,Fashionpedia,../fashion_data/raw/fashionpedia/images/test/8013b694ce0185715887693a5728c3aa.jpg,1,COMPLETE_WITHIN_SCOPE,1,0,{},[],[],/workspace/scratch/728b0ed5ee28/analysis/public_fashion_data/raw/fashionpedia/annotations/instances_attributes_val2020.json
train,Fashionpedia,../fashion_data/raw/fashionpedia/images/test/80206b9ade4e359369a5b9c6bbdf4321.jpg,1,ADDITIONAL_RAW_TARGETS,6,5,"{""shoe"": 1, ""accessory"": 2, ""skirt"": 1, ""top"": 1}","[""8327"", ""8329"", ""8330"", ""8331"", ""8334""]",[],/workspace/scratch/728b0ed5ee28/analysis/public_fashion_data/raw/fashionpedia/annotations/instances_attributes_val2020.json
train,Fashionpedia,../fashion_data/raw/fashionpedia/images/test/809906ce0fd1e001d613c9b13e7e8a4e.jpg,1,ADDITIONAL_RAW_TARGETS,6,5,"{""pants"": 1, ""outerwear"": 1, ""accessory"": 3}","[""9118"", ""9124"", ""9126"", ""9127"", ""9128""]",[],/workspace/scratch/728b0ed5ee28/analysis/public_fashion_data/raw/fashionpedia/annotations/instances_attributes_val2020.json
train,Fashionpedia,../fashion_data/raw/fashionpedia/images/test/80b493e0dccaca4fcb11fe5d81c47e83.jpg,1,ADDITIONAL_RAW_TARGETS,9,8,"{""dress"": 1, ""outerwear"": 1, ""pants"": 1, ""bag"": 1, ""accessory"": 2, ""shoe"": 2}","[""4983"", ""4986"", ""4987"", ""4988"", ""4990"", ""4991"", ""4992"", ""4993""]",[],/workspace/scratch/728b0ed5ee28/analysis/public_fashion_data/raw/fashionpedia/annotations/instances_attributes_val2020.json
train,Fashionpedia,../fashion_data/raw/fashionpedia/images/test/81d5078514e93327f0ef0461be35faa6.jpg,1,ADDITIONAL_RAW_TARGETS,7,6,"{""shoe"": 2, ""pants"": 1, ""outerwear"": 1, ""top"": 1, ""accessory"": 1}","[""6871"", ""6872"", ""6873"", ""6874"", ""6879"", ""6880""]",[],/workspace/scratch/728b0ed5ee28/analysis/public_fashion_data/raw/fashionpedia/annotations/instances_attributes_val2020.json
train,Fashionpedia,../fashion_data/raw/fashionpedia/images/test/82d90f72c9745665b559a423f5e4e101.jpg,1,ADDITIONAL_RAW_TARGETS,6,5,"{""accessory"": 1, ""top"": 1, ""pants"": 1, ""bag"": 1, ""shoe"": 1}","[""5123"", ""5124"", ""5125"", ""5126"", ""5128""]",[],/workspace/scratch/728b0ed5ee28/analysis/public_fashion_data/raw/fashionpedia/annotations/instances_attributes_val2020.json
train,Fashionpedia,../fashion_data/raw/fashionpedia/images/test/843bd5d77fbfebe568d2f99893455190.jpg,1,ADDITIONAL_RAW_TARGETS,2,1,"{""top"": 1}","[""4445""]",[],/workspace/scratch/728b0ed5ee28/analysis/public_fashion_data/raw/fashionpedia/annotations/instances_attributes_val2020.json
train,Fashionpedia,../fashion_data/raw/fashionpedia/images/test/845197179e9ea35e1dd58144a1e03f36.jpg,1,ADDITIONAL_RAW_TARGETS,2,1,"{""dress"": 1}","[""2594""]",[],/workspace/scratch/728b0ed5ee28/analysis/public_fashion_data/raw/fashionpedia/annotations/instances_attributes_val2020.json
train,Fashionpedia,../fashion_data/raw/fashionpedia/images/test/84a4f4463d6e730c24bc14c5db844e0f.jpg,1,ADDITIONAL_RAW_TARGETS,8,7,"{""skirt"": 1, ""accessory"": 2, ""shoe"": 2, ""outerwear"": 1, ""top"": 1}","[""404"", ""405"", ""406"", ""407"", ""408"", ""409"", ""412""]",[],/workspace/scratch/728b0ed5ee28/analysis/public_fashion_data/raw/fashionpedia/annotations/instances_attributes_val2020.json
train,Fashionpedia,../fashion_data/raw/fashionpedia/images/test/84cb2045d51adaff87124e9dfb703c46.jpg,1,ADDITIONAL_RAW_TARGETS,7,6,"{""top"": 1, ""shoe"": 2, ""pants"": 1, ""accessory"": 1, ""outerwear"": 1}","[""7968"", ""7969"", ""7970"", ""7972"", ""7976"", ""7977""]",[],/workspace/scratch/728b0ed5ee28/analysis/public_fashion_data/raw/fashionpedia/annotations/instances_attributes_val2020.json
train,Fashionpedia,../fashion_data/raw/fashionpedia/images/test/84fae07c92d39a7347fadf145330f4bc.jpg,1,ADDITIONAL_RAW_TARGETS,6,5,"{""top"": 1, ""skirt"": 1, ""shoe"": 2, ""accessory"": 1}","[""4417"", ""4419"", ""4421"", ""4422"", ""4423""]",[],/workspace/scratch/728b0ed5ee28/analysis/public_fashion_data/raw/fashionpedia/annotations/instances_attributes_val2020.json
train,Fashionpedia,../fashion_data/raw/fashionpedia/images/test/8552ba7fcd321cb2677612ae5cab94c3.jpg,1,ADDITIONAL_RAW_TARGETS,4,3,"{""top"": 1, ""shoe"": 2}","[""7377"", ""7380"", ""7381""]",[],/workspace/scratch/728b0ed5ee28/analysis/public_fashion_data/raw/fashionpedia/annotations/instances_attributes_val2020.json
train,Fashionpedia,../fashion_data/raw/fashionpedia/images/test/858f141535ac0b2aeef9278577da78b6.jpg,1,ADDITIONAL_RAW_TARGETS,6,5,"{""shoe"": 1, ""pants"": 1, ""bag"": 1, ""top"": 1, ""outerwear"": 1}","[""7453"", ""7455"", ""7456"", ""7458"", ""7459""]",[],/workspace/scratch/728b0ed5ee28/analysis/public_fashion_data/raw/fashionpedia/annotations/instances_attributes_val2020.json
train,Fashionpedia,../fashion_data/raw/fashionpedia/images/test/85aa83033214755fefff61b7615c7a48.jpg,1,ADDITIONAL_RAW_TARGETS,6,5,"{""dress"": 1, ""shoe"": 1, ""accessory"": 3}","[""846"", ""847"", ""848"", ""849"", ""851""]",[],/workspace/scratch/728b0ed5ee28/analysis/public_fashion_data/raw/fashionpedia/annotations/instances_attributes_val2020.json
train,Fashionpedia,../fashion_data/raw/fashionpedia/images/test/86184f05dab0caa5e96ab1db699e91e7.jpg,1,ADDITIONAL_RAW_TARGETS,4,3,"{""top"": 1, ""pants"": 1, ""shoe"": 1}","[""1338"", ""1340"", ""1342""]",[],/workspace/scratch/728b0ed5ee28/analysis/public_fashion_data/raw/fashionpedia/annotations/instances_attributes_val2020.json
train,Fashionpedia,../fashion_data/raw/fashionpedia/images/test/86f139c6fe14c64090091230a78862fd.jpg,1,ADDITIONAL_RAW_TARGETS,4,3,"{""top"": 1, ""shoe"": 2}","[""8804"", ""8808"", ""8809""]",[],/workspace/scratch/728b0ed5ee28/analysis/public_fashion_data/raw/fashionpedia/annotations/instances_attributes_val2020.json
train,Fashionpedia,../fashion_data/raw/fashionpedia/images/test/871b1533f5ecd9f4de3d7942ab3dfcc1.jpg,1,ADDITIONAL_RAW_TARGETS,2,1,"{""outerwear"": 1}","[""8728""]",[],/workspace/scratch/728b0ed5ee28/analysis/public_fashion_data/raw/fashionpedia/annotations/instances_attributes_val2020.json
train,Fashionpedia,../fashion_data/raw/fashionpedia/images/test/88383c53ef2404f1596e41e45ebe5ddd.jpg,1,ADDITIONAL_RAW_TARGETS,5,4,"{""shoe"": 2, ""accessory"": 2}","[""1582"", ""1583"", ""1584"", ""1585""]",[],/workspace/scratch/728b0ed5ee28/analysis/public_fashion_data/raw/fashionpedia/annotations/instances_attributes_val2020.json
train,Fashionpedia,../fashion_data/raw/fashionpedia/images/test/88594d2c3e6bc16310571a20f9e13791.jpg,1,COMPLETE_WITHIN_SCOPE,1,0,{},[],[],/workspace/scratch/728b0ed5ee28/analysis/public_fashion_data/raw/fashionpedia/annotations/instances_attributes_val2020.json
train,Fashionpedia,../fashion_data/raw/fashionpedia/images/test/88baae46c4883251a3430a88966aca9a.jpg,1,ADDITIONAL_RAW_TARGETS,5,4,"{""shoe"": 1, ""skirt"": 1, ""top"": 1, ""accessory"": 1}","[""2389"", ""2391"", ""2392"", ""2394""]",[],/workspace/scratch/728b0ed5ee28/analysis/public_fashion_data/raw/fashionpedia/annotations/instances_attributes_val2020.json
train,Fashionpedia,../fashion_data/raw/fashionpedia/images/test/8afcffb4c50974318288681ea6c1b5a8.jpg,1,ADDITIONAL_RAW_TARGETS,4,3,"{""top"": 1, ""shoe"": 2}","[""6058"", ""6059"", ""6060""]",[],/workspace/scratch/728b0ed5ee28/analysis/public_fashion_data/raw/fashionpedia/annotations/instances_attributes_val2020.json
train,Fashionpedia,../fashion_data/raw/fashionpedia/images/test/8be355cc27de8de90e70100fd6d9c242.jpg,1,ADDITIONAL_RAW_TARGETS,3,2,"{""shoe"": 2}","[""4557"", ""4558""]",[],/workspace/scratch/728b0ed5ee28/analysis/public_fashion_data/raw/fashionpedia/annotations/instances_attributes_val2020.json
train,Fashionpedia,../fashion_data/raw/fashionpedia/images/test/8cca49fbcf6adea78b6fe875c06edf48.jpg,1,ADDITIONAL_RAW_TARGETS,6,5,"{""shoe"": 1, ""accessory"": 2, ""dress"": 1, ""outerwear"": 1}","[""1971"", ""1972"", ""1973"", ""1974"", ""1976""]",[],/workspace/scratch/728b0ed5ee28/analysis/public_fashion_data/raw/fashionpedia/annotations/instances_attributes_val2020.json
train,Fashionpedia,../fashion_data/raw/fashionpedia/images/test/8d6cc2330f9c370096ac3f33147b2b83.jpg,1,ADDITIONAL_RAW_TARGETS,2,1,"{""dress"": 1}","[""945""]",[],/workspace/scratch/728b0ed5ee28/analysis/public_fashion_data/raw/fashionpedia/annotations/instances_attributes_val2020.json
train,Fashionpedia,../fashion_data/raw/fashionpedia/images/test/8d81e4ca92e63119e1ed5dacdddc0430.jpg,1,COMPLETE_WITHIN_SCOPE,1,0,{},[],[],/workspace/scratch/728b0ed5ee28/analysis/public_fashion_data/raw/fashionpedia/annotations/instances_attributes_val2020.json
train,Fashionpedia,../fashion_data/raw/fashionpedia/images/test/8dd3fc43988364a48cd559387c10e029.jpg,1,ADDITIONAL_RAW_TARGETS,6,5,"{""top"": 2, ""skirt"": 1, ""accessory"": 1, ""shoe"": 1}","[""1159"", ""1161"", ""1162"", ""1164"", ""1165""]",[],/workspace/scratch/728b0ed5ee28/analysis/public_fashion_data/raw/fashionpedia/annotations/instances_attributes_val2020.json
train,Fashionpedia,../fashion_data/raw/fashionpedia/images/test/8e3d327c799e1a524cd9691b42964efa.jpg,1,ADDITIONAL_RAW_TARGETS,6,5,"{""accessory"": 1, ""top"": 1, ""pants"": 1, ""shoe"": 2}","[""9283"", ""9285"", ""9286"", ""9288"", ""9289""]",[],/workspace/scratch/728b0ed5ee28/analysis/public_fashion_data/raw/fashionpedia/annotations/instances_attributes_val2020.json
train,Fashionpedia,../fashion_data/raw/fashionpedia/images/test/8e87687c1064403a1cd1500b516a7ad8.jpg,1,ADDITIONAL_RAW_TARGETS,2,1,"{""outerwear"": 1}","[""4240""]",[],/workspace/scratch/728b0ed5ee28/analysis/public_fashion_data/raw/fashionpedia/annotations/instances_attributes_val2020.json
train,Fashionpedia,../fashion_data/raw/fashionpedia/images/test/8f691c0c5426690c44b91691db150c9c.jpg,2,ADDITIONAL_RAW_TARGETS,4,2,"{""top"": 1, ""skirt"": 1}","[""481"", ""483""]",[],/workspace/scratch/728b0ed5ee28/analysis/public_fashion_data/raw/fashionpedia/annotations/instances_attributes_val2020.json
train,Fashionpedia,../fashion_data/raw/fashionpedia/images/test/9078e17f7b8381d1600608b588ccbd45.jpg,1,ADDITIONAL_RAW_TARGETS,5,4,"{""dress"": 1, ""accessory"": 2, ""shoe"": 1}","[""2986"", ""2988"", ""2989"", ""2990""]",[],/workspace/scratch/728b0ed5ee28/analysis/public_fashion_data/raw/fashionpedia/annotations/instances_attributes_val2020.json
train,Fashionpedia,../fashion_data/raw/fashionpedia/images/test/9085ccba6fd779e3d5fffc61deda567e.jpg,1,ADDITIONAL_RAW_TARGETS,5,4,"{""top"": 1, ""accessory"": 1, ""shoe"": 2}","[""4632"", ""4635"", ""4636"", ""4637""]",[],/workspace/scratch/728b0ed5ee28/analysis/public_fashion_data/raw/fashionpedia/annotations/instances_attributes_val2020.json
train,Fashionpedia,../fashion_data/raw/fashionpedia/images/test/90e29b1a604c8046f96b0a52e2cc7399.jpg,1,ADDITIONAL_RAW_TARGETS,4,3,"{""shoe"": 2, ""outerwear"": 1}","[""1880"", ""1881"", ""1886""]",[],/workspace/scratch/728b0ed5ee28/analysis/public_fashion_data/raw/fashionpedia/annotations/instances_attributes_val2020.json
train,Fashionpedia,../fashion_data/raw/fashionpedia/images/test/90ffd404d1eb433fc6bb4065d9c96a37.jpg,1,ADDITIONAL_RAW_TARGETS,2,1,"{""dress"": 1}","[""2365""]",[],/workspace/scratch/728b0ed5ee28/analysis/public_fashion_data/raw/fashionpedia/annotations/instances_attributes_val2020.json
train,Fashionpedia,../fashion_data/raw/fashionpedia/images/test/9171c0d10e43e4b5987a705e552568d7.jpg,1,ADDITIONAL_RAW_TARGETS,4,3,"{""top"": 1, ""shoe"": 2}","[""8432"", ""8433"", ""8434""]",[],/workspace/scratch/728b0ed5ee28/analysis/public_fashion_data/raw/fashionpedia/annotations/instances_attributes_val2020.json
train,Fashionpedia,../fashion_data/raw/fashionpedia/images/test/91eeab2f8925619cbcaae92a12d83bc8.jpg,1,ADDITIONAL_RAW_TARGETS,5,4,"{""accessory"": 1, ""shoe"": 3}","[""5254"", ""5258"", ""5259"", ""5260""]",[],/workspace/scratch/728b0ed5ee28/analysis/public_fashion_data/raw/fashionpedia/annotations/instances_attributes_val2020.json
train,Fashionpedia,../fashion_data/raw/fashionpedia/images/test/926e547ae973c4ff47a63ac941fe6be1.jpg,1,ADDITIONAL_RAW_TARGETS,4,3,"{""shoe"": 2, ""dress"": 1}","[""1438"", ""1439"", ""1440""]",[],/workspace/scratch/728b0ed5ee28/analysis/public_fashion_data/raw/fashionpedia/annotations/instances_attributes_val2020.json
train,Fashionpedia,../fashion_data/raw/fashionpedia/images/test/94351b1b66b1e37756eef9206883dd83.jpg,1,ADDITIONAL_RAW_TARGETS,4,3,"{""pants"": 1, ""top"": 1, ""accessory"": 1}","[""1957"", ""1958"", ""1960""]",[],/workspace/scratch/728b0ed5ee28/analysis/public_fashion_data/raw/fashionpedia/annotations/instances_attributes_val2020.json
train,Fashionpedia,../fashion_data/raw/fashionpedia/images/test/9466c1ebff0cc438549ceae3e46a14f5.jpg,1,ADDITIONAL_RAW_TARGETS,5,4,"{""top"": 1, ""accessory"": 2, ""outerwear"": 1}","[""126"", ""129"", ""131"", ""134""]",[],/workspace/scratch/728b0ed5ee28/analysis/public_fashion_data/raw/fashionpedia/annotations/instances_attributes_val2020.json
train,Fashionpedia,../fashion_data/raw/fashionpedia/images/test/947b6ea8d5e30914a55992708fbf5b99.jpg,1,ADDITIONAL_RAW_TARGETS,3,2,"{""dress"": 1, ""shoe"": 1}","[""7757"", ""7760""]",[],/workspace/scratch/728b0ed5ee28/analysis/public_fashion_data/raw/fashionpedia/annotations/instances_attributes_val2020.json
train,Fashionpedia,../fashion_data/raw/fashionpedia/images/test/947ce93a6f64f79c5c29ef8e80abfe7b.jpg,1,ADDITIONAL_RAW_TARGETS,5,4,"{""shoe"": 2, ""top"": 2}","[""7771"", ""7772"", ""7774"", ""7776""]",[],/workspace/scratch/728b0ed5ee28/analysis/public_fashion_data/raw/fashionpedia/annotations/instances_attributes_val2020.json
train,Fashionpedia,../fashion_data/raw/fashionpedia/images/test/95bca399ad3d4296c61863dadc45c82e.jpg,1,ADDITIONAL_RAW_TARGETS,2,1,"{""top"": 1}","[""9147""]",[],/workspace/scratch/728b0ed5ee28/analysis/public_fashion_data/raw/fashionpedia/annotations/instances_attributes_val2020.json
train,Fashionpedia,../fashion_data/raw/fashionpedia/images/test/963999a4ce820148817057ade3cc956d.jpg,1,ADDITIONAL_RAW_TARGETS,6,5,"{""shoe"": 1, ""skirt"": 1, ""accessory"": 1, ""top"": 1, ""bag"": 1}","[""9099"", ""9100"", ""9101"", ""9103"", ""9107""]",[],/workspace/scratch/728b0ed5ee28/analysis/public_fashion_data/raw/fashionpedia/annotations/instances_attributes_val2020.json
train,Fashionpedia,../fashion_data/raw/fashionpedia/images/test/9737a08c0d581734111e8d0d60a8d6ec.jpg,2,ADDITIONAL_RAW_TARGETS,6,4,"{""dress"": 1, ""accessory"": 2, ""shoe"": 1}","[""5583"", ""5584"", ""5585"", ""5587""]",[],/workspace/scratch/728b0ed5ee28/analysis/public_fashion_data/raw/fashionpedia/annotations/instances_attributes_val2020.json
train,Fashionpedia,../fashion_data/raw/fashionpedia/images/test/9797ab044e643d98dce52db59e6625f7.jpg,1,ADDITIONAL_RAW_TARGETS,4,3,"{""top"": 1, ""pants"": 1, ""shoe"": 1}","[""641"", ""646"", ""648""]",[],/workspace/scratch/728b0ed5ee28/analysis/public_fashion_data/raw/fashionpedia/annotations/instances_attributes_val2020.json
train,Fashionpedia,../fashion_data/raw/fashionpedia/images/test/97cb9ef6e3eb1e4870201eb60ea875ac.jpg,2,ADDITIONAL_RAW_TARGETS,7,5,"{""shoe"": 1, ""accessory"": 1, ""pants"": 1, ""top"": 1, ""outerwear"": 1}","[""7387"", ""7389"", ""7391"", ""7392"", ""7401""]",[],/workspace/scratch/728b0ed5ee28/analysis/public_fashion_data/raw/fashionpedia/annotations/instances_attributes_val2020.json
train,Fashionpedia,../fashion_data/raw/fashionpedia/images/test/97d77f8581dbbd6534ffd92e382b0700.jpg,1,ADDITIONAL_RAW_TARGETS,7,6,"{""accessory"": 2, ""top"": 1, ""pants"": 1, ""shoe"": 2}","[""6356"", ""6360"", ""6362"", ""6364"", ""6365"", ""6366""]",[],/workspace/scratch/728b0ed5ee28/analysis/public_fashion_data/raw/fashionpedia/annotations/instances_attributes_val2020.json
train,Fashionpedia,../fashion_data/raw/fashionpedia/images/test/99182c4ad8ec61c657126e02fb09524b.jpg,1,ADDITIONAL_RAW_TARGETS,4,3,"{""shoe"": 2, ""dress"": 1}","[""6163"", ""6164"", ""6165""]",[],/workspace/scratch/728b0ed5ee28/analysis/public_fashion_data/raw/fashionpedia/annotations/instances_attributes_val2020.json
train,Fashionpedia,../fashion_data/raw/fashionpedia/images/test/9947f3f56aa4fab3b07bca98b09d7bfe.jpg,1,ADDITIONAL_RAW_TARGETS,5,4,"{""top"": 2, ""pants"": 1, ""shoe"": 1}","[""1681"", ""1683"", ""1689"", ""1692""]",[],/workspace/scratch/728b0ed5ee28/analysis/public_fashion_data/raw/fashionpedia/annotations/instances_attributes_val2020.json
train,Fashionpedia,../fashion_data/raw/fashionpedia/images/test/99601fa457d157b81154d089966c2e3a.jpg,1,ADDITIONAL_RAW_TARGETS,6,5,"{""outerwear"": 1, ""accessory"": 3, ""bag"": 1}","[""2"", ""3"", ""5"", ""7"", ""9""]",[],/workspace/scratch/728b0ed5ee28/analysis/public_fashion_data/raw/fashionpedia/annotations/instances_attributes_val2020.json
train,Fashionpedia,../fashion_data/raw/fashionpedia/images/test/9a886a145d0a9f81b15e79666a5c51b1.jpg,1,ADDITIONAL_RAW_TARGETS,3,2,"{""accessory"": 1, ""dress"": 1}","[""8103"", ""8106""]",[],/workspace/scratch/728b0ed5ee28/analysis/public_fashion_data/raw/fashionpedia/annotations/instances_attributes_val2020.json
train,Fashionpedia,../fashion_data/raw/fashionpedia/images/test/9ac4f47132fe867a5bef9e999fe562fd.jpg,1,ADDITIONAL_RAW_TARGETS,2,1,"{""pants"": 1}","[""1419""]",[],/workspace/scratch/728b0ed5ee28/analysis/public_fashion_data/raw/fashionpedia/annotations/instances_attributes_val2020.json
train,Fashionpedia,../fashion_data/raw/fashionpedia/images/test/9ad7fa911ef3602db892724c8cd679ee.jpg,1,ADDITIONAL_RAW_TARGETS,5,4,"{""dress"": 1, ""accessory"": 2, ""shoe"": 1}","[""5305"", ""5306"", ""5307"", ""5308""]",[],/workspace/scratch/728b0ed5ee28/analysis/public_fashion_data/raw/fashionpedia/annotations/instances_attributes_val2020.json
train,Fashionpedia,../fashion_data/raw/fashionpedia/images/test/9be97731b91f50cb1fabfa8d6d1bf441.jpg,1,ADDITIONAL_RAW_TARGETS,7,6,"{""top"": 1, ""accessory"": 2, ""pants"": 1, ""shoe"": 2}","[""3866"", ""3868"", ""3869"", ""3871"", ""3872"", ""3873""]",[],/workspace/scratch/728b0ed5ee28/analysis/public_fashion_data/raw/fashionpedia/annotations/instances_attributes_val2020.json
train,Fashionpedia,../fashion_data/raw/fashionpedia/images/test/9c2944165b3d4390a3aa62dc0a07fe7e.jpg,1,ADDITIONAL_RAW_TARGETS,5,4,"{""top"": 1, ""pants"": 1, ""accessory"": 1, ""shoe"": 1}","[""6594"", ""6595"", ""6596"", ""6598""]",[],/workspace/scratch/728b0ed5ee28/analysis/public_fashion_data/raw/fashionpedia/annotations/instances_attributes_val2020.json
train,Fashionpedia,../fashion_data/raw/fashionpedia/images/test/9ce7b758976ec102f8c3ec502e523969.jpg,1,ADDITIONAL_RAW_TARGETS,5,4,"{""shoe"": 1, ""outerwear"": 1, ""dress"": 1, ""accessory"": 1}","[""6012"", ""6015"", ""6016"", ""6018""]",[],/workspace/scratch/728b0ed5ee28/analysis/public_fashion_data/raw/fashionpedia/annotations/instances_attributes_val2020.json
train,Fashionpedia,../fashion_data/raw/fashionpedia/images/test/9dd731f00f648ab2ce0f52747e26f539.jpg,1,ADDITIONAL_RAW_TARGETS,6,5,"{""shoe"": 2, ""dress"": 1, ""top"": 1, ""accessory"": 1}","[""5358"", ""5359"", ""5360"", ""5362"", ""5365""]",[],/workspace/scratch/728b0ed5ee28/analysis/public_fashion_data/raw/fashionpedia/annotations/instances_attributes_val2020.json
train,Fashionpedia,../fashion_data/raw/fashionpedia/images/test/9e35bff1f530e353ce2844823e27fe28.jpg,1,ADDITIONAL_RAW_TARGETS,4,3,"{""accessory"": 1, ""dress"": 1, ""shoe"": 1}","[""1010"", ""1011"", ""1016""]",[],/workspace/scratch/728b0ed5ee28/analysis/public_fashion_data/raw/fashionpedia/annotations/instances_attributes_val2020.json
train,Fashionpedia,../fashion_data/raw/fashionpedia/images/test/9f2b43ca80f1efb145dc87cb63efbb85.jpg,1,ADDITIONAL_RAW_TARGETS,2,1,"{""top"": 1}","[""3485""]",[],/workspace/scratch/728b0ed5ee28/analysis/public_fashion_data/raw/fashionpedia/annotations/instances_attributes_val2020.json
train,Fashionpedia,../fashion_data/raw/fashionpedia/images/test/9f6a012fdb962c60a7f95bb7472a3c6c.jpg,1,ADDITIONAL_RAW_TARGETS,4,3,"{""shoe"": 2, ""top"": 1}","[""4563"", ""4564"", ""4569""]",[],/workspace/scratch/728b0ed5ee28/analysis/public_fashion_data/raw/fashionpedia/annotations/instances_attributes_val2020.json
train,Fashionpedia,../fashion_data/raw/fashionpedia/images/test/9f8e805a62be868379e13cfa24658106.jpg,1,ADDITIONAL_RAW_TARGETS,5,4,"{""shoe"": 2, ""pants"": 1, ""outerwear"": 1}","[""3260"", ""3261"", ""3262"", ""3266""]",[],/workspace/scratch/728b0ed5ee28/analysis/public_fashion_data/raw/fashionpedia/annotations/instances_attributes_val2020.json
train,Fashionpedia,../fashion_data/raw/fashionpedia/images/test/a1678fa388b815b80f71ac94878eef47.jpg,1,ADDITIONAL_RAW_TARGETS,7,6,"{""top"": 2, ""skirt"": 1, ""accessory"": 2, ""shoe"": 1}","[""8777"", ""8778"", ""8782"", ""8783"", ""8785"", ""8786""]",[],/workspace/scratch/728b0ed5ee28/analysis/public_fashion_data/raw/fashionpedia/annotations/instances_attributes_val2020.json
train,Fashionpedia,../fashion_data/raw/fashionpedia/images/test/a2d2041ec86da596439a8fd74575ce0b.jpg,1,ADDITIONAL_RAW_TARGETS,5,4,"{""top"": 1, ""pants"": 1, ""shoe"": 2}","[""5769"", ""5770"", ""5775"", ""5776""]",[],/workspace/scratch/728b0ed5ee28/analysis/public_fashion_data/raw/fashionpedia/annotations/instances_attributes_val2020.json
train,Fashionpedia,../fashion_data/raw/fashionpedia/images/test/a2f2fb31d3d5ee496df28eb7c43304da.jpg,1,ADDITIONAL_RAW_TARGETS,5,4,"{""top"": 1, ""pants"": 1, ""shoe"": 2}","[""218"", ""219"", ""221"", ""222""]",[],/workspace/scratch/728b0ed5ee28/analysis/public_fashion_data/raw/fashionpedia/annotations/instances_attributes_val2020.json
train,Fashionpedia,../fashion_data/raw/fashionpedia/images/test/a38445479f8dcc4074a291d8eb99e97a.jpg,1,ADDITIONAL_RAW_TARGETS,4,3,"{""dress"": 1, ""shoe"": 2}","[""2234"", ""2236"", ""2237""]",[],/workspace/scratch/728b0ed5ee28/analysis/public_fashion_data/raw/fashionpedia/annotations/instances_attributes_val2020.json
train,Fashionpedia,../fashion_data/raw/fashionpedia/images/test/a3f881917b1e3e8875dfe97f9ae98bee.jpg,1,ADDITIONAL_RAW_TARGETS,4,3,"{""accessory"": 1, ""top"": 1, ""bag"": 1}","[""1913"", ""1914"", ""1918""]",[],/workspace/scratch/728b0ed5ee28/analysis/public_fashion_data/raw/fashionpedia/annotations/instances_attributes_val2020.json
train,Fashionpedia,../fashion_data/raw/fashionpedia/images/test/a419c030ecf1f588302b7db62ee2bb21.jpg,1,ADDITIONAL_RAW_TARGETS,6,5,"{""top"": 1, ""pants"": 1, ""accessory"": 2, ""shoe"": 1}","[""1484"", ""1485"", ""1486"", ""1487"", ""1489""]",[],/workspace/scratch/728b0ed5ee28/analysis/public_fashion_data/raw/fashionpedia/annotations/instances_attributes_val2020.json
train,Fashionpedia,../fashion_data/raw/fashionpedia/images/test/a4f806e6b45ed0ac339db298ee287b44.jpg,1,ADDITIONAL_RAW_TARGETS,5,4,"{""dress"": 1, ""bag"": 1, ""shoe"": 2}","[""4093"", ""4094"", ""4095"", ""4096""]",[],/workspace/scratch/728b0ed5ee28/analysis/public_fashion_data/raw/fashionpedia/annotations/instances_attributes_val2020.json
train,Fashionpedia,../fashion_data/raw/fashionpedia/images/test/a4f8de55929c1ccdfa38c3091f9ea800.jpg,1,ADDITIONAL_RAW_TARGETS,5,4,"{""shoe"": 2, ""top"": 1, ""pants"": 1}","[""6349"", ""6353"", ""6354"", ""6355""]",[],/workspace/scratch/728b0ed5ee28/analysis/public_fashion_data/raw/fashionpedia/annotations/instances_attributes_val2020.json
train,Fashionpedia,../fashion_data/raw/fashionpedia/images/test/a6507cc61e40a08435a5a210450a47c1.jpg,1,ADDITIONAL_RAW_TARGETS,7,6,"{""shoe"": 1, ""accessory"": 2, ""pants"": 1, ""top"": 1, ""outerwear"": 1}","[""3285"", ""3286"", ""3287"", ""3288"", ""3289"", ""3293""]",[],/workspace/scratch/728b0ed5ee28/analysis/public_fashion_data/raw/fashionpedia/annotations/instances_attributes_val2020.json
train,Fashionpedia,../fashion_data/raw/fashionpedia/images/test/a8741d59e6609bfc5f6abfa00fd6b431.jpg,1,ADDITIONAL_RAW_TARGETS,4,3,"{""skirt"": 1, ""outerwear"": 1, ""accessory"": 1}","[""8053"", ""8054"", ""8058""]",[],/workspace/scratch/728b0ed5ee28/analysis/public_fashion_data/raw/fashionpedia/annotations/instances_attributes_val2020.json
train,Fashionpedia,../fashion_data/raw/fashionpedia/images/test/a89e8cd2564a7e5050c8aa5c5c24c18d.jpg,1,ADDITIONAL_RAW_TARGETS,7,6,"{""shoe"": 2, ""pants"": 1, ""top"": 1, ""outerwear"": 1, ""accessory"": 1}","[""2601"", ""2602"", ""2603"", ""2604"", ""2606"", ""2612""]",[],/workspace/scratch/728b0ed5ee28/analysis/public_fashion_data/raw/fashionpedia/annotations/instances_attributes_val2020.json
train,Fashionpedia,../fashion_data/raw/fashionpedia/images/test/a9004798c12909fa5899900577bb45a2.jpg,1,ADDITIONAL_RAW_TARGETS,3,2,"{""shoe"": 2}","[""1285"", ""1286""]",[],/workspace/scratch/728b0ed5ee28/analysis/public_fashion_data/raw/fashionpedia/annotations/instances_attributes_val2020.json
train,Fashionpedia,../fashion_data/raw/fashionpedia/images/test/a9241e7a983feabc10d4c1e548e9b286.jpg,1,ADDITIONAL_RAW_TARGETS,4,3,"{""shoe"": 2, ""top"": 1}","[""8441"", ""8442"", ""8447""]",[],/workspace/scratch/728b0ed5ee28/analysis/public_fashion_data/raw/fashionpedia/annotations/instances_attributes_val2020.json
train,Fashionpedia,../fashion_data/raw/fashionpedia/images/test/a92c830ce1c63bd3db9624337ce94c0a.jpg,1,ADDITIONAL_RAW_TARGETS,3,2,"{""shoe"": 2}","[""7141"", ""7142""]",[],/workspace/scratch/728b0ed5ee28/analysis/public_fashion_data/raw/fashionpedia/annotations/instances_attributes_val2020.json
train,Fashionpedia,../fashion_data/raw/fashionpedia/images/test/a93069c5bcf17729bce9cab2513a3f67.jpg,1,ADDITIONAL_RAW_TARGETS,5,4,"{""shoe"": 2, ""pants"": 1, ""top"": 1}","[""4249"", ""4250"", ""4252"", ""4255""]",[],/workspace/scratch/728b0ed5ee28/analysis/public_fashion_data/raw/fashionpedia/annotations/instances_attributes_val2020.json
train,Fashionpedia,../fashion_data/raw/fashionpedia/images/test/a9718c7da26a2118ce906a8561d79997.jpg,1,ADDITIONAL_RAW_TARGETS,5,4,"{""top"": 1, ""dress"": 1, ""accessory"": 1, ""shoe"": 1}","[""8858"", ""8860"", ""8878"", ""8880""]",[],/workspace/scratch/728b0ed5ee28/analysis/public_fashion_data/raw/fashionpedia/annotations/instances_attributes_val2020.json
train,Fashionpedia,../fashion_data/raw/fashionpedia/images/test/a99f0561c41b1b00721572e7b3ec9c38.jpg,1,ADDITIONAL_RAW_TARGETS,5,4,"{""dress"": 1, ""accessory"": 1, ""shoe"": 2}","[""3924"", ""3930"", ""3931"", ""3932""]",[],/workspace/scratch/728b0ed5ee28/analysis/public_fashion_data/raw/fashionpedia/annotations/instances_attributes_val2020.json
train,Fashionpedia,../fashion_data/raw/fashionpedia/images/test/aa2b2c6923621af9d2ba884f02006cd6.jpg,3,ADDITIONAL_RAW_TARGETS,7,4,"{""accessory"": 1, ""outerwear"": 1, ""pants"": 1, ""shoe"": 1}","[""6969"", ""6970"", ""6978"", ""6980""]",[],/workspace/scratch/728b0ed5ee28/analysis/public_fashion_data/raw/fashionpedia/annotations/instances_attributes_val2020.json
train,Fashionpedia,../fashion_data/raw/fashionpedia/images/test/aa436971de7a39708edbc4d5e9e969cc.jpg,1,ADDITIONAL_RAW_TARGETS,4,3,"{""top"": 1, ""pants"": 1, ""shoe"": 1}","[""2686"", ""2687"", ""2688""]",[],/workspace/scratch/728b0ed5ee28/analysis/public_fashion_data/raw/fashionpedia/annotations/instances_attributes_val2020.json
train,Fashionpedia,../fashion_data/raw/fashionpedia/images/test/aa8e34255bae5532e3c45385009a8d9a.jpg,1,ADDITIONAL_RAW_TARGETS,2,1,"{""outerwear"": 1}","[""3640""]",[],/workspace/scratch/728b0ed5ee28/analysis/public_fashion_data/raw/fashionpedia/annotations/instances_attributes_val2020.json
train,Fashionpedia,../fashion_data/raw/fashionpedia/images/test/aa95964ff3b249168fcda1504434d04b.jpg,1,ADDITIONAL_RAW_TARGETS,6,5,"{""top"": 1, ""outerwear"": 1, ""pants"": 1, ""shoe"": 2}","[""7444"", ""7446"", ""7449"", ""7450"", ""7451""]",[],/workspace/scratch/728b0ed5ee28/analysis/public_fashion_data/raw/fashionpedia/annotations/instances_attributes_val2020.json
train,Fashionpedia,../fashion_data/raw/fashionpedia/images/test/abe7f00720ada9f255b8d1355579dc0e.jpg,1,ADDITIONAL_RAW_TARGETS,5,4,"{""dress"": 1, ""accessory"": 1, ""shoe"": 2}","[""8902"", ""8903"", ""8904"", ""8905""]",[],/workspace/scratch/728b0ed5ee28/analysis/public_fashion_data/raw/fashionpedia/annotations/instances_attributes_val2020.json
train,Fashionpedia,../fashion_data/raw/fashionpedia/images/test/ac14ee8a27be712ac0123b69d376b0be.jpg,1,ADDITIONAL_RAW_TARGETS,2,1,"{""top"": 1}","[""1672""]",[],/workspace/scratch/728b0ed5ee28/analysis/public_fashion_data/raw/fashionpedia/annotations/instances_attributes_val2020.json
train,Fashionpedia,../fashion_data/raw/fashionpedia/images/test/ad1a3b0fb188342ec29f22275b434f04.jpg,1,ADDITIONAL_RAW_TARGETS,7,6,"{""accessory"": 2, ""dress"": 1, ""outerwear"": 1, ""shoe"": 2}","[""8670"", ""8671"", ""8672"", ""8673"", ""8674"", ""8678""]",[],/workspace/scratch/728b0ed5ee28/analysis/public_fashion_data/raw/fashionpedia/annotations/instances_attributes_val2020.json
train,Fashionpedia,../fashion_data/raw/fashionpedia/images/test/ae8c7fa59cb054a8e15b2d6518c95ee3.jpg,1,COMPLETE_WITHIN_SCOPE,1,0,{},[],[],/workspace/scratch/728b0ed5ee28/analysis/public_fashion_data/raw/fashionpedia/annotations/instances_attributes_val2020.json
train,Fashionpedia,../fashion_data/raw/fashionpedia/images/test/ae97534d312305c3b2ce4c956d54d3a9.jpg,1,ADDITIONAL_RAW_TARGETS,5,4,"{""top"": 1, ""skirt"": 1, ""shoe"": 2}","[""1550"", ""1552"", ""1555"", ""1556""]",[],/workspace/scratch/728b0ed5ee28/analysis/public_fashion_data/raw/fashionpedia/annotations/instances_attributes_val2020.json
train,Fashionpedia,../fashion_data/raw/fashionpedia/images/test/af496316395f8375383561f51fd5c731.jpg,1,ADDITIONAL_RAW_TARGETS,5,4,"{""accessory"": 1, ""bag"": 1, ""shoe"": 2}","[""7545"", ""7547"", ""7548"", ""7549""]",[],/workspace/scratch/728b0ed5ee28/analysis/public_fashion_data/raw/fashionpedia/annotations/instances_attributes_val2020.json
train,Fashionpedia,../fashion_data/raw/fashionpedia/images/test/afb8182ab6475db9830b0afafb442f55.jpg,1,ADDITIONAL_RAW_TARGETS,6,5,"{""pants"": 1, ""accessory"": 1, ""top"": 1, ""outerwear"": 1, ""shoe"": 1}","[""1657"", ""1660"", ""1662"", ""1665"", ""1669""]",[],/workspace/scratch/728b0ed5ee28/analysis/public_fashion_data/raw/fashionpedia/annotations/instances_attributes_val2020.json
train,Fashionpedia,../fashion_data/raw/fashionpedia/images/test/b00ba458be2f204c127cbd76d7410a84.jpg,1,ADDITIONAL_RAW_TARGETS,9,8,"{""shoe"": 2, ""accessory"": 3, ""pants"": 1, ""top"": 1, ""outerwear"": 1}","[""1850"", ""1851"", ""1852"", ""1853"", ""1854"", ""1856"", ""1857"", ""1863""]",[],/workspace/scratch/728b0ed5ee28/analysis/public_fashion_data/raw/fashionpedia/annotations/instances_attributes_val2020.json
train,Fashionpedia,../fashion_data/raw/fashionpedia/images/test/b0ff6edc573ce8ec7e28b608c668a19d.jpg,1,ADDITIONAL_RAW_TARGETS,2,1,"{""top"": 1}","[""7996""]",[],/workspace/scratch/728b0ed5ee28/analysis/public_fashion_data/raw/fashionpedia/annotations/instances_attributes_val2020.json
train,Fashionpedia,../fashion_data/raw/fashionpedia/images/test/b110cb98c64f949796705e916be76c8e.jpg,1,ADDITIONAL_RAW_TARGETS,6,5,"{""dress"": 1, ""outerwear"": 1, ""accessory"": 2, ""shoe"": 1}","[""5285"", ""5286"", ""5290"", ""5291"", ""5293""]",[],/workspace/scratch/728b0ed5ee28/analysis/public_fashion_data/raw/fashionpedia/annotations/instances_attributes_val2020.json
train,Fashionpedia,../fashion_data/raw/fashionpedia/images/test/b17d79fdd2bf0062d63674fa366293b5.jpg,1,ADDITIONAL_RAW_TARGETS,4,3,"{""dress"": 1, ""shoe"": 2}","[""2290"", ""2293"", ""2294""]",[],/workspace/scratch/728b0ed5ee28/analysis/public_fashion_data/raw/fashionpedia/annotations/instances_attributes_val2020.json
train,Fashionpedia,../fashion_data/raw/fashionpedia/images/test/b2006174759a811aca6bd63e861dc741.jpg,1,ADDITIONAL_RAW_TARGETS,9,8,"{""accessory"": 3, ""outerwear"": 1, ""top"": 1, ""skirt"": 1, ""shoe"": 2}","[""4570"", ""4571"", ""4573"", ""4579"", ""4581"", ""4582"", ""4583"", ""4584""]",[],/workspace/scratch/728b0ed5ee28/analysis/public_fashion_data/raw/fashionpedia/annotations/instances_attributes_val2020.json
train,Fashionpedia,../fashion_data/raw/fashionpedia/images/test/b22ea58665d776f693c9f13635499460.jpg,1,ADDITIONAL_RAW_TARGETS,6,5,"{""top"": 2, ""pants"": 1, ""shoe"": 2}","[""8882"", ""8884"", ""8887"", ""8889"", ""8890""]",[],/workspace/scratch/728b0ed5ee28/analysis/public_fashion_data/raw/fashionpedia/annotations/instances_attributes_val2020.json
train,Fashionpedia,../fashion_data/raw/fashionpedia/images/test/b246457b56c522682a2400286ca834ec.jpg,1,ADDITIONAL_RAW_TARGETS,3,2,"{""shoe"": 2}","[""2842"", ""2843""]",[],/workspace/scratch/728b0ed5ee28/analysis/public_fashion_data/raw/fashionpedia/annotations/instances_attributes_val2020.json
train,Fashionpedia,../fashion_data/raw/fashionpedia/images/test/b24d298f9856f105bb3f3bb645b59dd9.jpg,1,ADDITIONAL_RAW_TARGETS,3,2,"{""dress"": 1, ""accessory"": 1}","[""2343"", ""2345""]",[],/workspace/scratch/728b0ed5ee28/analysis/public_fashion_data/raw/fashionpedia/annotations/instances_attributes_val2020.json
train,Fashionpedia,../fashion_data/raw/fashionpedia/images/test/b2514d07946f182a890908a7ba436bd5.jpg,1,ADDITIONAL_RAW_TARGETS,8,7,"{""top"": 1, ""accessory"": 3, ""skirt"": 1, ""shoe"": 2}","[""7244"", ""7248"", ""7249"", ""7250"", ""7251"", ""7252"", ""7253""]",[],/workspace/scratch/728b0ed5ee28/analysis/public_fashion_data/raw/fashionpedia/annotations/instances_attributes_val2020.json
train,Fashionpedia,../fashion_data/raw/fashionpedia/images/test/b360c19580caf49e561173fab54bfdb2.jpg,1,ADDITIONAL_RAW_TARGETS,7,6,"{""accessory"": 3, ""pants"": 1, ""shoe"": 2}","[""9262"", ""9265"", ""9266"", ""9267"", ""9268"", ""9269""]",[],/workspace/scratch/728b0ed5ee28/analysis/public_fashion_data/raw/fashionpedia/annotations/instances_attributes_val2020.json
train,Fashionpedia,../fashion_data/raw/fashionpedia/images/test/b4968dc30b419476fcc4a72938113609.jpg,1,ADDITIONAL_RAW_TARGETS,2,1,"{""dress"": 1}","[""1479""]",[],/workspace/scratch/728b0ed5ee28/analysis/public_fashion_data/raw/fashionpedia/annotations/instances_attributes_val2020.json
train,Fashionpedia,../fashion_data/raw/fashionpedia/images/test/b57c1abdc520418a85d2c94514304670.jpg,1,ADDITIONAL_RAW_TARGETS,5,4,"{""top"": 1, ""pants"": 1, ""shoe"": 2}","[""661"", ""664"", ""665"", ""666""]",[],/workspace/scratch/728b0ed5ee28/analysis/public_fashion_data/raw/fashionpedia/annotations/instances_attributes_val2020.json
train,Fashionpedia,../fashion_data/raw/fashionpedia/images/test/b66d836caa14d17a8b7de99d0a4e8a5d.jpg,1,ADDITIONAL_RAW_TARGETS,3,2,"{""dress"": 1, ""shoe"": 1}","[""4810"", ""4814""]",[],/workspace/scratch/728b0ed5ee28/analysis/public_fashion_data/raw/fashionpedia/annotations/instances_attributes_val2020.json
train,Fashionpedia,../fashion_data/raw/fashionpedia/images/test/b9b9619a5fec071603e1b29a9772cefc.jpg,1,ADDITIONAL_RAW_TARGETS,4,3,"{""top"": 1, ""shoe"": 2}","[""5487"", ""5494"", ""5495""]",[],/workspace/scratch/728b0ed5ee28/analysis/public_fashion_data/raw/fashionpedia/annotations/instances_attributes_val2020.json
train,Fashionpedia,../fashion_data/raw/fashionpedia/images/test/ba49f22a7e2927ec0df677e4d199c93d.jpg,1,ADDITIONAL_RAW_TARGETS,5,4,"{""top"": 1, ""pants"": 1, ""shoe"": 2}","[""4130"", ""4138"", ""4139"", ""4140""]",[],/workspace/scratch/728b0ed5ee28/analysis/public_fashion_data/raw/fashionpedia/annotations/instances_attributes_val2020.json
train,Fashionpedia,../fashion_data/raw/fashionpedia/images/test/badb9c0f2ba832076e6a6c52bf2e570a.jpg,1,ADDITIONAL_RAW_TARGETS,3,2,"{""pants"": 1, ""accessory"": 1}","[""4669"", ""4670""]",[],/workspace/scratch/728b0ed5ee28/analysis/public_fashion_data/raw/fashionpedia/annotations/instances_attributes_val2020.json
train,Fashionpedia,../fashion_data/raw/fashionpedia/images/test/bbb7c11a2a4fe731a371cdf9e223c360.jpg,2,ADDITIONAL_RAW_TARGETS,7,5,"{""shoe"": 2, ""pants"": 1, ""outerwear"": 1, ""accessory"": 1}","[""9130"", ""9131"", ""9133"", ""9135"", ""9139""]",[],/workspace/scratch/728b0ed5ee28/analysis/public_fashion_data/raw/fashionpedia/annotations/instances_attributes_val2020.json
train,Fashionpedia,../fashion_data/raw/fashionpedia/images/test/bbd80ae0b10ae91b4f1f900484d36e8a.jpg,1,ADDITIONAL_RAW_TARGETS,4,3,"{""skirt"": 1, ""shoe"": 1, ""top"": 1}","[""5060"", ""5061"", ""5063""]",[],/workspace/scratch/728b0ed5ee28/analysis/public_fashion_data/raw/fashionpedia/annotations/instances_attributes_val2020.json
train,Fashionpedia,../fashion_data/raw/fashionpedia/images/test/bcb708e46152e97a939f51acde40bfbe.jpg,1,ADDITIONAL_RAW_TARGETS,4,3,"{""dress"": 1, ""shoe"": 2}","[""4242"", ""4247"", ""4248""]",[],/workspace/scratch/728b0ed5ee28/analysis/public_fashion_data/raw/fashionpedia/annotations/instances_attributes_val2020.json
train,Fashionpedia,../fashion_data/raw/fashionpedia/images/test/bd4c2ae0478c2162033a02216e394604.jpg,1,ADDITIONAL_RAW_TARGETS,3,2,"{""pants"": 1, ""top"": 1}","[""6282"", ""6285""]",[],/workspace/scratch/728b0ed5ee28/analysis/public_fashion_data/raw/fashionpedia/annotations/instances_attributes_val2020.json
train,Fashionpedia,../fashion_data/raw/fashionpedia/images/test/bedd4c227a48bc3f89431058fa77c82b.jpg,1,ADDITIONAL_RAW_TARGETS,6,5,"{""dress"": 1, ""accessory"": 2, ""shoe"": 2}","[""4723"", ""4726"", ""4727"", ""4728"", ""4729""]",[],/workspace/scratch/728b0ed5ee28/analysis/public_fashion_data/raw/fashionpedia/annotations/instances_attributes_val2020.json
train,Fashionpedia,../fashion_data/raw/fashionpedia/images/test/bf08a1955bfce99f913046ef11600913.jpg,1,ADDITIONAL_RAW_TARGETS,3,2,"{""shoe"": 2}","[""4058"", ""4059""]",[],/workspace/scratch/728b0ed5ee28/analysis/public_fashion_data/raw/fashionpedia/annotations/instances_attributes_val2020.json
train,Fashionpedia,../fashion_data/raw/fashionpedia/images/test/bf3ef97f28c83839cbf4da20ed9bd704.jpg,1,ADDITIONAL_RAW_TARGETS,8,7,"{""accessory"": 2, ""top"": 1, ""outerwear"": 1, ""shoe"": 2, ""skirt"": 1}","[""7508"", ""7509"", ""7514"", ""7515"", ""7516"", ""7517"", ""7519""]",[],/workspace/scratch/728b0ed5ee28/analysis/public_fashion_data/raw/fashionpedia/annotations/instances_attributes_val2020.json
train,Fashionpedia,../fashion_data/raw/fashionpedia/images/test/bfabcacd46568489e6ae0d4952ecccf9.jpg,1,ADDITIONAL_RAW_TARGETS,11,10,"{""accessory"": 5, ""pants"": 1, ""outerwear"": 1, ""top"": 1, ""shoe"": 2}","[""20"", ""21"", ""22"", ""23"", ""25"", ""27"", ""28"", ""29"", ""30"", ""31""]",[],/workspace/scratch/728b0ed5ee28/analysis/public_fashion_data/raw/fashionpedia/annotations/instances_attributes_val2020.json
train,Fashionpedia,../fashion_data/raw/fashionpedia/images/test/bfdb81a5f9bebef69b5cda7f59a8daab.jpg,1,ADDITIONAL_RAW_TARGETS,2,1,"{""outerwear"": 1}","[""4662""]",[],/workspace/scratch/728b0ed5ee28/analysis/public_fashion_data/raw/fashionpedia/annotations/instances_attributes_val2020.json
train,Fashionpedia,../fashion_data/raw/fashionpedia/images/test/c035ab1c7504b8e89f22f3b2f06abec4.jpg,1,ADDITIONAL_RAW_TARGETS,4,3,"{""top"": 2, ""pants"": 1}","[""4949"", ""4953"", ""4954""]",[],/workspace/scratch/728b0ed5ee28/analysis/public_fashion_data/raw/fashionpedia/annotations/instances_attributes_val2020.json
train,Fashionpedia,../fashion_data/raw/fashionpedia/images/test/c0516e19209daa9918403bf876011f1a.jpg,1,ADDITIONAL_RAW_TARGETS,5,4,"{""accessory"": 2, ""shoe"": 2}","[""162"", ""163"", ""164"", ""165""]",[],/workspace/scratch/728b0ed5ee28/analysis/public_fashion_data/raw/fashionpedia/annotations/instances_attributes_val2020.json
train,Fashionpedia,../fashion_data/raw/fashionpedia/images/test/c080362228fa5ea2bd57f38ab6f950e2.jpg,1,ADDITIONAL_RAW_TARGETS,5,4,"{""top"": 2, ""shoe"": 2}","[""3517"", ""3521"", ""3526"", ""3527""]",[],/workspace/scratch/728b0ed5ee28/analysis/public_fashion_data/raw/fashionpedia/annotations/instances_attributes_val2020.json
train,Fashionpedia,../fashion_data/raw/fashionpedia/images/test/c0e92f68b8ce834a9929e537d5f8228c.jpg,1,ADDITIONAL_RAW_TARGETS,3,2,"{""shoe"": 1, ""dress"": 1}","[""6095"", ""6098""]",[],/workspace/scratch/728b0ed5ee28/analysis/public_fashion_data/raw/fashionpedia/annotations/instances_attributes_val2020.json
train,Fashionpedia,../fashion_data/raw/fashionpedia/images/test/c20cd495aea72107c49299e4f957ef2b.jpg,1,ADDITIONAL_RAW_TARGETS,7,6,"{""pants"": 1, ""accessory"": 1, ""shoe"": 2, ""top"": 1, ""outerwear"": 1}","[""6983"", ""6986"", ""6989"", ""6990"", ""6991"", ""6993""]",[],/workspace/scratch/728b0ed5ee28/analysis/public_fashion_data/raw/fashionpedia/annotations/instances_attributes_val2020.json
train,Fashionpedia,../fashion_data/raw/fashionpedia/images/test/c289db2928b41ea6f09a2b7a1abe6ca5.jpg,1,ADDITIONAL_RAW_TARGETS,6,5,"{""top"": 1, ""dress"": 1, ""accessory"": 2, ""outerwear"": 1}","[""9294"", ""9295"", ""9296"", ""9297"", ""9299""]",[],/workspace/scratch/728b0ed5ee28/analysis/public_fashion_data/raw/fashionpedia/annotations/instances_attributes_val2020.json
train,Fashionpedia,../fashion_data/raw/fashionpedia/images/test/c59652d40810f10a443756d41bfa1287.jpg,1,ADDITIONAL_RAW_TARGETS,3,2,"{""dress"": 1, ""accessory"": 1}","[""3499"", ""3508""]",[],/workspace/scratch/728b0ed5ee28/analysis/public_fashion_data/raw/fashionpedia/annotations/instances_attributes_val2020.json
train,Fashionpedia,../fashion_data/raw/fashionpedia/images/test/c5e12ba6c5f039031bd14b4670d581c3.jpg,1,ADDITIONAL_RAW_TARGETS,5,4,"{""pants"": 1, ""top"": 1, ""outerwear"": 1, ""accessory"": 1}","[""2907"", ""2913"", ""2915"", ""2918""]",[],/workspace/scratch/728b0ed5ee28/analysis/public_fashion_data/raw/fashionpedia/annotations/instances_attributes_val2020.json
train,Fashionpedia,../fashion_data/raw/fashionpedia/images/test/c650f80f25497fb2b0f1231d1e487878.jpg,1,ADDITIONAL_RAW_TARGETS,3,2,"{""dress"": 1, ""shoe"": 1}","[""4694"", ""4696""]",[],/workspace/scratch/728b0ed5ee28/analysis/public_fashion_data/raw/fashionpedia/annotations/instances_attributes_val2020.json
train,Fashionpedia,../fashion_data/raw/fashionpedia/images/test/c658c6a2698fc988c5e25000814cb2b0.jpg,1,ADDITIONAL_RAW_TARGETS,3,2,"{""top"": 1, ""shoe"": 1}","[""6110"", ""6112""]",[],/workspace/scratch/728b0ed5ee28/analysis/public_fashion_data/raw/fashionpedia/annotations/instances_attributes_val2020.json
train,Fashionpedia,../fashion_data/raw/fashionpedia/images/test/c7154df1a2a7d442ba4a2f9579622a31.jpg,1,ADDITIONAL_RAW_TARGETS,8,7,"{""accessory"": 3, ""top"": 1, ""pants"": 1, ""shoe"": 2}","[""5197"", ""5200"", ""5203"", ""5204"", ""5205"", ""5206"", ""5207""]",[],/workspace/scratch/728b0ed5ee28/analysis/public_fashion_data/raw/fashionpedia/annotations/instances_attributes_val2020.json
train,Fashionpedia,../fashion_data/raw/fashionpedia/images/test/c727d3096d448818302663fda2fedb2c.jpg,1,ADDITIONAL_RAW_TARGETS,3,2,"{""dress"": 1, ""shoe"": 1}","[""3002"", ""3006""]",[],/workspace/scratch/728b0ed5ee28/analysis/public_fashion_data/raw/fashionpedia/annotations/instances_attributes_val2020.json
train,Fashionpedia,../fashion_data/raw/fashionpedia/images/test/c8183194c22ace7c7bbe6f224ea525bb.jpg,1,ADDITIONAL_RAW_TARGETS,7,6,"{""shoe"": 1, ""accessory"": 2, ""skirt"": 1, ""top"": 1, ""bag"": 1}","[""6044"", ""6046"", ""6047"", ""6048"", ""6049"", ""6051""]",[],/workspace/scratch/728b0ed5ee28/analysis/public_fashion_data/raw/fashionpedia/annotations/instances_attributes_val2020.json
train,Fashionpedia,../fashion_data/raw/fashionpedia/images/test/c87fb99e4cbb5a408e8fa1f4d86f9204.jpg,1,ADDITIONAL_RAW_TARGETS,7,6,"{""outerwear"": 1, ""top"": 1, ""pants"": 1, ""shoe"": 2, ""accessory"": 1}","[""2477"", ""2478"", ""2484"", ""2486"", ""2487"", ""2488""]",[],/workspace/scratch/728b0ed5ee28/analysis/public_fashion_data/raw/fashionpedia/annotations/instances_attributes_val2020.json
train,Fashionpedia,../fashion_data/raw/fashionpedia/images/test/c891be8bf301ed615ca18b5b71380794.jpg,1,ADDITIONAL_RAW_TARGETS,3,2,"{""dress"": 1, ""shoe"": 1}","[""2271"", ""2273""]",[],/workspace/scratch/728b0ed5ee28/analysis/public_fashion_data/raw/fashionpedia/annotations/instances_attributes_val2020.json
train,Fashionpedia,../fashion_data/raw/fashionpedia/images/test/c9946804239bdb74aa23c4a56445b9a8.jpg,1,ADDITIONAL_RAW_TARGETS,2,1,"{""top"": 1}","[""7755""]",[],/workspace/scratch/728b0ed5ee28/analysis/public_fashion_data/raw/fashionpedia/annotations/instances_attributes_val2020.json
train,Fashionpedia,../fashion_data/raw/fashionpedia/images/test/c9d696c1abd41188c49b0a88ed46161e.jpg,1,ADDITIONAL_RAW_TARGETS,4,3,"{""skirt"": 1, ""top"": 1, ""accessory"": 1}","[""2649"", ""2650"", ""2653""]",[],/workspace/scratch/728b0ed5ee28/analysis/public_fashion_data/raw/fashionpedia/annotations/instances_attributes_val2020.json
train,Fashionpedia,../fashion_data/raw/fashionpedia/images/test/cade19169e79b91b610ce5a6f7576a5b.jpg,1,ADDITIONAL_RAW_TARGETS,6,5,"{""pants"": 1, ""outerwear"": 1, ""accessory"": 2, ""top"": 1}","[""2254"", ""2255"", ""2260"", ""2261"", ""2263""]",[],/workspace/scratch/728b0ed5ee28/analysis/public_fashion_data/raw/fashionpedia/annotations/instances_attributes_val2020.json
train,Fashionpedia,../fashion_data/raw/fashionpedia/images/test/cb43bd1cf64a15ba6d0bea9e343247ed.jpg,1,ADDITIONAL_RAW_TARGETS,5,4,"{""top"": 1, ""accessory"": 1, ""shoe"": 2}","[""9153"", ""9157"", ""9158"", ""9159""]",[],/workspace/scratch/728b0ed5ee28/analysis/public_fashion_data/raw/fashionpedia/annotations/instances_attributes_val2020.json
train,Fashionpedia,../fashion_data/raw/fashionpedia/images/test/cb49b883e995b9102d831e4640c0d195.jpg,1,ADDITIONAL_RAW_TARGETS,4,3,"{""top"": 1, ""shoe"": 2}","[""2306"", ""2314"", ""2315""]",[],/workspace/scratch/728b0ed5ee28/analysis/public_fashion_data/raw/fashionpedia/annotations/instances_attributes_val2020.json
train,Fashionpedia,../fashion_data/raw/fashionpedia/images/test/cd0f34921f96592811ff3a3776fa0444.jpg,1,ADDITIONAL_RAW_TARGETS,3,2,"{""top"": 1, ""accessory"": 1}","[""7978"", ""7983""]",[],/workspace/scratch/728b0ed5ee28/analysis/public_fashion_data/raw/fashionpedia/annotations/instances_attributes_val2020.json
train,Fashionpedia,../fashion_data/raw/fashionpedia/images/test/cd9737f2cf0967f12cc001d57568e913.jpg,1,ADDITIONAL_RAW_TARGETS,7,6,"{""top"": 1, ""pants"": 1, ""accessory"": 2, ""shoe"": 2}","[""3536"", ""3544"", ""3545"", ""3546"", ""3548"", ""3550""]",[],/workspace/scratch/728b0ed5ee28/analysis/public_fashion_data/raw/fashionpedia/annotations/instances_attributes_val2020.json
train,Fashionpedia,../fashion_data/raw/fashionpedia/images/test/ce25fc2ea56c29c024e96686099373b5.jpg,1,ADDITIONAL_RAW_TARGETS,5,4,"{""shoe"": 2, ""pants"": 1, ""top"": 1}","[""1537"", ""1538"", ""1539"", ""1540""]",[],/workspace/scratch/728b0ed5ee28/analysis/public_fashion_data/raw/fashionpedia/annotations/instances_attributes_val2020.json
train,Fashionpedia,../fashion_data/raw/fashionpedia/images/test/cf2b90efe608a262ab09c367feddc352.jpg,1,ADDITIONAL_RAW_TARGETS,5,4,"{""accessory"": 1, ""skirt"": 1, ""top"": 1, ""outerwear"": 1}","[""3875"", ""3876"", ""3879"", ""3881""]",[],/workspace/scratch/728b0ed5ee28/analysis/public_fashion_data/raw/fashionpedia/annotations/instances_attributes_val2020.json
train,Fashionpedia,../fashion_data/raw/fashionpedia/images/test/cf8fbb58ce182fb9976486509e220efd.jpg,1,ADDITIONAL_RAW_TARGETS,4,3,"{""accessory"": 1, ""shoe"": 1, ""dress"": 1}","[""370"", ""372"", ""376""]",[],/workspace/scratch/728b0ed5ee28/analysis/public_fashion_data/raw/fashionpedia/annotations/instances_attributes_val2020.json
train,Fashionpedia,../fashion_data/raw/fashionpedia/images/test/d0c4784dc3efc24c058fd0b9b533ca2d.jpg,1,ADDITIONAL_RAW_TARGETS,4,3,"{""top"": 1, ""shoe"": 2}","[""8315"", ""8317"", ""8318""]",[],/workspace/scratch/728b0ed5ee28/analysis/public_fashion_data/raw/fashionpedia/annotations/instances_attributes_val2020.json
train,Fashionpedia,../fashion_data/raw/fashionpedia/images/test/d14c29b741ec264a1bc7ea1918898a99.jpg,1,ADDITIONAL_RAW_TARGETS,2,1,"{""top"": 1}","[""2950""]",[],/workspace/scratch/728b0ed5ee28/analysis/public_fashion_data/raw/fashionpedia/annotations/instances_attributes_val2020.json
train,Fashionpedia,../fashion_data/raw/fashionpedia/images/test/d15a9ee27ee2180fee5ba2447d6c7939.jpg,1,ADDITIONAL_RAW_TARGETS,6,5,"{""accessory"": 1, ""top"": 1, ""shoe"": 2, ""pants"": 1}","[""7780"", ""7784"", ""7785"", ""7786"", ""7788""]",[],/workspace/scratch/728b0ed5ee28/analysis/public_fashion_data/raw/fashionpedia/annotations/instances_attributes_val2020.json
train,Fashionpedia,../fashion_data/raw/fashionpedia/images/test/d23d0383fa7e5e512eba48cdf9b8f5cb.jpg,1,ADDITIONAL_RAW_TARGETS,3,2,"{""shoe"": 2}","[""8006"", ""8007""]",[],/workspace/scratch/728b0ed5ee28/analysis/public_fashion_data/raw/fashionpedia/annotations/instances_attributes_val2020.json
train,Fashionpedia,../fashion_data/raw/fashionpedia/images/test/d2577921e35bba15a9a907544b492ec8.jpg,1,ADDITIONAL_RAW_TARGETS,4,3,"{""shoe"": 2, ""dress"": 1}","[""4469"", ""4470"", ""4471""]",[],/workspace/scratch/728b0ed5ee28/analysis/public_fashion_data/raw/fashionpedia/annotations/instances_attributes_val2020.json
train,Fashionpedia,../fashion_data/raw/fashionpedia/images/test/d286a435e6e15637c797d692d07fd385.jpg,2,ADDITIONAL_RAW_TARGETS,6,4,"{""outerwear"": 1, ""accessory"": 1, ""pants"": 1, ""shoe"": 1}","[""3884"", ""3888"", ""3889"", ""3891""]",[],/workspace/scratch/728b0ed5ee28/analysis/public_fashion_data/raw/fashionpedia/annotations/instances_attributes_val2020.json
train,Fashionpedia,../fashion_data/raw/fashionpedia/images/test/d2eb58326f2ae516be70ba3132c4fd59.jpg,1,ADDITIONAL_RAW_TARGETS,4,3,"{""shoe"": 1, ""skirt"": 1, ""top"": 1}","[""1069"", ""1071"", ""1072""]",[],/workspace/scratch/728b0ed5ee28/analysis/public_fashion_data/raw/fashionpedia/annotations/instances_attributes_val2020.json
train,Fashionpedia,../fashion_data/raw/fashionpedia/images/test/d2f3f13a7a3532cc905fe9f3bad10b8a.jpg,1,ADDITIONAL_RAW_TARGETS,4,3,"{""top"": 1, ""shoe"": 2}","[""8955"", ""8959"", ""8960""]",[],/workspace/scratch/728b0ed5ee28/analysis/public_fashion_data/raw/fashionpedia/annotations/instances_attributes_val2020.json
train,Fashionpedia,../fashion_data/raw/fashionpedia/images/test/d32d4af30a095bfe47c8cb3c0e09935a.jpg,1,ADDITIONAL_RAW_TARGETS,5,4,"{""top"": 1, ""pants"": 1, ""shoe"": 2}","[""1006"", ""1007"", ""1008"", ""1009""]",[],/workspace/scratch/728b0ed5ee28/analysis/public_fashion_data/raw/fashionpedia/annotations/instances_attributes_val2020.json
train,Fashionpedia,../fashion_data/raw/fashionpedia/images/test/d456b51deebc83e01cfef985d05e063e.jpg,1,ADDITIONAL_RAW_TARGETS,4,3,"{""top"": 1, ""shoe"": 2}","[""9311"", ""9314"", ""9315""]",[],/workspace/scratch/728b0ed5ee28/analysis/public_fashion_data/raw/fashionpedia/annotations/instances_attributes_val2020.json
train,Fashionpedia,../fashion_data/raw/fashionpedia/images/test/d47fd4ffb3f8559ed563d59f03507e98.jpg,3,ADDITIONAL_RAW_TARGETS,5,2,"{""accessory"": 1, ""shoe"": 1}","[""3893"", ""3902""]",[],/workspace/scratch/728b0ed5ee28/analysis/public_fashion_data/raw/fashionpedia/annotations/instances_attributes_val2020.json
train,Fashionpedia,../fashion_data/raw/fashionpedia/images/test/d50d3a6538824799818bb76fd16dbeef.jpg,1,ADDITIONAL_RAW_TARGETS,3,2,"{""dress"": 1, ""accessory"": 1}","[""1532"", ""1534""]",[],/workspace/scratch/728b0ed5ee28/analysis/public_fashion_data/raw/fashionpedia/annotations/instances_attributes_val2020.json
train,Fashionpedia,../fashion_data/raw/fashionpedia/images/test/d56bf67bd74cb0f2128007818675a465.jpg,1,ADDITIONAL_RAW_TARGETS,6,5,"{""top"": 1, ""shoe"": 2, ""accessory"": 1, ""bag"": 1}","[""6204"", ""6207"", ""6208"", ""6209"", ""6210""]",[],/workspace/scratch/728b0ed5ee28/analysis/public_fashion_data/raw/fashionpedia/annotations/instances_attributes_val2020.json
train,Fashionpedia,../fashion_data/raw/fashionpedia/images/test/d5c1ce96e0780de7d0255958db531baf.jpg,1,ADDITIONAL_RAW_TARGETS,4,3,"{""top"": 1, ""accessory"": 1, ""pants"": 1}","[""4449"", ""4455"", ""4457""]",[],/workspace/scratch/728b0ed5ee28/analysis/public_fashion_data/raw/fashionpedia/annotations/instances_attributes_val2020.json
train,Fashionpedia,../fashion_data/raw/fashionpedia/images/test/d5d759731757fdef16a804321d4375ae.jpg,1,ADDITIONAL_RAW_TARGETS,5,4,"{""top"": 1, ""pants"": 1, ""shoe"": 2}","[""1384"", ""1388"", ""1389"", ""1390""]",[],/workspace/scratch/728b0ed5ee28/analysis/public_fashion_data/raw/fashionpedia/annotations/instances_attributes_val2020.json
train,Fashionpedia,../fashion_data/raw/fashionpedia/images/test/d67ad10df9224b51361c9dfb18f5a9ef.jpg,1,ADDITIONAL_RAW_TARGETS,5,4,"{""shoe"": 2, ""pants"": 1, ""top"": 1}","[""37"", ""38"", ""39"", ""40""]",[],/workspace/scratch/728b0ed5ee28/analysis/public_fashion_data/raw/fashionpedia/annotations/instances_attributes_val2020.json
train,Fashionpedia,../fashion_data/raw/fashionpedia/images/test/d683721cb2d79128cdb41958953d67c3.jpg,1,ADDITIONAL_RAW_TARGETS,7,6,"{""pants"": 1, ""shoe"": 2, ""accessory"": 1, ""top"": 1, ""outerwear"": 1}","[""8587"", ""8588"", ""8589"", ""8590"", ""8592"", ""8594""]",[],/workspace/scratch/728b0ed5ee28/analysis/public_fashion_data/raw/fashionpedia/annotations/instances_attributes_val2020.json
train,Fashionpedia,../fashion_data/raw/fashionpedia/images/test/d7da3cf290a8f293ed39dff8ed1ef376.jpg,1,ADDITIONAL_RAW_TARGETS,6,5,"{""accessory"": 1, ""skirt"": 1, ""outerwear"": 1, ""shoe"": 2}","[""8047"", ""8048"", ""8050"", ""8051"", ""8052""]",[],/workspace/scratch/728b0ed5ee28/analysis/public_fashion_data/raw/fashionpedia/annotations/instances_attributes_val2020.json
train,Fashionpedia,../fashion_data/raw/fashionpedia/images/test/d9ff0d53e1e06bdb6e954700cbaea4c1.jpg,1,ADDITIONAL_RAW_TARGETS,7,6,"{""accessory"": 2, ""top"": 1, ""pants"": 1, ""shoe"": 2}","[""417"", ""418"", ""421"", ""422"", ""423"", ""424""]",[],/workspace/scratch/728b0ed5ee28/analysis/public_fashion_data/raw/fashionpedia/annotations/instances_attributes_val2020.json
train,Fashionpedia,../fashion_data/raw/fashionpedia/images/test/dae66883f57f31d10cc286784a042c35.jpg,1,ADDITIONAL_RAW_TARGETS,4,3,"{""dress"": 1, ""bag"": 1, ""shoe"": 1}","[""6467"", ""6469"", ""6471""]",[],/workspace/scratch/728b0ed5ee28/analysis/public_fashion_data/raw/fashionpedia/annotations/instances_attributes_val2020.json
train,Fashionpedia,../fashion_data/raw/fashionpedia/images/test/dd705f8d03d3937ebce0f547737b5bb1.jpg,1,ADDITIONAL_RAW_TARGETS,8,7,"{""pants"": 1, ""shoe"": 2, ""accessory"": 1, ""bag"": 1, ""top"": 1, ""outerwear"": 1}","[""1252"", ""1254"", ""1255"", ""1258"", ""1259"", ""1260"", ""1261""]",[],/workspace/scratch/728b0ed5ee28/analysis/public_fashion_data/raw/fashionpedia/annotations/instances_attributes_val2020.json
train,Fashionpedia,../fashion_data/raw/fashionpedia/images/test/de200aec795d128d7f09ac8e80368058.jpg,1,COMPLETE_WITHIN_SCOPE,1,0,{},[],[],/workspace/scratch/728b0ed5ee28/analysis/public_fashion_data/raw/fashionpedia/annotations/instances_attributes_val2020.json
train,Fashionpedia,../fashion_data/raw/fashionpedia/images/test/de3b47ed616028f8ca462583f6f30059.jpg,1,ADDITIONAL_RAW_TARGETS,4,3,"{""top"": 1, ""dress"": 1, ""shoe"": 1}","[""3215"", ""3216"", ""3217""]",[],/workspace/scratch/728b0ed5ee28/analysis/public_fashion_data/raw/fashionpedia/annotations/instances_attributes_val2020.json
train,Fashionpedia,../fashion_data/raw/fashionpedia/images/test/de699dedf1aade91f713ea59f187f74f.jpg,1,ADDITIONAL_RAW_TARGETS,5,4,"{""top"": 1, ""outerwear"": 1, ""shoe"": 2}","[""2629"", ""2631"", ""2632"", ""2633""]",[],/workspace/scratch/728b0ed5ee28/analysis/public_fashion_data/raw/fashionpedia/annotations/instances_attributes_val2020.json
train,Fashionpedia,../fashion_data/raw/fashionpedia/images/test/de8af016793ce1f2170e1ae785ed78ee.jpg,1,ADDITIONAL_RAW_TARGETS,6,5,"{""outerwear"": 1, ""top"": 1, ""pants"": 1, ""shoe"": 2}","[""6533"", ""6538"", ""6539"", ""6543"", ""6544""]",[],/workspace/scratch/728b0ed5ee28/analysis/public_fashion_data/raw/fashionpedia/annotations/instances_attributes_val2020.json
train,Fashionpedia,../fashion_data/raw/fashionpedia/images/test/deab9c33ce187b69cff3e1b226ddd8ac.jpg,2,ADDITIONAL_RAW_TARGETS,4,2,"{""dress"": 1, ""shoe"": 1}","[""1104"", ""1108""]",[],/workspace/scratch/728b0ed5ee28/analysis/public_fashion_data/raw/fashionpedia/annotations/instances_attributes_val2020.json
train,Fashionpedia,../fashion_data/raw/fashionpedia/images/test/df9a2621439cbb8c39ed47a9072864c4.jpg,1,ADDITIONAL_RAW_TARGETS,3,2,"{""dress"": 1, ""shoe"": 1}","[""950"", ""953""]",[],/workspace/scratch/728b0ed5ee28/analysis/public_fashion_data/raw/fashionpedia/annotations/instances_attributes_val2020.json
train,Fashionpedia,../fashion_data/raw/fashionpedia/images/test/e1f4adf88b71b15a4aaa6a32c6fa0d4a.jpg,1,ADDITIONAL_RAW_TARGETS,9,8,"{""accessory"": 4, ""top"": 1, ""dress"": 1, ""bag"": 1, ""shoe"": 1}","[""1731"", ""1732"", ""1733"", ""1737"", ""1738"", ""1739"", ""1740"", ""1741""]",[],/workspace/scratch/728b0ed5ee28/analysis/public_fashion_data/raw/fashionpedia/annotations/instances_attributes_val2020.json
train,Fashionpedia,../fashion_data/raw/fashionpedia/images/test/e2a1712cc3928d83e0339e5cb3832fec.jpg,1,ADDITIONAL_RAW_TARGETS,4,3,"{""top"": 1, ""shoe"": 2}","[""1711"", ""1713"", ""1714""]",[],/workspace/scratch/728b0ed5ee28/analysis/public_fashion_data/raw/fashionpedia/annotations/instances_attributes_val2020.json
train,Fashionpedia,../fashion_data/raw/fashionpedia/images/test/e2da13e8901b9733a8af384bf519762c.jpg,1,ADDITIONAL_RAW_TARGETS,7,6,"{""bag"": 1, ""pants"": 1, ""shoe"": 2, ""accessory"": 1, ""top"": 1}","[""6485"", ""6489"", ""6490"", ""6491"", ""6492"", ""6495""]",[],/workspace/scratch/728b0ed5ee28/analysis/public_fashion_data/raw/fashionpedia/annotations/instances_attributes_val2020.json
train,Fashionpedia,../fashion_data/raw/fashionpedia/images/test/e3336eb784f1530704eebfbd1fc94f07.jpg,1,ADDITIONAL_RAW_TARGETS,3,2,"{""accessory"": 1, ""outerwear"": 1}","[""2752"", ""2753""]",[],/workspace/scratch/728b0ed5ee28/analysis/public_fashion_data/raw/fashionpedia/annotations/instances_attributes_val2020.json
train,Fashionpedia,../fashion_data/raw/fashionpedia/images/test/e4198845aa3c0139539ddf8714f9ecf8.jpg,1,ADDITIONAL_RAW_TARGETS,4,3,"{""top"": 1, ""skirt"": 1, ""shoe"": 1}","[""652"", ""653"", ""654""]",[],/workspace/scratch/728b0ed5ee28/analysis/public_fashion_data/raw/fashionpedia/annotations/instances_attributes_val2020.json
train,Fashionpedia,../fashion_data/raw/fashionpedia/images/test/e57c17d89b576bfd05ccce0c247dc6bd.jpg,1,ADDITIONAL_RAW_TARGETS,7,6,"{""accessory"": 2, ""bag"": 2, ""shoe"": 1, ""dress"": 1}","[""5092"", ""5094"", ""5095"", ""5099"", ""5100"", ""5102""]",[],/workspace/scratch/728b0ed5ee28/analysis/public_fashion_data/raw/fashionpedia/annotations/instances_attributes_val2020.json
train,Fashionpedia,../fashion_data/raw/fashionpedia/images/test/e5b237935c0a652dc6585eea57e61dc8.jpg,1,ADDITIONAL_RAW_TARGETS,5,4,"{""outerwear"": 1, ""pants"": 1, ""shoe"": 2}","[""4332"", ""4338"", ""4341"", ""4342""]",[],/workspace/scratch/728b0ed5ee28/analysis/public_fashion_data/raw/fashionpedia/annotations/instances_attributes_val2020.json
train,Fashionpedia,../fashion_data/raw/fashionpedia/images/test/e712b9ad744015f1208a2b6eee27afcf.jpg,1,ADDITIONAL_RAW_TARGETS,5,4,"{""top"": 1, ""skirt"": 1, ""shoe"": 2}","[""780"", ""783"", ""784"", ""785""]",[],/workspace/scratch/728b0ed5ee28/analysis/public_fashion_data/raw/fashionpedia/annotations/instances_attributes_val2020.json
train,Fashionpedia,../fashion_data/raw/fashionpedia/images/test/e7bd5aa16c1acc64616bf60ea3aa0c36.jpg,1,ADDITIONAL_RAW_TARGETS,3,2,"{""pants"": 1, ""top"": 1}","[""6038"", ""6043""]",[],/workspace/scratch/728b0ed5ee28/analysis/public_fashion_data/raw/fashionpedia/annotations/instances_attributes_val2020.json
train,Fashionpedia,../fashion_data/raw/fashionpedia/images/test/e9394b022e6a183812ed55e48292048f.jpg,1,ADDITIONAL_RAW_TARGETS,5,4,"{""shoe"": 2, ""top"": 1, ""outerwear"": 1}","[""4622"", ""4623"", ""4626"", ""4628""]",[],/workspace/scratch/728b0ed5ee28/analysis/public_fashion_data/raw/fashionpedia/annotations/instances_attributes_val2020.json
train,Fashionpedia,../fashion_data/raw/fashionpedia/images/test/ebb38e79797679a23f7959ebbe0337a0.jpg,1,ADDITIONAL_RAW_TARGETS,4,3,"{""top"": 1, ""dress"": 1, ""accessory"": 1}","[""2379"", ""2386"", ""2388""]",[],/workspace/scratch/728b0ed5ee28/analysis/public_fashion_data/raw/fashionpedia/annotations/instances_attributes_val2020.json
train,Fashionpedia,../fashion_data/raw/fashionpedia/images/test/ebd81bb9fb007fec37ab093678f48b21.jpg,1,ADDITIONAL_RAW_TARGETS,4,3,"{""shoe"": 2, ""top"": 1}","[""5015"", ""5016"", ""5018""]",[],/workspace/scratch/728b0ed5ee28/analysis/public_fashion_data/raw/fashionpedia/annotations/instances_attributes_val2020.json
train,Fashionpedia,../fashion_data/raw/fashionpedia/images/test/ef9dae290756a8dbcb1cde404da00a1a.jpg,3,ADDITIONAL_RAW_TARGETS,8,5,"{""accessory"": 2, ""outerwear"": 1, ""pants"": 1, ""shoe"": 1}","[""2155"", ""2159"", ""2161"", ""2162"", ""2165""]",[],/workspace/scratch/728b0ed5ee28/analysis/public_fashion_data/raw/fashionpedia/annotations/instances_attributes_val2020.json
train,Fashionpedia,../fashion_data/raw/fashionpedia/images/test/efd0bee7ed5502dcf4e482ddd63c7042.jpg,1,ADDITIONAL_RAW_TARGETS,6,5,"{""accessory"": 2, ""pants"": 1, ""top"": 1, ""shoe"": 1}","[""6242"", ""6243"", ""6246"", ""6249"", ""6251""]",[],/workspace/scratch/728b0ed5ee28/analysis/public_fashion_data/raw/fashionpedia/annotations/instances_attributes_val2020.json
train,Fashionpedia,../fashion_data/raw/fashionpedia/images/test/f06777ee045a0762aad3a7ec3111b864.jpg,1,ADDITIONAL_RAW_TARGETS,5,4,"{""top"": 1, ""pants"": 1, ""shoe"": 2}","[""3445"", ""3450"", ""3452"", ""3453""]",[],/workspace/scratch/728b0ed5ee28/analysis/public_fashion_data/raw/fashionpedia/annotations/instances_attributes_val2020.json
train,Fashionpedia,../fashion_data/raw/fashionpedia/images/test/f084bd0f4fe67b11b0e3a8a64db58e7f.jpg,1,ADDITIONAL_RAW_TARGETS,5,4,"{""top"": 1, ""pants"": 1, ""shoe"": 2}","[""3815"", ""3819"", ""3823"", ""3824""]",[],/workspace/scratch/728b0ed5ee28/analysis/public_fashion_data/raw/fashionpedia/annotations/instances_attributes_val2020.json
train,Fashionpedia,../fashion_data/raw/fashionpedia/images/test/f0ac4ba410f7dd70272184ff5fe4b5ce.jpg,1,ADDITIONAL_RAW_TARGETS,2,1,"{""top"": 1}","[""918""]",[],/workspace/scratch/728b0ed5ee28/analysis/public_fashion_data/raw/fashionpedia/annotations/instances_attributes_val2020.json
train,Fashionpedia,../fashion_data/raw/fashionpedia/images/test/f17fd9050a7d16a084f93c11b8506bb5.jpg,1,ADDITIONAL_RAW_TARGETS,4,3,"{""top"": 1, ""pants"": 1, ""shoe"": 1}","[""5106"", ""5108"", ""5110""]",[],/workspace/scratch/728b0ed5ee28/analysis/public_fashion_data/raw/fashionpedia/annotations/instances_attributes_val2020.json
train,Fashionpedia,../fashion_data/raw/fashionpedia/images/test/f184df3bcf321ef5d3e4d5a513ade947.jpg,1,ADDITIONAL_RAW_TARGETS,6,5,"{""top"": 1, ""shoe"": 2, ""accessory"": 2}","[""4611"", ""4616"", ""4617"", ""4618"", ""4619""]",[],/workspace/scratch/728b0ed5ee28/analysis/public_fashion_data/raw/fashionpedia/annotations/instances_attributes_val2020.json
train,Fashionpedia,../fashion_data/raw/fashionpedia/images/test/f34e07c4b4f56e31d7ccc19ad83de29b.jpg,1,ADDITIONAL_RAW_TARGETS,5,4,"{""outerwear"": 1, ""accessory"": 1, ""pants"": 1, ""shoe"": 1}","[""303"", ""310"", ""311"", ""313""]",[],/workspace/scratch/728b0ed5ee28/analysis/public_fashion_data/raw/fashionpedia/annotations/instances_attributes_val2020.json
train,Fashionpedia,../fashion_data/raw/fashionpedia/images/test/f417b7fde41f52411bd9b4eca0e65db4.jpg,1,ADDITIONAL_RAW_TARGETS,6,5,"{""shoe"": 2, ""pants"": 1, ""outerwear"": 1, ""accessory"": 1}","[""4852"", ""4854"", ""4855"", ""4858"", ""4864""]",[],/workspace/scratch/728b0ed5ee28/analysis/public_fashion_data/raw/fashionpedia/annotations/instances_attributes_val2020.json
train,Fashionpedia,../fashion_data/raw/fashionpedia/images/test/f4bf2404ce69fae4d8308a0c12c9c6fa.jpg,1,ADDITIONAL_RAW_TARGETS,5,4,"{""dress"": 1, ""shoe"": 2, ""accessory"": 1}","[""8060"", ""8063"", ""8064"", ""8067""]",[],/workspace/scratch/728b0ed5ee28/analysis/public_fashion_data/raw/fashionpedia/annotations/instances_attributes_val2020.json
train,Fashionpedia,../fashion_data/raw/fashionpedia/images/test/f4ffe227f128ce8aa508f300c03966b7.jpg,1,ADDITIONAL_RAW_TARGETS,3,2,"{""shoe"": 2}","[""4959"", ""4960""]",[],/workspace/scratch/728b0ed5ee28/analysis/public_fashion_data/raw/fashionpedia/annotations/instances_attributes_val2020.json
train,Fashionpedia,../fashion_data/raw/fashionpedia/images/test/f580bd3f0c42ec8305884c8a19c7a0d1.jpg,1,ADDITIONAL_RAW_TARGETS,4,3,"{""top"": 1, ""shoe"": 2}","[""8190"", ""8193"", ""8194""]",[],/workspace/scratch/728b0ed5ee28/analysis/public_fashion_data/raw/fashionpedia/annotations/instances_attributes_val2020.json
train,Fashionpedia,../fashion_data/raw/fashionpedia/images/test/f71e5303f0a10b85bf4bbc6c9cbee1ab.jpg,1,ADDITIONAL_RAW_TARGETS,7,6,"{""outerwear"": 1, ""skirt"": 1, ""accessory"": 2, ""shoe"": 2}","[""1767"", ""1771"", ""1772"", ""1774"", ""1776"", ""1777""]",[],/workspace/scratch/728b0ed5ee28/analysis/public_fashion_data/raw/fashionpedia/annotations/instances_attributes_val2020.json
train,Fashionpedia,../fashion_data/raw/fashionpedia/images/test/f767f960131554afda3064a73f90e9f8.jpg,1,ADDITIONAL_RAW_TARGETS,5,4,"{""accessory"": 1, ""shoe"": 2, ""dress"": 1}","[""8239"", ""8240"", ""8241"", ""8243""]",[],/workspace/scratch/728b0ed5ee28/analysis/public_fashion_data/raw/fashionpedia/annotations/instances_attributes_val2020.json
train,Fashionpedia,../fashion_data/raw/fashionpedia/images/test/f79f1d0fc8dfae388e8a1887623228ea.jpg,1,ADDITIONAL_RAW_TARGETS,5,4,"{""top"": 1, ""pants"": 1, ""shoe"": 2}","[""7812"", ""7817"", ""7818"", ""7819""]",[],/workspace/scratch/728b0ed5ee28/analysis/public_fashion_data/raw/fashionpedia/annotations/instances_attributes_val2020.json
train,Fashionpedia,../fashion_data/raw/fashionpedia/images/test/f89405533537dc196ae40e5ec36b2b08.jpg,2,ADDITIONAL_RAW_TARGETS,9,7,"{""accessory"": 3, ""outerwear"": 1, ""top"": 1, ""pants"": 1, ""bag"": 1}","[""4477"", ""4479"", ""4482"", ""4485"", ""4486"", ""4487"", ""4489""]",[],/workspace/scratch/728b0ed5ee28/analysis/public_fashion_data/raw/fashionpedia/annotations/instances_attributes_val2020.json
train,Fashionpedia,../fashion_data/raw/fashionpedia/images/test/f94473431eecc5ca5f6434ee413fc2d0.jpg,1,ADDITIONAL_RAW_TARGETS,5,4,"{""outerwear"": 1, ""top"": 1, ""pants"": 1, ""shoe"": 1}","[""6382"", ""6383"", ""6386"", ""6388""]",[],/workspace/scratch/728b0ed5ee28/analysis/public_fashion_data/raw/fashionpedia/annotations/instances_attributes_val2020.json
train,Fashionpedia,../fashion_data/raw/fashionpedia/images/test/fa6fe8a772afec21850eaf4cf5fc72fd.jpg,1,ADDITIONAL_RAW_TARGETS,6,5,"{""top"": 1, ""pants"": 1, ""accessory"": 1, ""shoe"": 2}","[""6151"", ""6152"", ""6159"", ""6161"", ""6162""]",[],/workspace/scratch/728b0ed5ee28/analysis/public_fashion_data/raw/fashionpedia/annotations/instances_attributes_val2020.json
train,Fashionpedia,../fashion_data/raw/fashionpedia/images/test/fa9d0d5edd31d61640e21fafc6aaa2c2.jpg,1,ADDITIONAL_RAW_TARGETS,4,3,"{""pants"": 1, ""accessory"": 1, ""top"": 1}","[""2274"", ""2275"", ""2277""]",[],/workspace/scratch/728b0ed5ee28/analysis/public_fashion_data/raw/fashionpedia/annotations/instances_attributes_val2020.json
train,Fashionpedia,../fashion_data/raw/fashionpedia/images/test/fad1a9c9583ecdcf383d47d322fbc53a.jpg,1,ADDITIONAL_RAW_TARGETS,4,3,"{""pants"": 1, ""top"": 1, ""outerwear"": 1}","[""7087"", ""7090"", ""7093""]",[],/workspace/scratch/728b0ed5ee28/analysis/public_fashion_data/raw/fashionpedia/annotations/instances_attributes_val2020.json
train,Fashionpedia,../fashion_data/raw/fashionpedia/images/test/fb24ea2a89e0ec6dc4b093ccbb2fc743.jpg,1,ADDITIONAL_RAW_TARGETS,8,7,"{""top"": 1, ""skirt"": 1, ""accessory"": 3, ""shoe"": 2}","[""5068"", ""5069"", ""5071"", ""5072"", ""5073"", ""5074"", ""5075""]",[],/workspace/scratch/728b0ed5ee28/analysis/public_fashion_data/raw/fashionpedia/annotations/instances_attributes_val2020.json
train,Fashionpedia,../fashion_data/raw/fashionpedia/images/test/fcc71ab647c43d3bdae6ba5e9349464d.jpg,1,ADDITIONAL_RAW_TARGETS,7,6,"{""outerwear"": 1, ""accessory"": 2, ""top"": 2, ""pants"": 1}","[""507"", ""511"", ""512"", ""514"", ""517"", ""518""]",[],/workspace/scratch/728b0ed5ee28/analysis/public_fashion_data/raw/fashionpedia/annotations/instances_attributes_val2020.json
train,Fashionpedia,../fashion_data/raw/fashionpedia/images/test/fd860a8100f35a28da87cec4c565ecdd.jpg,1,ADDITIONAL_RAW_TARGETS,5,4,"{""pants"": 1, ""accessory"": 1, ""bag"": 1, ""top"": 1}","[""1411"", ""1414"", ""1415"", ""1416""]",[],/workspace/scratch/728b0ed5ee28/analysis/public_fashion_data/raw/fashionpedia/annotations/instances_attributes_val2020.json
train,Fashionpedia,../fashion_data/raw/fashionpedia/images/test/feaf57ce6d6018c613fc1e6646eb8d61.jpg,1,ADDITIONAL_RAW_TARGETS,8,7,"{""skirt"": 1, ""top"": 1, ""accessory"": 2, ""shoe"": 2, ""outerwear"": 1}","[""3066"", ""3068"", ""3069"", ""3070"", ""3071"", ""3072"", ""3073""]",[],/workspace/scratch/728b0ed5ee28/analysis/public_fashion_data/raw/fashionpedia/annotations/instances_attributes_val2020.json
train,Fashionpedia,../fashion_data/raw/fashionpedia/images/test/fffea54b50ac7e4bf24688c8614a5f27.jpg,1,ADDITIONAL_RAW_TARGETS,4,3,"{""dress"": 1, ""shoe"": 2}","[""6333"", ""6334"", ""6335""]",[],/workspace/scratch/728b0ed5ee28/analysis/public_fashion_data/raw/fashionpedia/annotations/instances_attributes_val2020.json
validation,DeepFashion2,../fashion_data/raw/train/train/image/002278.jpg,1,RAW_ANNOTATION_FILE_MISSING,,,,,,/workspace/scratch/728b0ed5ee28/analysis/public_fashion_data/raw/train/train/annos/002278.json
validation,DeepFashion2,../fashion_data/raw/train/train/image/004648.jpg,1,RAW_ANNOTATION_FILE_MISSING,,,,,,/workspace/scratch/728b0ed5ee28/analysis/public_fashion_data/raw/train/train/annos/004648.json
validation,DeepFashion2,../fashion_data/raw/train/train/image/013010.jpg,2,RAW_ANNOTATION_FILE_MISSING,,,,,,/workspace/scratch/728b0ed5ee28/analysis/public_fashion_data/raw/train/train/annos/013010.json
validation,DeepFashion2,../fashion_data/raw/train/train/image/015031.jpg,1,RAW_ANNOTATION_FILE_MISSING,,,,,,/workspace/scratch/728b0ed5ee28/analysis/public_fashion_data/raw/train/train/annos/015031.json
validation,DeepFashion2,../fashion_data/raw/train/train/image/019779.jpg,1,RAW_ANNOTATION_FILE_MISSING,,,,,,/workspace/scratch/728b0ed5ee28/analysis/public_fashion_data/raw/train/train/annos/019779.json
validation,DeepFashion2,../fashion_data/raw/train/train/image/032014.jpg,1,RAW_ANNOTATION_FILE_MISSING,,,,,,/workspace/scratch/728b0ed5ee28/analysis/public_fashion_data/raw/train/train/annos/032014.json
validation,DeepFashion2,../fashion_data/raw/train/train/image/051719.jpg,1,RAW_ANNOTATION_FILE_MISSING,,,,,,/workspace/scratch/728b0ed5ee28/analysis/public_fashion_data/raw/train/train/annos/051719.json
validation,DeepFashion2,../fashion_data/raw/train/train/image/073497.jpg,2,RAW_ANNOTATION_FILE_MISSING,,,,,,/workspace/scratch/728b0ed5ee28/analysis/public_fashion_data/raw/train/train/annos/073497.json
validation,DeepFashion2,../fashion_data/raw/train/train/image/079537.jpg,2,RAW_ANNOTATION_FILE_MISSING,,,,,,/workspace/scratch/728b0ed5ee28/analysis/public_fashion_data/raw/train/train/annos/079537.json
validation,DeepFashion2,../fashion_data/raw/train/train/image/092719.jpg,1,RAW_ANNOTATION_FILE_MISSING,,,,,,/workspace/scratch/728b0ed5ee28/analysis/public_fashion_data/raw/train/train/annos/092719.json
validation,DeepFashion2,../fashion_data/raw/train/train/image/096778.jpg,2,RAW_ANNOTATION_FILE_MISSING,,,,,,/workspace/scratch/728b0ed5ee28/analysis/public_fashion_data/raw/train/train/annos/096778.json
validation,DeepFashion2,../fashion_data/raw/train/train/image/101034.jpg,2,RAW_ANNOTATION_FILE_MISSING,,,,,,/workspace/scratch/728b0ed5ee28/analysis/public_fashion_data/raw/train/train/annos/101034.json
validation,DeepFashion2,../fashion_data/raw/train/train/image/114238.jpg,2,RAW_ANNOTATION_FILE_MISSING,,,,,,/workspace/scratch/728b0ed5ee28/analysis/public_fashion_data/raw/train/train/annos/114238.json
validation,DeepFashion2,../fashion_data/raw/train/train/image/124892.jpg,2,RAW_ANNOTATION_FILE_MISSING,,,,,,/workspace/scratch/728b0ed5ee28/analysis/public_fashion_data/raw/train/train/annos/124892.json
validation,DeepFashion2,../fashion_data/raw/train/train/image/142658.jpg,2,RAW_ANNOTATION_FILE_MISSING,,,,,,/workspace/scratch/728b0ed5ee28/analysis/public_fashion_data/raw/train/train/annos/142658.json
validation,DeepFashion2,../fashion_data/raw/train/train/image/146128.jpg,1,RAW_ANNOTATION_FILE_MISSING,,,,,,/workspace/scratch/728b0ed5ee28/analysis/public_fashion_data/raw/train/train/annos/146128.json
validation,DeepFashion2,../fashion_data/raw/train/train/image/152326.jpg,2,RAW_ANNOTATION_FILE_MISSING,,,,,,/workspace/scratch/728b0ed5ee28/analysis/public_fashion_data/raw/train/train/annos/152326.json
validation,DeepFashion2,../fashion_data/raw/train/train/image/174323.jpg,2,RAW_ANNOTATION_FILE_MISSING,,,,,,/workspace/scratch/728b0ed5ee28/analysis/public_fashion_data/raw/train/train/annos/174323.json
validation,DeepFashion2,../fashion_data/raw/train/train/image/178287.jpg,2,RAW_ANNOTATION_FILE_MISSING,,,,,,/workspace/scratch/728b0ed5ee28/analysis/public_fashion_data/raw/train/train/annos/178287.json
validation,DeepFashion2,../fashion_data/raw/train/train/image/184087.jpg,1,RAW_ANNOTATION_FILE_MISSING,,,,,,/workspace/scratch/728b0ed5ee28/analysis/public_fashion_data/raw/train/train/annos/184087.json
validation,Fashionpedia,../fashion_data/raw/fashionpedia/images/test/311db0d6f5b7be84ac3c952a443ef981.jpg,1,ADDITIONAL_RAW_TARGETS,4,3,"{""pants"": 1, ""shoe"": 1, ""top"": 1}","[""6948"", ""6949"", ""6951""]",[],/workspace/scratch/728b0ed5ee28/analysis/public_fashion_data/raw/fashionpedia/annotations/instances_attributes_val2020.json
validation,Fashionpedia,../fashion_data/raw/fashionpedia/images/test/32227cade6d3646824f9c0f3fa9dc9e7.jpg,1,ADDITIONAL_RAW_TARGETS,6,5,"{""outerwear"": 1, ""accessory"": 2, ""shoe"": 2}","[""7673"", ""7677"", ""7679"", ""7680"", ""7681""]",[],/workspace/scratch/728b0ed5ee28/analysis/public_fashion_data/raw/fashionpedia/annotations/instances_attributes_val2020.json
validation,Fashionpedia,../fashion_data/raw/fashionpedia/images/test/33846044d27032d3988b9b4b7e22e252.jpg,1,ADDITIONAL_RAW_TARGETS,4,3,"{""shoe"": 1, ""pants"": 1, ""dress"": 1}","[""4585"", ""4587"", ""4588""]",[],/workspace/scratch/728b0ed5ee28/analysis/public_fashion_data/raw/fashionpedia/annotations/instances_attributes_val2020.json
validation,Fashionpedia,../fashion_data/raw/fashionpedia/images/test/33cfdcbd48019b09e36a78c428bbae1d.jpg,1,ADDITIONAL_RAW_TARGETS,5,4,"{""top"": 1, ""pants"": 1, ""shoe"": 1, ""accessory"": 1}","[""6505"", ""6509"", ""6511"", ""6512""]",[],/workspace/scratch/728b0ed5ee28/analysis/public_fashion_data/raw/fashionpedia/annotations/instances_attributes_val2020.json
validation,Fashionpedia,../fashion_data/raw/fashionpedia/images/test/3bf082a96a03a1c8f75e1d1d0ebf42d2.jpg,1,ADDITIONAL_RAW_TARGETS,8,7,"{""accessory"": 2, ""outerwear"": 1, ""top"": 1, ""pants"": 1, ""shoe"": 2}","[""3403"", ""3404"", ""3411"", ""3413"", ""3415"", ""3416"", ""3417""]",[],/workspace/scratch/728b0ed5ee28/analysis/public_fashion_data/raw/fashionpedia/annotations/instances_attributes_val2020.json
validation,Fashionpedia,../fashion_data/raw/fashionpedia/images/test/4f23f05daee3cbdd96295f84825e3581.jpg,1,ADDITIONAL_RAW_TARGETS,4,3,"{""shoe"": 2, ""outerwear"": 1}","[""6081"", ""6082"", ""6083""]",[],/workspace/scratch/728b0ed5ee28/analysis/public_fashion_data/raw/fashionpedia/annotations/instances_attributes_val2020.json
validation,Fashionpedia,../fashion_data/raw/fashionpedia/images/test/77435fc234059dcb9e0bb3d73382bcc7.jpg,1,ADDITIONAL_RAW_TARGETS,9,8,"{""accessory"": 3, ""outerwear"": 1, ""bag"": 1, ""pants"": 1, ""shoe"": 2}","[""2413"", ""2414"", ""2418"", ""2419"", ""2420"", ""2421"", ""2423"", ""2424""]",[],/workspace/scratch/728b0ed5ee28/analysis/public_fashion_data/raw/fashionpedia/annotations/instances_attributes_val2020.json
validation,Fashionpedia,../fashion_data/raw/fashionpedia/images/test/89144779b3e40421facdb2eb70309356.jpg,1,ADDITIONAL_RAW_TARGETS,3,2,"{""dress"": 1, ""shoe"": 1}","[""8517"", ""8520""]",[],/workspace/scratch/728b0ed5ee28/analysis/public_fashion_data/raw/fashionpedia/annotations/instances_attributes_val2020.json
validation,Fashionpedia,../fashion_data/raw/fashionpedia/images/test/89f6e3ad94e5493906b4f3d0e16bdae1.jpg,1,ADDITIONAL_RAW_TARGETS,2,1,"{""top"": 1}","[""4504""]",[],/workspace/scratch/728b0ed5ee28/analysis/public_fashion_data/raw/fashionpedia/annotations/instances_attributes_val2020.json
validation,Fashionpedia,../fashion_data/raw/fashionpedia/images/test/cdd175f26ac87c01ec64fb2f02268654.jpg,1,ADDITIONAL_RAW_TARGETS,4,3,"{""shoe"": 2, ""dress"": 1}","[""7851"", ""7852"", ""7853""]",[],/workspace/scratch/728b0ed5ee28/analysis/public_fashion_data/raw/fashionpedia/annotations/instances_attributes_val2020.json
validation,Fashionpedia,../fashion_data/raw/fashionpedia/images/test/dd4525a10b6110df29f0a6b19e6b924b.jpg,1,ADDITIONAL_RAW_TARGETS,4,3,"{""dress"": 1, ""shoe"": 2}","[""2757"", ""2761"", ""2762""]",[],/workspace/scratch/728b0ed5ee28/analysis/public_fashion_data/raw/fashionpedia/annotations/instances_attributes_val2020.json
validation,Fashionpedia,../fashion_data/raw/fashionpedia/images/test/fac6412c2873388612c4ec4cda414ac6.jpg,1,ADDITIONAL_RAW_TARGETS,4,3,"{""dress"": 1, ""shoe"": 2}","[""7325"", ""7327"", ""7328""]",[],/workspace/scratch/728b0ed5ee28/analysis/public_fashion_data/raw/fashionpedia/annotations/instances_attributes_val2020.json
core_selected,DeepFashion2,../fashion_data/raw/train/train/image/000030.jpg,1,RAW_ANNOTATION_FILE_MISSING,,,,,,/workspace/scratch/728b0ed5ee28/analysis/public_fashion_data/raw/train/train/annos/000030.json
core_selected,DeepFashion2,../fashion_data/raw/train/train/image/002145.jpg,1,RAW_ANNOTATION_FILE_MISSING,,,,,,/workspace/scratch/728b0ed5ee28/analysis/public_fashion_data/raw/train/train/annos/002145.json
core_selected,DeepFashion2,../fashion_data/raw/train/train/image/002356.jpg,1,RAW_ANNOTATION_FILE_MISSING,,,,,,/workspace/scratch/728b0ed5ee28/analysis/public_fashion_data/raw/train/train/annos/002356.json
core_selected,DeepFashion2,../fashion_data/raw/train/train/image/002606.jpg,1,RAW_ANNOTATION_FILE_MISSING,,,,,,/workspace/scratch/728b0ed5ee28/analysis/public_fashion_data/raw/train/train/annos/002606.json
core_selected,DeepFashion2,../fashion_data/raw/train/train/image/003154.jpg,1,RAW_ANNOTATION_FILE_MISSING,,,,,,/workspace/scratch/728b0ed5ee28/analysis/public_fashion_data/raw/train/train/annos/003154.json
core_selected,DeepFashion2,../fashion_data/raw/train/train/image/003346.jpg,1,RAW_ANNOTATION_FILE_MISSING,,,,,,/workspace/scratch/728b0ed5ee28/analysis/public_fashion_data/raw/train/train/annos/003346.json
core_selected,DeepFashion2,../fashion_data/raw/train/train/image/008751.jpg,1,RAW_ANNOTATION_FILE_MISSING,,,,,,/workspace/scratch/728b0ed5ee28/analysis/public_fashion_data/raw/train/train/annos/008751.json
core_selected,DeepFashion2,../fashion_data/raw/train/train/image/009347.jpg,1,RAW_ANNOTATION_FILE_MISSING,,,,,,/workspace/scratch/728b0ed5ee28/analysis/public_fashion_data/raw/train/train/annos/009347.json
core_selected,DeepFashion2,../fashion_data/raw/train/train/image/009613.jpg,1,RAW_ANNOTATION_FILE_MISSING,,,,,,/workspace/scratch/728b0ed5ee28/analysis/public_fashion_data/raw/train/train/annos/009613.json
core_selected,DeepFashion2,../fashion_data/raw/train/train/image/009625.jpg,1,RAW_ANNOTATION_FILE_MISSING,,,,,,/workspace/scratch/728b0ed5ee28/analysis/public_fashion_data/raw/train/train/annos/009625.json
core_selected,DeepFashion2,../fashion_data/raw/train/train/image/010976.jpg,1,RAW_ANNOTATION_FILE_MISSING,,,,,,/workspace/scratch/728b0ed5ee28/analysis/public_fashion_data/raw/train/train/annos/010976.json
core_selected,DeepFashion2,../fashion_data/raw/train/train/image/011155.jpg,1,RAW_ANNOTATION_FILE_MISSING,,,,,,/workspace/scratch/728b0ed5ee28/analysis/public_fashion_data/raw/train/train/annos/011155.json
core_selected,DeepFashion2,../fashion_data/raw/train/train/image/011287.jpg,1,RAW_ANNOTATION_FILE_MISSING,,,,,,/workspace/scratch/728b0ed5ee28/analysis/public_fashion_data/raw/train/train/annos/011287.json
core_selected,DeepFashion2,../fashion_data/raw/train/train/image/013262.jpg,1,RAW_ANNOTATION_FILE_MISSING,,,,,,/workspace/scratch/728b0ed5ee28/analysis/public_fashion_data/raw/train/train/annos/013262.json
core_selected,DeepFashion2,../fashion_data/raw/train/train/image/013530.jpg,1,RAW_ANNOTATION_FILE_MISSING,,,,,,/workspace/scratch/728b0ed5ee28/analysis/public_fashion_data/raw/train/train/annos/013530.json
core_selected,DeepFashion2,../fashion_data/raw/train/train/image/014148.jpg,1,RAW_ANNOTATION_FILE_MISSING,,,,,,/workspace/scratch/728b0ed5ee28/analysis/public_fashion_data/raw/train/train/annos/014148.json
core_selected,DeepFashion2,../fashion_data/raw/train/train/image/015412.jpg,1,RAW_ANNOTATION_FILE_MISSING,,,,,,/workspace/scratch/728b0ed5ee28/analysis/public_fashion_data/raw/train/train/annos/015412.json
core_selected,DeepFashion2,../fashion_data/raw/train/train/image/015729.jpg,1,RAW_ANNOTATION_FILE_MISSING,,,,,,/workspace/scratch/728b0ed5ee28/analysis/public_fashion_data/raw/train/train/annos/015729.json
core_selected,DeepFashion2,../fashion_data/raw/train/train/image/016956.jpg,1,RAW_ANNOTATION_FILE_MISSING,,,,,,/workspace/scratch/728b0ed5ee28/analysis/public_fashion_data/raw/train/train/annos/016956.json
core_selected,DeepFashion2,../fashion_data/raw/train/train/image/017043.jpg,1,RAW_ANNOTATION_FILE_MISSING,,,,,,/workspace/scratch/728b0ed5ee28/analysis/public_fashion_data/raw/train/train/annos/017043.json
core_selected,DeepFashion2,../fashion_data/raw/train/train/image/017444.jpg,1,RAW_ANNOTATION_FILE_MISSING,,,,,,/workspace/scratch/728b0ed5ee28/analysis/public_fashion_data/raw/train/train/annos/017444.json
core_selected,DeepFashion2,../fashion_data/raw/train/train/image/019252.jpg,1,RAW_ANNOTATION_FILE_MISSING,,,,,,/workspace/scratch/728b0ed5ee28/analysis/public_fashion_data/raw/train/train/annos/019252.json
core_selected,DeepFashion2,../fashion_data/raw/train/train/image/019502.jpg,1,RAW_ANNOTATION_FILE_MISSING,,,,,,/workspace/scratch/728b0ed5ee28/analysis/public_fashion_data/raw/train/train/annos/019502.json
core_selected,DeepFashion2,../fashion_data/raw/train/train/image/020193.jpg,1,RAW_ANNOTATION_FILE_MISSING,,,,,,/workspace/scratch/728b0ed5ee28/analysis/public_fashion_data/raw/train/train/annos/020193.json
core_selected,DeepFashion2,../fashion_data/raw/train/train/image/021661.jpg,1,RAW_ANNOTATION_FILE_MISSING,,,,,,/workspace/scratch/728b0ed5ee28/analysis/public_fashion_data/raw/train/train/annos/021661.json
core_selected,DeepFashion2,../fashion_data/raw/train/train/image/021851.jpg,1,RAW_ANNOTATION_FILE_MISSING,,,,,,/workspace/scratch/728b0ed5ee28/analysis/public_fashion_data/raw/train/train/annos/021851.json
core_selected,DeepFashion2,../fashion_data/raw/train/train/image/022015.jpg,1,RAW_ANNOTATION_FILE_MISSING,,,,,,/workspace/scratch/728b0ed5ee28/analysis/public_fashion_data/raw/train/train/annos/022015.json
core_selected,DeepFashion2,../fashion_data/raw/train/train/image/022171.jpg,1,RAW_ANNOTATION_FILE_MISSING,,,,,,/workspace/scratch/728b0ed5ee28/analysis/public_fashion_data/raw/train/train/annos/022171.json
core_selected,DeepFashion2,../fashion_data/raw/train/train/image/023422.jpg,1,RAW_ANNOTATION_FILE_MISSING,,,,,,/workspace/scratch/728b0ed5ee28/analysis/public_fashion_data/raw/train/train/annos/023422.json
core_selected,DeepFashion2,../fashion_data/raw/train/train/image/024251.jpg,1,RAW_ANNOTATION_FILE_MISSING,,,,,,/workspace/scratch/728b0ed5ee28/analysis/public_fashion_data/raw/train/train/annos/024251.json
core_selected,DeepFashion2,../fashion_data/raw/train/train/image/025637.jpg,1,RAW_ANNOTATION_FILE_MISSING,,,,,,/workspace/scratch/728b0ed5ee28/analysis/public_fashion_data/raw/train/train/annos/025637.json
core_selected,DeepFashion2,../fashion_data/raw/train/train/image/026481.jpg,1,RAW_ANNOTATION_FILE_MISSING,,,,,,/workspace/scratch/728b0ed5ee28/analysis/public_fashion_data/raw/train/train/annos/026481.json
core_selected,DeepFashion2,../fashion_data/raw/train/train/image/027992.jpg,1,RAW_ANNOTATION_FILE_MISSING,,,,,,/workspace/scratch/728b0ed5ee28/analysis/public_fashion_data/raw/train/train/annos/027992.json
core_selected,DeepFashion2,../fashion_data/raw/train/train/image/029778.jpg,1,RAW_ANNOTATION_FILE_MISSING,,,,,,/workspace/scratch/728b0ed5ee28/analysis/public_fashion_data/raw/train/train/annos/029778.json
core_selected,DeepFashion2,../fashion_data/raw/train/train/image/030539.jpg,1,RAW_ANNOTATION_FILE_MISSING,,,,,,/workspace/scratch/728b0ed5ee28/analysis/public_fashion_data/raw/train/train/annos/030539.json
core_selected,DeepFashion2,../fashion_data/raw/train/train/image/030915.jpg,1,RAW_ANNOTATION_FILE_MISSING,,,,,,/workspace/scratch/728b0ed5ee28/analysis/public_fashion_data/raw/train/train/annos/030915.json
core_selected,DeepFashion2,../fashion_data/raw/train/train/image/031100.jpg,1,RAW_ANNOTATION_FILE_MISSING,,,,,,/workspace/scratch/728b0ed5ee28/analysis/public_fashion_data/raw/train/train/annos/031100.json
core_selected,DeepFashion2,../fashion_data/raw/train/train/image/032283.jpg,1,RAW_ANNOTATION_FILE_MISSING,,,,,,/workspace/scratch/728b0ed5ee28/analysis/public_fashion_data/raw/train/train/annos/032283.json
core_selected,DeepFashion2,../fashion_data/raw/train/train/image/033105.jpg,1,RAW_ANNOTATION_FILE_MISSING,,,,,,/workspace/scratch/728b0ed5ee28/analysis/public_fashion_data/raw/train/train/annos/033105.json
core_selected,DeepFashion2,../fashion_data/raw/train/train/image/034082.jpg,1,RAW_ANNOTATION_FILE_MISSING,,,,,,/workspace/scratch/728b0ed5ee28/analysis/public_fashion_data/raw/train/train/annos/034082.json
core_selected,DeepFashion2,../fashion_data/raw/train/train/image/034749.jpg,1,RAW_ANNOTATION_FILE_MISSING,,,,,,/workspace/scratch/728b0ed5ee28/analysis/public_fashion_data/raw/train/train/annos/034749.json
core_selected,DeepFashion2,../fashion_data/raw/train/train/image/035199.jpg,1,RAW_ANNOTATION_FILE_MISSING,,,,,,/workspace/scratch/728b0ed5ee28/analysis/public_fashion_data/raw/train/train/annos/035199.json
core_selected,DeepFashion2,../fashion_data/raw/train/train/image/035517.jpg,1,RAW_ANNOTATION_FILE_MISSING,,,,,,/workspace/scratch/728b0ed5ee28/analysis/public_fashion_data/raw/train/train/annos/035517.json
core_selected,DeepFashion2,../fashion_data/raw/train/train/image/035861.jpg,1,RAW_ANNOTATION_FILE_MISSING,,,,,,/workspace/scratch/728b0ed5ee28/analysis/public_fashion_data/raw/train/train/annos/035861.json
core_selected,DeepFashion2,../fashion_data/raw/train/train/image/036544.jpg,1,RAW_ANNOTATION_FILE_MISSING,,,,,,/workspace/scratch/728b0ed5ee28/analysis/public_fashion_data/raw/train/train/annos/036544.json
core_selected,DeepFashion2,../fashion_data/raw/train/train/image/036674.jpg,1,RAW_ANNOTATION_FILE_MISSING,,,,,,/workspace/scratch/728b0ed5ee28/analysis/public_fashion_data/raw/train/train/annos/036674.json
core_selected,DeepFashion2,../fashion_data/raw/train/train/image/037017.jpg,1,RAW_ANNOTATION_FILE_MISSING,,,,,,/workspace/scratch/728b0ed5ee28/analysis/public_fashion_data/raw/train/train/annos/037017.json
core_selected,DeepFashion2,../fashion_data/raw/train/train/image/037086.jpg,1,RAW_ANNOTATION_FILE_MISSING,,,,,,/workspace/scratch/728b0ed5ee28/analysis/public_fashion_data/raw/train/train/annos/037086.json
core_selected,DeepFashion2,../fashion_data/raw/train/train/image/039006.jpg,1,RAW_ANNOTATION_FILE_MISSING,,,,,,/workspace/scratch/728b0ed5ee28/analysis/public_fashion_data/raw/train/train/annos/039006.json
core_selected,DeepFashion2,../fashion_data/raw/train/train/image/039931.jpg,1,RAW_ANNOTATION_FILE_MISSING,,,,,,/workspace/scratch/728b0ed5ee28/analysis/public_fashion_data/raw/train/train/annos/039931.json
core_selected,DeepFashion2,../fashion_data/raw/train/train/image/040782.jpg,1,RAW_ANNOTATION_FILE_MISSING,,,,,,/workspace/scratch/728b0ed5ee28/analysis/public_fashion_data/raw/train/train/annos/040782.json
core_selected,DeepFashion2,../fashion_data/raw/train/train/image/040842.jpg,1,RAW_ANNOTATION_FILE_MISSING,,,,,,/workspace/scratch/728b0ed5ee28/analysis/public_fashion_data/raw/train/train/annos/040842.json
core_selected,DeepFashion2,../fashion_data/raw/train/train/image/041482.jpg,1,RAW_ANNOTATION_FILE_MISSING,,,,,,/workspace/scratch/728b0ed5ee28/analysis/public_fashion_data/raw/train/train/annos/041482.json
core_selected,DeepFashion2,../fashion_data/raw/train/train/image/041520.jpg,1,RAW_ANNOTATION_FILE_MISSING,,,,,,/workspace/scratch/728b0ed5ee28/analysis/public_fashion_data/raw/train/train/annos/041520.json
core_selected,DeepFashion2,../fashion_data/raw/train/train/image/042495.jpg,1,RAW_ANNOTATION_FILE_MISSING,,,,,,/workspace/scratch/728b0ed5ee28/analysis/public_fashion_data/raw/train/train/annos/042495.json
core_selected,DeepFashion2,../fashion_data/raw/train/train/image/043181.jpg,1,RAW_ANNOTATION_FILE_MISSING,,,,,,/workspace/scratch/728b0ed5ee28/analysis/public_fashion_data/raw/train/train/annos/043181.json
core_selected,DeepFashion2,../fashion_data/raw/train/train/image/043213.jpg,1,RAW_ANNOTATION_FILE_MISSING,,,,,,/workspace/scratch/728b0ed5ee28/analysis/public_fashion_data/raw/train/train/annos/043213.json
core_selected,DeepFashion2,../fashion_data/raw/train/train/image/043686.jpg,1,RAW_ANNOTATION_FILE_MISSING,,,,,,/workspace/scratch/728b0ed5ee28/analysis/public_fashion_data/raw/train/train/annos/043686.json
core_selected,DeepFashion2,../fashion_data/raw/train/train/image/044433.jpg,1,RAW_ANNOTATION_FILE_MISSING,,,,,,/workspace/scratch/728b0ed5ee28/analysis/public_fashion_data/raw/train/train/annos/044433.json
core_selected,DeepFashion2,../fashion_data/raw/train/train/image/046348.jpg,1,RAW_ANNOTATION_FILE_MISSING,,,,,,/workspace/scratch/728b0ed5ee28/analysis/public_fashion_data/raw/train/train/annos/046348.json
core_selected,DeepFashion2,../fashion_data/raw/train/train/image/046633.jpg,1,RAW_ANNOTATION_FILE_MISSING,,,,,,/workspace/scratch/728b0ed5ee28/analysis/public_fashion_data/raw/train/train/annos/046633.json
core_selected,DeepFashion2,../fashion_data/raw/train/train/image/048987.jpg,1,RAW_ANNOTATION_FILE_MISSING,,,,,,/workspace/scratch/728b0ed5ee28/analysis/public_fashion_data/raw/train/train/annos/048987.json
core_selected,DeepFashion2,../fashion_data/raw/train/train/image/049578.jpg,1,RAW_ANNOTATION_FILE_MISSING,,,,,,/workspace/scratch/728b0ed5ee28/analysis/public_fashion_data/raw/train/train/annos/049578.json
core_selected,DeepFashion2,../fashion_data/raw/train/train/image/050133.jpg,1,RAW_ANNOTATION_FILE_MISSING,,,,,,/workspace/scratch/728b0ed5ee28/analysis/public_fashion_data/raw/train/train/annos/050133.json
core_selected,DeepFashion2,../fashion_data/raw/train/train/image/050829.jpg,1,RAW_ANNOTATION_FILE_MISSING,,,,,,/workspace/scratch/728b0ed5ee28/analysis/public_fashion_data/raw/train/train/annos/050829.json
core_selected,DeepFashion2,../fashion_data/raw/train/train/image/051038.jpg,1,RAW_ANNOTATION_FILE_MISSING,,,,,,/workspace/scratch/728b0ed5ee28/analysis/public_fashion_data/raw/train/train/annos/051038.json
core_selected,DeepFashion2,../fashion_data/raw/train/train/image/053306.jpg,1,RAW_ANNOTATION_FILE_MISSING,,,,,,/workspace/scratch/728b0ed5ee28/analysis/public_fashion_data/raw/train/train/annos/053306.json
core_selected,DeepFashion2,../fashion_data/raw/train/train/image/053448.jpg,1,RAW_ANNOTATION_FILE_MISSING,,,,,,/workspace/scratch/728b0ed5ee28/analysis/public_fashion_data/raw/train/train/annos/053448.json
core_selected,DeepFashion2,../fashion_data/raw/train/train/image/053896.jpg,1,RAW_ANNOTATION_FILE_MISSING,,,,,,/workspace/scratch/728b0ed5ee28/analysis/public_fashion_data/raw/train/train/annos/053896.json
core_selected,DeepFashion2,../fashion_data/raw/train/train/image/055476.jpg,1,RAW_ANNOTATION_FILE_MISSING,,,,,,/workspace/scratch/728b0ed5ee28/analysis/public_fashion_data/raw/train/train/annos/055476.json
core_selected,DeepFashion2,../fashion_data/raw/train/train/image/060041.jpg,1,RAW_ANNOTATION_FILE_MISSING,,,,,,/workspace/scratch/728b0ed5ee28/analysis/public_fashion_data/raw/train/train/annos/060041.json
core_selected,DeepFashion2,../fashion_data/raw/train/train/image/061377.jpg,1,RAW_ANNOTATION_FILE_MISSING,,,,,,/workspace/scratch/728b0ed5ee28/analysis/public_fashion_data/raw/train/train/annos/061377.json
core_selected,DeepFashion2,../fashion_data/raw/train/train/image/062914.jpg,1,RAW_ANNOTATION_FILE_MISSING,,,,,,/workspace/scratch/728b0ed5ee28/analysis/public_fashion_data/raw/train/train/annos/062914.json
core_selected,DeepFashion2,../fashion_data/raw/train/train/image/063330.jpg,1,RAW_ANNOTATION_FILE_MISSING,,,,,,/workspace/scratch/728b0ed5ee28/analysis/public_fashion_data/raw/train/train/annos/063330.json
core_selected,DeepFashion2,../fashion_data/raw/train/train/image/064444.jpg,1,RAW_ANNOTATION_FILE_MISSING,,,,,,/workspace/scratch/728b0ed5ee28/analysis/public_fashion_data/raw/train/train/annos/064444.json
core_selected,DeepFashion2,../fashion_data/raw/train/train/image/066524.jpg,1,RAW_ANNOTATION_FILE_MISSING,,,,,,/workspace/scratch/728b0ed5ee28/analysis/public_fashion_data/raw/train/train/annos/066524.json
core_selected,DeepFashion2,../fashion_data/raw/train/train/image/068565.jpg,1,RAW_ANNOTATION_FILE_MISSING,,,,,,/workspace/scratch/728b0ed5ee28/analysis/public_fashion_data/raw/train/train/annos/068565.json
core_selected,DeepFashion2,../fashion_data/raw/train/train/image/068996.jpg,1,RAW_ANNOTATION_FILE_MISSING,,,,,,/workspace/scratch/728b0ed5ee28/analysis/public_fashion_data/raw/train/train/annos/068996.json
core_selected,DeepFashion2,../fashion_data/raw/train/train/image/069374.jpg,1,RAW_ANNOTATION_FILE_MISSING,,,,,,/workspace/scratch/728b0ed5ee28/analysis/public_fashion_data/raw/train/train/annos/069374.json
core_selected,DeepFashion2,../fashion_data/raw/train/train/image/069587.jpg,1,RAW_ANNOTATION_FILE_MISSING,,,,,,/workspace/scratch/728b0ed5ee28/analysis/public_fashion_data/raw/train/train/annos/069587.json
core_selected,DeepFashion2,../fashion_data/raw/train/train/image/070551.jpg,1,RAW_ANNOTATION_FILE_MISSING,,,,,,/workspace/scratch/728b0ed5ee28/analysis/public_fashion_data/raw/train/train/annos/070551.json
core_selected,DeepFashion2,../fashion_data/raw/train/train/image/072874.jpg,1,RAW_ANNOTATION_FILE_MISSING,,,,,,/workspace/scratch/728b0ed5ee28/analysis/public_fashion_data/raw/train/train/annos/072874.json
core_selected,DeepFashion2,../fashion_data/raw/train/train/image/072899.jpg,1,RAW_ANNOTATION_FILE_MISSING,,,,,,/workspace/scratch/728b0ed5ee28/analysis/public_fashion_data/raw/train/train/annos/072899.json
core_selected,DeepFashion2,../fashion_data/raw/train/train/image/072975.jpg,1,RAW_ANNOTATION_FILE_MISSING,,,,,,/workspace/scratch/728b0ed5ee28/analysis/public_fashion_data/raw/train/train/annos/072975.json
core_selected,DeepFashion2,../fashion_data/raw/train/train/image/074407.jpg,1,RAW_ANNOTATION_FILE_MISSING,,,,,,/workspace/scratch/728b0ed5ee28/analysis/public_fashion_data/raw/train/train/annos/074407.json
core_selected,DeepFashion2,../fashion_data/raw/train/train/image/074544.jpg,1,RAW_ANNOTATION_FILE_MISSING,,,,,,/workspace/scratch/728b0ed5ee28/analysis/public_fashion_data/raw/train/train/annos/074544.json
core_selected,DeepFashion2,../fashion_data/raw/train/train/image/075048.jpg,1,RAW_ANNOTATION_FILE_MISSING,,,,,,/workspace/scratch/728b0ed5ee28/analysis/public_fashion_data/raw/train/train/annos/075048.json
core_selected,DeepFashion2,../fashion_data/raw/train/train/image/075414.jpg,1,RAW_ANNOTATION_FILE_MISSING,,,,,,/workspace/scratch/728b0ed5ee28/analysis/public_fashion_data/raw/train/train/annos/075414.json
core_selected,DeepFashion2,../fashion_data/raw/train/train/image/075511.jpg,1,RAW_ANNOTATION_FILE_MISSING,,,,,,/workspace/scratch/728b0ed5ee28/analysis/public_fashion_data/raw/train/train/annos/075511.json
core_selected,DeepFashion2,../fashion_data/raw/train/train/image/075663.jpg,1,RAW_ANNOTATION_FILE_MISSING,,,,,,/workspace/scratch/728b0ed5ee28/analysis/public_fashion_data/raw/train/train/annos/075663.json
core_selected,DeepFashion2,../fashion_data/raw/train/train/image/075976.jpg,1,RAW_ANNOTATION_FILE_MISSING,,,,,,/workspace/scratch/728b0ed5ee28/analysis/public_fashion_data/raw/train/train/annos/075976.json
core_selected,DeepFashion2,../fashion_data/raw/train/train/image/077715.jpg,1,RAW_ANNOTATION_FILE_MISSING,,,,,,/workspace/scratch/728b0ed5ee28/analysis/public_fashion_data/raw/train/train/annos/077715.json
core_selected,DeepFashion2,../fashion_data/raw/train/train/image/078672.jpg,1,RAW_ANNOTATION_FILE_MISSING,,,,,,/workspace/scratch/728b0ed5ee28/analysis/public_fashion_data/raw/train/train/annos/078672.json
core_selected,DeepFashion2,../fashion_data/raw/train/train/image/079653.jpg,1,RAW_ANNOTATION_FILE_MISSING,,,,,,/workspace/scratch/728b0ed5ee28/analysis/public_fashion_data/raw/train/train/annos/079653.json
core_selected,DeepFashion2,../fashion_data/raw/train/train/image/080011.jpg,1,RAW_ANNOTATION_FILE_MISSING,,,,,,/workspace/scratch/728b0ed5ee28/analysis/public_fashion_data/raw/train/train/annos/080011.json
core_selected,DeepFashion2,../fashion_data/raw/train/train/image/080773.jpg,1,RAW_ANNOTATION_FILE_MISSING,,,,,,/workspace/scratch/728b0ed5ee28/analysis/public_fashion_data/raw/train/train/annos/080773.json
core_selected,DeepFashion2,../fashion_data/raw/train/train/image/081390.jpg,1,RAW_ANNOTATION_FILE_MISSING,,,,,,/workspace/scratch/728b0ed5ee28/analysis/public_fashion_data/raw/train/train/annos/081390.json
core_selected,DeepFashion2,../fashion_data/raw/train/train/image/081541.jpg,1,RAW_ANNOTATION_FILE_MISSING,,,,,,/workspace/scratch/728b0ed5ee28/analysis/public_fashion_data/raw/train/train/annos/081541.json
core_selected,DeepFashion2,../fashion_data/raw/train/train/image/081549.jpg,1,RAW_ANNOTATION_FILE_MISSING,,,,,,/workspace/scratch/728b0ed5ee28/analysis/public_fashion_data/raw/train/train/annos/081549.json
core_selected,DeepFashion2,../fashion_data/raw/train/train/image/084796.jpg,1,RAW_ANNOTATION_FILE_MISSING,,,,,,/workspace/scratch/728b0ed5ee28/analysis/public_fashion_data/raw/train/train/annos/084796.json
core_selected,DeepFashion2,../fashion_data/raw/train/train/image/085563.jpg,1,RAW_ANNOTATION_FILE_MISSING,,,,,,/workspace/scratch/728b0ed5ee28/analysis/public_fashion_data/raw/train/train/annos/085563.json
core_selected,DeepFashion2,../fashion_data/raw/train/train/image/086697.jpg,1,RAW_ANNOTATION_FILE_MISSING,,,,,,/workspace/scratch/728b0ed5ee28/analysis/public_fashion_data/raw/train/train/annos/086697.json
core_selected,DeepFashion2,../fashion_data/raw/train/train/image/087562.jpg,1,RAW_ANNOTATION_FILE_MISSING,,,,,,/workspace/scratch/728b0ed5ee28/analysis/public_fashion_data/raw/train/train/annos/087562.json
core_selected,DeepFashion2,../fashion_data/raw/train/train/image/088496.jpg,1,RAW_ANNOTATION_FILE_MISSING,,,,,,/workspace/scratch/728b0ed5ee28/analysis/public_fashion_data/raw/train/train/annos/088496.json
core_selected,DeepFashion2,../fashion_data/raw/train/train/image/088779.jpg,1,RAW_ANNOTATION_FILE_MISSING,,,,,,/workspace/scratch/728b0ed5ee28/analysis/public_fashion_data/raw/train/train/annos/088779.json
core_selected,DeepFashion2,../fashion_data/raw/train/train/image/088853.jpg,1,RAW_ANNOTATION_FILE_MISSING,,,,,,/workspace/scratch/728b0ed5ee28/analysis/public_fashion_data/raw/train/train/annos/088853.json
core_selected,DeepFashion2,../fashion_data/raw/train/train/image/089712.jpg,1,RAW_ANNOTATION_FILE_MISSING,,,,,,/workspace/scratch/728b0ed5ee28/analysis/public_fashion_data/raw/train/train/annos/089712.json
core_selected,DeepFashion2,../fashion_data/raw/train/train/image/091876.jpg,1,RAW_ANNOTATION_FILE_MISSING,,,,,,/workspace/scratch/728b0ed5ee28/analysis/public_fashion_data/raw/train/train/annos/091876.json
core_selected,DeepFashion2,../fashion_data/raw/train/train/image/092487.jpg,1,RAW_ANNOTATION_FILE_MISSING,,,,,,/workspace/scratch/728b0ed5ee28/analysis/public_fashion_data/raw/train/train/annos/092487.json
core_selected,DeepFashion2,../fashion_data/raw/train/train/image/093489.jpg,1,RAW_ANNOTATION_FILE_MISSING,,,,,,/workspace/scratch/728b0ed5ee28/analysis/public_fashion_data/raw/train/train/annos/093489.json
core_selected,DeepFashion2,../fashion_data/raw/train/train/image/094080.jpg,1,RAW_ANNOTATION_FILE_MISSING,,,,,,/workspace/scratch/728b0ed5ee28/analysis/public_fashion_data/raw/train/train/annos/094080.json
core_selected,DeepFashion2,../fashion_data/raw/train/train/image/095959.jpg,1,RAW_ANNOTATION_FILE_MISSING,,,,,,/workspace/scratch/728b0ed5ee28/analysis/public_fashion_data/raw/train/train/annos/095959.json
core_selected,DeepFashion2,../fashion_data/raw/train/train/image/096677.jpg,1,RAW_ANNOTATION_FILE_MISSING,,,,,,/workspace/scratch/728b0ed5ee28/analysis/public_fashion_data/raw/train/train/annos/096677.json
core_selected,DeepFashion2,../fashion_data/raw/train/train/image/097072.jpg,1,RAW_ANNOTATION_FILE_MISSING,,,,,,/workspace/scratch/728b0ed5ee28/analysis/public_fashion_data/raw/train/train/annos/097072.json
core_selected,DeepFashion2,../fashion_data/raw/train/train/image/097372.jpg,1,RAW_ANNOTATION_FILE_MISSING,,,,,,/workspace/scratch/728b0ed5ee28/analysis/public_fashion_data/raw/train/train/annos/097372.json
core_selected,DeepFashion2,../fashion_data/raw/train/train/image/097678.jpg,1,RAW_ANNOTATION_FILE_MISSING,,,,,,/workspace/scratch/728b0ed5ee28/analysis/public_fashion_data/raw/train/train/annos/097678.json
core_selected,DeepFashion2,../fashion_data/raw/train/train/image/097814.jpg,1,RAW_ANNOTATION_FILE_MISSING,,,,,,/workspace/scratch/728b0ed5ee28/analysis/public_fashion_data/raw/train/train/annos/097814.json
core_selected,DeepFashion2,../fashion_data/raw/train/train/image/097970.jpg,1,RAW_ANNOTATION_FILE_MISSING,,,,,,/workspace/scratch/728b0ed5ee28/analysis/public_fashion_data/raw/train/train/annos/097970.json
core_selected,DeepFashion2,../fashion_data/raw/train/train/image/098699.jpg,1,RAW_ANNOTATION_FILE_MISSING,,,,,,/workspace/scratch/728b0ed5ee28/analysis/public_fashion_data/raw/train/train/annos/098699.json
core_selected,DeepFashion2,../fashion_data/raw/train/train/image/099616.jpg,1,RAW_ANNOTATION_FILE_MISSING,,,,,,/workspace/scratch/728b0ed5ee28/analysis/public_fashion_data/raw/train/train/annos/099616.json
core_selected,DeepFashion2,../fashion_data/raw/train/train/image/101001.jpg,1,RAW_ANNOTATION_FILE_MISSING,,,,,,/workspace/scratch/728b0ed5ee28/analysis/public_fashion_data/raw/train/train/annos/101001.json
core_selected,DeepFashion2,../fashion_data/raw/train/train/image/101410.jpg,1,RAW_ANNOTATION_FILE_MISSING,,,,,,/workspace/scratch/728b0ed5ee28/analysis/public_fashion_data/raw/train/train/annos/101410.json
core_selected,DeepFashion2,../fashion_data/raw/train/train/image/101691.jpg,1,RAW_ANNOTATION_FILE_MISSING,,,,,,/workspace/scratch/728b0ed5ee28/analysis/public_fashion_data/raw/train/train/annos/101691.json
core_selected,DeepFashion2,../fashion_data/raw/train/train/image/101965.jpg,1,RAW_ANNOTATION_FILE_MISSING,,,,,,/workspace/scratch/728b0ed5ee28/analysis/public_fashion_data/raw/train/train/annos/101965.json
core_selected,DeepFashion2,../fashion_data/raw/train/train/image/103585.jpg,1,RAW_ANNOTATION_FILE_MISSING,,,,,,/workspace/scratch/728b0ed5ee28/analysis/public_fashion_data/raw/train/train/annos/103585.json
core_selected,DeepFashion2,../fashion_data/raw/train/train/image/103669.jpg,1,RAW_ANNOTATION_FILE_MISSING,,,,,,/workspace/scratch/728b0ed5ee28/analysis/public_fashion_data/raw/train/train/annos/103669.json
core_selected,DeepFashion2,../fashion_data/raw/train/train/image/103900.jpg,1,RAW_ANNOTATION_FILE_MISSING,,,,,,/workspace/scratch/728b0ed5ee28/analysis/public_fashion_data/raw/train/train/annos/103900.json
core_selected,DeepFashion2,../fashion_data/raw/train/train/image/103981.jpg,1,RAW_ANNOTATION_FILE_MISSING,,,,,,/workspace/scratch/728b0ed5ee28/analysis/public_fashion_data/raw/train/train/annos/103981.json
core_selected,DeepFashion2,../fashion_data/raw/train/train/image/105675.jpg,1,RAW_ANNOTATION_FILE_MISSING,,,,,,/workspace/scratch/728b0ed5ee28/analysis/public_fashion_data/raw/train/train/annos/105675.json
core_selected,DeepFashion2,../fashion_data/raw/train/train/image/106984.jpg,1,RAW_ANNOTATION_FILE_MISSING,,,,,,/workspace/scratch/728b0ed5ee28/analysis/public_fashion_data/raw/train/train/annos/106984.json
core_selected,DeepFashion2,../fashion_data/raw/train/train/image/107020.jpg,1,RAW_ANNOTATION_FILE_MISSING,,,,,,/workspace/scratch/728b0ed5ee28/analysis/public_fashion_data/raw/train/train/annos/107020.json
core_selected,DeepFashion2,../fashion_data/raw/train/train/image/108419.jpg,1,RAW_ANNOTATION_FILE_MISSING,,,,,,/workspace/scratch/728b0ed5ee28/analysis/public_fashion_data/raw/train/train/annos/108419.json
core_selected,DeepFashion2,../fashion_data/raw/train/train/image/109570.jpg,1,RAW_ANNOTATION_FILE_MISSING,,,,,,/workspace/scratch/728b0ed5ee28/analysis/public_fashion_data/raw/train/train/annos/109570.json
core_selected,DeepFashion2,../fashion_data/raw/train/train/image/110451.jpg,1,RAW_ANNOTATION_FILE_MISSING,,,,,,/workspace/scratch/728b0ed5ee28/analysis/public_fashion_data/raw/train/train/annos/110451.json
core_selected,DeepFashion2,../fashion_data/raw/train/train/image/111518.jpg,1,RAW_ANNOTATION_FILE_MISSING,,,,,,/workspace/scratch/728b0ed5ee28/analysis/public_fashion_data/raw/train/train/annos/111518.json
core_selected,DeepFashion2,../fashion_data/raw/train/train/image/111944.jpg,1,RAW_ANNOTATION_FILE_MISSING,,,,,,/workspace/scratch/728b0ed5ee28/analysis/public_fashion_data/raw/train/train/annos/111944.json
core_selected,DeepFashion2,../fashion_data/raw/train/train/image/115766.jpg,1,RAW_ANNOTATION_FILE_MISSING,,,,,,/workspace/scratch/728b0ed5ee28/analysis/public_fashion_data/raw/train/train/annos/115766.json
core_selected,DeepFashion2,../fashion_data/raw/train/train/image/118508.jpg,1,RAW_ANNOTATION_FILE_MISSING,,,,,,/workspace/scratch/728b0ed5ee28/analysis/public_fashion_data/raw/train/train/annos/118508.json
core_selected,DeepFashion2,../fashion_data/raw/train/train/image/118514.jpg,1,RAW_ANNOTATION_FILE_MISSING,,,,,,/workspace/scratch/728b0ed5ee28/analysis/public_fashion_data/raw/train/train/annos/118514.json
core_selected,DeepFashion2,../fashion_data/raw/train/train/image/119318.jpg,1,RAW_ANNOTATION_FILE_MISSING,,,,,,/workspace/scratch/728b0ed5ee28/analysis/public_fashion_data/raw/train/train/annos/119318.json
core_selected,DeepFashion2,../fashion_data/raw/train/train/image/119420.jpg,1,RAW_ANNOTATION_FILE_MISSING,,,,,,/workspace/scratch/728b0ed5ee28/analysis/public_fashion_data/raw/train/train/annos/119420.json
core_selected,DeepFashion2,../fashion_data/raw/train/train/image/119698.jpg,1,RAW_ANNOTATION_FILE_MISSING,,,,,,/workspace/scratch/728b0ed5ee28/analysis/public_fashion_data/raw/train/train/annos/119698.json
core_selected,DeepFashion2,../fashion_data/raw/train/train/image/119825.jpg,1,RAW_ANNOTATION_FILE_MISSING,,,,,,/workspace/scratch/728b0ed5ee28/analysis/public_fashion_data/raw/train/train/annos/119825.json
core_selected,DeepFashion2,../fashion_data/raw/train/train/image/122874.jpg,1,RAW_ANNOTATION_FILE_MISSING,,,,,,/workspace/scratch/728b0ed5ee28/analysis/public_fashion_data/raw/train/train/annos/122874.json
core_selected,DeepFashion2,../fashion_data/raw/train/train/image/123996.jpg,1,RAW_ANNOTATION_FILE_MISSING,,,,,,/workspace/scratch/728b0ed5ee28/analysis/public_fashion_data/raw/train/train/annos/123996.json
core_selected,DeepFashion2,../fashion_data/raw/train/train/image/124000.jpg,1,RAW_ANNOTATION_FILE_MISSING,,,,,,/workspace/scratch/728b0ed5ee28/analysis/public_fashion_data/raw/train/train/annos/124000.json
core_selected,DeepFashion2,../fashion_data/raw/train/train/image/124376.jpg,1,RAW_ANNOTATION_FILE_MISSING,,,,,,/workspace/scratch/728b0ed5ee28/analysis/public_fashion_data/raw/train/train/annos/124376.json
core_selected,DeepFashion2,../fashion_data/raw/train/train/image/124649.jpg,1,RAW_ANNOTATION_FILE_MISSING,,,,,,/workspace/scratch/728b0ed5ee28/analysis/public_fashion_data/raw/train/train/annos/124649.json
core_selected,DeepFashion2,../fashion_data/raw/train/train/image/124654.jpg,1,RAW_ANNOTATION_FILE_MISSING,,,,,,/workspace/scratch/728b0ed5ee28/analysis/public_fashion_data/raw/train/train/annos/124654.json
core_selected,DeepFashion2,../fashion_data/raw/train/train/image/125522.jpg,1,RAW_ANNOTATION_FILE_MISSING,,,,,,/workspace/scratch/728b0ed5ee28/analysis/public_fashion_data/raw/train/train/annos/125522.json
core_selected,DeepFashion2,../fashion_data/raw/train/train/image/125781.jpg,1,RAW_ANNOTATION_FILE_MISSING,,,,,,/workspace/scratch/728b0ed5ee28/analysis/public_fashion_data/raw/train/train/annos/125781.json
core_selected,DeepFashion2,../fashion_data/raw/train/train/image/125786.jpg,1,RAW_ANNOTATION_FILE_MISSING,,,,,,/workspace/scratch/728b0ed5ee28/analysis/public_fashion_data/raw/train/train/annos/125786.json
core_selected,DeepFashion2,../fashion_data/raw/train/train/image/125906.jpg,1,RAW_ANNOTATION_FILE_MISSING,,,,,,/workspace/scratch/728b0ed5ee28/analysis/public_fashion_data/raw/train/train/annos/125906.json
core_selected,DeepFashion2,../fashion_data/raw/train/train/image/125923.jpg,1,RAW_ANNOTATION_FILE_MISSING,,,,,,/workspace/scratch/728b0ed5ee28/analysis/public_fashion_data/raw/train/train/annos/125923.json
core_selected,DeepFashion2,../fashion_data/raw/train/train/image/126631.jpg,1,RAW_ANNOTATION_FILE_MISSING,,,,,,/workspace/scratch/728b0ed5ee28/analysis/public_fashion_data/raw/train/train/annos/126631.json
core_selected,DeepFashion2,../fashion_data/raw/train/train/image/128253.jpg,1,RAW_ANNOTATION_FILE_MISSING,,,,,,/workspace/scratch/728b0ed5ee28/analysis/public_fashion_data/raw/train/train/annos/128253.json
core_selected,DeepFashion2,../fashion_data/raw/train/train/image/128608.jpg,1,RAW_ANNOTATION_FILE_MISSING,,,,,,/workspace/scratch/728b0ed5ee28/analysis/public_fashion_data/raw/train/train/annos/128608.json
core_selected,DeepFashion2,../fashion_data/raw/train/train/image/130381.jpg,1,RAW_ANNOTATION_FILE_MISSING,,,,,,/workspace/scratch/728b0ed5ee28/analysis/public_fashion_data/raw/train/train/annos/130381.json
core_selected,DeepFashion2,../fashion_data/raw/train/train/image/130702.jpg,1,RAW_ANNOTATION_FILE_MISSING,,,,,,/workspace/scratch/728b0ed5ee28/analysis/public_fashion_data/raw/train/train/annos/130702.json
core_selected,DeepFashion2,../fashion_data/raw/train/train/image/130980.jpg,1,RAW_ANNOTATION_FILE_MISSING,,,,,,/workspace/scratch/728b0ed5ee28/analysis/public_fashion_data/raw/train/train/annos/130980.json
core_selected,DeepFashion2,../fashion_data/raw/train/train/image/131577.jpg,1,RAW_ANNOTATION_FILE_MISSING,,,,,,/workspace/scratch/728b0ed5ee28/analysis/public_fashion_data/raw/train/train/annos/131577.json
core_selected,DeepFashion2,../fashion_data/raw/train/train/image/132895.jpg,1,RAW_ANNOTATION_FILE_MISSING,,,,,,/workspace/scratch/728b0ed5ee28/analysis/public_fashion_data/raw/train/train/annos/132895.json
core_selected,DeepFashion2,../fashion_data/raw/train/train/image/133015.jpg,1,RAW_ANNOTATION_FILE_MISSING,,,,,,/workspace/scratch/728b0ed5ee28/analysis/public_fashion_data/raw/train/train/annos/133015.json
core_selected,DeepFashion2,../fashion_data/raw/train/train/image/133136.jpg,1,RAW_ANNOTATION_FILE_MISSING,,,,,,/workspace/scratch/728b0ed5ee28/analysis/public_fashion_data/raw/train/train/annos/133136.json
core_selected,DeepFashion2,../fashion_data/raw/train/train/image/133235.jpg,1,RAW_ANNOTATION_FILE_MISSING,,,,,,/workspace/scratch/728b0ed5ee28/analysis/public_fashion_data/raw/train/train/annos/133235.json
core_selected,DeepFashion2,../fashion_data/raw/train/train/image/133276.jpg,1,RAW_ANNOTATION_FILE_MISSING,,,,,,/workspace/scratch/728b0ed5ee28/analysis/public_fashion_data/raw/train/train/annos/133276.json
core_selected,DeepFashion2,../fashion_data/raw/train/train/image/134988.jpg,1,RAW_ANNOTATION_FILE_MISSING,,,,,,/workspace/scratch/728b0ed5ee28/analysis/public_fashion_data/raw/train/train/annos/134988.json
core_selected,DeepFashion2,../fashion_data/raw/train/train/image/135480.jpg,1,RAW_ANNOTATION_FILE_MISSING,,,,,,/workspace/scratch/728b0ed5ee28/analysis/public_fashion_data/raw/train/train/annos/135480.json
core_selected,DeepFashion2,../fashion_data/raw/train/train/image/135885.jpg,1,RAW_ANNOTATION_FILE_MISSING,,,,,,/workspace/scratch/728b0ed5ee28/analysis/public_fashion_data/raw/train/train/annos/135885.json
core_selected,DeepFashion2,../fashion_data/raw/train/train/image/135934.jpg,1,RAW_ANNOTATION_FILE_MISSING,,,,,,/workspace/scratch/728b0ed5ee28/analysis/public_fashion_data/raw/train/train/annos/135934.json
core_selected,DeepFashion2,../fashion_data/raw/train/train/image/135937.jpg,1,RAW_ANNOTATION_FILE_MISSING,,,,,,/workspace/scratch/728b0ed5ee28/analysis/public_fashion_data/raw/train/train/annos/135937.json
core_selected,DeepFashion2,../fashion_data/raw/train/train/image/136524.jpg,1,RAW_ANNOTATION_FILE_MISSING,,,,,,/workspace/scratch/728b0ed5ee28/analysis/public_fashion_data/raw/train/train/annos/136524.json
core_selected,DeepFashion2,../fashion_data/raw/train/train/image/137266.jpg,1,RAW_ANNOTATION_FILE_MISSING,,,,,,/workspace/scratch/728b0ed5ee28/analysis/public_fashion_data/raw/train/train/annos/137266.json
core_selected,DeepFashion2,../fashion_data/raw/train/train/image/138553.jpg,1,RAW_ANNOTATION_FILE_MISSING,,,,,,/workspace/scratch/728b0ed5ee28/analysis/public_fashion_data/raw/train/train/annos/138553.json
core_selected,DeepFashion2,../fashion_data/raw/train/train/image/139497.jpg,1,RAW_ANNOTATION_FILE_MISSING,,,,,,/workspace/scratch/728b0ed5ee28/analysis/public_fashion_data/raw/train/train/annos/139497.json
core_selected,DeepFashion2,../fashion_data/raw/train/train/image/139827.jpg,1,RAW_ANNOTATION_FILE_MISSING,,,,,,/workspace/scratch/728b0ed5ee28/analysis/public_fashion_data/raw/train/train/annos/139827.json
core_selected,DeepFashion2,../fashion_data/raw/train/train/image/140249.jpg,1,RAW_ANNOTATION_FILE_MISSING,,,,,,/workspace/scratch/728b0ed5ee28/analysis/public_fashion_data/raw/train/train/annos/140249.json
core_selected,DeepFashion2,../fashion_data/raw/train/train/image/141653.jpg,1,RAW_ANNOTATION_FILE_MISSING,,,,,,/workspace/scratch/728b0ed5ee28/analysis/public_fashion_data/raw/train/train/annos/141653.json
core_selected,DeepFashion2,../fashion_data/raw/train/train/image/141721.jpg,1,RAW_ANNOTATION_FILE_MISSING,,,,,,/workspace/scratch/728b0ed5ee28/analysis/public_fashion_data/raw/train/train/annos/141721.json
core_selected,DeepFashion2,../fashion_data/raw/train/train/image/142272.jpg,1,RAW_ANNOTATION_FILE_MISSING,,,,,,/workspace/scratch/728b0ed5ee28/analysis/public_fashion_data/raw/train/train/annos/142272.json
core_selected,DeepFashion2,../fashion_data/raw/train/train/image/142660.jpg,1,RAW_ANNOTATION_FILE_MISSING,,,,,,/workspace/scratch/728b0ed5ee28/analysis/public_fashion_data/raw/train/train/annos/142660.json
core_selected,DeepFashion2,../fashion_data/raw/train/train/image/144966.jpg,1,RAW_ANNOTATION_FILE_MISSING,,,,,,/workspace/scratch/728b0ed5ee28/analysis/public_fashion_data/raw/train/train/annos/144966.json
core_selected,DeepFashion2,../fashion_data/raw/train/train/image/145118.jpg,1,RAW_ANNOTATION_FILE_MISSING,,,,,,/workspace/scratch/728b0ed5ee28/analysis/public_fashion_data/raw/train/train/annos/145118.json
core_selected,DeepFashion2,../fashion_data/raw/train/train/image/145247.jpg,1,RAW_ANNOTATION_FILE_MISSING,,,,,,/workspace/scratch/728b0ed5ee28/analysis/public_fashion_data/raw/train/train/annos/145247.json
core_selected,DeepFashion2,../fashion_data/raw/train/train/image/145484.jpg,1,RAW_ANNOTATION_FILE_MISSING,,,,,,/workspace/scratch/728b0ed5ee28/analysis/public_fashion_data/raw/train/train/annos/145484.json
core_selected,DeepFashion2,../fashion_data/raw/train/train/image/146606.jpg,1,RAW_ANNOTATION_FILE_MISSING,,,,,,/workspace/scratch/728b0ed5ee28/analysis/public_fashion_data/raw/train/train/annos/146606.json
core_selected,DeepFashion2,../fashion_data/raw/train/train/image/147653.jpg,1,RAW_ANNOTATION_FILE_MISSING,,,,,,/workspace/scratch/728b0ed5ee28/analysis/public_fashion_data/raw/train/train/annos/147653.json
core_selected,DeepFashion2,../fashion_data/raw/train/train/image/149160.jpg,1,RAW_ANNOTATION_FILE_MISSING,,,,,,/workspace/scratch/728b0ed5ee28/analysis/public_fashion_data/raw/train/train/annos/149160.json
core_selected,DeepFashion2,../fashion_data/raw/train/train/image/150634.jpg,1,RAW_ANNOTATION_FILE_MISSING,,,,,,/workspace/scratch/728b0ed5ee28/analysis/public_fashion_data/raw/train/train/annos/150634.json
core_selected,DeepFashion2,../fashion_data/raw/train/train/image/151041.jpg,1,RAW_ANNOTATION_FILE_MISSING,,,,,,/workspace/scratch/728b0ed5ee28/analysis/public_fashion_data/raw/train/train/annos/151041.json
core_selected,DeepFashion2,../fashion_data/raw/train/train/image/151469.jpg,1,RAW_ANNOTATION_FILE_MISSING,,,,,,/workspace/scratch/728b0ed5ee28/analysis/public_fashion_data/raw/train/train/annos/151469.json
core_selected,DeepFashion2,../fashion_data/raw/train/train/image/151470.jpg,1,RAW_ANNOTATION_FILE_MISSING,,,,,,/workspace/scratch/728b0ed5ee28/analysis/public_fashion_data/raw/train/train/annos/151470.json
core_selected,DeepFashion2,../fashion_data/raw/train/train/image/151693.jpg,1,RAW_ANNOTATION_FILE_MISSING,,,,,,/workspace/scratch/728b0ed5ee28/analysis/public_fashion_data/raw/train/train/annos/151693.json
core_selected,DeepFashion2,../fashion_data/raw/train/train/image/151882.jpg,1,RAW_ANNOTATION_FILE_MISSING,,,,,,/workspace/scratch/728b0ed5ee28/analysis/public_fashion_data/raw/train/train/annos/151882.json
core_selected,DeepFashion2,../fashion_data/raw/train/train/image/152851.jpg,1,RAW_ANNOTATION_FILE_MISSING,,,,,,/workspace/scratch/728b0ed5ee28/analysis/public_fashion_data/raw/train/train/annos/152851.json
core_selected,DeepFashion2,../fashion_data/raw/train/train/image/154454.jpg,1,RAW_ANNOTATION_FILE_MISSING,,,,,,/workspace/scratch/728b0ed5ee28/analysis/public_fashion_data/raw/train/train/annos/154454.json
core_selected,DeepFashion2,../fashion_data/raw/train/train/image/154827.jpg,1,RAW_ANNOTATION_FILE_MISSING,,,,,,/workspace/scratch/728b0ed5ee28/analysis/public_fashion_data/raw/train/train/annos/154827.json
core_selected,DeepFashion2,../fashion_data/raw/train/train/image/155150.jpg,1,RAW_ANNOTATION_FILE_MISSING,,,,,,/workspace/scratch/728b0ed5ee28/analysis/public_fashion_data/raw/train/train/annos/155150.json
core_selected,DeepFashion2,../fashion_data/raw/train/train/image/155942.jpg,1,RAW_ANNOTATION_FILE_MISSING,,,,,,/workspace/scratch/728b0ed5ee28/analysis/public_fashion_data/raw/train/train/annos/155942.json
core_selected,DeepFashion2,../fashion_data/raw/train/train/image/156172.jpg,1,RAW_ANNOTATION_FILE_MISSING,,,,,,/workspace/scratch/728b0ed5ee28/analysis/public_fashion_data/raw/train/train/annos/156172.json
core_selected,DeepFashion2,../fashion_data/raw/train/train/image/156351.jpg,1,RAW_ANNOTATION_FILE_MISSING,,,,,,/workspace/scratch/728b0ed5ee28/analysis/public_fashion_data/raw/train/train/annos/156351.json
core_selected,DeepFashion2,../fashion_data/raw/train/train/image/156930.jpg,1,RAW_ANNOTATION_FILE_MISSING,,,,,,/workspace/scratch/728b0ed5ee28/analysis/public_fashion_data/raw/train/train/annos/156930.json
core_selected,DeepFashion2,../fashion_data/raw/train/train/image/157158.jpg,1,RAW_ANNOTATION_FILE_MISSING,,,,,,/workspace/scratch/728b0ed5ee28/analysis/public_fashion_data/raw/train/train/annos/157158.json
core_selected,DeepFashion2,../fashion_data/raw/train/train/image/157361.jpg,1,RAW_ANNOTATION_FILE_MISSING,,,,,,/workspace/scratch/728b0ed5ee28/analysis/public_fashion_data/raw/train/train/annos/157361.json
core_selected,DeepFashion2,../fashion_data/raw/train/train/image/158699.jpg,1,RAW_ANNOTATION_FILE_MISSING,,,,,,/workspace/scratch/728b0ed5ee28/analysis/public_fashion_data/raw/train/train/annos/158699.json
core_selected,DeepFashion2,../fashion_data/raw/train/train/image/158869.jpg,1,RAW_ANNOTATION_FILE_MISSING,,,,,,/workspace/scratch/728b0ed5ee28/analysis/public_fashion_data/raw/train/train/annos/158869.json
core_selected,DeepFashion2,../fashion_data/raw/train/train/image/163136.jpg,1,RAW_ANNOTATION_FILE_MISSING,,,,,,/workspace/scratch/728b0ed5ee28/analysis/public_fashion_data/raw/train/train/annos/163136.json
core_selected,DeepFashion2,../fashion_data/raw/train/train/image/163902.jpg,1,RAW_ANNOTATION_FILE_MISSING,,,,,,/workspace/scratch/728b0ed5ee28/analysis/public_fashion_data/raw/train/train/annos/163902.json
core_selected,DeepFashion2,../fashion_data/raw/train/train/image/164987.jpg,1,RAW_ANNOTATION_FILE_MISSING,,,,,,/workspace/scratch/728b0ed5ee28/analysis/public_fashion_data/raw/train/train/annos/164987.json
core_selected,DeepFashion2,../fashion_data/raw/train/train/image/165526.jpg,1,RAW_ANNOTATION_FILE_MISSING,,,,,,/workspace/scratch/728b0ed5ee28/analysis/public_fashion_data/raw/train/train/annos/165526.json
core_selected,DeepFashion2,../fashion_data/raw/train/train/image/165686.jpg,1,RAW_ANNOTATION_FILE_MISSING,,,,,,/workspace/scratch/728b0ed5ee28/analysis/public_fashion_data/raw/train/train/annos/165686.json
core_selected,DeepFashion2,../fashion_data/raw/train/train/image/166052.jpg,1,RAW_ANNOTATION_FILE_MISSING,,,,,,/workspace/scratch/728b0ed5ee28/analysis/public_fashion_data/raw/train/train/annos/166052.json
core_selected,DeepFashion2,../fashion_data/raw/train/train/image/166308.jpg,1,RAW_ANNOTATION_FILE_MISSING,,,,,,/workspace/scratch/728b0ed5ee28/analysis/public_fashion_data/raw/train/train/annos/166308.json
core_selected,DeepFashion2,../fashion_data/raw/train/train/image/166981.jpg,1,RAW_ANNOTATION_FILE_MISSING,,,,,,/workspace/scratch/728b0ed5ee28/analysis/public_fashion_data/raw/train/train/annos/166981.json
core_selected,DeepFashion2,../fashion_data/raw/train/train/image/167285.jpg,1,RAW_ANNOTATION_FILE_MISSING,,,,,,/workspace/scratch/728b0ed5ee28/analysis/public_fashion_data/raw/train/train/annos/167285.json
core_selected,DeepFashion2,../fashion_data/raw/train/train/image/168853.jpg,1,RAW_ANNOTATION_FILE_MISSING,,,,,,/workspace/scratch/728b0ed5ee28/analysis/public_fashion_data/raw/train/train/annos/168853.json
core_selected,DeepFashion2,../fashion_data/raw/train/train/image/169170.jpg,1,RAW_ANNOTATION_FILE_MISSING,,,,,,/workspace/scratch/728b0ed5ee28/analysis/public_fashion_data/raw/train/train/annos/169170.json
core_selected,DeepFashion2,../fashion_data/raw/train/train/image/170129.jpg,1,RAW_ANNOTATION_FILE_MISSING,,,,,,/workspace/scratch/728b0ed5ee28/analysis/public_fashion_data/raw/train/train/annos/170129.json
core_selected,DeepFashion2,../fashion_data/raw/train/train/image/170967.jpg,1,RAW_ANNOTATION_FILE_MISSING,,,,,,/workspace/scratch/728b0ed5ee28/analysis/public_fashion_data/raw/train/train/annos/170967.json
core_selected,DeepFashion2,../fashion_data/raw/train/train/image/173516.jpg,1,RAW_ANNOTATION_FILE_MISSING,,,,,,/workspace/scratch/728b0ed5ee28/analysis/public_fashion_data/raw/train/train/annos/173516.json
core_selected,DeepFashion2,../fashion_data/raw/train/train/image/174532.jpg,1,RAW_ANNOTATION_FILE_MISSING,,,,,,/workspace/scratch/728b0ed5ee28/analysis/public_fashion_data/raw/train/train/annos/174532.json
core_selected,DeepFashion2,../fashion_data/raw/train/train/image/174644.jpg,1,RAW_ANNOTATION_FILE_MISSING,,,,,,/workspace/scratch/728b0ed5ee28/analysis/public_fashion_data/raw/train/train/annos/174644.json
core_selected,DeepFashion2,../fashion_data/raw/train/train/image/176028.jpg,1,RAW_ANNOTATION_FILE_MISSING,,,,,,/workspace/scratch/728b0ed5ee28/analysis/public_fashion_data/raw/train/train/annos/176028.json
core_selected,DeepFashion2,../fashion_data/raw/train/train/image/176387.jpg,1,RAW_ANNOTATION_FILE_MISSING,,,,,,/workspace/scratch/728b0ed5ee28/analysis/public_fashion_data/raw/train/train/annos/176387.json
core_selected,DeepFashion2,../fashion_data/raw/train/train/image/176527.jpg,1,RAW_ANNOTATION_FILE_MISSING,,,,,,/workspace/scratch/728b0ed5ee28/analysis/public_fashion_data/raw/train/train/annos/176527.json
core_selected,DeepFashion2,../fashion_data/raw/train/train/image/177014.jpg,1,RAW_ANNOTATION_FILE_MISSING,,,,,,/workspace/scratch/728b0ed5ee28/analysis/public_fashion_data/raw/train/train/annos/177014.json
core_selected,DeepFashion2,../fashion_data/raw/train/train/image/177143.jpg,1,RAW_ANNOTATION_FILE_MISSING,,,,,,/workspace/scratch/728b0ed5ee28/analysis/public_fashion_data/raw/train/train/annos/177143.json
core_selected,DeepFashion2,../fashion_data/raw/train/train/image/178531.jpg,1,RAW_ANNOTATION_FILE_MISSING,,,,,,/workspace/scratch/728b0ed5ee28/analysis/public_fashion_data/raw/train/train/annos/178531.json
core_selected,DeepFashion2,../fashion_data/raw/train/train/image/179042.jpg,1,RAW_ANNOTATION_FILE_MISSING,,,,,,/workspace/scratch/728b0ed5ee28/analysis/public_fashion_data/raw/train/train/annos/179042.json
core_selected,DeepFashion2,../fashion_data/raw/train/train/image/179047.jpg,1,RAW_ANNOTATION_FILE_MISSING,,,,,,/workspace/scratch/728b0ed5ee28/analysis/public_fashion_data/raw/train/train/annos/179047.json
core_selected,DeepFashion2,../fashion_data/raw/train/train/image/179803.jpg,1,RAW_ANNOTATION_FILE_MISSING,,,,,,/workspace/scratch/728b0ed5ee28/analysis/public_fashion_data/raw/train/train/annos/179803.json
core_selected,DeepFashion2,../fashion_data/raw/train/train/image/180680.jpg,1,RAW_ANNOTATION_FILE_MISSING,,,,,,/workspace/scratch/728b0ed5ee28/analysis/public_fashion_data/raw/train/train/annos/180680.json
core_selected,DeepFashion2,../fashion_data/raw/train/train/image/181040.jpg,1,RAW_ANNOTATION_FILE_MISSING,,,,,,/workspace/scratch/728b0ed5ee28/analysis/public_fashion_data/raw/train/train/annos/181040.json
core_selected,DeepFashion2,../fashion_data/raw/train/train/image/181324.jpg,1,RAW_ANNOTATION_FILE_MISSING,,,,,,/workspace/scratch/728b0ed5ee28/analysis/public_fashion_data/raw/train/train/annos/181324.json
core_selected,DeepFashion2,../fashion_data/raw/train/train/image/181559.jpg,1,RAW_ANNOTATION_FILE_MISSING,,,,,,/workspace/scratch/728b0ed5ee28/analysis/public_fashion_data/raw/train/train/annos/181559.json
core_selected,DeepFashion2,../fashion_data/raw/train/train/image/183131.jpg,1,RAW_ANNOTATION_FILE_MISSING,,,,,,/workspace/scratch/728b0ed5ee28/analysis/public_fashion_data/raw/train/train/annos/183131.json
core_selected,DeepFashion2,../fashion_data/raw/train/train/image/183243.jpg,1,RAW_ANNOTATION_FILE_MISSING,,,,,,/workspace/scratch/728b0ed5ee28/analysis/public_fashion_data/raw/train/train/annos/183243.json
core_selected,DeepFashion2,../fashion_data/raw/train/train/image/184161.jpg,1,RAW_ANNOTATION_FILE_MISSING,,,,,,/workspace/scratch/728b0ed5ee28/analysis/public_fashion_data/raw/train/train/annos/184161.json
core_selected,DeepFashion2,../fashion_data/raw/train/train/image/185467.jpg,1,RAW_ANNOTATION_FILE_MISSING,,,,,,/workspace/scratch/728b0ed5ee28/analysis/public_fashion_data/raw/train/train/annos/185467.json
core_selected,DeepFashion2,../fashion_data/raw/train/train/image/186306.jpg,1,RAW_ANNOTATION_FILE_MISSING,,,,,,/workspace/scratch/728b0ed5ee28/analysis/public_fashion_data/raw/train/train/annos/186306.json
core_selected,DeepFashion2,../fashion_data/raw/train/train/image/186391.jpg,1,RAW_ANNOTATION_FILE_MISSING,,,,,,/workspace/scratch/728b0ed5ee28/analysis/public_fashion_data/raw/train/train/annos/186391.json
core_selected,DeepFashion2,../fashion_data/raw/train/train/image/187397.jpg,1,RAW_ANNOTATION_FILE_MISSING,,,,,,/workspace/scratch/728b0ed5ee28/analysis/public_fashion_data/raw/train/train/annos/187397.json
core_selected,DeepFashion2,../fashion_data/raw/train/train/image/187422.jpg,1,RAW_ANNOTATION_FILE_MISSING,,,,,,/workspace/scratch/728b0ed5ee28/analysis/public_fashion_data/raw/train/train/annos/187422.json
core_selected,DeepFashion2,../fashion_data/raw/train/train/image/187488.jpg,1,RAW_ANNOTATION_FILE_MISSING,,,,,,/workspace/scratch/728b0ed5ee28/analysis/public_fashion_data/raw/train/train/annos/187488.json
core_selected,DeepFashion2,../fashion_data/raw/train/train/image/187981.jpg,1,RAW_ANNOTATION_FILE_MISSING,,,,,,/workspace/scratch/728b0ed5ee28/analysis/public_fashion_data/raw/train/train/annos/187981.json
core_selected,DeepFashion2,../fashion_data/raw/train/train/image/189034.jpg,1,RAW_ANNOTATION_FILE_MISSING,,,,,,/workspace/scratch/728b0ed5ee28/analysis/public_fashion_data/raw/train/train/annos/189034.json
core_selected,DeepFashion2,../fashion_data/raw/train/train/image/189186.jpg,1,RAW_ANNOTATION_FILE_MISSING,,,,,,/workspace/scratch/728b0ed5ee28/analysis/public_fashion_data/raw/train/train/annos/189186.json
core_selected,DeepFashion2,../fashion_data/raw/train/train/image/189305.jpg,1,RAW_ANNOTATION_FILE_MISSING,,,,,,/workspace/scratch/728b0ed5ee28/analysis/public_fashion_data/raw/train/train/annos/189305.json
core_selected,DeepFashion2,../fashion_data/raw/train/train/image/189928.jpg,1,RAW_ANNOTATION_FILE_MISSING,,,,,,/workspace/scratch/728b0ed5ee28/analysis/public_fashion_data/raw/train/train/annos/189928.json
core_selected,DeepFashion2,../fashion_data/raw/train/train/image/191328.jpg,1,RAW_ANNOTATION_FILE_MISSING,,,,,,/workspace/scratch/728b0ed5ee28/analysis/public_fashion_data/raw/train/train/annos/191328.json
core_selected,Fashionpedia,../fashion_data/raw/fashionpedia/images/test/0205895cfbb5348d94fda8ce32272fa5.jpg,1,ADDITIONAL_RAW_TARGETS,3,2,"{""dress"": 1, ""shoe"": 1}","[""4671"", ""4674""]",[],/workspace/scratch/728b0ed5ee28/analysis/public_fashion_data/raw/fashionpedia/annotations/instances_attributes_val2020.json
core_selected,Fashionpedia,../fashion_data/raw/fashionpedia/images/test/02b4423e161fa2409974174ec53cdb2a.jpg,1,ADDITIONAL_RAW_TARGETS,5,4,"{""shoe"": 2, ""pants"": 1, ""outerwear"": 1}","[""8392"", ""8393"", ""8394"", ""8397""]",[],/workspace/scratch/728b0ed5ee28/analysis/public_fashion_data/raw/fashionpedia/annotations/instances_attributes_val2020.json
core_selected,Fashionpedia,../fashion_data/raw/fashionpedia/images/test/030cfd158b49ff622c71bdf9aa30f39a.jpg,1,ADDITIONAL_RAW_TARGETS,4,3,"{""pants"": 1, ""top"": 1, ""shoe"": 1}","[""3747"", ""3748"", ""3750""]",[],/workspace/scratch/728b0ed5ee28/analysis/public_fashion_data/raw/fashionpedia/annotations/instances_attributes_val2020.json
core_selected,Fashionpedia,../fashion_data/raw/fashionpedia/images/test/0544acba02e8776a56fde74f83633c21.jpg,1,ADDITIONAL_RAW_TARGETS,8,7,"{""pants"": 1, ""accessory"": 2, ""outerwear"": 1, ""top"": 1, ""shoe"": 2}","[""136"", ""137"", ""138"", ""139"", ""140"", ""145"", ""146""]",[],/workspace/scratch/728b0ed5ee28/analysis/public_fashion_data/raw/fashionpedia/annotations/instances_attributes_val2020.json
core_selected,Fashionpedia,../fashion_data/raw/fashionpedia/images/test/0548e689638d1e559179b34bc895b72f.jpg,1,ADDITIONAL_RAW_TARGETS,2,1,"{""outerwear"": 1}","[""9056""]",[],/workspace/scratch/728b0ed5ee28/analysis/public_fashion_data/raw/fashionpedia/annotations/instances_attributes_val2020.json
core_selected,Fashionpedia,../fashion_data/raw/fashionpedia/images/test/0617757485dad98ded988c6e101c8bf2.jpg,1,ADDITIONAL_RAW_TARGETS,8,7,"{""shoe"": 1, ""accessory"": 3, ""pants"": 1, ""outerwear"": 1, ""top"": 1}","[""1630"", ""1631"", ""1632"", ""1634"", ""1637"", ""1639"", ""1641""]",[],/workspace/scratch/728b0ed5ee28/analysis/public_fashion_data/raw/fashionpedia/annotations/instances_attributes_val2020.json
core_selected,Fashionpedia,../fashion_data/raw/fashionpedia/images/test/064c8022b32931e787260d81ed5aafe8.jpg,1,ADDITIONAL_RAW_TARGETS,5,4,"{""top"": 1, ""shoe"": 2, ""pants"": 1}","[""8223"", ""8226"", ""8227"", ""8228""]",[],/workspace/scratch/728b0ed5ee28/analysis/public_fashion_data/raw/fashionpedia/annotations/instances_attributes_val2020.json
core_selected,Fashionpedia,../fashion_data/raw/fashionpedia/images/test/069223d02dcbfbe69af905daeb7fae26.jpg,1,ADDITIONAL_RAW_TARGETS,6,5,"{""outerwear"": 1, ""dress"": 1, ""accessory"": 1, ""shoe"": 2}","[""8660"", ""8661"", ""8663"", ""8664"", ""8665""]",[],/workspace/scratch/728b0ed5ee28/analysis/public_fashion_data/raw/fashionpedia/annotations/instances_attributes_val2020.json
core_selected,Fashionpedia,../fashion_data/raw/fashionpedia/images/test/0a4aae5ecd970a120bfcc6b377b6e187.jpg,1,ADDITIONAL_RAW_TARGETS,5,4,"{""dress"": 1, ""shoe"": 2, ""accessory"": 1}","[""8533"", ""8536"", ""8537"", ""8538""]",[],/workspace/scratch/728b0ed5ee28/analysis/public_fashion_data/raw/fashionpedia/annotations/instances_attributes_val2020.json
core_selected,Fashionpedia,../fashion_data/raw/fashionpedia/images/test/0a563d036018e91cd9b5899adb50ec18.jpg,1,ADDITIONAL_RAW_TARGETS,5,4,"{""pants"": 1, ""accessory"": 1, ""top"": 1, ""shoe"": 1}","[""9275"", ""9279"", ""9280"", ""9282""]",[],/workspace/scratch/728b0ed5ee28/analysis/public_fashion_data/raw/fashionpedia/annotations/instances_attributes_val2020.json
core_selected,Fashionpedia,../fashion_data/raw/fashionpedia/images/test/0b915f1e29a2e2dacf96aacd3cb6a3cc.jpg,1,ADDITIONAL_RAW_TARGETS,3,2,"{""pants"": 1, ""top"": 1}","[""6614"", ""6618""]",[],/workspace/scratch/728b0ed5ee28/analysis/public_fashion_data/raw/fashionpedia/annotations/instances_attributes_val2020.json
core_selected,Fashionpedia,../fashion_data/raw/fashionpedia/images/test/0ba0216e6879f8b433d0897a77cff984.jpg,1,ADDITIONAL_RAW_TARGETS,6,5,"{""accessory"": 3, ""top"": 1, ""pants"": 1}","[""3960"", ""3961"", ""3966"", ""3967"", ""3968""]",[],/workspace/scratch/728b0ed5ee28/analysis/public_fashion_data/raw/fashionpedia/annotations/instances_attributes_val2020.json
core_selected,Fashionpedia,../fashion_data/raw/fashionpedia/images/test/0c6cf79ffbf7f14a266d0f0f21219447.jpg,1,ADDITIONAL_RAW_TARGETS,5,4,"{""dress"": 1, ""shoe"": 2, ""outerwear"": 1}","[""492"", ""496"", ""497"", ""499""]",[],/workspace/scratch/728b0ed5ee28/analysis/public_fashion_data/raw/fashionpedia/annotations/instances_attributes_val2020.json
core_selected,Fashionpedia,../fashion_data/raw/fashionpedia/images/test/0e5ecf98835cbd0dddd1b45c788005c3.jpg,1,ADDITIONAL_RAW_TARGETS,4,3,"{""pants"": 1, ""top"": 1, ""accessory"": 1}","[""6744"", ""6746"", ""6750""]",[],/workspace/scratch/728b0ed5ee28/analysis/public_fashion_data/raw/fashionpedia/annotations/instances_attributes_val2020.json
core_selected,Fashionpedia,../fashion_data/raw/fashionpedia/images/test/0ff1ad48b959df32af38f42cef26d361.jpg,1,ADDITIONAL_RAW_TARGETS,5,4,"{""skirt"": 1, ""top"": 1, ""shoe"": 2}","[""6371"", ""6372"", ""6373"", ""6374""]",[],/workspace/scratch/728b0ed5ee28/analysis/public_fashion_data/raw/fashionpedia/annotations/instances_attributes_val2020.json
core_selected,Fashionpedia,../fashion_data/raw/fashionpedia/images/test/18b2f32e876170304b2b6860ae127ba5.jpg,1,ADDITIONAL_RAW_TARGETS,3,2,"{""dress"": 1, ""shoe"": 1}","[""8603"", ""8606""]",[],/workspace/scratch/728b0ed5ee28/analysis/public_fashion_data/raw/fashionpedia/annotations/instances_attributes_val2020.json
core_selected,Fashionpedia,../fashion_data/raw/fashionpedia/images/test/18c07033fd67225df16d98e9f6975fc9.jpg,1,ADDITIONAL_RAW_TARGETS,8,7,"{""skirt"": 1, ""accessory"": 3, ""shoe"": 1, ""top"": 2}","[""5218"", ""5219"", ""5220"", ""5221"", ""5228"", ""5229"", ""5230""]",[],/workspace/scratch/728b0ed5ee28/analysis/public_fashion_data/raw/fashionpedia/annotations/instances_attributes_val2020.json
core_selected,Fashionpedia,../fashion_data/raw/fashionpedia/images/test/19b88ca66e3ab754d3b6aa7d5e2f0a83.jpg,1,ADDITIONAL_RAW_TARGETS,3,2,"{""shoe"": 1, ""dress"": 1}","[""889"", ""890""]",[],/workspace/scratch/728b0ed5ee28/analysis/public_fashion_data/raw/fashionpedia/annotations/instances_attributes_val2020.json
core_selected,Fashionpedia,../fashion_data/raw/fashionpedia/images/test/1c1b439e448879f805e8c827605ec96b.jpg,1,ADDITIONAL_RAW_TARGETS,5,4,"{""accessory"": 1, ""top"": 1, ""skirt"": 1, ""outerwear"": 1}","[""5451"", ""5452"", ""5454"", ""5456""]",[],/workspace/scratch/728b0ed5ee28/analysis/public_fashion_data/raw/fashionpedia/annotations/instances_attributes_val2020.json
core_selected,Fashionpedia,../fashion_data/raw/fashionpedia/images/test/1e54ccbc575eac627de68b221913fc52.jpg,1,ADDITIONAL_RAW_TARGETS,4,3,"{""skirt"": 1, ""top"": 1, ""shoe"": 1}","[""4497"", ""4498"", ""4500""]",[],/workspace/scratch/728b0ed5ee28/analysis/public_fashion_data/raw/fashionpedia/annotations/instances_attributes_val2020.json
core_selected,Fashionpedia,../fashion_data/raw/fashionpedia/images/test/1ee26a858200fa98bef04c950dad233a.jpg,1,ADDITIONAL_RAW_TARGETS,6,5,"{""accessory"": 2, ""dress"": 1, ""shoe"": 2}","[""1166"", ""1169"", ""1170"", ""1172"", ""1173""]",[],/workspace/scratch/728b0ed5ee28/analysis/public_fashion_data/raw/fashionpedia/annotations/instances_attributes_val2020.json
core_selected,Fashionpedia,../fashion_data/raw/fashionpedia/images/test/1f1e21e9d1206809d4f20ef5e6d2ddef.jpg,1,ADDITIONAL_RAW_TARGETS,6,5,"{""shoe"": 1, ""accessory"": 1, ""pants"": 1, ""top"": 1, ""outerwear"": 1}","[""6789"", ""6790"", ""6793"", ""6794"", ""6795""]",[],/workspace/scratch/728b0ed5ee28/analysis/public_fashion_data/raw/fashionpedia/annotations/instances_attributes_val2020.json
core_selected,Fashionpedia,../fashion_data/raw/fashionpedia/images/test/1f6b96f7f298903a77fa747ea4fe8840.jpg,1,ADDITIONAL_RAW_TARGETS,5,4,"{""dress"": 1, ""accessory"": 1, ""shoe"": 2}","[""3581"", ""3604"", ""3605"", ""3606""]",[],/workspace/scratch/728b0ed5ee28/analysis/public_fashion_data/raw/fashionpedia/annotations/instances_attributes_val2020.json
core_selected,Fashionpedia,../fashion_data/raw/fashionpedia/images/test/1fd63362ced55967a97a324928583339.jpg,1,ADDITIONAL_RAW_TARGETS,6,5,"{""top"": 1, ""outerwear"": 1, ""pants"": 1, ""shoe"": 2}","[""7560"", ""7566"", ""7568"", ""7569"", ""7570""]",[],/workspace/scratch/728b0ed5ee28/analysis/public_fashion_data/raw/fashionpedia/annotations/instances_attributes_val2020.json
core_selected,Fashionpedia,../fashion_data/raw/fashionpedia/images/test/219a6c846e208bbad39f71ddab96408a.jpg,1,ADDITIONAL_RAW_TARGETS,8,7,"{""shoe"": 2, ""skirt"": 1, ""accessory"": 2, ""outerwear"": 1, ""top"": 1}","[""3149"", ""3150"", ""3151"", ""3152"", ""3154"", ""3160"", ""3162""]",[],/workspace/scratch/728b0ed5ee28/analysis/public_fashion_data/raw/fashionpedia/annotations/instances_attributes_val2020.json
core_selected,Fashionpedia,../fashion_data/raw/fashionpedia/images/test/25e92d53394ac92b6b9edbbfe7cb0e1e.jpg,1,ADDITIONAL_RAW_TARGETS,7,6,"{""dress"": 1, ""accessory"": 3, ""shoe"": 2}","[""8788"", ""8790"", ""8791"", ""8792"", ""8793"", ""8794""]",[],/workspace/scratch/728b0ed5ee28/analysis/public_fashion_data/raw/fashionpedia/annotations/instances_attributes_val2020.json
core_selected,Fashionpedia,../fashion_data/raw/fashionpedia/images/test/25fb92c0d8ca2d4d159bfcd674b484d8.jpg,1,ADDITIONAL_RAW_TARGETS,2,1,"{""top"": 1}","[""125""]",[],/workspace/scratch/728b0ed5ee28/analysis/public_fashion_data/raw/fashionpedia/annotations/instances_attributes_val2020.json
core_selected,Fashionpedia,../fashion_data/raw/fashionpedia/images/test/26168da8556dab9641084df526c39ced.jpg,1,ADDITIONAL_RAW_TARGETS,5,4,"{""accessory"": 1, ""dress"": 1, ""shoe"": 2}","[""6902"", ""6903"", ""6905"", ""6906""]",[],/workspace/scratch/728b0ed5ee28/analysis/public_fashion_data/raw/fashionpedia/annotations/instances_attributes_val2020.json
core_selected,Fashionpedia,../fashion_data/raw/fashionpedia/images/test/2aa229d7589a06e59c4eb1f05162f9ab.jpg,1,ADDITIONAL_RAW_TARGETS,3,2,"{""accessory"": 1, ""top"": 1}","[""4744"", ""4745""]",[],/workspace/scratch/728b0ed5ee28/analysis/public_fashion_data/raw/fashionpedia/annotations/instances_attributes_val2020.json
core_selected,Fashionpedia,../fashion_data/raw/fashionpedia/images/test/2bb3700b00be0b5dc63b73da24501546.jpg,1,ADDITIONAL_RAW_TARGETS,4,3,"{""top"": 1, ""outerwear"": 1, ""pants"": 1}","[""6556"", ""6557"", ""6561""]",[],/workspace/scratch/728b0ed5ee28/analysis/public_fashion_data/raw/fashionpedia/annotations/instances_attributes_val2020.json
core_selected,Fashionpedia,../fashion_data/raw/fashionpedia/images/test/33a5bdedbd732f7fdd89d558b78707ef.jpg,1,ADDITIONAL_RAW_TARGETS,6,5,"{""dress"": 1, ""pants"": 1, ""accessory"": 1, ""shoe"": 2}","[""824"", ""825"", ""827"", ""828"", ""829""]",[],/workspace/scratch/728b0ed5ee28/analysis/public_fashion_data/raw/fashionpedia/annotations/instances_attributes_val2020.json
core_selected,Fashionpedia,../fashion_data/raw/fashionpedia/images/test/33e7a5f7f47b7bb2bf6d3549eedde5fd.jpg,1,ADDITIONAL_RAW_TARGETS,4,3,"{""dress"": 1, ""accessory"": 2}","[""3131"", ""3134"", ""3135""]",[],/workspace/scratch/728b0ed5ee28/analysis/public_fashion_data/raw/fashionpedia/annotations/instances_attributes_val2020.json
core_selected,Fashionpedia,../fashion_data/raw/fashionpedia/images/test/3421d3316a1b5e3e0eba67a600201806.jpg,1,ADDITIONAL_RAW_TARGETS,6,5,"{""outerwear"": 1, ""top"": 1, ""pants"": 1, ""shoe"": 2}","[""7690"", ""7696"", ""7698"", ""7700"", ""7701""]",[],/workspace/scratch/728b0ed5ee28/analysis/public_fashion_data/raw/fashionpedia/annotations/instances_attributes_val2020.json
core_selected,Fashionpedia,../fashion_data/raw/fashionpedia/images/test/347c5d77fb5cea10e3bb9d604b40e141.jpg,1,ADDITIONAL_RAW_TARGETS,5,4,"{""dress"": 1, ""shoe"": 1, ""accessory"": 2}","[""6712"", ""6716"", ""6718"", ""6719""]",[],/workspace/scratch/728b0ed5ee28/analysis/public_fashion_data/raw/fashionpedia/annotations/instances_attributes_val2020.json
core_selected,Fashionpedia,../fashion_data/raw/fashionpedia/images/test/35980d446169c38a1ebe02324dc0df36.jpg,1,ADDITIONAL_RAW_TARGETS,6,5,"{""top"": 1, ""pants"": 1, ""accessory"": 1, ""shoe"": 2}","[""9160"", ""9163"", ""9167"", ""9168"", ""9169""]",[],/workspace/scratch/728b0ed5ee28/analysis/public_fashion_data/raw/fashionpedia/annotations/instances_attributes_val2020.json
core_selected,Fashionpedia,../fashion_data/raw/fashionpedia/images/test/387a049fc5d151a2c6c2444a44211d5c.jpg,1,ADDITIONAL_RAW_TARGETS,2,1,"{""dress"": 1}","[""5919""]",[],/workspace/scratch/728b0ed5ee28/analysis/public_fashion_data/raw/fashionpedia/annotations/instances_attributes_val2020.json
core_selected,Fashionpedia,../fashion_data/raw/fashionpedia/images/test/3990300351c44307a56a9263b1d9f346.jpg,1,ADDITIONAL_RAW_TARGETS,6,5,"{""accessory"": 2, ""dress"": 1, ""shoe"": 2}","[""519"", ""520"", ""521"", ""526"", ""527""]",[],/workspace/scratch/728b0ed5ee28/analysis/public_fashion_data/raw/fashionpedia/annotations/instances_attributes_val2020.json
core_selected,Fashionpedia,../fashion_data/raw/fashionpedia/images/test/3a363533069e4150d6fd215abb73dd08.jpg,1,ADDITIONAL_RAW_TARGETS,5,4,"{""outerwear"": 1, ""skirt"": 1, ""shoe"": 1, ""accessory"": 1}","[""833"", ""840"", ""841"", ""843""]",[],/workspace/scratch/728b0ed5ee28/analysis/public_fashion_data/raw/fashionpedia/annotations/instances_attributes_val2020.json
core_selected,Fashionpedia,../fashion_data/raw/fashionpedia/images/test/3ae36909e5aa4ad018b2601797debf94.jpg,1,ADDITIONAL_RAW_TARGETS,5,4,"{""dress"": 1, ""accessory"": 1, ""shoe"": 2}","[""8074"", ""8076"", ""8077"", ""8078""]",[],/workspace/scratch/728b0ed5ee28/analysis/public_fashion_data/raw/fashionpedia/annotations/instances_attributes_val2020.json
core_selected,Fashionpedia,../fashion_data/raw/fashionpedia/images/test/3c9135567d29729161aa465507e5efad.jpg,1,ADDITIONAL_RAW_TARGETS,5,4,"{""outerwear"": 1, ""top"": 1, ""accessory"": 1, ""pants"": 1}","[""5146"", ""5148"", ""5150"", ""5152""]",[],/workspace/scratch/728b0ed5ee28/analysis/public_fashion_data/raw/fashionpedia/annotations/instances_attributes_val2020.json
core_selected,Fashionpedia,../fashion_data/raw/fashionpedia/images/test/3c9745ee71fdc72c43f9baec5f9e27f0.jpg,1,ADDITIONAL_RAW_TARGETS,7,6,"{""skirt"": 1, ""pants"": 1, ""shoe"": 2, ""outerwear"": 1, ""top"": 1}","[""6701"", ""6702"", ""6703"", ""6704"", ""6705"", ""6706""]",[],/workspace/scratch/728b0ed5ee28/analysis/public_fashion_data/raw/fashionpedia/annotations/instances_attributes_val2020.json
core_selected,Fashionpedia,../fashion_data/raw/fashionpedia/images/test/3ce04e48660ed6d21aee863f674486b7.jpg,1,ADDITIONAL_RAW_TARGETS,7,6,"{""outerwear"": 1, ""pants"": 1, ""top"": 1, ""shoe"": 2, ""accessory"": 1}","[""4144"", ""4150"", ""4151"", ""4156"", ""4157"", ""4158""]",[],/workspace/scratch/728b0ed5ee28/analysis/public_fashion_data/raw/fashionpedia/annotations/instances_attributes_val2020.json
core_selected,Fashionpedia,../fashion_data/raw/fashionpedia/images/test/3d2c62435d6f70d51721670bc5e60ad2.jpg,1,ADDITIONAL_RAW_TARGETS,3,2,"{""dress"": 1, ""shoe"": 1}","[""1273"", ""1275""]",[],/workspace/scratch/728b0ed5ee28/analysis/public_fashion_data/raw/fashionpedia/annotations/instances_attributes_val2020.json
core_selected,Fashionpedia,../fashion_data/raw/fashionpedia/images/test/420f153001eb2e37269ae974b9f7665e.jpg,1,ADDITIONAL_RAW_TARGETS,6,5,"{""top"": 1, ""accessory"": 1, ""skirt"": 1, ""shoe"": 2}","[""5900"", ""5902"", ""5904"", ""5905"", ""5906""]",[],/workspace/scratch/728b0ed5ee28/analysis/public_fashion_data/raw/fashionpedia/annotations/instances_attributes_val2020.json
core_selected,Fashionpedia,../fashion_data/raw/fashionpedia/images/test/42668f83c24465ba79d25eb2a8790050.jpg,1,ADDITIONAL_RAW_TARGETS,7,6,"{""shoe"": 2, ""skirt"": 1, ""top"": 1, ""accessory"": 2}","[""7314"", ""7315"", ""7316"", ""7318"", ""7322"", ""7323""]",[],/workspace/scratch/728b0ed5ee28/analysis/public_fashion_data/raw/fashionpedia/annotations/instances_attributes_val2020.json
core_selected,Fashionpedia,../fashion_data/raw/fashionpedia/images/test/474d53c6c7a10c536cb49d55104211bf.jpg,1,ADDITIONAL_RAW_TARGETS,4,3,"{""accessory"": 1, ""pants"": 1, ""top"": 1}","[""3275"", ""3276"", ""3277""]",[],/workspace/scratch/728b0ed5ee28/analysis/public_fashion_data/raw/fashionpedia/annotations/instances_attributes_val2020.json
core_selected,Fashionpedia,../fashion_data/raw/fashionpedia/images/test/4a218fbe91f6d17267cdbb255d4d8900.jpg,1,ADDITIONAL_RAW_TARGETS,7,6,"{""shoe"": 2, ""pants"": 1, ""top"": 1, ""outerwear"": 1, ""accessory"": 1}","[""6751"", ""6752"", ""6753"", ""6756"", ""6757"", ""6761""]",[],/workspace/scratch/728b0ed5ee28/analysis/public_fashion_data/raw/fashionpedia/annotations/instances_attributes_val2020.json
core_selected,Fashionpedia,../fashion_data/raw/fashionpedia/images/test/4aa62ca489ce6e163ca8400d4c96b569.jpg,1,ADDITIONAL_RAW_TARGETS,4,3,"{""dress"": 1, ""shoe"": 2}","[""5761"", ""5766"", ""5767""]",[],/workspace/scratch/728b0ed5ee28/analysis/public_fashion_data/raw/fashionpedia/annotations/instances_attributes_val2020.json
core_selected,Fashionpedia,../fashion_data/raw/fashionpedia/images/test/4aa6626a5183e3072b74ee07f75e07b6.jpg,1,ADDITIONAL_RAW_TARGETS,5,4,"{""pants"": 1, ""shoe"": 2, ""top"": 1}","[""575"", ""576"", ""577"", ""579""]",[],/workspace/scratch/728b0ed5ee28/analysis/public_fashion_data/raw/fashionpedia/annotations/instances_attributes_val2020.json
core_selected,Fashionpedia,../fashion_data/raw/fashionpedia/images/test/4c528816dbb9d5ba947d10b145fcb5f1.jpg,1,ADDITIONAL_RAW_TARGETS,5,4,"{""dress"": 1, ""shoe"": 2, ""accessory"": 1}","[""396"", ""400"", ""401"", ""402""]",[],/workspace/scratch/728b0ed5ee28/analysis/public_fashion_data/raw/fashionpedia/annotations/instances_attributes_val2020.json
core_selected,Fashionpedia,../fashion_data/raw/fashionpedia/images/test/4d200cb316a6260257ce84b37e25161c.jpg,1,ADDITIONAL_RAW_TARGETS,5,4,"{""dress"": 1, ""bag"": 1, ""shoe"": 2}","[""1214"", ""1216"", ""1217"", ""1218""]",[],/workspace/scratch/728b0ed5ee28/analysis/public_fashion_data/raw/fashionpedia/annotations/instances_attributes_val2020.json
core_selected,Fashionpedia,../fashion_data/raw/fashionpedia/images/test/5285f0cc22e6b24ebf7597921f1e792f.jpg,1,ADDITIONAL_RAW_TARGETS,5,4,"{""outerwear"": 1, ""accessory"": 2, ""top"": 1}","[""6775"", ""6777"", ""6780"", ""6781""]",[],/workspace/scratch/728b0ed5ee28/analysis/public_fashion_data/raw/fashionpedia/annotations/instances_attributes_val2020.json
core_selected,Fashionpedia,../fashion_data/raw/fashionpedia/images/test/5335b8ea8a70be860bc310864bc7d8d1.jpg,1,ADDITIONAL_RAW_TARGETS,6,5,"{""dress"": 1, ""outerwear"": 1, ""accessory"": 2, ""shoe"": 1}","[""8089"", ""8095"", ""8096"", ""8098"", ""8099""]",[],/workspace/scratch/728b0ed5ee28/analysis/public_fashion_data/raw/fashionpedia/annotations/instances_attributes_val2020.json
core_selected,Fashionpedia,../fashion_data/raw/fashionpedia/images/test/53638f7d3a9adcd5e93a4ade8f1ed552.jpg,1,ADDITIONAL_RAW_TARGETS,4,3,"{""shoe"": 1, ""dress"": 1, ""accessory"": 1}","[""3837"", ""3838"", ""3840""]",[],/workspace/scratch/728b0ed5ee28/analysis/public_fashion_data/raw/fashionpedia/annotations/instances_attributes_val2020.json
core_selected,Fashionpedia,../fashion_data/raw/fashionpedia/images/test/5446d1fd42c4c2baac5bc3ae647b2f7d.jpg,1,ADDITIONAL_RAW_TARGETS,3,2,"{""top"": 1, ""pants"": 1}","[""3373"", ""3375""]",[],/workspace/scratch/728b0ed5ee28/analysis/public_fashion_data/raw/fashionpedia/annotations/instances_attributes_val2020.json
core_selected,Fashionpedia,../fashion_data/raw/fashionpedia/images/test/590d516a191a9f1013976798dda97d36.jpg,1,ADDITIONAL_RAW_TARGETS,4,3,"{""accessory"": 2, ""dress"": 1}","[""3528"", ""3529"", ""3533""]",[],/workspace/scratch/728b0ed5ee28/analysis/public_fashion_data/raw/fashionpedia/annotations/instances_attributes_val2020.json
core_selected,Fashionpedia,../fashion_data/raw/fashionpedia/images/test/59972d4827e58fd77ceac9dd7f0b42c7.jpg,1,ADDITIONAL_RAW_TARGETS,3,2,"{""dress"": 1, ""top"": 1}","[""7051"", ""7054""]",[],/workspace/scratch/728b0ed5ee28/analysis/public_fashion_data/raw/fashionpedia/annotations/instances_attributes_val2020.json
core_selected,Fashionpedia,../fashion_data/raw/fashionpedia/images/test/5ada94993430e73f1e6967d5ce2aecad.jpg,1,ADDITIONAL_RAW_TARGETS,5,4,"{""top"": 1, ""skirt"": 1, ""outerwear"": 1, ""shoe"": 1}","[""3333"", ""3334"", ""3342"", ""3346""]",[],/workspace/scratch/728b0ed5ee28/analysis/public_fashion_data/raw/fashionpedia/annotations/instances_attributes_val2020.json
core_selected,Fashionpedia,../fashion_data/raw/fashionpedia/images/test/5d5d3fb33612b0794f06003d8abe2a3e.jpg,1,ADDITIONAL_RAW_TARGETS,5,4,"{""accessory"": 1, ""skirt"": 1, ""shoe"": 1, ""top"": 1}","[""8008"", ""8009"", ""8011"", ""8013""]",[],/workspace/scratch/728b0ed5ee28/analysis/public_fashion_data/raw/fashionpedia/annotations/instances_attributes_val2020.json
core_selected,Fashionpedia,../fashion_data/raw/fashionpedia/images/test/5d7f5a1b4d12d8931d03c3e7e1060689.jpg,1,ADDITIONAL_RAW_TARGETS,10,9,"{""accessory"": 3, ""top"": 2, ""outerwear"": 1, ""pants"": 1, ""shoe"": 2}","[""6927"", ""6929"", ""6932"", ""6940"", ""6942"", ""6943"", ""6944"", ""6945"", ""6946""]",[],/workspace/scratch/728b0ed5ee28/analysis/public_fashion_data/raw/fashionpedia/annotations/instances_attributes_val2020.json
core_selected,Fashionpedia,../fashion_data/raw/fashionpedia/images/test/5dbc92d79e36f8af3824a776b28b97d0.jpg,1,ADDITIONAL_RAW_TARGETS,5,4,"{""skirt"": 1, ""top"": 1, ""accessory"": 1, ""shoe"": 1}","[""1152"", ""1155"", ""1156"", ""1157""]",[],/workspace/scratch/728b0ed5ee28/analysis/public_fashion_data/raw/fashionpedia/annotations/instances_attributes_val2020.json
core_selected,Fashionpedia,../fashion_data/raw/fashionpedia/images/test/6469f5b56cb9ab713851fcd9116923c1.jpg,1,ADDITIONAL_RAW_TARGETS,3,2,"{""shoe"": 1, ""dress"": 1}","[""4731"", ""4732""]",[],/workspace/scratch/728b0ed5ee28/analysis/public_fashion_data/raw/fashionpedia/annotations/instances_attributes_val2020.json
core_selected,Fashionpedia,../fashion_data/raw/fashionpedia/images/test/65cb75a24d64e835888e2824b1baaacc.jpg,1,ADDITIONAL_RAW_TARGETS,6,5,"{""top"": 2, ""pants"": 1, ""accessory"": 2}","[""2205"", ""2208"", ""2209"", ""2210"", ""2211""]",[],/workspace/scratch/728b0ed5ee28/analysis/public_fashion_data/raw/fashionpedia/annotations/instances_attributes_val2020.json
core_selected,Fashionpedia,../fashion_data/raw/fashionpedia/images/test/6612b7476f511c5cd1eb1086f2b7ba39.jpg,1,ADDITIONAL_RAW_TARGETS,5,4,"{""pants"": 1, ""top"": 1, ""accessory"": 2}","[""2281"", ""2286"", ""2288"", ""2289""]",[],/workspace/scratch/728b0ed5ee28/analysis/public_fashion_data/raw/fashionpedia/annotations/instances_attributes_val2020.json
core_selected,Fashionpedia,../fashion_data/raw/fashionpedia/images/test/6d734ccae856df8a0bf85bb3f658bbbb.jpg,1,ADDITIONAL_RAW_TARGETS,5,4,"{""shoe"": 1, ""dress"": 1, ""outerwear"": 1, ""accessory"": 1}","[""323"", ""325"", ""327"", ""329""]",[],/workspace/scratch/728b0ed5ee28/analysis/public_fashion_data/raw/fashionpedia/annotations/instances_attributes_val2020.json
core_selected,Fashionpedia,../fashion_data/raw/fashionpedia/images/test/6e2652e279a03035a8a0190ba461d247.jpg,1,ADDITIONAL_RAW_TARGETS,6,5,"{""pants"": 1, ""top"": 2, ""shoe"": 2}","[""8418"", ""8419"", ""8420"", ""8422"", ""8423""]",[],/workspace/scratch/728b0ed5ee28/analysis/public_fashion_data/raw/fashionpedia/annotations/instances_attributes_val2020.json
core_selected,Fashionpedia,../fashion_data/raw/fashionpedia/images/test/6f7e3162e9690967035c75bdbb9b0aea.jpg,1,ADDITIONAL_RAW_TARGETS,7,6,"{""accessory"": 2, ""pants"": 1, ""top"": 1, ""shoe"": 2}","[""6954"", ""6955"", ""6956"", ""6957"", ""6959"", ""6960""]",[],/workspace/scratch/728b0ed5ee28/analysis/public_fashion_data/raw/fashionpedia/annotations/instances_attributes_val2020.json
core_selected,Fashionpedia,../fashion_data/raw/fashionpedia/images/test/70e000fc740fd51671f257453e5d4ef1.jpg,1,ADDITIONAL_RAW_TARGETS,5,4,"{""top"": 1, ""pants"": 1, ""shoe"": 2}","[""5468"", ""5472"", ""5476"", ""5477""]",[],/workspace/scratch/728b0ed5ee28/analysis/public_fashion_data/raw/fashionpedia/annotations/instances_attributes_val2020.json
core_selected,Fashionpedia,../fashion_data/raw/fashionpedia/images/test/7229de52add8dfb593d50f63cc39df10.jpg,1,ADDITIONAL_RAW_TARGETS,4,3,"{""shoe"": 2, ""dress"": 1}","[""378"", ""379"", ""380""]",[],/workspace/scratch/728b0ed5ee28/analysis/public_fashion_data/raw/fashionpedia/annotations/instances_attributes_val2020.json
core_selected,Fashionpedia,../fashion_data/raw/fashionpedia/images/test/733128db0ce4f09443fc561514458c7f.jpg,1,ADDITIONAL_RAW_TARGETS,4,3,"{""top"": 1, ""pants"": 1, ""shoe"": 1}","[""7921"", ""7925"", ""7926""]",[],/workspace/scratch/728b0ed5ee28/analysis/public_fashion_data/raw/fashionpedia/annotations/instances_attributes_val2020.json
core_selected,Fashionpedia,../fashion_data/raw/fashionpedia/images/test/78c76bd3d70e760b4b59fde91b1cc03f.jpg,1,ADDITIONAL_RAW_TARGETS,5,4,"{""shoe"": 2, ""accessory"": 1, ""dress"": 1}","[""7856"", ""7857"", ""7858"", ""7861""]",[],/workspace/scratch/728b0ed5ee28/analysis/public_fashion_data/raw/fashionpedia/annotations/instances_attributes_val2020.json
core_selected,Fashionpedia,../fashion_data/raw/fashionpedia/images/test/790cc5b2e3f130e9f45cde050b74c055.jpg,1,ADDITIONAL_RAW_TARGETS,7,6,"{""accessory"": 1, ""top"": 1, ""outerwear"": 1, ""pants"": 1, ""shoe"": 2}","[""78"", ""80"", ""81"", ""82"", ""83"", ""84""]",[],/workspace/scratch/728b0ed5ee28/analysis/public_fashion_data/raw/fashionpedia/annotations/instances_attributes_val2020.json
core_selected,Fashionpedia,../fashion_data/raw/fashionpedia/images/test/7d9a766f0de2a8aab3004ac1bee9768f.jpg,1,ADDITIONAL_RAW_TARGETS,5,4,"{""top"": 1, ""skirt"": 1, ""shoe"": 2}","[""2614"", ""2615"", ""2617"", ""2618""]",[],/workspace/scratch/728b0ed5ee28/analysis/public_fashion_data/raw/fashionpedia/annotations/instances_attributes_val2020.json
core_selected,Fashionpedia,../fashion_data/raw/fashionpedia/images/test/7ecf591cf3e21e72ea2718e3869f5768.jpg,1,ADDITIONAL_RAW_TARGETS,4,3,"{""pants"": 1, ""top"": 1, ""shoe"": 1}","[""893"", ""894"", ""898""]",[],/workspace/scratch/728b0ed5ee28/analysis/public_fashion_data/raw/fashionpedia/annotations/instances_attributes_val2020.json
core_selected,Fashionpedia,../fashion_data/raw/fashionpedia/images/test/7edab506f7628da58ac683b6b9554d2d.jpg,1,ADDITIONAL_RAW_TARGETS,4,3,"{""top"": 1, ""skirt"": 1, ""shoe"": 1}","[""970"", ""971"", ""973""]",[],/workspace/scratch/728b0ed5ee28/analysis/public_fashion_data/raw/fashionpedia/annotations/instances_attributes_val2020.json
core_selected,Fashionpedia,../fashion_data/raw/fashionpedia/images/test/841690826ff84fb6ca2f6ed238a6be77.jpg,1,ADDITIONAL_RAW_TARGETS,3,2,"{""top"": 1, ""outerwear"": 1}","[""6833"", ""6834""]",[],/workspace/scratch/728b0ed5ee28/analysis/public_fashion_data/raw/fashionpedia/annotations/instances_attributes_val2020.json
core_selected,Fashionpedia,../fashion_data/raw/fashionpedia/images/test/8623733272199d95726231fd6dcdc7bf.jpg,1,ADDITIONAL_RAW_TARGETS,5,4,"{""shoe"": 2, ""accessory"": 1, ""dress"": 1}","[""7477"", ""7478"", ""7479"", ""7483""]",[],/workspace/scratch/728b0ed5ee28/analysis/public_fashion_data/raw/fashionpedia/annotations/instances_attributes_val2020.json
core_selected,Fashionpedia,../fashion_data/raw/fashionpedia/images/test/899f2cf99bf2589cb5f037792f6f35ae.jpg,1,ADDITIONAL_RAW_TARGETS,5,4,"{""dress"": 1, ""top"": 1, ""shoe"": 2}","[""1798"", ""1803"", ""1805"", ""1806""]",[],/workspace/scratch/728b0ed5ee28/analysis/public_fashion_data/raw/fashionpedia/annotations/instances_attributes_val2020.json
core_selected,Fashionpedia,../fashion_data/raw/fashionpedia/images/test/8b0f9bec3b8c5793bf116e1e5e502072.jpg,1,ADDITIONAL_RAW_TARGETS,5,4,"{""pants"": 1, ""shoe"": 1, ""outerwear"": 1, ""top"": 1}","[""1828"", ""1829"", ""1832"", ""1835""]",[],/workspace/scratch/728b0ed5ee28/analysis/public_fashion_data/raw/fashionpedia/annotations/instances_attributes_val2020.json
core_selected,Fashionpedia,../fashion_data/raw/fashionpedia/images/test/8b5635d5a5331e26d0e5135a068976ee.jpg,1,ADDITIONAL_RAW_TARGETS,2,1,"{""top"": 1}","[""1907""]",[],/workspace/scratch/728b0ed5ee28/analysis/public_fashion_data/raw/fashionpedia/annotations/instances_attributes_val2020.json
core_selected,Fashionpedia,../fashion_data/raw/fashionpedia/images/test/8c6c8abea5d5a128ca8834600b2aeddc.jpg,1,ADDITIONAL_RAW_TARGETS,3,2,"{""shoe"": 1, ""dress"": 1}","[""8822"", ""8823""]",[],/workspace/scratch/728b0ed5ee28/analysis/public_fashion_data/raw/fashionpedia/annotations/instances_attributes_val2020.json
core_selected,Fashionpedia,../fashion_data/raw/fashionpedia/images/test/8cd47ea6b100369f44879e44ba5950c7.jpg,1,ADDITIONAL_RAW_TARGETS,2,1,"{""dress"": 1}","[""1652""]",[],/workspace/scratch/728b0ed5ee28/analysis/public_fashion_data/raw/fashionpedia/annotations/instances_attributes_val2020.json
core_selected,Fashionpedia,../fashion_data/raw/fashionpedia/images/test/8e13b4bba964e3d1fc2eba6e30975f06.jpg,1,ADDITIONAL_RAW_TARGETS,2,1,"{""dress"": 1}","[""1961""]",[],/workspace/scratch/728b0ed5ee28/analysis/public_fashion_data/raw/fashionpedia/annotations/instances_attributes_val2020.json
core_selected,Fashionpedia,../fashion_data/raw/fashionpedia/images/test/8fd977cccd42dde5ebe8785b3929f801.jpg,1,ADDITIONAL_RAW_TARGETS,5,4,"{""outerwear"": 1, ""pants"": 1, ""shoe"": 2}","[""1601"", ""1603"", ""1604"", ""1605""]",[],/workspace/scratch/728b0ed5ee28/analysis/public_fashion_data/raw/fashionpedia/annotations/instances_attributes_val2020.json
core_selected,Fashionpedia,../fashion_data/raw/fashionpedia/images/test/91d2989ccce4a5b3e4789f48b4e05a68.jpg,1,ADDITIONAL_RAW_TARGETS,5,4,"{""dress"": 1, ""accessory"": 2, ""skirt"": 1}","[""2996"", ""2997"", ""2998"", ""3000""]",[],/workspace/scratch/728b0ed5ee28/analysis/public_fashion_data/raw/fashionpedia/annotations/instances_attributes_val2020.json
core_selected,Fashionpedia,../fashion_data/raw/fashionpedia/images/test/923d9f0cbf8310c92e7949638ac59fdc.jpg,1,ADDITIONAL_RAW_TARGETS,2,1,"{""dress"": 1}","[""8947""]",[],/workspace/scratch/728b0ed5ee28/analysis/public_fashion_data/raw/fashionpedia/annotations/instances_attributes_val2020.json
core_selected,Fashionpedia,../fashion_data/raw/fashionpedia/images/test/93689df6d05b8406fcf9083057344e3e.jpg,1,ADDITIONAL_RAW_TARGETS,3,2,"{""dress"": 1, ""shoe"": 1}","[""6964"", ""6966""]",[],/workspace/scratch/728b0ed5ee28/analysis/public_fashion_data/raw/fashionpedia/annotations/instances_attributes_val2020.json
core_selected,Fashionpedia,../fashion_data/raw/fashionpedia/images/test/981fa1400f6240e4a3d5082b95b667a2.jpg,1,ADDITIONAL_RAW_TARGETS,5,4,"{""outerwear"": 1, ""dress"": 1, ""shoe"": 2}","[""5907"", ""5910"", ""5911"", ""5912""]",[],/workspace/scratch/728b0ed5ee28/analysis/public_fashion_data/raw/fashionpedia/annotations/instances_attributes_val2020.json
core_selected,Fashionpedia,../fashion_data/raw/fashionpedia/images/test/992c89a774b9f246db9ab54865273b26.jpg,1,ADDITIONAL_RAW_TARGETS,2,1,"{""top"": 1}","[""1524""]",[],/workspace/scratch/728b0ed5ee28/analysis/public_fashion_data/raw/fashionpedia/annotations/instances_attributes_val2020.json
core_selected,Fashionpedia,../fashion_data/raw/fashionpedia/images/test/9a755d94e00922406ee34010fac8eec5.jpg,1,ADDITIONAL_RAW_TARGETS,3,2,"{""shoe"": 1, ""accessory"": 1}","[""5622"", ""5626""]",[],/workspace/scratch/728b0ed5ee28/analysis/public_fashion_data/raw/fashionpedia/annotations/instances_attributes_val2020.json
core_selected,Fashionpedia,../fashion_data/raw/fashionpedia/images/test/a13f7be475e3cf371b342c0f2e320836.jpg,1,ADDITIONAL_RAW_TARGETS,3,2,"{""dress"": 1, ""accessory"": 1}","[""9170"", ""9175""]",[],/workspace/scratch/728b0ed5ee28/analysis/public_fashion_data/raw/fashionpedia/annotations/instances_attributes_val2020.json
core_selected,Fashionpedia,../fashion_data/raw/fashionpedia/images/test/a4222aa94c4ed6f7e3a36f553505249b.jpg,1,ADDITIONAL_RAW_TARGETS,5,4,"{""accessory"": 3, ""top"": 1}","[""3136"", ""3137"", ""3138"", ""3142""]",[],/workspace/scratch/728b0ed5ee28/analysis/public_fashion_data/raw/fashionpedia/annotations/instances_attributes_val2020.json
core_selected,Fashionpedia,../fashion_data/raw/fashionpedia/images/test/aaf6934258f226a68996b5922fa3f038.jpg,1,ADDITIONAL_RAW_TARGETS,4,3,"{""dress"": 1, ""shoe"": 2}","[""6234"", ""6238"", ""6239""]",[],/workspace/scratch/728b0ed5ee28/analysis/public_fashion_data/raw/fashionpedia/annotations/instances_attributes_val2020.json
core_selected,Fashionpedia,../fashion_data/raw/fashionpedia/images/test/ac0bb60c85a2a9a02d525f900316cda2.jpg,1,ADDITIONAL_RAW_TARGETS,3,2,"{""dress"": 1, ""shoe"": 1}","[""1998"", ""2003""]",[],/workspace/scratch/728b0ed5ee28/analysis/public_fashion_data/raw/fashionpedia/annotations/instances_attributes_val2020.json
core_selected,Fashionpedia,../fashion_data/raw/fashionpedia/images/test/ac257ddc35bb18760df07544ca327129.jpg,1,ADDITIONAL_RAW_TARGETS,3,2,"{""dress"": 1, ""shoe"": 1}","[""7166"", ""7170""]",[],/workspace/scratch/728b0ed5ee28/analysis/public_fashion_data/raw/fashionpedia/annotations/instances_attributes_val2020.json
core_selected,Fashionpedia,../fashion_data/raw/fashionpedia/images/test/af8be1edbef6e48a88325ebf63cb48f1.jpg,1,ADDITIONAL_RAW_TARGETS,4,3,"{""skirt"": 1, ""top"": 1, ""shoe"": 1}","[""8763"", ""8765"", ""8767""]",[],/workspace/scratch/728b0ed5ee28/analysis/public_fashion_data/raw/fashionpedia/annotations/instances_attributes_val2020.json
core_selected,Fashionpedia,../fashion_data/raw/fashionpedia/images/test/b0ed46a2ed52c32e7a1c2c47cebf3f70.jpg,1,ADDITIONAL_RAW_TARGETS,4,3,"{""top"": 1, ""pants"": 1, ""shoe"": 1}","[""1994"", ""1995"", ""1996""]",[],/workspace/scratch/728b0ed5ee28/analysis/public_fashion_data/raw/fashionpedia/annotations/instances_attributes_val2020.json
core_selected,Fashionpedia,../fashion_data/raw/fashionpedia/images/test/b56a57edff4230c68e1d4296cc345718.jpg,1,ADDITIONAL_RAW_TARGETS,5,4,"{""outerwear"": 1, ""top"": 1, ""skirt"": 1, ""accessory"": 1}","[""695"", ""704"", ""706"", ""707""]",[],/workspace/scratch/728b0ed5ee28/analysis/public_fashion_data/raw/fashionpedia/annotations/instances_attributes_val2020.json
core_selected,Fashionpedia,../fashion_data/raw/fashionpedia/images/test/b5afca4e7afe32cd8d4e7ba62da456bd.jpg,1,ADDITIONAL_RAW_TARGETS,3,2,"{""dress"": 1, ""outerwear"": 1}","[""1940"", ""1942""]",[],/workspace/scratch/728b0ed5ee28/analysis/public_fashion_data/raw/fashionpedia/annotations/instances_attributes_val2020.json
core_selected,Fashionpedia,../fashion_data/raw/fashionpedia/images/test/b6b563c14cfb7911932d24d22ffe5041.jpg,1,ADDITIONAL_RAW_TARGETS,6,5,"{""skirt"": 1, ""shoe"": 2, ""accessory"": 1, ""top"": 1}","[""7870"", ""7871"", ""7872"", ""7873"", ""7875""]",[],/workspace/scratch/728b0ed5ee28/analysis/public_fashion_data/raw/fashionpedia/annotations/instances_attributes_val2020.json
core_selected,Fashionpedia,../fashion_data/raw/fashionpedia/images/test/b71711424f189b2279045ba925231bc8.jpg,1,ADDITIONAL_RAW_TARGETS,4,3,"{""dress"": 1, ""accessory"": 1, ""shoe"": 1}","[""3229"", ""3231"", ""3232""]",[],/workspace/scratch/728b0ed5ee28/analysis/public_fashion_data/raw/fashionpedia/annotations/instances_attributes_val2020.json
core_selected,Fashionpedia,../fashion_data/raw/fashionpedia/images/test/b9d34d7ecfc267888ad6eb0f20af3792.jpg,1,ADDITIONAL_RAW_TARGETS,4,3,"{""outerwear"": 1, ""skirt"": 1, ""shoe"": 1}","[""7063"", ""7064"", ""7066""]",[],/workspace/scratch/728b0ed5ee28/analysis/public_fashion_data/raw/fashionpedia/annotations/instances_attributes_val2020.json
core_selected,Fashionpedia,../fashion_data/raw/fashionpedia/images/test/bd8d3293d99b77a3fa0ec0dd058235dc.jpg,1,ADDITIONAL_RAW_TARGETS,4,3,"{""dress"": 1, ""shoe"": 1, ""outerwear"": 1}","[""7127"", ""7128"", ""7130""]",[],/workspace/scratch/728b0ed5ee28/analysis/public_fashion_data/raw/fashionpedia/annotations/instances_attributes_val2020.json
core_selected,Fashionpedia,../fashion_data/raw/fashionpedia/images/test/bf916c006f8adb3c0a45b5a7bfe4d782.jpg,1,ADDITIONAL_RAW_TARGETS,4,3,"{""dress"": 1, ""shoe"": 1, ""accessory"": 1}","[""270"", ""272"", ""274""]",[],/workspace/scratch/728b0ed5ee28/analysis/public_fashion_data/raw/fashionpedia/annotations/instances_attributes_val2020.json
core_selected,Fashionpedia,../fashion_data/raw/fashionpedia/images/test/c085fb2b093eeb52041884c9ea51cc65.jpg,1,ADDITIONAL_RAW_TARGETS,3,2,"{""top"": 1, ""skirt"": 1}","[""6496"", ""6498""]",[],/workspace/scratch/728b0ed5ee28/analysis/public_fashion_data/raw/fashionpedia/annotations/instances_attributes_val2020.json
core_selected,Fashionpedia,../fashion_data/raw/fashionpedia/images/test/c2d80480b743d45143725a5c223c16d9.jpg,1,ADDITIONAL_RAW_TARGETS,3,2,"{""skirt"": 1, ""top"": 1}","[""32"", ""35""]",[],/workspace/scratch/728b0ed5ee28/analysis/public_fashion_data/raw/fashionpedia/annotations/instances_attributes_val2020.json
core_selected,Fashionpedia,../fashion_data/raw/fashionpedia/images/test/c31564bf88c1d02aa8cb1e886ccaadef.jpg,1,ADDITIONAL_RAW_TARGETS,5,4,"{""pants"": 1, ""outerwear"": 1, ""top"": 1, ""shoe"": 1}","[""1300"", ""1303"", ""1306"", ""1308""]",[],/workspace/scratch/728b0ed5ee28/analysis/public_fashion_data/raw/fashionpedia/annotations/instances_attributes_val2020.json
core_selected,Fashionpedia,../fashion_data/raw/fashionpedia/images/test/c4495c86c19fedfdf2fefb74d43fdd6d.jpg,1,ADDITIONAL_RAW_TARGETS,6,5,"{""shoe"": 1, ""accessory"": 1, ""top"": 1, ""pants"": 1, ""outerwear"": 1}","[""4432"", ""4433"", ""4434"", ""4435"", ""4436""]",[],/workspace/scratch/728b0ed5ee28/analysis/public_fashion_data/raw/fashionpedia/annotations/instances_attributes_val2020.json
core_selected,Fashionpedia,../fashion_data/raw/fashionpedia/images/test/c49c54015b966bc7220c18569088e5ea.jpg,1,ADDITIONAL_RAW_TARGETS,4,3,"{""pants"": 1, ""shoe"": 1, ""top"": 1}","[""331"", ""332"", ""334""]",[],/workspace/scratch/728b0ed5ee28/analysis/public_fashion_data/raw/fashionpedia/annotations/instances_attributes_val2020.json
core_selected,Fashionpedia,../fashion_data/raw/fashionpedia/images/test/c61d5cca2c2a6e5f06a6ff26689e8f89.jpg,1,ADDITIONAL_RAW_TARGETS,6,5,"{""shoe"": 2, ""dress"": 1, ""accessory"": 2}","[""2326"", ""2327"", ""2329"", ""2330"", ""2333""]",[],/workspace/scratch/728b0ed5ee28/analysis/public_fashion_data/raw/fashionpedia/annotations/instances_attributes_val2020.json
core_selected,Fashionpedia,../fashion_data/raw/fashionpedia/images/test/c71725f6c3b33f109c76c4d356efb90b.jpg,1,ADDITIONAL_RAW_TARGETS,3,2,"{""shoe"": 1, ""top"": 1}","[""6114"", ""6117""]",[],/workspace/scratch/728b0ed5ee28/analysis/public_fashion_data/raw/fashionpedia/annotations/instances_attributes_val2020.json
core_selected,Fashionpedia,../fashion_data/raw/fashionpedia/images/test/c829a692db2ec7013e3eb242b430a2d8.jpg,1,ADDITIONAL_RAW_TARGETS,4,3,"{""dress"": 1, ""outerwear"": 1, ""shoe"": 1}","[""1819"", ""1820"", ""1822""]",[],/workspace/scratch/728b0ed5ee28/analysis/public_fashion_data/raw/fashionpedia/annotations/instances_attributes_val2020.json
core_selected,Fashionpedia,../fashion_data/raw/fashionpedia/images/test/cd49344a73f9e61527b4ef120e1ddfd0.jpg,1,ADDITIONAL_RAW_TARGETS,3,2,"{""dress"": 1, ""shoe"": 1}","[""6513"", ""6515""]",[],/workspace/scratch/728b0ed5ee28/analysis/public_fashion_data/raw/fashionpedia/annotations/instances_attributes_val2020.json
core_selected,Fashionpedia,../fashion_data/raw/fashionpedia/images/test/ce07236c7bdb9f4d04df57c3a7967959.jpg,1,ADDITIONAL_RAW_TARGETS,5,4,"{""top"": 1, ""pants"": 1, ""shoe"": 2}","[""4710"", ""4711"", ""4712"", ""4713""]",[],/workspace/scratch/728b0ed5ee28/analysis/public_fashion_data/raw/fashionpedia/annotations/instances_attributes_val2020.json
core_selected,Fashionpedia,../fashion_data/raw/fashionpedia/images/test/d451b646b79628026a369c045ed54462.jpg,1,ADDITIONAL_RAW_TARGETS,5,4,"{""outerwear"": 1, ""pants"": 1, ""shoe"": 2}","[""6407"", ""6411"", ""6412"", ""6413""]",[],/workspace/scratch/728b0ed5ee28/analysis/public_fashion_data/raw/fashionpedia/annotations/instances_attributes_val2020.json
core_selected,Fashionpedia,../fashion_data/raw/fashionpedia/images/test/d47f5c8a886204cd7b315af23ce90b4e.jpg,1,ADDITIONAL_RAW_TARGETS,3,2,"{""dress"": 1, ""shoe"": 1}","[""5513"", ""5516""]",[],/workspace/scratch/728b0ed5ee28/analysis/public_fashion_data/raw/fashionpedia/annotations/instances_attributes_val2020.json
core_selected,Fashionpedia,../fashion_data/raw/fashionpedia/images/test/d8b36f1be818f71a0ab4224b829c1210.jpg,1,ADDITIONAL_RAW_TARGETS,6,5,"{""top"": 1, ""outerwear"": 1, ""pants"": 1, ""shoe"": 2}","[""1423"", ""1424"", ""1425"", ""1431"", ""1432""]",[],/workspace/scratch/728b0ed5ee28/analysis/public_fashion_data/raw/fashionpedia/annotations/instances_attributes_val2020.json
core_selected,Fashionpedia,../fashion_data/raw/fashionpedia/images/test/db85f62492da69d793339b2c124e7abb.jpg,1,ADDITIONAL_RAW_TARGETS,7,6,"{""dress"": 1, ""accessory"": 2, ""shoe"": 2, ""pants"": 1}","[""737"", ""738"", ""740"", ""741"", ""742"", ""744""]",[],/workspace/scratch/728b0ed5ee28/analysis/public_fashion_data/raw/fashionpedia/annotations/instances_attributes_val2020.json
core_selected,Fashionpedia,../fashion_data/raw/fashionpedia/images/test/dcee0c0b136a4e8a004fef599a4c96f3.jpg,1,ADDITIONAL_RAW_TARGETS,3,2,"{""dress"": 1, ""shoe"": 1}","[""4698"", ""4700""]",[],/workspace/scratch/728b0ed5ee28/analysis/public_fashion_data/raw/fashionpedia/annotations/instances_attributes_val2020.json
core_selected,Fashionpedia,../fashion_data/raw/fashionpedia/images/test/de3856d93bf781545f6453afbbeef077.jpg,1,ADDITIONAL_RAW_TARGETS,5,4,"{""dress"": 1, ""shoe"": 2, ""accessory"": 1}","[""8229"", ""8234"", ""8235"", ""8236""]",[],/workspace/scratch/728b0ed5ee28/analysis/public_fashion_data/raw/fashionpedia/annotations/instances_attributes_val2020.json
core_selected,Fashionpedia,../fashion_data/raw/fashionpedia/images/test/de92afe62c9c4670a48c6c3e43440323.jpg,1,ADDITIONAL_RAW_TARGETS,6,5,"{""accessory"": 1, ""top"": 1, ""pants"": 1, ""shoe"": 2}","[""3568"", ""3569"", ""3571"", ""3575"", ""3576""]",[],/workspace/scratch/728b0ed5ee28/analysis/public_fashion_data/raw/fashionpedia/annotations/instances_attributes_val2020.json
core_selected,Fashionpedia,../fashion_data/raw/fashionpedia/images/test/e14733841b04c64e75789a91fbe549b3.jpg,1,ADDITIONAL_RAW_TARGETS,4,3,"{""shoe"": 1, ""pants"": 1, ""accessory"": 1}","[""8930"", ""8931"", ""8932""]",[],/workspace/scratch/728b0ed5ee28/analysis/public_fashion_data/raw/fashionpedia/annotations/instances_attributes_val2020.json
core_selected,Fashionpedia,../fashion_data/raw/fashionpedia/images/test/e18e46ee82d41e1a8bad90e817212331.jpg,1,ADDITIONAL_RAW_TARGETS,5,4,"{""skirt"": 1, ""accessory"": 2, ""top"": 1}","[""7645"", ""7646"", ""7647"", ""7651""]",[],/workspace/scratch/728b0ed5ee28/analysis/public_fashion_data/raw/fashionpedia/annotations/instances_attributes_val2020.json
core_selected,Fashionpedia,../fashion_data/raw/fashionpedia/images/test/e1c633bb82c74fbfc7504a7186c97751.jpg,1,ADDITIONAL_RAW_TARGETS,5,4,"{""accessory"": 1, ""shoe"": 2, ""dress"": 1}","[""5799"", ""5800"", ""5801"", ""5802""]",[],/workspace/scratch/728b0ed5ee28/analysis/public_fashion_data/raw/fashionpedia/annotations/instances_attributes_val2020.json
core_selected,Fashionpedia,../fashion_data/raw/fashionpedia/images/test/e4de7821071dd5b1baa80bb9813a8895.jpg,1,ADDITIONAL_RAW_TARGETS,4,3,"{""outerwear"": 1, ""skirt"": 1, ""shoe"": 1}","[""8212"", ""8215"", ""8217""]",[],/workspace/scratch/728b0ed5ee28/analysis/public_fashion_data/raw/fashionpedia/annotations/instances_attributes_val2020.json
core_selected,Fashionpedia,../fashion_data/raw/fashionpedia/images/test/e58b172581a1b2e4d7ed70620b23d2be.jpg,1,ADDITIONAL_RAW_TARGETS,6,5,"{""top"": 1, ""accessory"": 1, ""bag"": 1, ""shoe"": 1, ""pants"": 1}","[""3466"", ""3470"", ""3472"", ""3473"", ""3474""]",[],/workspace/scratch/728b0ed5ee28/analysis/public_fashion_data/raw/fashionpedia/annotations/instances_attributes_val2020.json
core_selected,Fashionpedia,../fashion_data/raw/fashionpedia/images/test/e636280e96f3863157a4398c92fc299e.jpg,1,ADDITIONAL_RAW_TARGETS,6,5,"{""outerwear"": 1, ""accessory"": 2, ""shoe"": 2}","[""8486"", ""8487"", ""8488"", ""8489"", ""8490""]",[],/workspace/scratch/728b0ed5ee28/analysis/public_fashion_data/raw/fashionpedia/annotations/instances_attributes_val2020.json
core_selected,Fashionpedia,../fashion_data/raw/fashionpedia/images/test/e6468d04328e93755f40b49190b3f801.jpg,1,ADDITIONAL_RAW_TARGETS,5,4,"{""accessory"": 3, ""dress"": 1}","[""1056"", ""1057"", ""1059"", ""1060""]",[],/workspace/scratch/728b0ed5ee28/analysis/public_fashion_data/raw/fashionpedia/annotations/instances_attributes_val2020.json
core_selected,Fashionpedia,../fashion_data/raw/fashionpedia/images/test/e73b13b557ab167a05cb10ed45decf52.jpg,1,ADDITIONAL_RAW_TARGETS,4,3,"{""shoe"": 1, ""dress"": 1, ""accessory"": 1}","[""5633"", ""5637"", ""5638""]",[],/workspace/scratch/728b0ed5ee28/analysis/public_fashion_data/raw/fashionpedia/annotations/instances_attributes_val2020.json
core_selected,Fashionpedia,../fashion_data/raw/fashionpedia/images/test/e9276aedf39f09ebe6ded9e203982fea.jpg,1,ADDITIONAL_RAW_TARGETS,6,5,"{""shoe"": 1, ""skirt"": 1, ""accessory"": 2, ""top"": 1}","[""1023"", ""1024"", ""1026"", ""1027"", ""1029""]",[],/workspace/scratch/728b0ed5ee28/analysis/public_fashion_data/raw/fashionpedia/annotations/instances_attributes_val2020.json
core_selected,Fashionpedia,../fashion_data/raw/fashionpedia/images/test/e9e415310c10ee05c1ebbf0f013c9269.jpg,1,ADDITIONAL_RAW_TARGETS,3,2,"{""dress"": 1, ""shoe"": 1}","[""3762"", ""3764""]",[],/workspace/scratch/728b0ed5ee28/analysis/public_fashion_data/raw/fashionpedia/annotations/instances_attributes_val2020.json
core_selected,Fashionpedia,../fashion_data/raw/fashionpedia/images/test/eb20c87403d09323d402b3461afbdb0e.jpg,1,ADDITIONAL_RAW_TARGETS,6,5,"{""accessory"": 2, ""shoe"": 2, ""dress"": 1}","[""8408"", ""8410"", ""8411"", ""8412"", ""8413""]",[],/workspace/scratch/728b0ed5ee28/analysis/public_fashion_data/raw/fashionpedia/annotations/instances_attributes_val2020.json
core_selected,Fashionpedia,../fashion_data/raw/fashionpedia/images/test/ebf78f93576a0c6222dc50801fd113c6.jpg,1,ADDITIONAL_RAW_TARGETS,4,3,"{""pants"": 1, ""outerwear"": 1, ""shoe"": 1}","[""2460"", ""2461"", ""2462""]",[],/workspace/scratch/728b0ed5ee28/analysis/public_fashion_data/raw/fashionpedia/annotations/instances_attributes_val2020.json
core_selected,Fashionpedia,../fashion_data/raw/fashionpedia/images/test/ec87f9472aa1aa6a6fb6fa44add1357a.jpg,1,ADDITIONAL_RAW_TARGETS,3,2,"{""accessory"": 1, ""outerwear"": 1}","[""7486"", ""7487""]",[],/workspace/scratch/728b0ed5ee28/analysis/public_fashion_data/raw/fashionpedia/annotations/instances_attributes_val2020.json
core_selected,Fashionpedia,../fashion_data/raw/fashionpedia/images/test/ee8429febbbf2ceb90270629d0ae0850.jpg,1,ADDITIONAL_RAW_TARGETS,5,4,"{""dress"": 1, ""outerwear"": 1, ""shoe"": 1, ""bag"": 1}","[""7068"", ""7070"", ""7074"", ""7076""]",[],/workspace/scratch/728b0ed5ee28/analysis/public_fashion_data/raw/fashionpedia/annotations/instances_attributes_val2020.json
core_selected,Fashionpedia,../fashion_data/raw/fashionpedia/images/test/ef9f506c8d4345edbb63f7fb54bb2cf5.jpg,1,ADDITIONAL_RAW_TARGETS,3,2,"{""top"": 1, ""pants"": 1}","[""4817"", ""4819""]",[],/workspace/scratch/728b0ed5ee28/analysis/public_fashion_data/raw/fashionpedia/annotations/instances_attributes_val2020.json
core_selected,Fashionpedia,../fashion_data/raw/fashionpedia/images/test/f33e666940ab7cb29212a29d4feda8ad.jpg,1,ADDITIONAL_RAW_TARGETS,8,7,"{""accessory"": 4, ""outerwear"": 1, ""shoe"": 2}","[""3074"", ""3075"", ""3079"", ""3080"", ""3081"", ""3082"", ""3083""]",[],/workspace/scratch/728b0ed5ee28/analysis/public_fashion_data/raw/fashionpedia/annotations/instances_attributes_val2020.json
core_selected,Fashionpedia,../fashion_data/raw/fashionpedia/images/test/f43143d9807fbb2948474f68d8c6f550.jpg,1,ADDITIONAL_RAW_TARGETS,5,4,"{""top"": 2, ""pants"": 1, ""shoe"": 1}","[""8139"", ""8140"", ""8143"", ""8144""]",[],/workspace/scratch/728b0ed5ee28/analysis/public_fashion_data/raw/fashionpedia/annotations/instances_attributes_val2020.json
core_selected,Fashionpedia,../fashion_data/raw/fashionpedia/images/test/f4c8049f436b7edcb26c01d3219e14c2.jpg,1,ADDITIONAL_RAW_TARGETS,3,2,"{""top"": 1, ""pants"": 1}","[""7822"", ""7824""]",[],/workspace/scratch/728b0ed5ee28/analysis/public_fashion_data/raw/fashionpedia/annotations/instances_attributes_val2020.json
core_selected,Fashionpedia,../fashion_data/raw/fashionpedia/images/test/f57152e44f9348050d59a71f9ca7f220.jpg,1,ADDITIONAL_RAW_TARGETS,4,3,"{""shoe"": 2, ""dress"": 1}","[""942"", ""943"", ""944""]",[],/workspace/scratch/728b0ed5ee28/analysis/public_fashion_data/raw/fashionpedia/annotations/instances_attributes_val2020.json
core_selected,Fashionpedia,../fashion_data/raw/fashionpedia/images/test/f8a4762ebff45ddd567bdb9dbb41d0b6.jpg,1,ADDITIONAL_RAW_TARGETS,3,2,"{""shoe"": 1, ""dress"": 1}","[""2373"", ""2374""]",[],/workspace/scratch/728b0ed5ee28/analysis/public_fashion_data/raw/fashionpedia/annotations/instances_attributes_val2020.json
core_selected,Fashionpedia,../fashion_data/raw/fashionpedia/images/test/f90c231e3eab5e147368c77592b6a7f7.jpg,1,ADDITIONAL_RAW_TARGETS,8,7,"{""skirt"": 1, ""accessory"": 2, ""top"": 1, ""shoe"": 2, ""outerwear"": 1}","[""9082"", ""9086"", ""9088"", ""9090"", ""9091"", ""9092"", ""9094""]",[],/workspace/scratch/728b0ed5ee28/analysis/public_fashion_data/raw/fashionpedia/annotations/instances_attributes_val2020.json
core_selected,Fashionpedia,../fashion_data/raw/fashionpedia/images/test/fa3e88c6a313433dd7884ce0abb5d27e.jpg,1,ADDITIONAL_RAW_TARGETS,5,4,"{""top"": 1, ""accessory"": 2, ""outerwear"": 1}","[""8689"", ""8694"", ""8695"", ""8698""]",[],/workspace/scratch/728b0ed5ee28/analysis/public_fashion_data/raw/fashionpedia/annotations/instances_attributes_val2020.json
core_selected,Fashionpedia,../fashion_data/raw/fashionpedia/images/test/fa798612385be732aa8a70fb56d8bed0.jpg,1,ADDITIONAL_RAW_TARGETS,3,2,"{""dress"": 1, ""shoe"": 1}","[""2243"", ""2245""]",[],/workspace/scratch/728b0ed5ee28/analysis/public_fashion_data/raw/fashionpedia/annotations/instances_attributes_val2020.json
core_selected,Fashionpedia,../fashion_data/raw/fashionpedia/images/test/fa8cbbf127e163a2f512399049509d90.jpg,1,ADDITIONAL_RAW_TARGETS,8,7,"{""accessory"": 3, ""outerwear"": 1, ""shoe"": 2, ""pants"": 1}","[""2012"", ""2017"", ""2019"", ""2023"", ""2025"", ""2026"", ""2027""]",[],/workspace/scratch/728b0ed5ee28/analysis/public_fashion_data/raw/fashionpedia/annotations/instances_attributes_val2020.json
core_selected,Fashionpedia,../fashion_data/raw/fashionpedia/images/test/faef680c9ba90bd6852e6bc759341896.jpg,1,ADDITIONAL_RAW_TARGETS,4,3,"{""skirt"": 1, ""outerwear"": 1, ""top"": 1}","[""6914"", ""6915"", ""6916""]",[],/workspace/scratch/728b0ed5ee28/analysis/public_fashion_data/raw/fashionpedia/annotations/instances_attributes_val2020.json
core_selected,Fashionpedia,../fashion_data/raw/fashionpedia/images/test/fb81f1a32e154a77e683f309cdf0794a.jpg,1,ADDITIONAL_RAW_TARGETS,4,3,"{""accessory"": 2, ""top"": 1}","[""1887"", ""1889"", ""1891""]",[],/workspace/scratch/728b0ed5ee28/analysis/public_fashion_data/raw/fashionpedia/annotations/instances_attributes_val2020.json
core_selected,Fashionpedia,../fashion_data/raw/fashionpedia/images/test/fb8c9b2e3aa874455182d777418321da.jpg,1,ADDITIONAL_RAW_TARGETS,5,4,"{""top"": 2, ""pants"": 1, ""shoe"": 1}","[""1139"", ""1140"", ""1141"", ""1143""]",[],/workspace/scratch/728b0ed5ee28/analysis/public_fashion_data/raw/fashionpedia/annotations/instances_attributes_val2020.json
core_selected,Fashionpedia,../fashion_data/raw/fashionpedia/images/test/fc3ee8e64072d2b42d6a8c2d1e52e2da.jpg,1,ADDITIONAL_RAW_TARGETS,6,5,"{""top"": 1, ""accessory"": 1, ""pants"": 1, ""shoe"": 2}","[""8304"", ""8306"", ""8309"", ""8310"", ""8311""]",[],/workspace/scratch/728b0ed5ee28/analysis/public_fashion_data/raw/fashionpedia/annotations/instances_attributes_val2020.json
core_selected,Fashionpedia,../fashion_data/raw/fashionpedia/images/test/fd567ffad275955ac945eeeacc1fdac5.jpg,1,ADDITIONAL_RAW_TARGETS,5,4,"{""dress"": 1, ""pants"": 1, ""shoe"": 2}","[""5971"", ""5973"", ""5974"", ""5975""]",[],/workspace/scratch/728b0ed5ee28/analysis/public_fashion_data/raw/fashionpedia/annotations/instances_attributes_val2020.json
