record_id,source_dataset,source_image,garment_id,garment_category,fine_category,source_category_id,annotation_ref,crop_path,mask_path,masked_preview_path,visualization_path,bbox_x1,bbox_y1,bbox_x2,bbox_y2,bbox_width,bbox_height,image_width,image_height,source_manifest
,Fashionpedia,../fashion_data/raw/fashionpedia/images/test/634b8e06e0d3bc3b8258cdef7ea56251.jpg,fashionpedia_ann_1077,shoe,shoe,23,1077,,../fashion_data/processed/fashionpedia_train_expanded_v2/full_masks/shoe_ann1077_img16327.png,,,546,581,582,622,36,41,1024,683,Fashionpedia instances_attributes_val2020.json expanded-train-v2
,Fashionpedia,../fashion_data/raw/fashionpedia/images/test/963999a4ce820148817057ade3cc956d.jpg,fashionpedia_ann_9098,shoe,shoe,23,9098,,../fashion_data/processed/fashionpedia_train_expanded_v2/full_masks/shoe_ann9098_img13414.png,,,218,904,266,977,48,73,731,1024,Fashionpedia instances_attributes_val2020.json expanded-train-v2
,Fashionpedia,../fashion_data/raw/fashionpedia/images/test/c727d3096d448818302663fda2fedb2c.jpg,fashionpedia_ann_3007,shoe,shoe,23,3007,,../fashion_data/processed/fashionpedia_train_expanded_v2/full_masks/shoe_ann3007_img18443.png,,,330,891,381,974,51,83,680,1024,Fashionpedia instances_attributes_val2020.json expanded-train-v2
,Fashionpedia,../fashion_data/raw/fashionpedia/images/test/138d25e69ff93fda0643ced2fa7feafb.jpg,fashionpedia_ann_458,shoe,shoe,23,458,,../fashion_data/processed/fashionpedia_train_expanded_v2/full_masks/shoe_ann458_img15593.png,,,164,853,235,942,71,89,688,1024,Fashionpedia instances_attributes_val2020.json expanded-train-v2
,Fashionpedia,../fashion_data/raw/fashionpedia/images/test/76fd87d84ee7cdffcb33e05d74bb663c.jpg,fashionpedia_ann_2581,shoe,shoe,23,2581,,../fashion_data/processed/fashionpedia_train_expanded_v2/full_masks/shoe_ann2581_img18108.png,,,198,347,425,572,227,225,1024,1024,Fashionpedia instances_attributes_val2020.json expanded-train-v2
,Fashionpedia,../fashion_data/raw/fashionpedia/images/test/7c3c0cd188f831a4533f8aa2f5902b64.jpg,fashionpedia_ann_2227,shoe,shoe,23,2227,,../fashion_data/processed/fashionpedia_train_expanded_v2/full_masks/shoe_ann2227_img17689.png,,,344,810,376,915,32,105,633,1024,Fashionpedia instances_attributes_val2020.json expanded-train-v2
,Fashionpedia,../fashion_data/raw/fashionpedia/images/test/e1f4adf88b71b15a4aaa6a32c6fa0d4a.jpg,fashionpedia_ann_1742,shoe,shoe,23,1742,,../fashion_data/processed/fashionpedia_train_expanded_v2/full_masks/shoe_ann1742_img17131.png,,,335,657,400,888,65,231,682,1024,Fashionpedia instances_attributes_val2020.json expanded-train-v2
,Fashionpedia,../fashion_data/raw/fashionpedia/images/test/5a6a709cdd926e51bdbaba834d0c7207.jpg,fashionpedia_ann_4824,shoe,shoe,23,4824,,../fashion_data/processed/fashionpedia_train_expanded_v2/full_masks/shoe_ann4824_img20283.png,,,650,666,704,739,54,73,1024,768,Fashionpedia instances_attributes_val2020.json expanded-train-v2
,Fashionpedia,../fashion_data/raw/fashionpedia/images/test/67f807cdadb96ebc9e59beb2222e1d57.jpg,fashionpedia_ann_8918,shoe,shoe,23,8918,,../fashion_data/processed/fashionpedia_train_expanded_v2/full_masks/shoe_ann8918_img13291.png,,,520,811,563,882,43,71,946,1024,Fashionpedia instances_attributes_val2020.json expanded-train-v2
,Fashionpedia,../fashion_data/raw/fashionpedia/images/test/9e35bff1f530e353ce2844823e27fe28.jpg,fashionpedia_ann_1015,shoe,shoe,23,1015,,../fashion_data/processed/fashionpedia_train_expanded_v2/full_masks/shoe_ann1015_img16182.png,,,272,872,331,962,59,90,684,1024,Fashionpedia instances_attributes_val2020.json expanded-train-v2
,Fashionpedia,../fashion_data/raw/fashionpedia/images/test/004e9e21cd1aca568a8ffc77a54638ce.jpg,fashionpedia_ann_6173,shoe,shoe,23,6173,,../fashion_data/processed/fashionpedia_train_expanded_v2/full_masks/shoe_ann6173_img9922.png,,,259,896,305,932,46,36,682,1024,Fashionpedia instances_attributes_val2020.json expanded-train-v2
,Fashionpedia,../fashion_data/raw/fashionpedia/images/test/05df3749007ec999df0176b9db7c23e3.jpg,fashionpedia_ann_6572,shoe,shoe,23,6572,,../fashion_data/processed/fashionpedia_train_expanded_v2/full_masks/shoe_ann6572_img10596.png,,,283,900,384,996,101,96,683,1024,Fashionpedia instances_attributes_val2020.json expanded-train-v2
,Fashionpedia,../fashion_data/raw/fashionpedia/images/test/8dd3fc43988364a48cd559387c10e029.jpg,fashionpedia_ann_1163,shoe,shoe,23,1163,,../fashion_data/processed/fashionpedia_train_expanded_v2/full_masks/shoe_ann1163_img16478.png,,,316,802,347,922,31,120,683,1024,Fashionpedia instances_attributes_val2020.json expanded-train-v2
,Fashionpedia,../fashion_data/raw/fashionpedia/images/test/9797ab044e643d98dce52db59e6625f7.jpg,fashionpedia_ann_647,shoe,shoe,23,647,,../fashion_data/processed/fashionpedia_train_expanded_v2/full_masks/shoe_ann647_img15783.png,,,694,924,889,1019,195,95,1024,1020,Fashionpedia instances_attributes_val2020.json expanded-train-v2
,Fashionpedia,../fashion_data/raw/fashionpedia/images/test/629df21f84ffc47d37ab1e3818dfad7a.jpg,fashionpedia_ann_2113,shoe,shoe,23,2113,,../fashion_data/processed/fashionpedia_train_expanded_v2/full_masks/shoe_ann2113_img17566.png,,,167,538,202,709,35,171,1024,768,Fashionpedia instances_attributes_val2020.json expanded-train-v2
,Fashionpedia,../fashion_data/raw/fashionpedia/images/test/9947f3f56aa4fab3b07bca98b09d7bfe.jpg,fashionpedia_ann_1693,shoe,shoe,23,1693,,../fashion_data/processed/fashionpedia_train_expanded_v2/full_masks/shoe_ann1693_img17090.png,,,180,557,314,692,134,135,1024,768,Fashionpedia instances_attributes_val2020.json expanded-train-v2
,Fashionpedia,../fashion_data/raw/fashionpedia/images/test/296dee66e4ef01a6453434cdd7062b25.jpg,fashionpedia_ann_3752,shoe,shoe,23,3752,,../fashion_data/processed/fashionpedia_train_expanded_v2/full_masks/shoe_ann3752_img19215.png,,,228,904,235,923,7,19,632,1024,Fashionpedia instances_attributes_val2020.json expanded-train-v2
,Fashionpedia,../fashion_data/raw/fashionpedia/images/test/d2eb58326f2ae516be70ba3132c4fd59.jpg,fashionpedia_ann_1070,shoe,shoe,23,1070,,../fashion_data/processed/fashionpedia_train_expanded_v2/full_masks/shoe_ann1070_img16320.png,,,312,882,363,983,51,101,597,1024,Fashionpedia instances_attributes_val2020.json expanded-train-v2
,Fashionpedia,../fashion_data/raw/fashionpedia/images/test/b110cb98c64f949796705e916be76c8e.jpg,fashionpedia_ann_5292,shoe,shoe,23,5292,,../fashion_data/processed/fashionpedia_train_expanded_v2/full_masks/shoe_ann5292_img8971.png,,,367,916,433,1016,66,100,683,1024,Fashionpedia instances_attributes_val2020.json expanded-train-v2
,Fashionpedia,../fashion_data/raw/fashionpedia/images/test/a9718c7da26a2118ce906a8561d79997.jpg,fashionpedia_ann_8879,shoe,shoe,23,8879,,../fashion_data/processed/fashionpedia_train_expanded_v2/full_masks/shoe_ann8879_img13231.png,,,393,500,424,558,31,58,1024,682,Fashionpedia instances_attributes_val2020.json expanded-train-v2
,Fashionpedia,../fashion_data/raw/fashionpedia/images/test/dae66883f57f31d10cc286784a042c35.jpg,fashionpedia_ann_6470,shoe,shoe,23,6470,,../fashion_data/processed/fashionpedia_train_expanded_v2/full_masks/shoe_ann6470_img10455.png,,,322,871,366,967,44,96,667,1024,Fashionpedia instances_attributes_val2020.json expanded-train-v2
,Fashionpedia,../fashion_data/raw/fashionpedia/images/test/1744183e925250327f807fdb15907f6a.jpg,fashionpedia_ann_7043,shoe,shoe,23,7043,,../fashion_data/processed/fashionpedia_train_expanded_v2/full_masks/shoe_ann7043_img10937.png,,,262,949,312,985,50,36,632,1024,Fashionpedia instances_attributes_val2020.json expanded-train-v2
,Fashionpedia,../fashion_data/raw/fashionpedia/images/test/c891be8bf301ed615ca18b5b71380794.jpg,fashionpedia_ann_2272,shoe,shoe,23,2272,,../fashion_data/processed/fashionpedia_train_expanded_v2/full_masks/shoe_ann2272_img17710.png,,,277,720,301,797,24,77,684,1024,Fashionpedia instances_attributes_val2020.json expanded-train-v2
,Fashionpedia,../fashion_data/raw/fashionpedia/images/test/65aba1fc79c8b44c66e8f75be8b7633e.jpg,fashionpedia_ann_2489,shoe,shoe,23,2489,,../fashion_data/processed/fashionpedia_train_expanded_v2/full_masks/shoe_ann2489_img18022.png,,,240,906,292,998,52,92,575,1024,Fashionpedia instances_attributes_val2020.json expanded-train-v2
,Fashionpedia,../fashion_data/raw/fashionpedia/images/test/228d6f335e7c88d524d4bd4c8bdebd1d.jpg,fashionpedia_ann_5161,shoe,shoe,23,5161,,../fashion_data/processed/fashionpedia_train_expanded_v2/full_masks/shoe_ann5161_img20639.png,,,118,747,199,863,81,116,683,1024,Fashionpedia instances_attributes_val2020.json expanded-train-v2
,Fashionpedia,../fashion_data/raw/fashionpedia/images/test/563c45745e1775a74e3a5b2513079b9d.jpg,fashionpedia_ann_5666,shoe,shoe,23,5666,,../fashion_data/processed/fashionpedia_train_expanded_v2/full_masks/shoe_ann5666_img9411.png,,,252,886,314,985,62,99,609,1024,Fashionpedia instances_attributes_val2020.json expanded-train-v2
,Fashionpedia,../fashion_data/raw/fashionpedia/images/test/f17fd9050a7d16a084f93c11b8506bb5.jpg,fashionpedia_ann_5111,shoe,shoe,23,5111,,../fashion_data/processed/fashionpedia_train_expanded_v2/full_masks/shoe_ann5111_img20583.png,,,367,944,451,986,84,42,682,1024,Fashionpedia instances_attributes_val2020.json expanded-train-v2
,Fashionpedia,../fashion_data/raw/fashionpedia/images/test/88baae46c4883251a3430a88966aca9a.jpg,fashionpedia_ann_2390,shoe,shoe,23,2390,,../fashion_data/processed/fashionpedia_train_expanded_v2/full_masks/shoe_ann2390_img17880.png,,,465,971,512,1012,47,41,683,1024,Fashionpedia instances_attributes_val2020.json expanded-train-v2
,Fashionpedia,../fashion_data/raw/fashionpedia/images/test/a1678fa388b815b80f71ac94878eef47.jpg,fashionpedia_ann_8784,shoe,shoe,23,8784,,../fashion_data/processed/fashionpedia_train_expanded_v2/full_masks/shoe_ann8784_img13077.png,,,211,857,256,980,45,123,681,1024,Fashionpedia instances_attributes_val2020.json expanded-train-v2
,Fashionpedia,../fashion_data/raw/fashionpedia/images/test/1c1484bd95e170ad133660f8a69419b1.jpg,fashionpedia_ann_7769,shoe,shoe,23,7769,,../fashion_data/processed/fashionpedia_train_expanded_v2/full_masks/shoe_ann7769_img11849.png,,,407,788,442,890,35,102,812,1024,Fashionpedia instances_attributes_val2020.json expanded-train-v2
,Fashionpedia,../fashion_data/raw/fashionpedia/images/test/611939b9f3ac6aba96c64026edc11575.jpg,fashionpedia_ann_5809,shoe,shoe,23,5809,,../fashion_data/processed/fashionpedia_train_expanded_v2/full_masks/shoe_ann5809_img9566.png,,,200,863,281,959,81,96,683,1024,Fashionpedia instances_attributes_val2020.json expanded-train-v2
,Fashionpedia,../fashion_data/raw/fashionpedia/images/test/3fe7ee5e245a4e4eaf88181e5186333a.jpg,fashionpedia_ann_8321,shoe,shoe,23,8321,,../fashion_data/processed/fashionpedia_train_expanded_v2/full_masks/shoe_ann8321_img12473.png,,,272,958,317,1024,45,66,684,1024,Fashionpedia instances_attributes_val2020.json expanded-train-v2
,Fashionpedia,../fashion_data/raw/fashionpedia/images/test/3ad8d42ba64449a7617160489b43cffb.jpg,fashionpedia_ann_1505,shoe,shoe,23,1505,,../fashion_data/processed/fashionpedia_train_expanded_v2/full_masks/shoe_ann1505_img16806.png,,,361,838,394,925,33,87,682,1024,Fashionpedia instances_attributes_val2020.json expanded-train-v2
,Fashionpedia,../fashion_data/raw/fashionpedia/images/test/3696956aa43b2641bdb8ee6fd0ea213f.jpg,fashionpedia_ann_8802,shoe,shoe,23,8802,,../fashion_data/processed/fashionpedia_train_expanded_v2/full_masks/shoe_ann8802_img13093.png,,,269,789,315,901,46,112,632,1024,Fashionpedia instances_attributes_val2020.json expanded-train-v2
,Fashionpedia,../fashion_data/raw/fashionpedia/images/test/f34e07c4b4f56e31d7ccc19ad83de29b.jpg,fashionpedia_ann_312,shoe,shoe,23,312,,../fashion_data/processed/fashionpedia_train_expanded_v2/full_masks/shoe_ann312_img15407.png,,,356,927,413,984,57,57,818,1024,Fashionpedia instances_attributes_val2020.json expanded-train-v2
,Fashionpedia,../fashion_data/raw/fashionpedia/images/test/de3b47ed616028f8ca462583f6f30059.jpg,fashionpedia_ann_3218,shoe,shoe,23,3218,,../fashion_data/processed/fashionpedia_train_expanded_v2/full_masks/shoe_ann3218_img18652.png,,,300,844,364,997,64,153,632,1024,Fashionpedia instances_attributes_val2020.json expanded-train-v2
,Fashionpedia,../fashion_data/raw/fashionpedia/images/test/d47fd4ffb3f8559ed563d59f03507e98.jpg,fashionpedia_ann_3903,shoe,shoe,23,3903,,../fashion_data/processed/fashionpedia_train_expanded_v2/full_masks/shoe_ann3903_img19413.png,,,497,890,552,999,55,109,1024,1024,Fashionpedia instances_attributes_val2020.json expanded-train-v2
,Fashionpedia,../fashion_data/raw/fashionpedia/images/test/b66d836caa14d17a8b7de99d0a4e8a5d.jpg,fashionpedia_ann_4815,shoe,shoe,23,4815,,../fashion_data/processed/fashionpedia_train_expanded_v2/full_masks/shoe_ann4815_img20273.png,,,359,883,394,954,35,71,819,1024,Fashionpedia instances_attributes_val2020.json expanded-train-v2
,Fashionpedia,../fashion_data/raw/fashionpedia/images/test/2a191fe07d0c2f63c5192d7effcec0c1.jpg,fashionpedia_ann_155,shoe,shoe,23,155,,../fashion_data/processed/fashionpedia_train_expanded_v2/full_masks/shoe_ann155_img15231.png,,,302,836,345,916,43,80,683,1024,Fashionpedia instances_attributes_val2020.json expanded-train-v2
,Fashionpedia,../fashion_data/raw/fashionpedia/images/test/9ce7b758976ec102f8c3ec502e523969.jpg,fashionpedia_ann_6011,shoe,shoe,23,6011,,../fashion_data/processed/fashionpedia_train_expanded_v2/full_masks/shoe_ann6011_img9764.png,,,344,856,448,926,104,70,683,1024,Fashionpedia instances_attributes_val2020.json expanded-train-v2
,Fashionpedia,../fashion_data/raw/fashionpedia/images/test/e4198845aa3c0139539ddf8714f9ecf8.jpg,fashionpedia_ann_655,shoe,shoe,23,655,,../fashion_data/processed/fashionpedia_train_expanded_v2/full_masks/shoe_ann655_img15800.png,,,371,574,416,605,45,31,1024,683,Fashionpedia instances_attributes_val2020.json expanded-train-v2
,Fashionpedia,../fashion_data/raw/fashionpedia/images/test/a6507cc61e40a08435a5a210450a47c1.jpg,fashionpedia_ann_3284,shoe,shoe,23,3284,,../fashion_data/processed/fashionpedia_train_expanded_v2/full_masks/shoe_ann3284_img18718.png,,,101,637,247,837,146,200,819,1024,Fashionpedia instances_attributes_val2020.json expanded-train-v2
,Fashionpedia,../fashion_data/raw/fashionpedia/images/test/d286a435e6e15637c797d692d07fd385.jpg,fashionpedia_ann_3890,shoe,shoe,23,3890,,../fashion_data/processed/fashionpedia_train_expanded_v2/full_masks/shoe_ann3890_img19412.png,,,548,617,591,647,43,30,1024,682,Fashionpedia instances_attributes_val2020.json expanded-train-v2
,Fashionpedia,../fashion_data/raw/fashionpedia/images/test/473b84b26a91ed22e0c0584cab355068.jpg,fashionpedia_ann_8645,shoe,shoe,23,8645,,../fashion_data/processed/fashionpedia_train_expanded_v2/full_masks/shoe_ann8645_img12798.png,,,370,950,415,985,45,35,681,1024,Fashionpedia instances_attributes_val2020.json expanded-train-v2
,Fashionpedia,../fashion_data/raw/fashionpedia/images/test/466e69961de78100fddae84c64fbf542.jpg,fashionpedia_ann_540,shoe,shoe,23,540,,../fashion_data/processed/fashionpedia_train_expanded_v2/full_masks/shoe_ann540_img15687.png,,,328,890,379,999,51,109,682,1024,Fashionpedia instances_attributes_val2020.json expanded-train-v2
,Fashionpedia,../fashion_data/raw/fashionpedia/images/test/f94473431eecc5ca5f6434ee413fc2d0.jpg,fashionpedia_ann_6387,shoe,shoe,23,6387,,../fashion_data/processed/fashionpedia_train_expanded_v2/full_masks/shoe_ann6387_img10265.png,,,188,793,233,876,45,83,684,1024,Fashionpedia instances_attributes_val2020.json expanded-train-v2
,Fashionpedia,../fashion_data/raw/fashionpedia/images/test/05488fcc74f81ae452dd55229003f58f.jpg,fashionpedia_ann_1591,shoe,shoe,23,1591,,../fashion_data/processed/fashionpedia_train_expanded_v2/full_masks/shoe_ann1591_img15421.png,,,368,874,456,975,88,101,680,1024,Fashionpedia instances_attributes_val2020.json expanded-train-v2
,Fashionpedia,../fashion_data/raw/fashionpedia/images/test/06e324f9ef2c3bc1cc2573562e498499.jpg,fashionpedia_ann_625,shoe,shoe,23,625,,../fashion_data/processed/fashionpedia_train_expanded_v2/full_masks/shoe_ann625_img15771.png,,,469,556,525,614,56,58,1024,680,Fashionpedia instances_attributes_val2020.json expanded-train-v2
,Fashionpedia,../fashion_data/raw/fashionpedia/images/test/8d6cc2330f9c370096ac3f33147b2b83.jpg,fashionpedia_ann_949,shoe,shoe,23,949,,../fashion_data/processed/fashionpedia_train_expanded_v2/full_masks/shoe_ann949_img16034.png,,,245,879,283,918,38,39,632,1024,Fashionpedia instances_attributes_val2020.json expanded-train-v2
,Fashionpedia,../fashion_data/raw/fashionpedia/images/test/614e7297f89c14e73b691d7f76ed77f4.jpg,fashionpedia_ann_976,shoe,shoe,23,976,,../fashion_data/processed/fashionpedia_train_expanded_v2/full_masks/shoe_ann976_img16110.png,,,468,770,586,968,118,198,683,1024,Fashionpedia instances_attributes_val2020.json expanded-train-v2
,Fashionpedia,../fashion_data/raw/fashionpedia/images/test/2cf13e48204a0e45bb0a58cf05b53c06.jpg,fashionpedia_ann_6804,shoe,shoe,23,6804,,../fashion_data/processed/fashionpedia_train_expanded_v2/full_masks/shoe_ann6804_img10732.png,,,313,873,347,924,34,51,718,1024,Fashionpedia instances_attributes_val2020.json expanded-train-v2
,Fashionpedia,../fashion_data/raw/fashionpedia/images/test/317eb8142316b0f17e44fbbb5a8f3667.jpg,fashionpedia_ann_3944,shoe,shoe,23,3944,,../fashion_data/processed/fashionpedia_train_expanded_v2/full_masks/shoe_ann3944_img19480.png,,,351,785,518,877,167,92,683,1024,Fashionpedia instances_attributes_val2020.json expanded-train-v2
,Fashionpedia,../fashion_data/raw/fashionpedia/images/test/44a33562cc61058bfadb2164c829156b.jpg,fashionpedia_ann_1510,shoe,shoe,23,1510,,../fashion_data/processed/fashionpedia_train_expanded_v2/full_masks/shoe_ann1510_img16821.png,,,309,827,351,946,42,119,683,1024,Fashionpedia instances_attributes_val2020.json expanded-train-v2
,Fashionpedia,../fashion_data/raw/fashionpedia/images/test/97cb9ef6e3eb1e4870201eb60ea875ac.jpg,fashionpedia_ann_7388,shoe,shoe,23,7388,,../fashion_data/processed/fashionpedia_train_expanded_v2/full_masks/shoe_ann7388_img11340.png,,,333,875,387,936,54,61,683,1024,Fashionpedia instances_attributes_val2020.json expanded-train-v2
,Fashionpedia,../fashion_data/raw/fashionpedia/images/test/42e223bd6f6a6b8dce57c4496ca4fcc2.jpg,fashionpedia_ann_7369,shoe,shoe,23,7369,,../fashion_data/processed/fashionpedia_train_expanded_v2/full_masks/shoe_ann7369_img11298.png,,,386,847,447,932,61,85,682,1024,Fashionpedia instances_attributes_val2020.json expanded-train-v2
,Fashionpedia,../fashion_data/raw/fashionpedia/images/test/473ca12a9a40ada656994abef67bf900.jpg,fashionpedia_ann_147,shoe,shoe,23,147,,../fashion_data/processed/fashionpedia_train_expanded_v2/full_masks/shoe_ann147_img15227.png,,,282,851,350,986,68,135,680,1024,Fashionpedia instances_attributes_val2020.json expanded-train-v2
,Fashionpedia,../fashion_data/raw/fashionpedia/images/test/8cca49fbcf6adea78b6fe875c06edf48.jpg,fashionpedia_ann_1970,shoe,shoe,23,1970,,../fashion_data/processed/fashionpedia_train_expanded_v2/full_masks/shoe_ann1970_img17402.png,,,311,760,372,879,61,119,683,1024,Fashionpedia instances_attributes_val2020.json expanded-train-v2
,Fashionpedia,../fashion_data/raw/fashionpedia/images/test/6a0d484572ffd11cc5ea627df2c82b94.jpg,fashionpedia_ann_6466,shoe,shoe,23,6466,,../fashion_data/processed/fashionpedia_train_expanded_v2/full_masks/shoe_ann6466_img10424.png,,,318,853,359,936,41,83,682,1024,Fashionpedia instances_attributes_val2020.json expanded-train-v2
,Fashionpedia,../fashion_data/raw/fashionpedia/images/test/6661e2aa125fb543f39193e0d8423720.jpg,fashionpedia_ann_8892,shoe,shoe,23,8892,,../fashion_data/processed/fashionpedia_train_expanded_v2/full_masks/shoe_ann8892_img13257.png,,,304,882,354,948,50,66,682,1024,Fashionpedia instances_attributes_val2020.json expanded-train-v2
,Fashionpedia,../fashion_data/raw/fashionpedia/images/test/52df4fde942c5b69a757f82014af85e4.jpg,fashionpedia_ann_8079,shoe,shoe,23,8079,,../fashion_data/processed/fashionpedia_train_expanded_v2/full_masks/shoe_ann8079_img12208.png,,,280,826,326,930,46,104,632,1024,Fashionpedia instances_attributes_val2020.json expanded-train-v2
,Fashionpedia,../fashion_data/raw/fashionpedia/images/test/3f18271f3f7d101e2f9a27b0b12b034b.jpg,fashionpedia_ann_6587,shoe,shoe,23,6587,,../fashion_data/processed/fashionpedia_train_expanded_v2/full_masks/shoe_ann6587_img9136.png,,,111,917,222,1021,111,104,493,1024,Fashionpedia instances_attributes_val2020.json expanded-train-v2
,Fashionpedia,../fashion_data/raw/fashionpedia/images/test/c658c6a2698fc988c5e25000814cb2b0.jpg,fashionpedia_ann_6113,shoe,shoe,23,6113,,../fashion_data/processed/fashionpedia_train_expanded_v2/full_masks/shoe_ann6113_img9835.png,,,488,754,548,876,60,122,682,1024,Fashionpedia instances_attributes_val2020.json expanded-train-v2
,Fashionpedia,../fashion_data/raw/fashionpedia/images/test/9ad7fa911ef3602db892724c8cd679ee.jpg,fashionpedia_ann_5309,shoe,shoe,23,5309,,../fashion_data/processed/fashionpedia_train_expanded_v2/full_masks/shoe_ann5309_img8985.png,,,236,638,293,891,57,253,683,1024,Fashionpedia instances_attributes_val2020.json expanded-train-v2
,Fashionpedia,../fashion_data/raw/fashionpedia/images/test/a419c030ecf1f588302b7db62ee2bb21.jpg,fashionpedia_ann_1488,shoe,shoe,23,1488,,../fashion_data/processed/fashionpedia_train_expanded_v2/full_masks/shoe_ann1488_img16774.png,,,332,907,386,965,54,58,680,1024,Fashionpedia instances_attributes_val2020.json expanded-train-v2
,Fashionpedia,../fashion_data/raw/fashionpedia/images/test/4f2a2c16e1c284c1dc11cb987c9f5ca0.jpg,fashionpedia_ann_2703,shoe,shoe,23,2703,,../fashion_data/processed/fashionpedia_train_expanded_v2/full_masks/shoe_ann2703_img18282.png,,,313,899,383,993,70,94,682,1024,Fashionpedia instances_attributes_val2020.json expanded-train-v2
,Fashionpedia,../fashion_data/raw/fashionpedia/images/test/80206b9ade4e359369a5b9c6bbdf4321.jpg,fashionpedia_ann_8328,shoe,shoe,23,8328,,../fashion_data/processed/fashionpedia_train_expanded_v2/full_masks/shoe_ann8328_img12478.png,,,309,736,358,819,49,83,682,1024,Fashionpedia instances_attributes_val2020.json expanded-train-v2
,Fashionpedia,../fashion_data/raw/fashionpedia/images/test/7e726464437432e79c18a5dba42562f8.jpg,fashionpedia_ann_4206,shoe,shoe,23,4206,,../fashion_data/processed/fashionpedia_train_expanded_v2/full_masks/shoe_ann4206_img19661.png,,,391,865,494,968,103,103,683,1024,Fashionpedia instances_attributes_val2020.json expanded-train-v2
,Fashionpedia,../fashion_data/raw/fashionpedia/images/test/02916664cd606bb5486353f200a475a3.jpg,fashionpedia_ann_878,shoe,shoe,23,878,,../fashion_data/processed/fashionpedia_train_expanded_v2/full_masks/shoe_ann878_img15978.png,,,487,940,586,1003,99,63,678,1024,Fashionpedia instances_attributes_val2020.json expanded-train-v2
,Fashionpedia,../fashion_data/raw/fashionpedia/images/test/9078e17f7b8381d1600608b588ccbd45.jpg,fashionpedia_ann_2991,shoe,shoe,23,2991,,../fashion_data/processed/fashionpedia_train_expanded_v2/full_masks/shoe_ann2991_img18347.png,,,276,835,313,900,37,65,632,1024,Fashionpedia instances_attributes_val2020.json expanded-train-v2
,Fashionpedia,../fashion_data/raw/fashionpedia/images/test/5f5e8dd2003101a233a31bfc1b940085.jpg,fashionpedia_ann_3649,shoe,shoe,23,3649,,../fashion_data/processed/fashionpedia_train_expanded_v2/full_masks/shoe_ann3649_img19120.png,,,319,878,374,995,55,117,683,1024,Fashionpedia instances_attributes_val2020.json expanded-train-v2
,Fashionpedia,../fashion_data/raw/fashionpedia/images/test/ef9dae290756a8dbcb1cde404da00a1a.jpg,fashionpedia_ann_2164,shoe,shoe,23,2164,,../fashion_data/processed/fashionpedia_train_expanded_v2/full_masks/shoe_ann2164_img17610.png,,,284,807,335,878,51,71,681,1024,Fashionpedia instances_attributes_val2020.json expanded-train-v2
,Fashionpedia,../fashion_data/raw/fashionpedia/images/test/9737a08c0d581734111e8d0d60a8d6ec.jpg,fashionpedia_ann_5586,shoe,shoe,23,5586,,../fashion_data/processed/fashionpedia_train_expanded_v2/full_masks/shoe_ann5586_img9274.png,,,622,573,669,620,47,47,1024,680,Fashionpedia instances_attributes_val2020.json expanded-train-v2
,Fashionpedia,../fashion_data/raw/fashionpedia/images/test/43778dff8bac7d13784527fdba344468.jpg,fashionpedia_ann_4655,shoe,shoe,23,4655,,../fashion_data/processed/fashionpedia_train_expanded_v2/full_masks/shoe_ann4655_img20106.png,,,346,794,404,919,58,125,682,1024,Fashionpedia instances_attributes_val2020.json expanded-train-v2
,Fashionpedia,../fashion_data/raw/fashionpedia/images/test/2ad4ef98177e257b8d57cdfa8e421bde.jpg,fashionpedia_ann_7672,shoe,shoe,23,7672,,../fashion_data/processed/fashionpedia_train_expanded_v2/full_masks/shoe_ann7672_img11717.png,,,304,915,353,1003,49,88,682,1024,Fashionpedia instances_attributes_val2020.json expanded-train-v2
,Fashionpedia,../fashion_data/raw/fashionpedia/images/test/6be62b6a8b3259257de85786c5fd4b76.jpg,fashionpedia_ann_7609,shoe,shoe,23,7609,,../fashion_data/processed/fashionpedia_train_expanded_v2/full_masks/shoe_ann7609_img11604.png,,,328,591,361,645,33,54,1024,683,Fashionpedia instances_attributes_val2020.json expanded-train-v2
,Fashionpedia,../fashion_data/raw/fashionpedia/images/test/86184f05dab0caa5e96ab1db699e91e7.jpg,fashionpedia_ann_1341,shoe,shoe,23,1341,,../fashion_data/processed/fashionpedia_train_expanded_v2/full_masks/shoe_ann1341_img16648.png,,,247,623,345,966,98,343,682,1024,Fashionpedia instances_attributes_val2020.json expanded-train-v2
,Fashionpedia,../fashion_data/raw/fashionpedia/images/test/aa2b2c6923621af9d2ba884f02006cd6.jpg,fashionpedia_ann_6979,shoe,shoe,23,6979,,../fashion_data/processed/fashionpedia_train_expanded_v2/full_masks/shoe_ann6979_img10898.png,,,621,793,752,909,131,116,1011,1024,Fashionpedia instances_attributes_val2020.json expanded-train-v2
,Fashionpedia,../fashion_data/raw/fashionpedia/images/test/efd0bee7ed5502dcf4e482ddd63c7042.jpg,fashionpedia_ann_6250,shoe,shoe,23,6250,,../fashion_data/processed/fashionpedia_train_expanded_v2/full_masks/shoe_ann6250_img10035.png,,,179,945,331,1015,152,70,682,1024,Fashionpedia instances_attributes_val2020.json expanded-train-v2
,Fashionpedia,../fashion_data/raw/fashionpedia/images/test/e57c17d89b576bfd05ccce0c247dc6bd.jpg,fashionpedia_ann_5098,shoe,shoe,23,5098,,../fashion_data/processed/fashionpedia_train_expanded_v2/full_masks/shoe_ann5098_img20572.png,,,333,983,385,1023,52,40,679,1024,Fashionpedia instances_attributes_val2020.json expanded-train-v2
,Fashionpedia,../fashion_data/raw/fashionpedia/images/test/42fcd15111e080373a8c07201a539ca1.jpg,fashionpedia_ann_5242,shoe,shoe,23,5242,,../fashion_data/processed/fashionpedia_train_expanded_v2/full_masks/shoe_ann5242_img8875.png,,,308,758,345,867,37,109,682,1024,Fashionpedia instances_attributes_val2020.json expanded-train-v2
,Fashionpedia,../fashion_data/raw/fashionpedia/images/test/c650f80f25497fb2b0f1231d1e487878.jpg,fashionpedia_ann_4697,shoe,shoe,23,4697,,../fashion_data/processed/fashionpedia_train_expanded_v2/full_masks/shoe_ann4697_img20180.png,,,234,907,357,1024,123,117,768,1024,Fashionpedia instances_attributes_val2020.json expanded-train-v2
,Fashionpedia,../fashion_data/raw/fashionpedia/images/test/0146a53e12d690914995248fb6872121.jpg,fashionpedia_ann_4128,shoe,shoe,23,4128,,../fashion_data/processed/fashionpedia_train_expanded_v2/full_masks/shoe_ann4128_img19554.png,,,125,907,248,993,123,86,680,1024,Fashionpedia instances_attributes_val2020.json expanded-train-v2
,Fashionpedia,../fashion_data/raw/fashionpedia/images/test/9c2944165b3d4390a3aa62dc0a07fe7e.jpg,fashionpedia_ann_6599,shoe,shoe,23,6599,,../fashion_data/processed/fashionpedia_train_expanded_v2/full_masks/shoe_ann6599_img9151.png,,,517,864,571,972,54,108,875,1024,Fashionpedia instances_attributes_val2020.json expanded-train-v2
,Fashionpedia,../fashion_data/raw/fashionpedia/images/test/deab9c33ce187b69cff3e1b226ddd8ac.jpg,fashionpedia_ann_1107,shoe,shoe,23,1107,,../fashion_data/processed/fashionpedia_train_expanded_v2/full_masks/shoe_ann1107_img16343.png,,,193,887,292,971,99,84,580,1024,Fashionpedia instances_attributes_val2020.json expanded-train-v2
,Fashionpedia,../fashion_data/raw/fashionpedia/images/test/4ba624616f54007236995b5ed5d330e2.jpg,fashionpedia_ann_5467,shoe,shoe,23,5467,,../fashion_data/processed/fashionpedia_train_expanded_v2/full_masks/shoe_ann5467_img9154.png,,,303,905,355,979,52,74,682,1024,Fashionpedia instances_attributes_val2020.json expanded-train-v2
,Fashionpedia,../fashion_data/raw/fashionpedia/images/test/bbd80ae0b10ae91b4f1f900484d36e8a.jpg,fashionpedia_ann_5062,shoe,shoe,23,5062,,../fashion_data/processed/fashionpedia_train_expanded_v2/full_masks/shoe_ann5062_img20531.png,,,227,887,290,968,63,81,632,1024,Fashionpedia instances_attributes_val2020.json expanded-train-v2
,Fashionpedia,../fashion_data/raw/fashionpedia/images/test/845197179e9ea35e1dd58144a1e03f36.jpg,fashionpedia_ann_2595,shoe,shoe,23,2595,,../fashion_data/processed/fashionpedia_train_expanded_v2/full_masks/shoe_ann2595_img18130.png,,,268,916,314,945,46,29,632,1024,Fashionpedia instances_attributes_val2020.json expanded-train-v2
,Fashionpedia,../fashion_data/raw/fashionpedia/images/test/5519b067d1037167b0acd664fcbb918e.jpg,fashionpedia_ann_4652,shoe,shoe,23,4652,,../fashion_data/processed/fashionpedia_train_expanded_v2/full_masks/shoe_ann4652_img20081.png,,,222,918,269,956,47,38,632,1024,Fashionpedia instances_attributes_val2020.json expanded-train-v2
,Fashionpedia,../fashion_data/raw/fashionpedia/images/test/82d90f72c9745665b559a423f5e4e101.jpg,fashionpedia_ann_5127,shoe,shoe,23,5127,,../fashion_data/processed/fashionpedia_train_expanded_v2/full_masks/shoe_ann5127_img20592.png,,,312,839,415,950,103,111,558,1024,Fashionpedia instances_attributes_val2020.json expanded-train-v2
,Fashionpedia,../fashion_data/raw/fashionpedia/images/test/68aefbd5faf3d79453eee3593e815d32.jpg,fashionpedia_ann_1521,shoe,shoe,23,1521,,../fashion_data/processed/fashionpedia_train_expanded_v2/full_masks/shoe_ann1521_img16857.png,,,309,900,358,980,49,80,683,1024,Fashionpedia instances_attributes_val2020.json expanded-train-v2
,Fashionpedia,../fashion_data/raw/fashionpedia/images/test/20f9819eaa83ce17d76baf30880cd99f.jpg,fashionpedia_ann_9309,shoe,shoe,23,9309,,../fashion_data/processed/fashionpedia_train_expanded_v2/full_masks/shoe_ann9309_img13598.png,,,851,645,949,740,98,95,1024,762,Fashionpedia instances_attributes_val2020.json expanded-train-v2
,Fashionpedia,../fashion_data/raw/fashionpedia/images/test/66944533f2aa560438fb0b83b33aa106.jpg,fashionpedia_ann_7385,shoe,shoe,23,7385,,../fashion_data/processed/fashionpedia_train_expanded_v2/full_masks/shoe_ann7385_img11336.png,,,429,948,467,987,38,39,1024,1024,Fashionpedia instances_attributes_val2020.json expanded-train-v2
,Fashionpedia,../fashion_data/raw/fashionpedia/images/test/3d1a8d1323ab2feae0530606f883e2c7.jpg,fashionpedia_ann_3189,shoe,shoe,23,3189,,../fashion_data/processed/fashionpedia_train_expanded_v2/full_masks/shoe_ann3189_img18620.png,,,363,913,407,1007,44,94,739,1024,Fashionpedia instances_attributes_val2020.json expanded-train-v2
,Fashionpedia,../fashion_data/raw/fashionpedia/images/test/c8183194c22ace7c7bbe6f224ea525bb.jpg,fashionpedia_ann_6045,shoe,shoe,23,6045,,../fashion_data/processed/fashionpedia_train_expanded_v2/full_masks/shoe_ann6045_img8671.png,,,346,931,412,1001,66,70,683,1024,Fashionpedia instances_attributes_val2020.json expanded-train-v2
,Fashionpedia,../fashion_data/raw/fashionpedia/images/test/c0e92f68b8ce834a9929e537d5f8228c.jpg,fashionpedia_ann_6096,shoe,shoe,23,6096,,../fashion_data/processed/fashionpedia_train_expanded_v2/full_masks/shoe_ann6096_img9800.png,,,423,868,467,965,44,97,683,1024,Fashionpedia instances_attributes_val2020.json expanded-train-v2
,Fashionpedia,../fashion_data/raw/fashionpedia/images/test/858f141535ac0b2aeef9278577da78b6.jpg,fashionpedia_ann_7454,shoe,shoe,23,7454,,../fashion_data/processed/fashionpedia_train_expanded_v2/full_masks/shoe_ann7454_img11393.png,,,359,672,384,724,25,52,682,1024,Fashionpedia instances_attributes_val2020.json expanded-train-v2
,Fashionpedia,../fashion_data/raw/fashionpedia/images/test/219e070fdf1a306f0f229db82cd46c5c.jpg,fashionpedia_ann_6855,shoe,shoe,23,6855,,../fashion_data/processed/fashionpedia_train_expanded_v2/full_masks/shoe_ann6855_img10776.png,,,427,608,469,644,42,36,1024,682,Fashionpedia instances_attributes_val2020.json expanded-train-v2
,Fashionpedia,../fashion_data/raw/fashionpedia/images/test/df9a2621439cbb8c39ed47a9072864c4.jpg,fashionpedia_ann_952,shoe,shoe,23,952,,../fashion_data/processed/fashionpedia_train_expanded_v2/full_masks/shoe_ann952_img16059.png,,,306,915,347,976,41,61,682,1024,Fashionpedia instances_attributes_val2020.json expanded-train-v2
,Fashionpedia,../fashion_data/raw/fashionpedia/images/test/37428aefea46fee89a2af9dc1ba086e1.jpg,fashionpedia_ann_8521,shoe,shoe,23,8521,,../fashion_data/processed/fashionpedia_train_expanded_v2/full_masks/shoe_ann8521_img12755.png,,,310,906,366,984,56,78,682,1024,Fashionpedia instances_attributes_val2020.json expanded-train-v2
,Fashionpedia,../fashion_data/raw/fashionpedia/images/test/cf8fbb58ce182fb9976486509e220efd.jpg,fashionpedia_ann_371,shoe,shoe,23,371,,../fashion_data/processed/fashionpedia_train_expanded_v2/full_masks/shoe_ann371_img15486.png,,,164,801,261,879,97,78,682,1024,Fashionpedia instances_attributes_val2020.json expanded-train-v2
,Fashionpedia,../fashion_data/raw/fashionpedia/images/test/8e3d327c799e1a524cd9691b42964efa.jpg,fashionpedia_ann_9287,bag,"bag, wallet",24,9287,,../fashion_data/processed/fashionpedia_train_expanded_v2/full_masks/bag_ann9287_img13584.png,,,171,615,347,910,176,295,682,1024,Fashionpedia instances_attributes_val2020.json expanded-train-v2
,Fashionpedia,../fashion_data/raw/fashionpedia/images/test/aa2b2c6923621af9d2ba884f02006cd6.jpg,fashionpedia_ann_6981,bag,"bag, wallet",24,6981,,../fashion_data/processed/fashionpedia_train_expanded_v2/full_masks/bag_ann6981_img10898.png,,,781,475,935,734,154,259,1011,1024,Fashionpedia instances_attributes_val2020.json expanded-train-v2
,Fashionpedia,../fashion_data/raw/fashionpedia/images/test/bfabcacd46568489e6ae0d4952ecccf9.jpg,fashionpedia_ann_24,bag,"bag, wallet",24,24,,../fashion_data/processed/fashionpedia_train_expanded_v2/full_masks/bag_ann24_img20712.png,,,352,275,437,376,85,101,682,1024,Fashionpedia instances_attributes_val2020.json expanded-train-v2
,Fashionpedia,../fashion_data/raw/fashionpedia/images/test/9f8e805a62be868379e13cfa24658106.jpg,fashionpedia_ann_3265,bag,"bag, wallet",24,3265,,../fashion_data/processed/fashionpedia_train_expanded_v2/full_masks/bag_ann3265_img18707.png,,,448,430,503,649,55,219,682,1024,Fashionpedia instances_attributes_val2020.json expanded-train-v2
,Fashionpedia,../fashion_data/raw/fashionpedia/images/test/fad1a9c9583ecdcf383d47d322fbc53a.jpg,fashionpedia_ann_7092,bag,"bag, wallet",24,7092,,../fashion_data/processed/fashionpedia_train_expanded_v2/full_masks/bag_ann7092_img8081.png,,,44,107,272,541,228,434,1024,683,Fashionpedia instances_attributes_val2020.json expanded-train-v2
,Fashionpedia,../fashion_data/raw/fashionpedia/images/test/d5d759731757fdef16a804321d4375ae.jpg,fashionpedia_ann_1391,bag,"bag, wallet",24,1391,,../fashion_data/processed/fashionpedia_train_expanded_v2/full_masks/bag_ann1391_img16683.png,,,562,213,657,403,95,190,1024,683,Fashionpedia instances_attributes_val2020.json expanded-train-v2
,Fashionpedia,../fashion_data/raw/fashionpedia/images/test/47c2e3e2ff0bfcacd0b42339314862d3.jpg,fashionpedia_ann_3304,bag,"bag, wallet",24,3304,,../fashion_data/processed/fashionpedia_train_expanded_v2/full_masks/bag_ann3304_img18736.png,,,143,669,307,864,164,195,682,1024,Fashionpedia instances_attributes_val2020.json expanded-train-v2
,Fashionpedia,../fashion_data/raw/fashionpedia/images/test/fffea54b50ac7e4bf24688c8614a5f27.jpg,fashionpedia_ann_6336,bag,"bag, wallet",24,6336,,../fashion_data/processed/fashionpedia_train_expanded_v2/full_masks/bag_ann6336_img10206.png,,,300,240,526,630,226,390,679,1024,Fashionpedia instances_attributes_val2020.json expanded-train-v2
,Fashionpedia,../fashion_data/raw/fashionpedia/images/test/5e9bc1602c42a055f7e8626fc23776a8.jpg,fashionpedia_ann_2521,bag,"bag, wallet",24,2521,,../fashion_data/processed/fashionpedia_train_expanded_v2/full_masks/bag_ann2521_img18038.png,,,163,540,221,668,58,128,683,1024,Fashionpedia instances_attributes_val2020.json expanded-train-v2
,Fashionpedia,../fashion_data/raw/fashionpedia/images/test/470281287b961aa83407820eaf2cbf5c.jpg,fashionpedia_ann_8278,bag,"bag, wallet",24,8278,,../fashion_data/processed/fashionpedia_train_expanded_v2/full_masks/bag_ann8278_img12449.png,,,152,529,215,651,63,122,619,1024,Fashionpedia instances_attributes_val2020.json expanded-train-v2
,Fashionpedia,../fashion_data/raw/fashionpedia/images/test/39598903e7ffcd5d5ce5354c3a4d2764.jpg,fashionpedia_ann_624,bag,"bag, wallet",24,624,,../fashion_data/processed/fashionpedia_train_expanded_v2/full_masks/bag_ann624_img15770.png,,,440,606,550,791,110,185,682,1024,Fashionpedia instances_attributes_val2020.json expanded-train-v2
,Fashionpedia,../fashion_data/raw/fashionpedia/images/test/466e69961de78100fddae84c64fbf542.jpg,fashionpedia_ann_537,bag,"bag, wallet",24,537,,../fashion_data/processed/fashionpedia_train_expanded_v2/full_masks/bag_ann537_img15687.png,,,295,506,516,779,221,273,682,1024,Fashionpedia instances_attributes_val2020.json expanded-train-v2
,Fashionpedia,../fashion_data/raw/fashionpedia/images/test/2e783ef225f6afd2c16ceac5482d955c.jpg,fashionpedia_ann_49,bag,"bag, wallet",24,49,,../fashion_data/processed/fashionpedia_train_expanded_v2/full_masks/bag_ann49_img15073.png,,,538,228,576,353,38,125,1024,682,Fashionpedia instances_attributes_val2020.json expanded-train-v2
,Fashionpedia,../fashion_data/raw/fashionpedia/images/test/d7da3cf290a8f293ed39dff8ed1ef376.jpg,fashionpedia_ann_8049,bag,"bag, wallet",24,8049,,../fashion_data/processed/fashionpedia_train_expanded_v2/full_masks/bag_ann8049_img12128.png,,,294,275,350,477,56,202,680,1024,Fashionpedia instances_attributes_val2020.json expanded-train-v2
,Fashionpedia,../fashion_data/raw/fashionpedia/images/test/6385040ca90ec396e37c2a25c2aafc31.jpg,fashionpedia_ann_4375,bag,"bag, wallet",24,4375,,../fashion_data/processed/fashionpedia_train_expanded_v2/full_masks/bag_ann4375_img19794.png,,,430,557,471,784,41,227,768,1024,Fashionpedia instances_attributes_val2020.json expanded-train-v2
,Fashionpedia,../fashion_data/raw/fashionpedia/images/test/a4f8de55929c1ccdfa38c3091f9ea800.jpg,fashionpedia_ann_6352,bag,"bag, wallet",24,6352,,../fashion_data/processed/fashionpedia_train_expanded_v2/full_masks/bag_ann6352_img10216.png,,,802,300,854,391,52,91,1024,683,Fashionpedia instances_attributes_val2020.json expanded-train-v2
,Fashionpedia,../fashion_data/raw/fashionpedia/images/test/8f691c0c5426690c44b91691db150c9c.jpg,fashionpedia_ann_484,bag,"bag, wallet",24,484,,../fashion_data/processed/fashionpedia_train_expanded_v2/full_masks/bag_ann484_img15619.png,,,485,197,600,442,115,245,1024,681,Fashionpedia instances_attributes_val2020.json expanded-train-v2
,Fashionpedia,../fashion_data/raw/fashionpedia/images/test/324c81a1ee14142e21e1377e1680a5f7.jpg,fashionpedia_ann_594,bag,"bag, wallet",24,594,,../fashion_data/processed/fashionpedia_train_expanded_v2/full_masks/bag_ann594_img15737.png,,,279,143,370,352,91,209,1024,682,Fashionpedia instances_attributes_val2020.json expanded-train-v2
,Fashionpedia,../fashion_data/raw/fashionpedia/images/test/d683721cb2d79128cdb41958953d67c3.jpg,fashionpedia_ann_8595,bag,"bag, wallet",24,8595,,../fashion_data/processed/fashionpedia_train_expanded_v2/full_masks/bag_ann8595_img12823.png,,,141,0,186,96,45,96,682,1024,Fashionpedia instances_attributes_val2020.json expanded-train-v2
,Fashionpedia,../fashion_data/raw/fashionpedia/images/test/de8af016793ce1f2170e1ae785ed78ee.jpg,fashionpedia_ann_6545,bag,"bag, wallet",24,6545,,../fashion_data/processed/fashionpedia_train_expanded_v2/full_masks/bag_ann6545_img10566.png,,,454,158,664,611,210,453,828,1024,Fashionpedia instances_attributes_val2020.json expanded-train-v2
,Fashionpedia,../fashion_data/raw/fashionpedia/images/test/05af199570c00b817102c3cb6834a6e4.jpg,fashionpedia_ann_9185,bag,"bag, wallet",24,9185,,../fashion_data/processed/fashionpedia_train_expanded_v2/full_masks/bag_ann9185_img13483.png,,,373,538,462,673,89,135,682,1024,Fashionpedia instances_attributes_val2020.json expanded-train-v2
,Fashionpedia,../fashion_data/raw/fashionpedia/images/test/517a8397f4b67050adbbb77fc38d94f3.jpg,fashionpedia_ann_294,bag,"bag, wallet",24,294,,../fashion_data/processed/fashionpedia_train_expanded_v2/full_masks/bag_ann294_img15384.png,,,116,284,252,506,136,222,1024,680,Fashionpedia instances_attributes_val2020.json expanded-train-v2
,Fashionpedia,../fashion_data/raw/fashionpedia/images/test/77e9eefca9b24d5d5b2ca7a43d1fc1ce.jpg,fashionpedia_ann_169,bag,"bag, wallet",24,169,,../fashion_data/processed/fashionpedia_train_expanded_v2/full_masks/bag_ann169_img15237.png,,,170,254,249,648,79,394,682,1024,Fashionpedia instances_attributes_val2020.json expanded-train-v2
,Fashionpedia,../fashion_data/raw/fashionpedia/images/test/4ec22d53051a9c25a134fb154e6ea3b0.jpg,fashionpedia_ann_3053,bag,"bag, wallet",24,3053,,../fashion_data/processed/fashionpedia_train_expanded_v2/full_masks/bag_ann3053_img17207.png,,,338,483,467,590,129,107,621,1024,Fashionpedia instances_attributes_val2020.json expanded-train-v2
,Fashionpedia,../fashion_data/raw/fashionpedia/images/test/926e547ae973c4ff47a63ac941fe6be1.jpg,fashionpedia_ann_1442,bag,"bag, wallet",24,1442,,../fashion_data/processed/fashionpedia_train_expanded_v2/full_masks/bag_ann1442_img16732.png,,,373,620,550,895,177,275,682,1024,Fashionpedia instances_attributes_val2020.json expanded-train-v2
,Fashionpedia,../fashion_data/raw/fashionpedia/images/test/13bd73c2068bc2705f3a0b65e425b965.jpg,fashionpedia_ann_1642,bag,"bag, wallet",24,1642,,../fashion_data/processed/fashionpedia_train_expanded_v2/full_masks/bag_ann1642_img16953.png,,,375,241,683,767,308,526,683,1024,Fashionpedia instances_attributes_val2020.json expanded-train-v2
,Fashionpedia,../fashion_data/raw/fashionpedia/images/test/6216b46eeada317d0fbac617c2f09a2f.jpg,fashionpedia_ann_4043,bag,"bag, wallet",24,4043,,../fashion_data/processed/fashionpedia_train_expanded_v2/full_masks/bag_ann4043_img19484.png,,,166,208,250,569,84,361,683,1024,Fashionpedia instances_attributes_val2020.json expanded-train-v2
,Fashionpedia,../fashion_data/raw/fashionpedia/images/test/5048b43266b5bcda8b56e559bd845636.jpg,fashionpedia_ann_857,bag,"bag, wallet",24,857,,../fashion_data/processed/fashionpedia_train_expanded_v2/full_masks/bag_ann857_img15958.png,,,426,672,476,788,50,116,681,1024,Fashionpedia instances_attributes_val2020.json expanded-train-v2
,Fashionpedia,../fashion_data/raw/fashionpedia/images/test/81d5078514e93327f0ef0461be35faa6.jpg,fashionpedia_ann_6881,bag,"bag, wallet",24,6881,,../fashion_data/processed/fashionpedia_train_expanded_v2/full_masks/bag_ann6881_img10808.png,,,253,231,333,565,80,334,682,1024,Fashionpedia instances_attributes_val2020.json expanded-train-v2
,Fashionpedia,../fashion_data/raw/fashionpedia/images/test/2ed6ea0b7ce46f8d5fc6608776152d5d.jpg,fashionpedia_ann_4410,bag,"bag, wallet",24,4410,,../fashion_data/processed/fashionpedia_train_expanded_v2/full_masks/bag_ann4410_img19811.png,,,417,548,538,716,121,168,681,1024,Fashionpedia instances_attributes_val2020.json expanded-train-v2
,Fashionpedia,../fashion_data/raw/fashionpedia/images/test/4d3fd642c9d08290f6262759a51d252f.jpg,fashionpedia_ann_6630,bag,"bag, wallet",24,6630,,../fashion_data/processed/fashionpedia_train_expanded_v2/full_masks/bag_ann6630_img9481.png,,,212,239,396,552,184,313,683,1024,Fashionpedia instances_attributes_val2020.json expanded-train-v2
,Fashionpedia,../fashion_data/raw/fashionpedia/images/test/9dd731f00f648ab2ce0f52747e26f539.jpg,fashionpedia_ann_5361,bag,"bag, wallet",24,5361,,../fashion_data/processed/fashionpedia_train_expanded_v2/full_masks/bag_ann5361_img9077.png,,,527,209,611,466,84,257,1024,683,Fashionpedia instances_attributes_val2020.json expanded-train-v2
,Fashionpedia,../fashion_data/raw/fashionpedia/images/test/75ec98a0e2afc332e276815266db0a4a.jpg,fashionpedia_ann_1753,bag,"bag, wallet",24,1753,,../fashion_data/processed/fashionpedia_train_expanded_v2/full_masks/bag_ann1753_img17136.png,,,216,665,410,935,194,270,716,1024,Fashionpedia instances_attributes_val2020.json expanded-train-v2
,Fashionpedia,../fashion_data/raw/fashionpedia/images/test/a93069c5bcf17729bce9cab2513a3f67.jpg,fashionpedia_ann_4253,bag,"bag, wallet",24,4253,,../fashion_data/processed/fashionpedia_train_expanded_v2/full_masks/bag_ann4253_img19700.png,,,179,326,376,556,197,230,681,1024,Fashionpedia instances_attributes_val2020.json expanded-train-v2
,Fashionpedia,../fashion_data/raw/fashionpedia/images/test/d50d3a6538824799818bb76fd16dbeef.jpg,fashionpedia_ann_1536,bag,"bag, wallet",24,1536,,../fashion_data/processed/fashionpedia_train_expanded_v2/full_masks/bag_ann1536_img16926.png,,,308,504,413,591,105,87,682,1024,Fashionpedia instances_attributes_val2020.json expanded-train-v2
,Fashionpedia,../fashion_data/raw/fashionpedia/images/test/ef9dae290756a8dbcb1cde404da00a1a.jpg,fashionpedia_ann_2163,bag,"bag, wallet",24,2163,,../fashion_data/processed/fashionpedia_train_expanded_v2/full_masks/bag_ann2163_img17610.png,,,127,516,342,788,215,272,681,1024,Fashionpedia instances_attributes_val2020.json expanded-train-v2
,Fashionpedia,../fashion_data/raw/fashionpedia/images/test/3b090c8c5228647a7c486ed9f1b14309.jpg,fashionpedia_ann_1848,bag,"bag, wallet",24,1848,,../fashion_data/processed/fashionpedia_train_expanded_v2/full_masks/bag_ann1848_img17229.png,,,56,230,281,518,225,288,464,1024,Fashionpedia instances_attributes_val2020.json expanded-train-v2
,Fashionpedia,../fashion_data/raw/fashionpedia/images/test/dd705f8d03d3937ebce0f547737b5bb1.jpg,fashionpedia_ann_1253,bag,"bag, wallet",24,1253,,../fashion_data/processed/fashionpedia_train_expanded_v2/full_masks/bag_ann1253_img16541.png,,,449,545,509,691,60,146,682,1024,Fashionpedia instances_attributes_val2020.json expanded-train-v2
,Fashionpedia,../fashion_data/raw/fashionpedia/images/test/d15a9ee27ee2180fee5ba2447d6c7939.jpg,fashionpedia_ann_7787,bag,"bag, wallet",24,7787,,../fashion_data/processed/fashionpedia_train_expanded_v2/full_masks/bag_ann7787_img11807.png,,,665,347,714,538,49,191,1024,1024,Fashionpedia instances_attributes_val2020.json expanded-train-v2
,Fashionpedia,../fashion_data/raw/fashionpedia/images/test/c87fb99e4cbb5a408e8fa1f4d86f9204.jpg,fashionpedia_ann_2485,bag,"bag, wallet",24,2485,,../fashion_data/processed/fashionpedia_train_expanded_v2/full_masks/bag_ann2485_img18008.png,,,217,235,291,606,74,371,682,1024,Fashionpedia instances_attributes_val2020.json expanded-train-v2
,Fashionpedia,../fashion_data/raw/fashionpedia/images/test/0d5d5e00e589fe5641b919179794994b.jpg,fashionpedia_ann_5003,bag,"bag, wallet",24,5003,,../fashion_data/processed/fashionpedia_train_expanded_v2/full_masks/bag_ann5003_img20470.png,,,744,314,908,605,164,291,1024,683,Fashionpedia instances_attributes_val2020.json expanded-train-v2
,Fashionpedia,../fashion_data/raw/fashionpedia/images/test/deab9c33ce187b69cff3e1b226ddd8ac.jpg,fashionpedia_ann_1106,bag,"bag, wallet",24,1106,,../fashion_data/processed/fashionpedia_train_expanded_v2/full_masks/bag_ann1106_img16343.png,,,314,450,398,517,84,67,580,1024,Fashionpedia instances_attributes_val2020.json expanded-train-v2
,Fashionpedia,../fashion_data/raw/fashionpedia/images/test/7f5cd5f13122b4bc95fe1a7bf0df56aa.jpg,fashionpedia_ann_3555,bag,"bag, wallet",24,3555,,../fashion_data/processed/fashionpedia_train_expanded_v2/full_masks/bag_ann3555_img19036.png,,,38,511,286,881,248,370,682,1024,Fashionpedia instances_attributes_val2020.json expanded-train-v2
,Fashionpedia,../fashion_data/raw/fashionpedia/images/test/05b5e806121325fe0b9879c18f146f39.jpg,fashionpedia_ann_1785,bag,"bag, wallet",24,1785,,../fashion_data/processed/fashionpedia_train_expanded_v2/full_masks/bag_ann1785_img17183.png,,,279,263,536,526,257,263,683,1024,Fashionpedia instances_attributes_val2020.json expanded-train-v2
,Fashionpedia,../fashion_data/raw/fashionpedia/images/test/216d717f1360e765cdc3e6d4321b2270.jpg,fashionpedia_ann_1292,bag,"bag, wallet",24,1292,,../fashion_data/processed/fashionpedia_train_expanded_v2/full_masks/bag_ann1292_img16599.png,,,138,523,237,673,99,150,682,1024,Fashionpedia instances_attributes_val2020.json expanded-train-v2
,Fashionpedia,../fashion_data/raw/fashionpedia/images/test/2dfddd4c026c5dfbcf2556557e6290cc.jpg,fashionpedia_ann_6307,bag,"bag, wallet",24,6307,,../fashion_data/processed/fashionpedia_train_expanded_v2/full_masks/bag_ann6307_img10145.png,,,191,368,265,684,74,316,683,1024,Fashionpedia instances_attributes_val2020.json expanded-train-v2
,Fashionpedia,../fashion_data/raw/fashionpedia/images/test/e712b9ad744015f1208a2b6eee27afcf.jpg,fashionpedia_ann_782,bag,"bag, wallet",24,782,,../fashion_data/processed/fashionpedia_train_expanded_v2/full_masks/bag_ann782_img14700.png,,,384,363,518,506,134,143,683,1024,Fashionpedia instances_attributes_val2020.json expanded-train-v2
,Fashionpedia,../fashion_data/raw/fashionpedia/images/test/cd0f34921f96592811ff3a3776fa0444.jpg,fashionpedia_ann_7982,bag,"bag, wallet",24,7982,,../fashion_data/processed/fashionpedia_train_expanded_v2/full_masks/bag_ann7982_img10984.png,,,150,483,355,646,205,163,1024,682,Fashionpedia instances_attributes_val2020.json expanded-train-v2
,Fashionpedia,../fashion_data/raw/fashionpedia/images/test/112a9c9b9c7a97f3f632b2ec7fd064e5.jpg,fashionpedia_ann_3634,bag,"bag, wallet",24,3634,,../fashion_data/processed/fashionpedia_train_expanded_v2/full_masks/bag_ann3634_img19097.png,,,380,144,510,419,130,275,682,1024,Fashionpedia instances_attributes_val2020.json expanded-train-v2
,Fashionpedia,../fashion_data/raw/fashionpedia/images/test/25b6a7dad9c5df5d9b36d681541500bf.jpg,fashionpedia_ann_2098,bag,"bag, wallet",24,2098,,../fashion_data/processed/fashionpedia_train_expanded_v2/full_masks/bag_ann2098_img17557.png,,,412,307,461,383,49,76,688,1024,Fashionpedia instances_attributes_val2020.json expanded-train-v2
,Fashionpedia,../fashion_data/raw/fashionpedia/images/test/0e9775fcd1a3b1d95aed773e684b3f49.jpg,fashionpedia_ann_5843,bag,"bag, wallet",24,5843,,../fashion_data/processed/fashionpedia_train_expanded_v2/full_masks/bag_ann5843_img9591.png,,,99,544,249,792,150,248,681,1024,Fashionpedia instances_attributes_val2020.json expanded-train-v2
,Fashionpedia,../fashion_data/raw/fashionpedia/images/test/feaf57ce6d6018c613fc1e6646eb8d61.jpg,fashionpedia_ann_3067,bag,"bag, wallet",24,3067,,../fashion_data/processed/fashionpedia_train_expanded_v2/full_masks/bag_ann3067_img17971.png,,,370,157,577,377,207,220,1024,682,Fashionpedia instances_attributes_val2020.json expanded-train-v2
,Fashionpedia,../fashion_data/raw/fashionpedia/images/test/73b8457583eb2fc453caef8b8307bff9.jpg,fashionpedia_ann_8737,bag,"bag, wallet",24,8737,,../fashion_data/processed/fashionpedia_train_expanded_v2/full_masks/bag_ann8737_img13011.png,,,62,250,219,902,157,652,629,1024,Fashionpedia instances_attributes_val2020.json expanded-train-v2
,Fashionpedia,../fashion_data/raw/fashionpedia/images/test/5a45019f91a09b34caad0730b77f281d.jpg,fashionpedia_ann_6222,bag,"bag, wallet",24,6222,,../fashion_data/processed/fashionpedia_train_expanded_v2/full_masks/bag_ann6222_img10000.png,,,713,317,785,549,72,232,1024,1024,Fashionpedia instances_attributes_val2020.json expanded-train-v2
,Fashionpedia,../fashion_data/raw/fashionpedia/images/test/a2f2fb31d3d5ee496df28eb7c43304da.jpg,fashionpedia_ann_223,bag,"bag, wallet",24,223,,../fashion_data/processed/fashionpedia_train_expanded_v2/full_masks/bag_ann223_img15291.png,,,185,565,228,655,43,90,636,1024,Fashionpedia instances_attributes_val2020.json expanded-train-v2
,Fashionpedia,../fashion_data/raw/fashionpedia/images/test/5f1a6fc913ba40dee4d94b3428afba15.jpg,fashionpedia_ann_344,bag,"bag, wallet",24,344,,../fashion_data/processed/fashionpedia_train_expanded_v2/full_masks/bag_ann344_img5593.png,,,391,304,455,648,64,344,1024,683,Fashionpedia instances_attributes_val2020.json expanded-train-v2
,Fashionpedia,../fashion_data/raw/fashionpedia/images/test/3641da2171647a07f88dae8d53c9a6a3.jpg,fashionpedia_ann_2035,bag,"bag, wallet",24,2035,,../fashion_data/processed/fashionpedia_train_expanded_v2/full_masks/bag_ann2035_img17449.png,,,206,314,304,526,98,212,768,1024,Fashionpedia instances_attributes_val2020.json expanded-train-v2
,Fashionpedia,../fashion_data/raw/fashionpedia/images/test/bf3ef97f28c83839cbf4da20ed9bd704.jpg,fashionpedia_ann_7518,bag,"bag, wallet",24,7518,,../fashion_data/processed/fashionpedia_train_expanded_v2/full_masks/bag_ann7518_img11451.png,,,372,281,462,723,90,442,682,1024,Fashionpedia instances_attributes_val2020.json expanded-train-v2
,Fashionpedia,../fashion_data/raw/fashionpedia/images/test/6b6582dc900f463d0fc31a95c3fbeb49.jpg,fashionpedia_ann_7006,bag,"bag, wallet",24,7006,,../fashion_data/processed/fashionpedia_train_expanded_v2/full_masks/bag_ann7006_img10905.png,,,256,482,346,595,90,113,768,1024,Fashionpedia instances_attributes_val2020.json expanded-train-v2
,Fashionpedia,../fashion_data/raw/fashionpedia/images/test/3109762baa95cfc50b5a454db19d4143.jpg,fashionpedia_ann_7258,bag,"bag, wallet",24,7258,,../fashion_data/processed/fashionpedia_train_expanded_v2/full_masks/bag_ann7258_img11152.png,,,366,574,390,692,24,118,631,1024,Fashionpedia instances_attributes_val2020.json expanded-train-v2
,Fashionpedia,../fashion_data/raw/fashionpedia/images/test/d5c1ce96e0780de7d0255958db531baf.jpg,fashionpedia_ann_4456,bag,"bag, wallet",24,4456,,../fashion_data/processed/fashionpedia_train_expanded_v2/full_masks/bag_ann4456_img19845.png,,,151,418,345,683,194,265,1024,683,Fashionpedia instances_attributes_val2020.json expanded-train-v2
,Fashionpedia,../fashion_data/raw/fashionpedia/images/test/c20cd495aea72107c49299e4f957ef2b.jpg,fashionpedia_ann_6987,bag,"bag, wallet",24,6987,,../fashion_data/processed/fashionpedia_train_expanded_v2/full_masks/bag_ann6987_img10904.png,,,471,270,593,579,122,309,1024,933,Fashionpedia instances_attributes_val2020.json expanded-train-v2
,Fashionpedia,../fashion_data/raw/fashionpedia/images/test/b2006174759a811aca6bd63e861dc741.jpg,fashionpedia_ann_4580,bag,"bag, wallet",24,4580,,../fashion_data/processed/fashionpedia_train_expanded_v2/full_masks/bag_ann4580_img20002.png,,,443,517,500,626,57,109,682,1024,Fashionpedia instances_attributes_val2020.json expanded-train-v2
,Fashionpedia,../fashion_data/raw/fashionpedia/images/test/aa95964ff3b249168fcda1504434d04b.jpg,fashionpedia_ann_7448,bag,"bag, wallet",24,7448,,../fashion_data/processed/fashionpedia_train_expanded_v2/full_masks/bag_ann7448_img11381.png,,,333,207,486,409,153,202,679,1024,Fashionpedia instances_attributes_val2020.json expanded-train-v2
,Fashionpedia,../fashion_data/raw/fashionpedia/images/test/947b6ea8d5e30914a55992708fbf5b99.jpg,fashionpedia_ann_7759,bag,"bag, wallet",24,7759,,../fashion_data/processed/fashionpedia_train_expanded_v2/full_masks/bag_ann7759_img11813.png,,,339,552,371,677,32,125,478,1024,Fashionpedia instances_attributes_val2020.json expanded-train-v2
,Fashionpedia,../fashion_data/raw/fashionpedia/images/test/84fae07c92d39a7347fadf145330f4bc.jpg,fashionpedia_ann_4420,bag,"bag, wallet",24,4420,,../fashion_data/processed/fashionpedia_train_expanded_v2/full_masks/bag_ann4420_img19824.png,,,105,209,318,578,213,369,767,1024,Fashionpedia instances_attributes_val2020.json expanded-train-v2
,Fashionpedia,../fashion_data/raw/fashionpedia/images/test/ae97534d312305c3b2ce4c956d54d3a9.jpg,fashionpedia_ann_1553,bag,"bag, wallet",24,1553,,../fashion_data/processed/fashionpedia_train_expanded_v2/full_masks/bag_ann1553_img16936.png,,,158,533,303,640,145,107,632,1024,Fashionpedia instances_attributes_val2020.json expanded-train-v2
,Fashionpedia,../fashion_data/raw/fashionpedia/images/test/b00ba458be2f204c127cbd76d7410a84.jpg,fashionpedia_ann_1861,bag,"bag, wallet",24,1861,,../fashion_data/processed/fashionpedia_train_expanded_v2/full_masks/bag_ann1861_img17240.png,,,249,474,312,728,63,254,682,1024,Fashionpedia instances_attributes_val2020.json expanded-train-v2
,Fashionpedia,../fashion_data/raw/fashionpedia/images/test/f89405533537dc196ae40e5ec36b2b08.jpg,fashionpedia_ann_4488,bag,"bag, wallet",24,4488,,../fashion_data/processed/fashionpedia_train_expanded_v2/full_masks/bag_ann4488_img19875.png,,,90,791,211,1023,121,232,682,1024,Fashionpedia instances_attributes_val2020.json expanded-train-v2
,Fashionpedia,../fashion_data/raw/fashionpedia/images/test/d286a435e6e15637c797d692d07fd385.jpg,fashionpedia_ann_3892,bag,"bag, wallet",24,3892,,../fashion_data/processed/fashionpedia_train_expanded_v2/full_masks/bag_ann3892_img19412.png,,,364,538,510,651,146,113,1024,682,Fashionpedia instances_attributes_val2020.json expanded-train-v2
,Fashionpedia,../fashion_data/raw/fashionpedia/images/test/4f2a2c16e1c284c1dc11cb987c9f5ca0.jpg,fashionpedia_ann_2704,bag,"bag, wallet",24,2704,,../fashion_data/processed/fashionpedia_train_expanded_v2/full_masks/bag_ann2704_img18282.png,,,173,570,257,950,84,380,682,1024,Fashionpedia instances_attributes_val2020.json expanded-train-v2
,Fashionpedia,../fashion_data/raw/fashionpedia/images/test/3a87ce99efb87686869fdb390cc5ef0c.jpg,fashionpedia_ann_587,bag,"bag, wallet",24,587,,../fashion_data/processed/fashionpedia_train_expanded_v2/full_masks/bag_ann587_img15729.png,,,658,292,738,709,80,417,1024,1024,Fashionpedia instances_attributes_val2020.json expanded-train-v2
,Fashionpedia,../fashion_data/raw/fashionpedia/images/test/2064125f44bafe6b58a8b62750c96e5e.jpg,fashionpedia_ann_4687,bag,"bag, wallet",24,4687,,../fashion_data/processed/fashionpedia_train_expanded_v2/full_masks/bag_ann4687_img20167.png,,,392,772,477,861,85,89,683,1024,Fashionpedia instances_attributes_val2020.json expanded-train-v2
,Fashionpedia,../fashion_data/raw/fashionpedia/images/test/6c25f5b9177191c25b74f167d361e114.jpg,fashionpedia_ann_636,bag,"bag, wallet",24,636,,../fashion_data/processed/fashionpedia_train_expanded_v2/full_masks/bag_ann636_img15781.png,,,187,224,336,554,149,330,699,1024,Fashionpedia instances_attributes_val2020.json expanded-train-v2
,Fashionpedia,../fashion_data/raw/fashionpedia/images/test/b4968dc30b419476fcc4a72938113609.jpg,fashionpedia_ann_1481,bag,"bag, wallet",24,1481,,../fashion_data/processed/fashionpedia_train_expanded_v2/full_masks/bag_ann1481_img16747.png,,,160,541,253,629,93,88,614,1024,Fashionpedia instances_attributes_val2020.json expanded-train-v2
,Fashionpedia,../fashion_data/raw/fashionpedia/images/test/33a60f6f6d0abe76697705b61564ad30.jpg,fashionpedia_ann_2693,bag,"bag, wallet",24,2693,,../fashion_data/processed/fashionpedia_train_expanded_v2/full_masks/bag_ann2693_img18250.png,,,462,884,644,1023,182,139,682,1024,Fashionpedia instances_attributes_val2020.json expanded-train-v2
,Fashionpedia,../fashion_data/raw/fashionpedia/images/test/138d25e69ff93fda0643ced2fa7feafb.jpg,fashionpedia_ann_464,bag,"bag, wallet",24,464,,../fashion_data/processed/fashionpedia_train_expanded_v2/full_masks/bag_ann464_img15593.png,,,320,436,469,564,149,128,688,1024,Fashionpedia instances_attributes_val2020.json expanded-train-v2
,Fashionpedia,../fashion_data/raw/fashionpedia/images/test/5a26b076ff580f5b9979ec8371483494.jpg,fashionpedia_ann_4601,bag,"bag, wallet",24,4601,,../fashion_data/processed/fashionpedia_train_expanded_v2/full_masks/bag_ann4601_img20051.png,,,89,762,287,972,198,210,635,1024,Fashionpedia instances_attributes_val2020.json expanded-train-v2
,Fashionpedia,../fashion_data/raw/fashionpedia/images/test/ad1a3b0fb188342ec29f22275b434f04.jpg,fashionpedia_ann_8679,bag,"bag, wallet",24,8679,,../fashion_data/processed/fashionpedia_train_expanded_v2/full_masks/bag_ann8679_img12903.png,,,285,583,356,852,71,269,682,1024,Fashionpedia instances_attributes_val2020.json expanded-train-v2
,Fashionpedia,../fashion_data/raw/fashionpedia/images/test/84a4f4463d6e730c24bc14c5db844e0f.jpg,fashionpedia_ann_414,bag,"bag, wallet",24,414,,../fashion_data/processed/fashionpedia_train_expanded_v2/full_masks/bag_ann414_img15528.png,,,384,256,482,552,98,296,688,1024,Fashionpedia instances_attributes_val2020.json expanded-train-v2
,Fashionpedia,../fashion_data/raw/fashionpedia/images/test/2ede08066feaa38aa9127fccf570a4a9.jpg,fashionpedia_ann_8358,bag,"bag, wallet",24,8358,,../fashion_data/processed/fashionpedia_train_expanded_v2/full_masks/bag_ann8358_img12526.png,,,220,295,412,560,192,265,682,1024,Fashionpedia instances_attributes_val2020.json expanded-train-v2
,Fashionpedia,../fashion_data/raw/fashionpedia/images/test/bbb7c11a2a4fe731a371cdf9e223c360.jpg,fashionpedia_ann_9136,bag,"bag, wallet",24,9136,,../fashion_data/processed/fashionpedia_train_expanded_v2/full_masks/bag_ann9136_img13445.png,,,227,439,256,546,29,107,678,1024,Fashionpedia instances_attributes_val2020.json expanded-train-v2
,Fashionpedia,../fashion_data/raw/fashionpedia/images/test/fa9d0d5edd31d61640e21fafc6aaa2c2.jpg,fashionpedia_ann_2276,bag,"bag, wallet",24,2276,,../fashion_data/processed/fashionpedia_train_expanded_v2/full_masks/bag_ann2276_img17718.png,,,124,272,359,568,235,296,1024,680,Fashionpedia instances_attributes_val2020.json expanded-train-v2
,Fashionpedia,../fashion_data/raw/fashionpedia/images/test/218f45327eead3c64b19e3ddee2ec238.jpg,fashionpedia_ann_3617,bag,"bag, wallet",24,3617,,../fashion_data/processed/fashionpedia_train_expanded_v2/full_masks/bag_ann3617_img19051.png,,,457,144,569,279,112,135,1024,682,Fashionpedia instances_attributes_val2020.json expanded-train-v2
,Fashionpedia,../fashion_data/raw/fashionpedia/images/test/f767f960131554afda3064a73f90e9f8.jpg,fashionpedia_ann_8242,bag,"bag, wallet",24,8242,,../fashion_data/processed/fashionpedia_train_expanded_v2/full_masks/bag_ann8242_img12333.png,,,470,184,631,619,161,435,1024,1024,Fashionpedia instances_attributes_val2020.json expanded-train-v2
,Fashionpedia,../fashion_data/raw/fashionpedia/images/test/fa6fe8a772afec21850eaf4cf5fc72fd.jpg,fashionpedia_ann_6160,bag,"bag, wallet",24,6160,,../fashion_data/processed/fashionpedia_train_expanded_v2/full_masks/bag_ann6160_img9895.png,,,163,340,270,605,107,265,678,1024,Fashionpedia instances_attributes_val2020.json expanded-train-v2
,Fashionpedia,../fashion_data/raw/fashionpedia/images/test/679ab015b49cb5b53d168d3efd956fad.jpg,fashionpedia_ann_4350,bag,"bag, wallet",24,4350,,../fashion_data/processed/fashionpedia_train_expanded_v2/full_masks/bag_ann4350_img19808.png,,,146,509,204,731,58,222,589,1024,Fashionpedia instances_attributes_val2020.json expanded-train-v2
,Fashionpedia,../fashion_data/raw/fashionpedia/images/test/d9ff0d53e1e06bdb6e954700cbaea4c1.jpg,fashionpedia_ann_420,bag,"bag, wallet",24,420,,../fashion_data/processed/fashionpedia_train_expanded_v2/full_masks/bag_ann420_img15530.png,,,766,248,827,607,61,359,1024,1024,Fashionpedia instances_attributes_val2020.json expanded-train-v2
,Fashionpedia,../fashion_data/raw/fashionpedia/images/test/80b493e0dccaca4fcb11fe5d81c47e83.jpg,fashionpedia_ann_4989,bag,"bag, wallet",24,4989,,../fashion_data/processed/fashionpedia_train_expanded_v2/full_masks/bag_ann4989_img20465.png,,,157,295,249,504,92,209,683,1024,Fashionpedia instances_attributes_val2020.json expanded-train-v2
,Fashionpedia,../fashion_data/raw/fashionpedia/images/test/014eadcd4cf28a669232d4b6470e4e01.jpg,fashionpedia_ann_1795,bag,"bag, wallet",24,1795,,../fashion_data/processed/fashionpedia_train_expanded_v2/full_masks/bag_ann1795_img17195.png,,,415,633,504,889,89,256,682,1024,Fashionpedia instances_attributes_val2020.json expanded-train-v2
,Fashionpedia,../fashion_data/raw/fashionpedia/images/test/05418f9e1940094003b16deb58b3a01d.jpg,fashionpedia_ann_3980,bag,"bag, wallet",24,3980,,../fashion_data/processed/fashionpedia_train_expanded_v2/full_masks/bag_ann3980_img17958.png,,,223,439,571,1024,348,585,683,1024,Fashionpedia instances_attributes_val2020.json expanded-train-v2
,Fashionpedia,../fashion_data/raw/fashionpedia/images/test/d47fd4ffb3f8559ed563d59f03507e98.jpg,fashionpedia_ann_3901,bag,"bag, wallet",24,3901,,../fashion_data/processed/fashionpedia_train_expanded_v2/full_masks/bag_ann3901_img19413.png,,,560,440,656,586,96,146,1024,1024,Fashionpedia instances_attributes_val2020.json expanded-train-v2
,Fashionpedia,../fashion_data/raw/fashionpedia/images/test/67ec64b00cd3aa7ab1d92c59e5d8fd85.jpg,fashionpedia_ann_2354,bag,"bag, wallet",24,2354,,../fashion_data/processed/fashionpedia_train_expanded_v2/full_masks/bag_ann2354_img17847.png,,,330,462,498,603,168,141,682,1024,Fashionpedia instances_attributes_val2020.json expanded-train-v2
,Fashionpedia,../fashion_data/raw/fashionpedia/images/test/9466c1ebff0cc438549ceae3e46a14f5.jpg,fashionpedia_ann_130,bag,"bag, wallet",24,130,,../fashion_data/processed/fashionpedia_train_expanded_v2/full_masks/bag_ann130_img15214.png,,,548,326,584,682,36,356,1024,682,Fashionpedia instances_attributes_val2020.json expanded-train-v2
,Fashionpedia,../fashion_data/raw/fashionpedia/images/test/54c1a7bfcfd8d0c31311a061ee5a0f8c.jpg,fashionpedia_ann_3094,bag,"bag, wallet",24,3094,,../fashion_data/processed/fashionpedia_train_expanded_v2/full_masks/bag_ann3094_img18516.png,,,147,284,418,779,271,495,682,1024,Fashionpedia instances_attributes_val2020.json expanded-train-v2
,Fashionpedia,../fashion_data/raw/fashionpedia/images/test/65d0f53dfbc340ecc3ee3abd6da6b54c.jpg,fashionpedia_ann_7949,bag,"bag, wallet",24,7949,,../fashion_data/processed/fashionpedia_train_expanded_v2/full_masks/bag_ann7949_img9791.png,,,290,273,418,642,128,369,682,1024,Fashionpedia instances_attributes_val2020.json expanded-train-v2
,Fashionpedia,../fashion_data/raw/fashionpedia/images/test/2e279590988cb29535739095a188cd0b.jpg,fashionpedia_ann_5927,bag,"bag, wallet",24,5927,,../fashion_data/processed/fashionpedia_train_expanded_v2/full_masks/bag_ann5927_img9672.png,,,453,553,585,1024,132,471,684,1024,Fashionpedia instances_attributes_val2020.json expanded-train-v2
,Fashionpedia,../fashion_data/raw/fashionpedia/images/test/f084bd0f4fe67b11b0e3a8a64db58e7f.jpg,fashionpedia_ann_3822,bag,"bag, wallet",24,3822,,../fashion_data/processed/fashionpedia_train_expanded_v2/full_masks/bag_ann3822_img19295.png,,,202,466,248,609,46,143,642,1024,Fashionpedia instances_attributes_val2020.json expanded-train-v2
,Fashionpedia,../fashion_data/raw/fashionpedia/images/test/9a886a145d0a9f81b15e79666a5c51b1.jpg,fashionpedia_ann_8100,bag,"bag, wallet",24,8100,,../fashion_data/processed/fashionpedia_train_expanded_v2/full_masks/bag_ann8100_img12215.png,,,465,843,661,1023,196,180,682,1024,Fashionpedia instances_attributes_val2020.json expanded-train-v2
,Fashionpedia,../fashion_data/raw/fashionpedia/images/test/b57c1abdc520418a85d2c94514304670.jpg,fashionpedia_ann_663,bag,"bag, wallet",24,663,,../fashion_data/processed/fashionpedia_train_expanded_v2/full_masks/bag_ann663_img15815.png,,,183,197,234,458,51,261,677,1024,Fashionpedia instances_attributes_val2020.json expanded-train-v2
,Fashionpedia,../fashion_data/raw/fashionpedia/images/test/cd9737f2cf0967f12cc001d57568e913.jpg,fashionpedia_ann_3547,accessory,sock,22,3547,,../fashion_data/processed/fashionpedia_train_expanded_v2/full_masks/accessory_ann3547_img19033.png,,,270,531,328,591,58,60,1024,683,Fashionpedia instances_attributes_val2020.json expanded-train-v2
,Fashionpedia,../fashion_data/raw/fashionpedia/images/test/15b3536fd4cd5f7c40b1ef1a611402e5.jpg,fashionpedia_ann_7409,accessory,"tights, stockings",21,7409,,../fashion_data/processed/fashionpedia_train_expanded_v2/full_masks/accessory_ann7409_img11351.png,,,157,922,252,1024,95,102,660,1024,Fashionpedia instances_attributes_val2020.json expanded-train-v2
,Fashionpedia,../fashion_data/raw/fashionpedia/images/test/6375bd30773a17a141a35eb4df0e4e16.jpg,fashionpedia_ann_5556,accessory,tie,16,5556,,../fashion_data/processed/fashionpedia_train_expanded_v2/full_masks/accessory_ann5556_img9266.png,,,295,187,361,233,66,46,683,1024,Fashionpedia instances_attributes_val2020.json expanded-train-v2
,Fashionpedia,../fashion_data/raw/fashionpedia/images/test/bbb7c11a2a4fe731a371cdf9e223c360.jpg,fashionpedia_ann_9134,accessory,scarf,25,9134,,../fashion_data/processed/fashionpedia_train_expanded_v2/full_masks/accessory_ann9134_img13445.png,,,281,295,362,452,81,157,678,1024,Fashionpedia instances_attributes_val2020.json expanded-train-v2
,Fashionpedia,../fashion_data/raw/fashionpedia/images/test/2064125f44bafe6b58a8b62750c96e5e.jpg,fashionpedia_ann_4691,accessory,belt,19,4691,,../fashion_data/processed/fashionpedia_train_expanded_v2/full_masks/accessory_ann4691_img20167.png,,,216,512,400,690,184,178,683,1024,Fashionpedia instances_attributes_val2020.json expanded-train-v2
,Fashionpedia,../fashion_data/raw/fashionpedia/images/test/f4bf2404ce69fae4d8308a0c12c9c6fa.jpg,fashionpedia_ann_8062,accessory,"headband, head covering, hair accessory",15,8062,,../fashion_data/processed/fashionpedia_train_expanded_v2/full_masks/accessory_ann8062_img12165.png,,,373,37,406,96,33,59,682,1024,Fashionpedia instances_attributes_val2020.json expanded-train-v2
,Fashionpedia,../fashion_data/raw/fashionpedia/images/test/abe7f00720ada9f255b8d1355579dc0e.jpg,fashionpedia_ann_8901,accessory,watch,18,8901,,../fashion_data/processed/fashionpedia_train_expanded_v2/full_masks/accessory_ann8901_img13260.png,,,380,523,409,546,29,23,682,1024,Fashionpedia instances_attributes_val2020.json expanded-train-v2
,Fashionpedia,../fashion_data/raw/fashionpedia/images/test/1744183e925250327f807fdb15907f6a.jpg,fashionpedia_ann_7040,accessory,glove,17,7040,,../fashion_data/processed/fashionpedia_train_expanded_v2/full_masks/accessory_ann7040_img10937.png,,,433,411,523,521,90,110,632,1024,Fashionpedia instances_attributes_val2020.json expanded-train-v2
,Fashionpedia,../fashion_data/raw/fashionpedia/images/test/a2d2041ec86da596439a8fd74575ce0b.jpg,fashionpedia_ann_5773,accessory,hat,14,5773,,../fashion_data/processed/fashionpedia_train_expanded_v2/full_masks/accessory_ann5773_img9540.png,,,211,432,280,564,69,132,683,1024,Fashionpedia instances_attributes_val2020.json expanded-train-v2
,Fashionpedia,../fashion_data/raw/fashionpedia/images/test/fd860a8100f35a28da87cec4c565ecdd.jpg,fashionpedia_ann_1408,accessory,glasses,13,1408,,../fashion_data/processed/fashionpedia_train_expanded_v2/full_masks/accessory_ann1408_img16711.png,,,474,113,588,166,114,53,1024,1024,Fashionpedia instances_attributes_val2020.json expanded-train-v2
,Fashionpedia,../fashion_data/raw/fashionpedia/images/test/e2da13e8901b9733a8af384bf519762c.jpg,fashionpedia_ann_6487,accessory,sock,22,6487,,../fashion_data/processed/fashionpedia_train_expanded_v2/full_masks/accessory_ann6487_img10512.png,,,429,416,435,424,6,8,1024,576,Fashionpedia instances_attributes_val2020.json expanded-train-v2
,Fashionpedia,../fashion_data/raw/fashionpedia/images/test/a99f0561c41b1b00721572e7b3ec9c38.jpg,fashionpedia_ann_3929,accessory,"tights, stockings",21,3929,,../fashion_data/processed/fashionpedia_train_expanded_v2/full_masks/accessory_ann3929_img19450.png,,,254,692,298,769,44,77,712,1024,Fashionpedia instances_attributes_val2020.json expanded-train-v2
,Fashionpedia,../fashion_data/raw/fashionpedia/images/test/62c2a58de9a97c754cde718fb409402e.jpg,fashionpedia_ann_4280,accessory,tie,16,4280,,../fashion_data/processed/fashionpedia_train_expanded_v2/full_masks/accessory_ann4280_img19760.png,,,281,261,315,356,34,95,621,1024,Fashionpedia instances_attributes_val2020.json expanded-train-v2
,Fashionpedia,../fashion_data/raw/fashionpedia/images/test/6c25f5b9177191c25b74f167d361e114.jpg,fashionpedia_ann_633,accessory,scarf,25,633,,../fashion_data/processed/fashionpedia_train_expanded_v2/full_masks/accessory_ann633_img15781.png,,,330,177,403,316,73,139,699,1024,Fashionpedia instances_attributes_val2020.json expanded-train-v2
,Fashionpedia,../fashion_data/raw/fashionpedia/images/test/d47fd4ffb3f8559ed563d59f03507e98.jpg,fashionpedia_ann_3899,accessory,belt,19,3899,,../fashion_data/processed/fashionpedia_train_expanded_v2/full_masks/accessory_ann3899_img19413.png,,,475,431,557,502,82,71,1024,1024,Fashionpedia instances_attributes_val2020.json expanded-train-v2
,Fashionpedia,../fashion_data/raw/fashionpedia/images/test/3fcfa9cf841c43da1cf40ff998939b21.jpg,fashionpedia_ann_206,accessory,"headband, head covering, hair accessory",15,206,,../fashion_data/processed/fashionpedia_train_expanded_v2/full_masks/accessory_ann206_img15279.png,,,300,166,422,184,122,18,683,1024,Fashionpedia instances_attributes_val2020.json expanded-train-v2
,Fashionpedia,../fashion_data/raw/fashionpedia/images/test/4ec22d53051a9c25a134fb154e6ea3b0.jpg,fashionpedia_ann_3054,accessory,watch,18,3054,,../fashion_data/processed/fashionpedia_train_expanded_v2/full_masks/accessory_ann3054_img17207.png,,,418,510,457,534,39,24,621,1024,Fashionpedia instances_attributes_val2020.json expanded-train-v2
,Fashionpedia,../fashion_data/raw/fashionpedia/images/test/6765044e8079cfe42ae6cac73cbf79c4.jpg,fashionpedia_ann_4109,accessory,glove,17,4109,,../fashion_data/processed/fashionpedia_train_expanded_v2/full_masks/accessory_ann4109_img19551.png,,,441,395,501,578,60,183,681,1024,Fashionpedia instances_attributes_val2020.json expanded-train-v2
,Fashionpedia,../fashion_data/raw/fashionpedia/images/test/1e1550d9c7268ebd65e25e94e8b72575.jpg,fashionpedia_ann_6908,accessory,hat,14,6908,,../fashion_data/processed/fashionpedia_train_expanded_v2/full_masks/accessory_ann6908_img10843.png,,,451,68,606,167,155,99,1024,682,Fashionpedia instances_attributes_val2020.json expanded-train-v2
,Fashionpedia,../fashion_data/raw/fashionpedia/images/test/bedd4c227a48bc3f89431058fa77c82b.jpg,fashionpedia_ann_4724,accessory,glasses,13,4724,,../fashion_data/processed/fashionpedia_train_expanded_v2/full_masks/accessory_ann4724_img20214.png,,,290,85,377,129,87,44,683,1024,Fashionpedia instances_attributes_val2020.json expanded-train-v2
,Fashionpedia,../fashion_data/raw/fashionpedia/images/test/330629f6ea12a084fa484a2ae181d1ab.jpg,fashionpedia_ann_173,accessory,sock,22,173,,../fashion_data/processed/fashionpedia_train_expanded_v2/full_masks/accessory_ann173_img15229.png,,,345,884,360,896,15,12,683,1024,Fashionpedia instances_attributes_val2020.json expanded-train-v2
,Fashionpedia,../fashion_data/raw/fashionpedia/images/test/6096b12d8fc996b65b4b9947b18502ca.jpg,fashionpedia_ann_3850,accessory,tie,16,3850,,../fashion_data/processed/fashionpedia_train_expanded_v2/full_masks/accessory_ann3850_img19326.png,,,242,217,274,296,32,79,633,1024,Fashionpedia instances_attributes_val2020.json expanded-train-v2
,Fashionpedia,../fashion_data/raw/fashionpedia/images/test/21b019899232d2682e25237d3da5eefc.jpg,fashionpedia_ann_8575,accessory,scarf,25,8575,,../fashion_data/processed/fashionpedia_train_expanded_v2/full_masks/accessory_ann8575_img12796.png,,,279,213,349,387,70,174,649,1024,Fashionpedia instances_attributes_val2020.json expanded-train-v2
,Fashionpedia,../fashion_data/raw/fashionpedia/images/test/7a65f8ca901b6307715350452dff10b6.jpg,fashionpedia_ann_4910,accessory,belt,19,4910,,../fashion_data/processed/fashionpedia_train_expanded_v2/full_masks/accessory_ann4910_img20405.png,,,364,397,493,450,129,53,819,1024,Fashionpedia instances_attributes_val2020.json expanded-train-v2
,Fashionpedia,../fashion_data/raw/fashionpedia/images/test/3af3a8c1e0581011f46326d3b837a53d.jpg,fashionpedia_ann_5696,accessory,"headband, head covering, hair accessory",15,5696,,../fashion_data/processed/fashionpedia_train_expanded_v2/full_masks/accessory_ann5696_img9465.png,,,189,194,407,353,218,159,683,1024,Fashionpedia instances_attributes_val2020.json expanded-train-v2
,Fashionpedia,../fashion_data/raw/fashionpedia/images/test/07729e318fa891baba6eb212220b95a6.jpg,fashionpedia_ann_7358,accessory,watch,18,7358,,../fashion_data/processed/fashionpedia_train_expanded_v2/full_masks/accessory_ann7358_img11287.png,,,792,297,838,332,46,35,1024,680,Fashionpedia instances_attributes_val2020.json expanded-train-v2
,Fashionpedia,../fashion_data/raw/fashionpedia/images/test/b2514d07946f182a890908a7ba436bd5.jpg,fashionpedia_ann_7247,accessory,glove,17,7247,,../fashion_data/processed/fashionpedia_train_expanded_v2/full_masks/accessory_ann7247_img11140.png,,,392,388,438,613,46,225,681,1024,Fashionpedia instances_attributes_val2020.json expanded-train-v2
,Fashionpedia,../fashion_data/raw/fashionpedia/images/test/bfdb81a5f9bebef69b5cda7f59a8daab.jpg,fashionpedia_ann_4665,accessory,hat,14,4665,,../fashion_data/processed/fashionpedia_train_expanded_v2/full_masks/accessory_ann4665_img20107.png,,,428,287,581,378,153,91,1024,682,Fashionpedia instances_attributes_val2020.json expanded-train-v2
,Fashionpedia,../fashion_data/raw/fashionpedia/images/test/08680e1257c83a5a603ae3ef67ef3dde.jpg,fashionpedia_ann_4944,accessory,glasses,13,4944,,../fashion_data/processed/fashionpedia_train_expanded_v2/full_masks/accessory_ann4944_img20458.png,,,344,261,412,287,68,26,768,1024,Fashionpedia instances_attributes_val2020.json expanded-train-v2
,Fashionpedia,../fashion_data/raw/fashionpedia/images/test/1b94b1ccf1076bf96d656a870f559d0e.jpg,fashionpedia_ann_2539,accessory,leg warmer,20,2539,,../fashion_data/processed/fashionpedia_train_expanded_v2/full_masks/accessory_ann2539_img18044.png,,,337,637,426,877,89,240,555,1024,Fashionpedia instances_attributes_val2020.json expanded-train-v2
,Fashionpedia,../fashion_data/raw/fashionpedia/images/test/634b8e06e0d3bc3b8258cdef7ea56251.jpg,fashionpedia_ann_1079,accessory,sock,22,1079,,../fashion_data/processed/fashionpedia_train_expanded_v2/full_masks/accessory_ann1079_img16327.png,,,566,542,596,582,30,40,1024,683,Fashionpedia instances_attributes_val2020.json expanded-train-v2
,Fashionpedia,../fashion_data/raw/fashionpedia/images/test/a8741d59e6609bfc5f6abfa00fd6b431.jpg,fashionpedia_ann_8059,accessory,"tights, stockings",21,8059,,../fashion_data/processed/fashionpedia_train_expanded_v2/full_masks/accessory_ann8059_img12153.png,,,414,711,537,1024,123,313,682,1024,Fashionpedia instances_attributes_val2020.json expanded-train-v2
,Fashionpedia,../fashion_data/raw/fashionpedia/images/test/8f691c0c5426690c44b91691db150c9c.jpg,fashionpedia_ann_482,accessory,scarf,25,482,,../fashion_data/processed/fashionpedia_train_expanded_v2/full_masks/accessory_ann482_img15619.png,,,476,119,497,147,21,28,1024,681,Fashionpedia instances_attributes_val2020.json expanded-train-v2
,Fashionpedia,../fashion_data/raw/fashionpedia/images/test/265a6f3aee35666b2f62752c49f6dd63.jpg,fashionpedia_ann_6228,accessory,belt,19,6228,,../fashion_data/processed/fashionpedia_train_expanded_v2/full_masks/accessory_ann6228_img10011.png,,,254,614,502,676,248,62,681,1024,Fashionpedia instances_attributes_val2020.json expanded-train-v2
,Fashionpedia,../fashion_data/raw/fashionpedia/images/test/16b7202138bdbb600ee49eadfe63f5f6.jpg,fashionpedia_ann_1055,accessory,"headband, head covering, hair accessory",15,1055,,../fashion_data/processed/fashionpedia_train_expanded_v2/full_masks/accessory_ann1055_img16275.png,,,322,50,431,117,109,67,682,1024,Fashionpedia instances_attributes_val2020.json expanded-train-v2
,Fashionpedia,../fashion_data/raw/fashionpedia/images/test/4e872a7fcd5c125164305d750c8688b6.jpg,fashionpedia_ann_3975,accessory,watch,18,3975,,../fashion_data/processed/fashionpedia_train_expanded_v2/full_masks/accessory_ann3975_img17813.png,,,531,754,565,787,34,33,664,1024,Fashionpedia instances_attributes_val2020.json expanded-train-v2
,Fashionpedia,../fashion_data/raw/fashionpedia/images/test/ef9dae290756a8dbcb1cde404da00a1a.jpg,fashionpedia_ann_2160,accessory,glove,17,2160,,../fashion_data/processed/fashionpedia_train_expanded_v2/full_masks/accessory_ann2160_img17610.png,,,407,434,459,493,52,59,681,1024,Fashionpedia instances_attributes_val2020.json expanded-train-v2
,Fashionpedia,../fashion_data/raw/fashionpedia/images/test/2171b137ca967fb6540ce50fc824aaa4.jpg,fashionpedia_ann_9055,accessory,hat,14,9055,,../fashion_data/processed/fashionpedia_train_expanded_v2/full_masks/accessory_ann9055_img13365.png,,,285,400,412,483,127,83,682,1024,Fashionpedia instances_attributes_val2020.json expanded-train-v2
,Fashionpedia,../fashion_data/raw/fashionpedia/images/test/f06777ee045a0762aad3a7ec3111b864.jpg,fashionpedia_ann_3444,accessory,glasses,13,3444,,../fashion_data/processed/fashionpedia_train_expanded_v2/full_masks/accessory_ann3444_img18927.png,,,379,427,419,441,40,14,680,1024,Fashionpedia instances_attributes_val2020.json expanded-train-v2
,Fashionpedia,../fashion_data/raw/fashionpedia/images/test/350932dd5559f9419cbd1fc1ae0e43e1.jpg,fashionpedia_ann_7582,accessory,leg warmer,20,7582,,../fashion_data/processed/fashionpedia_train_expanded_v2/full_masks/accessory_ann7582_img11572.png,,,476,901,619,1023,143,122,755,1024,Fashionpedia instances_attributes_val2020.json expanded-train-v2
,Fashionpedia,../fashion_data/raw/fashionpedia/images/test/3023783645f6b5b3ddd20648231f85aa.jpg,fashionpedia_ann_4031,accessory,sock,22,4031,,../fashion_data/processed/fashionpedia_train_expanded_v2/full_masks/accessory_ann4031_img19461.png,,,218,821,264,897,46,76,633,1024,Fashionpedia instances_attributes_val2020.json expanded-train-v2
,Fashionpedia,../fashion_data/raw/fashionpedia/images/test/3a251a0d83018173d9eb85dd2f7c64f1.jpg,fashionpedia_ann_3430,accessory,"tights, stockings",21,3430,,../fashion_data/processed/fashionpedia_train_expanded_v2/full_masks/accessory_ann3430_img18908.png,,,690,324,840,605,150,281,1024,678,Fashionpedia instances_attributes_val2020.json expanded-train-v2
,Fashionpedia,../fashion_data/raw/fashionpedia/images/test/73d2b7e13c0b34f9d0572b57ea56be63.jpg,fashionpedia_ann_3323,accessory,scarf,25,3323,,../fashion_data/processed/fashionpedia_train_expanded_v2/full_masks/accessory_ann3323_img18745.png,,,301,209,394,603,93,394,682,1024,Fashionpedia instances_attributes_val2020.json expanded-train-v2
,Fashionpedia,../fashion_data/raw/fashionpedia/images/test/12416f707a0428adc08bc899bc6d84c8.jpg,fashionpedia_ann_449,accessory,belt,19,449,,../fashion_data/processed/fashionpedia_train_expanded_v2/full_masks/accessory_ann449_img15565.png,,,222,517,411,626,189,109,682,1024,Fashionpedia instances_attributes_val2020.json expanded-train-v2
,Fashionpedia,../fashion_data/raw/fashionpedia/images/test/90ffd404d1eb433fc6bb4065d9c96a37.jpg,fashionpedia_ann_2367,accessory,"headband, head covering, hair accessory",15,2367,,../fashion_data/processed/fashionpedia_train_expanded_v2/full_masks/accessory_ann2367_img17854.png,,,131,31,631,1024,500,993,682,1024,Fashionpedia instances_attributes_val2020.json expanded-train-v2
,Fashionpedia,../fashion_data/raw/fashionpedia/images/test/a3f881917b1e3e8875dfe97f9ae98bee.jpg,fashionpedia_ann_1919,accessory,watch,18,1919,,../fashion_data/processed/fashionpedia_train_expanded_v2/full_masks/accessory_ann1919_img17313.png,,,871,924,958,978,87,54,1024,1024,Fashionpedia instances_attributes_val2020.json expanded-train-v2
,Fashionpedia,../fashion_data/raw/fashionpedia/images/test/85aa83033214755fefff61b7615c7a48.jpg,fashionpedia_ann_850,accessory,glove,17,850,,../fashion_data/processed/fashionpedia_train_expanded_v2/full_masks/accessory_ann850_img15949.png,,,50,630,164,699,114,69,681,1024,Fashionpedia instances_attributes_val2020.json expanded-train-v2
,Fashionpedia,../fashion_data/raw/fashionpedia/images/test/9737a08c0d581734111e8d0d60a8d6ec.jpg,fashionpedia_ann_5582,accessory,hat,14,5582,,../fashion_data/processed/fashionpedia_train_expanded_v2/full_masks/accessory_ann5582_img9274.png,,,525,107,620,195,95,88,1024,680,Fashionpedia instances_attributes_val2020.json expanded-train-v2
,Fashionpedia,../fashion_data/raw/fashionpedia/images/test/4caf9a623b8931bf6b2f6107af4381fb.jpg,fashionpedia_ann_5029,accessory,glasses,13,5029,,../fashion_data/processed/fashionpedia_train_expanded_v2/full_masks/accessory_ann5029_img20506.png,,,315,79,396,117,81,38,662,1024,Fashionpedia instances_attributes_val2020.json expanded-train-v2
,Fashionpedia,../fashion_data/raw/fashionpedia/images/test/1dffba470396e2e75841783f4584ed86.jpg,fashionpedia_ann_241,accessory,leg warmer,20,241,,../fashion_data/processed/fashionpedia_train_expanded_v2/full_masks/accessory_ann241_img15309.png,,,518,222,641,388,123,166,1024,682,Fashionpedia instances_attributes_val2020.json expanded-train-v2
,Fashionpedia,../fashion_data/raw/fashionpedia/images/test/afb8182ab6475db9830b0afafb442f55.jpg,fashionpedia_ann_1670,accessory,sock,22,1670,,../fashion_data/processed/fashionpedia_train_expanded_v2/full_masks/accessory_ann1670_img17050.png,,,390,818,427,830,37,12,1024,1024,Fashionpedia instances_attributes_val2020.json expanded-train-v2
,Fashionpedia,../fashion_data/raw/fashionpedia/images/test/20bdefcd48f74c927cca2870e52176b1.jpg,fashionpedia_ann_8119,accessory,"tights, stockings",21,8119,,../fashion_data/processed/fashionpedia_train_expanded_v2/full_masks/accessory_ann8119_img12246.png,,,497,283,595,441,98,158,1024,576,Fashionpedia instances_attributes_val2020.json expanded-train-v2
,Fashionpedia,../fashion_data/raw/fashionpedia/images/test/557b6301ca3fefdf29d0609dfe8a74fd.jpg,fashionpedia_ann_4517,accessory,scarf,25,4517,,../fashion_data/processed/fashionpedia_train_expanded_v2/full_masks/accessory_ann4517_img19927.png,,,266,130,412,256,146,126,683,1024,Fashionpedia instances_attributes_val2020.json expanded-train-v2
,Fashionpedia,../fashion_data/raw/fashionpedia/images/test/14ce620645bc27f4710e2141432e7139.jpg,fashionpedia_ann_8183,accessory,belt,19,8183,,../fashion_data/processed/fashionpedia_train_expanded_v2/full_masks/accessory_ann8183_img12257.png,,,241,471,324,510,83,39,679,1024,Fashionpedia instances_attributes_val2020.json expanded-train-v2
,Fashionpedia,../fashion_data/raw/fashionpedia/images/test/643befc8433653bd7647f45c3c89b02f.jpg,fashionpedia_ann_1244,accessory,"headband, head covering, hair accessory",15,1244,,../fashion_data/processed/fashionpedia_train_expanded_v2/full_masks/accessory_ann1244_img16528.png,,,364,78,423,140,59,62,683,1024,Fashionpedia instances_attributes_val2020.json expanded-train-v2
,Fashionpedia,../fashion_data/raw/fashionpedia/images/test/94351b1b66b1e37756eef9206883dd83.jpg,fashionpedia_ann_1959,accessory,watch,18,1959,,../fashion_data/processed/fashionpedia_train_expanded_v2/full_masks/accessory_ann1959_img17381.png,,,650,462,686,505,36,43,1024,680,Fashionpedia instances_attributes_val2020.json expanded-train-v2
,Fashionpedia,../fashion_data/raw/fashionpedia/images/test/cade19169e79b91b610ce5a6f7576a5b.jpg,fashionpedia_ann_2259,accessory,glove,17,2259,,../fashion_data/processed/fashionpedia_train_expanded_v2/full_masks/accessory_ann2259_img17737.png,,,172,700,229,831,57,131,680,1024,Fashionpedia instances_attributes_val2020.json expanded-train-v2
,Fashionpedia,../fashion_data/raw/fashionpedia/images/test/035b280e6bfd861226dbd2d1c8f89873.jpg,fashionpedia_ann_188,accessory,hat,14,188,,../fashion_data/processed/fashionpedia_train_expanded_v2/full_masks/accessory_ann188_img15255.png,,,239,198,370,306,131,108,682,1024,Fashionpedia instances_attributes_val2020.json expanded-train-v2
,Fashionpedia,../fashion_data/raw/fashionpedia/images/test/3b090c8c5228647a7c486ed9f1b14309.jpg,fashionpedia_ann_1837,accessory,glasses,13,1837,,../fashion_data/processed/fashionpedia_train_expanded_v2/full_masks/accessory_ann1837_img17229.png,,,203,136,293,166,90,30,464,1024,Fashionpedia instances_attributes_val2020.json expanded-train-v2
,Fashionpedia,../fashion_data/raw/fashionpedia/images/test/f71e5303f0a10b85bf4bbc6c9cbee1ab.jpg,fashionpedia_ann_1775,accessory,leg warmer,20,1775,,../fashion_data/processed/fashionpedia_train_expanded_v2/full_masks/accessory_ann1775_img17163.png,,,322,757,385,845,63,88,632,1024,Fashionpedia instances_attributes_val2020.json expanded-train-v2
,Fashionpedia,../fashion_data/raw/fashionpedia/images/test/f417b7fde41f52411bd9b4eca0e65db4.jpg,fashionpedia_ann_4853,accessory,sock,22,4853,,../fashion_data/processed/fashionpedia_train_expanded_v2/full_masks/accessory_ann4853_img20315.png,,,294,890,304,900,10,10,681,1024,Fashionpedia instances_attributes_val2020.json expanded-train-v2
,Fashionpedia,../fashion_data/raw/fashionpedia/images/test/551e65e41de6a13025f2542b4886d8f0.jpg,fashionpedia_ann_4644,accessory,scarf,25,4644,,../fashion_data/processed/fashionpedia_train_expanded_v2/full_masks/accessory_ann4644_img20075.png,,,220,128,379,278,159,150,1024,682,Fashionpedia instances_attributes_val2020.json expanded-train-v2
,Fashionpedia,../fashion_data/raw/fashionpedia/images/test/116c0fd0c6d963e7b68e7af47c4e8cc7.jpg,fashionpedia_ann_4023,accessory,belt,19,4023,,../fashion_data/processed/fashionpedia_train_expanded_v2/full_masks/accessory_ann4023_img19436.png,,,264,614,474,808,210,194,681,1024,Fashionpedia instances_attributes_val2020.json expanded-train-v2
,Fashionpedia,../fashion_data/raw/fashionpedia/images/test/e3336eb784f1530704eebfbd1fc94f07.jpg,fashionpedia_ann_2751,accessory,"headband, head covering, hair accessory",15,2751,,../fashion_data/processed/fashionpedia_train_expanded_v2/full_masks/accessory_ann2751_img18343.png,,,472,206,506,258,34,52,1024,683,Fashionpedia instances_attributes_val2020.json expanded-train-v2
,Fashionpedia,../fashion_data/raw/fashionpedia/images/test/041a6b43ed7ddfa1ec6040d27e5ce9a8.jpg,fashionpedia_ann_1353,accessory,watch,18,1353,,../fashion_data/processed/fashionpedia_train_expanded_v2/full_masks/accessory_ann1353_img16668.png,,,488,238,557,301,69,63,680,1024,Fashionpedia instances_attributes_val2020.json expanded-train-v2
,Fashionpedia,../fashion_data/raw/fashionpedia/images/test/99601fa457d157b81154d089966c2e3a.jpg,fashionpedia_ann_6,accessory,glove,17,6,,../fashion_data/processed/fashionpedia_train_expanded_v2/full_masks/accessory_ann6_img17039.png,,,442,618,493,674,51,56,1024,682,Fashionpedia instances_attributes_val2020.json expanded-train-v2
,Fashionpedia,../fashion_data/raw/fashionpedia/images/test/5fc499c60fc95671180347cf63b6f31a.jpg,fashionpedia_ann_67,accessory,hat,14,67,,../fashion_data/processed/fashionpedia_train_expanded_v2/full_masks/accessory_ann67_img15097.png,,,295,59,396,128,101,69,683,1024,Fashionpedia instances_attributes_val2020.json expanded-train-v2
,Fashionpedia,../fashion_data/raw/fashionpedia/images/test/c59652d40810f10a443756d41bfa1287.jpg,fashionpedia_ann_3509,accessory,glasses,13,3509,,../fashion_data/processed/fashionpedia_train_expanded_v2/full_masks/accessory_ann3509_img18980.png,,,219,120,305,140,86,20,618,1024,Fashionpedia instances_attributes_val2020.json expanded-train-v2
,Fashionpedia,../fashion_data/raw/fashionpedia/images/test/84cb2045d51adaff87124e9dfb703c46.jpg,fashionpedia_ann_7971,accessory,leg warmer,20,7971,,../fashion_data/processed/fashionpedia_train_expanded_v2/full_masks/accessory_ann7971_img10691.png,,,223,701,329,943,106,242,683,1024,Fashionpedia instances_attributes_val2020.json expanded-train-v2
,Fashionpedia,../fashion_data/raw/fashionpedia/images/test/4d3fd642c9d08290f6262759a51d252f.jpg,fashionpedia_ann_6623,accessory,sock,22,6623,,../fashion_data/processed/fashionpedia_train_expanded_v2/full_masks/accessory_ann6623_img9481.png,,,375,822,410,841,35,19,683,1024,Fashionpedia instances_attributes_val2020.json expanded-train-v2
,Fashionpedia,../fashion_data/raw/fashionpedia/images/test/cf2b90efe608a262ab09c367feddc352.jpg,fashionpedia_ann_3874,accessory,"tights, stockings",21,3874,,../fashion_data/processed/fashionpedia_train_expanded_v2/full_masks/accessory_ann3874_img19394.png,,,387,626,457,698,70,72,1024,699,Fashionpedia instances_attributes_val2020.json expanded-train-v2
,Fashionpedia,../fashion_data/raw/fashionpedia/images/test/13bd73c2068bc2705f3a0b65e425b965.jpg,fashionpedia_ann_1646,accessory,scarf,25,1646,,../fashion_data/processed/fashionpedia_train_expanded_v2/full_masks/accessory_ann1646_img16953.png,,,207,216,470,965,263,749,683,1024,Fashionpedia instances_attributes_val2020.json expanded-train-v2
,Fashionpedia,../fashion_data/raw/fashionpedia/images/test/466e69961de78100fddae84c64fbf542.jpg,fashionpedia_ann_534,accessory,belt,19,534,,../fashion_data/processed/fashionpedia_train_expanded_v2/full_masks/accessory_ann534_img15687.png,,,359,339,502,363,143,24,682,1024,Fashionpedia instances_attributes_val2020.json expanded-train-v2
,Fashionpedia,../fashion_data/raw/fashionpedia/images/test/c7154df1a2a7d442ba4a2f9579622a31.jpg,fashionpedia_ann_5208,accessory,"headband, head covering, hair accessory",15,5208,,../fashion_data/processed/fashionpedia_train_expanded_v2/full_masks/accessory_ann5208_img18638.png,,,329,159,405,209,76,50,683,1024,Fashionpedia instances_attributes_val2020.json expanded-train-v2
,Fashionpedia,../fashion_data/raw/fashionpedia/images/test/fcc71ab647c43d3bdae6ba5e9349464d.jpg,fashionpedia_ann_516,accessory,glove,17,516,,../fashion_data/processed/fashionpedia_train_expanded_v2/full_masks/accessory_ann516_img15676.png,,,406,472,447,512,41,40,1024,679,Fashionpedia instances_attributes_val2020.json expanded-train-v2
,Fashionpedia,../fashion_data/raw/fashionpedia/images/test/0fd47405bde971ea795259fa8790ef40.jpg,fashionpedia_ann_4907,accessory,hat,14,4907,,../fashion_data/processed/fashionpedia_train_expanded_v2/full_masks/accessory_ann4907_img20397.png,,,78,342,145,500,67,158,683,1024,Fashionpedia instances_attributes_val2020.json expanded-train-v2
,Fashionpedia,../fashion_data/raw/fashionpedia/images/test/76fd87d84ee7cdffcb33e05d74bb663c.jpg,fashionpedia_ann_2578,accessory,glasses,13,2578,,../fashion_data/processed/fashionpedia_train_expanded_v2/full_masks/accessory_ann2578_img18108.png,,,768,104,863,148,95,44,1024,1024,Fashionpedia instances_attributes_val2020.json expanded-train-v2
,Fashionpedia,../fashion_data/raw/fashionpedia/images/test/6804c0168b384deb92f498ba8ed5ca4a.jpg,fashionpedia_ann_2826,accessory,sock,22,2826,,../fashion_data/processed/fashionpedia_train_expanded_v2/full_masks/accessory_ann2826_img15984.png,,,312,781,355,838,43,57,682,1024,Fashionpedia instances_attributes_val2020.json expanded-train-v2
,Fashionpedia,../fashion_data/raw/fashionpedia/images/test/1918cddd5d05e007637c1b635eb683f5.jpg,fashionpedia_ann_2303,accessory,"tights, stockings",21,2303,,../fashion_data/processed/fashionpedia_train_expanded_v2/full_masks/accessory_ann2303_img17769.png,,,200,580,511,886,311,306,678,1024,Fashionpedia instances_attributes_val2020.json expanded-train-v2
,Fashionpedia,../fashion_data/raw/fashionpedia/images/test/ce25fc2ea56c29c024e96686099373b5.jpg,fashionpedia_ann_1542,accessory,scarf,25,1542,,../fashion_data/processed/fashionpedia_train_expanded_v2/full_masks/accessory_ann1542_img16932.png,,,321,47,812,290,491,243,1024,680,Fashionpedia instances_attributes_val2020.json expanded-train-v2
,Fashionpedia,../fashion_data/raw/fashionpedia/images/test/a89e8cd2564a7e5050c8aa5c5c24c18d.jpg,fashionpedia_ann_2611,accessory,belt,19,2611,,../fashion_data/processed/fashionpedia_train_expanded_v2/full_masks/accessory_ann2611_img18159.png,,,272,555,462,684,190,129,682,1024,Fashionpedia instances_attributes_val2020.json expanded-train-v2
,Fashionpedia,../fashion_data/raw/fashionpedia/images/test/6de0db96e14807a6824c20a3e4985fa9.jpg,fashionpedia_ann_245,accessory,"headband, head covering, hair accessory",15,245,,../fashion_data/processed/fashionpedia_train_expanded_v2/full_masks/accessory_ann245_img15331.png,,,255,225,402,300,147,75,683,1024,Fashionpedia instances_attributes_val2020.json expanded-train-v2
,Fashionpedia,../fashion_data/raw/fashionpedia/images/test/09675496409c85adc6deba11277050e8.jpg,fashionpedia_ann_5421,accessory,watch,18,5421,,../fashion_data/processed/fashionpedia_train_expanded_v2/full_masks/accessory_ann5421_img9104.png,,,344,562,369,578,25,16,682,1024,Fashionpedia instances_attributes_val2020.json expanded-train-v2
,Fashionpedia,../fashion_data/raw/fashionpedia/images/test/fb24ea2a89e0ec6dc4b093ccbb2fc743.jpg,fashionpedia_ann_5070,accessory,glove,17,5070,,../fashion_data/processed/fashionpedia_train_expanded_v2/full_masks/accessory_ann5070_img20542.png,,,191,304,279,546,88,242,681,1024,Fashionpedia instances_attributes_val2020.json expanded-train-v2
,Fashionpedia,../fashion_data/raw/fashionpedia/images/test/28f3172e9e96bb17c1f9ec3697b175bc.jpg,fashionpedia_ann_9023,accessory,hat,14,9023,,../fashion_data/processed/fashionpedia_train_expanded_v2/full_masks/accessory_ann9023_img11856.png,,,160,87,271,162,111,75,683,1024,Fashionpedia instances_attributes_val2020.json expanded-train-v2
,Fashionpedia,../fashion_data/raw/fashionpedia/images/test/c035ab1c7504b8e89f22f3b2f06abec4.jpg,fashionpedia_ann_4948,accessory,glasses,13,4948,,../fashion_data/processed/fashionpedia_train_expanded_v2/full_masks/accessory_ann4948_img18418.png,,,445,209,506,240,61,31,1024,683,Fashionpedia instances_attributes_val2020.json expanded-train-v2
,Fashionpedia,../fashion_data/raw/fashionpedia/images/test/e7bd5aa16c1acc64616bf60ea3aa0c36.jpg,fashionpedia_ann_6039,accessory,sock,22,6039,,../fashion_data/processed/fashionpedia_train_expanded_v2/full_masks/accessory_ann6039_img8610.png,,,136,571,215,642,79,71,682,1024,Fashionpedia instances_attributes_val2020.json expanded-train-v2
,Fashionpedia,../fashion_data/raw/fashionpedia/images/test/609b9fc370f7c98fbb6a41baf72664a1.jpg,fashionpedia_ann_5825,accessory,"tights, stockings",21,5825,,../fashion_data/processed/fashionpedia_train_expanded_v2/full_masks/accessory_ann5825_img9575.png,,,295,620,379,900,84,280,683,1024,Fashionpedia instances_attributes_val2020.json expanded-train-v2
,Fashionpedia,../fashion_data/raw/fashionpedia/images/test/aa2b2c6923621af9d2ba884f02006cd6.jpg,fashionpedia_ann_6968,accessory,scarf,25,6968,,../fashion_data/processed/fashionpedia_train_expanded_v2/full_masks/accessory_ann6968_img10898.png,,,709,384,837,593,128,209,1011,1024,Fashionpedia instances_attributes_val2020.json expanded-train-v2
,Fashionpedia,../fashion_data/raw/fashionpedia/images/test/629df21f84ffc47d37ab1e3818dfad7a.jpg,fashionpedia_ann_2110,accessory,belt,19,2110,,../fashion_data/processed/fashionpedia_train_expanded_v2/full_masks/accessory_ann2110_img17566.png,,,89,430,123,570,34,140,1024,768,Fashionpedia instances_attributes_val2020.json expanded-train-v2
,Fashionpedia,../fashion_data/raw/fashionpedia/images/test/7f9007ed8484e01e26dee5e2e7a633bf.jpg,fashionpedia_ann_8708,accessory,"headband, head covering, hair accessory",15,8708,,../fashion_data/processed/fashionpedia_train_expanded_v2/full_masks/accessory_ann8708_img12942.png,,,484,230,505,290,21,60,1024,683,Fashionpedia instances_attributes_val2020.json expanded-train-v2
,Fashionpedia,../fashion_data/raw/fashionpedia/images/test/72a138c47a27759553ebb2b2c1a94707.jpg,fashionpedia_ann_393,accessory,watch,18,393,,../fashion_data/processed/fashionpedia_train_expanded_v2/full_masks/accessory_ann393_img15515.png,,,684,489,714,516,30,27,1024,1024,Fashionpedia instances_attributes_val2020.json expanded-train-v2
,Fashionpedia,../fashion_data/raw/fashionpedia/images/test/3c77bfcabe3495c954793a8f4696be5f.jpg,fashionpedia_ann_1381,accessory,glove,17,1381,,../fashion_data/processed/fashionpedia_train_expanded_v2/full_masks/accessory_ann1381_img16673.png,,,320,360,364,399,44,39,682,1024,Fashionpedia instances_attributes_val2020.json expanded-train-v2
,Fashionpedia,../fashion_data/raw/fashionpedia/images/test/25d405f31851734c949c85172cd41f5b.jpg,fashionpedia_ann_5859,accessory,hat,14,5859,,../fashion_data/processed/fashionpedia_train_expanded_v2/full_masks/accessory_ann5859_img9619.png,,,509,35,687,203,178,168,1024,668,Fashionpedia instances_attributes_val2020.json expanded-train-v2
,Fashionpedia,../fashion_data/raw/fashionpedia/images/test/a38445479f8dcc4074a291d8eb99e97a.jpg,fashionpedia_ann_2235,accessory,glasses,13,2235,,../fashion_data/processed/fashionpedia_train_expanded_v2/full_masks/accessory_ann2235_img17706.png,,,280,105,357,127,77,22,633,1024,Fashionpedia instances_attributes_val2020.json expanded-train-v2
,Fashionpedia,../fashion_data/raw/fashionpedia/images/test/97cb9ef6e3eb1e4870201eb60ea875ac.jpg,fashionpedia_ann_7390,accessory,sock,22,7390,,../fashion_data/processed/fashionpedia_train_expanded_v2/full_masks/accessory_ann7390_img11340.png,,,327,821,334,834,7,13,683,1024,Fashionpedia instances_attributes_val2020.json expanded-train-v2
,Fashionpedia,../fashion_data/raw/fashionpedia/images/test/b24d298f9856f105bb3f3bb645b59dd9.jpg,fashionpedia_ann_2346,accessory,"tights, stockings",21,2346,,../fashion_data/processed/fashionpedia_train_expanded_v2/full_masks/accessory_ann2346_img17845.png,,,206,848,343,1024,137,176,682,1024,Fashionpedia instances_attributes_val2020.json expanded-train-v2
,Fashionpedia,../fashion_data/raw/fashionpedia/images/test/f89405533537dc196ae40e5ec36b2b08.jpg,fashionpedia_ann_4478,accessory,scarf,25,4478,,../fashion_data/processed/fashionpedia_train_expanded_v2/full_masks/accessory_ann4478_img19875.png,,,286,206,597,949,311,743,682,1024,Fashionpedia instances_attributes_val2020.json expanded-train-v2
,Fashionpedia,../fashion_data/raw/fashionpedia/images/test/a4f806e6b45ed0ac339db298ee287b44.jpg,fashionpedia_ann_4092,accessory,belt,19,4092,,../fashion_data/processed/fashionpedia_train_expanded_v2/full_masks/accessory_ann4092_img19575.png,,,179,166,329,266,150,100,768,1024,Fashionpedia instances_attributes_val2020.json expanded-train-v2
,Fashionpedia,../fashion_data/raw/fashionpedia/images/test/c5e12ba6c5f039031bd14b4670d581c3.jpg,fashionpedia_ann_2917,accessory,"headband, head covering, hair accessory",15,2917,,../fashion_data/processed/fashionpedia_train_expanded_v2/full_masks/accessory_ann2917_img16537.png,,,316,55,469,148,153,93,1024,680,Fashionpedia instances_attributes_val2020.json expanded-train-v2
