image_index,source_dataset,source_image,record_id,garment_id,gt_class,fine_category,pred_class,pred_score,localized_bbox50,bbox_iou,class_correct,mask_iou,mask_iou_ge_0_50,mask_iou_ge_0_85,outcome,visualization_path
0,DeepFashion2,../fashion_data/raw/train/train/image/000030.jpg,SEGTEST1_0017,item2_short_sleeve_top,top,short_sleeve_top,,0.0,False,0.0,False,0.0,False,False,missed,/workspace/fashion_multimodal_analysis/reports/prd_3_1_v1/core_regression_v3_a3_smallsampling_v1/visualizations/img_000.jpg
1,DeepFashion2,../fashion_data/raw/train/train/image/002145.jpg,SEGTEST1_0218,item1_sling_dress,dress,sling_dress,,0.0,False,0.0,False,0.0,False,False,missed,/workspace/fashion_multimodal_analysis/reports/prd_3_1_v1/core_regression_v3_a3_smallsampling_v1/visualizations/img_001.jpg
2,DeepFashion2,../fashion_data/raw/train/train/image/002356.jpg,SEGTEST1_0080,item2_shorts,pants,shorts,,0.0,False,0.0,False,0.0,False,False,missed,/workspace/fashion_multimodal_analysis/reports/prd_3_1_v1/core_regression_v3_a3_smallsampling_v1/visualizations/img_002.jpg
3,DeepFashion2,../fashion_data/raw/train/train/image/002606.jpg,SEGTEST1_0069,item1_shorts,pants,shorts,,0.0,False,0.0,False,0.0,False,False,missed,/workspace/fashion_multimodal_analysis/reports/prd_3_1_v1/core_regression_v3_a3_smallsampling_v1/visualizations/img_003.jpg
4,DeepFashion2,../fashion_data/raw/train/train/image/003154.jpg,SEGTEST1_0011,item2_vest,top,vest,,0.0,False,0.0,False,0.0,False,False,missed,/workspace/fashion_multimodal_analysis/reports/prd_3_1_v1/core_regression_v3_a3_smallsampling_v1/visualizations/img_004.jpg
6,DeepFashion2,../fashion_data/raw/train/train/image/008751.jpg,SEGTEST1_0005,item2_sling,top,sling,,0.0,False,0.0,False,0.0,False,False,missed,/workspace/fashion_multimodal_analysis/reports/prd_3_1_v1/core_regression_v3_a3_smallsampling_v1/visualizations/img_006.jpg
7,DeepFashion2,../fashion_data/raw/train/train/image/009347.jpg,SEGTEST1_0065,item3_shorts,pants,shorts,,0.0,False,0.0,False,0.0,False,False,missed,/workspace/fashion_multimodal_analysis/reports/prd_3_1_v1/core_regression_v3_a3_smallsampling_v1/visualizations/img_007.jpg
8,DeepFashion2,../fashion_data/raw/train/train/image/009613.jpg,SEGTEST1_0099,item1_trousers,pants,trousers,,0.0,False,0.0,False,0.0,False,False,missed,/workspace/fashion_multimodal_analysis/reports/prd_3_1_v1/core_regression_v3_a3_smallsampling_v1/visualizations/img_008.jpg
9,DeepFashion2,../fashion_data/raw/train/train/image/009625.jpg,SEGTEST1_0211,item3_vest_dress,dress,vest_dress,,0.0,False,0.0,False,0.0,False,False,missed,/workspace/fashion_multimodal_analysis/reports/prd_3_1_v1/core_regression_v3_a3_smallsampling_v1/visualizations/img_009.jpg
10,DeepFashion2,../fashion_data/raw/train/train/image/010976.jpg,SEGTEST1_0173,item1_long_sleeve_outwear,outerwear,long_sleeve_outwear,,0.0,False,0.0,False,0.0,False,False,missed,/workspace/fashion_multimodal_analysis/reports/prd_3_1_v1/core_regression_v3_a3_smallsampling_v1/visualizations/img_010.jpg
11,DeepFashion2,../fashion_data/raw/train/train/image/011155.jpg,SEGTEST1_0084,item3_trousers,pants,trousers,,0.0,False,0.0,False,0.0,False,False,missed,/workspace/fashion_multimodal_analysis/reports/prd_3_1_v1/core_regression_v3_a3_smallsampling_v1/visualizations/img_011.jpg
12,DeepFashion2,../fashion_data/raw/train/train/image/011287.jpg,SEGTEST1_0215,item1_vest_dress,dress,vest_dress,,0.0,False,0.0,False,0.0,False,False,missed,/workspace/fashion_multimodal_analysis/reports/prd_3_1_v1/core_regression_v3_a3_smallsampling_v1/visualizations/img_012.jpg
13,DeepFashion2,../fashion_data/raw/train/train/image/013262.jpg,SEGTEST1_0194,item1_long_sleeve_outwear,outerwear,long_sleeve_outwear,top,0.41511890292167664,True,0.737809932343974,False,0.3555862655469331,False,False,wrong_class,/workspace/fashion_multimodal_analysis/reports/prd_3_1_v1/core_regression_v3_a3_smallsampling_v1/visualizations/img_013.jpg
14,DeepFashion2,../fashion_data/raw/train/train/image/013530.jpg,SEGTEST1_0076,item1_trousers,pants,trousers,,0.0,False,0.0,False,0.0,False,False,missed,/workspace/fashion_multimodal_analysis/reports/prd_3_1_v1/core_regression_v3_a3_smallsampling_v1/visualizations/img_014.jpg
15,DeepFashion2,../fashion_data/raw/train/train/image/014148.jpg,SEGTEST1_0172,item2_short_sleeve_outwear,outerwear,short_sleeve_outwear,,0.0,False,0.0,False,0.0,False,False,missed,/workspace/fashion_multimodal_analysis/reports/prd_3_1_v1/core_regression_v3_a3_smallsampling_v1/visualizations/img_015.jpg
16,DeepFashion2,../fashion_data/raw/train/train/image/015412.jpg,SEGTEST1_0131,item2_skirt,skirt,skirt,,0.0,False,0.0,False,0.0,False,False,missed,/workspace/fashion_multimodal_analysis/reports/prd_3_1_v1/core_regression_v3_a3_smallsampling_v1/visualizations/img_016.jpg
17,DeepFashion2,../fashion_data/raw/train/train/image/015729.jpg,SEGTEST1_0086,item2_shorts,pants,shorts,,0.0,False,0.0,False,0.0,False,False,missed,/workspace/fashion_multimodal_analysis/reports/prd_3_1_v1/core_regression_v3_a3_smallsampling_v1/visualizations/img_017.jpg
18,DeepFashion2,../fashion_data/raw/train/train/image/016956.jpg,SEGTEST1_0190,item1_short_sleeve_outwear,outerwear,short_sleeve_outwear,,0.0,False,0.0,False,0.0,False,False,missed,/workspace/fashion_multimodal_analysis/reports/prd_3_1_v1/core_regression_v3_a3_smallsampling_v1/visualizations/img_018.jpg
19,DeepFashion2,../fashion_data/raw/train/train/image/017043.jpg,SEGTEST1_0067,item2_trousers,pants,trousers,,0.0,False,0.0,False,0.0,False,False,missed,/workspace/fashion_multimodal_analysis/reports/prd_3_1_v1/core_regression_v3_a3_smallsampling_v1/visualizations/img_019.jpg
21,DeepFashion2,../fashion_data/raw/train/train/image/019252.jpg,SEGTEST1_0242,item1_short_sleeve_dress,dress,short_sleeve_dress,,0.0,False,0.0,False,0.0,False,False,missed,/workspace/fashion_multimodal_analysis/reports/prd_3_1_v1/core_regression_v3_a3_smallsampling_v1/visualizations/img_021.jpg
22,DeepFashion2,../fashion_data/raw/train/train/image/019502.jpg,SEGTEST1_0090,item4_trousers,pants,trousers,,0.0,False,0.0,False,0.0,False,False,missed,/workspace/fashion_multimodal_analysis/reports/prd_3_1_v1/core_regression_v3_a3_smallsampling_v1/visualizations/img_022.jpg
23,DeepFashion2,../fashion_data/raw/train/train/image/020193.jpg,SEGTEST1_0095,item2_trousers,pants,trousers,,0.0,False,0.0,False,0.0,False,False,missed,/workspace/fashion_multimodal_analysis/reports/prd_3_1_v1/core_regression_v3_a3_smallsampling_v1/visualizations/img_023.jpg
24,DeepFashion2,../fashion_data/raw/train/train/image/021661.jpg,SEGTEST1_0208,item2_short_sleeve_dress,dress,short_sleeve_dress,,0.0,False,0.0,False,0.0,False,False,missed,/workspace/fashion_multimodal_analysis/reports/prd_3_1_v1/core_regression_v3_a3_smallsampling_v1/visualizations/img_024.jpg
25,DeepFashion2,../fashion_data/raw/train/train/image/021851.jpg,SEGTEST1_0139,item1_skirt,skirt,skirt,,0.0,False,0.0,False,0.0,False,False,missed,/workspace/fashion_multimodal_analysis/reports/prd_3_1_v1/core_regression_v3_a3_smallsampling_v1/visualizations/img_025.jpg
26,DeepFashion2,../fashion_data/raw/train/train/image/022015.jpg,SEGTEST1_0202,item2_sling_dress,dress,sling_dress,top,0.4246061146259308,True,0.7568199774251259,False,0.928259892086331,False,False,wrong_class,/workspace/fashion_multimodal_analysis/reports/prd_3_1_v1/core_regression_v3_a3_smallsampling_v1/visualizations/img_026.jpg
27,DeepFashion2,../fashion_data/raw/train/train/image/022171.jpg,SEGTEST1_0053,item2_shorts,pants,shorts,,0.0,False,0.0,False,0.0,False,False,missed,/workspace/fashion_multimodal_analysis/reports/prd_3_1_v1/core_regression_v3_a3_smallsampling_v1/visualizations/img_027.jpg
28,DeepFashion2,../fashion_data/raw/train/train/image/023422.jpg,SEGTEST1_0180,item3_long_sleeve_outwear,outerwear,long_sleeve_outwear,top,0.6522596478462219,True,0.6275049321660118,False,0.29128055058798025,False,False,wrong_class,/workspace/fashion_multimodal_analysis/reports/prd_3_1_v1/core_regression_v3_a3_smallsampling_v1/visualizations/img_028.jpg
29,DeepFashion2,../fashion_data/raw/train/train/image/024251.jpg,SEGTEST1_0157,item1_short_sleeve_outwear,outerwear,short_sleeve_outwear,,0.0,False,0.0,False,0.0,False,False,missed,/workspace/fashion_multimodal_analysis/reports/prd_3_1_v1/core_regression_v3_a3_smallsampling_v1/visualizations/img_029.jpg
30,DeepFashion2,../fashion_data/raw/train/train/image/025637.jpg,SEGTEST1_0050,item2_short_sleeve_top,top,short_sleeve_top,,0.0,False,0.0,False,0.0,False,False,missed,/workspace/fashion_multimodal_analysis/reports/prd_3_1_v1/core_regression_v3_a3_smallsampling_v1/visualizations/img_030.jpg
31,DeepFashion2,../fashion_data/raw/train/train/image/026481.jpg,SEGTEST1_0077,item2_shorts,pants,shorts,,0.0,False,0.0,False,0.0,False,False,missed,/workspace/fashion_multimodal_analysis/reports/prd_3_1_v1/core_regression_v3_a3_smallsampling_v1/visualizations/img_031.jpg
32,DeepFashion2,../fashion_data/raw/train/train/image/027992.jpg,SEGTEST1_0134,item2_skirt,skirt,skirt,bag,0.6957041025161743,True,0.7031630642649981,False,0.2812846068660022,False,False,wrong_class,/workspace/fashion_multimodal_analysis/reports/prd_3_1_v1/core_regression_v3_a3_smallsampling_v1/visualizations/img_032.jpg
33,DeepFashion2,../fashion_data/raw/train/train/image/029778.jpg,SEGTEST1_0063,item2_shorts,pants,shorts,,0.0,False,0.0,False,0.0,False,False,missed,/workspace/fashion_multimodal_analysis/reports/prd_3_1_v1/core_regression_v3_a3_smallsampling_v1/visualizations/img_033.jpg
34,DeepFashion2,../fashion_data/raw/train/train/image/030539.jpg,SEGTEST1_0132,item2_skirt,skirt,skirt,,0.0,False,0.0,False,0.0,False,False,missed,/workspace/fashion_multimodal_analysis/reports/prd_3_1_v1/core_regression_v3_a3_smallsampling_v1/visualizations/img_034.jpg
35,DeepFashion2,../fashion_data/raw/train/train/image/030915.jpg,SEGTEST1_0148,item3_skirt,skirt,skirt,,0.0,False,0.0,False,0.0,False,False,missed,/workspace/fashion_multimodal_analysis/reports/prd_3_1_v1/core_regression_v3_a3_smallsampling_v1/visualizations/img_035.jpg
37,DeepFashion2,../fashion_data/raw/train/train/image/032283.jpg,SEGTEST1_0093,item1_trousers,pants,trousers,,0.0,False,0.0,False,0.0,False,False,missed,/workspace/fashion_multimodal_analysis/reports/prd_3_1_v1/core_regression_v3_a3_smallsampling_v1/visualizations/img_037.jpg
38,DeepFashion2,../fashion_data/raw/train/train/image/033105.jpg,SEGTEST1_0203,item1_vest_dress,dress,vest_dress,,0.0,False,0.0,False,0.0,False,False,missed,/workspace/fashion_multimodal_analysis/reports/prd_3_1_v1/core_regression_v3_a3_smallsampling_v1/visualizations/img_038.jpg
39,DeepFashion2,../fashion_data/raw/train/train/image/034082.jpg,SEGTEST1_0167,item4_short_sleeve_outwear,outerwear,short_sleeve_outwear,,0.0,False,0.0,False,0.0,False,False,missed,/workspace/fashion_multimodal_analysis/reports/prd_3_1_v1/core_regression_v3_a3_smallsampling_v1/visualizations/img_039.jpg
40,DeepFashion2,../fashion_data/raw/train/train/image/034749.jpg,SEGTEST1_0058,item2_trousers,pants,trousers,,0.0,False,0.0,False,0.0,False,False,missed,/workspace/fashion_multimodal_analysis/reports/prd_3_1_v1/core_regression_v3_a3_smallsampling_v1/visualizations/img_040.jpg
41,DeepFashion2,../fashion_data/raw/train/train/image/035199.jpg,SEGTEST1_0150,item2_skirt,skirt,skirt,,0.0,False,0.0,False,0.0,False,False,missed,/workspace/fashion_multimodal_analysis/reports/prd_3_1_v1/core_regression_v3_a3_smallsampling_v1/visualizations/img_041.jpg
42,DeepFashion2,../fashion_data/raw/train/train/image/035517.jpg,SEGTEST1_0007,item2_vest,top,vest,,0.0,False,0.0,False,0.0,False,False,missed,/workspace/fashion_multimodal_analysis/reports/prd_3_1_v1/core_regression_v3_a3_smallsampling_v1/visualizations/img_042.jpg
43,DeepFashion2,../fashion_data/raw/train/train/image/035861.jpg,SEGTEST1_0133,item1_skirt,skirt,skirt,,0.0,False,0.0,False,0.0,False,False,missed,/workspace/fashion_multimodal_analysis/reports/prd_3_1_v1/core_regression_v3_a3_smallsampling_v1/visualizations/img_043.jpg
44,DeepFashion2,../fashion_data/raw/train/train/image/036544.jpg,SEGTEST1_0149,item2_skirt,skirt,skirt,dress,0.41538292169570923,True,0.7868140859841876,False,0.851510974445976,False,False,wrong_class,/workspace/fashion_multimodal_analysis/reports/prd_3_1_v1/core_regression_v3_a3_smallsampling_v1/visualizations/img_044.jpg
45,DeepFashion2,../fashion_data/raw/train/train/image/036674.jpg,SEGTEST1_0236,item1_long_sleeve_dress,dress,long_sleeve_dress,accessory,0.5380667448043823,True,0.5991269723361705,False,0.5507404181184669,False,False,wrong_class,/workspace/fashion_multimodal_analysis/reports/prd_3_1_v1/core_regression_v3_a3_smallsampling_v1/visualizations/img_045.jpg
46,DeepFashion2,../fashion_data/raw/train/train/image/037017.jpg,SEGTEST1_0021,item2_short_sleeve_top,top,short_sleeve_top,,0.0,False,0.0,False,0.0,False,False,missed,/workspace/fashion_multimodal_analysis/reports/prd_3_1_v1/core_regression_v3_a3_smallsampling_v1/visualizations/img_046.jpg
47,DeepFashion2,../fashion_data/raw/train/train/image/037086.jpg,SEGTEST1_0046,item1_sling,top,sling,,0.0,False,0.0,False,0.0,False,False,missed,/workspace/fashion_multimodal_analysis/reports/prd_3_1_v1/core_regression_v3_a3_smallsampling_v1/visualizations/img_047.jpg
48,DeepFashion2,../fashion_data/raw/train/train/image/039006.jpg,SEGTEST1_0175,item2_long_sleeve_outwear,outerwear,long_sleeve_outwear,,0.0,False,0.0,False,0.0,False,False,missed,/workspace/fashion_multimodal_analysis/reports/prd_3_1_v1/core_regression_v3_a3_smallsampling_v1/visualizations/img_048.jpg
49,DeepFashion2,../fashion_data/raw/train/train/image/039931.jpg,SEGTEST1_0049,item1_vest,top,vest,pants,0.5017476677894592,True,0.8074181428412807,False,0.7913877544103441,False,False,wrong_class,/workspace/fashion_multimodal_analysis/reports/prd_3_1_v1/core_regression_v3_a3_smallsampling_v1/visualizations/img_049.jpg
50,DeepFashion2,../fashion_data/raw/train/train/image/040782.jpg,SEGTEST1_0108,item1_skirt,skirt,skirt,,0.0,False,0.0,False,0.0,False,False,missed,/workspace/fashion_multimodal_analysis/reports/prd_3_1_v1/core_regression_v3_a3_smallsampling_v1/visualizations/img_050.jpg
52,DeepFashion2,../fashion_data/raw/train/train/image/041482.jpg,SEGTEST1_0158,item1_long_sleeve_outwear,outerwear,long_sleeve_outwear,,0.0,False,0.0,False,0.0,False,False,missed,/workspace/fashion_multimodal_analysis/reports/prd_3_1_v1/core_regression_v3_a3_smallsampling_v1/visualizations/img_052.jpg
53,DeepFashion2,../fashion_data/raw/train/train/image/041520.jpg,SEGTEST1_0230,item1_sling_dress,dress,sling_dress,,0.0,False,0.0,False,0.0,False,False,missed,/workspace/fashion_multimodal_analysis/reports/prd_3_1_v1/core_regression_v3_a3_smallsampling_v1/visualizations/img_053.jpg
54,DeepFashion2,../fashion_data/raw/train/train/image/042495.jpg,SEGTEST1_0019,item1_sling,top,sling,,0.0,False,0.0,False,0.0,False,False,missed,/workspace/fashion_multimodal_analysis/reports/prd_3_1_v1/core_regression_v3_a3_smallsampling_v1/visualizations/img_054.jpg
55,DeepFashion2,../fashion_data/raw/train/train/image/043181.jpg,SEGTEST1_0135,item2_skirt,skirt,skirt,,0.0,False,0.0,False,0.0,False,False,missed,/workspace/fashion_multimodal_analysis/reports/prd_3_1_v1/core_regression_v3_a3_smallsampling_v1/visualizations/img_055.jpg
57,DeepFashion2,../fashion_data/raw/train/train/image/043686.jpg,SEGTEST1_0229,item1_long_sleeve_dress,dress,long_sleeve_dress,top,0.4940563142299652,True,0.8390909973156088,False,0.882662214691518,False,False,wrong_class,/workspace/fashion_multimodal_analysis/reports/prd_3_1_v1/core_regression_v3_a3_smallsampling_v1/visualizations/img_057.jpg
59,DeepFashion2,../fashion_data/raw/train/train/image/046348.jpg,SEGTEST1_0234,item1_long_sleeve_dress,dress,long_sleeve_dress,,0.0,False,0.0,False,0.0,False,False,missed,/workspace/fashion_multimodal_analysis/reports/prd_3_1_v1/core_regression_v3_a3_smallsampling_v1/visualizations/img_059.jpg
60,DeepFashion2,../fashion_data/raw/train/train/image/046633.jpg,SEGTEST1_0089,item2_shorts,pants,shorts,bag,0.4741831421852112,True,0.5918412709835441,False,0.8497154970434007,False,False,wrong_class,/workspace/fashion_multimodal_analysis/reports/prd_3_1_v1/core_regression_v3_a3_smallsampling_v1/visualizations/img_060.jpg
61,DeepFashion2,../fashion_data/raw/train/train/image/048987.jpg,SEGTEST1_0122,item2_skirt,skirt,skirt,,0.0,False,0.0,False,0.0,False,False,missed,/workspace/fashion_multimodal_analysis/reports/prd_3_1_v1/core_regression_v3_a3_smallsampling_v1/visualizations/img_061.jpg
63,DeepFashion2,../fashion_data/raw/train/train/image/050133.jpg,SEGTEST1_0160,item2_long_sleeve_outwear,outerwear,long_sleeve_outwear,,0.0,False,0.0,False,0.0,False,False,missed,/workspace/fashion_multimodal_analysis/reports/prd_3_1_v1/core_regression_v3_a3_smallsampling_v1/visualizations/img_063.jpg
64,DeepFashion2,../fashion_data/raw/train/train/image/050829.jpg,SEGTEST1_0128,item2_skirt,skirt,skirt,,0.0,False,0.0,False,0.0,False,False,missed,/workspace/fashion_multimodal_analysis/reports/prd_3_1_v1/core_regression_v3_a3_smallsampling_v1/visualizations/img_064.jpg
65,DeepFashion2,../fashion_data/raw/train/train/image/051038.jpg,SEGTEST1_0106,item2_skirt,skirt,skirt,,0.0,False,0.0,False,0.0,False,False,missed,/workspace/fashion_multimodal_analysis/reports/prd_3_1_v1/core_regression_v3_a3_smallsampling_v1/visualizations/img_065.jpg
66,DeepFashion2,../fashion_data/raw/train/train/image/053306.jpg,SEGTEST1_0109,item2_skirt,skirt,skirt,dress,0.5674236416816711,True,0.628462500078348,False,0.6157824893687608,False,False,wrong_class,/workspace/fashion_multimodal_analysis/reports/prd_3_1_v1/core_regression_v3_a3_smallsampling_v1/visualizations/img_066.jpg
67,DeepFashion2,../fashion_data/raw/train/train/image/053448.jpg,SEGTEST1_0120,item2_skirt,skirt,skirt,,0.0,False,0.0,False,0.0,False,False,missed,/workspace/fashion_multimodal_analysis/reports/prd_3_1_v1/core_regression_v3_a3_smallsampling_v1/visualizations/img_067.jpg
68,DeepFashion2,../fashion_data/raw/train/train/image/053896.jpg,SEGTEST1_0004,item1_vest,top,vest,,0.0,False,0.0,False,0.0,False,False,missed,/workspace/fashion_multimodal_analysis/reports/prd_3_1_v1/core_regression_v3_a3_smallsampling_v1/visualizations/img_068.jpg
69,DeepFashion2,../fashion_data/raw/train/train/image/055476.jpg,SEGTEST1_0147,item2_skirt,skirt,skirt,,0.0,False,0.0,False,0.0,False,False,missed,/workspace/fashion_multimodal_analysis/reports/prd_3_1_v1/core_regression_v3_a3_smallsampling_v1/visualizations/img_069.jpg
71,DeepFashion2,../fashion_data/raw/train/train/image/061377.jpg,SEGTEST1_0052,item2_trousers,pants,trousers,,0.0,False,0.0,False,0.0,False,False,missed,/workspace/fashion_multimodal_analysis/reports/prd_3_1_v1/core_regression_v3_a3_smallsampling_v1/visualizations/img_071.jpg
72,DeepFashion2,../fashion_data/raw/train/train/image/062914.jpg,SEGTEST1_0201,item1_short_sleeve_dress,dress,short_sleeve_dress,top,0.4389053285121918,True,0.5871041966345169,False,0.59930086047941,False,False,wrong_class,/workspace/fashion_multimodal_analysis/reports/prd_3_1_v1/core_regression_v3_a3_smallsampling_v1/visualizations/img_072.jpg
73,DeepFashion2,../fashion_data/raw/train/train/image/063330.jpg,SEGTEST1_0198,item1_long_sleeve_outwear,outerwear,long_sleeve_outwear,bag,0.5204386115074158,True,0.6576374621420651,False,0.007977362352870346,False,False,wrong_class,/workspace/fashion_multimodal_analysis/reports/prd_3_1_v1/core_regression_v3_a3_smallsampling_v1/visualizations/img_073.jpg
74,DeepFashion2,../fashion_data/raw/train/train/image/064444.jpg,SEGTEST1_0164,item1_long_sleeve_outwear,outerwear,long_sleeve_outwear,top,0.4170677959918976,True,0.7993842578145135,False,0.6393941314405223,False,False,wrong_class,/workspace/fashion_multimodal_analysis/reports/prd_3_1_v1/core_regression_v3_a3_smallsampling_v1/visualizations/img_074.jpg
75,DeepFashion2,../fashion_data/raw/train/train/image/066524.jpg,SEGTEST1_0221,item1_sling_dress,dress,sling_dress,,0.0,False,0.0,False,0.0,False,False,missed,/workspace/fashion_multimodal_analysis/reports/prd_3_1_v1/core_regression_v3_a3_smallsampling_v1/visualizations/img_075.jpg
76,DeepFashion2,../fashion_data/raw/train/train/image/068565.jpg,SEGTEST1_0231,item1_vest_dress,dress,vest_dress,top,0.5307033061981201,True,0.6450616878143837,False,0.48047977422389465,False,False,wrong_class,/workspace/fashion_multimodal_analysis/reports/prd_3_1_v1/core_regression_v3_a3_smallsampling_v1/visualizations/img_076.jpg
77,DeepFashion2,../fashion_data/raw/train/train/image/068996.jpg,SEGTEST1_0105,item2_skirt,skirt,skirt,,0.0,False,0.0,False,0.0,False,False,missed,/workspace/fashion_multimodal_analysis/reports/prd_3_1_v1/core_regression_v3_a3_smallsampling_v1/visualizations/img_077.jpg
78,DeepFashion2,../fashion_data/raw/train/train/image/069374.jpg,SEGTEST1_0041,item1_short_sleeve_top,top,short_sleeve_top,,0.0,False,0.0,False,0.0,False,False,missed,/workspace/fashion_multimodal_analysis/reports/prd_3_1_v1/core_regression_v3_a3_smallsampling_v1/visualizations/img_078.jpg
79,DeepFashion2,../fashion_data/raw/train/train/image/069587.jpg,SEGTEST1_0101,item1_skirt,skirt,skirt,,0.0,False,0.0,False,0.0,False,False,missed,/workspace/fashion_multimodal_analysis/reports/prd_3_1_v1/core_regression_v3_a3_smallsampling_v1/visualizations/img_079.jpg
80,DeepFashion2,../fashion_data/raw/train/train/image/070551.jpg,SEGTEST1_0177,item1_short_sleeve_outwear,outerwear,short_sleeve_outwear,,0.0,False,0.0,False,0.0,False,False,missed,/workspace/fashion_multimodal_analysis/reports/prd_3_1_v1/core_regression_v3_a3_smallsampling_v1/visualizations/img_080.jpg
81,DeepFashion2,../fashion_data/raw/train/train/image/072874.jpg,SEGTEST1_0102,item2_skirt,skirt,skirt,,0.0,False,0.0,False,0.0,False,False,missed,/workspace/fashion_multimodal_analysis/reports/prd_3_1_v1/core_regression_v3_a3_smallsampling_v1/visualizations/img_081.jpg
82,DeepFashion2,../fashion_data/raw/train/train/image/072899.jpg,SEGTEST1_0125,item2_skirt,skirt,skirt,,0.0,False,0.0,False,0.0,False,False,missed,/workspace/fashion_multimodal_analysis/reports/prd_3_1_v1/core_regression_v3_a3_smallsampling_v1/visualizations/img_082.jpg
83,DeepFashion2,../fashion_data/raw/train/train/image/072975.jpg,SEGTEST1_0205,item1_long_sleeve_dress,dress,long_sleeve_dress,bag,0.6501811146736145,True,0.7129332964259943,False,0.6698911729141476,False,False,wrong_class,/workspace/fashion_multimodal_analysis/reports/prd_3_1_v1/core_regression_v3_a3_smallsampling_v1/visualizations/img_083.jpg
84,DeepFashion2,../fashion_data/raw/train/train/image/074407.jpg,SEGTEST1_0124,item1_skirt,skirt,skirt,,0.0,False,0.0,False,0.0,False,False,missed,/workspace/fashion_multimodal_analysis/reports/prd_3_1_v1/core_regression_v3_a3_smallsampling_v1/visualizations/img_084.jpg
85,DeepFashion2,../fashion_data/raw/train/train/image/074544.jpg,SEGTEST1_0130,item2_skirt,skirt,skirt,pants,0.510610818862915,True,0.7841832257780974,False,0.8810690194670292,False,False,wrong_class,/workspace/fashion_multimodal_analysis/reports/prd_3_1_v1/core_regression_v3_a3_smallsampling_v1/visualizations/img_085.jpg
87,DeepFashion2,../fashion_data/raw/train/train/image/075414.jpg,SEGTEST1_0189,item2_long_sleeve_outwear,outerwear,long_sleeve_outwear,,0.0,False,0.0,False,0.0,False,False,missed,/workspace/fashion_multimodal_analysis/reports/prd_3_1_v1/core_regression_v3_a3_smallsampling_v1/visualizations/img_087.jpg
88,DeepFashion2,../fashion_data/raw/train/train/image/075511.jpg,SEGTEST1_0219,item1_vest_dress,dress,vest_dress,,0.0,False,0.0,False,0.0,False,False,missed,/workspace/fashion_multimodal_analysis/reports/prd_3_1_v1/core_regression_v3_a3_smallsampling_v1/visualizations/img_088.jpg
89,DeepFashion2,../fashion_data/raw/train/train/image/075663.jpg,SEGTEST1_0114,item2_skirt,skirt,skirt,,0.0,False,0.0,False,0.0,False,False,missed,/workspace/fashion_multimodal_analysis/reports/prd_3_1_v1/core_regression_v3_a3_smallsampling_v1/visualizations/img_089.jpg
90,DeepFashion2,../fashion_data/raw/train/train/image/075976.jpg,SEGTEST1_0216,item1_short_sleeve_dress,dress,short_sleeve_dress,bag,0.527193009853363,True,0.8883688873001567,False,0.8278770038585465,False,False,wrong_class,/workspace/fashion_multimodal_analysis/reports/prd_3_1_v1/core_regression_v3_a3_smallsampling_v1/visualizations/img_090.jpg
91,DeepFashion2,../fashion_data/raw/train/train/image/077715.jpg,SEGTEST1_0192,item2_long_sleeve_outwear,outerwear,long_sleeve_outwear,,0.0,False,0.0,False,0.0,False,False,missed,/workspace/fashion_multimodal_analysis/reports/prd_3_1_v1/core_regression_v3_a3_smallsampling_v1/visualizations/img_091.jpg
92,DeepFashion2,../fashion_data/raw/train/train/image/078672.jpg,SEGTEST1_0241,item2_vest_dress,dress,vest_dress,,0.0,False,0.0,False,0.0,False,False,missed,/workspace/fashion_multimodal_analysis/reports/prd_3_1_v1/core_regression_v3_a3_smallsampling_v1/visualizations/img_092.jpg
93,DeepFashion2,../fashion_data/raw/train/train/image/079653.jpg,SEGTEST1_0206,item1_sling_dress,dress,sling_dress,,0.0,False,0.0,False,0.0,False,False,missed,/workspace/fashion_multimodal_analysis/reports/prd_3_1_v1/core_regression_v3_a3_smallsampling_v1/visualizations/img_093.jpg
94,DeepFashion2,../fashion_data/raw/train/train/image/080011.jpg,SEGTEST1_0070,item1_trousers,pants,trousers,,0.0,False,0.0,False,0.0,False,False,missed,/workspace/fashion_multimodal_analysis/reports/prd_3_1_v1/core_regression_v3_a3_smallsampling_v1/visualizations/img_094.jpg
95,DeepFashion2,../fashion_data/raw/train/train/image/080773.jpg,SEGTEST1_0170,item1_long_sleeve_outwear,outerwear,long_sleeve_outwear,,0.0,False,0.0,False,0.0,False,False,missed,/workspace/fashion_multimodal_analysis/reports/prd_3_1_v1/core_regression_v3_a3_smallsampling_v1/visualizations/img_095.jpg
96,DeepFashion2,../fashion_data/raw/train/train/image/081390.jpg,SEGTEST1_0121,item2_skirt,skirt,skirt,pants,0.6811017990112305,True,0.6485197619621839,False,0.6096327086076062,False,False,wrong_class,/workspace/fashion_multimodal_analysis/reports/prd_3_1_v1/core_regression_v3_a3_smallsampling_v1/visualizations/img_096.jpg
97,DeepFashion2,../fashion_data/raw/train/train/image/081541.jpg,SEGTEST1_0196,item2_short_sleeve_outwear,outerwear,short_sleeve_outwear,,0.0,False,0.0,False,0.0,False,False,missed,/workspace/fashion_multimodal_analysis/reports/prd_3_1_v1/core_regression_v3_a3_smallsampling_v1/visualizations/img_097.jpg
98,DeepFashion2,../fashion_data/raw/train/train/image/081549.jpg,SEGTEST1_0191,item1_short_sleeve_outwear,outerwear,short_sleeve_outwear,,0.0,False,0.0,False,0.0,False,False,missed,/workspace/fashion_multimodal_analysis/reports/prd_3_1_v1/core_regression_v3_a3_smallsampling_v1/visualizations/img_098.jpg
100,DeepFashion2,../fashion_data/raw/train/train/image/085563.jpg,SEGTEST1_0024,item1_long_sleeve_top,top,long_sleeve_top,,0.0,False,0.0,False,0.0,False,False,missed,/workspace/fashion_multimodal_analysis/reports/prd_3_1_v1/core_regression_v3_a3_smallsampling_v1/visualizations/img_100.jpg
102,DeepFashion2,../fashion_data/raw/train/train/image/087562.jpg,SEGTEST1_0010,item1_sling,top,sling,,0.0,False,0.0,False,0.0,False,False,missed,/workspace/fashion_multimodal_analysis/reports/prd_3_1_v1/core_regression_v3_a3_smallsampling_v1/visualizations/img_102.jpg
104,DeepFashion2,../fashion_data/raw/train/train/image/088779.jpg,SEGTEST1_0140,item2_skirt,skirt,skirt,,0.0,False,0.0,False,0.0,False,False,missed,/workspace/fashion_multimodal_analysis/reports/prd_3_1_v1/core_regression_v3_a3_smallsampling_v1/visualizations/img_104.jpg
105,DeepFashion2,../fashion_data/raw/train/train/image/088853.jpg,SEGTEST1_0247,item1_long_sleeve_dress,dress,long_sleeve_dress,top,0.6377852559089661,True,0.6085811308919193,False,0.7747043918918919,False,False,wrong_class,/workspace/fashion_multimodal_analysis/reports/prd_3_1_v1/core_regression_v3_a3_smallsampling_v1/visualizations/img_105.jpg
106,DeepFashion2,../fashion_data/raw/train/train/image/089712.jpg,SEGTEST1_0112,item2_skirt,skirt,skirt,,0.0,False,0.0,False,0.0,False,False,missed,/workspace/fashion_multimodal_analysis/reports/prd_3_1_v1/core_regression_v3_a3_smallsampling_v1/visualizations/img_106.jpg
107,DeepFashion2,../fashion_data/raw/train/train/image/091876.jpg,SEGTEST1_0159,item1_long_sleeve_outwear,outerwear,long_sleeve_outwear,,0.0,False,0.0,False,0.0,False,False,missed,/workspace/fashion_multimodal_analysis/reports/prd_3_1_v1/core_regression_v3_a3_smallsampling_v1/visualizations/img_107.jpg
108,DeepFashion2,../fashion_data/raw/train/train/image/092487.jpg,SEGTEST1_0213,item1_short_sleeve_dress,dress,short_sleeve_dress,,0.0,False,0.0,False,0.0,False,False,missed,/workspace/fashion_multimodal_analysis/reports/prd_3_1_v1/core_regression_v3_a3_smallsampling_v1/visualizations/img_108.jpg
109,DeepFashion2,../fashion_data/raw/train/train/image/093489.jpg,SEGTEST1_0123,item2_skirt,skirt,skirt,,0.0,False,0.0,False,0.0,False,False,missed,/workspace/fashion_multimodal_analysis/reports/prd_3_1_v1/core_regression_v3_a3_smallsampling_v1/visualizations/img_109.jpg
110,DeepFashion2,../fashion_data/raw/train/train/image/094080.jpg,SEGTEST1_0062,item1_shorts,pants,shorts,,0.0,False,0.0,False,0.0,False,False,missed,/workspace/fashion_multimodal_analysis/reports/prd_3_1_v1/core_regression_v3_a3_smallsampling_v1/visualizations/img_110.jpg
111,DeepFashion2,../fashion_data/raw/train/train/image/095959.jpg,SEGTEST1_0031,item1_sling,top,sling,,0.0,False,0.0,False,0.0,False,False,missed,/workspace/fashion_multimodal_analysis/reports/prd_3_1_v1/core_regression_v3_a3_smallsampling_v1/visualizations/img_111.jpg
112,DeepFashion2,../fashion_data/raw/train/train/image/096677.jpg,SEGTEST1_0141,item1_skirt,skirt,skirt,,0.0,False,0.0,False,0.0,False,False,missed,/workspace/fashion_multimodal_analysis/reports/prd_3_1_v1/core_regression_v3_a3_smallsampling_v1/visualizations/img_112.jpg
113,DeepFashion2,../fashion_data/raw/train/train/image/097072.jpg,SEGTEST1_0248,item2_vest_dress,dress,vest_dress,,0.0,False,0.0,False,0.0,False,False,missed,/workspace/fashion_multimodal_analysis/reports/prd_3_1_v1/core_regression_v3_a3_smallsampling_v1/visualizations/img_113.jpg
114,DeepFashion2,../fashion_data/raw/train/train/image/097372.jpg,SEGTEST1_0066,item1_trousers,pants,trousers,,0.0,False,0.0,False,0.0,False,False,missed,/workspace/fashion_multimodal_analysis/reports/prd_3_1_v1/core_regression_v3_a3_smallsampling_v1/visualizations/img_114.jpg
115,DeepFashion2,../fashion_data/raw/train/train/image/097678.jpg,SEGTEST1_0022,item1_sling,top,sling,,0.0,False,0.0,False,0.0,False,False,missed,/workspace/fashion_multimodal_analysis/reports/prd_3_1_v1/core_regression_v3_a3_smallsampling_v1/visualizations/img_115.jpg
116,DeepFashion2,../fashion_data/raw/train/train/image/097814.jpg,SEGTEST1_0113,item2_skirt,skirt,skirt,,0.0,False,0.0,False,0.0,False,False,missed,/workspace/fashion_multimodal_analysis/reports/prd_3_1_v1/core_regression_v3_a3_smallsampling_v1/visualizations/img_116.jpg
117,DeepFashion2,../fashion_data/raw/train/train/image/097970.jpg,SEGTEST1_0200,item1_long_sleeve_outwear,outerwear,long_sleeve_outwear,,0.0,False,0.0,False,0.0,False,False,missed,/workspace/fashion_multimodal_analysis/reports/prd_3_1_v1/core_regression_v3_a3_smallsampling_v1/visualizations/img_117.jpg
118,DeepFashion2,../fashion_data/raw/train/train/image/098699.jpg,SEGTEST1_0153,item1_long_sleeve_outwear,outerwear,long_sleeve_outwear,,0.0,False,0.0,False,0.0,False,False,missed,/workspace/fashion_multimodal_analysis/reports/prd_3_1_v1/core_regression_v3_a3_smallsampling_v1/visualizations/img_118.jpg
119,DeepFashion2,../fashion_data/raw/train/train/image/099616.jpg,SEGTEST1_0188,item1_long_sleeve_outwear,outerwear,long_sleeve_outwear,,0.0,False,0.0,False,0.0,False,False,missed,/workspace/fashion_multimodal_analysis/reports/prd_3_1_v1/core_regression_v3_a3_smallsampling_v1/visualizations/img_119.jpg
120,DeepFashion2,../fashion_data/raw/train/train/image/101001.jpg,SEGTEST1_0098,item1_shorts,pants,shorts,top,0.6352612972259521,True,0.8498394806751419,False,0.8400352451137456,False,False,wrong_class,/workspace/fashion_multimodal_analysis/reports/prd_3_1_v1/core_regression_v3_a3_smallsampling_v1/visualizations/img_120.jpg
121,DeepFashion2,../fashion_data/raw/train/train/image/101410.jpg,SEGTEST1_0169,item1_long_sleeve_outwear,outerwear,long_sleeve_outwear,,0.0,False,0.0,False,0.0,False,False,missed,/workspace/fashion_multimodal_analysis/reports/prd_3_1_v1/core_regression_v3_a3_smallsampling_v1/visualizations/img_121.jpg
122,DeepFashion2,../fashion_data/raw/train/train/image/101691.jpg,SEGTEST1_0137,item1_skirt,skirt,skirt,pants,0.4991828501224518,True,0.7332085521569932,False,0.9159584830875684,False,False,wrong_class,/workspace/fashion_multimodal_analysis/reports/prd_3_1_v1/core_regression_v3_a3_smallsampling_v1/visualizations/img_122.jpg
123,DeepFashion2,../fashion_data/raw/train/train/image/101965.jpg,SEGTEST1_0204,item1_short_sleeve_dress,dress,short_sleeve_dress,,0.0,False,0.0,False,0.0,False,False,missed,/workspace/fashion_multimodal_analysis/reports/prd_3_1_v1/core_regression_v3_a3_smallsampling_v1/visualizations/img_123.jpg
124,DeepFashion2,../fashion_data/raw/train/train/image/103585.jpg,SEGTEST1_0245,item1_sling_dress,dress,sling_dress,bag,0.5816065073013306,True,0.6848921706366322,False,0.1691727594610751,False,False,wrong_class,/workspace/fashion_multimodal_analysis/reports/prd_3_1_v1/core_regression_v3_a3_smallsampling_v1/visualizations/img_124.jpg
125,DeepFashion2,../fashion_data/raw/train/train/image/103669.jpg,SEGTEST1_0116,item2_skirt,skirt,skirt,,0.0,False,0.0,False,0.0,False,False,missed,/workspace/fashion_multimodal_analysis/reports/prd_3_1_v1/core_regression_v3_a3_smallsampling_v1/visualizations/img_125.jpg
126,DeepFashion2,../fashion_data/raw/train/train/image/103900.jpg,SEGTEST1_0029,item2_short_sleeve_top,top,short_sleeve_top,,0.0,False,0.0,False,0.0,False,False,missed,/workspace/fashion_multimodal_analysis/reports/prd_3_1_v1/core_regression_v3_a3_smallsampling_v1/visualizations/img_126.jpg
127,DeepFashion2,../fashion_data/raw/train/train/image/103981.jpg,SEGTEST1_0238,item1_sling_dress,dress,sling_dress,,0.0,False,0.0,False,0.0,False,False,missed,/workspace/fashion_multimodal_analysis/reports/prd_3_1_v1/core_regression_v3_a3_smallsampling_v1/visualizations/img_127.jpg
128,DeepFashion2,../fashion_data/raw/train/train/image/105675.jpg,SEGTEST1_0081,item2_shorts,pants,shorts,,0.0,False,0.0,False,0.0,False,False,missed,/workspace/fashion_multimodal_analysis/reports/prd_3_1_v1/core_regression_v3_a3_smallsampling_v1/visualizations/img_128.jpg
129,DeepFashion2,../fashion_data/raw/train/train/image/106984.jpg,SEGTEST1_0226,item1_sling_dress,dress,sling_dress,bag,0.6596453785896301,True,0.9214362844030165,False,0.7414127339916399,False,False,wrong_class,/workspace/fashion_multimodal_analysis/reports/prd_3_1_v1/core_regression_v3_a3_smallsampling_v1/visualizations/img_129.jpg
130,DeepFashion2,../fashion_data/raw/train/train/image/107020.jpg,SEGTEST1_0179,item1_long_sleeve_outwear,outerwear,long_sleeve_outwear,,0.0,False,0.0,False,0.0,False,False,missed,/workspace/fashion_multimodal_analysis/reports/prd_3_1_v1/core_regression_v3_a3_smallsampling_v1/visualizations/img_130.jpg
131,DeepFashion2,../fashion_data/raw/train/train/image/108419.jpg,SEGTEST1_0168,item1_long_sleeve_outwear,outerwear,long_sleeve_outwear,,0.0,False,0.0,False,0.0,False,False,missed,/workspace/fashion_multimodal_analysis/reports/prd_3_1_v1/core_regression_v3_a3_smallsampling_v1/visualizations/img_131.jpg
132,DeepFashion2,../fashion_data/raw/train/train/image/109570.jpg,SEGTEST1_0217,item1_long_sleeve_dress,dress,long_sleeve_dress,,0.0,False,0.0,False,0.0,False,False,missed,/workspace/fashion_multimodal_analysis/reports/prd_3_1_v1/core_regression_v3_a3_smallsampling_v1/visualizations/img_132.jpg
133,DeepFashion2,../fashion_data/raw/train/train/image/110451.jpg,SEGTEST1_0249,item1_short_sleeve_dress,dress,short_sleeve_dress,,0.0,False,0.0,False,0.0,False,False,missed,/workspace/fashion_multimodal_analysis/reports/prd_3_1_v1/core_regression_v3_a3_smallsampling_v1/visualizations/img_133.jpg
135,DeepFashion2,../fashion_data/raw/train/train/image/111944.jpg,SEGTEST1_0111,item2_skirt,skirt,skirt,,0.0,False,0.0,False,0.0,False,False,missed,/workspace/fashion_multimodal_analysis/reports/prd_3_1_v1/core_regression_v3_a3_smallsampling_v1/visualizations/img_135.jpg
136,DeepFashion2,../fashion_data/raw/train/train/image/115766.jpg,SEGTEST1_0228,item1_short_sleeve_dress,dress,short_sleeve_dress,top,0.6699993014335632,True,0.9071565501764292,False,0.7963672237697307,False,False,wrong_class,/workspace/fashion_multimodal_analysis/reports/prd_3_1_v1/core_regression_v3_a3_smallsampling_v1/visualizations/img_136.jpg
137,DeepFashion2,../fashion_data/raw/train/train/image/118508.jpg,SEGTEST1_0156,item1_short_sleeve_outwear,outerwear,short_sleeve_outwear,,0.0,False,0.0,False,0.0,False,False,missed,/workspace/fashion_multimodal_analysis/reports/prd_3_1_v1/core_regression_v3_a3_smallsampling_v1/visualizations/img_137.jpg
138,DeepFashion2,../fashion_data/raw/train/train/image/118514.jpg,SEGTEST1_0166,item1_short_sleeve_outwear,outerwear,short_sleeve_outwear,,0.0,False,0.0,False,0.0,False,False,missed,/workspace/fashion_multimodal_analysis/reports/prd_3_1_v1/core_regression_v3_a3_smallsampling_v1/visualizations/img_138.jpg
139,DeepFashion2,../fashion_data/raw/train/train/image/119318.jpg,SEGTEST1_0197,item1_long_sleeve_outwear,outerwear,long_sleeve_outwear,,0.0,False,0.0,False,0.0,False,False,missed,/workspace/fashion_multimodal_analysis/reports/prd_3_1_v1/core_regression_v3_a3_smallsampling_v1/visualizations/img_139.jpg
140,DeepFashion2,../fashion_data/raw/train/train/image/119420.jpg,SEGTEST1_0235,item2_vest_dress,dress,vest_dress,,0.0,False,0.0,False,0.0,False,False,missed,/workspace/fashion_multimodal_analysis/reports/prd_3_1_v1/core_regression_v3_a3_smallsampling_v1/visualizations/img_140.jpg
141,DeepFashion2,../fashion_data/raw/train/train/image/119698.jpg,SEGTEST1_0240,item1_short_sleeve_dress,dress,short_sleeve_dress,,0.0,False,0.0,False,0.0,False,False,missed,/workspace/fashion_multimodal_analysis/reports/prd_3_1_v1/core_regression_v3_a3_smallsampling_v1/visualizations/img_141.jpg
142,DeepFashion2,../fashion_data/raw/train/train/image/119825.jpg,SEGTEST1_0072,item4_trousers,pants,trousers,,0.0,False,0.0,False,0.0,False,False,missed,/workspace/fashion_multimodal_analysis/reports/prd_3_1_v1/core_regression_v3_a3_smallsampling_v1/visualizations/img_142.jpg
143,DeepFashion2,../fashion_data/raw/train/train/image/122874.jpg,SEGTEST1_0246,item1_vest_dress,dress,vest_dress,,0.0,False,0.0,False,0.0,False,False,missed,/workspace/fashion_multimodal_analysis/reports/prd_3_1_v1/core_regression_v3_a3_smallsampling_v1/visualizations/img_143.jpg
144,DeepFashion2,../fashion_data/raw/train/train/image/123996.jpg,SEGTEST1_0060,item1_trousers,pants,trousers,,0.0,False,0.0,False,0.0,False,False,missed,/workspace/fashion_multimodal_analysis/reports/prd_3_1_v1/core_regression_v3_a3_smallsampling_v1/visualizations/img_144.jpg
145,DeepFashion2,../fashion_data/raw/train/train/image/124000.jpg,SEGTEST1_0037,item2_long_sleeve_top,top,long_sleeve_top,,0.0,False,0.0,False,0.0,False,False,missed,/workspace/fashion_multimodal_analysis/reports/prd_3_1_v1/core_regression_v3_a3_smallsampling_v1/visualizations/img_145.jpg
146,DeepFashion2,../fashion_data/raw/train/train/image/124376.jpg,SEGTEST1_0104,item2_skirt,skirt,skirt,,0.0,False,0.0,False,0.0,False,False,missed,/workspace/fashion_multimodal_analysis/reports/prd_3_1_v1/core_regression_v3_a3_smallsampling_v1/visualizations/img_146.jpg
147,DeepFashion2,../fashion_data/raw/train/train/image/124649.jpg,SEGTEST1_0161,item1_short_sleeve_outwear,outerwear,short_sleeve_outwear,,0.0,False,0.0,False,0.0,False,False,missed,/workspace/fashion_multimodal_analysis/reports/prd_3_1_v1/core_regression_v3_a3_smallsampling_v1/visualizations/img_147.jpg
148,DeepFashion2,../fashion_data/raw/train/train/image/124654.jpg,SEGTEST1_0151,item1_short_sleeve_outwear,outerwear,short_sleeve_outwear,dress,0.438618928194046,True,0.8141282121997623,False,0.7737046832014559,False,False,wrong_class,/workspace/fashion_multimodal_analysis/reports/prd_3_1_v1/core_regression_v3_a3_smallsampling_v1/visualizations/img_148.jpg
149,DeepFashion2,../fashion_data/raw/train/train/image/125522.jpg,SEGTEST1_0061,item2_trousers,pants,trousers,,0.0,False,0.0,False,0.0,False,False,missed,/workspace/fashion_multimodal_analysis/reports/prd_3_1_v1/core_regression_v3_a3_smallsampling_v1/visualizations/img_149.jpg
150,DeepFashion2,../fashion_data/raw/train/train/image/125781.jpg,SEGTEST1_0083,item2_shorts,pants,shorts,,0.0,False,0.0,False,0.0,False,False,missed,/workspace/fashion_multimodal_analysis/reports/prd_3_1_v1/core_regression_v3_a3_smallsampling_v1/visualizations/img_150.jpg
151,DeepFashion2,../fashion_data/raw/train/train/image/125786.jpg,SEGTEST1_0034,item2_sling,top,sling,,0.0,False,0.0,False,0.0,False,False,missed,/workspace/fashion_multimodal_analysis/reports/prd_3_1_v1/core_regression_v3_a3_smallsampling_v1/visualizations/img_151.jpg
152,DeepFashion2,../fashion_data/raw/train/train/image/125906.jpg,SEGTEST1_0165,item1_long_sleeve_outwear,outerwear,long_sleeve_outwear,dress,0.4769596457481384,True,0.5613546903776527,False,0.24181414152231534,False,False,wrong_class,/workspace/fashion_multimodal_analysis/reports/prd_3_1_v1/core_regression_v3_a3_smallsampling_v1/visualizations/img_152.jpg
154,DeepFashion2,../fashion_data/raw/train/train/image/126631.jpg,SEGTEST1_0244,item1_long_sleeve_dress,dress,long_sleeve_dress,,0.0,False,0.0,False,0.0,False,False,missed,/workspace/fashion_multimodal_analysis/reports/prd_3_1_v1/core_regression_v3_a3_smallsampling_v1/visualizations/img_154.jpg
155,DeepFashion2,../fashion_data/raw/train/train/image/128253.jpg,SEGTEST1_0163,item4_long_sleeve_outwear,outerwear,long_sleeve_outwear,,0.0,False,0.0,False,0.0,False,False,missed,/workspace/fashion_multimodal_analysis/reports/prd_3_1_v1/core_regression_v3_a3_smallsampling_v1/visualizations/img_155.jpg
156,DeepFashion2,../fashion_data/raw/train/train/image/128608.jpg,SEGTEST1_0243,item1_long_sleeve_dress,dress,long_sleeve_dress,,0.0,False,0.0,False,0.0,False,False,missed,/workspace/fashion_multimodal_analysis/reports/prd_3_1_v1/core_regression_v3_a3_smallsampling_v1/visualizations/img_156.jpg
157,DeepFashion2,../fashion_data/raw/train/train/image/130381.jpg,SEGTEST1_0018,item2_vest,top,vest,,0.0,False,0.0,False,0.0,False,False,missed,/workspace/fashion_multimodal_analysis/reports/prd_3_1_v1/core_regression_v3_a3_smallsampling_v1/visualizations/img_157.jpg
158,DeepFashion2,../fashion_data/raw/train/train/image/130702.jpg,SEGTEST1_0199,item1_short_sleeve_outwear,outerwear,short_sleeve_outwear,,0.0,False,0.0,False,0.0,False,False,missed,/workspace/fashion_multimodal_analysis/reports/prd_3_1_v1/core_regression_v3_a3_smallsampling_v1/visualizations/img_158.jpg
159,DeepFashion2,../fashion_data/raw/train/train/image/130980.jpg,SEGTEST1_0091,item2_trousers,pants,trousers,,0.0,False,0.0,False,0.0,False,False,missed,/workspace/fashion_multimodal_analysis/reports/prd_3_1_v1/core_regression_v3_a3_smallsampling_v1/visualizations/img_159.jpg
160,DeepFashion2,../fashion_data/raw/train/train/image/131577.jpg,SEGTEST1_0103,item2_skirt,skirt,skirt,pants,0.5257759094238281,True,0.7958851907753557,False,0.8047489560066039,False,False,wrong_class,/workspace/fashion_multimodal_analysis/reports/prd_3_1_v1/core_regression_v3_a3_smallsampling_v1/visualizations/img_160.jpg
161,DeepFashion2,../fashion_data/raw/train/train/image/132895.jpg,SEGTEST1_0115,item2_skirt,skirt,skirt,dress,0.41324400901794434,True,0.6281964790009485,False,0.8085596471618887,False,False,wrong_class,/workspace/fashion_multimodal_analysis/reports/prd_3_1_v1/core_regression_v3_a3_smallsampling_v1/visualizations/img_161.jpg
162,DeepFashion2,../fashion_data/raw/train/train/image/133015.jpg,SEGTEST1_0117,item2_skirt,skirt,skirt,,0.0,False,0.0,False,0.0,False,False,missed,/workspace/fashion_multimodal_analysis/reports/prd_3_1_v1/core_regression_v3_a3_smallsampling_v1/visualizations/img_162.jpg
163,DeepFashion2,../fashion_data/raw/train/train/image/133136.jpg,SEGTEST1_0224,item1_long_sleeve_dress,dress,long_sleeve_dress,,0.0,False,0.0,False,0.0,False,False,missed,/workspace/fashion_multimodal_analysis/reports/prd_3_1_v1/core_regression_v3_a3_smallsampling_v1/visualizations/img_163.jpg
165,DeepFashion2,../fashion_data/raw/train/train/image/133276.jpg,SEGTEST1_0051,item2_shorts,pants,shorts,top,0.5888011455535889,True,0.8337578257882496,False,0.8647543352601156,False,False,wrong_class,/workspace/fashion_multimodal_analysis/reports/prd_3_1_v1/core_regression_v3_a3_smallsampling_v1/visualizations/img_165.jpg
167,DeepFashion2,../fashion_data/raw/train/train/image/135480.jpg,SEGTEST1_0040,item1_sling,top,sling,,0.0,False,0.0,False,0.0,False,False,missed,/workspace/fashion_multimodal_analysis/reports/prd_3_1_v1/core_regression_v3_a3_smallsampling_v1/visualizations/img_167.jpg
168,DeepFashion2,../fashion_data/raw/train/train/image/135885.jpg,SEGTEST1_0045,item1_short_sleeve_top,top,short_sleeve_top,,0.0,False,0.0,False,0.0,False,False,missed,/workspace/fashion_multimodal_analysis/reports/prd_3_1_v1/core_regression_v3_a3_smallsampling_v1/visualizations/img_168.jpg
169,DeepFashion2,../fashion_data/raw/train/train/image/135934.jpg,SEGTEST1_0162,item1_short_sleeve_outwear,outerwear,short_sleeve_outwear,bag,0.7061057090759277,True,0.5796230703826848,False,0.03359173126614987,False,False,wrong_class,/workspace/fashion_multimodal_analysis/reports/prd_3_1_v1/core_regression_v3_a3_smallsampling_v1/visualizations/img_169.jpg
170,DeepFashion2,../fashion_data/raw/train/train/image/135937.jpg,SEGTEST1_0171,item1_short_sleeve_outwear,outerwear,short_sleeve_outwear,,0.0,False,0.0,False,0.0,False,False,missed,/workspace/fashion_multimodal_analysis/reports/prd_3_1_v1/core_regression_v3_a3_smallsampling_v1/visualizations/img_170.jpg
171,DeepFashion2,../fashion_data/raw/train/train/image/136524.jpg,SEGTEST1_0023,item1_vest,top,vest,,0.0,False,0.0,False,0.0,False,False,missed,/workspace/fashion_multimodal_analysis/reports/prd_3_1_v1/core_regression_v3_a3_smallsampling_v1/visualizations/img_171.jpg
172,DeepFashion2,../fashion_data/raw/train/train/image/137266.jpg,SEGTEST1_0129,item2_skirt,skirt,skirt,,0.0,False,0.0,False,0.0,False,False,missed,/workspace/fashion_multimodal_analysis/reports/prd_3_1_v1/core_regression_v3_a3_smallsampling_v1/visualizations/img_172.jpg
173,DeepFashion2,../fashion_data/raw/train/train/image/138553.jpg,SEGTEST1_0155,item1_long_sleeve_outwear,outerwear,long_sleeve_outwear,,0.0,False,0.0,False,0.0,False,False,missed,/workspace/fashion_multimodal_analysis/reports/prd_3_1_v1/core_regression_v3_a3_smallsampling_v1/visualizations/img_173.jpg
175,DeepFashion2,../fashion_data/raw/train/train/image/139827.jpg,SEGTEST1_0068,item2_shorts,pants,shorts,,0.0,False,0.0,False,0.0,False,False,missed,/workspace/fashion_multimodal_analysis/reports/prd_3_1_v1/core_regression_v3_a3_smallsampling_v1/visualizations/img_175.jpg
176,DeepFashion2,../fashion_data/raw/train/train/image/140249.jpg,SEGTEST1_0207,item1_vest_dress,dress,vest_dress,,0.0,False,0.0,False,0.0,False,False,missed,/workspace/fashion_multimodal_analysis/reports/prd_3_1_v1/core_regression_v3_a3_smallsampling_v1/visualizations/img_176.jpg
177,DeepFashion2,../fashion_data/raw/train/train/image/141653.jpg,SEGTEST1_0250,item1_sling_dress,dress,sling_dress,,0.0,False,0.0,False,0.0,False,False,missed,/workspace/fashion_multimodal_analysis/reports/prd_3_1_v1/core_regression_v3_a3_smallsampling_v1/visualizations/img_177.jpg
178,DeepFashion2,../fashion_data/raw/train/train/image/141721.jpg,SEGTEST1_0142,item2_skirt,skirt,skirt,,0.0,False,0.0,False,0.0,False,False,missed,/workspace/fashion_multimodal_analysis/reports/prd_3_1_v1/core_regression_v3_a3_smallsampling_v1/visualizations/img_178.jpg
179,DeepFashion2,../fashion_data/raw/train/train/image/142272.jpg,SEGTEST1_0107,item1_skirt,skirt,skirt,,0.0,False,0.0,False,0.0,False,False,missed,/workspace/fashion_multimodal_analysis/reports/prd_3_1_v1/core_regression_v3_a3_smallsampling_v1/visualizations/img_179.jpg
180,DeepFashion2,../fashion_data/raw/train/train/image/142660.jpg,SEGTEST1_0118,item2_skirt,skirt,skirt,,0.0,False,0.0,False,0.0,False,False,missed,/workspace/fashion_multimodal_analysis/reports/prd_3_1_v1/core_regression_v3_a3_smallsampling_v1/visualizations/img_180.jpg
181,DeepFashion2,../fashion_data/raw/train/train/image/144966.jpg,SEGTEST1_0154,item1_long_sleeve_outwear,outerwear,long_sleeve_outwear,,0.0,False,0.0,False,0.0,False,False,missed,/workspace/fashion_multimodal_analysis/reports/prd_3_1_v1/core_regression_v3_a3_smallsampling_v1/visualizations/img_181.jpg
182,DeepFashion2,../fashion_data/raw/train/train/image/145118.jpg,SEGTEST1_0223,item1_vest_dress,dress,vest_dress,,0.0,False,0.0,False,0.0,False,False,missed,/workspace/fashion_multimodal_analysis/reports/prd_3_1_v1/core_regression_v3_a3_smallsampling_v1/visualizations/img_182.jpg
183,DeepFashion2,../fashion_data/raw/train/train/image/145247.jpg,SEGTEST1_0075,item1_shorts,pants,shorts,,0.0,False,0.0,False,0.0,False,False,missed,/workspace/fashion_multimodal_analysis/reports/prd_3_1_v1/core_regression_v3_a3_smallsampling_v1/visualizations/img_183.jpg
184,DeepFashion2,../fashion_data/raw/train/train/image/145484.jpg,SEGTEST1_0127,item1_skirt,skirt,skirt,,0.0,False,0.0,False,0.0,False,False,missed,/workspace/fashion_multimodal_analysis/reports/prd_3_1_v1/core_regression_v3_a3_smallsampling_v1/visualizations/img_184.jpg
185,DeepFashion2,../fashion_data/raw/train/train/image/146606.jpg,SEGTEST1_0214,item1_sling_dress,dress,sling_dress,,0.0,False,0.0,False,0.0,False,False,missed,/workspace/fashion_multimodal_analysis/reports/prd_3_1_v1/core_regression_v3_a3_smallsampling_v1/visualizations/img_185.jpg
186,DeepFashion2,../fashion_data/raw/train/train/image/147653.jpg,SEGTEST1_0028,item3_sling,top,sling,,0.0,False,0.0,False,0.0,False,False,missed,/workspace/fashion_multimodal_analysis/reports/prd_3_1_v1/core_regression_v3_a3_smallsampling_v1/visualizations/img_186.jpg
187,DeepFashion2,../fashion_data/raw/train/train/image/149160.jpg,SEGTEST1_0110,item2_skirt,skirt,skirt,pants,0.4295910894870758,True,0.8979160023820841,False,0.9104821435788283,False,False,wrong_class,/workspace/fashion_multimodal_analysis/reports/prd_3_1_v1/core_regression_v3_a3_smallsampling_v1/visualizations/img_187.jpg
188,DeepFashion2,../fashion_data/raw/train/train/image/150634.jpg,SEGTEST1_0071,item4_shorts,pants,shorts,,0.0,False,0.0,False,0.0,False,False,missed,/workspace/fashion_multimodal_analysis/reports/prd_3_1_v1/core_regression_v3_a3_smallsampling_v1/visualizations/img_188.jpg
189,DeepFashion2,../fashion_data/raw/train/train/image/151041.jpg,SEGTEST1_0013,item3_long_sleeve_top,top,long_sleeve_top,,0.0,False,0.0,False,0.0,False,False,missed,/workspace/fashion_multimodal_analysis/reports/prd_3_1_v1/core_regression_v3_a3_smallsampling_v1/visualizations/img_189.jpg
190,DeepFashion2,../fashion_data/raw/train/train/image/151469.jpg,SEGTEST1_0176,item1_short_sleeve_outwear,outerwear,short_sleeve_outwear,,0.0,False,0.0,False,0.0,False,False,missed,/workspace/fashion_multimodal_analysis/reports/prd_3_1_v1/core_regression_v3_a3_smallsampling_v1/visualizations/img_190.jpg
191,DeepFashion2,../fashion_data/raw/train/train/image/151470.jpg,SEGTEST1_0152,item1_short_sleeve_outwear,outerwear,short_sleeve_outwear,,0.0,False,0.0,False,0.0,False,False,missed,/workspace/fashion_multimodal_analysis/reports/prd_3_1_v1/core_regression_v3_a3_smallsampling_v1/visualizations/img_191.jpg
192,DeepFashion2,../fashion_data/raw/train/train/image/151693.jpg,SEGTEST1_0012,item1_long_sleeve_top,top,long_sleeve_top,,0.0,False,0.0,False,0.0,False,False,missed,/workspace/fashion_multimodal_analysis/reports/prd_3_1_v1/core_regression_v3_a3_smallsampling_v1/visualizations/img_192.jpg
193,DeepFashion2,../fashion_data/raw/train/train/image/151882.jpg,SEGTEST1_0008,item2_long_sleeve_top,top,long_sleeve_top,,0.0,False,0.0,False,0.0,False,False,missed,/workspace/fashion_multimodal_analysis/reports/prd_3_1_v1/core_regression_v3_a3_smallsampling_v1/visualizations/img_193.jpg
194,DeepFashion2,../fashion_data/raw/train/train/image/152851.jpg,SEGTEST1_0059,item1_shorts,pants,shorts,,0.0,False,0.0,False,0.0,False,False,missed,/workspace/fashion_multimodal_analysis/reports/prd_3_1_v1/core_regression_v3_a3_smallsampling_v1/visualizations/img_194.jpg
196,DeepFashion2,../fashion_data/raw/train/train/image/154827.jpg,SEGTEST1_0174,item2_long_sleeve_outwear,outerwear,long_sleeve_outwear,,0.0,False,0.0,False,0.0,False,False,missed,/workspace/fashion_multimodal_analysis/reports/prd_3_1_v1/core_regression_v3_a3_smallsampling_v1/visualizations/img_196.jpg
197,DeepFashion2,../fashion_data/raw/train/train/image/155150.jpg,SEGTEST1_0100,item2_shorts,pants,shorts,,0.0,False,0.0,False,0.0,False,False,missed,/workspace/fashion_multimodal_analysis/reports/prd_3_1_v1/core_regression_v3_a3_smallsampling_v1/visualizations/img_197.jpg
198,DeepFashion2,../fashion_data/raw/train/train/image/155942.jpg,SEGTEST1_0094,item2_shorts,pants,shorts,,0.0,False,0.0,False,0.0,False,False,missed,/workspace/fashion_multimodal_analysis/reports/prd_3_1_v1/core_regression_v3_a3_smallsampling_v1/visualizations/img_198.jpg
199,DeepFashion2,../fashion_data/raw/train/train/image/156172.jpg,SEGTEST1_0143,item2_skirt,skirt,skirt,,0.0,False,0.0,False,0.0,False,False,missed,/workspace/fashion_multimodal_analysis/reports/prd_3_1_v1/core_regression_v3_a3_smallsampling_v1/visualizations/img_199.jpg
200,DeepFashion2,../fashion_data/raw/train/train/image/156351.jpg,SEGTEST1_0183,item2_long_sleeve_outwear,outerwear,long_sleeve_outwear,,0.0,False,0.0,False,0.0,False,False,missed,/workspace/fashion_multimodal_analysis/reports/prd_3_1_v1/core_regression_v3_a3_smallsampling_v1/visualizations/img_200.jpg
201,DeepFashion2,../fashion_data/raw/train/train/image/156930.jpg,SEGTEST1_0212,item2_long_sleeve_dress,dress,long_sleeve_dress,,0.0,False,0.0,False,0.0,False,False,missed,/workspace/fashion_multimodal_analysis/reports/prd_3_1_v1/core_regression_v3_a3_smallsampling_v1/visualizations/img_201.jpg
202,DeepFashion2,../fashion_data/raw/train/train/image/157158.jpg,SEGTEST1_0014,item1_short_sleeve_top,top,short_sleeve_top,,0.0,False,0.0,False,0.0,False,False,missed,/workspace/fashion_multimodal_analysis/reports/prd_3_1_v1/core_regression_v3_a3_smallsampling_v1/visualizations/img_202.jpg
204,DeepFashion2,../fashion_data/raw/train/train/image/158699.jpg,SEGTEST1_0119,item2_skirt,skirt,skirt,,0.0,False,0.0,False,0.0,False,False,missed,/workspace/fashion_multimodal_analysis/reports/prd_3_1_v1/core_regression_v3_a3_smallsampling_v1/visualizations/img_204.jpg
206,DeepFashion2,../fashion_data/raw/train/train/image/163136.jpg,SEGTEST1_0032,item2_long_sleeve_top,top,long_sleeve_top,,0.0,False,0.0,False,0.0,False,False,missed,/workspace/fashion_multimodal_analysis/reports/prd_3_1_v1/core_regression_v3_a3_smallsampling_v1/visualizations/img_206.jpg
207,DeepFashion2,../fashion_data/raw/train/train/image/163902.jpg,SEGTEST1_0096,item2_trousers,pants,trousers,,0.0,False,0.0,False,0.0,False,False,missed,/workspace/fashion_multimodal_analysis/reports/prd_3_1_v1/core_regression_v3_a3_smallsampling_v1/visualizations/img_207.jpg
208,DeepFashion2,../fashion_data/raw/train/train/image/164987.jpg,SEGTEST1_0035,item1_vest,top,vest,,0.0,False,0.0,False,0.0,False,False,missed,/workspace/fashion_multimodal_analysis/reports/prd_3_1_v1/core_regression_v3_a3_smallsampling_v1/visualizations/img_208.jpg
209,DeepFashion2,../fashion_data/raw/train/train/image/165526.jpg,SEGTEST1_0136,item1_skirt,skirt,skirt,,0.0,False,0.0,False,0.0,False,False,missed,/workspace/fashion_multimodal_analysis/reports/prd_3_1_v1/core_regression_v3_a3_smallsampling_v1/visualizations/img_209.jpg
210,DeepFashion2,../fashion_data/raw/train/train/image/165686.jpg,SEGTEST1_0074,item2_shorts,pants,shorts,,0.0,False,0.0,False,0.0,False,False,missed,/workspace/fashion_multimodal_analysis/reports/prd_3_1_v1/core_regression_v3_a3_smallsampling_v1/visualizations/img_210.jpg
211,DeepFashion2,../fashion_data/raw/train/train/image/166052.jpg,SEGTEST1_0209,item1_sling_dress,dress,sling_dress,,0.0,False,0.0,False,0.0,False,False,missed,/workspace/fashion_multimodal_analysis/reports/prd_3_1_v1/core_regression_v3_a3_smallsampling_v1/visualizations/img_211.jpg
212,DeepFashion2,../fashion_data/raw/train/train/image/166308.jpg,SEGTEST1_0016,item2_sling,top,sling,,0.0,False,0.0,False,0.0,False,False,missed,/workspace/fashion_multimodal_analysis/reports/prd_3_1_v1/core_regression_v3_a3_smallsampling_v1/visualizations/img_212.jpg
213,DeepFashion2,../fashion_data/raw/train/train/image/166981.jpg,SEGTEST1_0237,item1_short_sleeve_dress,dress,short_sleeve_dress,,0.0,False,0.0,False,0.0,False,False,missed,/workspace/fashion_multimodal_analysis/reports/prd_3_1_v1/core_regression_v3_a3_smallsampling_v1/visualizations/img_213.jpg
214,DeepFashion2,../fashion_data/raw/train/train/image/167285.jpg,SEGTEST1_0232,item1_short_sleeve_dress,dress,short_sleeve_dress,,0.0,False,0.0,False,0.0,False,False,missed,/workspace/fashion_multimodal_analysis/reports/prd_3_1_v1/core_regression_v3_a3_smallsampling_v1/visualizations/img_214.jpg
215,DeepFashion2,../fashion_data/raw/train/train/image/168853.jpg,SEGTEST1_0222,item1_long_sleeve_dress,dress,long_sleeve_dress,,0.0,False,0.0,False,0.0,False,False,missed,/workspace/fashion_multimodal_analysis/reports/prd_3_1_v1/core_regression_v3_a3_smallsampling_v1/visualizations/img_215.jpg
216,DeepFashion2,../fashion_data/raw/train/train/image/169170.jpg,SEGTEST1_0048,item1_long_sleeve_top,top,long_sleeve_top,,0.0,False,0.0,False,0.0,False,False,missed,/workspace/fashion_multimodal_analysis/reports/prd_3_1_v1/core_regression_v3_a3_smallsampling_v1/visualizations/img_216.jpg
218,DeepFashion2,../fashion_data/raw/train/train/image/170967.jpg,SEGTEST1_0026,item1_short_sleeve_top,top,short_sleeve_top,,0.0,False,0.0,False,0.0,False,False,missed,/workspace/fashion_multimodal_analysis/reports/prd_3_1_v1/core_regression_v3_a3_smallsampling_v1/visualizations/img_218.jpg
219,DeepFashion2,../fashion_data/raw/train/train/image/173516.jpg,SEGTEST1_0079,item2_trousers,pants,trousers,,0.0,False,0.0,False,0.0,False,False,missed,/workspace/fashion_multimodal_analysis/reports/prd_3_1_v1/core_regression_v3_a3_smallsampling_v1/visualizations/img_219.jpg
220,DeepFashion2,../fashion_data/raw/train/train/image/174532.jpg,SEGTEST1_0144,item2_skirt,skirt,skirt,,0.0,False,0.0,False,0.0,False,False,missed,/workspace/fashion_multimodal_analysis/reports/prd_3_1_v1/core_regression_v3_a3_smallsampling_v1/visualizations/img_220.jpg
221,DeepFashion2,../fashion_data/raw/train/train/image/174644.jpg,SEGTEST1_0195,item1_short_sleeve_outwear,outerwear,short_sleeve_outwear,dress,0.4409578740596771,True,0.8906023143091886,False,0.3350424545715575,False,False,wrong_class,/workspace/fashion_multimodal_analysis/reports/prd_3_1_v1/core_regression_v3_a3_smallsampling_v1/visualizations/img_221.jpg
222,DeepFashion2,../fashion_data/raw/train/train/image/176028.jpg,SEGTEST1_0145,item2_skirt,skirt,skirt,,0.0,False,0.0,False,0.0,False,False,missed,/workspace/fashion_multimodal_analysis/reports/prd_3_1_v1/core_regression_v3_a3_smallsampling_v1/visualizations/img_222.jpg
223,DeepFashion2,../fashion_data/raw/train/train/image/176387.jpg,SEGTEST1_0054,item2_trousers,pants,trousers,,0.0,False,0.0,False,0.0,False,False,missed,/workspace/fashion_multimodal_analysis/reports/prd_3_1_v1/core_regression_v3_a3_smallsampling_v1/visualizations/img_223.jpg
224,DeepFashion2,../fashion_data/raw/train/train/image/176527.jpg,SEGTEST1_0042,item1_vest,top,vest,,0.0,False,0.0,False,0.0,False,False,missed,/workspace/fashion_multimodal_analysis/reports/prd_3_1_v1/core_regression_v3_a3_smallsampling_v1/visualizations/img_224.jpg
225,DeepFashion2,../fashion_data/raw/train/train/image/177014.jpg,SEGTEST1_0006,item1_short_sleeve_top,top,short_sleeve_top,,0.0,False,0.0,False,0.0,False,False,missed,/workspace/fashion_multimodal_analysis/reports/prd_3_1_v1/core_regression_v3_a3_smallsampling_v1/visualizations/img_225.jpg
227,DeepFashion2,../fashion_data/raw/train/train/image/178531.jpg,SEGTEST1_0078,item2_trousers,pants,trousers,,0.0,False,0.0,False,0.0,False,False,missed,/workspace/fashion_multimodal_analysis/reports/prd_3_1_v1/core_regression_v3_a3_smallsampling_v1/visualizations/img_227.jpg
228,DeepFashion2,../fashion_data/raw/train/train/image/179042.jpg,SEGTEST1_0181,item1_short_sleeve_outwear,outerwear,short_sleeve_outwear,,0.0,False,0.0,False,0.0,False,False,missed,/workspace/fashion_multimodal_analysis/reports/prd_3_1_v1/core_regression_v3_a3_smallsampling_v1/visualizations/img_228.jpg
229,DeepFashion2,../fashion_data/raw/train/train/image/179047.jpg,SEGTEST1_0185,item1_short_sleeve_outwear,outerwear,short_sleeve_outwear,,0.0,False,0.0,False,0.0,False,False,missed,/workspace/fashion_multimodal_analysis/reports/prd_3_1_v1/core_regression_v3_a3_smallsampling_v1/visualizations/img_229.jpg
230,DeepFashion2,../fashion_data/raw/train/train/image/179803.jpg,SEGTEST1_0044,item2_long_sleeve_top,top,long_sleeve_top,,0.0,False,0.0,False,0.0,False,False,missed,/workspace/fashion_multimodal_analysis/reports/prd_3_1_v1/core_regression_v3_a3_smallsampling_v1/visualizations/img_230.jpg
231,DeepFashion2,../fashion_data/raw/train/train/image/180680.jpg,SEGTEST1_0025,item2_long_sleeve_top,top,long_sleeve_top,,0.0,False,0.0,False,0.0,False,False,missed,/workspace/fashion_multimodal_analysis/reports/prd_3_1_v1/core_regression_v3_a3_smallsampling_v1/visualizations/img_231.jpg
232,DeepFashion2,../fashion_data/raw/train/train/image/181040.jpg,SEGTEST1_0047,item1_vest,top,vest,,0.0,False,0.0,False,0.0,False,False,missed,/workspace/fashion_multimodal_analysis/reports/prd_3_1_v1/core_regression_v3_a3_smallsampling_v1/visualizations/img_232.jpg
233,DeepFashion2,../fashion_data/raw/train/train/image/181324.jpg,SEGTEST1_0146,item2_skirt,skirt,skirt,,0.0,False,0.0,False,0.0,False,False,missed,/workspace/fashion_multimodal_analysis/reports/prd_3_1_v1/core_regression_v3_a3_smallsampling_v1/visualizations/img_233.jpg
234,DeepFashion2,../fashion_data/raw/train/train/image/181559.jpg,SEGTEST1_0220,item3_short_sleeve_dress,dress,short_sleeve_dress,,0.0,False,0.0,False,0.0,False,False,missed,/workspace/fashion_multimodal_analysis/reports/prd_3_1_v1/core_regression_v3_a3_smallsampling_v1/visualizations/img_234.jpg
235,DeepFashion2,../fashion_data/raw/train/train/image/183131.jpg,SEGTEST1_0138,item4_skirt,skirt,skirt,,0.0,False,0.0,False,0.0,False,False,missed,/workspace/fashion_multimodal_analysis/reports/prd_3_1_v1/core_regression_v3_a3_smallsampling_v1/visualizations/img_235.jpg
236,DeepFashion2,../fashion_data/raw/train/train/image/183243.jpg,SEGTEST1_0015,item1_vest,top,vest,,0.0,False,0.0,False,0.0,False,False,missed,/workspace/fashion_multimodal_analysis/reports/prd_3_1_v1/core_regression_v3_a3_smallsampling_v1/visualizations/img_236.jpg
237,DeepFashion2,../fashion_data/raw/train/train/image/184161.jpg,SEGTEST1_0002,item4_long_sleeve_top,top,long_sleeve_top,,0.0,False,0.0,False,0.0,False,False,missed,/workspace/fashion_multimodal_analysis/reports/prd_3_1_v1/core_regression_v3_a3_smallsampling_v1/visualizations/img_237.jpg
238,DeepFashion2,../fashion_data/raw/train/train/image/185467.jpg,SEGTEST1_0085,item2_trousers,pants,trousers,,0.0,False,0.0,False,0.0,False,False,missed,/workspace/fashion_multimodal_analysis/reports/prd_3_1_v1/core_regression_v3_a3_smallsampling_v1/visualizations/img_238.jpg
239,DeepFashion2,../fashion_data/raw/train/train/image/186306.jpg,SEGTEST1_0184,item2_long_sleeve_outwear,outerwear,long_sleeve_outwear,top,0.5798306465148926,True,0.6754028862996598,False,0.6276745412978486,False,False,wrong_class,/workspace/fashion_multimodal_analysis/reports/prd_3_1_v1/core_regression_v3_a3_smallsampling_v1/visualizations/img_239.jpg
240,DeepFashion2,../fashion_data/raw/train/train/image/186391.jpg,SEGTEST1_0178,item2_long_sleeve_outwear,outerwear,long_sleeve_outwear,,0.0,False,0.0,False,0.0,False,False,missed,/workspace/fashion_multimodal_analysis/reports/prd_3_1_v1/core_regression_v3_a3_smallsampling_v1/visualizations/img_240.jpg
241,DeepFashion2,../fashion_data/raw/train/train/image/187397.jpg,SEGTEST1_0126,item2_skirt,skirt,skirt,,0.0,False,0.0,False,0.0,False,False,missed,/workspace/fashion_multimodal_analysis/reports/prd_3_1_v1/core_regression_v3_a3_smallsampling_v1/visualizations/img_241.jpg
242,DeepFashion2,../fashion_data/raw/train/train/image/187422.jpg,SEGTEST1_0193,item2_long_sleeve_outwear,outerwear,long_sleeve_outwear,dress,0.4449860751628876,True,0.8738261706658417,False,0.8411415977749334,False,False,wrong_class,/workspace/fashion_multimodal_analysis/reports/prd_3_1_v1/core_regression_v3_a3_smallsampling_v1/visualizations/img_242.jpg
243,DeepFashion2,../fashion_data/raw/train/train/image/187488.jpg,SEGTEST1_0073,item2_trousers,pants,trousers,,0.0,False,0.0,False,0.0,False,False,missed,/workspace/fashion_multimodal_analysis/reports/prd_3_1_v1/core_regression_v3_a3_smallsampling_v1/visualizations/img_243.jpg
244,DeepFashion2,../fashion_data/raw/train/train/image/187981.jpg,SEGTEST1_0182,item2_short_sleeve_outwear,outerwear,short_sleeve_outwear,,0.0,False,0.0,False,0.0,False,False,missed,/workspace/fashion_multimodal_analysis/reports/prd_3_1_v1/core_regression_v3_a3_smallsampling_v1/visualizations/img_244.jpg
245,DeepFashion2,../fashion_data/raw/train/train/image/189034.jpg,SEGTEST1_0038,item1_short_sleeve_top,top,short_sleeve_top,,0.0,False,0.0,False,0.0,False,False,missed,/workspace/fashion_multimodal_analysis/reports/prd_3_1_v1/core_regression_v3_a3_smallsampling_v1/visualizations/img_245.jpg
246,DeepFashion2,../fashion_data/raw/train/train/image/189186.jpg,SEGTEST1_0186,item1_short_sleeve_outwear,outerwear,short_sleeve_outwear,,0.0,False,0.0,False,0.0,False,False,missed,/workspace/fashion_multimodal_analysis/reports/prd_3_1_v1/core_regression_v3_a3_smallsampling_v1/visualizations/img_246.jpg
247,DeepFashion2,../fashion_data/raw/train/train/image/189305.jpg,SEGTEST1_0020,item1_long_sleeve_top,top,long_sleeve_top,,0.0,False,0.0,False,0.0,False,False,missed,/workspace/fashion_multimodal_analysis/reports/prd_3_1_v1/core_regression_v3_a3_smallsampling_v1/visualizations/img_247.jpg
248,DeepFashion2,../fashion_data/raw/train/train/image/189928.jpg,SEGTEST1_0187,item3_long_sleeve_outwear,outerwear,long_sleeve_outwear,,0.0,False,0.0,False,0.0,False,False,missed,/workspace/fashion_multimodal_analysis/reports/prd_3_1_v1/core_regression_v3_a3_smallsampling_v1/visualizations/img_248.jpg
249,DeepFashion2,../fashion_data/raw/train/train/image/191328.jpg,SEGTEST1_0082,item1_trousers,pants,trousers,,0.0,False,0.0,False,0.0,False,False,missed,/workspace/fashion_multimodal_analysis/reports/prd_3_1_v1/core_regression_v3_a3_smallsampling_v1/visualizations/img_249.jpg
250,Fashionpedia,../fashion_data/raw/fashionpedia/images/test/0205895cfbb5348d94fda8ce32272fa5.jpg,SEGTEST1_0299,fashionpedia_ann_4673,shoe,shoe,,0.0,False,0.0,False,0.0,False,False,missed,/workspace/fashion_multimodal_analysis/reports/prd_3_1_v1/core_regression_v3_a3_smallsampling_v1/visualizations/img_250.jpg
251,Fashionpedia,../fashion_data/raw/fashionpedia/images/test/02b4423e161fa2409974174ec53cdb2a.jpg,SEGTEST1_0329,fashionpedia_ann_8391,bag,"bag, wallet",,0.0,False,0.0,False,0.0,False,False,missed,/workspace/fashion_multimodal_analysis/reports/prd_3_1_v1/core_regression_v3_a3_smallsampling_v1/visualizations/img_251.jpg
253,Fashionpedia,../fashion_data/raw/fashionpedia/images/test/0544acba02e8776a56fde74f83633c21.jpg,SEGTEST1_0318,fashionpedia_ann_141,bag,"bag, wallet",,0.0,False,0.0,False,0.0,False,False,missed,/workspace/fashion_multimodal_analysis/reports/prd_3_1_v1/core_regression_v3_a3_smallsampling_v1/visualizations/img_253.jpg
255,Fashionpedia,../fashion_data/raw/fashionpedia/images/test/0617757485dad98ded988c6e101c8bf2.jpg,SEGTEST1_0277,fashionpedia_ann_1629,shoe,shoe,,0.0,False,0.0,False,0.0,False,False,missed,/workspace/fashion_multimodal_analysis/reports/prd_3_1_v1/core_regression_v3_a3_smallsampling_v1/visualizations/img_255.jpg
256,Fashionpedia,../fashion_data/raw/fashionpedia/images/test/064c8022b32931e787260d81ed5aafe8.jpg,SEGTEST1_0355,fashionpedia_ann_8225,accessory,scarf,,0.0,False,0.0,False,0.0,False,False,missed,/workspace/fashion_multimodal_analysis/reports/prd_3_1_v1/core_regression_v3_a3_smallsampling_v1/visualizations/img_256.jpg
257,Fashionpedia,../fashion_data/raw/fashionpedia/images/test/069223d02dcbfbe69af905daeb7fae26.jpg,SEGTEST1_0362,fashionpedia_ann_8662,accessory,"tights, stockings",,0.0,False,0.0,False,0.0,False,False,missed,/workspace/fashion_multimodal_analysis/reports/prd_3_1_v1/core_regression_v3_a3_smallsampling_v1/visualizations/img_257.jpg
258,Fashionpedia,../fashion_data/raw/fashionpedia/images/test/0a4aae5ecd970a120bfcc6b377b6e187.jpg,SEGTEST1_0354,fashionpedia_ann_8535,accessory,glove,,0.0,False,0.0,False,0.0,False,False,missed,/workspace/fashion_multimodal_analysis/reports/prd_3_1_v1/core_regression_v3_a3_smallsampling_v1/visualizations/img_258.jpg
259,Fashionpedia,../fashion_data/raw/fashionpedia/images/test/0a563d036018e91cd9b5899adb50ec18.jpg,SEGTEST1_0389,fashionpedia_ann_9281,accessory,sock,,0.0,False,0.0,False,0.0,False,False,missed,/workspace/fashion_multimodal_analysis/reports/prd_3_1_v1/core_regression_v3_a3_smallsampling_v1/visualizations/img_259.jpg
261,Fashionpedia,../fashion_data/raw/fashionpedia/images/test/0ba0216e6879f8b433d0897a77cff984.jpg,SEGTEST1_0325,fashionpedia_ann_3969,bag,"bag, wallet",top,0.4274182617664337,True,0.6492632570446559,False,0.47438747929200453,False,False,wrong_class,/workspace/fashion_multimodal_analysis/reports/prd_3_1_v1/core_regression_v3_a3_smallsampling_v1/visualizations/img_261.jpg
262,Fashionpedia,../fashion_data/raw/fashionpedia/images/test/0c6cf79ffbf7f14a266d0f0f21219447.jpg,SEGTEST1_0313,fashionpedia_ann_498,bag,"bag, wallet",,0.0,False,0.0,False,0.0,False,False,missed,/workspace/fashion_multimodal_analysis/reports/prd_3_1_v1/core_regression_v3_a3_smallsampling_v1/visualizations/img_262.jpg
263,Fashionpedia,../fashion_data/raw/fashionpedia/images/test/0e5ecf98835cbd0dddd1b45c788005c3.jpg,SEGTEST1_0377,fashionpedia_ann_6747,accessory,hat,,0.0,False,0.0,False,0.0,False,False,missed,/workspace/fashion_multimodal_analysis/reports/prd_3_1_v1/core_regression_v3_a3_smallsampling_v1/visualizations/img_263.jpg
264,Fashionpedia,../fashion_data/raw/fashionpedia/images/test/0ff1ad48b959df32af38f42cef26d361.jpg,SEGTEST1_0363,fashionpedia_ann_6370,accessory,belt,,0.0,False,0.0,False,0.0,False,False,missed,/workspace/fashion_multimodal_analysis/reports/prd_3_1_v1/core_regression_v3_a3_smallsampling_v1/visualizations/img_264.jpg
266,Fashionpedia,../fashion_data/raw/fashionpedia/images/test/18c07033fd67225df16d98e9f6975fc9.jpg,SEGTEST1_0269,fashionpedia_ann_5222,shoe,shoe,,0.0,False,0.0,False,0.0,False,False,missed,/workspace/fashion_multimodal_analysis/reports/prd_3_1_v1/core_regression_v3_a3_smallsampling_v1/visualizations/img_266.jpg
267,Fashionpedia,../fashion_data/raw/fashionpedia/images/test/19b88ca66e3ab754d3b6aa7d5e2f0a83.jpg,SEGTEST1_0257,fashionpedia_ann_888,shoe,shoe,accessory,0.4089963734149933,True,0.6100768962323965,False,0.04911906033101975,False,False,wrong_class,/workspace/fashion_multimodal_analysis/reports/prd_3_1_v1/core_regression_v3_a3_smallsampling_v1/visualizations/img_267.jpg
268,Fashionpedia,../fashion_data/raw/fashionpedia/images/test/1c1b439e448879f805e8c827605ec96b.jpg,SEGTEST1_0316,fashionpedia_ann_5455,bag,"bag, wallet",,0.0,False,0.0,False,0.0,False,False,missed,/workspace/fashion_multimodal_analysis/reports/prd_3_1_v1/core_regression_v3_a3_smallsampling_v1/visualizations/img_268.jpg
270,Fashionpedia,../fashion_data/raw/fashionpedia/images/test/1ee26a858200fa98bef04c950dad233a.jpg,SEGTEST1_0331,fashionpedia_ann_1171,bag,"bag, wallet",,0.0,False,0.0,False,0.0,False,False,missed,/workspace/fashion_multimodal_analysis/reports/prd_3_1_v1/core_regression_v3_a3_smallsampling_v1/visualizations/img_270.jpg
271,Fashionpedia,../fashion_data/raw/fashionpedia/images/test/1f1e21e9d1206809d4f20ef5e6d2ddef.jpg,SEGTEST1_0251,fashionpedia_ann_6788,shoe,shoe,,0.0,False,0.0,False,0.0,False,False,missed,/workspace/fashion_multimodal_analysis/reports/prd_3_1_v1/core_regression_v3_a3_smallsampling_v1/visualizations/img_271.jpg
272,Fashionpedia,../fashion_data/raw/fashionpedia/images/test/1f6b96f7f298903a77fa747ea4fe8840.jpg,SEGTEST1_0383,fashionpedia_ann_3603,accessory,"tights, stockings",,0.0,False,0.0,False,0.0,False,False,missed,/workspace/fashion_multimodal_analysis/reports/prd_3_1_v1/core_regression_v3_a3_smallsampling_v1/visualizations/img_272.jpg
273,Fashionpedia,../fashion_data/raw/fashionpedia/images/test/1fd63362ced55967a97a324928583339.jpg,SEGTEST1_0304,fashionpedia_ann_7567,bag,"bag, wallet",,0.0,False,0.0,False,0.0,False,False,missed,/workspace/fashion_multimodal_analysis/reports/prd_3_1_v1/core_regression_v3_a3_smallsampling_v1/visualizations/img_273.jpg
274,Fashionpedia,../fashion_data/raw/fashionpedia/images/test/219a6c846e208bbad39f71ddab96408a.jpg,SEGTEST1_0324,fashionpedia_ann_3153,bag,"bag, wallet",,0.0,False,0.0,False,0.0,False,False,missed,/workspace/fashion_multimodal_analysis/reports/prd_3_1_v1/core_regression_v3_a3_smallsampling_v1/visualizations/img_274.jpg
276,Fashionpedia,../fashion_data/raw/fashionpedia/images/test/25fb92c0d8ca2d4d159bfcd674b484d8.jpg,SEGTEST1_0392,fashionpedia_ann_122,accessory,hat,,0.0,False,0.0,False,0.0,False,False,missed,/workspace/fashion_multimodal_analysis/reports/prd_3_1_v1/core_regression_v3_a3_smallsampling_v1/visualizations/img_276.jpg
277,Fashionpedia,../fashion_data/raw/fashionpedia/images/test/26168da8556dab9641084df526c39ced.jpg,SEGTEST1_0323,fashionpedia_ann_6904,bag,"bag, wallet",top,0.6029937863349915,True,0.5830484790754046,False,0.8365991438280594,False,False,wrong_class,/workspace/fashion_multimodal_analysis/reports/prd_3_1_v1/core_regression_v3_a3_smallsampling_v1/visualizations/img_277.jpg
278,Fashionpedia,../fashion_data/raw/fashionpedia/images/test/2aa229d7589a06e59c4eb1f05162f9ab.jpg,SEGTEST1_0382,fashionpedia_ann_4743,accessory,hat,,0.0,False,0.0,False,0.0,False,False,missed,/workspace/fashion_multimodal_analysis/reports/prd_3_1_v1/core_regression_v3_a3_smallsampling_v1/visualizations/img_278.jpg
280,Fashionpedia,../fashion_data/raw/fashionpedia/images/test/33a5bdedbd732f7fdd89d558b78707ef.jpg,SEGTEST1_0356,fashionpedia_ann_826,accessory,glove,,0.0,False,0.0,False,0.0,False,False,missed,/workspace/fashion_multimodal_analysis/reports/prd_3_1_v1/core_regression_v3_a3_smallsampling_v1/visualizations/img_280.jpg
281,Fashionpedia,../fashion_data/raw/fashionpedia/images/test/33e7a5f7f47b7bb2bf6d3549eedde5fd.jpg,SEGTEST1_0384,fashionpedia_ann_3130,accessory,glasses,,0.0,False,0.0,False,0.0,False,False,missed,/workspace/fashion_multimodal_analysis/reports/prd_3_1_v1/core_regression_v3_a3_smallsampling_v1/visualizations/img_281.jpg
283,Fashionpedia,../fashion_data/raw/fashionpedia/images/test/347c5d77fb5cea10e3bb9d604b40e141.jpg,SEGTEST1_0271,fashionpedia_ann_6717,shoe,shoe,,0.0,False,0.0,False,0.0,False,False,missed,/workspace/fashion_multimodal_analysis/reports/prd_3_1_v1/core_regression_v3_a3_smallsampling_v1/visualizations/img_283.jpg
284,Fashionpedia,../fashion_data/raw/fashionpedia/images/test/35980d446169c38a1ebe02324dc0df36.jpg,SEGTEST1_0352,fashionpedia_ann_9166,accessory,sock,,0.0,False,0.0,False,0.0,False,False,missed,/workspace/fashion_multimodal_analysis/reports/prd_3_1_v1/core_regression_v3_a3_smallsampling_v1/visualizations/img_284.jpg
285,Fashionpedia,../fashion_data/raw/fashionpedia/images/test/387a049fc5d151a2c6c2444a44211d5c.jpg,SEGTEST1_0369,fashionpedia_ann_5922,accessory,"headband, head covering, hair accessory",,0.0,False,0.0,False,0.0,False,False,missed,/workspace/fashion_multimodal_analysis/reports/prd_3_1_v1/core_regression_v3_a3_smallsampling_v1/visualizations/img_285.jpg
289,Fashionpedia,../fashion_data/raw/fashionpedia/images/test/3c9135567d29729161aa465507e5efad.jpg,SEGTEST1_0367,fashionpedia_ann_5153,accessory,glasses,,0.0,False,0.0,False,0.0,False,False,missed,/workspace/fashion_multimodal_analysis/reports/prd_3_1_v1/core_regression_v3_a3_smallsampling_v1/visualizations/img_289.jpg
291,Fashionpedia,../fashion_data/raw/fashionpedia/images/test/3ce04e48660ed6d21aee863f674486b7.jpg,SEGTEST1_0370,fashionpedia_ann_4155,accessory,scarf,,0.0,False,0.0,False,0.0,False,False,missed,/workspace/fashion_multimodal_analysis/reports/prd_3_1_v1/core_regression_v3_a3_smallsampling_v1/visualizations/img_291.jpg
293,Fashionpedia,../fashion_data/raw/fashionpedia/images/test/420f153001eb2e37269ae974b9f7665e.jpg,SEGTEST1_0394,fashionpedia_ann_5903,accessory,"tights, stockings",,0.0,False,0.0,False,0.0,False,False,missed,/workspace/fashion_multimodal_analysis/reports/prd_3_1_v1/core_regression_v3_a3_smallsampling_v1/visualizations/img_293.jpg
294,Fashionpedia,../fashion_data/raw/fashionpedia/images/test/42668f83c24465ba79d25eb2a8790050.jpg,SEGTEST1_0343,fashionpedia_ann_7324,bag,"bag, wallet",,0.0,False,0.0,False,0.0,False,False,missed,/workspace/fashion_multimodal_analysis/reports/prd_3_1_v1/core_regression_v3_a3_smallsampling_v1/visualizations/img_294.jpg
295,Fashionpedia,../fashion_data/raw/fashionpedia/images/test/474d53c6c7a10c536cb49d55104211bf.jpg,SEGTEST1_0351,fashionpedia_ann_3274,accessory,"headband, head covering, hair accessory",,0.0,False,0.0,False,0.0,False,False,missed,/workspace/fashion_multimodal_analysis/reports/prd_3_1_v1/core_regression_v3_a3_smallsampling_v1/visualizations/img_295.jpg
296,Fashionpedia,../fashion_data/raw/fashionpedia/images/test/4a218fbe91f6d17267cdbb255d4d8900.jpg,SEGTEST1_0302,fashionpedia_ann_6755,bag,"bag, wallet",,0.0,False,0.0,False,0.0,False,False,missed,/workspace/fashion_multimodal_analysis/reports/prd_3_1_v1/core_regression_v3_a3_smallsampling_v1/visualizations/img_296.jpg
298,Fashionpedia,../fashion_data/raw/fashionpedia/images/test/4aa6626a5183e3072b74ee07f75e07b6.jpg,SEGTEST1_0335,fashionpedia_ann_578,bag,"bag, wallet",,0.0,False,0.0,False,0.0,False,False,missed,/workspace/fashion_multimodal_analysis/reports/prd_3_1_v1/core_regression_v3_a3_smallsampling_v1/visualizations/img_298.jpg
299,Fashionpedia,../fashion_data/raw/fashionpedia/images/test/4c528816dbb9d5ba947d10b145fcb5f1.jpg,SEGTEST1_0372,fashionpedia_ann_403,accessory,sock,,0.0,False,0.0,False,0.0,False,False,missed,/workspace/fashion_multimodal_analysis/reports/prd_3_1_v1/core_regression_v3_a3_smallsampling_v1/visualizations/img_299.jpg
300,Fashionpedia,../fashion_data/raw/fashionpedia/images/test/4d200cb316a6260257ce84b37e25161c.jpg,SEGTEST1_0393,fashionpedia_ann_1215,accessory,belt,,0.0,False,0.0,False,0.0,False,False,missed,/workspace/fashion_multimodal_analysis/reports/prd_3_1_v1/core_regression_v3_a3_smallsampling_v1/visualizations/img_300.jpg
301,Fashionpedia,../fashion_data/raw/fashionpedia/images/test/5285f0cc22e6b24ebf7597921f1e792f.jpg,SEGTEST1_0322,fashionpedia_ann_6776,bag,"bag, wallet",,0.0,False,0.0,False,0.0,False,False,missed,/workspace/fashion_multimodal_analysis/reports/prd_3_1_v1/core_regression_v3_a3_smallsampling_v1/visualizations/img_301.jpg
302,Fashionpedia,../fashion_data/raw/fashionpedia/images/test/5335b8ea8a70be860bc310864bc7d8d1.jpg,SEGTEST1_0297,fashionpedia_ann_8097,shoe,shoe,,0.0,False,0.0,False,0.0,False,False,missed,/workspace/fashion_multimodal_analysis/reports/prd_3_1_v1/core_regression_v3_a3_smallsampling_v1/visualizations/img_302.jpg
303,Fashionpedia,../fashion_data/raw/fashionpedia/images/test/53638f7d3a9adcd5e93a4ade8f1ed552.jpg,SEGTEST1_0374,fashionpedia_ann_3841,accessory,glove,,0.0,False,0.0,False,0.0,False,False,missed,/workspace/fashion_multimodal_analysis/reports/prd_3_1_v1/core_regression_v3_a3_smallsampling_v1/visualizations/img_303.jpg
304,Fashionpedia,../fashion_data/raw/fashionpedia/images/test/5446d1fd42c4c2baac5bc3ae647b2f7d.jpg,SEGTEST1_0336,fashionpedia_ann_3374,bag,"bag, wallet",,0.0,False,0.0,False,0.0,False,False,missed,/workspace/fashion_multimodal_analysis/reports/prd_3_1_v1/core_regression_v3_a3_smallsampling_v1/visualizations/img_304.jpg
305,Fashionpedia,../fashion_data/raw/fashionpedia/images/test/590d516a191a9f1013976798dda97d36.jpg,SEGTEST1_0334,fashionpedia_ann_3535,bag,"bag, wallet",,0.0,False,0.0,False,0.0,False,False,missed,/workspace/fashion_multimodal_analysis/reports/prd_3_1_v1/core_regression_v3_a3_smallsampling_v1/visualizations/img_305.jpg
306,Fashionpedia,../fashion_data/raw/fashionpedia/images/test/59972d4827e58fd77ceac9dd7f0b42c7.jpg,SEGTEST1_0375,fashionpedia_ann_7055,accessory,scarf,,0.0,False,0.0,False,0.0,False,False,missed,/workspace/fashion_multimodal_analysis/reports/prd_3_1_v1/core_regression_v3_a3_smallsampling_v1/visualizations/img_306.jpg
307,Fashionpedia,../fashion_data/raw/fashionpedia/images/test/5ada94993430e73f1e6967d5ce2aecad.jpg,SEGTEST1_0256,fashionpedia_ann_3345,shoe,shoe,,0.0,False,0.0,False,0.0,False,False,missed,/workspace/fashion_multimodal_analysis/reports/prd_3_1_v1/core_regression_v3_a3_smallsampling_v1/visualizations/img_307.jpg
308,Fashionpedia,../fashion_data/raw/fashionpedia/images/test/5d5d3fb33612b0794f06003d8abe2a3e.jpg,SEGTEST1_0273,fashionpedia_ann_8012,shoe,shoe,,0.0,False,0.0,False,0.0,False,False,missed,/workspace/fashion_multimodal_analysis/reports/prd_3_1_v1/core_regression_v3_a3_smallsampling_v1/visualizations/img_308.jpg
309,Fashionpedia,../fashion_data/raw/fashionpedia/images/test/5d7f5a1b4d12d8931d03c3e7e1060689.jpg,SEGTEST1_0305,fashionpedia_ann_6947,bag,"bag, wallet",,0.0,False,0.0,False,0.0,False,False,missed,/workspace/fashion_multimodal_analysis/reports/prd_3_1_v1/core_regression_v3_a3_smallsampling_v1/visualizations/img_309.jpg
310,Fashionpedia,../fashion_data/raw/fashionpedia/images/test/5dbc92d79e36f8af3824a776b28b97d0.jpg,SEGTEST1_0300,fashionpedia_ann_1158,shoe,shoe,shoe,0.4998731315135956,True,0.585223115703173,True,0.42509892594686266,False,False,low_mask_iou,/workspace/fashion_multimodal_analysis/reports/prd_3_1_v1/core_regression_v3_a3_smallsampling_v1/visualizations/img_310.jpg
312,Fashionpedia,../fashion_data/raw/fashionpedia/images/test/65cb75a24d64e835888e2824b1baaacc.jpg,SEGTEST1_0347,fashionpedia_ann_2212,bag,"bag, wallet",,0.0,False,0.0,False,0.0,False,False,missed,/workspace/fashion_multimodal_analysis/reports/prd_3_1_v1/core_regression_v3_a3_smallsampling_v1/visualizations/img_312.jpg
313,Fashionpedia,../fashion_data/raw/fashionpedia/images/test/6612b7476f511c5cd1eb1086f2b7ba39.jpg,SEGTEST1_0380,fashionpedia_ann_2285,accessory,belt,,0.0,False,0.0,False,0.0,False,False,missed,/workspace/fashion_multimodal_analysis/reports/prd_3_1_v1/core_regression_v3_a3_smallsampling_v1/visualizations/img_313.jpg
317,Fashionpedia,../fashion_data/raw/fashionpedia/images/test/70e000fc740fd51671f257453e5d4ef1.jpg,SEGTEST1_0311,fashionpedia_ann_5478,bag,"bag, wallet",bag,0.44994428753852844,True,0.7343055425937217,True,0.030994926097507168,False,False,low_mask_iou,/workspace/fashion_multimodal_analysis/reports/prd_3_1_v1/core_regression_v3_a3_smallsampling_v1/visualizations/img_317.jpg
318,Fashionpedia,../fashion_data/raw/fashionpedia/images/test/7229de52add8dfb593d50f63cc39df10.jpg,SEGTEST1_0307,fashionpedia_ann_377,bag,"bag, wallet",,0.0,False,0.0,False,0.0,False,False,missed,/workspace/fashion_multimodal_analysis/reports/prd_3_1_v1/core_regression_v3_a3_smallsampling_v1/visualizations/img_318.jpg
321,Fashionpedia,../fashion_data/raw/fashionpedia/images/test/790cc5b2e3f130e9f45cde050b74c055.jpg,SEGTEST1_0350,fashionpedia_ann_75,bag,"bag, wallet",,0.0,False,0.0,False,0.0,False,False,missed,/workspace/fashion_multimodal_analysis/reports/prd_3_1_v1/core_regression_v3_a3_smallsampling_v1/visualizations/img_321.jpg
322,Fashionpedia,../fashion_data/raw/fashionpedia/images/test/7d9a766f0de2a8aab3004ac1bee9768f.jpg,SEGTEST1_0315,fashionpedia_ann_2616,bag,"bag, wallet",,0.0,False,0.0,False,0.0,False,False,missed,/workspace/fashion_multimodal_analysis/reports/prd_3_1_v1/core_regression_v3_a3_smallsampling_v1/visualizations/img_322.jpg
323,Fashionpedia,../fashion_data/raw/fashionpedia/images/test/7ecf591cf3e21e72ea2718e3869f5768.jpg,SEGTEST1_0293,fashionpedia_ann_897,shoe,shoe,,0.0,False,0.0,False,0.0,False,False,missed,/workspace/fashion_multimodal_analysis/reports/prd_3_1_v1/core_regression_v3_a3_smallsampling_v1/visualizations/img_323.jpg
324,Fashionpedia,../fashion_data/raw/fashionpedia/images/test/7edab506f7628da58ac683b6b9554d2d.jpg,SEGTEST1_0296,fashionpedia_ann_972,shoe,shoe,,0.0,False,0.0,False,0.0,False,False,missed,/workspace/fashion_multimodal_analysis/reports/prd_3_1_v1/core_regression_v3_a3_smallsampling_v1/visualizations/img_324.jpg
325,Fashionpedia,../fashion_data/raw/fashionpedia/images/test/841690826ff84fb6ca2f6ed238a6be77.jpg,SEGTEST1_0371,fashionpedia_ann_6826,accessory,glasses,,0.0,False,0.0,False,0.0,False,False,missed,/workspace/fashion_multimodal_analysis/reports/prd_3_1_v1/core_regression_v3_a3_smallsampling_v1/visualizations/img_325.jpg
326,Fashionpedia,../fashion_data/raw/fashionpedia/images/test/8623733272199d95726231fd6dcdc7bf.jpg,SEGTEST1_0345,fashionpedia_ann_7482,bag,"bag, wallet",,0.0,False,0.0,False,0.0,False,False,missed,/workspace/fashion_multimodal_analysis/reports/prd_3_1_v1/core_regression_v3_a3_smallsampling_v1/visualizations/img_326.jpg
328,Fashionpedia,../fashion_data/raw/fashionpedia/images/test/8b0f9bec3b8c5793bf116e1e5e502072.jpg,SEGTEST1_0268,fashionpedia_ann_1830,shoe,shoe,,0.0,False,0.0,False,0.0,False,False,missed,/workspace/fashion_multimodal_analysis/reports/prd_3_1_v1/core_regression_v3_a3_smallsampling_v1/visualizations/img_328.jpg
329,Fashionpedia,../fashion_data/raw/fashionpedia/images/test/8b5635d5a5331e26d0e5135a068976ee.jpg,SEGTEST1_0387,fashionpedia_ann_1903,accessory,glasses,,0.0,False,0.0,False,0.0,False,False,missed,/workspace/fashion_multimodal_analysis/reports/prd_3_1_v1/core_regression_v3_a3_smallsampling_v1/visualizations/img_329.jpg
330,Fashionpedia,../fashion_data/raw/fashionpedia/images/test/8c6c8abea5d5a128ca8834600b2aeddc.jpg,SEGTEST1_0255,fashionpedia_ann_8821,shoe,shoe,,0.0,False,0.0,False,0.0,False,False,missed,/workspace/fashion_multimodal_analysis/reports/prd_3_1_v1/core_regression_v3_a3_smallsampling_v1/visualizations/img_330.jpg
331,Fashionpedia,../fashion_data/raw/fashionpedia/images/test/8cd47ea6b100369f44879e44ba5950c7.jpg,SEGTEST1_0390,fashionpedia_ann_1656,accessory,belt,,0.0,False,0.0,False,0.0,False,False,missed,/workspace/fashion_multimodal_analysis/reports/prd_3_1_v1/core_regression_v3_a3_smallsampling_v1/visualizations/img_331.jpg
332,Fashionpedia,../fashion_data/raw/fashionpedia/images/test/8e13b4bba964e3d1fc2eba6e30975f06.jpg,SEGTEST1_0360,fashionpedia_ann_1964,accessory,"headband, head covering, hair accessory",,0.0,False,0.0,False,0.0,False,False,missed,/workspace/fashion_multimodal_analysis/reports/prd_3_1_v1/core_regression_v3_a3_smallsampling_v1/visualizations/img_332.jpg
333,Fashionpedia,../fashion_data/raw/fashionpedia/images/test/8fd977cccd42dde5ebe8785b3929f801.jpg,SEGTEST1_0319,fashionpedia_ann_1602,bag,"bag, wallet",,0.0,False,0.0,False,0.0,False,False,missed,/workspace/fashion_multimodal_analysis/reports/prd_3_1_v1/core_regression_v3_a3_smallsampling_v1/visualizations/img_333.jpg
334,Fashionpedia,../fashion_data/raw/fashionpedia/images/test/91d2989ccce4a5b3e4789f48b4e05a68.jpg,SEGTEST1_0330,fashionpedia_ann_2999,bag,"bag, wallet",,0.0,False,0.0,False,0.0,False,False,missed,/workspace/fashion_multimodal_analysis/reports/prd_3_1_v1/core_regression_v3_a3_smallsampling_v1/visualizations/img_334.jpg
335,Fashionpedia,../fashion_data/raw/fashionpedia/images/test/923d9f0cbf8310c92e7949638ac59fdc.jpg,SEGTEST1_0263,fashionpedia_ann_8945,shoe,shoe,,0.0,False,0.0,False,0.0,False,False,missed,/workspace/fashion_multimodal_analysis/reports/prd_3_1_v1/core_regression_v3_a3_smallsampling_v1/visualizations/img_335.jpg
337,Fashionpedia,../fashion_data/raw/fashionpedia/images/test/981fa1400f6240e4a3d5082b95b667a2.jpg,SEGTEST1_0348,fashionpedia_ann_5913,bag,"bag, wallet",,0.0,False,0.0,False,0.0,False,False,missed,/workspace/fashion_multimodal_analysis/reports/prd_3_1_v1/core_regression_v3_a3_smallsampling_v1/visualizations/img_337.jpg
339,Fashionpedia,../fashion_data/raw/fashionpedia/images/test/9a755d94e00922406ee34010fac8eec5.jpg,SEGTEST1_0280,fashionpedia_ann_5623,shoe,shoe,,0.0,False,0.0,False,0.0,False,False,missed,/workspace/fashion_multimodal_analysis/reports/prd_3_1_v1/core_regression_v3_a3_smallsampling_v1/visualizations/img_339.jpg
342,Fashionpedia,../fashion_data/raw/fashionpedia/images/test/aaf6934258f226a68996b5922fa3f038.jpg,SEGTEST1_0386,fashionpedia_ann_6240,accessory,"headband, head covering, hair accessory",,0.0,False,0.0,False,0.0,False,False,missed,/workspace/fashion_multimodal_analysis/reports/prd_3_1_v1/core_regression_v3_a3_smallsampling_v1/visualizations/img_342.jpg
344,Fashionpedia,../fashion_data/raw/fashionpedia/images/test/ac257ddc35bb18760df07544ca327129.jpg,SEGTEST1_0254,fashionpedia_ann_7169,shoe,shoe,,0.0,False,0.0,False,0.0,False,False,missed,/workspace/fashion_multimodal_analysis/reports/prd_3_1_v1/core_regression_v3_a3_smallsampling_v1/visualizations/img_344.jpg
348,Fashionpedia,../fashion_data/raw/fashionpedia/images/test/b5afca4e7afe32cd8d4e7ba62da456bd.jpg,SEGTEST1_0368,fashionpedia_ann_1945,accessory,belt,,0.0,False,0.0,False,0.0,False,False,missed,/workspace/fashion_multimodal_analysis/reports/prd_3_1_v1/core_regression_v3_a3_smallsampling_v1/visualizations/img_348.jpg
349,Fashionpedia,../fashion_data/raw/fashionpedia/images/test/b6b563c14cfb7911932d24d22ffe5041.jpg,SEGTEST1_0344,fashionpedia_ann_7874,bag,"bag, wallet",,0.0,False,0.0,False,0.0,False,False,missed,/workspace/fashion_multimodal_analysis/reports/prd_3_1_v1/core_regression_v3_a3_smallsampling_v1/visualizations/img_349.jpg
352,Fashionpedia,../fashion_data/raw/fashionpedia/images/test/bd8d3293d99b77a3fa0ec0dd058235dc.jpg,SEGTEST1_0312,fashionpedia_ann_7129,bag,"bag, wallet",,0.0,False,0.0,False,0.0,False,False,missed,/workspace/fashion_multimodal_analysis/reports/prd_3_1_v1/core_regression_v3_a3_smallsampling_v1/visualizations/img_352.jpg
353,Fashionpedia,../fashion_data/raw/fashionpedia/images/test/bf916c006f8adb3c0a45b5a7bfe4d782.jpg,SEGTEST1_0274,fashionpedia_ann_271,shoe,shoe,,0.0,False,0.0,False,0.0,False,False,missed,/workspace/fashion_multimodal_analysis/reports/prd_3_1_v1/core_regression_v3_a3_smallsampling_v1/visualizations/img_353.jpg
355,Fashionpedia,../fashion_data/raw/fashionpedia/images/test/c2d80480b743d45143725a5c223c16d9.jpg,SEGTEST1_0378,fashionpedia_ann_36,accessory,"headband, head covering, hair accessory",,0.0,False,0.0,False,0.0,False,False,missed,/workspace/fashion_multimodal_analysis/reports/prd_3_1_v1/core_regression_v3_a3_smallsampling_v1/visualizations/img_355.jpg
356,Fashionpedia,../fashion_data/raw/fashionpedia/images/test/c31564bf88c1d02aa8cb1e886ccaadef.jpg,SEGTEST1_0287,fashionpedia_ann_1307,shoe,shoe,,0.0,False,0.0,False,0.0,False,False,missed,/workspace/fashion_multimodal_analysis/reports/prd_3_1_v1/core_regression_v3_a3_smallsampling_v1/visualizations/img_356.jpg
357,Fashionpedia,../fashion_data/raw/fashionpedia/images/test/c4495c86c19fedfdf2fefb74d43fdd6d.jpg,SEGTEST1_0291,fashionpedia_ann_4431,shoe,shoe,bag,0.40458348393440247,True,0.5711438102423861,False,0.6565672844480258,False,False,wrong_class,/workspace/fashion_multimodal_analysis/reports/prd_3_1_v1/core_regression_v3_a3_smallsampling_v1/visualizations/img_357.jpg
358,Fashionpedia,../fashion_data/raw/fashionpedia/images/test/c49c54015b966bc7220c18569088e5ea.jpg,SEGTEST1_0270,fashionpedia_ann_333,shoe,shoe,,0.0,False,0.0,False,0.0,False,False,missed,/workspace/fashion_multimodal_analysis/reports/prd_3_1_v1/core_regression_v3_a3_smallsampling_v1/visualizations/img_358.jpg
359,Fashionpedia,../fashion_data/raw/fashionpedia/images/test/c61d5cca2c2a6e5f06a6ff26689e8f89.jpg,SEGTEST1_0341,fashionpedia_ann_2332,bag,"bag, wallet",,0.0,False,0.0,False,0.0,False,False,missed,/workspace/fashion_multimodal_analysis/reports/prd_3_1_v1/core_regression_v3_a3_smallsampling_v1/visualizations/img_359.jpg
360,Fashionpedia,../fashion_data/raw/fashionpedia/images/test/c71725f6c3b33f109c76c4d356efb90b.jpg,SEGTEST1_0259,fashionpedia_ann_6119,shoe,shoe,,0.0,False,0.0,False,0.0,False,False,missed,/workspace/fashion_multimodal_analysis/reports/prd_3_1_v1/core_regression_v3_a3_smallsampling_v1/visualizations/img_360.jpg
362,Fashionpedia,../fashion_data/raw/fashionpedia/images/test/cd49344a73f9e61527b4ef120e1ddfd0.jpg,SEGTEST1_0283,fashionpedia_ann_6516,shoe,shoe,,0.0,False,0.0,False,0.0,False,False,missed,/workspace/fashion_multimodal_analysis/reports/prd_3_1_v1/core_regression_v3_a3_smallsampling_v1/visualizations/img_362.jpg
364,Fashionpedia,../fashion_data/raw/fashionpedia/images/test/d451b646b79628026a369c045ed54462.jpg,SEGTEST1_0364,fashionpedia_ann_6404,accessory,scarf,,0.0,False,0.0,False,0.0,False,False,missed,/workspace/fashion_multimodal_analysis/reports/prd_3_1_v1/core_regression_v3_a3_smallsampling_v1/visualizations/img_364.jpg
365,Fashionpedia,../fashion_data/raw/fashionpedia/images/test/d47f5c8a886204cd7b315af23ce90b4e.jpg,SEGTEST1_0264,fashionpedia_ann_5515,shoe,shoe,,0.0,False,0.0,False,0.0,False,False,missed,/workspace/fashion_multimodal_analysis/reports/prd_3_1_v1/core_regression_v3_a3_smallsampling_v1/visualizations/img_365.jpg
366,Fashionpedia,../fashion_data/raw/fashionpedia/images/test/d8b36f1be818f71a0ab4224b829c1210.jpg,SEGTEST1_0385,fashionpedia_ann_1430,accessory,belt,,0.0,False,0.0,False,0.0,False,False,missed,/workspace/fashion_multimodal_analysis/reports/prd_3_1_v1/core_regression_v3_a3_smallsampling_v1/visualizations/img_366.jpg
367,Fashionpedia,../fashion_data/raw/fashionpedia/images/test/db85f62492da69d793339b2c124e7abb.jpg,SEGTEST1_0398,fashionpedia_ann_739,accessory,sock,,0.0,False,0.0,False,0.0,False,False,missed,/workspace/fashion_multimodal_analysis/reports/prd_3_1_v1/core_regression_v3_a3_smallsampling_v1/visualizations/img_367.jpg
368,Fashionpedia,../fashion_data/raw/fashionpedia/images/test/dcee0c0b136a4e8a004fef599a4c96f3.jpg,SEGTEST1_0267,fashionpedia_ann_4701,shoe,shoe,shoe,0.7715854644775391,True,0.7192295777577883,True,0.4969012837538734,False,False,low_mask_iou,/workspace/fashion_multimodal_analysis/reports/prd_3_1_v1/core_regression_v3_a3_smallsampling_v1/visualizations/img_368.jpg
369,Fashionpedia,../fashion_data/raw/fashionpedia/images/test/de3856d93bf781545f6453afbbeef077.jpg,SEGTEST1_0361,fashionpedia_ann_8233,accessory,sock,,0.0,False,0.0,False,0.0,False,False,missed,/workspace/fashion_multimodal_analysis/reports/prd_3_1_v1/core_regression_v3_a3_smallsampling_v1/visualizations/img_369.jpg
370,Fashionpedia,../fashion_data/raw/fashionpedia/images/test/de92afe62c9c4670a48c6c3e43440323.jpg,SEGTEST1_0332,fashionpedia_ann_3574,bag,"bag, wallet",,0.0,False,0.0,False,0.0,False,False,missed,/workspace/fashion_multimodal_analysis/reports/prd_3_1_v1/core_regression_v3_a3_smallsampling_v1/visualizations/img_370.jpg
372,Fashionpedia,../fashion_data/raw/fashionpedia/images/test/e18e46ee82d41e1a8bad90e817212331.jpg,SEGTEST1_0309,fashionpedia_ann_7652,bag,"bag, wallet",,0.0,False,0.0,False,0.0,False,False,missed,/workspace/fashion_multimodal_analysis/reports/prd_3_1_v1/core_regression_v3_a3_smallsampling_v1/visualizations/img_372.jpg
373,Fashionpedia,../fashion_data/raw/fashionpedia/images/test/e1c633bb82c74fbfc7504a7186c97751.jpg,SEGTEST1_0321,fashionpedia_ann_5803,bag,"bag, wallet",,0.0,False,0.0,False,0.0,False,False,missed,/workspace/fashion_multimodal_analysis/reports/prd_3_1_v1/core_regression_v3_a3_smallsampling_v1/visualizations/img_373.jpg
374,Fashionpedia,../fashion_data/raw/fashionpedia/images/test/e4de7821071dd5b1baa80bb9813a8895.jpg,SEGTEST1_0292,fashionpedia_ann_8216,shoe,shoe,,0.0,False,0.0,False,0.0,False,False,missed,/workspace/fashion_multimodal_analysis/reports/prd_3_1_v1/core_regression_v3_a3_smallsampling_v1/visualizations/img_374.jpg
375,Fashionpedia,../fashion_data/raw/fashionpedia/images/test/e58b172581a1b2e4d7ed70620b23d2be.jpg,SEGTEST1_0320,fashionpedia_ann_3471,bag,"bag, wallet",,0.0,False,0.0,False,0.0,False,False,missed,/workspace/fashion_multimodal_analysis/reports/prd_3_1_v1/core_regression_v3_a3_smallsampling_v1/visualizations/img_375.jpg
376,Fashionpedia,../fashion_data/raw/fashionpedia/images/test/e636280e96f3863157a4398c92fc299e.jpg,SEGTEST1_0366,fashionpedia_ann_8491,accessory,"tights, stockings",,0.0,False,0.0,False,0.0,False,False,missed,/workspace/fashion_multimodal_analysis/reports/prd_3_1_v1/core_regression_v3_a3_smallsampling_v1/visualizations/img_376.jpg
377,Fashionpedia,../fashion_data/raw/fashionpedia/images/test/e6468d04328e93755f40b49190b3f801.jpg,SEGTEST1_0326,fashionpedia_ann_1058,bag,"bag, wallet",,0.0,False,0.0,False,0.0,False,False,missed,/workspace/fashion_multimodal_analysis/reports/prd_3_1_v1/core_regression_v3_a3_smallsampling_v1/visualizations/img_377.jpg
378,Fashionpedia,../fashion_data/raw/fashionpedia/images/test/e73b13b557ab167a05cb10ed45decf52.jpg,SEGTEST1_0397,fashionpedia_ann_5636,accessory,"headband, head covering, hair accessory",,0.0,False,0.0,False,0.0,False,False,missed,/workspace/fashion_multimodal_analysis/reports/prd_3_1_v1/core_regression_v3_a3_smallsampling_v1/visualizations/img_378.jpg
380,Fashionpedia,../fashion_data/raw/fashionpedia/images/test/e9e415310c10ee05c1ebbf0f013c9269.jpg,SEGTEST1_0272,fashionpedia_ann_3763,shoe,shoe,,0.0,False,0.0,False,0.0,False,False,missed,/workspace/fashion_multimodal_analysis/reports/prd_3_1_v1/core_regression_v3_a3_smallsampling_v1/visualizations/img_380.jpg
381,Fashionpedia,../fashion_data/raw/fashionpedia/images/test/eb20c87403d09323d402b3461afbdb0e.jpg,SEGTEST1_0337,fashionpedia_ann_8409,bag,"bag, wallet",,0.0,False,0.0,False,0.0,False,False,missed,/workspace/fashion_multimodal_analysis/reports/prd_3_1_v1/core_regression_v3_a3_smallsampling_v1/visualizations/img_381.jpg
382,Fashionpedia,../fashion_data/raw/fashionpedia/images/test/ebf78f93576a0c6222dc50801fd113c6.jpg,SEGTEST1_0279,fashionpedia_ann_2463,shoe,shoe,,0.0,False,0.0,False,0.0,False,False,missed,/workspace/fashion_multimodal_analysis/reports/prd_3_1_v1/core_regression_v3_a3_smallsampling_v1/visualizations/img_382.jpg
383,Fashionpedia,../fashion_data/raw/fashionpedia/images/test/ec87f9472aa1aa6a6fb6fa44add1357a.jpg,SEGTEST1_0357,fashionpedia_ann_7485,accessory,hat,top,0.7496122717857361,True,0.5955205941847178,False,0.9335960637355806,False,False,wrong_class,/workspace/fashion_multimodal_analysis/reports/prd_3_1_v1/core_regression_v3_a3_smallsampling_v1/visualizations/img_383.jpg
385,Fashionpedia,../fashion_data/raw/fashionpedia/images/test/ef9f506c8d4345edbb63f7fb54bb2cf5.jpg,SEGTEST1_0359,fashionpedia_ann_4816,accessory,hat,,0.0,False,0.0,False,0.0,False,False,missed,/workspace/fashion_multimodal_analysis/reports/prd_3_1_v1/core_regression_v3_a3_smallsampling_v1/visualizations/img_385.jpg
386,Fashionpedia,../fashion_data/raw/fashionpedia/images/test/f33e666940ab7cb29212a29d4feda8ad.jpg,SEGTEST1_0327,fashionpedia_ann_3078,bag,"bag, wallet",,0.0,False,0.0,False,0.0,False,False,missed,/workspace/fashion_multimodal_analysis/reports/prd_3_1_v1/core_regression_v3_a3_smallsampling_v1/visualizations/img_386.jpg
387,Fashionpedia,../fashion_data/raw/fashionpedia/images/test/f43143d9807fbb2948474f68d8c6f550.jpg,SEGTEST1_0253,fashionpedia_ann_8145,shoe,shoe,,0.0,False,0.0,False,0.0,False,False,missed,/workspace/fashion_multimodal_analysis/reports/prd_3_1_v1/core_regression_v3_a3_smallsampling_v1/visualizations/img_387.jpg
388,Fashionpedia,../fashion_data/raw/fashionpedia/images/test/f4c8049f436b7edcb26c01d3219e14c2.jpg,SEGTEST1_0353,fashionpedia_ann_7825,accessory,belt,,0.0,False,0.0,False,0.0,False,False,missed,/workspace/fashion_multimodal_analysis/reports/prd_3_1_v1/core_regression_v3_a3_smallsampling_v1/visualizations/img_388.jpg
389,Fashionpedia,../fashion_data/raw/fashionpedia/images/test/f57152e44f9348050d59a71f9ca7f220.jpg,SEGTEST1_0400,fashionpedia_ann_938,accessory,scarf,,0.0,False,0.0,False,0.0,False,False,missed,/workspace/fashion_multimodal_analysis/reports/prd_3_1_v1/core_regression_v3_a3_smallsampling_v1/visualizations/img_389.jpg
390,Fashionpedia,../fashion_data/raw/fashionpedia/images/test/f8a4762ebff45ddd567bdb9dbb41d0b6.jpg,SEGTEST1_0295,fashionpedia_ann_2372,shoe,shoe,,0.0,False,0.0,False,0.0,False,False,missed,/workspace/fashion_multimodal_analysis/reports/prd_3_1_v1/core_regression_v3_a3_smallsampling_v1/visualizations/img_390.jpg
391,Fashionpedia,../fashion_data/raw/fashionpedia/images/test/f90c231e3eab5e147368c77592b6a7f7.jpg,SEGTEST1_0379,fashionpedia_ann_9087,accessory,"tights, stockings",,0.0,False,0.0,False,0.0,False,False,missed,/workspace/fashion_multimodal_analysis/reports/prd_3_1_v1/core_regression_v3_a3_smallsampling_v1/visualizations/img_391.jpg
392,Fashionpedia,../fashion_data/raw/fashionpedia/images/test/fa3e88c6a313433dd7884ce0abb5d27e.jpg,SEGTEST1_0303,fashionpedia_ann_8697,bag,"bag, wallet",bag,0.9087691307067871,True,0.6621308978209212,True,0.4763894919669996,False,False,low_mask_iou,/workspace/fashion_multimodal_analysis/reports/prd_3_1_v1/core_regression_v3_a3_smallsampling_v1/visualizations/img_392.jpg
393,Fashionpedia,../fashion_data/raw/fashionpedia/images/test/fa798612385be732aa8a70fb56d8bed0.jpg,SEGTEST1_0298,fashionpedia_ann_2246,shoe,shoe,,0.0,False,0.0,False,0.0,False,False,missed,/workspace/fashion_multimodal_analysis/reports/prd_3_1_v1/core_regression_v3_a3_smallsampling_v1/visualizations/img_393.jpg
394,Fashionpedia,../fashion_data/raw/fashionpedia/images/test/fa8cbbf127e163a2f512399049509d90.jpg,SEGTEST1_0328,fashionpedia_ann_2024,bag,"bag, wallet",,0.0,False,0.0,False,0.0,False,False,missed,/workspace/fashion_multimodal_analysis/reports/prd_3_1_v1/core_regression_v3_a3_smallsampling_v1/visualizations/img_394.jpg
395,Fashionpedia,../fashion_data/raw/fashionpedia/images/test/faef680c9ba90bd6852e6bc759341896.jpg,SEGTEST1_0399,fashionpedia_ann_6917,accessory,belt,,0.0,False,0.0,False,0.0,False,False,missed,/workspace/fashion_multimodal_analysis/reports/prd_3_1_v1/core_regression_v3_a3_smallsampling_v1/visualizations/img_395.jpg
396,Fashionpedia,../fashion_data/raw/fashionpedia/images/test/fb81f1a32e154a77e683f309cdf0794a.jpg,SEGTEST1_0376,fashionpedia_ann_1888,accessory,watch,,0.0,False,0.0,False,0.0,False,False,missed,/workspace/fashion_multimodal_analysis/reports/prd_3_1_v1/core_regression_v3_a3_smallsampling_v1/visualizations/img_396.jpg
397,Fashionpedia,../fashion_data/raw/fashionpedia/images/test/fb8c9b2e3aa874455182d777418321da.jpg,SEGTEST1_0289,fashionpedia_ann_1142,shoe,shoe,,0.0,False,0.0,False,0.0,False,False,missed,/workspace/fashion_multimodal_analysis/reports/prd_3_1_v1/core_regression_v3_a3_smallsampling_v1/visualizations/img_397.jpg
398,Fashionpedia,../fashion_data/raw/fashionpedia/images/test/fc3ee8e64072d2b42d6a8c2d1e52e2da.jpg,SEGTEST1_0373,fashionpedia_ann_8312,accessory,belt,,0.0,False,0.0,False,0.0,False,False,missed,/workspace/fashion_multimodal_analysis/reports/prd_3_1_v1/core_regression_v3_a3_smallsampling_v1/visualizations/img_398.jpg
399,Fashionpedia,../fashion_data/raw/fashionpedia/images/test/fd567ffad275955ac945eeeacc1fdac5.jpg,SEGTEST1_0391,fashionpedia_ann_5972,accessory,scarf,,0.0,False,0.0,False,0.0,False,False,missed,/workspace/fashion_multimodal_analysis/reports/prd_3_1_v1/core_regression_v3_a3_smallsampling_v1/visualizations/img_399.jpg
