review_sample_id,review_subset,garment_category,fine_or_source_category,source_dataset,source_image,garment_id,gt_overlay_path,category_valid,bbox_valid,mask_valid,image_quality_valid,ambiguous,review_status,reviewer_note,exclude_reason
SEGCORE1_0001,core,top,long_sleeve_top,DeepFashion2,../fashion_data/raw/train/train/image/139497.jpg,item1_long_sleeve_top,benchmark/prd_3_1_v1/candidates/segmentation_core_stress_v1/overlays/core/top/SEGCORE1_0001.jpg,,,,,,unreviewed,,
SEGCORE1_0002,core,top,long_sleeve_top,DeepFashion2,../fashion_data/raw/train/train/image/184161.jpg,item4_long_sleeve_top,benchmark/prd_3_1_v1/candidates/segmentation_core_stress_v1/overlays/core/top/SEGCORE1_0002.jpg,,,,,,unreviewed,,
SEGCORE1_0003,core,top,short_sleeve_top,DeepFashion2,../fashion_data/raw/train/train/image/157361.jpg,item2_short_sleeve_top,benchmark/prd_3_1_v1/candidates/segmentation_core_stress_v1/overlays/core/top/SEGCORE1_0003.jpg,,,,,,unreviewed,,
SEGCORE1_0004,core,top,vest,DeepFashion2,../fashion_data/raw/train/train/image/053896.jpg,item1_vest,benchmark/prd_3_1_v1/candidates/segmentation_core_stress_v1/overlays/core/top/SEGCORE1_0004.jpg,,,,,,unreviewed,,
SEGCORE1_0005,core,top,sling,DeepFashion2,../fashion_data/raw/train/train/image/008751.jpg,item2_sling,benchmark/prd_3_1_v1/candidates/segmentation_core_stress_v1/overlays/core/top/SEGCORE1_0005.jpg,,,,,,unreviewed,,
SEGCORE1_0006,core,top,short_sleeve_top,DeepFashion2,../fashion_data/raw/train/train/image/177014.jpg,item1_short_sleeve_top,benchmark/prd_3_1_v1/candidates/segmentation_core_stress_v1/overlays/core/top/SEGCORE1_0006.jpg,,,,,,unreviewed,,
SEGCORE1_0007,core,top,vest,DeepFashion2,../fashion_data/raw/train/train/image/035517.jpg,item2_vest,benchmark/prd_3_1_v1/candidates/segmentation_core_stress_v1/overlays/core/top/SEGCORE1_0007.jpg,,,,,,unreviewed,,
SEGCORE1_0008,core,top,sling,DeepFashion2,../fashion_data/raw/train/train/image/037085.jpg,item1_sling,benchmark/prd_3_1_v1/candidates/segmentation_core_stress_v1/overlays/core/top/SEGCORE1_0008.jpg,,,,,,unreviewed,,
SEGCORE1_0009,core,top,long_sleeve_top,DeepFashion2,../fashion_data/raw/train/train/image/151882.jpg,item2_long_sleeve_top,benchmark/prd_3_1_v1/candidates/segmentation_core_stress_v1/overlays/core/top/SEGCORE1_0009.jpg,,,,,,unreviewed,,
SEGCORE1_0010,core,top,short_sleeve_top,DeepFashion2,../fashion_data/raw/train/train/image/043213.jpg,item1_short_sleeve_top,benchmark/prd_3_1_v1/candidates/segmentation_core_stress_v1/overlays/core/top/SEGCORE1_0010.jpg,,,,,,unreviewed,,
SEGCORE1_0011,core,top,sling,DeepFashion2,../fashion_data/raw/train/train/image/087562.jpg,item1_sling,benchmark/prd_3_1_v1/candidates/segmentation_core_stress_v1/overlays/core/top/SEGCORE1_0011.jpg,,,,,,unreviewed,,
SEGCORE1_0012,core,top,vest,DeepFashion2,../fashion_data/raw/train/train/image/003154.jpg,item2_vest,benchmark/prd_3_1_v1/candidates/segmentation_core_stress_v1/overlays/core/top/SEGCORE1_0012.jpg,,,,,,unreviewed,,
SEGCORE1_0013,core,top,long_sleeve_top,DeepFashion2,../fashion_data/raw/train/train/image/151693.jpg,item1_long_sleeve_top,benchmark/prd_3_1_v1/candidates/segmentation_core_stress_v1/overlays/core/top/SEGCORE1_0013.jpg,,,,,,unreviewed,,
SEGCORE1_0014,core,top,long_sleeve_top,DeepFashion2,../fashion_data/raw/train/train/image/151041.jpg,item3_long_sleeve_top,benchmark/prd_3_1_v1/candidates/segmentation_core_stress_v1/overlays/core/top/SEGCORE1_0014.jpg,,,,,,unreviewed,,
SEGCORE1_0015,core,top,short_sleeve_top,DeepFashion2,../fashion_data/raw/train/train/image/157158.jpg,item1_short_sleeve_top,benchmark/prd_3_1_v1/candidates/segmentation_core_stress_v1/overlays/core/top/SEGCORE1_0015.jpg,,,,,,unreviewed,,
SEGCORE1_0016,core,top,vest,DeepFashion2,../fashion_data/raw/train/train/image/183243.jpg,item1_vest,benchmark/prd_3_1_v1/candidates/segmentation_core_stress_v1/overlays/core/top/SEGCORE1_0016.jpg,,,,,,unreviewed,,
SEGCORE1_0017,core,top,sling,DeepFashion2,../fashion_data/raw/train/train/image/166308.jpg,item2_sling,benchmark/prd_3_1_v1/candidates/segmentation_core_stress_v1/overlays/core/top/SEGCORE1_0017.jpg,,,,,,unreviewed,,
SEGCORE1_0018,core,top,short_sleeve_top,DeepFashion2,../fashion_data/raw/train/train/image/000030.jpg,item2_short_sleeve_top,benchmark/prd_3_1_v1/candidates/segmentation_core_stress_v1/overlays/core/top/SEGCORE1_0018.jpg,,,,,,unreviewed,,
SEGCORE1_0019,core,top,vest,DeepFashion2,../fashion_data/raw/train/train/image/130381.jpg,item2_vest,benchmark/prd_3_1_v1/candidates/segmentation_core_stress_v1/overlays/core/top/SEGCORE1_0019.jpg,,,,,,unreviewed,,
SEGCORE1_0020,core,top,sling,DeepFashion2,../fashion_data/raw/train/train/image/042495.jpg,item1_sling,benchmark/prd_3_1_v1/candidates/segmentation_core_stress_v1/overlays/core/top/SEGCORE1_0020.jpg,,,,,,unreviewed,,
SEGCORE1_0021,core,top,long_sleeve_top,DeepFashion2,../fashion_data/raw/train/train/image/189305.jpg,item1_long_sleeve_top,benchmark/prd_3_1_v1/candidates/segmentation_core_stress_v1/overlays/core/top/SEGCORE1_0021.jpg,,,,,,unreviewed,,
SEGCORE1_0022,core,top,short_sleeve_top,DeepFashion2,../fashion_data/raw/train/train/image/037017.jpg,item2_short_sleeve_top,benchmark/prd_3_1_v1/candidates/segmentation_core_stress_v1/overlays/core/top/SEGCORE1_0022.jpg,,,,,,unreviewed,,
SEGCORE1_0023,core,top,sling,DeepFashion2,../fashion_data/raw/train/train/image/097678.jpg,item1_sling,benchmark/prd_3_1_v1/candidates/segmentation_core_stress_v1/overlays/core/top/SEGCORE1_0023.jpg,,,,,,unreviewed,,
SEGCORE1_0024,core,top,vest,DeepFashion2,../fashion_data/raw/train/train/image/136524.jpg,item1_vest,benchmark/prd_3_1_v1/candidates/segmentation_core_stress_v1/overlays/core/top/SEGCORE1_0024.jpg,,,,,,unreviewed,,
SEGCORE1_0025,core,top,long_sleeve_top,DeepFashion2,../fashion_data/raw/train/train/image/085563.jpg,item1_long_sleeve_top,benchmark/prd_3_1_v1/candidates/segmentation_core_stress_v1/overlays/core/top/SEGCORE1_0025.jpg,,,,,,unreviewed,,
SEGCORE1_0026,core,top,long_sleeve_top,DeepFashion2,../fashion_data/raw/train/train/image/180680.jpg,item2_long_sleeve_top,benchmark/prd_3_1_v1/candidates/segmentation_core_stress_v1/overlays/core/top/SEGCORE1_0026.jpg,,,,,,unreviewed,,
SEGCORE1_0027,core,top,short_sleeve_top,DeepFashion2,../fashion_data/raw/train/train/image/170967.jpg,item1_short_sleeve_top,benchmark/prd_3_1_v1/candidates/segmentation_core_stress_v1/overlays/core/top/SEGCORE1_0027.jpg,,,,,,unreviewed,,
SEGCORE1_0028,core,top,vest,DeepFashion2,../fashion_data/raw/train/train/image/125923.jpg,item1_vest,benchmark/prd_3_1_v1/candidates/segmentation_core_stress_v1/overlays/core/top/SEGCORE1_0028.jpg,,,,,,unreviewed,,
SEGCORE1_0029,core,top,sling,DeepFashion2,../fashion_data/raw/train/train/image/147653.jpg,item3_sling,benchmark/prd_3_1_v1/candidates/segmentation_core_stress_v1/overlays/core/top/SEGCORE1_0029.jpg,,,,,,unreviewed,,
SEGCORE1_0030,core,top,short_sleeve_top,DeepFashion2,../fashion_data/raw/train/train/image/103900.jpg,item2_short_sleeve_top,benchmark/prd_3_1_v1/candidates/segmentation_core_stress_v1/overlays/core/top/SEGCORE1_0030.jpg,,,,,,unreviewed,,
SEGCORE1_0031,core,top,vest,DeepFashion2,../fashion_data/raw/train/train/image/170129.jpg,item1_vest,benchmark/prd_3_1_v1/candidates/segmentation_core_stress_v1/overlays/core/top/SEGCORE1_0031.jpg,,,,,,unreviewed,,
SEGCORE1_0032,core,top,sling,DeepFashion2,../fashion_data/raw/train/train/image/095959.jpg,item1_sling,benchmark/prd_3_1_v1/candidates/segmentation_core_stress_v1/overlays/core/top/SEGCORE1_0032.jpg,,,,,,unreviewed,,
SEGCORE1_0033,core,top,long_sleeve_top,DeepFashion2,../fashion_data/raw/train/train/image/163136.jpg,item2_long_sleeve_top,benchmark/prd_3_1_v1/candidates/segmentation_core_stress_v1/overlays/core/top/SEGCORE1_0033.jpg,,,,,,unreviewed,,
SEGCORE1_0034,core,top,short_sleeve_top,DeepFashion2,../fashion_data/raw/train/train/image/177143.jpg,item1_short_sleeve_top,benchmark/prd_3_1_v1/candidates/segmentation_core_stress_v1/overlays/core/top/SEGCORE1_0034.jpg,,,,,,unreviewed,,
SEGCORE1_0035,core,top,sling,DeepFashion2,../fashion_data/raw/train/train/image/125786.jpg,item2_sling,benchmark/prd_3_1_v1/candidates/segmentation_core_stress_v1/overlays/core/top/SEGCORE1_0035.jpg,,,,,,unreviewed,,
SEGCORE1_0036,core,top,vest,DeepFashion2,../fashion_data/raw/train/train/image/164987.jpg,item1_vest,benchmark/prd_3_1_v1/candidates/segmentation_core_stress_v1/overlays/core/top/SEGCORE1_0036.jpg,,,,,,unreviewed,,
SEGCORE1_0037,core,top,long_sleeve_top,DeepFashion2,../fashion_data/raw/train/train/image/134988.jpg,item2_long_sleeve_top,benchmark/prd_3_1_v1/candidates/segmentation_core_stress_v1/overlays/core/top/SEGCORE1_0037.jpg,,,,,,unreviewed,,
SEGCORE1_0038,core,top,long_sleeve_top,DeepFashion2,../fashion_data/raw/train/train/image/124000.jpg,item2_long_sleeve_top,benchmark/prd_3_1_v1/candidates/segmentation_core_stress_v1/overlays/core/top/SEGCORE1_0038.jpg,,,,,,unreviewed,,
SEGCORE1_0039,core,top,short_sleeve_top,DeepFashion2,../fashion_data/raw/train/train/image/189034.jpg,item1_short_sleeve_top,benchmark/prd_3_1_v1/candidates/segmentation_core_stress_v1/overlays/core/top/SEGCORE1_0039.jpg,,,,,,unreviewed,,
SEGCORE1_0040,core,top,vest,DeepFashion2,../fashion_data/raw/train/train/image/154454.jpg,item1_vest,benchmark/prd_3_1_v1/candidates/segmentation_core_stress_v1/overlays/core/top/SEGCORE1_0040.jpg,,,,,,unreviewed,,
SEGCORE1_0041,core,top,sling,DeepFashion2,../fashion_data/raw/train/train/image/135480.jpg,item1_sling,benchmark/prd_3_1_v1/candidates/segmentation_core_stress_v1/overlays/core/top/SEGCORE1_0041.jpg,,,,,,unreviewed,,
SEGCORE1_0042,core,top,short_sleeve_top,DeepFashion2,../fashion_data/raw/train/train/image/069374.jpg,item1_short_sleeve_top,benchmark/prd_3_1_v1/candidates/segmentation_core_stress_v1/overlays/core/top/SEGCORE1_0042.jpg,,,,,,unreviewed,,
SEGCORE1_0043,core,top,vest,DeepFashion2,../fashion_data/raw/train/train/image/176527.jpg,item1_vest,benchmark/prd_3_1_v1/candidates/segmentation_core_stress_v1/overlays/core/top/SEGCORE1_0043.jpg,,,,,,unreviewed,,
SEGCORE1_0044,core,top,sling,DeepFashion2,../fashion_data/raw/train/train/image/044433.jpg,item1_sling,benchmark/prd_3_1_v1/candidates/segmentation_core_stress_v1/overlays/core/top/SEGCORE1_0044.jpg,,,,,,unreviewed,,
SEGCORE1_0045,core,top,long_sleeve_top,DeepFashion2,../fashion_data/raw/train/train/image/179803.jpg,item2_long_sleeve_top,benchmark/prd_3_1_v1/candidates/segmentation_core_stress_v1/overlays/core/top/SEGCORE1_0045.jpg,,,,,,unreviewed,,
SEGCORE1_0046,core,top,short_sleeve_top,DeepFashion2,../fashion_data/raw/train/train/image/135885.jpg,item1_short_sleeve_top,benchmark/prd_3_1_v1/candidates/segmentation_core_stress_v1/overlays/core/top/SEGCORE1_0046.jpg,,,,,,unreviewed,,
SEGCORE1_0047,core,top,sling,DeepFashion2,../fashion_data/raw/train/train/image/037086.jpg,item1_sling,benchmark/prd_3_1_v1/candidates/segmentation_core_stress_v1/overlays/core/top/SEGCORE1_0047.jpg,,,,,,unreviewed,,
SEGCORE1_0048,core,top,vest,DeepFashion2,../fashion_data/raw/train/train/image/181040.jpg,item1_vest,benchmark/prd_3_1_v1/candidates/segmentation_core_stress_v1/overlays/core/top/SEGCORE1_0048.jpg,,,,,,unreviewed,,
SEGCORE1_0049,core,top,long_sleeve_top,DeepFashion2,../fashion_data/raw/train/train/image/150280.jpg,item1_long_sleeve_top,benchmark/prd_3_1_v1/candidates/segmentation_core_stress_v1/overlays/core/top/SEGCORE1_0049.jpg,,,,,,unreviewed,,
SEGCORE1_0050,core,top,long_sleeve_top,DeepFashion2,../fashion_data/raw/train/train/image/169170.jpg,item1_long_sleeve_top,benchmark/prd_3_1_v1/candidates/segmentation_core_stress_v1/overlays/core/top/SEGCORE1_0050.jpg,,,,,,unreviewed,,
SEGCORE1_0051,core,top,short_sleeve_top,DeepFashion2,../fashion_data/raw/train/train/image/166745.jpg,item2_short_sleeve_top,benchmark/prd_3_1_v1/candidates/segmentation_core_stress_v1/overlays/core/top/SEGCORE1_0051.jpg,,,,,,unreviewed,,
SEGCORE1_0052,core,top,vest,DeepFashion2,../fashion_data/raw/train/train/image/039931.jpg,item1_vest,benchmark/prd_3_1_v1/candidates/segmentation_core_stress_v1/overlays/core/top/SEGCORE1_0052.jpg,,,,,,unreviewed,,
SEGCORE1_0053,core,top,sling,DeepFashion2,../fashion_data/raw/train/train/image/097676.jpg,item1_sling,benchmark/prd_3_1_v1/candidates/segmentation_core_stress_v1/overlays/core/top/SEGCORE1_0053.jpg,,,,,,unreviewed,,
SEGCORE1_0054,core,top,short_sleeve_top,DeepFashion2,../fashion_data/raw/train/train/image/025637.jpg,item2_short_sleeve_top,benchmark/prd_3_1_v1/candidates/segmentation_core_stress_v1/overlays/core/top/SEGCORE1_0054.jpg,,,,,,unreviewed,,
SEGCORE1_0055,core,top,vest,DeepFashion2,../fashion_data/raw/train/train/image/056499.jpg,item2_vest,benchmark/prd_3_1_v1/candidates/segmentation_core_stress_v1/overlays/core/top/SEGCORE1_0055.jpg,,,,,,unreviewed,,
SEGCORE1_0056,core,pants,shorts,DeepFashion2,../fashion_data/raw/train/train/image/133276.jpg,item2_shorts,benchmark/prd_3_1_v1/candidates/segmentation_core_stress_v1/overlays/core/pants/SEGCORE1_0056.jpg,,,,,,unreviewed,,
SEGCORE1_0057,core,pants,trousers,DeepFashion2,../fashion_data/raw/train/train/image/061377.jpg,item2_trousers,benchmark/prd_3_1_v1/candidates/segmentation_core_stress_v1/overlays/core/pants/SEGCORE1_0057.jpg,,,,,,unreviewed,,
SEGCORE1_0058,core,pants,shorts,DeepFashion2,../fashion_data/raw/train/train/image/022171.jpg,item2_shorts,benchmark/prd_3_1_v1/candidates/segmentation_core_stress_v1/overlays/core/pants/SEGCORE1_0058.jpg,,,,,,unreviewed,,
SEGCORE1_0059,core,pants,trousers,DeepFashion2,../fashion_data/raw/train/train/image/176387.jpg,item2_trousers,benchmark/prd_3_1_v1/candidates/segmentation_core_stress_v1/overlays/core/pants/SEGCORE1_0059.jpg,,,,,,unreviewed,,
SEGCORE1_0060,core,pants,trousers,DeepFashion2,../fashion_data/raw/train/train/image/017444.jpg,item2_trousers,benchmark/prd_3_1_v1/candidates/segmentation_core_stress_v1/overlays/core/pants/SEGCORE1_0060.jpg,,,,,,unreviewed,,
SEGCORE1_0061,core,pants,shorts,DeepFashion2,../fashion_data/raw/train/train/image/040842.jpg,item2_shorts,benchmark/prd_3_1_v1/candidates/segmentation_core_stress_v1/overlays/core/pants/SEGCORE1_0061.jpg,,,,,,unreviewed,,
SEGCORE1_0062,core,pants,shorts,DeepFashion2,../fashion_data/raw/train/train/image/075048.jpg,item2_shorts,benchmark/prd_3_1_v1/candidates/segmentation_core_stress_v1/overlays/core/pants/SEGCORE1_0062.jpg,,,,,,unreviewed,,
SEGCORE1_0063,core,pants,trousers,DeepFashion2,../fashion_data/raw/train/train/image/034749.jpg,item2_trousers,benchmark/prd_3_1_v1/candidates/segmentation_core_stress_v1/overlays/core/pants/SEGCORE1_0063.jpg,,,,,,unreviewed,,
SEGCORE1_0064,core,pants,shorts,DeepFashion2,../fashion_data/raw/train/train/image/152851.jpg,item1_shorts,benchmark/prd_3_1_v1/candidates/segmentation_core_stress_v1/overlays/core/pants/SEGCORE1_0064.jpg,,,,,,unreviewed,,
SEGCORE1_0065,core,pants,trousers,DeepFashion2,../fashion_data/raw/train/train/image/123996.jpg,item1_trousers,benchmark/prd_3_1_v1/candidates/segmentation_core_stress_v1/overlays/core/pants/SEGCORE1_0065.jpg,,,,,,unreviewed,,
SEGCORE1_0066,core,pants,trousers,DeepFashion2,../fashion_data/raw/train/train/image/125522.jpg,item2_trousers,benchmark/prd_3_1_v1/candidates/segmentation_core_stress_v1/overlays/core/pants/SEGCORE1_0066.jpg,,,,,,unreviewed,,
SEGCORE1_0067,core,pants,shorts,DeepFashion2,../fashion_data/raw/train/train/image/094080.jpg,item1_shorts,benchmark/prd_3_1_v1/candidates/segmentation_core_stress_v1/overlays/core/pants/SEGCORE1_0067.jpg,,,,,,unreviewed,,
SEGCORE1_0068,core,pants,shorts,DeepFashion2,../fashion_data/raw/train/train/image/029778.jpg,item2_shorts,benchmark/prd_3_1_v1/candidates/segmentation_core_stress_v1/overlays/core/pants/SEGCORE1_0068.jpg,,,,,,unreviewed,,
SEGCORE1_0069,core,pants,trousers,DeepFashion2,../fashion_data/raw/train/train/image/084796.jpg,item1_trousers,benchmark/prd_3_1_v1/candidates/segmentation_core_stress_v1/overlays/core/pants/SEGCORE1_0069.jpg,,,,,,unreviewed,,
SEGCORE1_0070,core,pants,shorts,DeepFashion2,../fashion_data/raw/train/train/image/009347.jpg,item3_shorts,benchmark/prd_3_1_v1/candidates/segmentation_core_stress_v1/overlays/core/pants/SEGCORE1_0070.jpg,,,,,,unreviewed,,
SEGCORE1_0071,core,pants,trousers,DeepFashion2,../fashion_data/raw/train/train/image/097372.jpg,item1_trousers,benchmark/prd_3_1_v1/candidates/segmentation_core_stress_v1/overlays/core/pants/SEGCORE1_0071.jpg,,,,,,unreviewed,,
SEGCORE1_0072,core,pants,trousers,DeepFashion2,../fashion_data/raw/train/train/image/017043.jpg,item2_trousers,benchmark/prd_3_1_v1/candidates/segmentation_core_stress_v1/overlays/core/pants/SEGCORE1_0072.jpg,,,,,,unreviewed,,
SEGCORE1_0073,core,pants,shorts,DeepFashion2,../fashion_data/raw/train/train/image/139827.jpg,item2_shorts,benchmark/prd_3_1_v1/candidates/segmentation_core_stress_v1/overlays/core/pants/SEGCORE1_0073.jpg,,,,,,unreviewed,,
SEGCORE1_0074,core,pants,shorts,DeepFashion2,../fashion_data/raw/train/train/image/002606.jpg,item1_shorts,benchmark/prd_3_1_v1/candidates/segmentation_core_stress_v1/overlays/core/pants/SEGCORE1_0074.jpg,,,,,,unreviewed,,
SEGCORE1_0075,core,pants,trousers,DeepFashion2,../fashion_data/raw/train/train/image/080011.jpg,item1_trousers,benchmark/prd_3_1_v1/candidates/segmentation_core_stress_v1/overlays/core/pants/SEGCORE1_0075.jpg,,,,,,unreviewed,,
SEGCORE1_0076,core,pants,shorts,DeepFashion2,../fashion_data/raw/train/train/image/150634.jpg,item4_shorts,benchmark/prd_3_1_v1/candidates/segmentation_core_stress_v1/overlays/core/pants/SEGCORE1_0076.jpg,,,,,,unreviewed,,
SEGCORE1_0077,core,pants,trousers,DeepFashion2,../fashion_data/raw/train/train/image/119825.jpg,item4_trousers,benchmark/prd_3_1_v1/candidates/segmentation_core_stress_v1/overlays/core/pants/SEGCORE1_0077.jpg,,,,,,unreviewed,,
SEGCORE1_0078,core,pants,trousers,DeepFashion2,../fashion_data/raw/train/train/image/187488.jpg,item2_trousers,benchmark/prd_3_1_v1/candidates/segmentation_core_stress_v1/overlays/core/pants/SEGCORE1_0078.jpg,,,,,,unreviewed,,
SEGCORE1_0079,core,pants,shorts,DeepFashion2,../fashion_data/raw/train/train/image/165686.jpg,item2_shorts,benchmark/prd_3_1_v1/candidates/segmentation_core_stress_v1/overlays/core/pants/SEGCORE1_0079.jpg,,,,,,unreviewed,,
SEGCORE1_0080,core,pants,shorts,DeepFashion2,../fashion_data/raw/train/train/image/145247.jpg,item1_shorts,benchmark/prd_3_1_v1/candidates/segmentation_core_stress_v1/overlays/core/pants/SEGCORE1_0080.jpg,,,,,,unreviewed,,
SEGCORE1_0081,core,pants,trousers,DeepFashion2,../fashion_data/raw/train/train/image/013530.jpg,item1_trousers,benchmark/prd_3_1_v1/candidates/segmentation_core_stress_v1/overlays/core/pants/SEGCORE1_0081.jpg,,,,,,unreviewed,,
SEGCORE1_0082,core,pants,shorts,DeepFashion2,../fashion_data/raw/train/train/image/026481.jpg,item2_shorts,benchmark/prd_3_1_v1/candidates/segmentation_core_stress_v1/overlays/core/pants/SEGCORE1_0082.jpg,,,,,,unreviewed,,
SEGCORE1_0083,core,pants,trousers,DeepFashion2,../fashion_data/raw/train/train/image/178531.jpg,item2_trousers,benchmark/prd_3_1_v1/candidates/segmentation_core_stress_v1/overlays/core/pants/SEGCORE1_0083.jpg,,,,,,unreviewed,,
SEGCORE1_0084,core,pants,trousers,DeepFashion2,../fashion_data/raw/train/train/image/173516.jpg,item2_trousers,benchmark/prd_3_1_v1/candidates/segmentation_core_stress_v1/overlays/core/pants/SEGCORE1_0084.jpg,,,,,,unreviewed,,
SEGCORE1_0085,core,pants,shorts,DeepFashion2,../fashion_data/raw/train/train/image/002356.jpg,item2_shorts,benchmark/prd_3_1_v1/candidates/segmentation_core_stress_v1/overlays/core/pants/SEGCORE1_0085.jpg,,,,,,unreviewed,,
SEGCORE1_0086,core,pants,shorts,DeepFashion2,../fashion_data/raw/train/train/image/105675.jpg,item2_shorts,benchmark/prd_3_1_v1/candidates/segmentation_core_stress_v1/overlays/core/pants/SEGCORE1_0086.jpg,,,,,,unreviewed,,
SEGCORE1_0087,core,pants,trousers,DeepFashion2,../fashion_data/raw/train/train/image/191328.jpg,item1_trousers,benchmark/prd_3_1_v1/candidates/segmentation_core_stress_v1/overlays/core/pants/SEGCORE1_0087.jpg,,,,,,unreviewed,,
SEGCORE1_0088,core,pants,shorts,DeepFashion2,../fashion_data/raw/train/train/image/125781.jpg,item2_shorts,benchmark/prd_3_1_v1/candidates/segmentation_core_stress_v1/overlays/core/pants/SEGCORE1_0088.jpg,,,,,,unreviewed,,
SEGCORE1_0089,core,pants,trousers,DeepFashion2,../fashion_data/raw/train/train/image/011155.jpg,item3_trousers,benchmark/prd_3_1_v1/candidates/segmentation_core_stress_v1/overlays/core/pants/SEGCORE1_0089.jpg,,,,,,unreviewed,,
SEGCORE1_0090,core,pants,trousers,DeepFashion2,../fashion_data/raw/train/train/image/185467.jpg,item2_trousers,benchmark/prd_3_1_v1/candidates/segmentation_core_stress_v1/overlays/core/pants/SEGCORE1_0090.jpg,,,,,,unreviewed,,
SEGCORE1_0091,core,pants,shorts,DeepFashion2,../fashion_data/raw/train/train/image/015729.jpg,item2_shorts,benchmark/prd_3_1_v1/candidates/segmentation_core_stress_v1/overlays/core/pants/SEGCORE1_0091.jpg,,,,,,unreviewed,,
SEGCORE1_0092,core,pants,shorts,DeepFashion2,../fashion_data/raw/train/train/image/003346.jpg,item2_shorts,benchmark/prd_3_1_v1/candidates/segmentation_core_stress_v1/overlays/core/pants/SEGCORE1_0092.jpg,,,,,,unreviewed,,
SEGCORE1_0093,core,pants,trousers,DeepFashion2,../fashion_data/raw/train/train/image/088496.jpg,item2_trousers,benchmark/prd_3_1_v1/candidates/segmentation_core_stress_v1/overlays/core/pants/SEGCORE1_0093.jpg,,,,,,unreviewed,,
SEGCORE1_0094,core,pants,shorts,DeepFashion2,../fashion_data/raw/train/train/image/046633.jpg,item2_shorts,benchmark/prd_3_1_v1/candidates/segmentation_core_stress_v1/overlays/core/pants/SEGCORE1_0094.jpg,,,,,,unreviewed,,
SEGCORE1_0095,core,pants,trousers,DeepFashion2,../fashion_data/raw/train/train/image/019502.jpg,item4_trousers,benchmark/prd_3_1_v1/candidates/segmentation_core_stress_v1/overlays/core/pants/SEGCORE1_0095.jpg,,,,,,unreviewed,,
SEGCORE1_0096,core,pants,trousers,DeepFashion2,../fashion_data/raw/train/train/image/130980.jpg,item2_trousers,benchmark/prd_3_1_v1/candidates/segmentation_core_stress_v1/overlays/core/pants/SEGCORE1_0096.jpg,,,,,,unreviewed,,
SEGCORE1_0097,core,pants,shorts,DeepFashion2,../fashion_data/raw/train/train/image/031100.jpg,item2_shorts,benchmark/prd_3_1_v1/candidates/segmentation_core_stress_v1/overlays/core/pants/SEGCORE1_0097.jpg,,,,,,unreviewed,,
SEGCORE1_0098,core,pants,shorts,DeepFashion2,../fashion_data/raw/train/train/image/005171.jpg,item2_shorts,benchmark/prd_3_1_v1/candidates/segmentation_core_stress_v1/overlays/core/pants/SEGCORE1_0098.jpg,,,,,,unreviewed,,
SEGCORE1_0099,core,pants,trousers,DeepFashion2,../fashion_data/raw/train/train/image/032283.jpg,item1_trousers,benchmark/prd_3_1_v1/candidates/segmentation_core_stress_v1/overlays/core/pants/SEGCORE1_0099.jpg,,,,,,unreviewed,,
SEGCORE1_0100,core,pants,shorts,DeepFashion2,../fashion_data/raw/train/train/image/155942.jpg,item2_shorts,benchmark/prd_3_1_v1/candidates/segmentation_core_stress_v1/overlays/core/pants/SEGCORE1_0100.jpg,,,,,,unreviewed,,
SEGCORE1_0101,core,pants,trousers,DeepFashion2,../fashion_data/raw/train/train/image/020193.jpg,item2_trousers,benchmark/prd_3_1_v1/candidates/segmentation_core_stress_v1/overlays/core/pants/SEGCORE1_0101.jpg,,,,,,unreviewed,,
SEGCORE1_0102,core,pants,trousers,DeepFashion2,../fashion_data/raw/train/train/image/163902.jpg,item2_trousers,benchmark/prd_3_1_v1/candidates/segmentation_core_stress_v1/overlays/core/pants/SEGCORE1_0102.jpg,,,,,,unreviewed,,
SEGCORE1_0103,core,pants,shorts,DeepFashion2,../fashion_data/raw/train/train/image/158869.jpg,item2_shorts,benchmark/prd_3_1_v1/candidates/segmentation_core_stress_v1/overlays/core/pants/SEGCORE1_0103.jpg,,,,,,unreviewed,,
SEGCORE1_0104,core,pants,shorts,DeepFashion2,../fashion_data/raw/train/train/image/101001.jpg,item1_shorts,benchmark/prd_3_1_v1/candidates/segmentation_core_stress_v1/overlays/core/pants/SEGCORE1_0104.jpg,,,,,,unreviewed,,
SEGCORE1_0105,core,pants,trousers,DeepFashion2,../fashion_data/raw/train/train/image/009613.jpg,item1_trousers,benchmark/prd_3_1_v1/candidates/segmentation_core_stress_v1/overlays/core/pants/SEGCORE1_0105.jpg,,,,,,unreviewed,,
SEGCORE1_0106,core,pants,shorts,DeepFashion2,../fashion_data/raw/train/train/image/155150.jpg,item2_shorts,benchmark/prd_3_1_v1/candidates/segmentation_core_stress_v1/overlays/core/pants/SEGCORE1_0106.jpg,,,,,,unreviewed,,
SEGCORE1_0107,core,pants,trousers,DeepFashion2,../fashion_data/raw/train/train/image/000530.jpg,item2_trousers,benchmark/prd_3_1_v1/candidates/segmentation_core_stress_v1/overlays/core/pants/SEGCORE1_0107.jpg,,,,,,unreviewed,,
SEGCORE1_0108,core,pants,trousers,DeepFashion2,../fashion_data/raw/train/train/image/117533.jpg,item1_trousers,benchmark/prd_3_1_v1/candidates/segmentation_core_stress_v1/overlays/core/pants/SEGCORE1_0108.jpg,,,,,,unreviewed,,
SEGCORE1_0109,core,pants,shorts,DeepFashion2,../fashion_data/raw/train/train/image/166810.jpg,item2_shorts,benchmark/prd_3_1_v1/candidates/segmentation_core_stress_v1/overlays/core/pants/SEGCORE1_0109.jpg,,,,,,unreviewed,,
SEGCORE1_0110,core,pants,shorts,DeepFashion2,../fashion_data/raw/train/train/image/181994.jpg,item2_shorts,benchmark/prd_3_1_v1/candidates/segmentation_core_stress_v1/overlays/core/pants/SEGCORE1_0110.jpg,,,,,,unreviewed,,
SEGCORE1_0111,core,skirt,skirt,DeepFashion2,../fashion_data/raw/train/train/image/069587.jpg,item1_skirt,benchmark/prd_3_1_v1/candidates/segmentation_core_stress_v1/overlays/core/skirt/SEGCORE1_0111.jpg,,,,,,unreviewed,,
SEGCORE1_0112,core,skirt,skirt,DeepFashion2,../fashion_data/raw/train/train/image/072874.jpg,item2_skirt,benchmark/prd_3_1_v1/candidates/segmentation_core_stress_v1/overlays/core/skirt/SEGCORE1_0112.jpg,,,,,,unreviewed,,
SEGCORE1_0113,core,skirt,skirt,DeepFashion2,../fashion_data/raw/train/train/image/131577.jpg,item2_skirt,benchmark/prd_3_1_v1/candidates/segmentation_core_stress_v1/overlays/core/skirt/SEGCORE1_0113.jpg,,,,,,unreviewed,,
SEGCORE1_0114,core,skirt,skirt,DeepFashion2,../fashion_data/raw/train/train/image/124376.jpg,item2_skirt,benchmark/prd_3_1_v1/candidates/segmentation_core_stress_v1/overlays/core/skirt/SEGCORE1_0114.jpg,,,,,,unreviewed,,
SEGCORE1_0115,core,skirt,skirt,DeepFashion2,../fashion_data/raw/train/train/image/068996.jpg,item2_skirt,benchmark/prd_3_1_v1/candidates/segmentation_core_stress_v1/overlays/core/skirt/SEGCORE1_0115.jpg,,,,,,unreviewed,,
SEGCORE1_0116,core,skirt,skirt,DeepFashion2,../fashion_data/raw/train/train/image/051038.jpg,item2_skirt,benchmark/prd_3_1_v1/candidates/segmentation_core_stress_v1/overlays/core/skirt/SEGCORE1_0116.jpg,,,,,,unreviewed,,
SEGCORE1_0117,core,skirt,skirt,DeepFashion2,../fashion_data/raw/train/train/image/142272.jpg,item1_skirt,benchmark/prd_3_1_v1/candidates/segmentation_core_stress_v1/overlays/core/skirt/SEGCORE1_0117.jpg,,,,,,unreviewed,,
SEGCORE1_0118,core,skirt,skirt,DeepFashion2,../fashion_data/raw/train/train/image/040782.jpg,item1_skirt,benchmark/prd_3_1_v1/candidates/segmentation_core_stress_v1/overlays/core/skirt/SEGCORE1_0118.jpg,,,,,,unreviewed,,
SEGCORE1_0119,core,skirt,skirt,DeepFashion2,../fashion_data/raw/train/train/image/053306.jpg,item2_skirt,benchmark/prd_3_1_v1/candidates/segmentation_core_stress_v1/overlays/core/skirt/SEGCORE1_0119.jpg,,,,,,unreviewed,,
SEGCORE1_0120,core,skirt,skirt,DeepFashion2,../fashion_data/raw/train/train/image/149160.jpg,item2_skirt,benchmark/prd_3_1_v1/candidates/segmentation_core_stress_v1/overlays/core/skirt/SEGCORE1_0120.jpg,,,,,,unreviewed,,
SEGCORE1_0121,core,skirt,skirt,DeepFashion2,../fashion_data/raw/train/train/image/111944.jpg,item2_skirt,benchmark/prd_3_1_v1/candidates/segmentation_core_stress_v1/overlays/core/skirt/SEGCORE1_0121.jpg,,,,,,unreviewed,,
SEGCORE1_0122,core,skirt,skirt,DeepFashion2,../fashion_data/raw/train/train/image/089712.jpg,item2_skirt,benchmark/prd_3_1_v1/candidates/segmentation_core_stress_v1/overlays/core/skirt/SEGCORE1_0122.jpg,,,,,,unreviewed,,
SEGCORE1_0123,core,skirt,skirt,DeepFashion2,../fashion_data/raw/train/train/image/097814.jpg,item2_skirt,benchmark/prd_3_1_v1/candidates/segmentation_core_stress_v1/overlays/core/skirt/SEGCORE1_0123.jpg,,,,,,unreviewed,,
SEGCORE1_0124,core,skirt,skirt,DeepFashion2,../fashion_data/raw/train/train/image/075663.jpg,item2_skirt,benchmark/prd_3_1_v1/candidates/segmentation_core_stress_v1/overlays/core/skirt/SEGCORE1_0124.jpg,,,,,,unreviewed,,
SEGCORE1_0125,core,skirt,skirt,DeepFashion2,../fashion_data/raw/train/train/image/132895.jpg,item2_skirt,benchmark/prd_3_1_v1/candidates/segmentation_core_stress_v1/overlays/core/skirt/SEGCORE1_0125.jpg,,,,,,unreviewed,,
SEGCORE1_0126,core,skirt,skirt,DeepFashion2,../fashion_data/raw/train/train/image/103669.jpg,item2_skirt,benchmark/prd_3_1_v1/candidates/segmentation_core_stress_v1/overlays/core/skirt/SEGCORE1_0126.jpg,,,,,,unreviewed,,
SEGCORE1_0127,core,skirt,skirt,DeepFashion2,../fashion_data/raw/train/train/image/133015.jpg,item2_skirt,benchmark/prd_3_1_v1/candidates/segmentation_core_stress_v1/overlays/core/skirt/SEGCORE1_0127.jpg,,,,,,unreviewed,,
SEGCORE1_0128,core,skirt,skirt,DeepFashion2,../fashion_data/raw/train/train/image/142660.jpg,item2_skirt,benchmark/prd_3_1_v1/candidates/segmentation_core_stress_v1/overlays/core/skirt/SEGCORE1_0128.jpg,,,,,,unreviewed,,
SEGCORE1_0129,core,skirt,skirt,DeepFashion2,../fashion_data/raw/train/train/image/158699.jpg,item2_skirt,benchmark/prd_3_1_v1/candidates/segmentation_core_stress_v1/overlays/core/skirt/SEGCORE1_0129.jpg,,,,,,unreviewed,,
SEGCORE1_0130,core,skirt,skirt,DeepFashion2,../fashion_data/raw/train/train/image/053448.jpg,item2_skirt,benchmark/prd_3_1_v1/candidates/segmentation_core_stress_v1/overlays/core/skirt/SEGCORE1_0130.jpg,,,,,,unreviewed,,
SEGCORE1_0131,core,skirt,skirt,DeepFashion2,../fashion_data/raw/train/train/image/081390.jpg,item2_skirt,benchmark/prd_3_1_v1/candidates/segmentation_core_stress_v1/overlays/core/skirt/SEGCORE1_0131.jpg,,,,,,unreviewed,,
SEGCORE1_0132,core,skirt,skirt,DeepFashion2,../fashion_data/raw/train/train/image/048987.jpg,item2_skirt,benchmark/prd_3_1_v1/candidates/segmentation_core_stress_v1/overlays/core/skirt/SEGCORE1_0132.jpg,,,,,,unreviewed,,
SEGCORE1_0133,core,skirt,skirt,DeepFashion2,../fashion_data/raw/train/train/image/093489.jpg,item2_skirt,benchmark/prd_3_1_v1/candidates/segmentation_core_stress_v1/overlays/core/skirt/SEGCORE1_0133.jpg,,,,,,unreviewed,,
SEGCORE1_0134,core,skirt,skirt,DeepFashion2,../fashion_data/raw/train/train/image/074407.jpg,item1_skirt,benchmark/prd_3_1_v1/candidates/segmentation_core_stress_v1/overlays/core/skirt/SEGCORE1_0134.jpg,,,,,,unreviewed,,
SEGCORE1_0135,core,skirt,skirt,DeepFashion2,../fashion_data/raw/train/train/image/072899.jpg,item2_skirt,benchmark/prd_3_1_v1/candidates/segmentation_core_stress_v1/overlays/core/skirt/SEGCORE1_0135.jpg,,,,,,unreviewed,,
SEGCORE1_0136,core,skirt,skirt,DeepFashion2,../fashion_data/raw/train/train/image/187397.jpg,item2_skirt,benchmark/prd_3_1_v1/candidates/segmentation_core_stress_v1/overlays/core/skirt/SEGCORE1_0136.jpg,,,,,,unreviewed,,
SEGCORE1_0137,core,skirt,skirt,DeepFashion2,../fashion_data/raw/train/train/image/145484.jpg,item1_skirt,benchmark/prd_3_1_v1/candidates/segmentation_core_stress_v1/overlays/core/skirt/SEGCORE1_0137.jpg,,,,,,unreviewed,,
SEGCORE1_0138,core,skirt,skirt,DeepFashion2,../fashion_data/raw/train/train/image/050829.jpg,item2_skirt,benchmark/prd_3_1_v1/candidates/segmentation_core_stress_v1/overlays/core/skirt/SEGCORE1_0138.jpg,,,,,,unreviewed,,
SEGCORE1_0139,core,skirt,skirt,DeepFashion2,../fashion_data/raw/train/train/image/137266.jpg,item2_skirt,benchmark/prd_3_1_v1/candidates/segmentation_core_stress_v1/overlays/core/skirt/SEGCORE1_0139.jpg,,,,,,unreviewed,,
SEGCORE1_0140,core,skirt,skirt,DeepFashion2,../fashion_data/raw/train/train/image/074544.jpg,item2_skirt,benchmark/prd_3_1_v1/candidates/segmentation_core_stress_v1/overlays/core/skirt/SEGCORE1_0140.jpg,,,,,,unreviewed,,
SEGCORE1_0141,core,skirt,skirt,DeepFashion2,../fashion_data/raw/train/train/image/015412.jpg,item2_skirt,benchmark/prd_3_1_v1/candidates/segmentation_core_stress_v1/overlays/core/skirt/SEGCORE1_0141.jpg,,,,,,unreviewed,,
SEGCORE1_0142,core,skirt,skirt,DeepFashion2,../fashion_data/raw/train/train/image/030539.jpg,item2_skirt,benchmark/prd_3_1_v1/candidates/segmentation_core_stress_v1/overlays/core/skirt/SEGCORE1_0142.jpg,,,,,,unreviewed,,
SEGCORE1_0143,core,skirt,skirt,DeepFashion2,../fashion_data/raw/train/train/image/035861.jpg,item1_skirt,benchmark/prd_3_1_v1/candidates/segmentation_core_stress_v1/overlays/core/skirt/SEGCORE1_0143.jpg,,,,,,unreviewed,,
SEGCORE1_0144,core,skirt,skirt,DeepFashion2,../fashion_data/raw/train/train/image/027992.jpg,item2_skirt,benchmark/prd_3_1_v1/candidates/segmentation_core_stress_v1/overlays/core/skirt/SEGCORE1_0144.jpg,,,,,,unreviewed,,
SEGCORE1_0145,core,skirt,skirt,DeepFashion2,../fashion_data/raw/train/train/image/043181.jpg,item2_skirt,benchmark/prd_3_1_v1/candidates/segmentation_core_stress_v1/overlays/core/skirt/SEGCORE1_0145.jpg,,,,,,unreviewed,,
SEGCORE1_0146,core,skirt,skirt,DeepFashion2,../fashion_data/raw/train/train/image/165526.jpg,item1_skirt,benchmark/prd_3_1_v1/candidates/segmentation_core_stress_v1/overlays/core/skirt/SEGCORE1_0146.jpg,,,,,,unreviewed,,
SEGCORE1_0147,core,skirt,skirt,DeepFashion2,../fashion_data/raw/train/train/image/101691.jpg,item1_skirt,benchmark/prd_3_1_v1/candidates/segmentation_core_stress_v1/overlays/core/skirt/SEGCORE1_0147.jpg,,,,,,unreviewed,,
SEGCORE1_0148,core,skirt,skirt,DeepFashion2,../fashion_data/raw/train/train/image/183131.jpg,item4_skirt,benchmark/prd_3_1_v1/candidates/segmentation_core_stress_v1/overlays/core/skirt/SEGCORE1_0148.jpg,,,,,,unreviewed,,
SEGCORE1_0149,core,skirt,skirt,DeepFashion2,../fashion_data/raw/train/train/image/021851.jpg,item1_skirt,benchmark/prd_3_1_v1/candidates/segmentation_core_stress_v1/overlays/core/skirt/SEGCORE1_0149.jpg,,,,,,unreviewed,,
SEGCORE1_0150,core,skirt,skirt,DeepFashion2,../fashion_data/raw/train/train/image/088779.jpg,item2_skirt,benchmark/prd_3_1_v1/candidates/segmentation_core_stress_v1/overlays/core/skirt/SEGCORE1_0150.jpg,,,,,,unreviewed,,
SEGCORE1_0151,core,skirt,skirt,DeepFashion2,../fashion_data/raw/train/train/image/096677.jpg,item1_skirt,benchmark/prd_3_1_v1/candidates/segmentation_core_stress_v1/overlays/core/skirt/SEGCORE1_0151.jpg,,,,,,unreviewed,,
SEGCORE1_0152,core,skirt,skirt,DeepFashion2,../fashion_data/raw/train/train/image/141721.jpg,item2_skirt,benchmark/prd_3_1_v1/candidates/segmentation_core_stress_v1/overlays/core/skirt/SEGCORE1_0152.jpg,,,,,,unreviewed,,
SEGCORE1_0153,core,skirt,skirt,DeepFashion2,../fashion_data/raw/train/train/image/156172.jpg,item2_skirt,benchmark/prd_3_1_v1/candidates/segmentation_core_stress_v1/overlays/core/skirt/SEGCORE1_0153.jpg,,,,,,unreviewed,,
SEGCORE1_0154,core,skirt,skirt,DeepFashion2,../fashion_data/raw/train/train/image/174532.jpg,item2_skirt,benchmark/prd_3_1_v1/candidates/segmentation_core_stress_v1/overlays/core/skirt/SEGCORE1_0154.jpg,,,,,,unreviewed,,
SEGCORE1_0155,core,skirt,skirt,DeepFashion2,../fashion_data/raw/train/train/image/073132.jpg,item2_skirt,benchmark/prd_3_1_v1/candidates/segmentation_core_stress_v1/overlays/core/skirt/SEGCORE1_0155.jpg,,,,,,unreviewed,,
SEGCORE1_0156,core,skirt,skirt,DeepFashion2,../fashion_data/raw/train/train/image/176028.jpg,item2_skirt,benchmark/prd_3_1_v1/candidates/segmentation_core_stress_v1/overlays/core/skirt/SEGCORE1_0156.jpg,,,,,,unreviewed,,
SEGCORE1_0157,core,skirt,skirt,DeepFashion2,../fashion_data/raw/train/train/image/181324.jpg,item2_skirt,benchmark/prd_3_1_v1/candidates/segmentation_core_stress_v1/overlays/core/skirt/SEGCORE1_0157.jpg,,,,,,unreviewed,,
SEGCORE1_0158,core,skirt,skirt,DeepFashion2,../fashion_data/raw/train/train/image/055476.jpg,item2_skirt,benchmark/prd_3_1_v1/candidates/segmentation_core_stress_v1/overlays/core/skirt/SEGCORE1_0158.jpg,,,,,,unreviewed,,
SEGCORE1_0159,core,skirt,skirt,DeepFashion2,../fashion_data/raw/train/train/image/124101.jpg,item2_skirt,benchmark/prd_3_1_v1/candidates/segmentation_core_stress_v1/overlays/core/skirt/SEGCORE1_0159.jpg,,,,,,unreviewed,,
SEGCORE1_0160,core,skirt,skirt,DeepFashion2,../fashion_data/raw/train/train/image/030915.jpg,item3_skirt,benchmark/prd_3_1_v1/candidates/segmentation_core_stress_v1/overlays/core/skirt/SEGCORE1_0160.jpg,,,,,,unreviewed,,
SEGCORE1_0161,core,skirt,skirt,DeepFashion2,../fashion_data/raw/train/train/image/018124.jpg,item1_skirt,benchmark/prd_3_1_v1/candidates/segmentation_core_stress_v1/overlays/core/skirt/SEGCORE1_0161.jpg,,,,,,unreviewed,,
SEGCORE1_0162,core,skirt,skirt,DeepFashion2,../fashion_data/raw/train/train/image/036544.jpg,item2_skirt,benchmark/prd_3_1_v1/candidates/segmentation_core_stress_v1/overlays/core/skirt/SEGCORE1_0162.jpg,,,,,,unreviewed,,
SEGCORE1_0163,core,skirt,skirt,DeepFashion2,../fashion_data/raw/train/train/image/139287.jpg,item2_skirt,benchmark/prd_3_1_v1/candidates/segmentation_core_stress_v1/overlays/core/skirt/SEGCORE1_0163.jpg,,,,,,unreviewed,,
SEGCORE1_0164,core,skirt,skirt,DeepFashion2,../fashion_data/raw/train/train/image/035199.jpg,item2_skirt,benchmark/prd_3_1_v1/candidates/segmentation_core_stress_v1/overlays/core/skirt/SEGCORE1_0164.jpg,,,,,,unreviewed,,
SEGCORE1_0165,core,skirt,skirt,DeepFashion2,../fashion_data/raw/train/train/image/034247.jpg,item2_skirt,benchmark/prd_3_1_v1/candidates/segmentation_core_stress_v1/overlays/core/skirt/SEGCORE1_0165.jpg,,,,,,unreviewed,,
SEGCORE1_0166,core,outerwear,short_sleeve_outwear,DeepFashion2,../fashion_data/raw/train/train/image/124654.jpg,item1_short_sleeve_outwear,benchmark/prd_3_1_v1/candidates/segmentation_core_stress_v1/overlays/core/outerwear/SEGCORE1_0166.jpg,,,,,,unreviewed,,
SEGCORE1_0167,core,outerwear,short_sleeve_outwear,DeepFashion2,../fashion_data/raw/train/train/image/151470.jpg,item1_short_sleeve_outwear,benchmark/prd_3_1_v1/candidates/segmentation_core_stress_v1/overlays/core/outerwear/SEGCORE1_0167.jpg,,,,,,unreviewed,,
SEGCORE1_0168,core,outerwear,long_sleeve_outwear,DeepFashion2,../fashion_data/raw/train/train/image/098699.jpg,item1_long_sleeve_outwear,benchmark/prd_3_1_v1/candidates/segmentation_core_stress_v1/overlays/core/outerwear/SEGCORE1_0168.jpg,,,,,,unreviewed,,
SEGCORE1_0169,core,outerwear,long_sleeve_outwear,DeepFashion2,../fashion_data/raw/train/train/image/144966.jpg,item1_long_sleeve_outwear,benchmark/prd_3_1_v1/candidates/segmentation_core_stress_v1/overlays/core/outerwear/SEGCORE1_0169.jpg,,,,,,unreviewed,,
SEGCORE1_0170,core,outerwear,long_sleeve_outwear,DeepFashion2,../fashion_data/raw/train/train/image/138553.jpg,item1_long_sleeve_outwear,benchmark/prd_3_1_v1/candidates/segmentation_core_stress_v1/overlays/core/outerwear/SEGCORE1_0170.jpg,,,,,,unreviewed,,
SEGCORE1_0171,core,outerwear,short_sleeve_outwear,DeepFashion2,../fashion_data/raw/train/train/image/118508.jpg,item1_short_sleeve_outwear,benchmark/prd_3_1_v1/candidates/segmentation_core_stress_v1/overlays/core/outerwear/SEGCORE1_0171.jpg,,,,,,unreviewed,,
SEGCORE1_0172,core,outerwear,short_sleeve_outwear,DeepFashion2,../fashion_data/raw/train/train/image/024251.jpg,item1_short_sleeve_outwear,benchmark/prd_3_1_v1/candidates/segmentation_core_stress_v1/overlays/core/outerwear/SEGCORE1_0172.jpg,,,,,,unreviewed,,
SEGCORE1_0173,core,outerwear,long_sleeve_outwear,DeepFashion2,../fashion_data/raw/train/train/image/041482.jpg,item1_long_sleeve_outwear,benchmark/prd_3_1_v1/candidates/segmentation_core_stress_v1/overlays/core/outerwear/SEGCORE1_0173.jpg,,,,,,unreviewed,,
SEGCORE1_0174,core,outerwear,long_sleeve_outwear,DeepFashion2,../fashion_data/raw/train/train/image/091876.jpg,item1_long_sleeve_outwear,benchmark/prd_3_1_v1/candidates/segmentation_core_stress_v1/overlays/core/outerwear/SEGCORE1_0174.jpg,,,,,,unreviewed,,
SEGCORE1_0175,core,outerwear,long_sleeve_outwear,DeepFashion2,../fashion_data/raw/train/train/image/050133.jpg,item2_long_sleeve_outwear,benchmark/prd_3_1_v1/candidates/segmentation_core_stress_v1/overlays/core/outerwear/SEGCORE1_0175.jpg,,,,,,unreviewed,,
SEGCORE1_0176,core,outerwear,short_sleeve_outwear,DeepFashion2,../fashion_data/raw/train/train/image/124649.jpg,item1_short_sleeve_outwear,benchmark/prd_3_1_v1/candidates/segmentation_core_stress_v1/overlays/core/outerwear/SEGCORE1_0176.jpg,,,,,,unreviewed,,
SEGCORE1_0177,core,outerwear,short_sleeve_outwear,DeepFashion2,../fashion_data/raw/train/train/image/135934.jpg,item1_short_sleeve_outwear,benchmark/prd_3_1_v1/candidates/segmentation_core_stress_v1/overlays/core/outerwear/SEGCORE1_0177.jpg,,,,,,unreviewed,,
SEGCORE1_0178,core,outerwear,long_sleeve_outwear,DeepFashion2,../fashion_data/raw/train/train/image/128253.jpg,item4_long_sleeve_outwear,benchmark/prd_3_1_v1/candidates/segmentation_core_stress_v1/overlays/core/outerwear/SEGCORE1_0178.jpg,,,,,,unreviewed,,
SEGCORE1_0179,core,outerwear,long_sleeve_outwear,DeepFashion2,../fashion_data/raw/train/train/image/064444.jpg,item1_long_sleeve_outwear,benchmark/prd_3_1_v1/candidates/segmentation_core_stress_v1/overlays/core/outerwear/SEGCORE1_0179.jpg,,,,,,unreviewed,,
SEGCORE1_0180,core,outerwear,long_sleeve_outwear,DeepFashion2,../fashion_data/raw/train/train/image/125906.jpg,item1_long_sleeve_outwear,benchmark/prd_3_1_v1/candidates/segmentation_core_stress_v1/overlays/core/outerwear/SEGCORE1_0180.jpg,,,,,,unreviewed,,
SEGCORE1_0181,core,outerwear,short_sleeve_outwear,DeepFashion2,../fashion_data/raw/train/train/image/118514.jpg,item1_short_sleeve_outwear,benchmark/prd_3_1_v1/candidates/segmentation_core_stress_v1/overlays/core/outerwear/SEGCORE1_0181.jpg,,,,,,unreviewed,,
SEGCORE1_0182,core,outerwear,short_sleeve_outwear,DeepFashion2,../fashion_data/raw/train/train/image/034082.jpg,item4_short_sleeve_outwear,benchmark/prd_3_1_v1/candidates/segmentation_core_stress_v1/overlays/core/outerwear/SEGCORE1_0182.jpg,,,,,,unreviewed,,
SEGCORE1_0183,core,outerwear,long_sleeve_outwear,DeepFashion2,../fashion_data/raw/train/train/image/108419.jpg,item1_long_sleeve_outwear,benchmark/prd_3_1_v1/candidates/segmentation_core_stress_v1/overlays/core/outerwear/SEGCORE1_0183.jpg,,,,,,unreviewed,,
SEGCORE1_0184,core,outerwear,long_sleeve_outwear,DeepFashion2,../fashion_data/raw/train/train/image/101410.jpg,item1_long_sleeve_outwear,benchmark/prd_3_1_v1/candidates/segmentation_core_stress_v1/overlays/core/outerwear/SEGCORE1_0184.jpg,,,,,,unreviewed,,
SEGCORE1_0185,core,outerwear,long_sleeve_outwear,DeepFashion2,../fashion_data/raw/train/train/image/080773.jpg,item1_long_sleeve_outwear,benchmark/prd_3_1_v1/candidates/segmentation_core_stress_v1/overlays/core/outerwear/SEGCORE1_0185.jpg,,,,,,unreviewed,,
SEGCORE1_0186,core,outerwear,short_sleeve_outwear,DeepFashion2,../fashion_data/raw/train/train/image/135937.jpg,item1_short_sleeve_outwear,benchmark/prd_3_1_v1/candidates/segmentation_core_stress_v1/overlays/core/outerwear/SEGCORE1_0186.jpg,,,,,,unreviewed,,
SEGCORE1_0187,core,outerwear,short_sleeve_outwear,DeepFashion2,../fashion_data/raw/train/train/image/014148.jpg,item2_short_sleeve_outwear,benchmark/prd_3_1_v1/candidates/segmentation_core_stress_v1/overlays/core/outerwear/SEGCORE1_0187.jpg,,,,,,unreviewed,,
SEGCORE1_0188,core,outerwear,long_sleeve_outwear,DeepFashion2,../fashion_data/raw/train/train/image/010976.jpg,item1_long_sleeve_outwear,benchmark/prd_3_1_v1/candidates/segmentation_core_stress_v1/overlays/core/outerwear/SEGCORE1_0188.jpg,,,,,,unreviewed,,
SEGCORE1_0189,core,outerwear,long_sleeve_outwear,DeepFashion2,../fashion_data/raw/train/train/image/154827.jpg,item2_long_sleeve_outwear,benchmark/prd_3_1_v1/candidates/segmentation_core_stress_v1/overlays/core/outerwear/SEGCORE1_0189.jpg,,,,,,unreviewed,,
SEGCORE1_0190,core,outerwear,long_sleeve_outwear,DeepFashion2,../fashion_data/raw/train/train/image/039006.jpg,item2_long_sleeve_outwear,benchmark/prd_3_1_v1/candidates/segmentation_core_stress_v1/overlays/core/outerwear/SEGCORE1_0190.jpg,,,,,,unreviewed,,
SEGCORE1_0191,core,outerwear,short_sleeve_outwear,DeepFashion2,../fashion_data/raw/train/train/image/151469.jpg,item1_short_sleeve_outwear,benchmark/prd_3_1_v1/candidates/segmentation_core_stress_v1/overlays/core/outerwear/SEGCORE1_0191.jpg,,,,,,unreviewed,,
SEGCORE1_0192,core,outerwear,short_sleeve_outwear,DeepFashion2,../fashion_data/raw/train/train/image/070551.jpg,item1_short_sleeve_outwear,benchmark/prd_3_1_v1/candidates/segmentation_core_stress_v1/overlays/core/outerwear/SEGCORE1_0192.jpg,,,,,,unreviewed,,
SEGCORE1_0193,core,outerwear,long_sleeve_outwear,DeepFashion2,../fashion_data/raw/train/train/image/186391.jpg,item2_long_sleeve_outwear,benchmark/prd_3_1_v1/candidates/segmentation_core_stress_v1/overlays/core/outerwear/SEGCORE1_0193.jpg,,,,,,unreviewed,,
SEGCORE1_0194,core,outerwear,long_sleeve_outwear,DeepFashion2,../fashion_data/raw/train/train/image/107020.jpg,item1_long_sleeve_outwear,benchmark/prd_3_1_v1/candidates/segmentation_core_stress_v1/overlays/core/outerwear/SEGCORE1_0194.jpg,,,,,,unreviewed,,
SEGCORE1_0195,core,outerwear,long_sleeve_outwear,DeepFashion2,../fashion_data/raw/train/train/image/023422.jpg,item3_long_sleeve_outwear,benchmark/prd_3_1_v1/candidates/segmentation_core_stress_v1/overlays/core/outerwear/SEGCORE1_0195.jpg,,,,,,unreviewed,,
SEGCORE1_0196,core,outerwear,short_sleeve_outwear,DeepFashion2,../fashion_data/raw/train/train/image/179042.jpg,item1_short_sleeve_outwear,benchmark/prd_3_1_v1/candidates/segmentation_core_stress_v1/overlays/core/outerwear/SEGCORE1_0196.jpg,,,,,,unreviewed,,
SEGCORE1_0197,core,outerwear,short_sleeve_outwear,DeepFashion2,../fashion_data/raw/train/train/image/187981.jpg,item2_short_sleeve_outwear,benchmark/prd_3_1_v1/candidates/segmentation_core_stress_v1/overlays/core/outerwear/SEGCORE1_0197.jpg,,,,,,unreviewed,,
SEGCORE1_0198,core,outerwear,long_sleeve_outwear,DeepFashion2,../fashion_data/raw/train/train/image/029535.jpg,item1_long_sleeve_outwear,benchmark/prd_3_1_v1/candidates/segmentation_core_stress_v1/overlays/core/outerwear/SEGCORE1_0198.jpg,,,,,,unreviewed,,
SEGCORE1_0199,core,outerwear,long_sleeve_outwear,DeepFashion2,../fashion_data/raw/train/train/image/156351.jpg,item2_long_sleeve_outwear,benchmark/prd_3_1_v1/candidates/segmentation_core_stress_v1/overlays/core/outerwear/SEGCORE1_0199.jpg,,,,,,unreviewed,,
SEGCORE1_0200,core,outerwear,long_sleeve_outwear,DeepFashion2,../fashion_data/raw/train/train/image/186306.jpg,item2_long_sleeve_outwear,benchmark/prd_3_1_v1/candidates/segmentation_core_stress_v1/overlays/core/outerwear/SEGCORE1_0200.jpg,,,,,,unreviewed,,
SEGCORE1_0201,core,outerwear,short_sleeve_outwear,DeepFashion2,../fashion_data/raw/train/train/image/179047.jpg,item1_short_sleeve_outwear,benchmark/prd_3_1_v1/candidates/segmentation_core_stress_v1/overlays/core/outerwear/SEGCORE1_0201.jpg,,,,,,unreviewed,,
SEGCORE1_0202,core,outerwear,short_sleeve_outwear,DeepFashion2,../fashion_data/raw/train/train/image/189186.jpg,item1_short_sleeve_outwear,benchmark/prd_3_1_v1/candidates/segmentation_core_stress_v1/overlays/core/outerwear/SEGCORE1_0202.jpg,,,,,,unreviewed,,
SEGCORE1_0203,core,outerwear,long_sleeve_outwear,DeepFashion2,../fashion_data/raw/train/train/image/189928.jpg,item3_long_sleeve_outwear,benchmark/prd_3_1_v1/candidates/segmentation_core_stress_v1/overlays/core/outerwear/SEGCORE1_0203.jpg,,,,,,unreviewed,,
SEGCORE1_0204,core,outerwear,long_sleeve_outwear,DeepFashion2,../fashion_data/raw/train/train/image/099616.jpg,item1_long_sleeve_outwear,benchmark/prd_3_1_v1/candidates/segmentation_core_stress_v1/overlays/core/outerwear/SEGCORE1_0204.jpg,,,,,,unreviewed,,
SEGCORE1_0205,core,outerwear,long_sleeve_outwear,DeepFashion2,../fashion_data/raw/train/train/image/075414.jpg,item2_long_sleeve_outwear,benchmark/prd_3_1_v1/candidates/segmentation_core_stress_v1/overlays/core/outerwear/SEGCORE1_0205.jpg,,,,,,unreviewed,,
SEGCORE1_0206,core,outerwear,short_sleeve_outwear,DeepFashion2,../fashion_data/raw/train/train/image/016956.jpg,item1_short_sleeve_outwear,benchmark/prd_3_1_v1/candidates/segmentation_core_stress_v1/overlays/core/outerwear/SEGCORE1_0206.jpg,,,,,,unreviewed,,
SEGCORE1_0207,core,outerwear,short_sleeve_outwear,DeepFashion2,../fashion_data/raw/train/train/image/081549.jpg,item1_short_sleeve_outwear,benchmark/prd_3_1_v1/candidates/segmentation_core_stress_v1/overlays/core/outerwear/SEGCORE1_0207.jpg,,,,,,unreviewed,,
SEGCORE1_0208,core,outerwear,long_sleeve_outwear,DeepFashion2,../fashion_data/raw/train/train/image/077715.jpg,item2_long_sleeve_outwear,benchmark/prd_3_1_v1/candidates/segmentation_core_stress_v1/overlays/core/outerwear/SEGCORE1_0208.jpg,,,,,,unreviewed,,
SEGCORE1_0209,core,outerwear,long_sleeve_outwear,DeepFashion2,../fashion_data/raw/train/train/image/187422.jpg,item2_long_sleeve_outwear,benchmark/prd_3_1_v1/candidates/segmentation_core_stress_v1/overlays/core/outerwear/SEGCORE1_0209.jpg,,,,,,unreviewed,,
SEGCORE1_0210,core,outerwear,long_sleeve_outwear,DeepFashion2,../fashion_data/raw/train/train/image/013262.jpg,item1_long_sleeve_outwear,benchmark/prd_3_1_v1/candidates/segmentation_core_stress_v1/overlays/core/outerwear/SEGCORE1_0210.jpg,,,,,,unreviewed,,
SEGCORE1_0211,core,outerwear,short_sleeve_outwear,DeepFashion2,../fashion_data/raw/train/train/image/174644.jpg,item1_short_sleeve_outwear,benchmark/prd_3_1_v1/candidates/segmentation_core_stress_v1/overlays/core/outerwear/SEGCORE1_0211.jpg,,,,,,unreviewed,,
SEGCORE1_0212,core,outerwear,short_sleeve_outwear,DeepFashion2,../fashion_data/raw/train/train/image/081541.jpg,item2_short_sleeve_outwear,benchmark/prd_3_1_v1/candidates/segmentation_core_stress_v1/overlays/core/outerwear/SEGCORE1_0212.jpg,,,,,,unreviewed,,
SEGCORE1_0213,core,outerwear,long_sleeve_outwear,DeepFashion2,../fashion_data/raw/train/train/image/119318.jpg,item1_long_sleeve_outwear,benchmark/prd_3_1_v1/candidates/segmentation_core_stress_v1/overlays/core/outerwear/SEGCORE1_0213.jpg,,,,,,unreviewed,,
SEGCORE1_0214,core,outerwear,long_sleeve_outwear,DeepFashion2,../fashion_data/raw/train/train/image/169879.jpg,item1_long_sleeve_outwear,benchmark/prd_3_1_v1/candidates/segmentation_core_stress_v1/overlays/core/outerwear/SEGCORE1_0214.jpg,,,,,,unreviewed,,
SEGCORE1_0215,core,outerwear,long_sleeve_outwear,DeepFashion2,../fashion_data/raw/train/train/image/063330.jpg,item1_long_sleeve_outwear,benchmark/prd_3_1_v1/candidates/segmentation_core_stress_v1/overlays/core/outerwear/SEGCORE1_0215.jpg,,,,,,unreviewed,,
SEGCORE1_0216,core,outerwear,short_sleeve_outwear,DeepFashion2,../fashion_data/raw/train/train/image/130702.jpg,item1_short_sleeve_outwear,benchmark/prd_3_1_v1/candidates/segmentation_core_stress_v1/overlays/core/outerwear/SEGCORE1_0216.jpg,,,,,,unreviewed,,
SEGCORE1_0217,core,outerwear,short_sleeve_outwear,DeepFashion2,../fashion_data/raw/train/train/image/014830.jpg,item1_short_sleeve_outwear,benchmark/prd_3_1_v1/candidates/segmentation_core_stress_v1/overlays/core/outerwear/SEGCORE1_0217.jpg,,,,,,unreviewed,,
SEGCORE1_0218,core,outerwear,long_sleeve_outwear,DeepFashion2,../fashion_data/raw/train/train/image/052459.jpg,item1_long_sleeve_outwear,benchmark/prd_3_1_v1/candidates/segmentation_core_stress_v1/overlays/core/outerwear/SEGCORE1_0218.jpg,,,,,,unreviewed,,
SEGCORE1_0219,core,outerwear,long_sleeve_outwear,DeepFashion2,../fashion_data/raw/train/train/image/069737.jpg,item2_long_sleeve_outwear,benchmark/prd_3_1_v1/candidates/segmentation_core_stress_v1/overlays/core/outerwear/SEGCORE1_0219.jpg,,,,,,unreviewed,,
SEGCORE1_0220,core,outerwear,long_sleeve_outwear,DeepFashion2,../fashion_data/raw/train/train/image/097970.jpg,item1_long_sleeve_outwear,benchmark/prd_3_1_v1/candidates/segmentation_core_stress_v1/overlays/core/outerwear/SEGCORE1_0220.jpg,,,,,,unreviewed,,
SEGCORE1_0221,core,dress,short_sleeve_dress,DeepFashion2,../fashion_data/raw/train/train/image/062914.jpg,item1_short_sleeve_dress,benchmark/prd_3_1_v1/candidates/segmentation_core_stress_v1/overlays/core/dress/SEGCORE1_0221.jpg,,,,,,unreviewed,,
SEGCORE1_0222,core,dress,sling_dress,DeepFashion2,../fashion_data/raw/train/train/image/022015.jpg,item2_sling_dress,benchmark/prd_3_1_v1/candidates/segmentation_core_stress_v1/overlays/core/dress/SEGCORE1_0222.jpg,,,,,,unreviewed,,
SEGCORE1_0223,core,dress,vest_dress,DeepFashion2,../fashion_data/raw/train/train/image/033105.jpg,item1_vest_dress,benchmark/prd_3_1_v1/candidates/segmentation_core_stress_v1/overlays/core/dress/SEGCORE1_0223.jpg,,,,,,unreviewed,,
SEGCORE1_0224,core,dress,short_sleeve_dress,DeepFashion2,../fashion_data/raw/train/train/image/101965.jpg,item1_short_sleeve_dress,benchmark/prd_3_1_v1/candidates/segmentation_core_stress_v1/overlays/core/dress/SEGCORE1_0224.jpg,,,,,,unreviewed,,
SEGCORE1_0225,core,dress,long_sleeve_dress,DeepFashion2,../fashion_data/raw/train/train/image/072975.jpg,item1_long_sleeve_dress,benchmark/prd_3_1_v1/candidates/segmentation_core_stress_v1/overlays/core/dress/SEGCORE1_0225.jpg,,,,,,unreviewed,,
SEGCORE1_0226,core,dress,sling_dress,DeepFashion2,../fashion_data/raw/train/train/image/079653.jpg,item1_sling_dress,benchmark/prd_3_1_v1/candidates/segmentation_core_stress_v1/overlays/core/dress/SEGCORE1_0226.jpg,,,,,,unreviewed,,
SEGCORE1_0227,core,dress,vest_dress,DeepFashion2,../fashion_data/raw/train/train/image/140249.jpg,item1_vest_dress,benchmark/prd_3_1_v1/candidates/segmentation_core_stress_v1/overlays/core/dress/SEGCORE1_0227.jpg,,,,,,unreviewed,,
SEGCORE1_0228,core,dress,short_sleeve_dress,DeepFashion2,../fashion_data/raw/train/train/image/021661.jpg,item2_short_sleeve_dress,benchmark/prd_3_1_v1/candidates/segmentation_core_stress_v1/overlays/core/dress/SEGCORE1_0228.jpg,,,,,,unreviewed,,
SEGCORE1_0229,core,dress,sling_dress,DeepFashion2,../fashion_data/raw/train/train/image/166052.jpg,item1_sling_dress,benchmark/prd_3_1_v1/candidates/segmentation_core_stress_v1/overlays/core/dress/SEGCORE1_0229.jpg,,,,,,unreviewed,,
SEGCORE1_0230,core,dress,long_sleeve_dress,DeepFashion2,../fashion_data/raw/train/train/image/086697.jpg,item1_long_sleeve_dress,benchmark/prd_3_1_v1/candidates/segmentation_core_stress_v1/overlays/core/dress/SEGCORE1_0230.jpg,,,,,,unreviewed,,
SEGCORE1_0231,core,dress,vest_dress,DeepFashion2,../fashion_data/raw/train/train/image/009625.jpg,item3_vest_dress,benchmark/prd_3_1_v1/candidates/segmentation_core_stress_v1/overlays/core/dress/SEGCORE1_0231.jpg,,,,,,unreviewed,,
SEGCORE1_0232,core,dress,long_sleeve_dress,DeepFashion2,../fashion_data/raw/train/train/image/156930.jpg,item2_long_sleeve_dress,benchmark/prd_3_1_v1/candidates/segmentation_core_stress_v1/overlays/core/dress/SEGCORE1_0232.jpg,,,,,,unreviewed,,
SEGCORE1_0233,core,dress,short_sleeve_dress,DeepFashion2,../fashion_data/raw/train/train/image/092487.jpg,item1_short_sleeve_dress,benchmark/prd_3_1_v1/candidates/segmentation_core_stress_v1/overlays/core/dress/SEGCORE1_0233.jpg,,,,,,unreviewed,,
SEGCORE1_0234,core,dress,sling_dress,DeepFashion2,../fashion_data/raw/train/train/image/146606.jpg,item1_sling_dress,benchmark/prd_3_1_v1/candidates/segmentation_core_stress_v1/overlays/core/dress/SEGCORE1_0234.jpg,,,,,,unreviewed,,
SEGCORE1_0235,core,dress,vest_dress,DeepFashion2,../fashion_data/raw/train/train/image/011287.jpg,item1_vest_dress,benchmark/prd_3_1_v1/candidates/segmentation_core_stress_v1/overlays/core/dress/SEGCORE1_0235.jpg,,,,,,unreviewed,,
SEGCORE1_0236,core,dress,short_sleeve_dress,DeepFashion2,../fashion_data/raw/train/train/image/075976.jpg,item1_short_sleeve_dress,benchmark/prd_3_1_v1/candidates/segmentation_core_stress_v1/overlays/core/dress/SEGCORE1_0236.jpg,,,,,,unreviewed,,
SEGCORE1_0237,core,dress,long_sleeve_dress,DeepFashion2,../fashion_data/raw/train/train/image/109570.jpg,item1_long_sleeve_dress,benchmark/prd_3_1_v1/candidates/segmentation_core_stress_v1/overlays/core/dress/SEGCORE1_0237.jpg,,,,,,unreviewed,,
SEGCORE1_0238,core,dress,sling_dress,DeepFashion2,../fashion_data/raw/train/train/image/002145.jpg,item1_sling_dress,benchmark/prd_3_1_v1/candidates/segmentation_core_stress_v1/overlays/core/dress/SEGCORE1_0238.jpg,,,,,,unreviewed,,
SEGCORE1_0239,core,dress,vest_dress,DeepFashion2,../fashion_data/raw/train/train/image/075511.jpg,item1_vest_dress,benchmark/prd_3_1_v1/candidates/segmentation_core_stress_v1/overlays/core/dress/SEGCORE1_0239.jpg,,,,,,unreviewed,,
SEGCORE1_0240,core,dress,short_sleeve_dress,DeepFashion2,../fashion_data/raw/train/train/image/181559.jpg,item3_short_sleeve_dress,benchmark/prd_3_1_v1/candidates/segmentation_core_stress_v1/overlays/core/dress/SEGCORE1_0240.jpg,,,,,,unreviewed,,
SEGCORE1_0241,core,dress,sling_dress,DeepFashion2,../fashion_data/raw/train/train/image/066524.jpg,item1_sling_dress,benchmark/prd_3_1_v1/candidates/segmentation_core_stress_v1/overlays/core/dress/SEGCORE1_0241.jpg,,,,,,unreviewed,,
SEGCORE1_0242,core,dress,long_sleeve_dress,DeepFashion2,../fashion_data/raw/train/train/image/168853.jpg,item1_long_sleeve_dress,benchmark/prd_3_1_v1/candidates/segmentation_core_stress_v1/overlays/core/dress/SEGCORE1_0242.jpg,,,,,,unreviewed,,
SEGCORE1_0243,core,dress,vest_dress,DeepFashion2,../fashion_data/raw/train/train/image/145118.jpg,item1_vest_dress,benchmark/prd_3_1_v1/candidates/segmentation_core_stress_v1/overlays/core/dress/SEGCORE1_0243.jpg,,,,,,unreviewed,,
SEGCORE1_0244,core,dress,long_sleeve_dress,DeepFashion2,../fashion_data/raw/train/train/image/133136.jpg,item1_long_sleeve_dress,benchmark/prd_3_1_v1/candidates/segmentation_core_stress_v1/overlays/core/dress/SEGCORE1_0244.jpg,,,,,,unreviewed,,
SEGCORE1_0245,core,dress,short_sleeve_dress,DeepFashion2,../fashion_data/raw/train/train/image/049578.jpg,item2_short_sleeve_dress,benchmark/prd_3_1_v1/candidates/segmentation_core_stress_v1/overlays/core/dress/SEGCORE1_0245.jpg,,,,,,unreviewed,,
SEGCORE1_0246,core,dress,sling_dress,DeepFashion2,../fashion_data/raw/train/train/image/106984.jpg,item1_sling_dress,benchmark/prd_3_1_v1/candidates/segmentation_core_stress_v1/overlays/core/dress/SEGCORE1_0246.jpg,,,,,,unreviewed,,
SEGCORE1_0247,core,dress,vest_dress,DeepFashion2,../fashion_data/raw/train/train/image/133235.jpg,item1_vest_dress,benchmark/prd_3_1_v1/candidates/segmentation_core_stress_v1/overlays/core/dress/SEGCORE1_0247.jpg,,,,,,unreviewed,,
SEGCORE1_0248,core,dress,short_sleeve_dress,DeepFashion2,../fashion_data/raw/train/train/image/115766.jpg,item1_short_sleeve_dress,benchmark/prd_3_1_v1/candidates/segmentation_core_stress_v1/overlays/core/dress/SEGCORE1_0248.jpg,,,,,,unreviewed,,
SEGCORE1_0249,core,dress,long_sleeve_dress,DeepFashion2,../fashion_data/raw/train/train/image/043686.jpg,item1_long_sleeve_dress,benchmark/prd_3_1_v1/candidates/segmentation_core_stress_v1/overlays/core/dress/SEGCORE1_0249.jpg,,,,,,unreviewed,,
SEGCORE1_0250,core,dress,sling_dress,DeepFashion2,../fashion_data/raw/train/train/image/041520.jpg,item1_sling_dress,benchmark/prd_3_1_v1/candidates/segmentation_core_stress_v1/overlays/core/dress/SEGCORE1_0250.jpg,,,,,,unreviewed,,
SEGCORE1_0251,core,dress,vest_dress,DeepFashion2,../fashion_data/raw/train/train/image/068565.jpg,item1_vest_dress,benchmark/prd_3_1_v1/candidates/segmentation_core_stress_v1/overlays/core/dress/SEGCORE1_0251.jpg,,,,,,unreviewed,,
SEGCORE1_0252,core,dress,short_sleeve_dress,DeepFashion2,../fashion_data/raw/train/train/image/167285.jpg,item1_short_sleeve_dress,benchmark/prd_3_1_v1/candidates/segmentation_core_stress_v1/overlays/core/dress/SEGCORE1_0252.jpg,,,,,,unreviewed,,
SEGCORE1_0253,core,dress,sling_dress,DeepFashion2,../fashion_data/raw/train/train/image/111518.jpg,item1_sling_dress,benchmark/prd_3_1_v1/candidates/segmentation_core_stress_v1/overlays/core/dress/SEGCORE1_0253.jpg,,,,,,unreviewed,,
SEGCORE1_0254,core,dress,long_sleeve_dress,DeepFashion2,../fashion_data/raw/train/train/image/046348.jpg,item1_long_sleeve_dress,benchmark/prd_3_1_v1/candidates/segmentation_core_stress_v1/overlays/core/dress/SEGCORE1_0254.jpg,,,,,,unreviewed,,
SEGCORE1_0255,core,dress,vest_dress,DeepFashion2,../fashion_data/raw/train/train/image/119420.jpg,item2_vest_dress,benchmark/prd_3_1_v1/candidates/segmentation_core_stress_v1/overlays/core/dress/SEGCORE1_0255.jpg,,,,,,unreviewed,,
SEGCORE1_0256,core,dress,long_sleeve_dress,DeepFashion2,../fashion_data/raw/train/train/image/036674.jpg,item1_long_sleeve_dress,benchmark/prd_3_1_v1/candidates/segmentation_core_stress_v1/overlays/core/dress/SEGCORE1_0256.jpg,,,,,,unreviewed,,
SEGCORE1_0257,core,dress,short_sleeve_dress,DeepFashion2,../fashion_data/raw/train/train/image/166981.jpg,item1_short_sleeve_dress,benchmark/prd_3_1_v1/candidates/segmentation_core_stress_v1/overlays/core/dress/SEGCORE1_0257.jpg,,,,,,unreviewed,,
SEGCORE1_0258,core,dress,sling_dress,DeepFashion2,../fashion_data/raw/train/train/image/103981.jpg,item1_sling_dress,benchmark/prd_3_1_v1/candidates/segmentation_core_stress_v1/overlays/core/dress/SEGCORE1_0258.jpg,,,,,,unreviewed,,
SEGCORE1_0259,core,dress,vest_dress,DeepFashion2,../fashion_data/raw/train/train/image/060041.jpg,item1_vest_dress,benchmark/prd_3_1_v1/candidates/segmentation_core_stress_v1/overlays/core/dress/SEGCORE1_0259.jpg,,,,,,unreviewed,,
SEGCORE1_0260,core,dress,short_sleeve_dress,DeepFashion2,../fashion_data/raw/train/train/image/119698.jpg,item1_short_sleeve_dress,benchmark/prd_3_1_v1/candidates/segmentation_core_stress_v1/overlays/core/dress/SEGCORE1_0260.jpg,,,,,,unreviewed,,
SEGCORE1_0261,core,dress,long_sleeve_dress,DeepFashion2,../fashion_data/raw/train/train/image/153423.jpg,item1_long_sleeve_dress,benchmark/prd_3_1_v1/candidates/segmentation_core_stress_v1/overlays/core/dress/SEGCORE1_0261.jpg,,,,,,unreviewed,,
SEGCORE1_0262,core,dress,vest_dress,DeepFashion2,../fashion_data/raw/train/train/image/078672.jpg,item2_vest_dress,benchmark/prd_3_1_v1/candidates/segmentation_core_stress_v1/overlays/core/dress/SEGCORE1_0262.jpg,,,,,,unreviewed,,
SEGCORE1_0263,core,dress,short_sleeve_dress,DeepFashion2,../fashion_data/raw/train/train/image/019252.jpg,item1_short_sleeve_dress,benchmark/prd_3_1_v1/candidates/segmentation_core_stress_v1/overlays/core/dress/SEGCORE1_0263.jpg,,,,,,unreviewed,,
SEGCORE1_0264,core,dress,sling_dress,DeepFashion2,../fashion_data/raw/train/train/image/186856.jpg,item1_sling_dress,benchmark/prd_3_1_v1/candidates/segmentation_core_stress_v1/overlays/core/dress/SEGCORE1_0264.jpg,,,,,,unreviewed,,
SEGCORE1_0265,core,dress,long_sleeve_dress,DeepFashion2,../fashion_data/raw/train/train/image/128608.jpg,item1_long_sleeve_dress,benchmark/prd_3_1_v1/candidates/segmentation_core_stress_v1/overlays/core/dress/SEGCORE1_0265.jpg,,,,,,unreviewed,,
SEGCORE1_0266,core,dress,vest_dress,DeepFashion2,../fashion_data/raw/train/train/image/059441.jpg,item1_vest_dress,benchmark/prd_3_1_v1/candidates/segmentation_core_stress_v1/overlays/core/dress/SEGCORE1_0266.jpg,,,,,,unreviewed,,
SEGCORE1_0267,core,dress,long_sleeve_dress,DeepFashion2,../fashion_data/raw/train/train/image/126631.jpg,item1_long_sleeve_dress,benchmark/prd_3_1_v1/candidates/segmentation_core_stress_v1/overlays/core/dress/SEGCORE1_0267.jpg,,,,,,unreviewed,,
SEGCORE1_0268,core,dress,short_sleeve_dress,DeepFashion2,../fashion_data/raw/train/train/image/096924.jpg,item1_short_sleeve_dress,benchmark/prd_3_1_v1/candidates/segmentation_core_stress_v1/overlays/core/dress/SEGCORE1_0268.jpg,,,,,,unreviewed,,
SEGCORE1_0269,core,dress,sling_dress,DeepFashion2,../fashion_data/raw/train/train/image/103585.jpg,item1_sling_dress,benchmark/prd_3_1_v1/candidates/segmentation_core_stress_v1/overlays/core/dress/SEGCORE1_0269.jpg,,,,,,unreviewed,,
SEGCORE1_0270,core,dress,vest_dress,DeepFashion2,../fashion_data/raw/train/train/image/122874.jpg,item1_vest_dress,benchmark/prd_3_1_v1/candidates/segmentation_core_stress_v1/overlays/core/dress/SEGCORE1_0270.jpg,,,,,,unreviewed,,
SEGCORE1_0271,core,dress,short_sleeve_dress,DeepFashion2,../fashion_data/raw/train/train/image/047099.jpg,item2_short_sleeve_dress,benchmark/prd_3_1_v1/candidates/segmentation_core_stress_v1/overlays/core/dress/SEGCORE1_0271.jpg,,,,,,unreviewed,,
SEGCORE1_0272,core,dress,long_sleeve_dress,DeepFashion2,../fashion_data/raw/train/train/image/088853.jpg,item1_long_sleeve_dress,benchmark/prd_3_1_v1/candidates/segmentation_core_stress_v1/overlays/core/dress/SEGCORE1_0272.jpg,,,,,,unreviewed,,
SEGCORE1_0273,core,dress,vest_dress,DeepFashion2,../fashion_data/raw/train/train/image/097072.jpg,item2_vest_dress,benchmark/prd_3_1_v1/candidates/segmentation_core_stress_v1/overlays/core/dress/SEGCORE1_0273.jpg,,,,,,unreviewed,,
SEGCORE1_0274,core,dress,short_sleeve_dress,DeepFashion2,../fashion_data/raw/train/train/image/110451.jpg,item1_short_sleeve_dress,benchmark/prd_3_1_v1/candidates/segmentation_core_stress_v1/overlays/core/dress/SEGCORE1_0274.jpg,,,,,,unreviewed,,
SEGCORE1_0275,core,dress,sling_dress,DeepFashion2,../fashion_data/raw/train/train/image/141653.jpg,item1_sling_dress,benchmark/prd_3_1_v1/candidates/segmentation_core_stress_v1/overlays/core/dress/SEGCORE1_0275.jpg,,,,,,unreviewed,,
SEGCORE1_0276,core,shoe,shoe,Fashionpedia,../fashion_data/raw/fashionpedia/images/test/1f1e21e9d1206809d4f20ef5e6d2ddef.jpg,fashionpedia_ann_6788,benchmark/prd_3_1_v1/candidates/segmentation_core_stress_v1/overlays/core/shoe/SEGCORE1_0276.jpg,,,,,,unreviewed,,
SEGCORE1_0277,core,shoe,shoe,Fashionpedia,../fashion_data/raw/fashionpedia/images/test/ee8429febbbf2ceb90270629d0ae0850.jpg,fashionpedia_ann_7075,benchmark/prd_3_1_v1/candidates/segmentation_core_stress_v1/overlays/core/shoe/SEGCORE1_0277.jpg,,,,,,unreviewed,,
SEGCORE1_0278,core,shoe,shoe,Fashionpedia,../fashion_data/raw/fashionpedia/images/test/f43143d9807fbb2948474f68d8c6f550.jpg,fashionpedia_ann_8145,benchmark/prd_3_1_v1/candidates/segmentation_core_stress_v1/overlays/core/shoe/SEGCORE1_0278.jpg,,,,,,unreviewed,,
SEGCORE1_0279,core,shoe,shoe,Fashionpedia,../fashion_data/raw/fashionpedia/images/test/ac257ddc35bb18760df07544ca327129.jpg,fashionpedia_ann_7169,benchmark/prd_3_1_v1/candidates/segmentation_core_stress_v1/overlays/core/shoe/SEGCORE1_0279.jpg,,,,,,unreviewed,,
SEGCORE1_0280,core,shoe,shoe,Fashionpedia,../fashion_data/raw/fashionpedia/images/test/8c6c8abea5d5a128ca8834600b2aeddc.jpg,fashionpedia_ann_8821,benchmark/prd_3_1_v1/candidates/segmentation_core_stress_v1/overlays/core/shoe/SEGCORE1_0280.jpg,,,,,,unreviewed,,
SEGCORE1_0281,core,shoe,shoe,Fashionpedia,../fashion_data/raw/fashionpedia/images/test/5ada94993430e73f1e6967d5ce2aecad.jpg,fashionpedia_ann_3345,benchmark/prd_3_1_v1/candidates/segmentation_core_stress_v1/overlays/core/shoe/SEGCORE1_0281.jpg,,,,,,unreviewed,,
SEGCORE1_0282,core,shoe,shoe,Fashionpedia,../fashion_data/raw/fashionpedia/images/test/19b88ca66e3ab754d3b6aa7d5e2f0a83.jpg,fashionpedia_ann_888,benchmark/prd_3_1_v1/candidates/segmentation_core_stress_v1/overlays/core/shoe/SEGCORE1_0282.jpg,,,,,,unreviewed,,
SEGCORE1_0283,core,shoe,shoe,Fashionpedia,../fashion_data/raw/fashionpedia/images/test/93689df6d05b8406fcf9083057344e3e.jpg,fashionpedia_ann_6967,benchmark/prd_3_1_v1/candidates/segmentation_core_stress_v1/overlays/core/shoe/SEGCORE1_0283.jpg,,,,,,unreviewed,,
SEGCORE1_0284,core,shoe,shoe,Fashionpedia,../fashion_data/raw/fashionpedia/images/test/c71725f6c3b33f109c76c4d356efb90b.jpg,fashionpedia_ann_6119,benchmark/prd_3_1_v1/candidates/segmentation_core_stress_v1/overlays/core/shoe/SEGCORE1_0284.jpg,,,,,,unreviewed,,
SEGCORE1_0285,core,shoe,shoe,Fashionpedia,../fashion_data/raw/fashionpedia/images/test/3d2c62435d6f70d51721670bc5e60ad2.jpg,fashionpedia_ann_1274,benchmark/prd_3_1_v1/candidates/segmentation_core_stress_v1/overlays/core/shoe/SEGCORE1_0285.jpg,,,,,,unreviewed,,
SEGCORE1_0286,core,shoe,shoe,Fashionpedia,../fashion_data/raw/fashionpedia/images/test/e14733841b04c64e75789a91fbe549b3.jpg,fashionpedia_ann_8929,benchmark/prd_3_1_v1/candidates/segmentation_core_stress_v1/overlays/core/shoe/SEGCORE1_0286.jpg,,,,,,unreviewed,,
SEGCORE1_0287,core,shoe,shoe,Fashionpedia,../fashion_data/raw/fashionpedia/images/test/733128db0ce4f09443fc561514458c7f.jpg,fashionpedia_ann_7927,benchmark/prd_3_1_v1/candidates/segmentation_core_stress_v1/overlays/core/shoe/SEGCORE1_0287.jpg,,,,,,unreviewed,,
SEGCORE1_0288,core,shoe,shoe,Fashionpedia,../fashion_data/raw/fashionpedia/images/test/923d9f0cbf8310c92e7949638ac59fdc.jpg,fashionpedia_ann_8945,benchmark/prd_3_1_v1/candidates/segmentation_core_stress_v1/overlays/core/shoe/SEGCORE1_0288.jpg,,,,,,unreviewed,,
SEGCORE1_0289,core,shoe,shoe,Fashionpedia,../fashion_data/raw/fashionpedia/images/test/d47f5c8a886204cd7b315af23ce90b4e.jpg,fashionpedia_ann_5515,benchmark/prd_3_1_v1/candidates/segmentation_core_stress_v1/overlays/core/shoe/SEGCORE1_0289.jpg,,,,,,unreviewed,,
SEGCORE1_0290,core,shoe,shoe,Fashionpedia,../fashion_data/raw/fashionpedia/images/test/6d734ccae856df8a0bf85bb3f658bbbb.jpg,fashionpedia_ann_324,benchmark/prd_3_1_v1/candidates/segmentation_core_stress_v1/overlays/core/shoe/SEGCORE1_0290.jpg,,,,,,unreviewed,,
SEGCORE1_0291,core,shoe,shoe,Fashionpedia,../fashion_data/raw/fashionpedia/images/test/3a363533069e4150d6fd215abb73dd08.jpg,fashionpedia_ann_842,benchmark/prd_3_1_v1/candidates/segmentation_core_stress_v1/overlays/core/shoe/SEGCORE1_0291.jpg,,,,,,unreviewed,,
SEGCORE1_0292,core,shoe,shoe,Fashionpedia,../fashion_data/raw/fashionpedia/images/test/dcee0c0b136a4e8a004fef599a4c96f3.jpg,fashionpedia_ann_4701,benchmark/prd_3_1_v1/candidates/segmentation_core_stress_v1/overlays/core/shoe/SEGCORE1_0292.jpg,,,,,,unreviewed,,
SEGCORE1_0293,core,shoe,shoe,Fashionpedia,../fashion_data/raw/fashionpedia/images/test/8b0f9bec3b8c5793bf116e1e5e502072.jpg,fashionpedia_ann_1830,benchmark/prd_3_1_v1/candidates/segmentation_core_stress_v1/overlays/core/shoe/SEGCORE1_0293.jpg,,,,,,unreviewed,,
SEGCORE1_0294,core,shoe,shoe,Fashionpedia,../fashion_data/raw/fashionpedia/images/test/18c07033fd67225df16d98e9f6975fc9.jpg,fashionpedia_ann_5222,benchmark/prd_3_1_v1/candidates/segmentation_core_stress_v1/overlays/core/shoe/SEGCORE1_0294.jpg,,,,,,unreviewed,,
SEGCORE1_0295,core,shoe,shoe,Fashionpedia,../fashion_data/raw/fashionpedia/images/test/c49c54015b966bc7220c18569088e5ea.jpg,fashionpedia_ann_333,benchmark/prd_3_1_v1/candidates/segmentation_core_stress_v1/overlays/core/shoe/SEGCORE1_0295.jpg,,,,,,unreviewed,,
SEGCORE1_0296,core,shoe,shoe,Fashionpedia,../fashion_data/raw/fashionpedia/images/test/347c5d77fb5cea10e3bb9d604b40e141.jpg,fashionpedia_ann_6717,benchmark/prd_3_1_v1/candidates/segmentation_core_stress_v1/overlays/core/shoe/SEGCORE1_0296.jpg,,,,,,unreviewed,,
SEGCORE1_0297,core,shoe,shoe,Fashionpedia,../fashion_data/raw/fashionpedia/images/test/e9e415310c10ee05c1ebbf0f013c9269.jpg,fashionpedia_ann_3763,benchmark/prd_3_1_v1/candidates/segmentation_core_stress_v1/overlays/core/shoe/SEGCORE1_0297.jpg,,,,,,unreviewed,,
SEGCORE1_0298,core,shoe,shoe,Fashionpedia,../fashion_data/raw/fashionpedia/images/test/5d5d3fb33612b0794f06003d8abe2a3e.jpg,fashionpedia_ann_8012,benchmark/prd_3_1_v1/candidates/segmentation_core_stress_v1/overlays/core/shoe/SEGCORE1_0298.jpg,,,,,,unreviewed,,
SEGCORE1_0299,core,shoe,shoe,Fashionpedia,../fashion_data/raw/fashionpedia/images/test/bf916c006f8adb3c0a45b5a7bfe4d782.jpg,fashionpedia_ann_271,benchmark/prd_3_1_v1/candidates/segmentation_core_stress_v1/overlays/core/shoe/SEGCORE1_0299.jpg,,,,,,unreviewed,,
SEGCORE1_0300,core,shoe,shoe,Fashionpedia,../fashion_data/raw/fashionpedia/images/test/6469f5b56cb9ab713851fcd9116923c1.jpg,fashionpedia_ann_4730,benchmark/prd_3_1_v1/candidates/segmentation_core_stress_v1/overlays/core/shoe/SEGCORE1_0300.jpg,,,,,,unreviewed,,
SEGCORE1_0301,core,shoe,shoe,Fashionpedia,../fashion_data/raw/fashionpedia/images/test/1e54ccbc575eac627de68b221913fc52.jpg,fashionpedia_ann_4501,benchmark/prd_3_1_v1/candidates/segmentation_core_stress_v1/overlays/core/shoe/SEGCORE1_0301.jpg,,,,,,unreviewed,,
SEGCORE1_0302,core,shoe,shoe,Fashionpedia,../fashion_data/raw/fashionpedia/images/test/0617757485dad98ded988c6e101c8bf2.jpg,fashionpedia_ann_1629,benchmark/prd_3_1_v1/candidates/segmentation_core_stress_v1/overlays/core/shoe/SEGCORE1_0302.jpg,,,,,,unreviewed,,
SEGCORE1_0303,core,shoe,shoe,Fashionpedia,../fashion_data/raw/fashionpedia/images/test/c829a692db2ec7013e3eb242b430a2d8.jpg,fashionpedia_ann_1821,benchmark/prd_3_1_v1/candidates/segmentation_core_stress_v1/overlays/core/shoe/SEGCORE1_0303.jpg,,,,,,unreviewed,,
SEGCORE1_0304,core,shoe,shoe,Fashionpedia,../fashion_data/raw/fashionpedia/images/test/ebf78f93576a0c6222dc50801fd113c6.jpg,fashionpedia_ann_2463,benchmark/prd_3_1_v1/candidates/segmentation_core_stress_v1/overlays/core/shoe/SEGCORE1_0304.jpg,,,,,,unreviewed,,
SEGCORE1_0305,core,shoe,shoe,Fashionpedia,../fashion_data/raw/fashionpedia/images/test/9a755d94e00922406ee34010fac8eec5.jpg,fashionpedia_ann_5623,benchmark/prd_3_1_v1/candidates/segmentation_core_stress_v1/overlays/core/shoe/SEGCORE1_0305.jpg,,,,,,unreviewed,,
SEGCORE1_0306,core,shoe,shoe,Fashionpedia,../fashion_data/raw/fashionpedia/images/test/af8be1edbef6e48a88325ebf63cb48f1.jpg,fashionpedia_ann_8766,benchmark/prd_3_1_v1/candidates/segmentation_core_stress_v1/overlays/core/shoe/SEGCORE1_0306.jpg,,,,,,unreviewed,,
SEGCORE1_0307,core,shoe,shoe,Fashionpedia,../fashion_data/raw/fashionpedia/images/test/b71711424f189b2279045ba925231bc8.jpg,fashionpedia_ann_3233,benchmark/prd_3_1_v1/candidates/segmentation_core_stress_v1/overlays/core/shoe/SEGCORE1_0307.jpg,,,,,,unreviewed,,
SEGCORE1_0308,core,shoe,shoe,Fashionpedia,../fashion_data/raw/fashionpedia/images/test/cd49344a73f9e61527b4ef120e1ddfd0.jpg,fashionpedia_ann_6516,benchmark/prd_3_1_v1/candidates/segmentation_core_stress_v1/overlays/core/shoe/SEGCORE1_0308.jpg,,,,,,unreviewed,,
SEGCORE1_0309,core,shoe,shoe,Fashionpedia,../fashion_data/raw/fashionpedia/images/test/b9d34d7ecfc267888ad6eb0f20af3792.jpg,fashionpedia_ann_7065,benchmark/prd_3_1_v1/candidates/segmentation_core_stress_v1/overlays/core/shoe/SEGCORE1_0309.jpg,,,,,,unreviewed,,
SEGCORE1_0310,core,shoe,shoe,Fashionpedia,../fashion_data/raw/fashionpedia/images/test/e9276aedf39f09ebe6ded9e203982fea.jpg,fashionpedia_ann_1022,benchmark/prd_3_1_v1/candidates/segmentation_core_stress_v1/overlays/core/shoe/SEGCORE1_0310.jpg,,,,,,unreviewed,,
SEGCORE1_0311,core,shoe,shoe,Fashionpedia,../fashion_data/raw/fashionpedia/images/test/030cfd158b49ff622c71bdf9aa30f39a.jpg,fashionpedia_ann_3751,benchmark/prd_3_1_v1/candidates/segmentation_core_stress_v1/overlays/core/shoe/SEGCORE1_0311.jpg,,,,,,unreviewed,,
SEGCORE1_0312,core,shoe,shoe,Fashionpedia,../fashion_data/raw/fashionpedia/images/test/c31564bf88c1d02aa8cb1e886ccaadef.jpg,fashionpedia_ann_1307,benchmark/prd_3_1_v1/candidates/segmentation_core_stress_v1/overlays/core/shoe/SEGCORE1_0312.jpg,,,,,,unreviewed,,
SEGCORE1_0313,core,shoe,shoe,Fashionpedia,../fashion_data/raw/fashionpedia/images/test/ac0bb60c85a2a9a02d525f900316cda2.jpg,fashionpedia_ann_2002,benchmark/prd_3_1_v1/candidates/segmentation_core_stress_v1/overlays/core/shoe/SEGCORE1_0313.jpg,,,,,,unreviewed,,
SEGCORE1_0314,core,shoe,shoe,Fashionpedia,../fashion_data/raw/fashionpedia/images/test/fb8c9b2e3aa874455182d777418321da.jpg,fashionpedia_ann_1142,benchmark/prd_3_1_v1/candidates/segmentation_core_stress_v1/overlays/core/shoe/SEGCORE1_0314.jpg,,,,,,unreviewed,,
SEGCORE1_0315,core,shoe,shoe,Fashionpedia,../fashion_data/raw/fashionpedia/images/test/18b2f32e876170304b2b6860ae127ba5.jpg,fashionpedia_ann_8605,benchmark/prd_3_1_v1/candidates/segmentation_core_stress_v1/overlays/core/shoe/SEGCORE1_0315.jpg,,,,,,unreviewed,,
SEGCORE1_0316,core,shoe,shoe,Fashionpedia,../fashion_data/raw/fashionpedia/images/test/c4495c86c19fedfdf2fefb74d43fdd6d.jpg,fashionpedia_ann_4431,benchmark/prd_3_1_v1/candidates/segmentation_core_stress_v1/overlays/core/shoe/SEGCORE1_0316.jpg,,,,,,unreviewed,,
SEGCORE1_0317,core,shoe,shoe,Fashionpedia,../fashion_data/raw/fashionpedia/images/test/e4de7821071dd5b1baa80bb9813a8895.jpg,fashionpedia_ann_8216,benchmark/prd_3_1_v1/candidates/segmentation_core_stress_v1/overlays/core/shoe/SEGCORE1_0317.jpg,,,,,,unreviewed,,
SEGCORE1_0318,core,shoe,shoe,Fashionpedia,../fashion_data/raw/fashionpedia/images/test/7ecf591cf3e21e72ea2718e3869f5768.jpg,fashionpedia_ann_897,benchmark/prd_3_1_v1/candidates/segmentation_core_stress_v1/overlays/core/shoe/SEGCORE1_0318.jpg,,,,,,unreviewed,,
SEGCORE1_0319,core,shoe,shoe,Fashionpedia,../fashion_data/raw/fashionpedia/images/test/b0ed46a2ed52c32e7a1c2c47cebf3f70.jpg,fashionpedia_ann_1997,benchmark/prd_3_1_v1/candidates/segmentation_core_stress_v1/overlays/core/shoe/SEGCORE1_0319.jpg,,,,,,unreviewed,,
SEGCORE1_0320,core,shoe,shoe,Fashionpedia,../fashion_data/raw/fashionpedia/images/test/f8a4762ebff45ddd567bdb9dbb41d0b6.jpg,fashionpedia_ann_2372,benchmark/prd_3_1_v1/candidates/segmentation_core_stress_v1/overlays/core/shoe/SEGCORE1_0320.jpg,,,,,,unreviewed,,
SEGCORE1_0321,core,shoe,shoe,Fashionpedia,../fashion_data/raw/fashionpedia/images/test/7edab506f7628da58ac683b6b9554d2d.jpg,fashionpedia_ann_972,benchmark/prd_3_1_v1/candidates/segmentation_core_stress_v1/overlays/core/shoe/SEGCORE1_0321.jpg,,,,,,unreviewed,,
SEGCORE1_0322,core,shoe,shoe,Fashionpedia,../fashion_data/raw/fashionpedia/images/test/5335b8ea8a70be860bc310864bc7d8d1.jpg,fashionpedia_ann_8097,benchmark/prd_3_1_v1/candidates/segmentation_core_stress_v1/overlays/core/shoe/SEGCORE1_0322.jpg,,,,,,unreviewed,,
SEGCORE1_0323,core,shoe,shoe,Fashionpedia,../fashion_data/raw/fashionpedia/images/test/fa798612385be732aa8a70fb56d8bed0.jpg,fashionpedia_ann_2246,benchmark/prd_3_1_v1/candidates/segmentation_core_stress_v1/overlays/core/shoe/SEGCORE1_0323.jpg,,,,,,unreviewed,,
SEGCORE1_0324,core,shoe,shoe,Fashionpedia,../fashion_data/raw/fashionpedia/images/test/0205895cfbb5348d94fda8ce32272fa5.jpg,fashionpedia_ann_4673,benchmark/prd_3_1_v1/candidates/segmentation_core_stress_v1/overlays/core/shoe/SEGCORE1_0324.jpg,,,,,,unreviewed,,
SEGCORE1_0325,core,shoe,shoe,Fashionpedia,../fashion_data/raw/fashionpedia/images/test/e3f702de1a68d8039e2020cbcf7575d2.jpg,fashionpedia_ann_3210,benchmark/prd_3_1_v1/candidates/segmentation_core_stress_v1/overlays/core/shoe/SEGCORE1_0325.jpg,,,,,,unreviewed,,
SEGCORE1_0326,core,shoe,shoe,Fashionpedia,../fashion_data/raw/fashionpedia/images/test/b3727cc1c8c81af2822bc1750c6d7b74.jpg,fashionpedia_ann_749,benchmark/prd_3_1_v1/candidates/segmentation_core_stress_v1/overlays/core/shoe/SEGCORE1_0326.jpg,,,,,,unreviewed,,
SEGCORE1_0327,core,shoe,shoe,Fashionpedia,../fashion_data/raw/fashionpedia/images/test/e96499ab161b277c35c4db8bb820f070.jpg,fashionpedia_ann_6125,benchmark/prd_3_1_v1/candidates/segmentation_core_stress_v1/overlays/core/shoe/SEGCORE1_0327.jpg,,,,,,unreviewed,,
SEGCORE1_0328,core,shoe,shoe,Fashionpedia,../fashion_data/raw/fashionpedia/images/test/50ebf72d1294ac64c8ff95ba81d05be7.jpg,fashionpedia_ann_4974,benchmark/prd_3_1_v1/candidates/segmentation_core_stress_v1/overlays/core/shoe/SEGCORE1_0328.jpg,,,,,,unreviewed,,
SEGCORE1_0329,core,shoe,shoe,Fashionpedia,../fashion_data/raw/fashionpedia/images/test/5dbc92d79e36f8af3824a776b28b97d0.jpg,fashionpedia_ann_1158,benchmark/prd_3_1_v1/candidates/segmentation_core_stress_v1/overlays/core/shoe/SEGCORE1_0329.jpg,,,,,,unreviewed,,
SEGCORE1_0330,core,shoe,shoe,Fashionpedia,../fashion_data/raw/fashionpedia/images/test/d3288584fffb4caeb8a392304b09ce93.jpg,fashionpedia_ann_4491,benchmark/prd_3_1_v1/candidates/segmentation_core_stress_v1/overlays/core/shoe/SEGCORE1_0330.jpg,,,,,,unreviewed,,
SEGCORE1_0331,core,bag,"bag, wallet",Fashionpedia,../fashion_data/raw/fashionpedia/images/test/3ae36909e5aa4ad018b2601797debf94.jpg,fashionpedia_ann_8073,benchmark/prd_3_1_v1/candidates/segmentation_core_stress_v1/overlays/core/bag/SEGCORE1_0331.jpg,,,,,,unreviewed,,
SEGCORE1_0332,core,bag,"bag, wallet",Fashionpedia,../fashion_data/raw/fashionpedia/images/test/4a218fbe91f6d17267cdbb255d4d8900.jpg,fashionpedia_ann_6755,benchmark/prd_3_1_v1/candidates/segmentation_core_stress_v1/overlays/core/bag/SEGCORE1_0332.jpg,,,,,,unreviewed,,
SEGCORE1_0333,core,bag,"bag, wallet",Fashionpedia,../fashion_data/raw/fashionpedia/images/test/fa3e88c6a313433dd7884ce0abb5d27e.jpg,fashionpedia_ann_8697,benchmark/prd_3_1_v1/candidates/segmentation_core_stress_v1/overlays/core/bag/SEGCORE1_0333.jpg,,,,,,unreviewed,,
SEGCORE1_0334,core,bag,"bag, wallet",Fashionpedia,../fashion_data/raw/fashionpedia/images/test/1fd63362ced55967a97a324928583339.jpg,fashionpedia_ann_7567,benchmark/prd_3_1_v1/candidates/segmentation_core_stress_v1/overlays/core/bag/SEGCORE1_0334.jpg,,,,,,unreviewed,,
SEGCORE1_0335,core,bag,"bag, wallet",Fashionpedia,../fashion_data/raw/fashionpedia/images/test/5d7f5a1b4d12d8931d03c3e7e1060689.jpg,fashionpedia_ann_6947,benchmark/prd_3_1_v1/candidates/segmentation_core_stress_v1/overlays/core/bag/SEGCORE1_0335.jpg,,,,,,unreviewed,,
SEGCORE1_0336,core,bag,"bag, wallet",Fashionpedia,../fashion_data/raw/fashionpedia/images/test/0b915f1e29a2e2dacf96aacd3cb6a3cc.jpg,fashionpedia_ann_6617,benchmark/prd_3_1_v1/candidates/segmentation_core_stress_v1/overlays/core/bag/SEGCORE1_0336.jpg,,,,,,unreviewed,,
SEGCORE1_0337,core,bag,"bag, wallet",Fashionpedia,../fashion_data/raw/fashionpedia/images/test/7229de52add8dfb593d50f63cc39df10.jpg,fashionpedia_ann_377,benchmark/prd_3_1_v1/candidates/segmentation_core_stress_v1/overlays/core/bag/SEGCORE1_0337.jpg,,,,,,unreviewed,,
SEGCORE1_0338,core,bag,"bag, wallet",Fashionpedia,../fashion_data/raw/fashionpedia/images/test/3990300351c44307a56a9263b1d9f346.jpg,fashionpedia_ann_528,benchmark/prd_3_1_v1/candidates/segmentation_core_stress_v1/overlays/core/bag/SEGCORE1_0338.jpg,,,,,,unreviewed,,
SEGCORE1_0339,core,bag,"bag, wallet",Fashionpedia,../fashion_data/raw/fashionpedia/images/test/e18e46ee82d41e1a8bad90e817212331.jpg,fashionpedia_ann_7652,benchmark/prd_3_1_v1/candidates/segmentation_core_stress_v1/overlays/core/bag/SEGCORE1_0339.jpg,,,,,,unreviewed,,
SEGCORE1_0340,core,bag,"bag, wallet",Fashionpedia,../fashion_data/raw/fashionpedia/images/test/899f2cf99bf2589cb5f037792f6f35ae.jpg,fashionpedia_ann_1804,benchmark/prd_3_1_v1/candidates/segmentation_core_stress_v1/overlays/core/bag/SEGCORE1_0340.jpg,,,,,,unreviewed,,
SEGCORE1_0341,core,bag,"bag, wallet",Fashionpedia,../fashion_data/raw/fashionpedia/images/test/9a7743d3ea701eb05c5529810f2243a7.jpg,fashionpedia_ann_777,benchmark/prd_3_1_v1/candidates/segmentation_core_stress_v1/overlays/core/bag/SEGCORE1_0341.jpg,,,,,,unreviewed,,
SEGCORE1_0342,core,bag,"bag, wallet",Fashionpedia,../fashion_data/raw/fashionpedia/images/test/70e000fc740fd51671f257453e5d4ef1.jpg,fashionpedia_ann_5478,benchmark/prd_3_1_v1/candidates/segmentation_core_stress_v1/overlays/core/bag/SEGCORE1_0342.jpg,,,,,,unreviewed,,
SEGCORE1_0343,core,bag,"bag, wallet",Fashionpedia,../fashion_data/raw/fashionpedia/images/test/bd8d3293d99b77a3fa0ec0dd058235dc.jpg,fashionpedia_ann_7129,benchmark/prd_3_1_v1/candidates/segmentation_core_stress_v1/overlays/core/bag/SEGCORE1_0343.jpg,,,,,,unreviewed,,
SEGCORE1_0344,core,bag,"bag, wallet",Fashionpedia,../fashion_data/raw/fashionpedia/images/test/0c6cf79ffbf7f14a266d0f0f21219447.jpg,fashionpedia_ann_498,benchmark/prd_3_1_v1/candidates/segmentation_core_stress_v1/overlays/core/bag/SEGCORE1_0344.jpg,,,,,,unreviewed,,
SEGCORE1_0345,core,bag,"bag, wallet",Fashionpedia,../fashion_data/raw/fashionpedia/images/test/a13f7be475e3cf371b342c0f2e320836.jpg,fashionpedia_ann_9174,benchmark/prd_3_1_v1/candidates/segmentation_core_stress_v1/overlays/core/bag/SEGCORE1_0345.jpg,,,,,,unreviewed,,
SEGCORE1_0346,core,bag,"bag, wallet",Fashionpedia,../fashion_data/raw/fashionpedia/images/test/7d9a766f0de2a8aab3004ac1bee9768f.jpg,fashionpedia_ann_2616,benchmark/prd_3_1_v1/candidates/segmentation_core_stress_v1/overlays/core/bag/SEGCORE1_0346.jpg,,,,,,unreviewed,,
SEGCORE1_0347,core,bag,"bag, wallet",Fashionpedia,../fashion_data/raw/fashionpedia/images/test/1c1b439e448879f805e8c827605ec96b.jpg,fashionpedia_ann_5455,benchmark/prd_3_1_v1/candidates/segmentation_core_stress_v1/overlays/core/bag/SEGCORE1_0347.jpg,,,,,,unreviewed,,
SEGCORE1_0348,core,bag,"bag, wallet",Fashionpedia,../fashion_data/raw/fashionpedia/images/test/a4222aa94c4ed6f7e3a36f553505249b.jpg,fashionpedia_ann_3141,benchmark/prd_3_1_v1/candidates/segmentation_core_stress_v1/overlays/core/bag/SEGCORE1_0348.jpg,,,,,,unreviewed,,
SEGCORE1_0349,core,bag,"bag, wallet",Fashionpedia,../fashion_data/raw/fashionpedia/images/test/0544acba02e8776a56fde74f83633c21.jpg,fashionpedia_ann_141,benchmark/prd_3_1_v1/candidates/segmentation_core_stress_v1/overlays/core/bag/SEGCORE1_0349.jpg,,,,,,unreviewed,,
SEGCORE1_0350,core,bag,"bag, wallet",Fashionpedia,../fashion_data/raw/fashionpedia/images/test/8fd977cccd42dde5ebe8785b3929f801.jpg,fashionpedia_ann_1602,benchmark/prd_3_1_v1/candidates/segmentation_core_stress_v1/overlays/core/bag/SEGCORE1_0350.jpg,,,,,,unreviewed,,
SEGCORE1_0351,core,bag,"bag, wallet",Fashionpedia,../fashion_data/raw/fashionpedia/images/test/e58b172581a1b2e4d7ed70620b23d2be.jpg,fashionpedia_ann_3471,benchmark/prd_3_1_v1/candidates/segmentation_core_stress_v1/overlays/core/bag/SEGCORE1_0351.jpg,,,,,,unreviewed,,
SEGCORE1_0352,core,bag,"bag, wallet",Fashionpedia,../fashion_data/raw/fashionpedia/images/test/e1c633bb82c74fbfc7504a7186c97751.jpg,fashionpedia_ann_5803,benchmark/prd_3_1_v1/candidates/segmentation_core_stress_v1/overlays/core/bag/SEGCORE1_0352.jpg,,,,,,unreviewed,,
SEGCORE1_0353,core,bag,"bag, wallet",Fashionpedia,../fashion_data/raw/fashionpedia/images/test/5285f0cc22e6b24ebf7597921f1e792f.jpg,fashionpedia_ann_6776,benchmark/prd_3_1_v1/candidates/segmentation_core_stress_v1/overlays/core/bag/SEGCORE1_0353.jpg,,,,,,unreviewed,,
SEGCORE1_0354,core,bag,"bag, wallet",Fashionpedia,../fashion_data/raw/fashionpedia/images/test/26168da8556dab9641084df526c39ced.jpg,fashionpedia_ann_6904,benchmark/prd_3_1_v1/candidates/segmentation_core_stress_v1/overlays/core/bag/SEGCORE1_0354.jpg,,,,,,unreviewed,,
SEGCORE1_0355,core,bag,"bag, wallet",Fashionpedia,../fashion_data/raw/fashionpedia/images/test/219a6c846e208bbad39f71ddab96408a.jpg,fashionpedia_ann_3153,benchmark/prd_3_1_v1/candidates/segmentation_core_stress_v1/overlays/core/bag/SEGCORE1_0355.jpg,,,,,,unreviewed,,
SEGCORE1_0356,core,bag,"bag, wallet",Fashionpedia,../fashion_data/raw/fashionpedia/images/test/0ba0216e6879f8b433d0897a77cff984.jpg,fashionpedia_ann_3969,benchmark/prd_3_1_v1/candidates/segmentation_core_stress_v1/overlays/core/bag/SEGCORE1_0356.jpg,,,,,,unreviewed,,
SEGCORE1_0357,core,bag,"bag, wallet",Fashionpedia,../fashion_data/raw/fashionpedia/images/test/e6468d04328e93755f40b49190b3f801.jpg,fashionpedia_ann_1058,benchmark/prd_3_1_v1/candidates/segmentation_core_stress_v1/overlays/core/bag/SEGCORE1_0357.jpg,,,,,,unreviewed,,
SEGCORE1_0358,core,bag,"bag, wallet",Fashionpedia,../fashion_data/raw/fashionpedia/images/test/bc6426e3f3df37ba4b2a84b808c20152.jpg,fashionpedia_ann_3111,benchmark/prd_3_1_v1/candidates/segmentation_core_stress_v1/overlays/core/bag/SEGCORE1_0358.jpg,,,,,,unreviewed,,
SEGCORE1_0359,core,bag,"bag, wallet",Fashionpedia,../fashion_data/raw/fashionpedia/images/test/f33e666940ab7cb29212a29d4feda8ad.jpg,fashionpedia_ann_3078,benchmark/prd_3_1_v1/candidates/segmentation_core_stress_v1/overlays/core/bag/SEGCORE1_0359.jpg,,,,,,unreviewed,,
SEGCORE1_0360,core,bag,"bag, wallet",Fashionpedia,../fashion_data/raw/fashionpedia/images/test/05bf5bc41fc3f6e18507faac19298273.jpg,fashionpedia_ann_3401,benchmark/prd_3_1_v1/candidates/segmentation_core_stress_v1/overlays/core/bag/SEGCORE1_0360.jpg,,,,,,unreviewed,,
SEGCORE1_0361,core,bag,"bag, wallet",Fashionpedia,../fashion_data/raw/fashionpedia/images/test/fa8cbbf127e163a2f512399049509d90.jpg,fashionpedia_ann_2024,benchmark/prd_3_1_v1/candidates/segmentation_core_stress_v1/overlays/core/bag/SEGCORE1_0361.jpg,,,,,,unreviewed,,
SEGCORE1_0362,core,bag,"bag, wallet",Fashionpedia,../fashion_data/raw/fashionpedia/images/test/02b4423e161fa2409974174ec53cdb2a.jpg,fashionpedia_ann_8391,benchmark/prd_3_1_v1/candidates/segmentation_core_stress_v1/overlays/core/bag/SEGCORE1_0362.jpg,,,,,,unreviewed,,
SEGCORE1_0363,core,bag,"bag, wallet",Fashionpedia,../fashion_data/raw/fashionpedia/images/test/91d2989ccce4a5b3e4789f48b4e05a68.jpg,fashionpedia_ann_2999,benchmark/prd_3_1_v1/candidates/segmentation_core_stress_v1/overlays/core/bag/SEGCORE1_0363.jpg,,,,,,unreviewed,,
SEGCORE1_0364,core,bag,"bag, wallet",Fashionpedia,../fashion_data/raw/fashionpedia/images/test/1ee26a858200fa98bef04c950dad233a.jpg,fashionpedia_ann_1171,benchmark/prd_3_1_v1/candidates/segmentation_core_stress_v1/overlays/core/bag/SEGCORE1_0364.jpg,,,,,,unreviewed,,
SEGCORE1_0365,core,bag,"bag, wallet",Fashionpedia,../fashion_data/raw/fashionpedia/images/test/de92afe62c9c4670a48c6c3e43440323.jpg,fashionpedia_ann_3574,benchmark/prd_3_1_v1/candidates/segmentation_core_stress_v1/overlays/core/bag/SEGCORE1_0365.jpg,,,,,,unreviewed,,
SEGCORE1_0366,core,bag,"bag, wallet",Fashionpedia,../fashion_data/raw/fashionpedia/images/test/78c76bd3d70e760b4b59fde91b1cc03f.jpg,fashionpedia_ann_7859,benchmark/prd_3_1_v1/candidates/segmentation_core_stress_v1/overlays/core/bag/SEGCORE1_0366.jpg,,,,,,unreviewed,,
SEGCORE1_0367,core,bag,"bag, wallet",Fashionpedia,../fashion_data/raw/fashionpedia/images/test/590d516a191a9f1013976798dda97d36.jpg,fashionpedia_ann_3535,benchmark/prd_3_1_v1/candidates/segmentation_core_stress_v1/overlays/core/bag/SEGCORE1_0367.jpg,,,,,,unreviewed,,
SEGCORE1_0368,core,bag,"bag, wallet",Fashionpedia,../fashion_data/raw/fashionpedia/images/test/4aa6626a5183e3072b74ee07f75e07b6.jpg,fashionpedia_ann_578,benchmark/prd_3_1_v1/candidates/segmentation_core_stress_v1/overlays/core/bag/SEGCORE1_0368.jpg,,,,,,unreviewed,,
SEGCORE1_0369,core,bag,"bag, wallet",Fashionpedia,../fashion_data/raw/fashionpedia/images/test/5446d1fd42c4c2baac5bc3ae647b2f7d.jpg,fashionpedia_ann_3374,benchmark/prd_3_1_v1/candidates/segmentation_core_stress_v1/overlays/core/bag/SEGCORE1_0369.jpg,,,,,,unreviewed,,
SEGCORE1_0370,core,bag,"bag, wallet",Fashionpedia,../fashion_data/raw/fashionpedia/images/test/eb20c87403d09323d402b3461afbdb0e.jpg,fashionpedia_ann_8409,benchmark/prd_3_1_v1/candidates/segmentation_core_stress_v1/overlays/core/bag/SEGCORE1_0370.jpg,,,,,,unreviewed,,
SEGCORE1_0371,core,bag,"bag, wallet",Fashionpedia,../fashion_data/raw/fashionpedia/images/test/25e92d53394ac92b6b9edbbfe7cb0e1e.jpg,fashionpedia_ann_8795,benchmark/prd_3_1_v1/candidates/segmentation_core_stress_v1/overlays/core/bag/SEGCORE1_0371.jpg,,,,,,unreviewed,,
SEGCORE1_0372,core,bag,"bag, wallet",Fashionpedia,../fashion_data/raw/fashionpedia/images/test/2bb3700b00be0b5dc63b73da24501546.jpg,fashionpedia_ann_6562,benchmark/prd_3_1_v1/candidates/segmentation_core_stress_v1/overlays/core/bag/SEGCORE1_0372.jpg,,,,,,unreviewed,,
SEGCORE1_0373,core,bag,"bag, wallet",Fashionpedia,../fashion_data/raw/fashionpedia/images/test/6e2652e279a03035a8a0190ba461d247.jpg,fashionpedia_ann_8421,benchmark/prd_3_1_v1/candidates/segmentation_core_stress_v1/overlays/core/bag/SEGCORE1_0373.jpg,,,,,,unreviewed,,
SEGCORE1_0374,core,bag,"bag, wallet",Fashionpedia,../fashion_data/raw/fashionpedia/images/test/c61d5cca2c2a6e5f06a6ff26689e8f89.jpg,fashionpedia_ann_2332,benchmark/prd_3_1_v1/candidates/segmentation_core_stress_v1/overlays/core/bag/SEGCORE1_0374.jpg,,,,,,unreviewed,,
SEGCORE1_0375,core,bag,"bag, wallet",Fashionpedia,../fashion_data/raw/fashionpedia/images/test/6f7e3162e9690967035c75bdbb9b0aea.jpg,fashionpedia_ann_6958,benchmark/prd_3_1_v1/candidates/segmentation_core_stress_v1/overlays/core/bag/SEGCORE1_0375.jpg,,,,,,unreviewed,,
SEGCORE1_0376,core,bag,"bag, wallet",Fashionpedia,../fashion_data/raw/fashionpedia/images/test/42668f83c24465ba79d25eb2a8790050.jpg,fashionpedia_ann_7324,benchmark/prd_3_1_v1/candidates/segmentation_core_stress_v1/overlays/core/bag/SEGCORE1_0376.jpg,,,,,,unreviewed,,
SEGCORE1_0377,core,bag,"bag, wallet",Fashionpedia,../fashion_data/raw/fashionpedia/images/test/b6b563c14cfb7911932d24d22ffe5041.jpg,fashionpedia_ann_7874,benchmark/prd_3_1_v1/candidates/segmentation_core_stress_v1/overlays/core/bag/SEGCORE1_0377.jpg,,,,,,unreviewed,,
SEGCORE1_0378,core,bag,"bag, wallet",Fashionpedia,../fashion_data/raw/fashionpedia/images/test/8623733272199d95726231fd6dcdc7bf.jpg,fashionpedia_ann_7482,benchmark/prd_3_1_v1/candidates/segmentation_core_stress_v1/overlays/core/bag/SEGCORE1_0378.jpg,,,,,,unreviewed,,
SEGCORE1_0379,core,bag,"bag, wallet",Fashionpedia,../fashion_data/raw/fashionpedia/images/test/ce07236c7bdb9f4d04df57c3a7967959.jpg,fashionpedia_ann_4714,benchmark/prd_3_1_v1/candidates/segmentation_core_stress_v1/overlays/core/bag/SEGCORE1_0379.jpg,,,,,,unreviewed,,
SEGCORE1_0380,core,bag,"bag, wallet",Fashionpedia,../fashion_data/raw/fashionpedia/images/test/65cb75a24d64e835888e2824b1baaacc.jpg,fashionpedia_ann_2212,benchmark/prd_3_1_v1/candidates/segmentation_core_stress_v1/overlays/core/bag/SEGCORE1_0380.jpg,,,,,,unreviewed,,
SEGCORE1_0381,core,bag,"bag, wallet",Fashionpedia,../fashion_data/raw/fashionpedia/images/test/981fa1400f6240e4a3d5082b95b667a2.jpg,fashionpedia_ann_5913,benchmark/prd_3_1_v1/candidates/segmentation_core_stress_v1/overlays/core/bag/SEGCORE1_0381.jpg,,,,,,unreviewed,,
SEGCORE1_0382,core,bag,"bag, wallet",Fashionpedia,../fashion_data/raw/fashionpedia/images/test/3421d3316a1b5e3e0eba67a600201806.jpg,fashionpedia_ann_7699,benchmark/prd_3_1_v1/candidates/segmentation_core_stress_v1/overlays/core/bag/SEGCORE1_0382.jpg,,,,,,unreviewed,,
SEGCORE1_0383,core,bag,"bag, wallet",Fashionpedia,../fashion_data/raw/fashionpedia/images/test/790cc5b2e3f130e9f45cde050b74c055.jpg,fashionpedia_ann_75,benchmark/prd_3_1_v1/candidates/segmentation_core_stress_v1/overlays/core/bag/SEGCORE1_0383.jpg,,,,,,unreviewed,,
SEGCORE1_0384,core,bag,"bag, wallet",Fashionpedia,../fashion_data/raw/fashionpedia/images/test/cd30c3a3d2eae0659013f8e27938c805.jpg,fashionpedia_ann_2407,benchmark/prd_3_1_v1/candidates/segmentation_core_stress_v1/overlays/core/bag/SEGCORE1_0384.jpg,,,,,,unreviewed,,
SEGCORE1_0385,core,bag,"bag, wallet",Fashionpedia,../fashion_data/raw/fashionpedia/images/test/d56bf67bd74cb0f2128007818675a465.jpg,fashionpedia_ann_6210,benchmark/prd_3_1_v1/candidates/segmentation_core_stress_v1/overlays/core/bag/SEGCORE1_0385.jpg,,,,,,unreviewed,,
SEGCORE1_0386,core,accessory,"headband, head covering, hair accessory",Fashionpedia,../fashion_data/raw/fashionpedia/images/test/474d53c6c7a10c536cb49d55104211bf.jpg,fashionpedia_ann_3274,benchmark/prd_3_1_v1/candidates/segmentation_core_stress_v1/overlays/core/accessory/SEGCORE1_0386.jpg,,,,,,unreviewed,,
SEGCORE1_0387,core,accessory,sock,Fashionpedia,../fashion_data/raw/fashionpedia/images/test/35980d446169c38a1ebe02324dc0df36.jpg,fashionpedia_ann_9166,benchmark/prd_3_1_v1/candidates/segmentation_core_stress_v1/overlays/core/accessory/SEGCORE1_0387.jpg,,,,,,unreviewed,,
SEGCORE1_0388,core,accessory,belt,Fashionpedia,../fashion_data/raw/fashionpedia/images/test/f4c8049f436b7edcb26c01d3219e14c2.jpg,fashionpedia_ann_7825,benchmark/prd_3_1_v1/candidates/segmentation_core_stress_v1/overlays/core/accessory/SEGCORE1_0388.jpg,,,,,,unreviewed,,
SEGCORE1_0389,core,accessory,glove,Fashionpedia,../fashion_data/raw/fashionpedia/images/test/0a4aae5ecd970a120bfcc6b377b6e187.jpg,fashionpedia_ann_8535,benchmark/prd_3_1_v1/candidates/segmentation_core_stress_v1/overlays/core/accessory/SEGCORE1_0389.jpg,,,,,,unreviewed,,
SEGCORE1_0390,core,accessory,scarf,Fashionpedia,../fashion_data/raw/fashionpedia/images/test/064c8022b32931e787260d81ed5aafe8.jpg,fashionpedia_ann_8225,benchmark/prd_3_1_v1/candidates/segmentation_core_stress_v1/overlays/core/accessory/SEGCORE1_0390.jpg,,,,,,unreviewed,,
SEGCORE1_0391,core,accessory,glove,Fashionpedia,../fashion_data/raw/fashionpedia/images/test/33a5bdedbd732f7fdd89d558b78707ef.jpg,fashionpedia_ann_826,benchmark/prd_3_1_v1/candidates/segmentation_core_stress_v1/overlays/core/accessory/SEGCORE1_0391.jpg,,,,,,unreviewed,,
SEGCORE1_0392,core,accessory,hat,Fashionpedia,../fashion_data/raw/fashionpedia/images/test/ec87f9472aa1aa6a6fb6fa44add1357a.jpg,fashionpedia_ann_7485,benchmark/prd_3_1_v1/candidates/segmentation_core_stress_v1/overlays/core/accessory/SEGCORE1_0392.jpg,,,,,,unreviewed,,
SEGCORE1_0393,core,accessory,watch,Fashionpedia,../fashion_data/raw/fashionpedia/images/test/992c89a774b9f246db9ab54865273b26.jpg,fashionpedia_ann_1523,benchmark/prd_3_1_v1/candidates/segmentation_core_stress_v1/overlays/core/accessory/SEGCORE1_0393.jpg,,,,,,unreviewed,,
SEGCORE1_0394,core,accessory,hat,Fashionpedia,../fashion_data/raw/fashionpedia/images/test/ef9f506c8d4345edbb63f7fb54bb2cf5.jpg,fashionpedia_ann_4816,benchmark/prd_3_1_v1/candidates/segmentation_core_stress_v1/overlays/core/accessory/SEGCORE1_0394.jpg,,,,,,unreviewed,,
SEGCORE1_0395,core,accessory,"headband, head covering, hair accessory",Fashionpedia,../fashion_data/raw/fashionpedia/images/test/8e13b4bba964e3d1fc2eba6e30975f06.jpg,fashionpedia_ann_1964,benchmark/prd_3_1_v1/candidates/segmentation_core_stress_v1/overlays/core/accessory/SEGCORE1_0395.jpg,,,,,,unreviewed,,
SEGCORE1_0396,core,accessory,sock,Fashionpedia,../fashion_data/raw/fashionpedia/images/test/de3856d93bf781545f6453afbbeef077.jpg,fashionpedia_ann_8233,benchmark/prd_3_1_v1/candidates/segmentation_core_stress_v1/overlays/core/accessory/SEGCORE1_0396.jpg,,,,,,unreviewed,,
SEGCORE1_0397,core,accessory,"tights, stockings",Fashionpedia,../fashion_data/raw/fashionpedia/images/test/069223d02dcbfbe69af905daeb7fae26.jpg,fashionpedia_ann_8662,benchmark/prd_3_1_v1/candidates/segmentation_core_stress_v1/overlays/core/accessory/SEGCORE1_0397.jpg,,,,,,unreviewed,,
SEGCORE1_0398,core,accessory,belt,Fashionpedia,../fashion_data/raw/fashionpedia/images/test/0ff1ad48b959df32af38f42cef26d361.jpg,fashionpedia_ann_6370,benchmark/prd_3_1_v1/candidates/segmentation_core_stress_v1/overlays/core/accessory/SEGCORE1_0398.jpg,,,,,,unreviewed,,
SEGCORE1_0399,core,accessory,scarf,Fashionpedia,../fashion_data/raw/fashionpedia/images/test/d451b646b79628026a369c045ed54462.jpg,fashionpedia_ann_6404,benchmark/prd_3_1_v1/candidates/segmentation_core_stress_v1/overlays/core/accessory/SEGCORE1_0399.jpg,,,,,,unreviewed,,
SEGCORE1_0400,core,accessory,hat,Fashionpedia,../fashion_data/raw/fashionpedia/images/test/3c9745ee71fdc72c43f9baec5f9e27f0.jpg,fashionpedia_ann_6700,benchmark/prd_3_1_v1/candidates/segmentation_core_stress_v1/overlays/core/accessory/SEGCORE1_0400.jpg,,,,,,unreviewed,,
SEGCORE1_0401,core,accessory,"tights, stockings",Fashionpedia,../fashion_data/raw/fashionpedia/images/test/e636280e96f3863157a4398c92fc299e.jpg,fashionpedia_ann_8491,benchmark/prd_3_1_v1/candidates/segmentation_core_stress_v1/overlays/core/accessory/SEGCORE1_0401.jpg,,,,,,unreviewed,,
SEGCORE1_0402,core,accessory,glasses,Fashionpedia,../fashion_data/raw/fashionpedia/images/test/3c9135567d29729161aa465507e5efad.jpg,fashionpedia_ann_5153,benchmark/prd_3_1_v1/candidates/segmentation_core_stress_v1/overlays/core/accessory/SEGCORE1_0402.jpg,,,,,,unreviewed,,
SEGCORE1_0403,core,accessory,belt,Fashionpedia,../fashion_data/raw/fashionpedia/images/test/b5afca4e7afe32cd8d4e7ba62da456bd.jpg,fashionpedia_ann_1945,benchmark/prd_3_1_v1/candidates/segmentation_core_stress_v1/overlays/core/accessory/SEGCORE1_0403.jpg,,,,,,unreviewed,,
SEGCORE1_0404,core,accessory,"headband, head covering, hair accessory",Fashionpedia,../fashion_data/raw/fashionpedia/images/test/387a049fc5d151a2c6c2444a44211d5c.jpg,fashionpedia_ann_5922,benchmark/prd_3_1_v1/candidates/segmentation_core_stress_v1/overlays/core/accessory/SEGCORE1_0404.jpg,,,,,,unreviewed,,
SEGCORE1_0405,core,accessory,scarf,Fashionpedia,../fashion_data/raw/fashionpedia/images/test/3ce04e48660ed6d21aee863f674486b7.jpg,fashionpedia_ann_4155,benchmark/prd_3_1_v1/candidates/segmentation_core_stress_v1/overlays/core/accessory/SEGCORE1_0405.jpg,,,,,,unreviewed,,
SEGCORE1_0406,core,accessory,glasses,Fashionpedia,../fashion_data/raw/fashionpedia/images/test/841690826ff84fb6ca2f6ed238a6be77.jpg,fashionpedia_ann_6826,benchmark/prd_3_1_v1/candidates/segmentation_core_stress_v1/overlays/core/accessory/SEGCORE1_0406.jpg,,,,,,unreviewed,,
SEGCORE1_0407,core,accessory,"headband, head covering, hair accessory",Fashionpedia,../fashion_data/raw/fashionpedia/images/test/f94d9c70da577d48906186b22cf7133d.jpg,fashionpedia_ann_3836,benchmark/prd_3_1_v1/candidates/segmentation_core_stress_v1/overlays/core/accessory/SEGCORE1_0407.jpg,,,,,,unreviewed,,
SEGCORE1_0408,core,accessory,sock,Fashionpedia,../fashion_data/raw/fashionpedia/images/test/4c528816dbb9d5ba947d10b145fcb5f1.jpg,fashionpedia_ann_403,benchmark/prd_3_1_v1/candidates/segmentation_core_stress_v1/overlays/core/accessory/SEGCORE1_0408.jpg,,,,,,unreviewed,,
SEGCORE1_0409,core,accessory,belt,Fashionpedia,../fashion_data/raw/fashionpedia/images/test/fc3ee8e64072d2b42d6a8c2d1e52e2da.jpg,fashionpedia_ann_8312,benchmark/prd_3_1_v1/candidates/segmentation_core_stress_v1/overlays/core/accessory/SEGCORE1_0409.jpg,,,,,,unreviewed,,
SEGCORE1_0410,core,accessory,glove,Fashionpedia,../fashion_data/raw/fashionpedia/images/test/53638f7d3a9adcd5e93a4ade8f1ed552.jpg,fashionpedia_ann_3841,benchmark/prd_3_1_v1/candidates/segmentation_core_stress_v1/overlays/core/accessory/SEGCORE1_0410.jpg,,,,,,unreviewed,,
SEGCORE1_0411,core,accessory,scarf,Fashionpedia,../fashion_data/raw/fashionpedia/images/test/59972d4827e58fd77ceac9dd7f0b42c7.jpg,fashionpedia_ann_7055,benchmark/prd_3_1_v1/candidates/segmentation_core_stress_v1/overlays/core/accessory/SEGCORE1_0411.jpg,,,,,,unreviewed,,
SEGCORE1_0412,core,accessory,watch,Fashionpedia,../fashion_data/raw/fashionpedia/images/test/fb81f1a32e154a77e683f309cdf0794a.jpg,fashionpedia_ann_1888,benchmark/prd_3_1_v1/candidates/segmentation_core_stress_v1/overlays/core/accessory/SEGCORE1_0412.jpg,,,,,,unreviewed,,
SEGCORE1_0413,core,accessory,hat,Fashionpedia,../fashion_data/raw/fashionpedia/images/test/0e5ecf98835cbd0dddd1b45c788005c3.jpg,fashionpedia_ann_6747,benchmark/prd_3_1_v1/candidates/segmentation_core_stress_v1/overlays/core/accessory/SEGCORE1_0413.jpg,,,,,,unreviewed,,
SEGCORE1_0414,core,accessory,"headband, head covering, hair accessory",Fashionpedia,../fashion_data/raw/fashionpedia/images/test/c2d80480b743d45143725a5c223c16d9.jpg,fashionpedia_ann_36,benchmark/prd_3_1_v1/candidates/segmentation_core_stress_v1/overlays/core/accessory/SEGCORE1_0414.jpg,,,,,,unreviewed,,
SEGCORE1_0415,core,accessory,"tights, stockings",Fashionpedia,../fashion_data/raw/fashionpedia/images/test/f90c231e3eab5e147368c77592b6a7f7.jpg,fashionpedia_ann_9087,benchmark/prd_3_1_v1/candidates/segmentation_core_stress_v1/overlays/core/accessory/SEGCORE1_0415.jpg,,,,,,unreviewed,,
SEGCORE1_0416,core,accessory,belt,Fashionpedia,../fashion_data/raw/fashionpedia/images/test/6612b7476f511c5cd1eb1086f2b7ba39.jpg,fashionpedia_ann_2285,benchmark/prd_3_1_v1/candidates/segmentation_core_stress_v1/overlays/core/accessory/SEGCORE1_0416.jpg,,,,,,unreviewed,,
SEGCORE1_0417,core,accessory,scarf,Fashionpedia,../fashion_data/raw/fashionpedia/images/test/0548e689638d1e559179b34bc895b72f.jpg,fashionpedia_ann_9060,benchmark/prd_3_1_v1/candidates/segmentation_core_stress_v1/overlays/core/accessory/SEGCORE1_0417.jpg,,,,,,unreviewed,,
SEGCORE1_0418,core,accessory,hat,Fashionpedia,../fashion_data/raw/fashionpedia/images/test/2aa229d7589a06e59c4eb1f05162f9ab.jpg,fashionpedia_ann_4743,benchmark/prd_3_1_v1/candidates/segmentation_core_stress_v1/overlays/core/accessory/SEGCORE1_0418.jpg,,,,,,unreviewed,,
SEGCORE1_0419,core,accessory,"tights, stockings",Fashionpedia,../fashion_data/raw/fashionpedia/images/test/1f6b96f7f298903a77fa747ea4fe8840.jpg,fashionpedia_ann_3603,benchmark/prd_3_1_v1/candidates/segmentation_core_stress_v1/overlays/core/accessory/SEGCORE1_0419.jpg,,,,,,unreviewed,,
SEGCORE1_0420,core,accessory,glasses,Fashionpedia,../fashion_data/raw/fashionpedia/images/test/33e7a5f7f47b7bb2bf6d3549eedde5fd.jpg,fashionpedia_ann_3130,benchmark/prd_3_1_v1/candidates/segmentation_core_stress_v1/overlays/core/accessory/SEGCORE1_0420.jpg,,,,,,unreviewed,,
SEGCORE1_0421,core,accessory,belt,Fashionpedia,../fashion_data/raw/fashionpedia/images/test/d8b36f1be818f71a0ab4224b829c1210.jpg,fashionpedia_ann_1430,benchmark/prd_3_1_v1/candidates/segmentation_core_stress_v1/overlays/core/accessory/SEGCORE1_0421.jpg,,,,,,unreviewed,,
SEGCORE1_0422,core,accessory,"headband, head covering, hair accessory",Fashionpedia,../fashion_data/raw/fashionpedia/images/test/aaf6934258f226a68996b5922fa3f038.jpg,fashionpedia_ann_6240,benchmark/prd_3_1_v1/candidates/segmentation_core_stress_v1/overlays/core/accessory/SEGCORE1_0422.jpg,,,,,,unreviewed,,
SEGCORE1_0423,core,accessory,glasses,Fashionpedia,../fashion_data/raw/fashionpedia/images/test/8b5635d5a5331e26d0e5135a068976ee.jpg,fashionpedia_ann_1903,benchmark/prd_3_1_v1/candidates/segmentation_core_stress_v1/overlays/core/accessory/SEGCORE1_0423.jpg,,,,,,unreviewed,,
SEGCORE1_0424,core,accessory,"headband, head covering, hair accessory",Fashionpedia,../fashion_data/raw/fashionpedia/images/test/b56a57edff4230c68e1d4296cc345718.jpg,fashionpedia_ann_708,benchmark/prd_3_1_v1/candidates/segmentation_core_stress_v1/overlays/core/accessory/SEGCORE1_0424.jpg,,,,,,unreviewed,,
SEGCORE1_0425,core,accessory,sock,Fashionpedia,../fashion_data/raw/fashionpedia/images/test/0a563d036018e91cd9b5899adb50ec18.jpg,fashionpedia_ann_9281,benchmark/prd_3_1_v1/candidates/segmentation_core_stress_v1/overlays/core/accessory/SEGCORE1_0425.jpg,,,,,,unreviewed,,
SEGCORE1_0426,core,accessory,belt,Fashionpedia,../fashion_data/raw/fashionpedia/images/test/8cd47ea6b100369f44879e44ba5950c7.jpg,fashionpedia_ann_1656,benchmark/prd_3_1_v1/candidates/segmentation_core_stress_v1/overlays/core/accessory/SEGCORE1_0426.jpg,,,,,,unreviewed,,
SEGCORE1_0427,core,accessory,scarf,Fashionpedia,../fashion_data/raw/fashionpedia/images/test/fd567ffad275955ac945eeeacc1fdac5.jpg,fashionpedia_ann_5972,benchmark/prd_3_1_v1/candidates/segmentation_core_stress_v1/overlays/core/accessory/SEGCORE1_0427.jpg,,,,,,unreviewed,,
SEGCORE1_0428,core,accessory,hat,Fashionpedia,../fashion_data/raw/fashionpedia/images/test/25fb92c0d8ca2d4d159bfcd674b484d8.jpg,fashionpedia_ann_122,benchmark/prd_3_1_v1/candidates/segmentation_core_stress_v1/overlays/core/accessory/SEGCORE1_0428.jpg,,,,,,unreviewed,,
SEGCORE1_0429,core,accessory,"tights, stockings",Fashionpedia,../fashion_data/raw/fashionpedia/images/test/f184df3bcf321ef5d3e4d5a513ade947.jpg,fashionpedia_ann_4619,benchmark/prd_3_1_v1/candidates/segmentation_core_stress_v1/overlays/core/accessory/SEGCORE1_0429.jpg,,,,,,unreviewed,,
SEGCORE1_0430,core,accessory,belt,Fashionpedia,../fashion_data/raw/fashionpedia/images/test/4d200cb316a6260257ce84b37e25161c.jpg,fashionpedia_ann_1215,benchmark/prd_3_1_v1/candidates/segmentation_core_stress_v1/overlays/core/accessory/SEGCORE1_0430.jpg,,,,,,unreviewed,,
SEGCORE1_0431,core,accessory,scarf,Fashionpedia,../fashion_data/raw/fashionpedia/images/test/3be4a0ddad745d76116775dbb474cd3f.jpg,fashionpedia_ann_3247,benchmark/prd_3_1_v1/candidates/segmentation_core_stress_v1/overlays/core/accessory/SEGCORE1_0431.jpg,,,,,,unreviewed,,
SEGCORE1_0432,core,accessory,hat,Fashionpedia,../fashion_data/raw/fashionpedia/images/test/165fc69c577be6c18128e057487cf489.jpg,fashionpedia_ann_3654,benchmark/prd_3_1_v1/candidates/segmentation_core_stress_v1/overlays/core/accessory/SEGCORE1_0432.jpg,,,,,,unreviewed,,
SEGCORE1_0433,core,accessory,"tights, stockings",Fashionpedia,../fashion_data/raw/fashionpedia/images/test/420f153001eb2e37269ae974b9f7665e.jpg,fashionpedia_ann_5903,benchmark/prd_3_1_v1/candidates/segmentation_core_stress_v1/overlays/core/accessory/SEGCORE1_0433.jpg,,,,,,unreviewed,,
SEGCORE1_0434,core,accessory,glasses,Fashionpedia,../fashion_data/raw/fashionpedia/images/test/c085fb2b093eeb52041884c9ea51cc65.jpg,fashionpedia_ann_6499,benchmark/prd_3_1_v1/candidates/segmentation_core_stress_v1/overlays/core/accessory/SEGCORE1_0434.jpg,,,,,,unreviewed,,
SEGCORE1_0435,core,accessory,belt,Fashionpedia,../fashion_data/raw/fashionpedia/images/test/00e45dd233e31906f538ba17dd45bf29.jpg,fashionpedia_ann_5214,benchmark/prd_3_1_v1/candidates/segmentation_core_stress_v1/overlays/core/accessory/SEGCORE1_0435.jpg,,,,,,unreviewed,,
SEGCORE1_0436,core,accessory,"headband, head covering, hair accessory",Fashionpedia,../fashion_data/raw/fashionpedia/images/test/4aa62ca489ce6e163ca8400d4c96b569.jpg,fashionpedia_ann_5762,benchmark/prd_3_1_v1/candidates/segmentation_core_stress_v1/overlays/core/accessory/SEGCORE1_0436.jpg,,,,,,unreviewed,,
SEGCORE1_0437,core,accessory,"headband, head covering, hair accessory",Fashionpedia,../fashion_data/raw/fashionpedia/images/test/e73b13b557ab167a05cb10ed45decf52.jpg,fashionpedia_ann_5636,benchmark/prd_3_1_v1/candidates/segmentation_core_stress_v1/overlays/core/accessory/SEGCORE1_0437.jpg,,,,,,unreviewed,,
SEGCORE1_0438,core,accessory,sock,Fashionpedia,../fashion_data/raw/fashionpedia/images/test/db85f62492da69d793339b2c124e7abb.jpg,fashionpedia_ann_739,benchmark/prd_3_1_v1/candidates/segmentation_core_stress_v1/overlays/core/accessory/SEGCORE1_0438.jpg,,,,,,unreviewed,,
SEGCORE1_0439,core,accessory,belt,Fashionpedia,../fashion_data/raw/fashionpedia/images/test/faef680c9ba90bd6852e6bc759341896.jpg,fashionpedia_ann_6917,benchmark/prd_3_1_v1/candidates/segmentation_core_stress_v1/overlays/core/accessory/SEGCORE1_0439.jpg,,,,,,unreviewed,,
SEGCORE1_0440,core,accessory,scarf,Fashionpedia,../fashion_data/raw/fashionpedia/images/test/f57152e44f9348050d59a71f9ca7f220.jpg,fashionpedia_ann_938,benchmark/prd_3_1_v1/candidates/segmentation_core_stress_v1/overlays/core/accessory/SEGCORE1_0440.jpg,,,,,,unreviewed,,
SEGSTR1_0001,stress,top,long_sleeve_top,DeepFashion2,../fashion_data/raw/train/train/image/187643.jpg,item2_long_sleeve_top,benchmark/prd_3_1_v1/candidates/segmentation_core_stress_v1/overlays/stress/top/SEGSTR1_0001.jpg,,,,,,unreviewed,,
SEGSTR1_0002,stress,top,long_sleeve_top,DeepFashion2,../fashion_data/raw/train/train/image/026462.jpg,item2_long_sleeve_top,benchmark/prd_3_1_v1/candidates/segmentation_core_stress_v1/overlays/stress/top/SEGSTR1_0002.jpg,,,,,,unreviewed,,
SEGSTR1_0003,stress,top,long_sleeve_top,DeepFashion2,../fashion_data/raw/train/train/image/026468.jpg,item2_long_sleeve_top,benchmark/prd_3_1_v1/candidates/segmentation_core_stress_v1/overlays/stress/top/SEGSTR1_0003.jpg,,,,,,unreviewed,,
SEGSTR1_0004,stress,top,long_sleeve_top,DeepFashion2,../fashion_data/raw/train/train/image/046316.jpg,item3_long_sleeve_top,benchmark/prd_3_1_v1/candidates/segmentation_core_stress_v1/overlays/stress/top/SEGSTR1_0004.jpg,,,,,,unreviewed,,
SEGSTR1_0005,stress,top,short_sleeve_top,DeepFashion2,../fashion_data/raw/train/train/image/097203.jpg,item3_short_sleeve_top,benchmark/prd_3_1_v1/candidates/segmentation_core_stress_v1/overlays/stress/top/SEGSTR1_0005.jpg,,,,,,unreviewed,,
SEGSTR1_0006,stress,top,short_sleeve_top,DeepFashion2,../fashion_data/raw/train/train/image/118380.jpg,item3_short_sleeve_top,benchmark/prd_3_1_v1/candidates/segmentation_core_stress_v1/overlays/stress/top/SEGSTR1_0006.jpg,,,,,,unreviewed,,
SEGSTR1_0007,stress,top,long_sleeve_top,DeepFashion2,../fashion_data/raw/train/train/image/142374.jpg,item2_long_sleeve_top,benchmark/prd_3_1_v1/candidates/segmentation_core_stress_v1/overlays/stress/top/SEGSTR1_0007.jpg,,,,,,unreviewed,,
SEGSTR1_0008,stress,top,short_sleeve_top,DeepFashion2,../fashion_data/raw/train/train/image/185458.jpg,item2_short_sleeve_top,benchmark/prd_3_1_v1/candidates/segmentation_core_stress_v1/overlays/stress/top/SEGSTR1_0008.jpg,,,,,,unreviewed,,
SEGSTR1_0009,stress,top,vest,DeepFashion2,../fashion_data/raw/train/train/image/022729.jpg,item4_vest,benchmark/prd_3_1_v1/candidates/segmentation_core_stress_v1/overlays/stress/top/SEGSTR1_0009.jpg,,,,,,unreviewed,,
SEGSTR1_0010,stress,top,short_sleeve_top,DeepFashion2,../fashion_data/raw/train/train/image/152799.jpg,item1_short_sleeve_top,benchmark/prd_3_1_v1/candidates/segmentation_core_stress_v1/overlays/stress/top/SEGSTR1_0010.jpg,,,,,,unreviewed,,
SEGSTR1_0011,stress,pants,trousers,DeepFashion2,../fashion_data/raw/train/train/image/026461.jpg,item3_trousers,benchmark/prd_3_1_v1/candidates/segmentation_core_stress_v1/overlays/stress/pants/SEGSTR1_0011.jpg,,,,,,unreviewed,,
SEGSTR1_0012,stress,pants,shorts,DeepFashion2,../fashion_data/raw/train/train/image/072159.jpg,item3_shorts,benchmark/prd_3_1_v1/candidates/segmentation_core_stress_v1/overlays/stress/pants/SEGSTR1_0012.jpg,,,,,,unreviewed,,
SEGSTR1_0013,stress,pants,trousers,DeepFashion2,../fashion_data/raw/train/train/image/052775.jpg,item4_trousers,benchmark/prd_3_1_v1/candidates/segmentation_core_stress_v1/overlays/stress/pants/SEGSTR1_0013.jpg,,,,,,unreviewed,,
SEGSTR1_0014,stress,pants,shorts,DeepFashion2,../fashion_data/raw/train/train/image/016635.jpg,item3_shorts,benchmark/prd_3_1_v1/candidates/segmentation_core_stress_v1/overlays/stress/pants/SEGSTR1_0014.jpg,,,,,,unreviewed,,
SEGSTR1_0015,stress,pants,trousers,DeepFashion2,../fashion_data/raw/train/train/image/077089.jpg,item4_trousers,benchmark/prd_3_1_v1/candidates/segmentation_core_stress_v1/overlays/stress/pants/SEGSTR1_0015.jpg,,,,,,unreviewed,,
SEGSTR1_0016,stress,pants,shorts,DeepFashion2,../fashion_data/raw/train/train/image/139605.jpg,item1_shorts,benchmark/prd_3_1_v1/candidates/segmentation_core_stress_v1/overlays/stress/pants/SEGSTR1_0016.jpg,,,,,,unreviewed,,
SEGSTR1_0017,stress,pants,trousers,DeepFashion2,../fashion_data/raw/train/train/image/050127.jpg,item3_trousers,benchmark/prd_3_1_v1/candidates/segmentation_core_stress_v1/overlays/stress/pants/SEGSTR1_0017.jpg,,,,,,unreviewed,,
SEGSTR1_0018,stress,pants,trousers,DeepFashion2,../fashion_data/raw/train/train/image/053725.jpg,item3_trousers,benchmark/prd_3_1_v1/candidates/segmentation_core_stress_v1/overlays/stress/pants/SEGSTR1_0018.jpg,,,,,,unreviewed,,
SEGSTR1_0019,stress,pants,trousers,DeepFashion2,../fashion_data/raw/train/train/image/053875.jpg,item2_trousers,benchmark/prd_3_1_v1/candidates/segmentation_core_stress_v1/overlays/stress/pants/SEGSTR1_0019.jpg,,,,,,unreviewed,,
SEGSTR1_0020,stress,pants,trousers,DeepFashion2,../fashion_data/raw/train/train/image/003489.jpg,item4_trousers,benchmark/prd_3_1_v1/candidates/segmentation_core_stress_v1/overlays/stress/pants/SEGSTR1_0020.jpg,,,,,,unreviewed,,
SEGSTR1_0021,stress,skirt,skirt,DeepFashion2,../fashion_data/raw/train/train/image/073252.jpg,item4_skirt,benchmark/prd_3_1_v1/candidates/segmentation_core_stress_v1/overlays/stress/skirt/SEGSTR1_0021.jpg,,,,,,unreviewed,,
SEGSTR1_0022,stress,skirt,skirt,DeepFashion2,../fashion_data/raw/train/train/image/073260.jpg,item4_skirt,benchmark/prd_3_1_v1/candidates/segmentation_core_stress_v1/overlays/stress/skirt/SEGSTR1_0022.jpg,,,,,,unreviewed,,
SEGSTR1_0023,stress,skirt,skirt,DeepFashion2,../fashion_data/raw/train/train/image/104443.jpg,item3_skirt,benchmark/prd_3_1_v1/candidates/segmentation_core_stress_v1/overlays/stress/skirt/SEGSTR1_0023.jpg,,,,,,unreviewed,,
SEGSTR1_0024,stress,skirt,skirt,DeepFashion2,../fashion_data/raw/train/train/image/035678.jpg,item2_skirt,benchmark/prd_3_1_v1/candidates/segmentation_core_stress_v1/overlays/stress/skirt/SEGSTR1_0024.jpg,,,,,,unreviewed,,
SEGSTR1_0025,stress,skirt,skirt,DeepFashion2,../fashion_data/raw/train/train/image/106619.jpg,item4_skirt,benchmark/prd_3_1_v1/candidates/segmentation_core_stress_v1/overlays/stress/skirt/SEGSTR1_0025.jpg,,,,,,unreviewed,,
SEGSTR1_0026,stress,skirt,skirt,DeepFashion2,../fashion_data/raw/train/train/image/077022.jpg,item4_skirt,benchmark/prd_3_1_v1/candidates/segmentation_core_stress_v1/overlays/stress/skirt/SEGSTR1_0026.jpg,,,,,,unreviewed,,
SEGSTR1_0027,stress,skirt,skirt,DeepFashion2,../fashion_data/raw/train/train/image/127883.jpg,item1_skirt,benchmark/prd_3_1_v1/candidates/segmentation_core_stress_v1/overlays/stress/skirt/SEGSTR1_0027.jpg,,,,,,unreviewed,,
SEGSTR1_0028,stress,skirt,skirt,DeepFashion2,../fashion_data/raw/train/train/image/172237.jpg,item2_skirt,benchmark/prd_3_1_v1/candidates/segmentation_core_stress_v1/overlays/stress/skirt/SEGSTR1_0028.jpg,,,,,,unreviewed,,
SEGSTR1_0029,stress,skirt,skirt,DeepFashion2,../fashion_data/raw/train/train/image/062820.jpg,item4_skirt,benchmark/prd_3_1_v1/candidates/segmentation_core_stress_v1/overlays/stress/skirt/SEGSTR1_0029.jpg,,,,,,unreviewed,,
SEGSTR1_0030,stress,skirt,skirt,DeepFashion2,../fashion_data/raw/train/train/image/110806.jpg,item2_skirt,benchmark/prd_3_1_v1/candidates/segmentation_core_stress_v1/overlays/stress/skirt/SEGSTR1_0030.jpg,,,,,,unreviewed,,
SEGSTR1_0031,stress,outerwear,long_sleeve_outwear,DeepFashion2,../fashion_data/raw/train/train/image/010298.jpg,item1_long_sleeve_outwear,benchmark/prd_3_1_v1/candidates/segmentation_core_stress_v1/overlays/stress/outerwear/SEGSTR1_0031.jpg,,,,,,unreviewed,,
SEGSTR1_0032,stress,outerwear,long_sleeve_outwear,DeepFashion2,../fashion_data/raw/train/train/image/127407.jpg,item2_long_sleeve_outwear,benchmark/prd_3_1_v1/candidates/segmentation_core_stress_v1/overlays/stress/outerwear/SEGSTR1_0032.jpg,,,,,,unreviewed,,
SEGSTR1_0033,stress,outerwear,short_sleeve_outwear,DeepFashion2,../fashion_data/raw/train/train/image/174645.jpg,item1_short_sleeve_outwear,benchmark/prd_3_1_v1/candidates/segmentation_core_stress_v1/overlays/stress/outerwear/SEGSTR1_0033.jpg,,,,,,unreviewed,,
SEGSTR1_0034,stress,outerwear,long_sleeve_outwear,DeepFashion2,../fashion_data/raw/train/train/image/121450.jpg,item2_long_sleeve_outwear,benchmark/prd_3_1_v1/candidates/segmentation_core_stress_v1/overlays/stress/outerwear/SEGSTR1_0034.jpg,,,,,,unreviewed,,
SEGSTR1_0035,stress,outerwear,long_sleeve_outwear,DeepFashion2,../fashion_data/raw/train/train/image/077562.jpg,item1_long_sleeve_outwear,benchmark/prd_3_1_v1/candidates/segmentation_core_stress_v1/overlays/stress/outerwear/SEGSTR1_0035.jpg,,,,,,unreviewed,,
SEGSTR1_0036,stress,outerwear,long_sleeve_outwear,DeepFashion2,../fashion_data/raw/train/train/image/135097.jpg,item1_long_sleeve_outwear,benchmark/prd_3_1_v1/candidates/segmentation_core_stress_v1/overlays/stress/outerwear/SEGSTR1_0036.jpg,,,,,,unreviewed,,
SEGSTR1_0037,stress,outerwear,long_sleeve_outwear,DeepFashion2,../fashion_data/raw/train/train/image/052074.jpg,item1_long_sleeve_outwear,benchmark/prd_3_1_v1/candidates/segmentation_core_stress_v1/overlays/stress/outerwear/SEGSTR1_0037.jpg,,,,,,unreviewed,,
SEGSTR1_0038,stress,outerwear,short_sleeve_outwear,DeepFashion2,../fashion_data/raw/train/train/image/140334.jpg,item1_short_sleeve_outwear,benchmark/prd_3_1_v1/candidates/segmentation_core_stress_v1/overlays/stress/outerwear/SEGSTR1_0038.jpg,,,,,,unreviewed,,
SEGSTR1_0039,stress,outerwear,long_sleeve_outwear,DeepFashion2,../fashion_data/raw/train/train/image/062669.jpg,item4_long_sleeve_outwear,benchmark/prd_3_1_v1/candidates/segmentation_core_stress_v1/overlays/stress/outerwear/SEGSTR1_0039.jpg,,,,,,unreviewed,,
SEGSTR1_0040,stress,outerwear,long_sleeve_outwear,DeepFashion2,../fashion_data/raw/train/train/image/050213.jpg,item1_long_sleeve_outwear,benchmark/prd_3_1_v1/candidates/segmentation_core_stress_v1/overlays/stress/outerwear/SEGSTR1_0040.jpg,,,,,,unreviewed,,
SEGSTR1_0041,stress,dress,vest_dress,DeepFashion2,../fashion_data/raw/train/train/image/073852.jpg,item2_vest_dress,benchmark/prd_3_1_v1/candidates/segmentation_core_stress_v1/overlays/stress/dress/SEGSTR1_0041.jpg,,,,,,unreviewed,,
SEGSTR1_0042,stress,dress,vest_dress,DeepFashion2,../fashion_data/raw/train/train/image/036087.jpg,item2_vest_dress,benchmark/prd_3_1_v1/candidates/segmentation_core_stress_v1/overlays/stress/dress/SEGSTR1_0042.jpg,,,,,,unreviewed,,
SEGSTR1_0043,stress,dress,sling_dress,DeepFashion2,../fashion_data/raw/train/train/image/043037.jpg,item1_sling_dress,benchmark/prd_3_1_v1/candidates/segmentation_core_stress_v1/overlays/stress/dress/SEGSTR1_0043.jpg,,,,,,unreviewed,,
SEGSTR1_0044,stress,dress,short_sleeve_dress,DeepFashion2,../fashion_data/raw/train/train/image/169549.jpg,item2_short_sleeve_dress,benchmark/prd_3_1_v1/candidates/segmentation_core_stress_v1/overlays/stress/dress/SEGSTR1_0044.jpg,,,,,,unreviewed,,
SEGSTR1_0045,stress,dress,sling_dress,DeepFashion2,../fashion_data/raw/train/train/image/013649.jpg,item2_sling_dress,benchmark/prd_3_1_v1/candidates/segmentation_core_stress_v1/overlays/stress/dress/SEGSTR1_0045.jpg,,,,,,unreviewed,,
SEGSTR1_0046,stress,dress,vest_dress,DeepFashion2,../fashion_data/raw/train/train/image/020582.jpg,item1_vest_dress,benchmark/prd_3_1_v1/candidates/segmentation_core_stress_v1/overlays/stress/dress/SEGSTR1_0046.jpg,,,,,,unreviewed,,
SEGSTR1_0047,stress,dress,short_sleeve_dress,DeepFashion2,../fashion_data/raw/train/train/image/169557.jpg,item2_short_sleeve_dress,benchmark/prd_3_1_v1/candidates/segmentation_core_stress_v1/overlays/stress/dress/SEGSTR1_0047.jpg,,,,,,unreviewed,,
SEGSTR1_0048,stress,dress,vest_dress,DeepFashion2,../fashion_data/raw/train/train/image/092498.jpg,item2_vest_dress,benchmark/prd_3_1_v1/candidates/segmentation_core_stress_v1/overlays/stress/dress/SEGSTR1_0048.jpg,,,,,,unreviewed,,
SEGSTR1_0049,stress,dress,vest_dress,DeepFashion2,../fashion_data/raw/train/train/image/086218.jpg,item2_vest_dress,benchmark/prd_3_1_v1/candidates/segmentation_core_stress_v1/overlays/stress/dress/SEGSTR1_0049.jpg,,,,,,unreviewed,,
SEGSTR1_0050,stress,dress,vest_dress,DeepFashion2,../fashion_data/raw/train/train/image/086221.jpg,item2_vest_dress,benchmark/prd_3_1_v1/candidates/segmentation_core_stress_v1/overlays/stress/dress/SEGSTR1_0050.jpg,,,,,,unreviewed,,
SEGSTR1_0051,stress,shoe,shoe,Fashionpedia,../fashion_data/raw/fashionpedia/images/test/8eacc19c92ca15c7d79d66bfb2626fe7.jpg,fashionpedia_ann_5368,benchmark/prd_3_1_v1/candidates/segmentation_core_stress_v1/overlays/stress/shoe/SEGSTR1_0051.jpg,,,,,,unreviewed,,
SEGSTR1_0052,stress,shoe,shoe,Fashionpedia,../fashion_data/raw/fashionpedia/images/test/976f38b9efb4a6c8d089bdd2e1e5ab02.jpg,fashionpedia_ann_1299,benchmark/prd_3_1_v1/candidates/segmentation_core_stress_v1/overlays/stress/shoe/SEGSTR1_0052.jpg,,,,,,unreviewed,,
SEGSTR1_0053,stress,shoe,shoe,Fashionpedia,../fashion_data/raw/fashionpedia/images/test/07ca8557b287c88d68ad06b4fe42776b.jpg,fashionpedia_ann_762,benchmark/prd_3_1_v1/candidates/segmentation_core_stress_v1/overlays/stress/shoe/SEGSTR1_0053.jpg,,,,,,unreviewed,,
SEGSTR1_0054,stress,shoe,shoe,Fashionpedia,../fashion_data/raw/fashionpedia/images/test/aa436971de7a39708edbc4d5e9e969cc.jpg,fashionpedia_ann_2688,benchmark/prd_3_1_v1/candidates/segmentation_core_stress_v1/overlays/stress/shoe/SEGSTR1_0054.jpg,,,,,,unreviewed,,
SEGSTR1_0055,stress,shoe,shoe,Fashionpedia,../fashion_data/raw/fashionpedia/images/test/cb49b883e995b9102d831e4640c0d195.jpg,fashionpedia_ann_2314,benchmark/prd_3_1_v1/candidates/segmentation_core_stress_v1/overlays/stress/shoe/SEGSTR1_0055.jpg,,,,,,unreviewed,,
SEGSTR1_0056,stress,shoe,shoe,Fashionpedia,../fashion_data/raw/fashionpedia/images/test/c1df3b91dde14c0937a259345d5c7ca7.jpg,fashionpedia_ann_600,benchmark/prd_3_1_v1/candidates/segmentation_core_stress_v1/overlays/stress/shoe/SEGSTR1_0056.jpg,,,,,,unreviewed,,
SEGSTR1_0057,stress,shoe,shoe,Fashionpedia,../fashion_data/raw/fashionpedia/images/test/ac04434c447d537b797dcef55ad597a5.jpg,fashionpedia_ann_5612,benchmark/prd_3_1_v1/candidates/segmentation_core_stress_v1/overlays/stress/shoe/SEGSTR1_0057.jpg,,,,,,unreviewed,,
SEGSTR1_0058,stress,shoe,shoe,Fashionpedia,../fashion_data/raw/fashionpedia/images/test/c0e497b92b65779f0c2491827d3e0060.jpg,fashionpedia_ann_2514,benchmark/prd_3_1_v1/candidates/segmentation_core_stress_v1/overlays/stress/shoe/SEGSTR1_0058.jpg,,,,,,unreviewed,,
SEGSTR1_0059,stress,shoe,shoe,Fashionpedia,../fashion_data/raw/fashionpedia/images/test/94c3aa688e6f7e7c93287e541f726452.jpg,fashionpedia_ann_5590,benchmark/prd_3_1_v1/candidates/segmentation_core_stress_v1/overlays/stress/shoe/SEGSTR1_0059.jpg,,,,,,unreviewed,,
SEGSTR1_0060,stress,shoe,shoe,Fashionpedia,../fashion_data/raw/fashionpedia/images/test/9595f24dbd770431ef76c8d4e4007d87.jpg,fashionpedia_ann_3088,benchmark/prd_3_1_v1/candidates/segmentation_core_stress_v1/overlays/stress/shoe/SEGSTR1_0060.jpg,,,,,,unreviewed,,
SEGSTR1_0061,stress,bag,"bag, wallet",Fashionpedia,../fashion_data/raw/fashionpedia/images/test/df079613f0d10e3e2778b0dba7809686.jpg,fashionpedia_ann_1928,benchmark/prd_3_1_v1/candidates/segmentation_core_stress_v1/overlays/stress/bag/SEGSTR1_0061.jpg,,,,,,unreviewed,,
SEGSTR1_0062,stress,bag,"bag, wallet",Fashionpedia,../fashion_data/raw/fashionpedia/images/test/88c840fa10f5ee1ac241b8097df3574e.jpg,fashionpedia_ann_3720,benchmark/prd_3_1_v1/candidates/segmentation_core_stress_v1/overlays/stress/bag/SEGSTR1_0062.jpg,,,,,,unreviewed,,
SEGSTR1_0063,stress,bag,"bag, wallet",Fashionpedia,../fashion_data/raw/fashionpedia/images/test/73565a1d1eab156d8d17f9f481d7d54e.jpg,fashionpedia_ann_8498,benchmark/prd_3_1_v1/candidates/segmentation_core_stress_v1/overlays/stress/bag/SEGSTR1_0063.jpg,,,,,,unreviewed,,
SEGSTR1_0064,stress,bag,"bag, wallet",Fashionpedia,../fashion_data/raw/fashionpedia/images/test/9998cd8c040a202d3ff1019be96ab38c.jpg,fashionpedia_ann_1117,benchmark/prd_3_1_v1/candidates/segmentation_core_stress_v1/overlays/stress/bag/SEGSTR1_0064.jpg,,,,,,unreviewed,,
SEGSTR1_0065,stress,bag,"bag, wallet",Fashionpedia,../fashion_data/raw/fashionpedia/images/test/c7a789f6eaa33502f0d3d17a69c07732.jpg,fashionpedia_ann_6188,benchmark/prd_3_1_v1/candidates/segmentation_core_stress_v1/overlays/stress/bag/SEGSTR1_0065.jpg,,,,,,unreviewed,,
SEGSTR1_0066,stress,bag,"bag, wallet",Fashionpedia,../fashion_data/raw/fashionpedia/images/test/53299262e048171c51fb3673c5b85a08.jpg,fashionpedia_ann_798,benchmark/prd_3_1_v1/candidates/segmentation_core_stress_v1/overlays/stress/bag/SEGSTR1_0066.jpg,,,,,,unreviewed,,
SEGSTR1_0067,stress,bag,"bag, wallet",Fashionpedia,../fashion_data/raw/fashionpedia/images/test/cdd60a254cc0a2ad373d5b2cd32b0247.jpg,fashionpedia_ann_1723,benchmark/prd_3_1_v1/candidates/segmentation_core_stress_v1/overlays/stress/bag/SEGSTR1_0067.jpg,,,,,,unreviewed,,
SEGSTR1_0068,stress,bag,"bag, wallet",Fashionpedia,../fashion_data/raw/fashionpedia/images/test/96efe0543a0aa8e37634431177a3e43b.jpg,fashionpedia_ann_4466,benchmark/prd_3_1_v1/candidates/segmentation_core_stress_v1/overlays/stress/bag/SEGSTR1_0068.jpg,,,,,,unreviewed,,
SEGSTR1_0069,stress,bag,"bag, wallet",Fashionpedia,../fashion_data/raw/fashionpedia/images/test/0d25b761d9b146cfa820b2a7364b5bf7.jpg,fashionpedia_ann_6651,benchmark/prd_3_1_v1/candidates/segmentation_core_stress_v1/overlays/stress/bag/SEGSTR1_0069.jpg,,,,,,unreviewed,,
SEGSTR1_0070,stress,bag,"bag, wallet",Fashionpedia,../fashion_data/raw/fashionpedia/images/test/9eb8652e63ac33c79a9277fe0e115440.jpg,fashionpedia_ann_8961,benchmark/prd_3_1_v1/candidates/segmentation_core_stress_v1/overlays/stress/bag/SEGSTR1_0070.jpg,,,,,,unreviewed,,
SEGSTR1_0071,stress,accessory,"headband, head covering, hair accessory",Fashionpedia,../fashion_data/raw/fashionpedia/images/test/1894401d7f537c348a237a8043630521.jpg,fashionpedia_ann_4839,benchmark/prd_3_1_v1/candidates/segmentation_core_stress_v1/overlays/stress/accessory/SEGSTR1_0071.jpg,,,,,,unreviewed,,
SEGSTR1_0072,stress,accessory,"headband, head covering, hair accessory",Fashionpedia,../fashion_data/raw/fashionpedia/images/test/88383c53ef2404f1596e41e45ebe5ddd.jpg,fashionpedia_ann_1584,benchmark/prd_3_1_v1/candidates/segmentation_core_stress_v1/overlays/stress/accessory/SEGSTR1_0072.jpg,,,,,,unreviewed,,
SEGSTR1_0073,stress,accessory,sock,Fashionpedia,../fashion_data/raw/fashionpedia/images/test/0d8803f0181d1d5e0b8d55d886a40c3d.jpg,fashionpedia_ann_448,benchmark/prd_3_1_v1/candidates/segmentation_core_stress_v1/overlays/stress/accessory/SEGSTR1_0073.jpg,,,,,,unreviewed,,
SEGSTR1_0074,stress,accessory,glasses,Fashionpedia,../fashion_data/raw/fashionpedia/images/test/2df8a3cbaf17a7e8441cf3f4bc73824c.jpg,fashionpedia_ann_5681,benchmark/prd_3_1_v1/candidates/segmentation_core_stress_v1/overlays/stress/accessory/SEGSTR1_0074.jpg,,,,,,unreviewed,,
SEGSTR1_0075,stress,accessory,sock,Fashionpedia,../fashion_data/raw/fashionpedia/images/test/458aec6dd827b8585dbfeeb7bd4cf4c9.jpg,fashionpedia_ann_8974,benchmark/prd_3_1_v1/candidates/segmentation_core_stress_v1/overlays/stress/accessory/SEGSTR1_0075.jpg,,,,,,unreviewed,,
SEGSTR1_0076,stress,accessory,sock,Fashionpedia,../fashion_data/raw/fashionpedia/images/test/b360c19580caf49e561173fab54bfdb2.jpg,fashionpedia_ann_9267,benchmark/prd_3_1_v1/candidates/segmentation_core_stress_v1/overlays/stress/accessory/SEGSTR1_0076.jpg,,,,,,unreviewed,,
SEGSTR1_0077,stress,accessory,"headband, head covering, hair accessory",Fashionpedia,../fashion_data/raw/fashionpedia/images/test/0f89611061b52ccbf2dde820554de1df.jpg,fashionpedia_ann_2852,benchmark/prd_3_1_v1/candidates/segmentation_core_stress_v1/overlays/stress/accessory/SEGSTR1_0077.jpg,,,,,,unreviewed,,
SEGSTR1_0078,stress,accessory,"headband, head covering, hair accessory",Fashionpedia,../fashion_data/raw/fashionpedia/images/test/491cb7a45cc0f231fac998814d9a10f2.jpg,fashionpedia_ann_3833,benchmark/prd_3_1_v1/candidates/segmentation_core_stress_v1/overlays/stress/accessory/SEGSTR1_0078.jpg,,,,,,unreviewed,,
SEGSTR1_0079,stress,accessory,sock,Fashionpedia,../fashion_data/raw/fashionpedia/images/test/7be8af2ebbb6fa133131a2f42bdbe9f6.jpg,fashionpedia_ann_7639,benchmark/prd_3_1_v1/candidates/segmentation_core_stress_v1/overlays/stress/accessory/SEGSTR1_0079.jpg,,,,,,unreviewed,,
SEGSTR1_0080,stress,accessory,sock,Fashionpedia,../fashion_data/raw/fashionpedia/images/test/a81789ee4548b9ea8aafde83cc5eaccc.jpg,fashionpedia_ann_1331,benchmark/prd_3_1_v1/candidates/segmentation_core_stress_v1/overlays/stress/accessory/SEGSTR1_0080.jpg,,,,,,unreviewed,,
