benchmark_version,pool_status,source_dataset,source_image,source_image_name,garment_id,garment_category,fine_or_source_category,source_category_id,annotation_id,annotation_path,image_width,image_height,gt_bbox_x1,gt_bbox_y1,gt_bbox_x2,gt_bbox_y2,bbox_area_ratio,object_size_bucket,has_gt_segmentation,review_pool_sample_id,random_seed,leakage_check
prd_3_1_v1,REVIEW_CANDIDATE,DeepFashion2,../fashion_data/raw/train/train/image/003051.jpg,003051.jpg,item1_vest,top,vest,5,,../fashion_data/raw/train/train/annos/003051.json,450,600,90,118,408,432,0.36982222,large,1,SEGREV1_0001,20260922,PASS_SOURCE_IMAGE_UNSEEN
prd_3_1_v1,REVIEW_CANDIDATE,DeepFashion2,../fashion_data/raw/train/train/image/003168.jpg,003168.jpg,item2_long_sleeve_top,top,long_sleeve_top,2,,../fashion_data/raw/train/train/annos/003168.json,468,624,355,213,467,354,0.05407627,medium,1,SEGREV1_0002,20260922,PASS_SOURCE_IMAGE_UNSEEN
prd_3_1_v1,REVIEW_CANDIDATE,DeepFashion2,../fashion_data/raw/train/train/image/008749.jpg,008749.jpg,item2_sling,top,sling,6,,../fashion_data/raw/train/train/annos/008749.json,650,690,286,163,388,255,0.02092308,medium,1,SEGREV1_0003,20260922,PASS_SOURCE_IMAGE_UNSEEN
prd_3_1_v1,REVIEW_CANDIDATE,DeepFashion2,../fashion_data/raw/train/train/image/008882.jpg,008882.jpg,item1_short_sleeve_top,top,short_sleeve_top,1,,../fashion_data/raw/train/train/annos/008882.json,468,625,0,23,465,624,0.95543590,large,1,SEGREV1_0004,20260922,PASS_SOURCE_IMAGE_UNSEEN
prd_3_1_v1,REVIEW_CANDIDATE,DeepFashion2,../fashion_data/raw/train/train/image/019765.jpg,019765.jpg,item1_short_sleeve_top,top,short_sleeve_top,1,,../fashion_data/raw/train/train/annos/019765.json,468,702,133,208,399,510,0.24451506,large,1,SEGREV1_0005,20260922,PASS_SOURCE_IMAGE_UNSEEN
prd_3_1_v1,REVIEW_CANDIDATE,DeepFashion2,../fashion_data/raw/train/train/image/024409.jpg,024409.jpg,item2_vest,top,vest,5,,../fashion_data/raw/train/train/annos/024409.json,468,627,127,236,382,563,0.28416759,large,1,SEGREV1_0006,20260922,PASS_SOURCE_IMAGE_UNSEEN
prd_3_1_v1,REVIEW_CANDIDATE,DeepFashion2,../fashion_data/raw/train/train/image/031862.jpg,031862.jpg,item1_vest,top,vest,5,,../fashion_data/raw/train/train/annos/031862.json,640,640,190,69,545,397,0.28427734,large,1,SEGREV1_0007,20260922,PASS_SOURCE_IMAGE_UNSEEN
prd_3_1_v1,REVIEW_CANDIDATE,DeepFashion2,../fashion_data/raw/train/train/image/034293.jpg,034293.jpg,item2_vest,top,vest,5,,../fashion_data/raw/train/train/annos/034293.json,655,536,268,164,436,402,0.11388857,large,1,SEGREV1_0008,20260922,PASS_SOURCE_IMAGE_UNSEEN
prd_3_1_v1,REVIEW_CANDIDATE,DeepFashion2,../fashion_data/raw/train/train/image/042490.jpg,042490.jpg,item1_sling,top,sling,6,,../fashion_data/raw/train/train/annos/042490.json,640,928,280,351,449,520,0.04808897,medium,1,SEGREV1_0009,20260922,PASS_SOURCE_IMAGE_UNSEEN
prd_3_1_v1,REVIEW_CANDIDATE,DeepFashion2,../fashion_data/raw/train/train/image/042766.jpg,042766.jpg,item2_sling,top,sling,6,,../fashion_data/raw/train/train/annos/042766.json,640,960,240,205,427,476,0.08248210,medium,1,SEGREV1_0010,20260922,PASS_SOURCE_IMAGE_UNSEEN
prd_3_1_v1,REVIEW_CANDIDATE,DeepFashion2,../fashion_data/raw/train/train/image/044448.jpg,044448.jpg,item1_sling,top,sling,6,,../fashion_data/raw/train/train/annos/044448.json,719,618,214,33,487,454,0.25865887,large,1,SEGREV1_0011,20260922,PASS_SOURCE_IMAGE_UNSEEN
prd_3_1_v1,REVIEW_CANDIDATE,DeepFashion2,../fashion_data/raw/train/train/image/050060.jpg,050060.jpg,item1_vest,top,vest,5,,../fashion_data/raw/train/train/annos/050060.json,468,702,175,246,298,429,0.06851304,medium,1,SEGREV1_0012,20260922,PASS_SOURCE_IMAGE_UNSEEN
prd_3_1_v1,REVIEW_CANDIDATE,DeepFashion2,../fashion_data/raw/train/train/image/053575.jpg,053575.jpg,item1_sling,top,sling,6,,../fashion_data/raw/train/train/annos/053575.json,640,640,117,31,538,540,0.52316650,large,1,SEGREV1_0013,20260922,PASS_SOURCE_IMAGE_UNSEEN
prd_3_1_v1,REVIEW_CANDIDATE,DeepFashion2,../fashion_data/raw/train/train/image/061696.jpg,061696.jpg,item1_vest,top,vest,5,,../fashion_data/raw/train/train/annos/061696.json,750,685,225,227,442,568,0.14403309,large,1,SEGREV1_0014,20260922,PASS_SOURCE_IMAGE_UNSEEN
prd_3_1_v1,REVIEW_CANDIDATE,DeepFashion2,../fashion_data/raw/train/train/image/062003.jpg,062003.jpg,item1_vest,top,vest,5,,../fashion_data/raw/train/train/annos/062003.json,468,624,53,28,466,579,0.77923995,large,1,SEGREV1_0015,20260922,PASS_SOURCE_IMAGE_UNSEEN
prd_3_1_v1,REVIEW_CANDIDATE,DeepFashion2,../fashion_data/raw/train/train/image/067170.jpg,067170.jpg,item1_vest,top,vest,5,,../fashion_data/raw/train/train/annos/067170.json,468,702,112,225,371,515,0.22862030,large,1,SEGREV1_0016,20260922,PASS_SOURCE_IMAGE_UNSEEN
prd_3_1_v1,REVIEW_CANDIDATE,DeepFashion2,../fashion_data/raw/train/train/image/067349.jpg,067349.jpg,item1_sling,top,sling,6,,../fashion_data/raw/train/train/annos/067349.json,650,461,239,195,368,380,0.07964292,medium,1,SEGREV1_0017,20260922,PASS_SOURCE_IMAGE_UNSEEN
prd_3_1_v1,REVIEW_CANDIDATE,DeepFashion2,../fashion_data/raw/train/train/image/077433.jpg,077433.jpg,item1_short_sleeve_top,top,short_sleeve_top,1,,../fashion_data/raw/train/train/annos/077433.json,750,783,110,1,657,420,0.39028182,large,1,SEGREV1_0018,20260922,PASS_SOURCE_IMAGE_UNSEEN
prd_3_1_v1,REVIEW_CANDIDATE,DeepFashion2,../fashion_data/raw/train/train/image/081490.jpg,081490.jpg,item1_short_sleeve_top,top,short_sleeve_top,1,,../fashion_data/raw/train/train/annos/081490.json,750,1125,197,261,442,506,0.07114074,medium,1,SEGREV1_0019,20260922,PASS_SOURCE_IMAGE_UNSEEN
prd_3_1_v1,REVIEW_CANDIDATE,DeepFashion2,../fashion_data/raw/train/train/image/082235.jpg,082235.jpg,item1_long_sleeve_top,top,long_sleeve_top,2,,../fashion_data/raw/train/train/annos/082235.json,468,625,0,155,461,624,0.73917607,large,1,SEGREV1_0020,20260922,PASS_SOURCE_IMAGE_UNSEEN
prd_3_1_v1,REVIEW_CANDIDATE,DeepFashion2,../fashion_data/raw/train/train/image/087567.jpg,087567.jpg,item1_sling,top,sling,6,,../fashion_data/raw/train/train/annos/087567.json,880,1320,165,230,745,789,0.27911501,large,1,SEGREV1_0021,20260922,PASS_SOURCE_IMAGE_UNSEEN
prd_3_1_v1,REVIEW_CANDIDATE,DeepFashion2,../fashion_data/raw/train/train/image/088816.jpg,088816.jpg,item2_sling,top,sling,6,,../fashion_data/raw/train/train/annos/088816.json,468,702,180,24,317,187,0.06797124,medium,1,SEGREV1_0022,20260922,PASS_SOURCE_IMAGE_UNSEEN
prd_3_1_v1,REVIEW_CANDIDATE,DeepFashion2,../fashion_data/raw/train/train/image/093877.jpg,093877.jpg,item1_short_sleeve_top,top,short_sleeve_top,1,,../fashion_data/raw/train/train/annos/093877.json,750,750,86,9,560,536,0.44408533,large,1,SEGREV1_0023,20260922,PASS_SOURCE_IMAGE_UNSEEN
prd_3_1_v1,REVIEW_CANDIDATE,DeepFashion2,../fashion_data/raw/train/train/image/095954.jpg,095954.jpg,item1_sling,top,sling,6,,../fashion_data/raw/train/train/annos/095954.json,640,640,190,1,604,459,0.46291992,large,1,SEGREV1_0024,20260922,PASS_SOURCE_IMAGE_UNSEEN
prd_3_1_v1,REVIEW_CANDIDATE,DeepFashion2,../fashion_data/raw/train/train/image/097573.jpg,097573.jpg,item1_sling,top,sling,6,,../fashion_data/raw/train/train/annos/097573.json,749,732,262,159,391,333,0.04093983,medium,1,SEGREV1_0025,20260922,PASS_SOURCE_IMAGE_UNSEEN
prd_3_1_v1,REVIEW_CANDIDATE,DeepFashion2,../fashion_data/raw/train/train/image/099652.jpg,099652.jpg,item1_short_sleeve_top,top,short_sleeve_top,1,,../fashion_data/raw/train/train/annos/099652.json,680,750,117,153,449,493,0.22133333,large,1,SEGREV1_0026,20260922,PASS_SOURCE_IMAGE_UNSEEN
prd_3_1_v1,REVIEW_CANDIDATE,DeepFashion2,../fashion_data/raw/train/train/image/105520.jpg,105520.jpg,item1_long_sleeve_top,top,long_sleeve_top,2,,../fashion_data/raw/train/train/annos/105520.json,468,624,0,33,466,606,0.91434500,large,1,SEGREV1_0027,20260922,PASS_SOURCE_IMAGE_UNSEEN
prd_3_1_v1,REVIEW_CANDIDATE,DeepFashion2,../fashion_data/raw/train/train/image/105663.jpg,105663.jpg,item2_short_sleeve_top,top,short_sleeve_top,1,,../fashion_data/raw/train/train/annos/105663.json,468,702,184,1,358,85,0.04448828,medium,1,SEGREV1_0028,20260922,PASS_SOURCE_IMAGE_UNSEEN
prd_3_1_v1,REVIEW_CANDIDATE,DeepFashion2,../fashion_data/raw/train/train/image/107132.jpg,107132.jpg,item2_long_sleeve_top,top,long_sleeve_top,2,,../fashion_data/raw/train/train/annos/107132.json,663,841,346,101,562,358,0.09955827,medium,1,SEGREV1_0029,20260922,PASS_SOURCE_IMAGE_UNSEEN
prd_3_1_v1,REVIEW_CANDIDATE,DeepFashion2,../fashion_data/raw/train/train/image/108061.jpg,108061.jpg,item1_long_sleeve_top,top,long_sleeve_top,2,,../fashion_data/raw/train/train/annos/108061.json,468,702,11,90,461,621,0.72731755,large,1,SEGREV1_0030,20260922,PASS_SOURCE_IMAGE_UNSEEN
prd_3_1_v1,REVIEW_CANDIDATE,DeepFashion2,../fashion_data/raw/train/train/image/110433.jpg,110433.jpg,item1_vest,top,vest,5,,../fashion_data/raw/train/train/annos/110433.json,468,826,4,280,460,825,0.64288819,large,1,SEGREV1_0031,20260922,PASS_SOURCE_IMAGE_UNSEEN
prd_3_1_v1,REVIEW_CANDIDATE,DeepFashion2,../fashion_data/raw/train/train/image/111515.jpg,111515.jpg,item2_long_sleeve_top,top,long_sleeve_top,2,,../fashion_data/raw/train/train/annos/111515.json,468,702,103,186,358,488,0.23440354,large,1,SEGREV1_0032,20260922,PASS_SOURCE_IMAGE_UNSEEN
prd_3_1_v1,REVIEW_CANDIDATE,DeepFashion2,../fashion_data/raw/train/train/image/115908.jpg,115908.jpg,item1_vest,top,vest,5,,../fashion_data/raw/train/train/annos/115908.json,650,474,231,3,406,198,0.11075949,large,1,SEGREV1_0033,20260922,PASS_SOURCE_IMAGE_UNSEEN
prd_3_1_v1,REVIEW_CANDIDATE,DeepFashion2,../fashion_data/raw/train/train/image/127954.jpg,127954.jpg,item1_short_sleeve_top,top,short_sleeve_top,1,,../fashion_data/raw/train/train/annos/127954.json,640,960,220,203,433,443,0.08320313,medium,1,SEGREV1_0034,20260922,PASS_SOURCE_IMAGE_UNSEEN
prd_3_1_v1,REVIEW_CANDIDATE,DeepFashion2,../fashion_data/raw/train/train/image/128569.jpg,128569.jpg,item1_long_sleeve_top,top,long_sleeve_top,2,,../fashion_data/raw/train/train/annos/128569.json,880,1320,264,308,605,649,0.10010417,large,1,SEGREV1_0035,20260922,PASS_SOURCE_IMAGE_UNSEEN
prd_3_1_v1,REVIEW_CANDIDATE,DeepFashion2,../fashion_data/raw/train/train/image/130799.jpg,130799.jpg,item1_vest,top,vest,5,,../fashion_data/raw/train/train/annos/130799.json,468,702,158,107,310,314,0.09577033,medium,1,SEGREV1_0036,20260922,PASS_SOURCE_IMAGE_UNSEEN
prd_3_1_v1,REVIEW_CANDIDATE,DeepFashion2,../fashion_data/raw/train/train/image/135808.jpg,135808.jpg,item2_vest,top,vest,5,,../fashion_data/raw/train/train/annos/135808.json,640,907,61,70,520,775,0.55746107,large,1,SEGREV1_0037,20260922,PASS_SOURCE_IMAGE_UNSEEN
prd_3_1_v1,REVIEW_CANDIDATE,DeepFashion2,../fashion_data/raw/train/train/image/138366.jpg,138366.jpg,item1_long_sleeve_top,top,long_sleeve_top,2,,../fashion_data/raw/train/train/annos/138366.json,468,702,48,1,320,175,0.14405727,large,1,SEGREV1_0038,20260922,PASS_SOURCE_IMAGE_UNSEEN
prd_3_1_v1,REVIEW_CANDIDATE,DeepFashion2,../fashion_data/raw/train/train/image/141171.jpg,141171.jpg,item1_vest,top,vest,5,,../fashion_data/raw/train/train/annos/141171.json,640,991,266,339,387,480,0.02689991,medium,1,SEGREV1_0039,20260922,PASS_SOURCE_IMAGE_UNSEEN
prd_3_1_v1,REVIEW_CANDIDATE,DeepFashion2,../fashion_data/raw/train/train/image/141687.jpg,141687.jpg,item1_short_sleeve_top,top,short_sleeve_top,1,,../fashion_data/raw/train/train/annos/141687.json,800,880,238,188,514,470,0.11055682,large,1,SEGREV1_0040,20260922,PASS_SOURCE_IMAGE_UNSEEN
prd_3_1_v1,REVIEW_CANDIDATE,DeepFashion2,../fashion_data/raw/train/train/image/142697.jpg,142697.jpg,item1_short_sleeve_top,top,short_sleeve_top,1,,../fashion_data/raw/train/train/annos/142697.json,640,480,64,5,553,443,0.69720703,large,1,SEGREV1_0041,20260922,PASS_SOURCE_IMAGE_UNSEEN
prd_3_1_v1,REVIEW_CANDIDATE,DeepFashion2,../fashion_data/raw/train/train/image/144298.jpg,144298.jpg,item1_long_sleeve_top,top,long_sleeve_top,2,,../fashion_data/raw/train/train/annos/144298.json,790,621,284,166,505,443,0.12478240,large,1,SEGREV1_0042,20260922,PASS_SOURCE_IMAGE_UNSEEN
prd_3_1_v1,REVIEW_CANDIDATE,DeepFashion2,../fashion_data/raw/train/train/image/145979.jpg,145979.jpg,item2_sling,top,sling,6,,../fashion_data/raw/train/train/annos/145979.json,468,702,108,246,369,617,0.29473482,large,1,SEGREV1_0043,20260922,PASS_SOURCE_IMAGE_UNSEEN
prd_3_1_v1,REVIEW_CANDIDATE,DeepFashion2,../fashion_data/raw/train/train/image/148005.jpg,148005.jpg,item1_short_sleeve_top,top,short_sleeve_top,1,,../fashion_data/raw/train/train/annos/148005.json,294,400,0,36,293,387,0.87451531,large,1,SEGREV1_0044,20260922,PASS_SOURCE_IMAGE_UNSEEN
prd_3_1_v1,REVIEW_CANDIDATE,DeepFashion2,../fashion_data/raw/train/train/image/148080.jpg,148080.jpg,item2_long_sleeve_top,top,long_sleeve_top,2,,../fashion_data/raw/train/train/annos/148080.json,750,1125,283,245,504,578,0.08722133,medium,1,SEGREV1_0045,20260922,PASS_SOURCE_IMAGE_UNSEEN
prd_3_1_v1,REVIEW_CANDIDATE,DeepFashion2,../fashion_data/raw/train/train/image/154716.jpg,154716.jpg,item2_long_sleeve_top,top,long_sleeve_top,2,,../fashion_data/raw/train/train/annos/154716.json,468,702,76,1,350,152,0.12593445,large,1,SEGREV1_0046,20260922,PASS_SOURCE_IMAGE_UNSEEN
prd_3_1_v1,REVIEW_CANDIDATE,DeepFashion2,../fashion_data/raw/train/train/image/156498.jpg,156498.jpg,item1_short_sleeve_top,top,short_sleeve_top,1,,../fashion_data/raw/train/train/annos/156498.json,750,630,210,65,689,513,0.45416296,large,1,SEGREV1_0047,20260922,PASS_SOURCE_IMAGE_UNSEEN
prd_3_1_v1,REVIEW_CANDIDATE,DeepFashion2,../fashion_data/raw/train/train/image/161558.jpg,161558.jpg,item2_short_sleeve_top,top,short_sleeve_top,1,,../fashion_data/raw/train/train/annos/161558.json,880,1320,284,429,558,658,0.05401687,medium,1,SEGREV1_0048,20260922,PASS_SOURCE_IMAGE_UNSEEN
prd_3_1_v1,REVIEW_CANDIDATE,DeepFashion2,../fashion_data/raw/train/train/image/166612.jpg,166612.jpg,item2_sling,top,sling,6,,../fashion_data/raw/train/train/annos/166612.json,750,927,229,0,568,232,0.11312190,large,1,SEGREV1_0049,20260922,PASS_SOURCE_IMAGE_UNSEEN
prd_3_1_v1,REVIEW_CANDIDATE,DeepFashion2,../fashion_data/raw/train/train/image/173102.jpg,173102.jpg,item1_sling,top,sling,6,,../fashion_data/raw/train/train/annos/173102.json,880,1320,359,374,646,819,0.10994749,large,1,SEGREV1_0050,20260922,PASS_SOURCE_IMAGE_UNSEEN
prd_3_1_v1,REVIEW_CANDIDATE,DeepFashion2,../fashion_data/raw/train/train/image/178707.jpg,178707.jpg,item1_short_sleeve_top,top,short_sleeve_top,1,,../fashion_data/raw/train/train/annos/178707.json,640,960,277,318,449,496,0.04983073,medium,1,SEGREV1_0051,20260922,PASS_SOURCE_IMAGE_UNSEEN
prd_3_1_v1,REVIEW_CANDIDATE,DeepFashion2,../fashion_data/raw/train/train/image/180475.jpg,180475.jpg,item1_sling,top,sling,6,,../fashion_data/raw/train/train/annos/180475.json,468,702,84,249,442,672,0.46093579,large,1,SEGREV1_0052,20260922,PASS_SOURCE_IMAGE_UNSEEN
prd_3_1_v1,REVIEW_CANDIDATE,DeepFashion2,../fashion_data/raw/train/train/image/181573.jpg,181573.jpg,item2_long_sleeve_top,top,long_sleeve_top,2,,../fashion_data/raw/train/train/annos/181573.json,750,1125,216,390,433,619,0.05889541,medium,1,SEGREV1_0053,20260922,PASS_SOURCE_IMAGE_UNSEEN
prd_3_1_v1,REVIEW_CANDIDATE,DeepFashion2,../fashion_data/raw/train/train/image/182832.jpg,182832.jpg,item1_short_sleeve_top,top,short_sleeve_top,1,,../fashion_data/raw/train/train/annos/182832.json,640,960,198,235,428,512,0.10369466,large,1,SEGREV1_0054,20260922,PASS_SOURCE_IMAGE_UNSEEN
prd_3_1_v1,REVIEW_CANDIDATE,DeepFashion2,../fashion_data/raw/train/train/image/183247.jpg,183247.jpg,item1_vest,top,vest,5,,../fashion_data/raw/train/train/annos/183247.json,468,832,27,84,442,427,0.36557209,large,1,SEGREV1_0055,20260922,PASS_SOURCE_IMAGE_UNSEEN
prd_3_1_v1,REVIEW_CANDIDATE,DeepFashion2,../fashion_data/raw/train/train/image/183490.jpg,183490.jpg,item2_long_sleeve_top,top,long_sleeve_top,2,,../fashion_data/raw/train/train/annos/183490.json,640,640,284,307,467,466,0.07103760,medium,1,SEGREV1_0056,20260922,PASS_SOURCE_IMAGE_UNSEEN
prd_3_1_v1,REVIEW_CANDIDATE,DeepFashion2,../fashion_data/raw/train/train/image/183751.jpg,183751.jpg,item1_long_sleeve_top,top,long_sleeve_top,2,,../fashion_data/raw/train/train/annos/183751.json,468,702,85,136,400,634,0.47748192,large,1,SEGREV1_0057,20260922,PASS_SOURCE_IMAGE_UNSEEN
prd_3_1_v1,REVIEW_CANDIDATE,DeepFashion2,../fashion_data/raw/train/train/image/185420.jpg,185420.jpg,item2_vest,top,vest,5,,../fashion_data/raw/train/train/annos/185420.json,298,393,77,104,175,228,0.10376215,large,1,SEGREV1_0058,20260922,PASS_SOURCE_IMAGE_UNSEEN
prd_3_1_v1,REVIEW_CANDIDATE,DeepFashion2,../fashion_data/raw/train/train/image/186664.jpg,186664.jpg,item1_sling,top,sling,6,,../fashion_data/raw/train/train/annos/186664.json,656,492,207,232,323,476,0.08769582,medium,1,SEGREV1_0059,20260922,PASS_SOURCE_IMAGE_UNSEEN
prd_3_1_v1,REVIEW_CANDIDATE,DeepFashion2,../fashion_data/raw/train/train/image/191078.jpg,191078.jpg,item2_long_sleeve_top,top,long_sleeve_top,2,,../fashion_data/raw/train/train/annos/191078.json,700,570,348,25,577,262,0.13602256,large,1,SEGREV1_0060,20260922,PASS_SOURCE_IMAGE_UNSEEN
prd_3_1_v1,REVIEW_CANDIDATE,DeepFashion2,../fashion_data/raw/train/train/image/001754.jpg,001754.jpg,item2_trousers,pants,trousers,8,,../fashion_data/raw/train/train/annos/001754.json,468,702,139,114,412,578,0.38556505,large,1,SEGREV1_0061,20260922,PASS_SOURCE_IMAGE_UNSEEN
prd_3_1_v1,REVIEW_CANDIDATE,DeepFashion2,../fashion_data/raw/train/train/image/011120.jpg,011120.jpg,item1_trousers,pants,trousers,8,,../fashion_data/raw/train/train/annos/011120.json,880,1320,367,641,690,1156,0.14320334,large,1,SEGREV1_0062,20260922,PASS_SOURCE_IMAGE_UNSEEN
prd_3_1_v1,REVIEW_CANDIDATE,DeepFashion2,../fashion_data/raw/train/train/image/016813.jpg,016813.jpg,item1_trousers,pants,trousers,8,,../fashion_data/raw/train/train/annos/016813.json,640,824,121,3,508,680,0.49681242,large,1,SEGREV1_0063,20260922,PASS_SOURCE_IMAGE_UNSEEN
prd_3_1_v1,REVIEW_CANDIDATE,DeepFashion2,../fashion_data/raw/train/train/image/022696.jpg,022696.jpg,item1_shorts,pants,shorts,7,,../fashion_data/raw/train/train/annos/022696.json,468,702,119,39,346,342,0.20935605,large,1,SEGREV1_0064,20260922,PASS_SOURCE_IMAGE_UNSEEN
prd_3_1_v1,REVIEW_CANDIDATE,DeepFashion2,../fashion_data/raw/train/train/image/031736.jpg,031736.jpg,item2_trousers,pants,trousers,8,,../fashion_data/raw/train/train/annos/031736.json,468,624,61,447,389,623,0.19767697,large,1,SEGREV1_0065,20260922,PASS_SOURCE_IMAGE_UNSEEN
prd_3_1_v1,REVIEW_CANDIDATE,DeepFashion2,../fashion_data/raw/train/train/image/032594.jpg,032594.jpg,item2_shorts,pants,shorts,7,,../fashion_data/raw/train/train/annos/032594.json,468,625,146,270,279,397,0.05774701,medium,1,SEGREV1_0066,20260922,PASS_SOURCE_IMAGE_UNSEEN
prd_3_1_v1,REVIEW_CANDIDATE,DeepFashion2,../fashion_data/raw/train/train/image/033335.jpg,033335.jpg,item2_trousers,pants,trousers,8,,../fashion_data/raw/train/train/annos/033335.json,750,917,209,615,528,882,0.12384297,large,1,SEGREV1_0067,20260922,PASS_SOURCE_IMAGE_UNSEEN
prd_3_1_v1,REVIEW_CANDIDATE,DeepFashion2,../fashion_data/raw/train/train/image/036053.jpg,036053.jpg,item1_shorts,pants,shorts,7,,../fashion_data/raw/train/train/annos/036053.json,880,587,369,259,585,502,0.10161066,large,1,SEGREV1_0068,20260922,PASS_SOURCE_IMAGE_UNSEEN
prd_3_1_v1,REVIEW_CANDIDATE,DeepFashion2,../fashion_data/raw/train/train/image/043791.jpg,043791.jpg,item1_shorts,pants,shorts,7,,../fashion_data/raw/train/train/annos/043791.json,640,640,257,314,536,639,0.22137451,large,1,SEGREV1_0069,20260922,PASS_SOURCE_IMAGE_UNSEEN
prd_3_1_v1,REVIEW_CANDIDATE,DeepFashion2,../fashion_data/raw/train/train/image/045685.jpg,045685.jpg,item1_trousers,pants,trousers,8,,../fashion_data/raw/train/train/annos/045685.json,468,702,96,80,355,540,0.36263910,large,1,SEGREV1_0070,20260922,PASS_SOURCE_IMAGE_UNSEEN
prd_3_1_v1,REVIEW_CANDIDATE,DeepFashion2,../fashion_data/raw/train/train/image/045984.jpg,045984.jpg,item1_shorts,pants,shorts,7,,../fashion_data/raw/train/train/annos/045984.json,640,450,294,306,471,414,0.06637500,medium,1,SEGREV1_0071,20260922,PASS_SOURCE_IMAGE_UNSEEN
prd_3_1_v1,REVIEW_CANDIDATE,DeepFashion2,../fashion_data/raw/train/train/image/046244.jpg,046244.jpg,item2_shorts,pants,shorts,7,,../fashion_data/raw/train/train/annos/046244.json,750,1197,237,344,424,548,0.04249290,medium,1,SEGREV1_0072,20260922,PASS_SOURCE_IMAGE_UNSEEN
prd_3_1_v1,REVIEW_CANDIDATE,DeepFashion2,../fashion_data/raw/train/train/image/049627.jpg,049627.jpg,item2_trousers,pants,trousers,8,,../fashion_data/raw/train/train/annos/049627.json,468,702,147,68,323,607,0.28874766,large,1,SEGREV1_0073,20260922,PASS_SOURCE_IMAGE_UNSEEN
prd_3_1_v1,REVIEW_CANDIDATE,DeepFashion2,../fashion_data/raw/train/train/image/050058.jpg,050058.jpg,item2_shorts,pants,shorts,7,,../fashion_data/raw/train/train/annos/050058.json,790,1010,309,560,566,785,0.07247149,medium,1,SEGREV1_0074,20260922,PASS_SOURCE_IMAGE_UNSEEN
prd_3_1_v1,REVIEW_CANDIDATE,DeepFashion2,../fashion_data/raw/train/train/image/052509.jpg,052509.jpg,item1_shorts,pants,shorts,7,,../fashion_data/raw/train/train/annos/052509.json,640,960,222,329,426,536,0.06873047,medium,1,SEGREV1_0075,20260922,PASS_SOURCE_IMAGE_UNSEEN
prd_3_1_v1,REVIEW_CANDIDATE,DeepFashion2,../fashion_data/raw/train/train/image/052615.jpg,052615.jpg,item1_trousers,pants,trousers,8,,../fashion_data/raw/train/train/annos/052615.json,640,960,166,108,431,754,0.27862956,large,1,SEGREV1_0076,20260922,PASS_SOURCE_IMAGE_UNSEEN
prd_3_1_v1,REVIEW_CANDIDATE,DeepFashion2,../fashion_data/raw/train/train/image/052875.jpg,052875.jpg,item2_shorts,pants,shorts,7,,../fashion_data/raw/train/train/annos/052875.json,468,702,39,472,328,657,0.16273711,large,1,SEGREV1_0077,20260922,PASS_SOURCE_IMAGE_UNSEEN
prd_3_1_v1,REVIEW_CANDIDATE,DeepFashion2,../fashion_data/raw/train/train/image/053097.jpg,053097.jpg,item2_shorts,pants,shorts,7,,../fashion_data/raw/train/train/annos/053097.json,468,625,125,359,466,623,0.30777436,large,1,SEGREV1_0078,20260922,PASS_SOURCE_IMAGE_UNSEEN
prd_3_1_v1,REVIEW_CANDIDATE,DeepFashion2,../fashion_data/raw/train/train/image/055687.jpg,055687.jpg,item2_trousers,pants,trousers,8,,../fashion_data/raw/train/train/annos/055687.json,640,960,257,437,425,791,0.09679688,medium,1,SEGREV1_0079,20260922,PASS_SOURCE_IMAGE_UNSEEN
prd_3_1_v1,REVIEW_CANDIDATE,DeepFashion2,../fashion_data/raw/train/train/image/056274.jpg,056274.jpg,item1_shorts,pants,shorts,7,,../fashion_data/raw/train/train/annos/056274.json,640,526,221,366,378,501,0.06296043,medium,1,SEGREV1_0080,20260922,PASS_SOURCE_IMAGE_UNSEEN
prd_3_1_v1,REVIEW_CANDIDATE,DeepFashion2,../fashion_data/raw/train/train/image/058973.jpg,058973.jpg,item2_shorts,pants,shorts,7,,../fashion_data/raw/train/train/annos/058973.json,468,702,156,431,352,600,0.10082305,large,1,SEGREV1_0081,20260922,PASS_SOURCE_IMAGE_UNSEEN
prd_3_1_v1,REVIEW_CANDIDATE,DeepFashion2,../fashion_data/raw/train/train/image/059109.jpg,059109.jpg,item3_trousers,pants,trousers,8,,../fashion_data/raw/train/train/annos/059109.json,799,448,116,301,282,429,0.05935991,medium,1,SEGREV1_0082,20260922,PASS_SOURCE_IMAGE_UNSEEN
prd_3_1_v1,REVIEW_CANDIDATE,DeepFashion2,../fashion_data/raw/train/train/image/059869.jpg,059869.jpg,item1_trousers,pants,trousers,8,,../fashion_data/raw/train/train/annos/059869.json,750,517,342,30,500,474,0.18092070,large,1,SEGREV1_0083,20260922,PASS_SOURCE_IMAGE_UNSEEN
prd_3_1_v1,REVIEW_CANDIDATE,DeepFashion2,../fashion_data/raw/train/train/image/065675.jpg,065675.jpg,item2_trousers,pants,trousers,8,,../fashion_data/raw/train/train/annos/065675.json,750,1087,84,860,428,1086,0.09536216,medium,1,SEGREV1_0084,20260922,PASS_SOURCE_IMAGE_UNSEEN
prd_3_1_v1,REVIEW_CANDIDATE,DeepFashion2,../fashion_data/raw/train/train/image/069363.jpg,069363.jpg,item1_trousers,pants,trousers,8,,../fashion_data/raw/train/train/annos/069363.json,468,702,43,416,288,701,0.21253379,large,1,SEGREV1_0085,20260922,PASS_SOURCE_IMAGE_UNSEEN
prd_3_1_v1,REVIEW_CANDIDATE,DeepFashion2,../fashion_data/raw/train/train/image/072856.jpg,072856.jpg,item2_trousers,pants,trousers,8,,../fashion_data/raw/train/train/annos/072856.json,750,750,299,319,528,598,0.11358400,large,1,SEGREV1_0086,20260922,PASS_SOURCE_IMAGE_UNSEEN
prd_3_1_v1,REVIEW_CANDIDATE,DeepFashion2,../fashion_data/raw/train/train/image/079071.jpg,079071.jpg,item2_trousers,pants,trousers,8,,../fashion_data/raw/train/train/annos/079071.json,750,1125,249,583,446,996,0.09642785,medium,1,SEGREV1_0087,20260922,PASS_SOURCE_IMAGE_UNSEEN
prd_3_1_v1,REVIEW_CANDIDATE,DeepFashion2,../fashion_data/raw/train/train/image/079919.jpg,079919.jpg,item2_trousers,pants,trousers,8,,../fashion_data/raw/train/train/annos/079919.json,640,960,43,583,464,959,0.25764323,large,1,SEGREV1_0088,20260922,PASS_SOURCE_IMAGE_UNSEEN
prd_3_1_v1,REVIEW_CANDIDATE,DeepFashion2,../fashion_data/raw/train/train/image/083499.jpg,083499.jpg,item2_trousers,pants,trousers,8,,../fashion_data/raw/train/train/annos/083499.json,705,663,261,242,470,610,0.16454756,large,1,SEGREV1_0089,20260922,PASS_SOURCE_IMAGE_UNSEEN
prd_3_1_v1,REVIEW_CANDIDATE,DeepFashion2,../fashion_data/raw/train/train/image/090505.jpg,090505.jpg,item2_trousers,pants,trousers,8,,../fashion_data/raw/train/train/annos/090505.json,468,702,9,535,371,701,0.18290842,large,1,SEGREV1_0090,20260922,PASS_SOURCE_IMAGE_UNSEEN
prd_3_1_v1,REVIEW_CANDIDATE,DeepFashion2,../fashion_data/raw/train/train/image/093638.jpg,093638.jpg,item1_shorts,pants,shorts,7,,../fashion_data/raw/train/train/annos/093638.json,640,960,42,159,596,663,0.45445313,large,1,SEGREV1_0091,20260922,PASS_SOURCE_IMAGE_UNSEEN
prd_3_1_v1,REVIEW_CANDIDATE,DeepFashion2,../fashion_data/raw/train/train/image/098410.jpg,098410.jpg,item1_trousers,pants,trousers,8,,../fashion_data/raw/train/train/annos/098410.json,468,702,149,66,334,604,0.30295006,large,1,SEGREV1_0092,20260922,PASS_SOURCE_IMAGE_UNSEEN
prd_3_1_v1,REVIEW_CANDIDATE,DeepFashion2,../fashion_data/raw/train/train/image/099004.jpg,099004.jpg,item2_trousers,pants,trousers,8,,../fashion_data/raw/train/train/annos/099004.json,640,640,166,325,418,639,0.19318359,large,1,SEGREV1_0093,20260922,PASS_SOURCE_IMAGE_UNSEEN
prd_3_1_v1,REVIEW_CANDIDATE,DeepFashion2,../fashion_data/raw/train/train/image/104314.jpg,104314.jpg,item1_trousers,pants,trousers,8,,../fashion_data/raw/train/train/annos/104314.json,750,600,177,1,575,515,0.45460444,large,1,SEGREV1_0094,20260922,PASS_SOURCE_IMAGE_UNSEEN
prd_3_1_v1,REVIEW_CANDIDATE,DeepFashion2,../fashion_data/raw/train/train/image/105502.jpg,105502.jpg,item2_trousers,pants,trousers,8,,../fashion_data/raw/train/train/annos/105502.json,750,502,290,301,482,501,0.10199203,large,1,SEGREV1_0095,20260922,PASS_SOURCE_IMAGE_UNSEEN
prd_3_1_v1,REVIEW_CANDIDATE,DeepFashion2,../fashion_data/raw/train/train/image/106230.jpg,106230.jpg,item2_shorts,pants,shorts,7,,../fashion_data/raw/train/train/annos/106230.json,640,960,206,369,380,498,0.03653320,medium,1,SEGREV1_0096,20260922,PASS_SOURCE_IMAGE_UNSEEN
prd_3_1_v1,REVIEW_CANDIDATE,DeepFashion2,../fashion_data/raw/train/train/image/115415.jpg,115415.jpg,item1_trousers,pants,trousers,8,,../fashion_data/raw/train/train/annos/115415.json,880,1320,333,709,500,1224,0.07404012,medium,1,SEGREV1_0097,20260922,PASS_SOURCE_IMAGE_UNSEEN
prd_3_1_v1,REVIEW_CANDIDATE,DeepFashion2,../fashion_data/raw/train/train/image/119727.jpg,119727.jpg,item2_shorts,pants,shorts,7,,../fashion_data/raw/train/train/annos/119727.json,880,1320,154,956,778,1295,0.18210744,large,1,SEGREV1_0098,20260922,PASS_SOURCE_IMAGE_UNSEEN
prd_3_1_v1,REVIEW_CANDIDATE,DeepFashion2,../fashion_data/raw/train/train/image/124269.jpg,124269.jpg,item1_shorts,pants,shorts,7,,../fashion_data/raw/train/train/annos/124269.json,468,702,2,136,463,605,0.65809835,large,1,SEGREV1_0099,20260922,PASS_SOURCE_IMAGE_UNSEEN
prd_3_1_v1,REVIEW_CANDIDATE,DeepFashion2,../fashion_data/raw/train/train/image/126667.jpg,126667.jpg,item1_trousers,pants,trousers,8,,../fashion_data/raw/train/train/annos/126667.json,640,960,193,559,433,959,0.15625000,large,1,SEGREV1_0100,20260922,PASS_SOURCE_IMAGE_UNSEEN
prd_3_1_v1,REVIEW_CANDIDATE,DeepFashion2,../fashion_data/raw/train/train/image/133598.jpg,133598.jpg,item2_shorts,pants,shorts,7,,../fashion_data/raw/train/train/annos/133598.json,468,642,132,426,466,641,0.23900338,large,1,SEGREV1_0101,20260922,PASS_SOURCE_IMAGE_UNSEEN
prd_3_1_v1,REVIEW_CANDIDATE,DeepFashion2,../fashion_data/raw/train/train/image/143199.jpg,143199.jpg,item2_shorts,pants,shorts,7,,../fashion_data/raw/train/train/annos/143199.json,468,624,188,375,403,518,0.10527956,large,1,SEGREV1_0102,20260922,PASS_SOURCE_IMAGE_UNSEEN
prd_3_1_v1,REVIEW_CANDIDATE,DeepFashion2,../fashion_data/raw/train/train/image/146204.jpg,146204.jpg,item2_shorts,pants,shorts,7,,../fashion_data/raw/train/train/annos/146204.json,720,1080,233,214,483,464,0.08037551,medium,1,SEGREV1_0103,20260922,PASS_SOURCE_IMAGE_UNSEEN
prd_3_1_v1,REVIEW_CANDIDATE,DeepFashion2,../fashion_data/raw/train/train/image/147004.jpg,147004.jpg,item2_shorts,pants,shorts,7,,../fashion_data/raw/train/train/annos/147004.json,468,625,0,335,465,624,0.45943590,large,1,SEGREV1_0104,20260922,PASS_SOURCE_IMAGE_UNSEEN
prd_3_1_v1,REVIEW_CANDIDATE,DeepFashion2,../fashion_data/raw/train/train/image/148293.jpg,148293.jpg,item2_trousers,pants,trousers,8,,../fashion_data/raw/train/train/annos/148293.json,700,700,233,416,621,699,0.22408980,large,1,SEGREV1_0105,20260922,PASS_SOURCE_IMAGE_UNSEEN
prd_3_1_v1,REVIEW_CANDIDATE,DeepFashion2,../fashion_data/raw/train/train/image/151879.jpg,151879.jpg,item2_trousers,pants,trousers,8,,../fashion_data/raw/train/train/annos/151879.json,468,702,105,29,352,620,0.44432574,large,1,SEGREV1_0106,20260922,PASS_SOURCE_IMAGE_UNSEEN
prd_3_1_v1,REVIEW_CANDIDATE,DeepFashion2,../fashion_data/raw/train/train/image/153826.jpg,153826.jpg,item2_shorts,pants,shorts,7,,../fashion_data/raw/train/train/annos/153826.json,800,1200,138,565,546,847,0.11985000,large,1,SEGREV1_0107,20260922,PASS_SOURCE_IMAGE_UNSEEN
prd_3_1_v1,REVIEW_CANDIDATE,DeepFashion2,../fashion_data/raw/train/train/image/161887.jpg,161887.jpg,item2_shorts,pants,shorts,7,,../fashion_data/raw/train/train/annos/161887.json,750,1198,314,726,616,1001,0.09243183,medium,1,SEGREV1_0108,20260922,PASS_SOURCE_IMAGE_UNSEEN
prd_3_1_v1,REVIEW_CANDIDATE,DeepFashion2,../fashion_data/raw/train/train/image/168160.jpg,168160.jpg,item2_trousers,pants,trousers,8,,../fashion_data/raw/train/train/annos/168160.json,750,1087,89,602,590,1030,0.26302116,large,1,SEGREV1_0109,20260922,PASS_SOURCE_IMAGE_UNSEEN
prd_3_1_v1,REVIEW_CANDIDATE,DeepFashion2,../fashion_data/raw/train/train/image/169369.jpg,169369.jpg,item2_trousers,pants,trousers,8,,../fashion_data/raw/train/train/annos/169369.json,640,800,218,142,398,586,0.15609375,large,1,SEGREV1_0110,20260922,PASS_SOURCE_IMAGE_UNSEEN
prd_3_1_v1,REVIEW_CANDIDATE,DeepFashion2,../fashion_data/raw/train/train/image/169890.jpg,169890.jpg,item1_shorts,pants,shorts,7,,../fashion_data/raw/train/train/annos/169890.json,468,702,152,77,336,253,0.09857063,medium,1,SEGREV1_0111,20260922,PASS_SOURCE_IMAGE_UNSEEN
prd_3_1_v1,REVIEW_CANDIDATE,DeepFashion2,../fashion_data/raw/train/train/image/171119.jpg,171119.jpg,item2_shorts,pants,shorts,7,,../fashion_data/raw/train/train/annos/171119.json,880,1319,315,604,571,805,0.04433110,medium,1,SEGREV1_0112,20260922,PASS_SOURCE_IMAGE_UNSEEN
prd_3_1_v1,REVIEW_CANDIDATE,DeepFashion2,../fashion_data/raw/train/train/image/174504.jpg,174504.jpg,item2_shorts,pants,shorts,7,,../fashion_data/raw/train/train/annos/174504.json,880,587,378,381,551,517,0.04554747,medium,1,SEGREV1_0113,20260922,PASS_SOURCE_IMAGE_UNSEEN
prd_3_1_v1,REVIEW_CANDIDATE,DeepFashion2,../fashion_data/raw/train/train/image/175433.jpg,175433.jpg,item2_trousers,pants,trousers,8,,../fashion_data/raw/train/train/annos/175433.json,880,1320,331,747,489,1208,0.06270489,medium,1,SEGREV1_0114,20260922,PASS_SOURCE_IMAGE_UNSEEN
prd_3_1_v1,REVIEW_CANDIDATE,DeepFashion2,../fashion_data/raw/train/train/image/180763.jpg,180763.jpg,item2_shorts,pants,shorts,7,,../fashion_data/raw/train/train/annos/180763.json,642,903,119,691,428,899,0.11086617,large,1,SEGREV1_0115,20260922,PASS_SOURCE_IMAGE_UNSEEN
prd_3_1_v1,REVIEW_CANDIDATE,DeepFashion2,../fashion_data/raw/train/train/image/181288.jpg,181288.jpg,item2_shorts,pants,shorts,7,,../fashion_data/raw/train/train/annos/181288.json,640,760,252,491,539,759,0.15813322,large,1,SEGREV1_0116,20260922,PASS_SOURCE_IMAGE_UNSEEN
prd_3_1_v1,REVIEW_CANDIDATE,DeepFashion2,../fashion_data/raw/train/train/image/185010.jpg,185010.jpg,item2_shorts,pants,shorts,7,,../fashion_data/raw/train/train/annos/185010.json,750,534,297,334,446,480,0.05431710,medium,1,SEGREV1_0117,20260922,PASS_SOURCE_IMAGE_UNSEEN
prd_3_1_v1,REVIEW_CANDIDATE,DeepFashion2,../fashion_data/raw/train/train/image/185699.jpg,185699.jpg,item1_shorts,pants,shorts,7,,../fashion_data/raw/train/train/annos/185699.json,750,500,250,67,514,366,0.21049600,large,1,SEGREV1_0118,20260922,PASS_SOURCE_IMAGE_UNSEEN
prd_3_1_v1,REVIEW_CANDIDATE,DeepFashion2,../fashion_data/raw/train/train/image/186034.jpg,186034.jpg,item2_trousers,pants,trousers,8,,../fashion_data/raw/train/train/annos/186034.json,640,700,177,398,323,641,0.07919196,medium,1,SEGREV1_0119,20260922,PASS_SOURCE_IMAGE_UNSEEN
prd_3_1_v1,REVIEW_CANDIDATE,DeepFashion2,../fashion_data/raw/train/train/image/188677.jpg,188677.jpg,item2_shorts,pants,shorts,7,,../fashion_data/raw/train/train/annos/188677.json,640,640,232,228,353,351,0.03633545,medium,1,SEGREV1_0120,20260922,PASS_SOURCE_IMAGE_UNSEEN
prd_3_1_v1,REVIEW_CANDIDATE,DeepFashion2,../fashion_data/raw/train/train/image/000576.jpg,000576.jpg,item2_skirt,skirt,skirt,9,,../fashion_data/raw/train/train/annos/000576.json,640,960,160,674,423,959,0.12199707,large,1,SEGREV1_0121,20260922,PASS_SOURCE_IMAGE_UNSEEN
prd_3_1_v1,REVIEW_CANDIDATE,DeepFashion2,../fashion_data/raw/train/train/image/002547.jpg,002547.jpg,item2_skirt,skirt,skirt,9,,../fashion_data/raw/train/train/annos/002547.json,468,624,160,196,299,359,0.07758396,medium,1,SEGREV1_0122,20260922,PASS_SOURCE_IMAGE_UNSEEN
prd_3_1_v1,REVIEW_CANDIDATE,DeepFashion2,../fashion_data/raw/train/train/image/004331.jpg,004331.jpg,item2_skirt,skirt,skirt,9,,../fashion_data/raw/train/train/annos/004331.json,750,710,261,41,594,654,0.38334085,large,1,SEGREV1_0123,20260922,PASS_SOURCE_IMAGE_UNSEEN
prd_3_1_v1,REVIEW_CANDIDATE,DeepFashion2,../fashion_data/raw/train/train/image/004612.jpg,004612.jpg,item2_skirt,skirt,skirt,9,,../fashion_data/raw/train/train/annos/004612.json,750,1125,288,550,498,921,0.09233778,medium,1,SEGREV1_0124,20260922,PASS_SOURCE_IMAGE_UNSEEN
prd_3_1_v1,REVIEW_CANDIDATE,DeepFashion2,../fashion_data/raw/train/train/image/004997.jpg,004997.jpg,item2_skirt,skirt,skirt,9,,../fashion_data/raw/train/train/annos/004997.json,468,624,51,356,345,623,0.26879931,large,1,SEGREV1_0125,20260922,PASS_SOURCE_IMAGE_UNSEEN
prd_3_1_v1,REVIEW_CANDIDATE,DeepFashion2,../fashion_data/raw/train/train/image/006909.jpg,006909.jpg,item2_skirt,skirt,skirt,9,,../fashion_data/raw/train/train/annos/006909.json,742,499,318,265,443,412,0.04962756,medium,1,SEGREV1_0126,20260922,PASS_SOURCE_IMAGE_UNSEEN
prd_3_1_v1,REVIEW_CANDIDATE,DeepFashion2,../fashion_data/raw/train/train/image/007636.jpg,007636.jpg,item2_skirt,skirt,skirt,9,,../fashion_data/raw/train/train/annos/007636.json,400,300,208,91,394,261,0.26350000,large,1,SEGREV1_0127,20260922,PASS_SOURCE_IMAGE_UNSEEN
prd_3_1_v1,REVIEW_CANDIDATE,DeepFashion2,../fashion_data/raw/train/train/image/008426.jpg,008426.jpg,item2_skirt,skirt,skirt,9,,../fashion_data/raw/train/train/annos/008426.json,880,587,309,353,426,556,0.04597917,medium,1,SEGREV1_0128,20260922,PASS_SOURCE_IMAGE_UNSEEN
prd_3_1_v1,REVIEW_CANDIDATE,DeepFashion2,../fashion_data/raw/train/train/image/008716.jpg,008716.jpg,item2_skirt,skirt,skirt,9,,../fashion_data/raw/train/train/annos/008716.json,643,409,117,149,493,402,0.36172130,large,1,SEGREV1_0129,20260922,PASS_SOURCE_IMAGE_UNSEEN
prd_3_1_v1,REVIEW_CANDIDATE,DeepFashion2,../fashion_data/raw/train/train/image/009335.jpg,009335.jpg,item2_skirt,skirt,skirt,9,,../fashion_data/raw/train/train/annos/009335.json,790,1200,270,556,583,1008,0.14923629,large,1,SEGREV1_0130,20260922,PASS_SOURCE_IMAGE_UNSEEN
prd_3_1_v1,REVIEW_CANDIDATE,DeepFashion2,../fashion_data/raw/train/train/image/013091.jpg,013091.jpg,item1_skirt,skirt,skirt,9,,../fashion_data/raw/train/train/annos/013091.json,468,624,1,68,464,491,0.67064226,large,1,SEGREV1_0131,20260922,PASS_SOURCE_IMAGE_UNSEEN
prd_3_1_v1,REVIEW_CANDIDATE,DeepFashion2,../fashion_data/raw/train/train/image/015204.jpg,015204.jpg,item2_skirt,skirt,skirt,9,,../fashion_data/raw/train/train/annos/015204.json,640,960,100,630,484,959,0.20562500,large,1,SEGREV1_0132,20260922,PASS_SOURCE_IMAGE_UNSEEN
prd_3_1_v1,REVIEW_CANDIDATE,DeepFashion2,../fashion_data/raw/train/train/image/027541.jpg,027541.jpg,item2_skirt,skirt,skirt,9,,../fashion_data/raw/train/train/annos/027541.json,750,1125,223,473,541,987,0.19372089,large,1,SEGREV1_0133,20260922,PASS_SOURCE_IMAGE_UNSEEN
prd_3_1_v1,REVIEW_CANDIDATE,DeepFashion2,../fashion_data/raw/train/train/image/032815.jpg,032815.jpg,item2_skirt,skirt,skirt,9,,../fashion_data/raw/train/train/annos/032815.json,468,625,177,176,308,320,0.06449231,medium,1,SEGREV1_0134,20260922,PASS_SOURCE_IMAGE_UNSEEN
prd_3_1_v1,REVIEW_CANDIDATE,DeepFashion2,../fashion_data/raw/train/train/image/035633.jpg,035633.jpg,item1_skirt,skirt,skirt,9,,../fashion_data/raw/train/train/annos/035633.json,468,351,0,10,467,327,0.90120413,large,1,SEGREV1_0135,20260922,PASS_SOURCE_IMAGE_UNSEEN
prd_3_1_v1,REVIEW_CANDIDATE,DeepFashion2,../fashion_data/raw/train/train/image/040779.jpg,040779.jpg,item1_skirt,skirt,skirt,9,,../fashion_data/raw/train/train/annos/040779.json,468,826,77,211,466,784,0.57660489,large,1,SEGREV1_0136,20260922,PASS_SOURCE_IMAGE_UNSEEN
prd_3_1_v1,REVIEW_CANDIDATE,DeepFashion2,../fashion_data/raw/train/train/image/040867.jpg,040867.jpg,item1_skirt,skirt,skirt,9,,../fashion_data/raw/train/train/annos/040867.json,750,921,63,400,389,920,0.24541440,large,1,SEGREV1_0137,20260922,PASS_SOURCE_IMAGE_UNSEEN
prd_3_1_v1,REVIEW_CANDIDATE,DeepFashion2,../fashion_data/raw/train/train/image/045582.jpg,045582.jpg,item2_skirt,skirt,skirt,9,,../fashion_data/raw/train/train/annos/045582.json,660,988,254,505,419,664,0.04023279,medium,1,SEGREV1_0138,20260922,PASS_SOURCE_IMAGE_UNSEEN
prd_3_1_v1,REVIEW_CANDIDATE,DeepFashion2,../fashion_data/raw/train/train/image/049598.jpg,049598.jpg,item2_skirt,skirt,skirt,9,,../fashion_data/raw/train/train/annos/049598.json,880,1175,306,766,570,1137,0.09472340,medium,1,SEGREV1_0139,20260922,PASS_SOURCE_IMAGE_UNSEEN
prd_3_1_v1,REVIEW_CANDIDATE,DeepFashion2,../fashion_data/raw/train/train/image/050731.jpg,050731.jpg,item2_skirt,skirt,skirt,9,,../fashion_data/raw/train/train/annos/050731.json,819,517,90,243,247,406,0.06043838,medium,1,SEGREV1_0140,20260922,PASS_SOURCE_IMAGE_UNSEEN
prd_3_1_v1,REVIEW_CANDIDATE,DeepFashion2,../fashion_data/raw/train/train/image/051820.jpg,051820.jpg,item2_skirt,skirt,skirt,9,,../fashion_data/raw/train/train/annos/051820.json,787,589,368,382,574,588,0.09154706,medium,1,SEGREV1_0141,20260922,PASS_SOURCE_IMAGE_UNSEEN
prd_3_1_v1,REVIEW_CANDIDATE,DeepFashion2,../fashion_data/raw/train/train/image/053870.jpg,053870.jpg,item2_skirt,skirt,skirt,9,,../fashion_data/raw/train/train/annos/053870.json,880,1320,67,791,373,1087,0.07797521,medium,1,SEGREV1_0142,20260922,PASS_SOURCE_IMAGE_UNSEEN
prd_3_1_v1,REVIEW_CANDIDATE,DeepFashion2,../fashion_data/raw/train/train/image/054253.jpg,054253.jpg,item2_skirt,skirt,skirt,9,,../fashion_data/raw/train/train/annos/054253.json,643,960,97,512,456,910,0.23147032,large,1,SEGREV1_0143,20260922,PASS_SOURCE_IMAGE_UNSEEN
prd_3_1_v1,REVIEW_CANDIDATE,DeepFashion2,../fashion_data/raw/train/train/image/054835.jpg,054835.jpg,item2_skirt,skirt,skirt,9,,../fashion_data/raw/train/train/annos/054835.json,468,582,25,344,375,581,0.30454225,large,1,SEGREV1_0144,20260922,PASS_SOURCE_IMAGE_UNSEEN
prd_3_1_v1,REVIEW_CANDIDATE,DeepFashion2,../fashion_data/raw/train/train/image/063628.jpg,063628.jpg,item2_skirt,skirt,skirt,9,,../fashion_data/raw/train/train/annos/063628.json,671,571,75,200,467,570,0.37855515,large,1,SEGREV1_0145,20260922,PASS_SOURCE_IMAGE_UNSEEN
prd_3_1_v1,REVIEW_CANDIDATE,DeepFashion2,../fashion_data/raw/train/train/image/064509.jpg,064509.jpg,item1_skirt,skirt,skirt,9,,../fashion_data/raw/train/train/annos/064509.json,750,559,329,304,548,531,0.11857603,large,1,SEGREV1_0146,20260922,PASS_SOURCE_IMAGE_UNSEEN
prd_3_1_v1,REVIEW_CANDIDATE,DeepFashion2,../fashion_data/raw/train/train/image/065619.jpg,065619.jpg,item2_skirt,skirt,skirt,9,,../fashion_data/raw/train/train/annos/065619.json,880,587,183,305,418,572,0.12146701,large,1,SEGREV1_0147,20260922,PASS_SOURCE_IMAGE_UNSEEN
prd_3_1_v1,REVIEW_CANDIDATE,DeepFashion2,../fashion_data/raw/train/train/image/070364.jpg,070364.jpg,item2_skirt,skirt,skirt,9,,../fashion_data/raw/train/train/annos/070364.json,468,624,167,190,325,315,0.06762957,medium,1,SEGREV1_0148,20260922,PASS_SOURCE_IMAGE_UNSEEN
prd_3_1_v1,REVIEW_CANDIDATE,DeepFashion2,../fashion_data/raw/train/train/image/071265.jpg,071265.jpg,item2_skirt,skirt,skirt,9,,../fashion_data/raw/train/train/annos/071265.json,468,625,116,208,263,471,0.13217436,large,1,SEGREV1_0149,20260922,PASS_SOURCE_IMAGE_UNSEEN
prd_3_1_v1,REVIEW_CANDIDATE,DeepFashion2,../fashion_data/raw/train/train/image/071487.jpg,071487.jpg,item2_skirt,skirt,skirt,9,,../fashion_data/raw/train/train/annos/071487.json,880,1320,415,728,619,965,0.04162190,medium,1,SEGREV1_0150,20260922,PASS_SOURCE_IMAGE_UNSEEN
prd_3_1_v1,REVIEW_CANDIDATE,DeepFashion2,../fashion_data/raw/train/train/image/072654.jpg,072654.jpg,item2_skirt,skirt,skirt,9,,../fashion_data/raw/train/train/annos/072654.json,750,500,378,244,540,453,0.09028800,medium,1,SEGREV1_0151,20260922,PASS_SOURCE_IMAGE_UNSEEN
prd_3_1_v1,REVIEW_CANDIDATE,DeepFashion2,../fashion_data/raw/train/train/image/073547.jpg,073547.jpg,item2_skirt,skirt,skirt,9,,../fashion_data/raw/train/train/annos/073547.json,382,640,162,343,284,555,0.10579188,large,1,SEGREV1_0152,20260922,PASS_SOURCE_IMAGE_UNSEEN
prd_3_1_v1,REVIEW_CANDIDATE,DeepFashion2,../fashion_data/raw/train/train/image/076046.jpg,076046.jpg,item2_skirt,skirt,skirt,9,,../fashion_data/raw/train/train/annos/076046.json,800,917,117,420,571,851,0.26673119,large,1,SEGREV1_0153,20260922,PASS_SOURCE_IMAGE_UNSEEN
prd_3_1_v1,REVIEW_CANDIDATE,DeepFashion2,../fashion_data/raw/train/train/image/081142.jpg,081142.jpg,item1_skirt,skirt,skirt,9,,../fashion_data/raw/train/train/annos/081142.json,339,400,98,94,224,199,0.09756637,medium,1,SEGREV1_0154,20260922,PASS_SOURCE_IMAGE_UNSEEN
prd_3_1_v1,REVIEW_CANDIDATE,DeepFashion2,../fashion_data/raw/train/train/image/081539.jpg,081539.jpg,item2_skirt,skirt,skirt,9,,../fashion_data/raw/train/train/annos/081539.json,750,1125,281,638,550,1006,0.11732385,large,1,SEGREV1_0155,20260922,PASS_SOURCE_IMAGE_UNSEEN
prd_3_1_v1,REVIEW_CANDIDATE,DeepFashion2,../fashion_data/raw/train/train/image/085500.jpg,085500.jpg,item2_skirt,skirt,skirt,9,,../fashion_data/raw/train/train/annos/085500.json,852,1136,289,627,637,891,0.09492164,medium,1,SEGREV1_0156,20260922,PASS_SOURCE_IMAGE_UNSEEN
prd_3_1_v1,REVIEW_CANDIDATE,DeepFashion2,../fashion_data/raw/train/train/image/085525.jpg,085525.jpg,item2_skirt,skirt,skirt,9,,../fashion_data/raw/train/train/annos/085525.json,640,906,27,534,426,905,0.25529284,large,1,SEGREV1_0157,20260922,PASS_SOURCE_IMAGE_UNSEEN
prd_3_1_v1,REVIEW_CANDIDATE,DeepFashion2,../fashion_data/raw/train/train/image/087158.jpg,087158.jpg,item2_skirt,skirt,skirt,9,,../fashion_data/raw/train/train/annos/087158.json,640,960,145,573,430,929,0.16513672,large,1,SEGREV1_0158,20260922,PASS_SOURCE_IMAGE_UNSEEN
prd_3_1_v1,REVIEW_CANDIDATE,DeepFashion2,../fashion_data/raw/train/train/image/089181.jpg,089181.jpg,item2_skirt,skirt,skirt,9,,../fashion_data/raw/train/train/annos/089181.json,880,587,327,77,535,402,0.13086573,large,1,SEGREV1_0159,20260922,PASS_SOURCE_IMAGE_UNSEEN
prd_3_1_v1,REVIEW_CANDIDATE,DeepFashion2,../fashion_data/raw/train/train/image/096009.jpg,096009.jpg,item2_skirt,skirt,skirt,9,,../fashion_data/raw/train/train/annos/096009.json,468,624,2,263,466,623,0.57199211,large,1,SEGREV1_0160,20260922,PASS_SOURCE_IMAGE_UNSEEN
prd_3_1_v1,REVIEW_CANDIDATE,DeepFashion2,../fashion_data/raw/train/train/image/111326.jpg,111326.jpg,item2_skirt,skirt,skirt,9,,../fashion_data/raw/train/train/annos/111326.json,800,800,324,462,594,799,0.14217188,large,1,SEGREV1_0161,20260922,PASS_SOURCE_IMAGE_UNSEEN
prd_3_1_v1,REVIEW_CANDIDATE,DeepFashion2,../fashion_data/raw/train/train/image/112837.jpg,112837.jpg,item1_skirt,skirt,skirt,9,,../fashion_data/raw/train/train/annos/112837.json,469,468,0,0,468,440,0.93816631,large,1,SEGREV1_0162,20260922,PASS_SOURCE_IMAGE_UNSEEN
prd_3_1_v1,REVIEW_CANDIDATE,DeepFashion2,../fashion_data/raw/train/train/image/130677.jpg,130677.jpg,item2_skirt,skirt,skirt,9,,../fashion_data/raw/train/train/annos/130677.json,720,529,334,337,453,509,0.05373871,medium,1,SEGREV1_0163,20260922,PASS_SOURCE_IMAGE_UNSEEN
prd_3_1_v1,REVIEW_CANDIDATE,DeepFashion2,../fashion_data/raw/train/train/image/134739.jpg,134739.jpg,item2_skirt,skirt,skirt,9,,../fashion_data/raw/train/train/annos/134739.json,640,960,238,486,590,904,0.23947917,large,1,SEGREV1_0164,20260922,PASS_SOURCE_IMAGE_UNSEEN
prd_3_1_v1,REVIEW_CANDIDATE,DeepFashion2,../fashion_data/raw/train/train/image/139517.jpg,139517.jpg,item2_skirt,skirt,skirt,9,,../fashion_data/raw/train/train/annos/139517.json,468,625,34,245,364,577,0.37456410,large,1,SEGREV1_0165,20260922,PASS_SOURCE_IMAGE_UNSEEN
prd_3_1_v1,REVIEW_CANDIDATE,DeepFashion2,../fashion_data/raw/train/train/image/140064.jpg,140064.jpg,item2_skirt,skirt,skirt,9,,../fashion_data/raw/train/train/annos/140064.json,640,640,226,358,491,603,0.15850830,large,1,SEGREV1_0166,20260922,PASS_SOURCE_IMAGE_UNSEEN
prd_3_1_v1,REVIEW_CANDIDATE,DeepFashion2,../fashion_data/raw/train/train/image/144236.jpg,144236.jpg,item2_skirt,skirt,skirt,9,,../fashion_data/raw/train/train/annos/144236.json,640,960,89,387,424,929,0.29552409,large,1,SEGREV1_0167,20260922,PASS_SOURCE_IMAGE_UNSEEN
prd_3_1_v1,REVIEW_CANDIDATE,DeepFashion2,../fashion_data/raw/train/train/image/153288.jpg,153288.jpg,item2_skirt,skirt,skirt,9,,../fashion_data/raw/train/train/annos/153288.json,800,1200,171,776,468,1106,0.10209375,large,1,SEGREV1_0168,20260922,PASS_SOURCE_IMAGE_UNSEEN
prd_3_1_v1,REVIEW_CANDIDATE,DeepFashion2,../fashion_data/raw/train/train/image/153882.jpg,153882.jpg,item2_skirt,skirt,skirt,9,,../fashion_data/raw/train/train/annos/153882.json,751,550,310,306,451,461,0.05291127,medium,1,SEGREV1_0169,20260922,PASS_SOURCE_IMAGE_UNSEEN
prd_3_1_v1,REVIEW_CANDIDATE,DeepFashion2,../fashion_data/raw/train/train/image/158867.jpg,158867.jpg,item2_skirt,skirt,skirt,9,,../fashion_data/raw/train/train/annos/158867.json,640,960,261,583,561,894,0.15185547,large,1,SEGREV1_0170,20260922,PASS_SOURCE_IMAGE_UNSEEN
prd_3_1_v1,REVIEW_CANDIDATE,DeepFashion2,../fashion_data/raw/train/train/image/160393.jpg,160393.jpg,item1_skirt,skirt,skirt,9,,../fashion_data/raw/train/train/annos/160393.json,468,624,0,51,467,598,0.87472948,large,1,SEGREV1_0171,20260922,PASS_SOURCE_IMAGE_UNSEEN
prd_3_1_v1,REVIEW_CANDIDATE,DeepFashion2,../fashion_data/raw/train/train/image/161575.jpg,161575.jpg,item2_skirt,skirt,skirt,9,,../fashion_data/raw/train/train/annos/161575.json,640,980,221,415,433,585,0.05746173,medium,1,SEGREV1_0172,20260922,PASS_SOURCE_IMAGE_UNSEEN
prd_3_1_v1,REVIEW_CANDIDATE,DeepFashion2,../fashion_data/raw/train/train/image/163646.jpg,163646.jpg,item2_skirt,skirt,skirt,9,,../fashion_data/raw/train/train/annos/163646.json,652,634,223,298,590,609,0.27611475,large,1,SEGREV1_0173,20260922,PASS_SOURCE_IMAGE_UNSEEN
prd_3_1_v1,REVIEW_CANDIDATE,DeepFashion2,../fashion_data/raw/train/train/image/184962.jpg,184962.jpg,item2_skirt,skirt,skirt,9,,../fashion_data/raw/train/train/annos/184962.json,468,624,1,266,467,623,0.56967045,large,1,SEGREV1_0174,20260922,PASS_SOURCE_IMAGE_UNSEEN
prd_3_1_v1,REVIEW_CANDIDATE,DeepFashion2,../fashion_data/raw/train/train/image/185419.jpg,185419.jpg,item2_skirt,skirt,skirt,9,,../fashion_data/raw/train/train/annos/185419.json,339,622,24,238,229,461,0.21680467,large,1,SEGREV1_0175,20260922,PASS_SOURCE_IMAGE_UNSEEN
prd_3_1_v1,REVIEW_CANDIDATE,DeepFashion2,../fashion_data/raw/train/train/image/185953.jpg,185953.jpg,item1_skirt,skirt,skirt,9,,../fashion_data/raw/train/train/annos/185953.json,468,832,46,21,444,713,0.70732659,large,1,SEGREV1_0176,20260922,PASS_SOURCE_IMAGE_UNSEEN
prd_3_1_v1,REVIEW_CANDIDATE,DeepFashion2,../fashion_data/raw/train/train/image/188930.jpg,188930.jpg,item2_skirt,skirt,skirt,9,,../fashion_data/raw/train/train/annos/188930.json,468,702,108,429,376,658,0.18680449,large,1,SEGREV1_0177,20260922,PASS_SOURCE_IMAGE_UNSEEN
prd_3_1_v1,REVIEW_CANDIDATE,DeepFashion2,../fashion_data/raw/train/train/image/189189.jpg,189189.jpg,item2_skirt,skirt,skirt,9,,../fashion_data/raw/train/train/annos/189189.json,468,702,124,412,324,676,0.16071298,large,1,SEGREV1_0178,20260922,PASS_SOURCE_IMAGE_UNSEEN
prd_3_1_v1,REVIEW_CANDIDATE,DeepFashion2,../fashion_data/raw/train/train/image/189505.jpg,189505.jpg,item2_skirt,skirt,skirt,9,,../fashion_data/raw/train/train/annos/189505.json,468,624,2,185,456,539,0.55033695,large,1,SEGREV1_0179,20260922,PASS_SOURCE_IMAGE_UNSEEN
prd_3_1_v1,REVIEW_CANDIDATE,DeepFashion2,../fashion_data/raw/train/train/image/191644.jpg,191644.jpg,item1_skirt,skirt,skirt,9,,../fashion_data/raw/train/train/annos/191644.json,468,702,128,20,370,473,0.33368033,large,1,SEGREV1_0180,20260922,PASS_SOURCE_IMAGE_UNSEEN
prd_3_1_v1,REVIEW_CANDIDATE,DeepFashion2,../fashion_data/raw/train/train/image/003690.jpg,003690.jpg,item1_long_sleeve_outwear,outerwear,long_sleeve_outwear,4,,../fashion_data/raw/train/train/annos/003690.json,800,1200,195,411,731,814,0.22500833,large,1,SEGREV1_0181,20260922,PASS_SOURCE_IMAGE_UNSEEN
prd_3_1_v1,REVIEW_CANDIDATE,DeepFashion2,../fashion_data/raw/train/train/image/003692.jpg,003692.jpg,item1_long_sleeve_outwear,outerwear,long_sleeve_outwear,4,,../fashion_data/raw/train/train/annos/003692.json,468,702,58,167,423,553,0.42884189,large,1,SEGREV1_0182,20260922,PASS_SOURCE_IMAGE_UNSEEN
prd_3_1_v1,REVIEW_CANDIDATE,DeepFashion2,../fashion_data/raw/train/train/image/003940.jpg,003940.jpg,item2_long_sleeve_outwear,outerwear,long_sleeve_outwear,4,,../fashion_data/raw/train/train/annos/003940.json,468,833,15,131,452,600,0.52573081,large,1,SEGREV1_0183,20260922,PASS_SOURCE_IMAGE_UNSEEN
prd_3_1_v1,REVIEW_CANDIDATE,DeepFashion2,../fashion_data/raw/train/train/image/009674.jpg,009674.jpg,item1_short_sleeve_outwear,outerwear,short_sleeve_outwear,3,,../fashion_data/raw/train/train/annos/009674.json,468,625,0,2,466,624,0.99094701,large,1,SEGREV1_0184,20260922,PASS_SOURCE_IMAGE_UNSEEN
prd_3_1_v1,REVIEW_CANDIDATE,DeepFashion2,../fashion_data/raw/train/train/image/012402.jpg,012402.jpg,item1_long_sleeve_outwear,outerwear,long_sleeve_outwear,4,,../fashion_data/raw/train/train/annos/012402.json,468,484,77,3,421,479,0.72289327,large,1,SEGREV1_0185,20260922,PASS_SOURCE_IMAGE_UNSEEN
prd_3_1_v1,REVIEW_CANDIDATE,DeepFashion2,../fashion_data/raw/train/train/image/012413.jpg,012413.jpg,item1_long_sleeve_outwear,outerwear,long_sleeve_outwear,4,,../fashion_data/raw/train/train/annos/012413.json,468,702,112,267,427,591,0.31065089,large,1,SEGREV1_0186,20260922,PASS_SOURCE_IMAGE_UNSEEN
prd_3_1_v1,REVIEW_CANDIDATE,DeepFashion2,../fashion_data/raw/train/train/image/014824.jpg,014824.jpg,item1_short_sleeve_outwear,outerwear,short_sleeve_outwear,3,,../fashion_data/raw/train/train/annos/014824.json,640,960,172,150,428,403,0.10541667,large,1,SEGREV1_0187,20260922,PASS_SOURCE_IMAGE_UNSEEN
prd_3_1_v1,REVIEW_CANDIDATE,DeepFashion2,../fashion_data/raw/train/train/image/016961.jpg,016961.jpg,item1_short_sleeve_outwear,outerwear,short_sleeve_outwear,3,,../fashion_data/raw/train/train/annos/016961.json,640,960,164,255,576,931,0.45330729,large,1,SEGREV1_0188,20260922,PASS_SOURCE_IMAGE_UNSEEN
prd_3_1_v1,REVIEW_CANDIDATE,DeepFashion2,../fashion_data/raw/train/train/image/020445.jpg,020445.jpg,item1_long_sleeve_outwear,outerwear,long_sleeve_outwear,4,,../fashion_data/raw/train/train/annos/020445.json,640,960,188,222,536,915,0.39251953,large,1,SEGREV1_0189,20260922,PASS_SOURCE_IMAGE_UNSEEN
prd_3_1_v1,REVIEW_CANDIDATE,DeepFashion2,../fashion_data/raw/train/train/image/022121.jpg,022121.jpg,item1_long_sleeve_outwear,outerwear,long_sleeve_outwear,4,,../fashion_data/raw/train/train/annos/022121.json,640,960,83,230,534,846,0.45217448,large,1,SEGREV1_0190,20260922,PASS_SOURCE_IMAGE_UNSEEN
prd_3_1_v1,REVIEW_CANDIDATE,DeepFashion2,../fashion_data/raw/train/train/image/024141.jpg,024141.jpg,item1_long_sleeve_outwear,outerwear,long_sleeve_outwear,4,,../fashion_data/raw/train/train/annos/024141.json,293,520,0,27,292,478,0.86434760,large,1,SEGREV1_0191,20260922,PASS_SOURCE_IMAGE_UNSEEN
prd_3_1_v1,REVIEW_CANDIDATE,DeepFashion2,../fashion_data/raw/train/train/image/024246.jpg,024246.jpg,item1_short_sleeve_outwear,outerwear,short_sleeve_outwear,3,,../fashion_data/raw/train/train/annos/024246.json,468,624,0,60,467,603,0.86833292,large,1,SEGREV1_0192,20260922,PASS_SOURCE_IMAGE_UNSEEN
prd_3_1_v1,REVIEW_CANDIDATE,DeepFashion2,../fashion_data/raw/train/train/image/024253.jpg,024253.jpg,item1_short_sleeve_outwear,outerwear,short_sleeve_outwear,3,,../fashion_data/raw/train/train/annos/024253.json,468,624,0,41,457,623,0.91077005,large,1,SEGREV1_0193,20260922,PASS_SOURCE_IMAGE_UNSEEN
prd_3_1_v1,REVIEW_CANDIDATE,DeepFashion2,../fashion_data/raw/train/train/image/030009.jpg,030009.jpg,item1_long_sleeve_outwear,outerwear,long_sleeve_outwear,4,,../fashion_data/raw/train/train/annos/030009.json,468,702,14,110,437,682,0.73646724,large,1,SEGREV1_0194,20260922,PASS_SOURCE_IMAGE_UNSEEN
prd_3_1_v1,REVIEW_CANDIDATE,DeepFashion2,../fashion_data/raw/train/train/image/031616.jpg,031616.jpg,item1_long_sleeve_outwear,outerwear,long_sleeve_outwear,4,,../fashion_data/raw/train/train/annos/031616.json,468,702,15,40,450,540,0.66202791,large,1,SEGREV1_0195,20260922,PASS_SOURCE_IMAGE_UNSEEN
prd_3_1_v1,REVIEW_CANDIDATE,DeepFashion2,../fashion_data/raw/train/train/image/033671.jpg,033671.jpg,item1_long_sleeve_outwear,outerwear,long_sleeve_outwear,4,,../fashion_data/raw/train/train/annos/033671.json,468,702,86,286,385,701,0.37769072,large,1,SEGREV1_0196,20260922,PASS_SOURCE_IMAGE_UNSEEN
prd_3_1_v1,REVIEW_CANDIDATE,DeepFashion2,../fashion_data/raw/train/train/image/034082.jpg,034082.jpg,item3_short_sleeve_outwear,outerwear,short_sleeve_outwear,3,,../fashion_data/raw/train/train/annos/034082.json,748,502,86,180,249,361,0.07857074,medium,1,SEGREV1_0197,20260922,PASS_SOURCE_IMAGE_UNSEEN
prd_3_1_v1,REVIEW_CANDIDATE,DeepFashion2,../fashion_data/raw/train/train/image/041151.jpg,041151.jpg,item1_long_sleeve_outwear,outerwear,long_sleeve_outwear,4,,../fashion_data/raw/train/train/annos/041151.json,468,624,0,0,442,623,0.94293091,large,1,SEGREV1_0198,20260922,PASS_SOURCE_IMAGE_UNSEEN
prd_3_1_v1,REVIEW_CANDIDATE,DeepFashion2,../fashion_data/raw/train/train/image/041622.jpg,041622.jpg,item2_long_sleeve_outwear,outerwear,long_sleeve_outwear,4,,../fashion_data/raw/train/train/annos/041622.json,640,426,121,10,470,364,0.45314701,large,1,SEGREV1_0199,20260922,PASS_SOURCE_IMAGE_UNSEEN
prd_3_1_v1,REVIEW_CANDIDATE,DeepFashion2,../fashion_data/raw/train/train/image/042857.jpg,042857.jpg,item1_long_sleeve_outwear,outerwear,long_sleeve_outwear,4,,../fashion_data/raw/train/train/annos/042857.json,468,609,0,8,467,608,0.98311650,large,1,SEGREV1_0200,20260922,PASS_SOURCE_IMAGE_UNSEEN
prd_3_1_v1,REVIEW_CANDIDATE,DeepFashion2,../fashion_data/raw/train/train/image/043745.jpg,043745.jpg,item1_long_sleeve_outwear,outerwear,long_sleeve_outwear,4,,../fashion_data/raw/train/train/annos/043745.json,640,960,177,198,502,695,0.26289876,large,1,SEGREV1_0201,20260922,PASS_SOURCE_IMAGE_UNSEEN
prd_3_1_v1,REVIEW_CANDIDATE,DeepFashion2,../fashion_data/raw/train/train/image/046448.jpg,046448.jpg,item1_long_sleeve_outwear,outerwear,long_sleeve_outwear,4,,../fashion_data/raw/train/train/annos/046448.json,835,1252,153,312,460,733,0.12363165,large,1,SEGREV1_0202,20260922,PASS_SOURCE_IMAGE_UNSEEN
prd_3_1_v1,REVIEW_CANDIDATE,DeepFashion2,../fashion_data/raw/train/train/image/051920.jpg,051920.jpg,item1_long_sleeve_outwear,outerwear,long_sleeve_outwear,4,,../fashion_data/raw/train/train/annos/051920.json,640,600,97,63,394,454,0.30241406,large,1,SEGREV1_0203,20260922,PASS_SOURCE_IMAGE_UNSEEN
prd_3_1_v1,REVIEW_CANDIDATE,DeepFashion2,../fashion_data/raw/train/train/image/055013.jpg,055013.jpg,item1_long_sleeve_outwear,outerwear,long_sleeve_outwear,4,,../fashion_data/raw/train/train/annos/055013.json,640,960,224,400,370,547,0.03493164,medium,1,SEGREV1_0204,20260922,PASS_SOURCE_IMAGE_UNSEEN
prd_3_1_v1,REVIEW_CANDIDATE,DeepFashion2,../fashion_data/raw/train/train/image/070252.jpg,070252.jpg,item2_short_sleeve_outwear,outerwear,short_sleeve_outwear,3,,../fashion_data/raw/train/train/annos/070252.json,640,952,169,195,347,414,0.06398044,medium,1,SEGREV1_0205,20260922,PASS_SOURCE_IMAGE_UNSEEN
prd_3_1_v1,REVIEW_CANDIDATE,DeepFashion2,../fashion_data/raw/train/train/image/070253.jpg,070253.jpg,item2_short_sleeve_outwear,outerwear,short_sleeve_outwear,3,,../fashion_data/raw/train/train/annos/070253.json,640,987,68,198,283,478,0.09530142,medium,1,SEGREV1_0206,20260922,PASS_SOURCE_IMAGE_UNSEEN
prd_3_1_v1,REVIEW_CANDIDATE,DeepFashion2,../fashion_data/raw/train/train/image/073344.jpg,073344.jpg,item2_short_sleeve_outwear,outerwear,short_sleeve_outwear,3,,../fashion_data/raw/train/train/annos/073344.json,640,931,230,299,414,586,0.08862782,medium,1,SEGREV1_0207,20260922,PASS_SOURCE_IMAGE_UNSEEN
prd_3_1_v1,REVIEW_CANDIDATE,DeepFashion2,../fashion_data/raw/train/train/image/081541.jpg,081541.jpg,item2_short_sleeve_outwear,outerwear,short_sleeve_outwear,3,,../fashion_data/raw/train/train/annos/081541.json,750,1042,315,306,488,567,0.05777735,medium,1,SEGREV1_0208,20260922,PASS_SOURCE_IMAGE_UNSEEN
prd_3_1_v1,REVIEW_CANDIDATE,DeepFashion2,../fashion_data/raw/train/train/image/081558.jpg,081558.jpg,item1_short_sleeve_outwear,outerwear,short_sleeve_outwear,3,,../fashion_data/raw/train/train/annos/081558.json,750,1125,241,441,525,829,0.13059793,large,1,SEGREV1_0209,20260922,PASS_SOURCE_IMAGE_UNSEEN
prd_3_1_v1,REVIEW_CANDIDATE,DeepFashion2,../fashion_data/raw/train/train/image/081562.jpg,081562.jpg,item1_short_sleeve_outwear,outerwear,short_sleeve_outwear,3,,../fashion_data/raw/train/train/annos/081562.json,468,702,115,149,370,492,0.26622653,large,1,SEGREV1_0210,20260922,PASS_SOURCE_IMAGE_UNSEEN
prd_3_1_v1,REVIEW_CANDIDATE,DeepFashion2,../fashion_data/raw/train/train/image/084841.jpg,084841.jpg,item1_long_sleeve_outwear,outerwear,long_sleeve_outwear,4,,../fashion_data/raw/train/train/annos/084841.json,468,624,0,2,467,602,0.95948389,large,1,SEGREV1_0211,20260922,PASS_SOURCE_IMAGE_UNSEEN
prd_3_1_v1,REVIEW_CANDIDATE,DeepFashion2,../fashion_data/raw/train/train/image/093116.jpg,093116.jpg,item1_long_sleeve_outwear,outerwear,long_sleeve_outwear,4,,../fashion_data/raw/train/train/annos/093116.json,468,624,0,0,467,623,0.99626411,large,1,SEGREV1_0212,20260922,PASS_SOURCE_IMAGE_UNSEEN
prd_3_1_v1,REVIEW_CANDIDATE,DeepFashion2,../fashion_data/raw/train/train/image/093681.jpg,093681.jpg,item1_short_sleeve_outwear,outerwear,short_sleeve_outwear,3,,../fashion_data/raw/train/train/annos/093681.json,782,837,220,190,510,556,0.16216117,large,1,SEGREV1_0213,20260922,PASS_SOURCE_IMAGE_UNSEEN
prd_3_1_v1,REVIEW_CANDIDATE,DeepFashion2,../fashion_data/raw/train/train/image/100588.jpg,100588.jpg,item1_short_sleeve_outwear,outerwear,short_sleeve_outwear,3,,../fashion_data/raw/train/train/annos/100588.json,640,427,190,109,391,345,0.17358021,large,1,SEGREV1_0214,20260922,PASS_SOURCE_IMAGE_UNSEEN
prd_3_1_v1,REVIEW_CANDIDATE,DeepFashion2,../fashion_data/raw/train/train/image/101300.jpg,101300.jpg,item2_long_sleeve_outwear,outerwear,long_sleeve_outwear,4,,../fashion_data/raw/train/train/annos/101300.json,750,575,305,106,466,313,0.07728000,medium,1,SEGREV1_0215,20260922,PASS_SOURCE_IMAGE_UNSEEN
prd_3_1_v1,REVIEW_CANDIDATE,DeepFashion2,../fashion_data/raw/train/train/image/101608.jpg,101608.jpg,item1_short_sleeve_outwear,outerwear,short_sleeve_outwear,3,,../fashion_data/raw/train/train/annos/101608.json,469,513,96,195,323,512,0.29908519,large,1,SEGREV1_0216,20260922,PASS_SOURCE_IMAGE_UNSEEN
prd_3_1_v1,REVIEW_CANDIDATE,DeepFashion2,../fashion_data/raw/train/train/image/106812.jpg,106812.jpg,item2_long_sleeve_outwear,outerwear,long_sleeve_outwear,4,,../fashion_data/raw/train/train/annos/106812.json,640,880,284,1,638,209,0.13073864,large,1,SEGREV1_0217,20260922,PASS_SOURCE_IMAGE_UNSEEN
prd_3_1_v1,REVIEW_CANDIDATE,DeepFashion2,../fashion_data/raw/train/train/image/108331.jpg,108331.jpg,item1_long_sleeve_outwear,outerwear,long_sleeve_outwear,4,,../fashion_data/raw/train/train/annos/108331.json,640,615,120,244,517,614,0.37319614,large,1,SEGREV1_0218,20260922,PASS_SOURCE_IMAGE_UNSEEN
prd_3_1_v1,REVIEW_CANDIDATE,DeepFashion2,../fashion_data/raw/train/train/image/116590.jpg,116590.jpg,item2_short_sleeve_outwear,outerwear,short_sleeve_outwear,3,,../fashion_data/raw/train/train/annos/116590.json,468,702,0,0,439,375,0.50108664,large,1,SEGREV1_0219,20260922,PASS_SOURCE_IMAGE_UNSEEN
prd_3_1_v1,REVIEW_CANDIDATE,DeepFashion2,../fashion_data/raw/train/train/image/118500.jpg,118500.jpg,item1_short_sleeve_outwear,outerwear,short_sleeve_outwear,3,,../fashion_data/raw/train/train/annos/118500.json,468,624,88,93,315,484,0.30392902,large,1,SEGREV1_0220,20260922,PASS_SOURCE_IMAGE_UNSEEN
prd_3_1_v1,REVIEW_CANDIDATE,DeepFashion2,../fashion_data/raw/train/train/image/121862.jpg,121862.jpg,item2_short_sleeve_outwear,outerwear,short_sleeve_outwear,3,,../fashion_data/raw/train/train/annos/121862.json,351,468,25,0,306,292,0.49950082,large,1,SEGREV1_0221,20260922,PASS_SOURCE_IMAGE_UNSEEN
prd_3_1_v1,REVIEW_CANDIDATE,DeepFashion2,../fashion_data/raw/train/train/image/131855.jpg,131855.jpg,item1_long_sleeve_outwear,outerwear,long_sleeve_outwear,4,,../fashion_data/raw/train/train/annos/131855.json,468,702,73,98,370,619,0.47098948,large,1,SEGREV1_0222,20260922,PASS_SOURCE_IMAGE_UNSEEN
prd_3_1_v1,REVIEW_CANDIDATE,DeepFashion2,../fashion_data/raw/train/train/image/135929.jpg,135929.jpg,item1_short_sleeve_outwear,outerwear,short_sleeve_outwear,3,,../fashion_data/raw/train/train/annos/135929.json,650,680,117,245,517,679,0.39276018,large,1,SEGREV1_0223,20260922,PASS_SOURCE_IMAGE_UNSEEN
prd_3_1_v1,REVIEW_CANDIDATE,DeepFashion2,../fashion_data/raw/train/train/image/145950.jpg,145950.jpg,item1_long_sleeve_outwear,outerwear,long_sleeve_outwear,4,,../fashion_data/raw/train/train/annos/145950.json,640,640,203,12,432,282,0.15095215,large,1,SEGREV1_0224,20260922,PASS_SOURCE_IMAGE_UNSEEN
prd_3_1_v1,REVIEW_CANDIDATE,DeepFashion2,../fashion_data/raw/train/train/image/147604.jpg,147604.jpg,item1_long_sleeve_outwear,outerwear,long_sleeve_outwear,4,,../fashion_data/raw/train/train/annos/147604.json,468,352,98,17,320,303,0.38541667,large,1,SEGREV1_0225,20260922,PASS_SOURCE_IMAGE_UNSEEN
prd_3_1_v1,REVIEW_CANDIDATE,DeepFashion2,../fashion_data/raw/train/train/image/149177.jpg,149177.jpg,item1_long_sleeve_outwear,outerwear,long_sleeve_outwear,4,,../fashion_data/raw/train/train/annos/149177.json,468,832,0,20,463,829,0.96196735,large,1,SEGREV1_0226,20260922,PASS_SOURCE_IMAGE_UNSEEN
prd_3_1_v1,REVIEW_CANDIDATE,DeepFashion2,../fashion_data/raw/train/train/image/151285.jpg,151285.jpg,item1_long_sleeve_outwear,outerwear,long_sleeve_outwear,4,,../fashion_data/raw/train/train/annos/151285.json,640,659,125,105,397,565,0.29666161,large,1,SEGREV1_0227,20260922,PASS_SOURCE_IMAGE_UNSEEN
prd_3_1_v1,REVIEW_CANDIDATE,DeepFashion2,../fashion_data/raw/train/train/image/151473.jpg,151473.jpg,item1_short_sleeve_outwear,outerwear,short_sleeve_outwear,3,,../fashion_data/raw/train/train/annos/151473.json,468,702,111,168,407,588,0.37840602,large,1,SEGREV1_0228,20260922,PASS_SOURCE_IMAGE_UNSEEN
prd_3_1_v1,REVIEW_CANDIDATE,DeepFashion2,../fashion_data/raw/train/train/image/151475.jpg,151475.jpg,item1_short_sleeve_outwear,outerwear,short_sleeve_outwear,3,,../fashion_data/raw/train/train/annos/151475.json,750,608,65,123,409,455,0.25045614,large,1,SEGREV1_0229,20260922,PASS_SOURCE_IMAGE_UNSEEN
prd_3_1_v1,REVIEW_CANDIDATE,DeepFashion2,../fashion_data/raw/train/train/image/151479.jpg,151479.jpg,item1_short_sleeve_outwear,outerwear,short_sleeve_outwear,3,,../fashion_data/raw/train/train/annos/151479.json,640,711,183,124,397,384,0.12227496,large,1,SEGREV1_0230,20260922,PASS_SOURCE_IMAGE_UNSEEN
prd_3_1_v1,REVIEW_CANDIDATE,DeepFashion2,../fashion_data/raw/train/train/image/157759.jpg,157759.jpg,item1_short_sleeve_outwear,outerwear,short_sleeve_outwear,3,,../fashion_data/raw/train/train/annos/157759.json,640,960,186,169,500,642,0.24173503,large,1,SEGREV1_0231,20260922,PASS_SOURCE_IMAGE_UNSEEN
prd_3_1_v1,REVIEW_CANDIDATE,DeepFashion2,../fashion_data/raw/train/train/image/159587.jpg,159587.jpg,item2_long_sleeve_outwear,outerwear,long_sleeve_outwear,4,,../fashion_data/raw/train/train/annos/159587.json,468,631,14,0,236,215,0.16162786,large,1,SEGREV1_0232,20260922,PASS_SOURCE_IMAGE_UNSEEN
prd_3_1_v1,REVIEW_CANDIDATE,DeepFashion2,../fashion_data/raw/train/train/image/161463.jpg,161463.jpg,item2_short_sleeve_outwear,outerwear,short_sleeve_outwear,3,,../fashion_data/raw/train/train/annos/161463.json,750,827,219,0,497,240,0.10756953,large,1,SEGREV1_0233,20260922,PASS_SOURCE_IMAGE_UNSEEN
prd_3_1_v1,REVIEW_CANDIDATE,DeepFashion2,../fashion_data/raw/train/train/image/162922.jpg,162922.jpg,item2_short_sleeve_outwear,outerwear,short_sleeve_outwear,3,,../fashion_data/raw/train/train/annos/162922.json,768,1058,254,154,585,620,0.18983095,large,1,SEGREV1_0234,20260922,PASS_SOURCE_IMAGE_UNSEEN
prd_3_1_v1,REVIEW_CANDIDATE,DeepFashion2,../fashion_data/raw/train/train/image/173909.jpg,173909.jpg,item1_short_sleeve_outwear,outerwear,short_sleeve_outwear,3,,../fashion_data/raw/train/train/annos/173909.json,468,625,106,55,387,559,0.48418462,large,1,SEGREV1_0235,20260922,PASS_SOURCE_IMAGE_UNSEEN
prd_3_1_v1,REVIEW_CANDIDATE,DeepFashion2,../fashion_data/raw/train/train/image/173912.jpg,173912.jpg,item1_short_sleeve_outwear,outerwear,short_sleeve_outwear,3,,../fashion_data/raw/train/train/annos/173912.json,468,624,97,0,467,623,0.78933131,large,1,SEGREV1_0236,20260922,PASS_SOURCE_IMAGE_UNSEEN
prd_3_1_v1,REVIEW_CANDIDATE,DeepFashion2,../fashion_data/raw/train/train/image/174295.jpg,174295.jpg,item1_short_sleeve_outwear,outerwear,short_sleeve_outwear,3,,../fashion_data/raw/train/train/annos/174295.json,468,624,1,99,403,623,0.72131821,large,1,SEGREV1_0237,20260922,PASS_SOURCE_IMAGE_UNSEEN
prd_3_1_v1,REVIEW_CANDIDATE,DeepFashion2,../fashion_data/raw/train/train/image/174299.jpg,174299.jpg,item1_short_sleeve_outwear,outerwear,short_sleeve_outwear,3,,../fashion_data/raw/train/train/annos/174299.json,640,688,193,277,483,661,0.25290698,large,1,SEGREV1_0238,20260922,PASS_SOURCE_IMAGE_UNSEEN
prd_3_1_v1,REVIEW_CANDIDATE,DeepFashion2,../fashion_data/raw/train/train/image/177667.jpg,177667.jpg,item2_long_sleeve_outwear,outerwear,long_sleeve_outwear,4,,../fashion_data/raw/train/train/annos/177667.json,640,960,16,224,565,772,0.48966797,large,1,SEGREV1_0239,20260922,PASS_SOURCE_IMAGE_UNSEEN
prd_3_1_v1,REVIEW_CANDIDATE,DeepFashion2,../fashion_data/raw/train/train/image/189170.jpg,189170.jpg,item1_short_sleeve_outwear,outerwear,short_sleeve_outwear,3,,../fashion_data/raw/train/train/annos/189170.json,750,1124,267,306,494,581,0.07405101,medium,1,SEGREV1_0240,20260922,PASS_SOURCE_IMAGE_UNSEEN
prd_3_1_v1,REVIEW_CANDIDATE,DeepFashion2,../fashion_data/raw/train/train/image/000998.jpg,000998.jpg,item1_short_sleeve_dress,dress,short_sleeve_dress,10,,../fashion_data/raw/train/train/annos/000998.json,640,460,220,111,410,420,0.19942255,large,1,SEGREV1_0241,20260922,PASS_SOURCE_IMAGE_UNSEEN
prd_3_1_v1,REVIEW_CANDIDATE,DeepFashion2,../fashion_data/raw/train/train/image/003120.jpg,003120.jpg,item1_long_sleeve_dress,dress,long_sleeve_dress,11,,../fashion_data/raw/train/train/annos/003120.json,640,960,0,92,634,905,0.83893555,large,1,SEGREV1_0242,20260922,PASS_SOURCE_IMAGE_UNSEEN
prd_3_1_v1,REVIEW_CANDIDATE,DeepFashion2,../fashion_data/raw/train/train/image/003208.jpg,003208.jpg,item2_long_sleeve_dress,dress,long_sleeve_dress,11,,../fashion_data/raw/train/train/annos/003208.json,640,904,4,86,533,729,0.58792001,large,1,SEGREV1_0243,20260922,PASS_SOURCE_IMAGE_UNSEEN
prd_3_1_v1,REVIEW_CANDIDATE,DeepFashion2,../fashion_data/raw/train/train/image/006237.jpg,006237.jpg,item1_vest_dress,dress,vest_dress,12,,../fashion_data/raw/train/train/annos/006237.json,750,1125,263,272,721,949,0.36748563,large,1,SEGREV1_0244,20260922,PASS_SOURCE_IMAGE_UNSEEN
prd_3_1_v1,REVIEW_CANDIDATE,DeepFashion2,../fashion_data/raw/train/train/image/008099.jpg,008099.jpg,item1_short_sleeve_dress,dress,short_sleeve_dress,10,,../fashion_data/raw/train/train/annos/008099.json,351,468,0,0,350,466,0.99288967,large,1,SEGREV1_0245,20260922,PASS_SOURCE_IMAGE_UNSEEN
prd_3_1_v1,REVIEW_CANDIDATE,DeepFashion2,../fashion_data/raw/train/train/image/011127.jpg,011127.jpg,item1_vest_dress,dress,vest_dress,12,,../fashion_data/raw/train/train/annos/011127.json,468,623,85,0,354,622,0.57386371,large,1,SEGREV1_0246,20260922,PASS_SOURCE_IMAGE_UNSEEN
prd_3_1_v1,REVIEW_CANDIDATE,DeepFashion2,../fashion_data/raw/train/train/image/011356.jpg,011356.jpg,item1_short_sleeve_dress,dress,short_sleeve_dress,10,,../fashion_data/raw/train/train/annos/011356.json,750,674,494,142,702,483,0.14031256,large,1,SEGREV1_0247,20260922,PASS_SOURCE_IMAGE_UNSEEN
prd_3_1_v1,REVIEW_CANDIDATE,DeepFashion2,../fashion_data/raw/train/train/image/013158.jpg,013158.jpg,item1_long_sleeve_dress,dress,long_sleeve_dress,11,,../fashion_data/raw/train/train/annos/013158.json,750,963,261,343,525,866,0.19116926,large,1,SEGREV1_0248,20260922,PASS_SOURCE_IMAGE_UNSEEN
prd_3_1_v1,REVIEW_CANDIDATE,DeepFashion2,../fashion_data/raw/train/train/image/013648.jpg,013648.jpg,item2_sling_dress,dress,sling_dress,13,,../fashion_data/raw/train/train/annos/013648.json,468,624,110,46,277,347,0.17212840,large,1,SEGREV1_0249,20260922,PASS_SOURCE_IMAGE_UNSEEN
prd_3_1_v1,REVIEW_CANDIDATE,DeepFashion2,../fashion_data/raw/train/train/image/014979.jpg,014979.jpg,item1_sling_dress,dress,sling_dress,13,,../fashion_data/raw/train/train/annos/014979.json,468,624,185,5,271,196,0.05624726,medium,1,SEGREV1_0250,20260922,PASS_SOURCE_IMAGE_UNSEEN
prd_3_1_v1,REVIEW_CANDIDATE,DeepFashion2,../fashion_data/raw/train/train/image/015951.jpg,015951.jpg,item1_long_sleeve_dress,dress,long_sleeve_dress,11,,../fashion_data/raw/train/train/annos/015951.json,468,831,0,111,458,735,0.73485760,large,1,SEGREV1_0251,20260922,PASS_SOURCE_IMAGE_UNSEEN
prd_3_1_v1,REVIEW_CANDIDATE,DeepFashion2,../fashion_data/raw/train/train/image/018537.jpg,018537.jpg,item2_long_sleeve_dress,dress,long_sleeve_dress,11,,../fashion_data/raw/train/train/annos/018537.json,880,1320,297,465,673,907,0.14307163,large,1,SEGREV1_0252,20260922,PASS_SOURCE_IMAGE_UNSEEN
prd_3_1_v1,REVIEW_CANDIDATE,DeepFashion2,../fashion_data/raw/train/train/image/021094.jpg,021094.jpg,item2_vest_dress,dress,vest_dress,12,,../fashion_data/raw/train/train/annos/021094.json,468,624,0,55,47,623,0.09141464,medium,1,SEGREV1_0253,20260922,PASS_SOURCE_IMAGE_UNSEEN
prd_3_1_v1,REVIEW_CANDIDATE,DeepFashion2,../fashion_data/raw/train/train/image/022050.jpg,022050.jpg,item1_short_sleeve_dress,dress,short_sleeve_dress,10,,../fashion_data/raw/train/train/annos/022050.json,468,448,45,124,364,447,0.49143868,large,1,SEGREV1_0254,20260922,PASS_SOURCE_IMAGE_UNSEEN
prd_3_1_v1,REVIEW_CANDIDATE,DeepFashion2,../fashion_data/raw/train/train/image/028730.jpg,028730.jpg,item1_short_sleeve_dress,dress,short_sleeve_dress,10,,../fashion_data/raw/train/train/annos/028730.json,640,899,33,251,624,898,0.66458739,large,1,SEGREV1_0255,20260922,PASS_SOURCE_IMAGE_UNSEEN
prd_3_1_v1,REVIEW_CANDIDATE,DeepFashion2,../fashion_data/raw/train/train/image/042226.jpg,042226.jpg,item2_short_sleeve_dress,dress,short_sleeve_dress,10,,../fashion_data/raw/train/train/annos/042226.json,800,1200,255,284,648,950,0.27264375,large,1,SEGREV1_0256,20260922,PASS_SOURCE_IMAGE_UNSEEN
prd_3_1_v1,REVIEW_CANDIDATE,DeepFashion2,../fashion_data/raw/train/train/image/042823.jpg,042823.jpg,item1_short_sleeve_dress,dress,short_sleeve_dress,10,,../fashion_data/raw/train/train/annos/042823.json,880,1320,241,27,648,797,0.26979167,large,1,SEGREV1_0257,20260922,PASS_SOURCE_IMAGE_UNSEEN
prd_3_1_v1,REVIEW_CANDIDATE,DeepFashion2,../fashion_data/raw/train/train/image/045869.jpg,045869.jpg,item1_long_sleeve_dress,dress,long_sleeve_dress,11,,../fashion_data/raw/train/train/annos/045869.json,468,832,0,67,466,690,0.74559809,large,1,SEGREV1_0258,20260922,PASS_SOURCE_IMAGE_UNSEEN
prd_3_1_v1,REVIEW_CANDIDATE,DeepFashion2,../fashion_data/raw/train/train/image/050021.jpg,050021.jpg,item1_sling_dress,dress,sling_dress,13,,../fashion_data/raw/train/train/annos/050021.json,468,624,88,0,368,623,0.59733180,large,1,SEGREV1_0259,20260922,PASS_SOURCE_IMAGE_UNSEEN
prd_3_1_v1,REVIEW_CANDIDATE,DeepFashion2,../fashion_data/raw/train/train/image/056889.jpg,056889.jpg,item1_long_sleeve_dress,dress,long_sleeve_dress,11,,../fashion_data/raw/train/train/annos/056889.json,850,1275,121,317,725,1199,0.49155986,large,1,SEGREV1_0260,20260922,PASS_SOURCE_IMAGE_UNSEEN
prd_3_1_v1,REVIEW_CANDIDATE,DeepFashion2,../fashion_data/raw/train/train/image/056942.jpg,056942.jpg,item1_sling_dress,dress,sling_dress,13,,../fashion_data/raw/train/train/annos/056942.json,640,960,80,1,570,830,0.66114909,large,1,SEGREV1_0261,20260922,PASS_SOURCE_IMAGE_UNSEEN
prd_3_1_v1,REVIEW_CANDIDATE,DeepFashion2,../fashion_data/raw/train/train/image/059714.jpg,059714.jpg,item1_vest_dress,dress,vest_dress,12,,../fashion_data/raw/train/train/annos/059714.json,468,468,93,86,437,467,0.59840018,large,1,SEGREV1_0262,20260922,PASS_SOURCE_IMAGE_UNSEEN
prd_3_1_v1,REVIEW_CANDIDATE,DeepFashion2,../fashion_data/raw/train/train/image/062276.jpg,062276.jpg,item1_sling_dress,dress,sling_dress,13,,../fashion_data/raw/train/train/annos/062276.json,297,394,5,0,269,372,0.83925550,large,1,SEGREV1_0263,20260922,PASS_SOURCE_IMAGE_UNSEEN
prd_3_1_v1,REVIEW_CANDIDATE,DeepFashion2,../fashion_data/raw/train/train/image/062310.jpg,062310.jpg,item1_sling_dress,dress,sling_dress,13,,../fashion_data/raw/train/train/annos/062310.json,468,469,163,1,324,326,0.23839138,large,1,SEGREV1_0264,20260922,PASS_SOURCE_IMAGE_UNSEEN
prd_3_1_v1,REVIEW_CANDIDATE,DeepFashion2,../fashion_data/raw/train/train/image/064885.jpg,064885.jpg,item1_short_sleeve_dress,dress,short_sleeve_dress,10,,../fashion_data/raw/train/train/annos/064885.json,468,702,120,252,383,670,0.33461782,large,1,SEGREV1_0265,20260922,PASS_SOURCE_IMAGE_UNSEEN
prd_3_1_v1,REVIEW_CANDIDATE,DeepFashion2,../fashion_data/raw/train/train/image/069823.jpg,069823.jpg,item1_vest_dress,dress,vest_dress,12,,../fashion_data/raw/train/train/annos/069823.json,640,768,236,223,488,521,0.15278320,large,1,SEGREV1_0266,20260922,PASS_SOURCE_IMAGE_UNSEEN
prd_3_1_v1,REVIEW_CANDIDATE,DeepFashion2,../fashion_data/raw/train/train/image/072451.jpg,072451.jpg,item1_short_sleeve_dress,dress,short_sleeve_dress,10,,../fashion_data/raw/train/train/annos/072451.json,640,960,3,330,543,959,0.55283203,large,1,SEGREV1_0267,20260922,PASS_SOURCE_IMAGE_UNSEEN
prd_3_1_v1,REVIEW_CANDIDATE,DeepFashion2,../fashion_data/raw/train/train/image/074013.jpg,074013.jpg,item1_sling_dress,dress,sling_dress,13,,../fashion_data/raw/train/train/annos/074013.json,468,623,153,108,327,443,0.19992180,large,1,SEGREV1_0268,20260922,PASS_SOURCE_IMAGE_UNSEEN
prd_3_1_v1,REVIEW_CANDIDATE,DeepFashion2,../fashion_data/raw/train/train/image/078302.jpg,078302.jpg,item1_vest_dress,dress,vest_dress,12,,../fashion_data/raw/train/train/annos/078302.json,468,702,29,174,390,669,0.54391300,large,1,SEGREV1_0269,20260922,PASS_SOURCE_IMAGE_UNSEEN
prd_3_1_v1,REVIEW_CANDIDATE,DeepFashion2,../fashion_data/raw/train/train/image/078860.jpg,078860.jpg,item1_vest_dress,dress,vest_dress,12,,../fashion_data/raw/train/train/annos/078860.json,750,1171,191,226,542,677,0.18024594,large,1,SEGREV1_0270,20260922,PASS_SOURCE_IMAGE_UNSEEN
prd_3_1_v1,REVIEW_CANDIDATE,DeepFashion2,../fashion_data/raw/train/train/image/083121.jpg,083121.jpg,item1_long_sleeve_dress,dress,long_sleeve_dress,11,,../fashion_data/raw/train/train/annos/083121.json,468,702,105,0,415,548,0.51708184,large,1,SEGREV1_0271,20260922,PASS_SOURCE_IMAGE_UNSEEN
prd_3_1_v1,REVIEW_CANDIDATE,DeepFashion2,../fashion_data/raw/train/train/image/084118.jpg,084118.jpg,item1_vest_dress,dress,vest_dress,12,,../fashion_data/raw/train/train/annos/084118.json,640,960,213,185,396,611,0.12688477,large,1,SEGREV1_0272,20260922,PASS_SOURCE_IMAGE_UNSEEN
prd_3_1_v1,REVIEW_CANDIDATE,DeepFashion2,../fashion_data/raw/train/train/image/090041.jpg,090041.jpg,item1_vest_dress,dress,vest_dress,12,,../fashion_data/raw/train/train/annos/090041.json,700,700,243,14,480,557,0.26263469,large,1,SEGREV1_0273,20260922,PASS_SOURCE_IMAGE_UNSEEN
prd_3_1_v1,REVIEW_CANDIDATE,DeepFashion2,../fashion_data/raw/train/train/image/090255.jpg,090255.jpg,item1_long_sleeve_dress,dress,long_sleeve_dress,11,,../fashion_data/raw/train/train/annos/090255.json,750,853,327,376,516,805,0.12673857,large,1,SEGREV1_0274,20260922,PASS_SOURCE_IMAGE_UNSEEN
prd_3_1_v1,REVIEW_CANDIDATE,DeepFashion2,../fashion_data/raw/train/train/image/091815.jpg,091815.jpg,item1_long_sleeve_dress,dress,long_sleeve_dress,11,,../fashion_data/raw/train/train/annos/091815.json,468,624,55,0,344,409,0.40475359,large,1,SEGREV1_0275,20260922,PASS_SOURCE_IMAGE_UNSEEN
prd_3_1_v1,REVIEW_CANDIDATE,DeepFashion2,../fashion_data/raw/train/train/image/095389.jpg,095389.jpg,item1_sling_dress,dress,sling_dress,13,,../fashion_data/raw/train/train/annos/095389.json,640,960,209,172,438,881,0.26425944,large,1,SEGREV1_0276,20260922,PASS_SOURCE_IMAGE_UNSEEN
prd_3_1_v1,REVIEW_CANDIDATE,DeepFashion2,../fashion_data/raw/train/train/image/103135.jpg,103135.jpg,item1_long_sleeve_dress,dress,long_sleeve_dress,11,,../fashion_data/raw/train/train/annos/103135.json,640,960,199,304,534,933,0.34296061,large,1,SEGREV1_0277,20260922,PASS_SOURCE_IMAGE_UNSEEN
prd_3_1_v1,REVIEW_CANDIDATE,DeepFashion2,../fashion_data/raw/train/train/image/104890.jpg,104890.jpg,item1_long_sleeve_dress,dress,long_sleeve_dress,11,,../fashion_data/raw/train/train/annos/104890.json,880,582,427,200,682,581,0.18969658,large,1,SEGREV1_0278,20260922,PASS_SOURCE_IMAGE_UNSEEN
prd_3_1_v1,REVIEW_CANDIDATE,DeepFashion2,../fashion_data/raw/train/train/image/107193.jpg,107193.jpg,item1_sling_dress,dress,sling_dress,13,,../fashion_data/raw/train/train/annos/107193.json,468,702,42,83,405,690,0.67067536,large,1,SEGREV1_0279,20260922,PASS_SOURCE_IMAGE_UNSEEN
prd_3_1_v1,REVIEW_CANDIDATE,DeepFashion2,../fashion_data/raw/train/train/image/109271.jpg,109271.jpg,item2_sling_dress,dress,sling_dress,13,,../fashion_data/raw/train/train/annos/109271.json,468,826,197,157,433,741,0.35653236,large,1,SEGREV1_0280,20260922,PASS_SOURCE_IMAGE_UNSEEN
prd_3_1_v1,REVIEW_CANDIDATE,DeepFashion2,../fashion_data/raw/train/train/image/112659.jpg,112659.jpg,item1_long_sleeve_dress,dress,long_sleeve_dress,11,,../fashion_data/raw/train/train/annos/112659.json,880,1320,217,423,555,878,0.13239497,large,1,SEGREV1_0281,20260922,PASS_SOURCE_IMAGE_UNSEEN
prd_3_1_v1,REVIEW_CANDIDATE,DeepFashion2,../fashion_data/raw/train/train/image/115528.jpg,115528.jpg,item1_sling_dress,dress,sling_dress,13,,../fashion_data/raw/train/train/annos/115528.json,880,1000,226,218,534,879,0.23135000,large,1,SEGREV1_0282,20260922,PASS_SOURCE_IMAGE_UNSEEN
prd_3_1_v1,REVIEW_CANDIDATE,DeepFashion2,../fashion_data/raw/train/train/image/116746.jpg,116746.jpg,item1_vest_dress,dress,vest_dress,12,,../fashion_data/raw/train/train/annos/116746.json,373,400,111,226,287,399,0.20407507,large,1,SEGREV1_0283,20260922,PASS_SOURCE_IMAGE_UNSEEN
prd_3_1_v1,REVIEW_CANDIDATE,DeepFashion2,../fashion_data/raw/train/train/image/119610.jpg,119610.jpg,item1_vest_dress,dress,vest_dress,12,,../fashion_data/raw/train/train/annos/119610.json,880,587,400,266,626,586,0.14000310,large,1,SEGREV1_0284,20260922,PASS_SOURCE_IMAGE_UNSEEN
prd_3_1_v1,REVIEW_CANDIDATE,DeepFashion2,../fashion_data/raw/train/train/image/122781.jpg,122781.jpg,item1_sling_dress,dress,sling_dress,13,,../fashion_data/raw/train/train/annos/122781.json,650,1017,186,366,358,882,0.13425913,large,1,SEGREV1_0285,20260922,PASS_SOURCE_IMAGE_UNSEEN
prd_3_1_v1,REVIEW_CANDIDATE,DeepFashion2,../fashion_data/raw/train/train/image/136023.jpg,136023.jpg,item2_sling_dress,dress,sling_dress,13,,../fashion_data/raw/train/train/annos/136023.json,800,1200,90,308,675,1132,0.50212500,large,1,SEGREV1_0286,20260922,PASS_SOURCE_IMAGE_UNSEEN
prd_3_1_v1,REVIEW_CANDIDATE,DeepFashion2,../fashion_data/raw/train/train/image/136950.jpg,136950.jpg,item2_vest_dress,dress,vest_dress,12,,../fashion_data/raw/train/train/annos/136950.json,468,624,16,59,408,563,0.67652860,large,1,SEGREV1_0287,20260922,PASS_SOURCE_IMAGE_UNSEEN
prd_3_1_v1,REVIEW_CANDIDATE,DeepFashion2,../fashion_data/raw/train/train/image/138797.jpg,138797.jpg,item1_long_sleeve_dress,dress,long_sleeve_dress,11,,../fashion_data/raw/train/train/annos/138797.json,880,530,89,1,357,529,0.30339623,large,1,SEGREV1_0288,20260922,PASS_SOURCE_IMAGE_UNSEEN
prd_3_1_v1,REVIEW_CANDIDATE,DeepFashion2,../fashion_data/raw/train/train/image/140267.jpg,140267.jpg,item1_vest_dress,dress,vest_dress,12,,../fashion_data/raw/train/train/annos/140267.json,880,784,285,331,533,731,0.14378479,large,1,SEGREV1_0289,20260922,PASS_SOURCE_IMAGE_UNSEEN
prd_3_1_v1,REVIEW_CANDIDATE,DeepFashion2,../fashion_data/raw/train/train/image/146801.jpg,146801.jpg,item1_short_sleeve_dress,dress,short_sleeve_dress,10,,../fashion_data/raw/train/train/annos/146801.json,640,960,0,107,639,959,0.88611328,large,1,SEGREV1_0290,20260922,PASS_SOURCE_IMAGE_UNSEEN
prd_3_1_v1,REVIEW_CANDIDATE,DeepFashion2,../fashion_data/raw/train/train/image/146804.jpg,146804.jpg,item1_short_sleeve_dress,dress,short_sleeve_dress,10,,../fashion_data/raw/train/train/annos/146804.json,468,702,86,0,367,665,0.56878089,large,1,SEGREV1_0291,20260922,PASS_SOURCE_IMAGE_UNSEEN
prd_3_1_v1,REVIEW_CANDIDATE,DeepFashion2,../fashion_data/raw/train/train/image/153488.jpg,153488.jpg,item1_short_sleeve_dress,dress,short_sleeve_dress,10,,../fashion_data/raw/train/train/annos/153488.json,468,624,104,105,279,401,0.17737782,large,1,SEGREV1_0292,20260922,PASS_SOURCE_IMAGE_UNSEEN
prd_3_1_v1,REVIEW_CANDIDATE,DeepFashion2,../fashion_data/raw/train/train/image/154230.jpg,154230.jpg,item2_sling_dress,dress,sling_dress,13,,../fashion_data/raw/train/train/annos/154230.json,750,500,298,95,396,406,0.08127467,medium,1,SEGREV1_0293,20260922,PASS_SOURCE_IMAGE_UNSEEN
prd_3_1_v1,REVIEW_CANDIDATE,DeepFashion2,../fashion_data/raw/train/train/image/155772.jpg,155772.jpg,item1_short_sleeve_dress,dress,short_sleeve_dress,10,,../fashion_data/raw/train/train/annos/155772.json,640,960,80,13,516,609,0.42294271,large,1,SEGREV1_0294,20260922,PASS_SOURCE_IMAGE_UNSEEN
prd_3_1_v1,REVIEW_CANDIDATE,DeepFashion2,../fashion_data/raw/train/train/image/156336.jpg,156336.jpg,item2_vest_dress,dress,vest_dress,12,,../fashion_data/raw/train/train/annos/156336.json,640,960,203,198,434,621,0.15903809,large,1,SEGREV1_0295,20260922,PASS_SOURCE_IMAGE_UNSEEN
prd_3_1_v1,REVIEW_CANDIDATE,DeepFashion2,../fashion_data/raw/train/train/image/176860.jpg,176860.jpg,item1_sling_dress,dress,sling_dress,13,,../fashion_data/raw/train/train/annos/176860.json,880,1320,299,600,625,1151,0.15463671,large,1,SEGREV1_0296,20260922,PASS_SOURCE_IMAGE_UNSEEN
prd_3_1_v1,REVIEW_CANDIDATE,DeepFashion2,../fashion_data/raw/train/train/image/183906.jpg,183906.jpg,item1_short_sleeve_dress,dress,short_sleeve_dress,10,,../fashion_data/raw/train/train/annos/183906.json,750,1125,199,338,523,832,0.18969600,large,1,SEGREV1_0297,20260922,PASS_SOURCE_IMAGE_UNSEEN
prd_3_1_v1,REVIEW_CANDIDATE,DeepFashion2,../fashion_data/raw/train/train/image/184089.jpg,184089.jpg,item1_long_sleeve_dress,dress,long_sleeve_dress,11,,../fashion_data/raw/train/train/annos/184089.json,790,1191,253,190,653,670,0.20406211,large,1,SEGREV1_0298,20260922,PASS_SOURCE_IMAGE_UNSEEN
prd_3_1_v1,REVIEW_CANDIDATE,DeepFashion2,../fashion_data/raw/train/train/image/184981.jpg,184981.jpg,item3_short_sleeve_dress,dress,short_sleeve_dress,10,,../fashion_data/raw/train/train/annos/184981.json,468,624,0,189,227,618,0.33346688,large,1,SEGREV1_0299,20260922,PASS_SOURCE_IMAGE_UNSEEN
prd_3_1_v1,REVIEW_CANDIDATE,DeepFashion2,../fashion_data/raw/train/train/image/185778.jpg,185778.jpg,item1_vest_dress,dress,vest_dress,12,,../fashion_data/raw/train/train/annos/185778.json,640,960,0,352,505,958,0.49809570,large,1,SEGREV1_0300,20260922,PASS_SOURCE_IMAGE_UNSEEN
prd_3_1_v1,REVIEW_CANDIDATE,Fashionpedia,../fashion_data/raw/fashionpedia/images/test/030cfd158b49ff622c71bdf9aa30f39a.jpg,030cfd158b49ff622c71bdf9aa30f39a.jpg,fashionpedia_ann_3750,shoe,shoe,23,3750,../fashion_data/raw/fashionpedia/annotations/instances_attributes_val2020.json,682,1024,345.0000,796.0000,367.0000,884.0000,0.00277218,small,1,SEGREV1_0301,20260922,PASS_SOURCE_IMAGE_UNSEEN
prd_3_1_v1,REVIEW_CANDIDATE,Fashionpedia,../fashion_data/raw/fashionpedia/images/test/03fc99c4deaf14724ef6277dec16b8e8.jpg,03fc99c4deaf14724ef6277dec16b8e8.jpg,fashionpedia_ann_320,shoe,shoe,23,320,../fashion_data/raw/fashionpedia/annotations/instances_attributes_val2020.json,682,1024,254.0000,802.0000,303.0000,931.0000,0.00905110,small,1,SEGREV1_0302,20260922,PASS_SOURCE_IMAGE_UNSEEN
prd_3_1_v1,REVIEW_CANDIDATE,Fashionpedia,../fashion_data/raw/fashionpedia/images/test/045db5fc067cb10b5d705c2afefa5966.jpg,045db5fc067cb10b5d705c2afefa5966.jpg,fashionpedia_ann_8569,shoe,shoe,23,8569,../fashion_data/raw/fashionpedia/annotations/instances_attributes_val2020.json,768,1024,373.0000,966.0000,428.0000,1022.0000,0.00391642,small,1,SEGREV1_0303,20260922,PASS_SOURCE_IMAGE_UNSEEN
prd_3_1_v1,REVIEW_CANDIDATE,Fashionpedia,../fashion_data/raw/fashionpedia/images/test/0a4aae5ecd970a120bfcc6b377b6e187.jpg,0a4aae5ecd970a120bfcc6b377b6e187.jpg,fashionpedia_ann_8537,shoe,shoe,23,8537,../fashion_data/raw/fashionpedia/annotations/instances_attributes_val2020.json,1024,723,799.0000,631.0000,868.0000,720.0000,0.00829470,small,1,SEGREV1_0304,20260922,PASS_SOURCE_IMAGE_UNSEEN
prd_3_1_v1,REVIEW_CANDIDATE,Fashionpedia,../fashion_data/raw/fashionpedia/images/test/110884e327a094ad86358ece522dddff.jpg,110884e327a094ad86358ece522dddff.jpg,fashionpedia_ann_6449,shoe,shoe,23,6449,../fashion_data/raw/fashionpedia/annotations/instances_attributes_val2020.json,632,1024,247.0000,859.0000,291.0000,966.0000,0.00727477,small,1,SEGREV1_0305,20260922,PASS_SOURCE_IMAGE_UNSEEN
prd_3_1_v1,REVIEW_CANDIDATE,Fashionpedia,../fashion_data/raw/fashionpedia/images/test/13c2e7449a549d43161b95c9f1d68d40.jpg,13c2e7449a549d43161b95c9f1d68d40.jpg,fashionpedia_ann_8703,shoe,shoe,23,8703,../fashion_data/raw/fashionpedia/annotations/instances_attributes_val2020.json,682,1024,331.0000,894.0000,379.0000,979.0000,0.00584219,small,1,SEGREV1_0306,20260922,PASS_SOURCE_IMAGE_UNSEEN
prd_3_1_v1,REVIEW_CANDIDATE,Fashionpedia,../fashion_data/raw/fashionpedia/images/test/1e54ccbc575eac627de68b221913fc52.jpg,1e54ccbc575eac627de68b221913fc52.jpg,fashionpedia_ann_4500,shoe,shoe,23,4500,../fashion_data/raw/fashionpedia/annotations/instances_attributes_val2020.json,1024,1005,495.0000,817.0000,594.0000,927.0000,0.01058186,small,1,SEGREV1_0307,20260922,PASS_SOURCE_IMAGE_UNSEEN
prd_3_1_v1,REVIEW_CANDIDATE,Fashionpedia,../fashion_data/raw/fashionpedia/images/test/1f266a1dea53781e622b71a69496ee72.jpg,1f266a1dea53781e622b71a69496ee72.jpg,fashionpedia_ann_6569,shoe,shoe,23,6569,../fashion_data/raw/fashionpedia/annotations/instances_attributes_val2020.json,1024,682,498.0000,489.0000,518.0000,517.0000,0.00080187,small,1,SEGREV1_0308,20260922,PASS_SOURCE_IMAGE_UNSEEN
prd_3_1_v1,REVIEW_CANDIDATE,Fashionpedia,../fashion_data/raw/fashionpedia/images/test/240bd00f12d515296843b780abb6ffc7.jpg,240bd00f12d515296843b780abb6ffc7.jpg,fashionpedia_ann_1048,shoe,shoe,23,1048,../fashion_data/raw/fashionpedia/annotations/instances_attributes_val2020.json,682,1024,313.0000,859.0000,368.0000,947.0000,0.00693044,small,1,SEGREV1_0309,20260922,PASS_SOURCE_IMAGE_UNSEEN
prd_3_1_v1,REVIEW_CANDIDATE,Fashionpedia,../fashion_data/raw/fashionpedia/images/test/28772cc5485a105f5bf8bfafedfc66b6.jpg,28772cc5485a105f5bf8bfafedfc66b6.jpg,fashionpedia_ann_4416,shoe,shoe,23,4416,../fashion_data/raw/fashionpedia/annotations/instances_attributes_val2020.json,683,1024,266.0000,901.0000,323.0000,987.0000,0.00700894,small,1,SEGREV1_0310,20260922,PASS_SOURCE_IMAGE_UNSEEN
prd_3_1_v1,REVIEW_CANDIDATE,Fashionpedia,../fashion_data/raw/fashionpedia/images/test/33a3fc04da3b454d27f5fdc5e8bb0f53.jpg,33a3fc04da3b454d27f5fdc5e8bb0f53.jpg,fashionpedia_ann_5505,shoe,shoe,23,5505,../fashion_data/raw/fashionpedia/annotations/instances_attributes_val2020.json,1024,1024,468.0000,804.0000,566.0000,990.0000,0.01738358,small,1,SEGREV1_0311,20260922,PASS_SOURCE_IMAGE_UNSEEN
prd_3_1_v1,REVIEW_CANDIDATE,Fashionpedia,../fashion_data/raw/fashionpedia/images/test/38ce0a95a84489c35fc8f5e145205584.jpg,38ce0a95a84489c35fc8f5e145205584.jpg,fashionpedia_ann_2325,shoe,shoe,23,2325,../fashion_data/raw/fashionpedia/annotations/instances_attributes_val2020.json,682,1024,314.0000,1008.0000,367.0000,1023.0000,0.00113837,small,1,SEGREV1_0312,20260922,PASS_SOURCE_IMAGE_UNSEEN
prd_3_1_v1,REVIEW_CANDIDATE,Fashionpedia,../fashion_data/raw/fashionpedia/images/test/4326995f16fdd834b4d56c175fdb2f2d.jpg,4326995f16fdd834b4d56c175fdb2f2d.jpg,fashionpedia_ann_4809,shoe,shoe,23,4809,../fashion_data/raw/fashionpedia/annotations/instances_attributes_val2020.json,683,1024,240.0000,914.0000,308.0000,1007.0000,0.00904214,small,1,SEGREV1_0313,20260922,PASS_SOURCE_IMAGE_UNSEEN
prd_3_1_v1,REVIEW_CANDIDATE,Fashionpedia,../fashion_data/raw/fashionpedia/images/test/4872c05863d20208e9d4c59587261de2.jpg,4872c05863d20208e9d4c59587261de2.jpg,fashionpedia_ann_1201,shoe,shoe,23,1201,../fashion_data/raw/fashionpedia/annotations/instances_attributes_val2020.json,684,1024,280.0000,861.0000,314.0000,884.0000,0.00111648,small,1,SEGREV1_0314,20260922,PASS_SOURCE_IMAGE_UNSEEN
prd_3_1_v1,REVIEW_CANDIDATE,Fashionpedia,../fashion_data/raw/fashionpedia/images/test/4ba277c9a234db8eb76681da8ea065e4.jpg,4ba277c9a234db8eb76681da8ea065e4.jpg,fashionpedia_ann_8272,shoe,shoe,23,8272,../fashion_data/raw/fashionpedia/annotations/instances_attributes_val2020.json,682,1024,321.0000,800.0000,348.0000,852.0000,0.00201040,small,1,SEGREV1_0315,20260922,PASS_SOURCE_IMAGE_UNSEEN
prd_3_1_v1,REVIEW_CANDIDATE,Fashionpedia,../fashion_data/raw/fashionpedia/images/test/4d200cb316a6260257ce84b37e25161c.jpg,4d200cb316a6260257ce84b37e25161c.jpg,fashionpedia_ann_1218,shoe,shoe,23,1218,../fashion_data/raw/fashionpedia/annotations/instances_attributes_val2020.json,683,1024,333.0000,859.0000,388.0000,976.0000,0.00920085,small,1,SEGREV1_0316,20260922,PASS_SOURCE_IMAGE_UNSEEN
prd_3_1_v1,REVIEW_CANDIDATE,Fashionpedia,../fashion_data/raw/fashionpedia/images/test/4dfb4420e88d33d4d1fe455ad77d7901.jpg,4dfb4420e88d33d4d1fe455ad77d7901.jpg,fashionpedia_ann_692,shoe,shoe,23,692,../fashion_data/raw/fashionpedia/annotations/instances_attributes_val2020.json,682,1024,246.0000,733.0000,286.0000,793.0000,0.00343658,small,1,SEGREV1_0317,20260922,PASS_SOURCE_IMAGE_UNSEEN
prd_3_1_v1,REVIEW_CANDIDATE,Fashionpedia,../fashion_data/raw/fashionpedia/images/test/4e989be425f62825e162da25987cd683.jpg,4e989be425f62825e162da25987cd683.jpg,fashionpedia_ann_369,shoe,shoe,23,369,../fashion_data/raw/fashionpedia/annotations/instances_attributes_val2020.json,633,1024,249.0000,873.0000,297.0000,965.0000,0.00681280,small,1,SEGREV1_0318,20260922,PASS_SOURCE_IMAGE_UNSEEN
prd_3_1_v1,REVIEW_CANDIDATE,Fashionpedia,../fashion_data/raw/fashionpedia/images/test/500b11585be57e3a6392ccca2b946872.jpg,500b11585be57e3a6392ccca2b946872.jpg,fashionpedia_ann_260,shoe,shoe,23,260,../fashion_data/raw/fashionpedia/annotations/instances_attributes_val2020.json,683,1024,329.0000,809.0000,359.0000,922.0000,0.00484707,small,1,SEGREV1_0319,20260922,PASS_SOURCE_IMAGE_UNSEEN
prd_3_1_v1,REVIEW_CANDIDATE,Fashionpedia,../fashion_data/raw/fashionpedia/images/test/50ab7c8b2848817931e5879671e234ae.jpg,50ab7c8b2848817931e5879671e234ae.jpg,fashionpedia_ann_5236,shoe,shoe,23,5236,../fashion_data/raw/fashionpedia/annotations/instances_attributes_val2020.json,1024,683,415.0000,475.0000,487.0000,589.0000,0.01173591,small,1,SEGREV1_0320,20260922,PASS_SOURCE_IMAGE_UNSEEN
prd_3_1_v1,REVIEW_CANDIDATE,Fashionpedia,../fashion_data/raw/fashionpedia/images/test/50ebf72d1294ac64c8ff95ba81d05be7.jpg,50ebf72d1294ac64c8ff95ba81d05be7.jpg,fashionpedia_ann_4975,shoe,shoe,23,4975,../fashion_data/raw/fashionpedia/annotations/instances_attributes_val2020.json,1024,682,899.0000,460.0000,1023.0000,557.0000,0.01722301,small,1,SEGREV1_0321,20260922,PASS_SOURCE_IMAGE_UNSEEN
prd_3_1_v1,REVIEW_CANDIDATE,Fashionpedia,../fashion_data/raw/fashionpedia/images/test/657d7fe5de48897db7ceb4891853830e.jpg,657d7fe5de48897db7ceb4891853830e.jpg,fashionpedia_ann_659,shoe,shoe,23,659,../fashion_data/raw/fashionpedia/annotations/instances_attributes_val2020.json,680,1024,359.0000,883.0000,402.0000,955.0000,0.00444623,small,1,SEGREV1_0322,20260922,PASS_SOURCE_IMAGE_UNSEEN
prd_3_1_v1,REVIEW_CANDIDATE,Fashionpedia,../fashion_data/raw/fashionpedia/images/test/693a69866e6d91826d18808121f711f9.jpg,693a69866e6d91826d18808121f711f9.jpg,fashionpedia_ann_5601,shoe,shoe,23,5601,../fashion_data/raw/fashionpedia/annotations/instances_attributes_val2020.json,683,1024,299.0000,874.0000,356.0000,950.0000,0.00619395,small,1,SEGREV1_0323,20260922,PASS_SOURCE_IMAGE_UNSEEN
prd_3_1_v1,REVIEW_CANDIDATE,Fashionpedia,../fashion_data/raw/fashionpedia/images/test/6d734ccae856df8a0bf85bb3f658bbbb.jpg,6d734ccae856df8a0bf85bb3f658bbbb.jpg,fashionpedia_ann_324,shoe,shoe,23,324,../fashion_data/raw/fashionpedia/annotations/instances_attributes_val2020.json,545,1024,277.0000,866.0000,358.0000,1007.0000,0.02046481,medium,1,SEGREV1_0324,20260922,PASS_SOURCE_IMAGE_UNSEEN
prd_3_1_v1,REVIEW_CANDIDATE,Fashionpedia,../fashion_data/raw/fashionpedia/images/test/6f7e3162e9690967035c75bdbb9b0aea.jpg,6f7e3162e9690967035c75bdbb9b0aea.jpg,fashionpedia_ann_6959,shoe,shoe,23,6959,../fashion_data/raw/fashionpedia/annotations/instances_attributes_val2020.json,1024,683,251.0000,602.0000,342.0000,666.0000,0.00832723,small,1,SEGREV1_0325,20260922,PASS_SOURCE_IMAGE_UNSEEN
prd_3_1_v1,REVIEW_CANDIDATE,Fashionpedia,../fashion_data/raw/fashionpedia/images/test/708b614476f051e6a165f1f124a269a8.jpg,708b614476f051e6a165f1f124a269a8.jpg,fashionpedia_ann_685,shoe,shoe,23,685,../fashion_data/raw/fashionpedia/annotations/instances_attributes_val2020.json,682,1024,176.0000,853.0000,285.0000,937.0000,0.01311057,small,1,SEGREV1_0326,20260922,PASS_SOURCE_IMAGE_UNSEEN
prd_3_1_v1,REVIEW_CANDIDATE,Fashionpedia,../fashion_data/raw/fashionpedia/images/test/742ca0ded538281bfd2d1f3ea331773e.jpg,742ca0ded538281bfd2d1f3ea331773e.jpg,fashionpedia_ann_3949,shoe,shoe,23,3949,../fashion_data/raw/fashionpedia/annotations/instances_attributes_val2020.json,682,1024,247.0000,972.0000,315.0000,1023.0000,0.00496586,small,1,SEGREV1_0327,20260922,PASS_SOURCE_IMAGE_UNSEEN
prd_3_1_v1,REVIEW_CANDIDATE,Fashionpedia,../fashion_data/raw/fashionpedia/images/test/750ff1f0bb17bd102b4e68e96684a2ee.jpg,750ff1f0bb17bd102b4e68e96684a2ee.jpg,fashionpedia_ann_8652,shoe,shoe,23,8652,../fashion_data/raw/fashionpedia/annotations/instances_attributes_val2020.json,1024,682,338.0000,628.0000,386.0000,663.0000,0.00240561,small,1,SEGREV1_0328,20260922,PASS_SOURCE_IMAGE_UNSEEN
prd_3_1_v1,REVIEW_CANDIDATE,Fashionpedia,../fashion_data/raw/fashionpedia/images/test/78c76bd3d70e760b4b59fde91b1cc03f.jpg,78c76bd3d70e760b4b59fde91b1cc03f.jpg,fashionpedia_ann_7857,shoe,shoe,23,7857,../fashion_data/raw/fashionpedia/annotations/instances_attributes_val2020.json,1024,912,714.0000,846.0000,773.0000,911.0000,0.00410649,small,1,SEGREV1_0329,20260922,PASS_SOURCE_IMAGE_UNSEEN
prd_3_1_v1,REVIEW_CANDIDATE,Fashionpedia,../fashion_data/raw/fashionpedia/images/test/7d9a766f0de2a8aab3004ac1bee9768f.jpg,7d9a766f0de2a8aab3004ac1bee9768f.jpg,fashionpedia_ann_2618,shoe,shoe,23,2618,../fashion_data/raw/fashionpedia/annotations/instances_attributes_val2020.json,683,1024,470.0000,834.0000,541.0000,952.0000,0.01197898,small,1,SEGREV1_0330,20260922,PASS_SOURCE_IMAGE_UNSEEN
prd_3_1_v1,REVIEW_CANDIDATE,Fashionpedia,../fashion_data/raw/fashionpedia/images/test/8248793dfb50ff3c8209cd0e44ddf9bf.jpg,8248793dfb50ff3c8209cd0e44ddf9bf.jpg,fashionpedia_ann_7122,shoe,shoe,23,7122,../fashion_data/raw/fashionpedia/annotations/instances_attributes_val2020.json,682,1024,186.0000,948.0000,324.0000,1023.0000,0.01482027,small,1,SEGREV1_0331,20260922,PASS_SOURCE_IMAGE_UNSEEN
prd_3_1_v1,REVIEW_CANDIDATE,Fashionpedia,../fashion_data/raw/fashionpedia/images/test/856299572eafa93c80b15e6587779553.jpg,856299572eafa93c80b15e6587779553.jpg,fashionpedia_ann_3784,shoe,shoe,23,3784,../fashion_data/raw/fashionpedia/annotations/instances_attributes_val2020.json,682,1024,429.0000,991.0000,477.0000,1017.0000,0.00178702,small,1,SEGREV1_0332,20260922,PASS_SOURCE_IMAGE_UNSEEN
prd_3_1_v1,REVIEW_CANDIDATE,Fashionpedia,../fashion_data/raw/fashionpedia/images/test/8623733272199d95726231fd6dcdc7bf.jpg,8623733272199d95726231fd6dcdc7bf.jpg,fashionpedia_ann_7477,shoe,shoe,23,7477,../fashion_data/raw/fashionpedia/annotations/instances_attributes_val2020.json,712,1024,344.0000,841.0000,399.0000,940.0000,0.00746823,small,1,SEGREV1_0333,20260922,PASS_SOURCE_IMAGE_UNSEEN
prd_3_1_v1,REVIEW_CANDIDATE,Fashionpedia,../fashion_data/raw/fashionpedia/images/test/8be355cc27de8de90e70100fd6d9c242.jpg,8be355cc27de8de90e70100fd6d9c242.jpg,fashionpedia_ann_4558,shoe,shoe,23,4558,../fashion_data/raw/fashionpedia/annotations/instances_attributes_val2020.json,682,1024,312.0000,997.0000,351.0000,1023.0000,0.00145196,small,1,SEGREV1_0334,20260922,PASS_SOURCE_IMAGE_UNSEEN
prd_3_1_v1,REVIEW_CANDIDATE,Fashionpedia,../fashion_data/raw/fashionpedia/images/test/97d77f8581dbbd6534ffd92e382b0700.jpg,97d77f8581dbbd6534ffd92e382b0700.jpg,fashionpedia_ann_6366,shoe,shoe,23,6366,../fashion_data/raw/fashionpedia/annotations/instances_attributes_val2020.json,683,1024,396.0000,925.0000,480.0000,970.0000,0.00540469,small,1,SEGREV1_0335,20260922,PASS_SOURCE_IMAGE_UNSEEN
prd_3_1_v1,REVIEW_CANDIDATE,Fashionpedia,../fashion_data/raw/fashionpedia/images/test/a0157697c907f7fb762702ca3e9ab259.jpg,a0157697c907f7fb762702ca3e9ab259.jpg,fashionpedia_ann_4460,shoe,shoe,23,4460,../fashion_data/raw/fashionpedia/annotations/instances_attributes_val2020.json,632,1024,288.0000,858.0000,340.0000,944.0000,0.00691011,small,1,SEGREV1_0336,20260922,PASS_SOURCE_IMAGE_UNSEEN
prd_3_1_v1,REVIEW_CANDIDATE,Fashionpedia,../fashion_data/raw/fashionpedia/images/test/a2085bd21aaddd5c1f59d53fa670d8c6.jpg,a2085bd21aaddd5c1f59d53fa670d8c6.jpg,fashionpedia_ann_5528,shoe,shoe,23,5528,../fashion_data/raw/fashionpedia/annotations/instances_attributes_val2020.json,1024,683,479.0000,536.0000,512.0000,601.0000,0.00306695,small,1,SEGREV1_0337,20260922,PASS_SOURCE_IMAGE_UNSEEN
prd_3_1_v1,REVIEW_CANDIDATE,Fashionpedia,../fashion_data/raw/fashionpedia/images/test/a5faa285a9bdc4fd48c22381fd2d4108.jpg,a5faa285a9bdc4fd48c22381fd2d4108.jpg,fashionpedia_ann_4051,shoe,shoe,23,4051,../fashion_data/raw/fashionpedia/annotations/instances_attributes_val2020.json,683,1024,361.0000,898.0000,407.0000,978.0000,0.00526171,small,1,SEGREV1_0338,20260922,PASS_SOURCE_IMAGE_UNSEEN
prd_3_1_v1,REVIEW_CANDIDATE,Fashionpedia,../fashion_data/raw/fashionpedia/images/test/aa436971de7a39708edbc4d5e9e969cc.jpg,aa436971de7a39708edbc4d5e9e969cc.jpg,fashionpedia_ann_2688,shoe,shoe,23,2688,../fashion_data/raw/fashionpedia/annotations/instances_attributes_val2020.json,680,1024,385.0000,1009.0000,402.0000,1023.0000,0.00034180,small,1,SEGREV1_0339,20260922,PASS_SOURCE_IMAGE_UNSEEN
prd_3_1_v1,REVIEW_CANDIDATE,Fashionpedia,../fashion_data/raw/fashionpedia/images/test/af8be1edbef6e48a88325ebf63cb48f1.jpg,af8be1edbef6e48a88325ebf63cb48f1.jpg,fashionpedia_ann_8767,shoe,shoe,23,8767,../fashion_data/raw/fashionpedia/annotations/instances_attributes_val2020.json,1024,1024,278.0000,744.0000,416.0000,883.0000,0.01829338,small,1,SEGREV1_0340,20260922,PASS_SOURCE_IMAGE_UNSEEN
prd_3_1_v1,REVIEW_CANDIDATE,Fashionpedia,../fashion_data/raw/fashionpedia/images/test/ba8439f18a33ea4063ab92b3a4ced530.jpg,ba8439f18a33ea4063ab92b3a4ced530.jpg,fashionpedia_ann_5059,shoe,shoe,23,5059,../fashion_data/raw/fashionpedia/annotations/instances_attributes_val2020.json,678,1024,322.0000,740.0000,439.0000,851.0000,0.01870593,small,1,SEGREV1_0341,20260922,PASS_SOURCE_IMAGE_UNSEEN
prd_3_1_v1,REVIEW_CANDIDATE,Fashionpedia,../fashion_data/raw/fashionpedia/images/test/bafce6a94544af54357177ff7bbd7453.jpg,bafce6a94544af54357177ff7bbd7453.jpg,fashionpedia_ann_5166,shoe,shoe,23,5166,../fashion_data/raw/fashionpedia/annotations/instances_attributes_val2020.json,1024,683,544.0000,590.0000,582.0000,661.0000,0.00385764,small,1,SEGREV1_0342,20260922,PASS_SOURCE_IMAGE_UNSEEN
prd_3_1_v1,REVIEW_CANDIDATE,Fashionpedia,../fashion_data/raw/fashionpedia/images/test/c1df3b91dde14c0937a259345d5c7ca7.jpg,c1df3b91dde14c0937a259345d5c7ca7.jpg,fashionpedia_ann_600,shoe,shoe,23,600,../fashion_data/raw/fashionpedia/annotations/instances_attributes_val2020.json,683,1024,392.0000,779.0000,417.0000,789.0000,0.00035745,small,1,SEGREV1_0343,20260922,PASS_SOURCE_IMAGE_UNSEEN
prd_3_1_v1,REVIEW_CANDIDATE,Fashionpedia,../fashion_data/raw/fashionpedia/images/test/c2c99badba75ede1d3612cfbd7aee9aa.jpg,c2c99badba75ede1d3612cfbd7aee9aa.jpg,fashionpedia_ann_1138,shoe,shoe,23,1138,../fashion_data/raw/fashionpedia/annotations/instances_attributes_val2020.json,819,1024,189.0000,864.0000,254.0000,971.0000,0.00829303,small,1,SEGREV1_0344,20260922,PASS_SOURCE_IMAGE_UNSEEN
prd_3_1_v1,REVIEW_CANDIDATE,Fashionpedia,../fashion_data/raw/fashionpedia/images/test/c691539200cdb7a04b1e993d7baa10f4.jpg,c691539200cdb7a04b1e993d7baa10f4.jpg,fashionpedia_ann_7376,shoe,shoe,23,7376,../fashion_data/raw/fashionpedia/annotations/instances_attributes_val2020.json,683,1024,303.0000,867.0000,353.0000,940.0000,0.00521882,small,1,SEGREV1_0345,20260922,PASS_SOURCE_IMAGE_UNSEEN
prd_3_1_v1,REVIEW_CANDIDATE,Fashionpedia,../fashion_data/raw/fashionpedia/images/test/caa1a9bff740cfbf913f07ef4a045484.jpg,caa1a9bff740cfbf913f07ef4a045484.jpg,fashionpedia_ann_4177,shoe,shoe,23,4177,../fashion_data/raw/fashionpedia/annotations/instances_attributes_val2020.json,1024,681,481.0000,603.0000,505.0000,653.0000,0.00172081,small,1,SEGREV1_0346,20260922,PASS_SOURCE_IMAGE_UNSEEN
prd_3_1_v1,REVIEW_CANDIDATE,Fashionpedia,../fashion_data/raw/fashionpedia/images/test/cb43bd1cf64a15ba6d0bea9e343247ed.jpg,cb43bd1cf64a15ba6d0bea9e343247ed.jpg,fashionpedia_ann_9159,shoe,shoe,23,9159,../fashion_data/raw/fashionpedia/annotations/instances_attributes_val2020.json,633,1024,214.0000,850.0000,257.0000,931.0000,0.00537341,small,1,SEGREV1_0347,20260922,PASS_SOURCE_IMAGE_UNSEEN
prd_3_1_v1,REVIEW_CANDIDATE,Fashionpedia,../fashion_data/raw/fashionpedia/images/test/cb49b883e995b9102d831e4640c0d195.jpg,cb49b883e995b9102d831e4640c0d195.jpg,fashionpedia_ann_2314,shoe,shoe,23,2314,../fashion_data/raw/fashionpedia/annotations/instances_attributes_val2020.json,1024,682,517.0000,575.0000,532.0000,591.0000,0.00034366,small,1,SEGREV1_0348,20260922,PASS_SOURCE_IMAGE_UNSEEN
prd_3_1_v1,REVIEW_CANDIDATE,Fashionpedia,../fashion_data/raw/fashionpedia/images/test/cbe421f0f567af8dc6dee22ae239e846.jpg,cbe421f0f567af8dc6dee22ae239e846.jpg,fashionpedia_ann_7465,shoe,shoe,23,7465,../fashion_data/raw/fashionpedia/annotations/instances_attributes_val2020.json,683,1024,286.0000,909.0000,355.0000,966.0000,0.00562346,small,1,SEGREV1_0349,20260922,PASS_SOURCE_IMAGE_UNSEEN
prd_3_1_v1,REVIEW_CANDIDATE,Fashionpedia,../fashion_data/raw/fashionpedia/images/test/cf0a241235163a9a66e5e27ee3e02674.jpg,cf0a241235163a9a66e5e27ee3e02674.jpg,fashionpedia_ann_8220,shoe,shoe,23,8220,../fashion_data/raw/fashionpedia/annotations/instances_attributes_val2020.json,497,1024,349.0000,938.0000,398.0000,984.0000,0.00442892,small,1,SEGREV1_0350,20260922,PASS_SOURCE_IMAGE_UNSEEN
prd_3_1_v1,REVIEW_CANDIDATE,Fashionpedia,../fashion_data/raw/fashionpedia/images/test/d143e41db607aaeff07a69ca9a5e704c.jpg,d143e41db607aaeff07a69ca9a5e704c.jpg,fashionpedia_ann_8547,shoe,shoe,23,8547,../fashion_data/raw/fashionpedia/annotations/instances_attributes_val2020.json,680,1024,276.0000,690.0000,328.0000,744.0000,0.00403263,small,1,SEGREV1_0351,20260922,PASS_SOURCE_IMAGE_UNSEEN
prd_3_1_v1,REVIEW_CANDIDATE,Fashionpedia,../fashion_data/raw/fashionpedia/images/test/d32d4af30a095bfe47c8cb3c0e09935a.jpg,d32d4af30a095bfe47c8cb3c0e09935a.jpg,fashionpedia_ann_1008,shoe,shoe,23,1008,../fashion_data/raw/fashionpedia/annotations/instances_attributes_val2020.json,683,1024,312.0000,842.0000,328.0000,905.0000,0.00144125,small,1,SEGREV1_0352,20260922,PASS_SOURCE_IMAGE_UNSEEN
prd_3_1_v1,REVIEW_CANDIDATE,Fashionpedia,../fashion_data/raw/fashionpedia/images/test/d680b56c59f41348dcaf98fefe05f7d8.jpg,d680b56c59f41348dcaf98fefe05f7d8.jpg,fashionpedia_ann_3760,shoe,shoe,23,3760,../fashion_data/raw/fashionpedia/annotations/instances_attributes_val2020.json,773,1024,96.0000,552.0000,212.0000,660.0000,0.01582713,small,1,SEGREV1_0353,20260922,PASS_SOURCE_IMAGE_UNSEEN
prd_3_1_v1,REVIEW_CANDIDATE,Fashionpedia,../fashion_data/raw/fashionpedia/images/test/dcbdac96042c96e1fcd4f5e344c3ea43.jpg,dcbdac96042c96e1fcd4f5e344c3ea43.jpg,fashionpedia_ann_7725,shoe,shoe,23,7725,../fashion_data/raw/fashionpedia/annotations/instances_attributes_val2020.json,682,1024,265.0000,833.0000,308.0000,898.0000,0.00400219,small,1,SEGREV1_0354,20260922,PASS_SOURCE_IMAGE_UNSEEN
prd_3_1_v1,REVIEW_CANDIDATE,Fashionpedia,../fashion_data/raw/fashionpedia/images/test/dd8239e8b7b5f3c9b86babc9754cf4a5.jpg,dd8239e8b7b5f3c9b86babc9754cf4a5.jpg,fashionpedia_ann_5264,shoe,shoe,23,5264,../fashion_data/raw/fashionpedia/annotations/instances_attributes_val2020.json,1024,680,395.0000,568.0000,458.0000,636.0000,0.00615234,small,1,SEGREV1_0355,20260922,PASS_SOURCE_IMAGE_UNSEEN
prd_3_1_v1,REVIEW_CANDIDATE,Fashionpedia,../fashion_data/raw/fashionpedia/images/test/e8a9349ee53c9e5bfd21102e8b6b52f9.jpg,e8a9349ee53c9e5bfd21102e8b6b52f9.jpg,fashionpedia_ann_5987,shoe,shoe,23,5987,../fashion_data/raw/fashionpedia/annotations/instances_attributes_val2020.json,683,1024,265.0000,823.0000,349.0000,923.0000,0.01201043,small,1,SEGREV1_0356,20260922,PASS_SOURCE_IMAGE_UNSEEN
prd_3_1_v1,REVIEW_CANDIDATE,Fashionpedia,../fashion_data/raw/fashionpedia/images/test/ee8429febbbf2ceb90270629d0ae0850.jpg,ee8429febbbf2ceb90270629d0ae0850.jpg,fashionpedia_ann_7074,shoe,shoe,23,7074,../fashion_data/raw/fashionpedia/annotations/instances_attributes_val2020.json,682,1024,371.0000,909.0000,422.0000,998.0000,0.00649944,small,1,SEGREV1_0357,20260922,PASS_SOURCE_IMAGE_UNSEEN
prd_3_1_v1,REVIEW_CANDIDATE,Fashionpedia,../fashion_data/raw/fashionpedia/images/test/fa798612385be732aa8a70fb56d8bed0.jpg,fa798612385be732aa8a70fb56d8bed0.jpg,fashionpedia_ann_2245,shoe,shoe,23,2245,../fashion_data/raw/fashionpedia/annotations/instances_attributes_val2020.json,629,1024,325.0000,848.0000,371.0000,961.0000,0.00807023,small,1,SEGREV1_0358,20260922,PASS_SOURCE_IMAGE_UNSEEN
prd_3_1_v1,REVIEW_CANDIDATE,Fashionpedia,../fashion_data/raw/fashionpedia/images/test/fa8cbbf127e163a2f512399049509d90.jpg,fa8cbbf127e163a2f512399049509d90.jpg,fashionpedia_ann_2026,shoe,shoe,23,2026,../fashion_data/raw/fashionpedia/annotations/instances_attributes_val2020.json,682,1024,234.0000,641.0000,315.0000,675.0000,0.00394348,small,1,SEGREV1_0359,20260922,PASS_SOURCE_IMAGE_UNSEEN
prd_3_1_v1,REVIEW_CANDIDATE,Fashionpedia,../fashion_data/raw/fashionpedia/images/test/feea9874319fd9d25200c8127d01933d.jpg,feea9874319fd9d25200c8127d01933d.jpg,fashionpedia_ann_9027,shoe,shoe,23,9027,../fashion_data/raw/fashionpedia/annotations/instances_attributes_val2020.json,683,1024,162.0000,772.0000,222.0000,851.0000,0.00677732,small,1,SEGREV1_0360,20260922,PASS_SOURCE_IMAGE_UNSEEN
prd_3_1_v1,REVIEW_CANDIDATE,Fashionpedia,../fashion_data/raw/fashionpedia/images/test/02b4423e161fa2409974174ec53cdb2a.jpg,02b4423e161fa2409974174ec53cdb2a.jpg,fashionpedia_ann_8391,bag,"bag, wallet",24,8391,../fashion_data/raw/fashionpedia/annotations/instances_attributes_val2020.json,682,1024,109.0000,538.0000,219.0000,740.0000,0.03181704,medium,1,SEGREV1_0361,20260922,PASS_SOURCE_IMAGE_UNSEEN
prd_3_1_v1,REVIEW_CANDIDATE,Fashionpedia,../fashion_data/raw/fashionpedia/images/test/0544acba02e8776a56fde74f83633c21.jpg,0544acba02e8776a56fde74f83633c21.jpg,fashionpedia_ann_141,bag,"bag, wallet",24,141,../fashion_data/raw/fashionpedia/annotations/instances_attributes_val2020.json,1024,576,287.0000,221.0000,358.0000,379.0000,0.01901923,small,1,SEGREV1_0362,20260922,PASS_SOURCE_IMAGE_UNSEEN
prd_3_1_v1,REVIEW_CANDIDATE,Fashionpedia,../fashion_data/raw/fashionpedia/images/test/0b915f1e29a2e2dacf96aacd3cb6a3cc.jpg,0b915f1e29a2e2dacf96aacd3cb6a3cc.jpg,fashionpedia_ann_6617,bag,"bag, wallet",24,6617,../fashion_data/raw/fashionpedia/annotations/instances_attributes_val2020.json,1024,683,376.0000,238.0000,645.0000,537.0000,0.11500132,large,1,SEGREV1_0363,20260922,PASS_SOURCE_IMAGE_UNSEEN
prd_3_1_v1,REVIEW_CANDIDATE,Fashionpedia,../fashion_data/raw/fashionpedia/images/test/0ba0216e6879f8b433d0897a77cff984.jpg,0ba0216e6879f8b433d0897a77cff984.jpg,fashionpedia_ann_3969,bag,"bag, wallet",24,3969,../fashion_data/raw/fashionpedia/annotations/instances_attributes_val2020.json,1024,683,487.0000,233.0000,759.0000,458.0000,0.08750458,medium,1,SEGREV1_0364,20260922,PASS_SOURCE_IMAGE_UNSEEN
prd_3_1_v1,REVIEW_CANDIDATE,Fashionpedia,../fashion_data/raw/fashionpedia/images/test/0c6cf79ffbf7f14a266d0f0f21219447.jpg,0c6cf79ffbf7f14a266d0f0f21219447.jpg,fashionpedia_ann_498,bag,"bag, wallet",24,498,../fashion_data/raw/fashionpedia/annotations/instances_attributes_val2020.json,613,1024,199.0000,207.0000,260.0000,519.0000,0.03031964,medium,1,SEGREV1_0365,20260922,PASS_SOURCE_IMAGE_UNSEEN
prd_3_1_v1,REVIEW_CANDIDATE,Fashionpedia,../fashion_data/raw/fashionpedia/images/test/1c1b439e448879f805e8c827605ec96b.jpg,1c1b439e448879f805e8c827605ec96b.jpg,fashionpedia_ann_5455,bag,"bag, wallet",24,5455,../fashion_data/raw/fashionpedia/annotations/instances_attributes_val2020.json,834,1024,168.0000,833.0000,499.0000,1023.0000,0.07364031,medium,1,SEGREV1_0366,20260922,PASS_SOURCE_IMAGE_UNSEEN
prd_3_1_v1,REVIEW_CANDIDATE,Fashionpedia,../fashion_data/raw/fashionpedia/images/test/1ee26a858200fa98bef04c950dad233a.jpg,1ee26a858200fa98bef04c950dad233a.jpg,fashionpedia_ann_1171,bag,"bag, wallet",24,1171,../fashion_data/raw/fashionpedia/annotations/instances_attributes_val2020.json,682,1024,209.0000,381.0000,297.0000,701.0000,0.04032258,medium,1,SEGREV1_0367,20260922,PASS_SOURCE_IMAGE_UNSEEN
prd_3_1_v1,REVIEW_CANDIDATE,Fashionpedia,../fashion_data/raw/fashionpedia/images/test/1fd63362ced55967a97a324928583339.jpg,1fd63362ced55967a97a324928583339.jpg,fashionpedia_ann_7567,bag,"bag, wallet",24,7567,../fashion_data/raw/fashionpedia/annotations/instances_attributes_val2020.json,681,1024,242.0000,446.0000,315.0000,526.0000,0.00837463,small,1,SEGREV1_0368,20260922,PASS_SOURCE_IMAGE_UNSEEN
prd_3_1_v1,REVIEW_CANDIDATE,Fashionpedia,../fashion_data/raw/fashionpedia/images/test/219a6c846e208bbad39f71ddab96408a.jpg,219a6c846e208bbad39f71ddab96408a.jpg,fashionpedia_ann_3153,bag,"bag, wallet",24,3153,../fashion_data/raw/fashionpedia/annotations/instances_attributes_val2020.json,682,1024,309.0000,524.0000,382.0000,634.0000,0.01149824,small,1,SEGREV1_0369,20260922,PASS_SOURCE_IMAGE_UNSEEN
prd_3_1_v1,REVIEW_CANDIDATE,Fashionpedia,../fashion_data/raw/fashionpedia/images/test/25e92d53394ac92b6b9edbbfe7cb0e1e.jpg,25e92d53394ac92b6b9edbbfe7cb0e1e.jpg,fashionpedia_ann_8795,bag,"bag, wallet",24,8795,../fashion_data/raw/fashionpedia/annotations/instances_attributes_val2020.json,615,1024,489.0000,520.0000,614.0000,629.0000,0.02163523,medium,1,SEGREV1_0370,20260922,PASS_SOURCE_IMAGE_UNSEEN
prd_3_1_v1,REVIEW_CANDIDATE,Fashionpedia,../fashion_data/raw/fashionpedia/images/test/26168da8556dab9641084df526c39ced.jpg,26168da8556dab9641084df526c39ced.jpg,fashionpedia_ann_6904,bag,"bag, wallet",24,6904,../fashion_data/raw/fashionpedia/annotations/instances_attributes_val2020.json,682,1024,111.0000,216.0000,378.0000,569.0000,0.13495893,large,1,SEGREV1_0371,20260922,PASS_SOURCE_IMAGE_UNSEEN
prd_3_1_v1,REVIEW_CANDIDATE,Fashionpedia,../fashion_data/raw/fashionpedia/images/test/2bb3700b00be0b5dc63b73da24501546.jpg,2bb3700b00be0b5dc63b73da24501546.jpg,fashionpedia_ann_6562,bag,"bag, wallet",24,6562,../fashion_data/raw/fashionpedia/annotations/instances_attributes_val2020.json,802,1024,197.0000,774.0000,438.0000,1005.0000,0.06778829,medium,1,SEGREV1_0372,20260922,PASS_SOURCE_IMAGE_UNSEEN
prd_3_1_v1,REVIEW_CANDIDATE,Fashionpedia,../fashion_data/raw/fashionpedia/images/test/3421d3316a1b5e3e0eba67a600201806.jpg,3421d3316a1b5e3e0eba67a600201806.jpg,fashionpedia_ann_7699,bag,"bag, wallet",24,7699,../fashion_data/raw/fashionpedia/annotations/instances_attributes_val2020.json,682,1024,252.0000,677.0000,399.0000,852.0000,0.03683588,medium,1,SEGREV1_0373,20260922,PASS_SOURCE_IMAGE_UNSEEN
prd_3_1_v1,REVIEW_CANDIDATE,Fashionpedia,../fashion_data/raw/fashionpedia/images/test/3990300351c44307a56a9263b1d9f346.jpg,3990300351c44307a56a9263b1d9f346.jpg,fashionpedia_ann_528,bag,"bag, wallet",24,528,../fashion_data/raw/fashionpedia/annotations/instances_attributes_val2020.json,682,1024,77.0000,595.0000,262.0000,949.0000,0.09377577,medium,1,SEGREV1_0374,20260922,PASS_SOURCE_IMAGE_UNSEEN
prd_3_1_v1,REVIEW_CANDIDATE,Fashionpedia,../fashion_data/raw/fashionpedia/images/test/3ae36909e5aa4ad018b2601797debf94.jpg,3ae36909e5aa4ad018b2601797debf94.jpg,fashionpedia_ann_8073,bag,"bag, wallet",24,8073,../fashion_data/raw/fashionpedia/annotations/instances_attributes_val2020.json,682,1024,166.0000,566.0000,217.0000,688.0000,0.00890934,small,1,SEGREV1_0375,20260922,PASS_SOURCE_IMAGE_UNSEEN
prd_3_1_v1,REVIEW_CANDIDATE,Fashionpedia,../fashion_data/raw/fashionpedia/images/test/42668f83c24465ba79d25eb2a8790050.jpg,42668f83c24465ba79d25eb2a8790050.jpg,fashionpedia_ann_7324,bag,"bag, wallet",24,7324,../fashion_data/raw/fashionpedia/annotations/instances_attributes_val2020.json,682,1024,250.0000,148.0000,391.0000,380.0000,0.04684063,medium,1,SEGREV1_0376,20260922,PASS_SOURCE_IMAGE_UNSEEN
prd_3_1_v1,REVIEW_CANDIDATE,Fashionpedia,../fashion_data/raw/fashionpedia/images/test/4a218fbe91f6d17267cdbb255d4d8900.jpg,4a218fbe91f6d17267cdbb255d4d8900.jpg,fashionpedia_ann_6755,bag,"bag, wallet",24,6755,../fashion_data/raw/fashionpedia/annotations/instances_attributes_val2020.json,1024,1024,348.0000,200.0000,451.0000,555.0000,0.03487110,medium,1,SEGREV1_0377,20260922,PASS_SOURCE_IMAGE_UNSEEN
prd_3_1_v1,REVIEW_CANDIDATE,Fashionpedia,../fashion_data/raw/fashionpedia/images/test/4aa6626a5183e3072b74ee07f75e07b6.jpg,4aa6626a5183e3072b74ee07f75e07b6.jpg,fashionpedia_ann_578,bag,"bag, wallet",24,578,../fashion_data/raw/fashionpedia/annotations/instances_attributes_val2020.json,682,1024,327.0000,193.0000,450.0000,486.0000,0.05160460,medium,1,SEGREV1_0378,20260922,PASS_SOURCE_IMAGE_UNSEEN
prd_3_1_v1,REVIEW_CANDIDATE,Fashionpedia,../fashion_data/raw/fashionpedia/images/test/4d200cb316a6260257ce84b37e25161c.jpg,4d200cb316a6260257ce84b37e25161c.jpg,fashionpedia_ann_1216,bag,"bag, wallet",24,1216,../fashion_data/raw/fashionpedia/annotations/instances_attributes_val2020.json,683,1024,144.0000,588.0000,218.0000,804.0000,0.02285414,medium,1,SEGREV1_0379,20260922,PASS_SOURCE_IMAGE_UNSEEN
prd_3_1_v1,REVIEW_CANDIDATE,Fashionpedia,../fashion_data/raw/fashionpedia/images/test/5285f0cc22e6b24ebf7597921f1e792f.jpg,5285f0cc22e6b24ebf7597921f1e792f.jpg,fashionpedia_ann_6776,bag,"bag, wallet",24,6776,../fashion_data/raw/fashionpedia/annotations/instances_attributes_val2020.json,1024,1024,651.0000,572.0000,764.0000,1023.0000,0.04860210,medium,1,SEGREV1_0380,20260922,PASS_SOURCE_IMAGE_UNSEEN
prd_3_1_v1,REVIEW_CANDIDATE,Fashionpedia,../fashion_data/raw/fashionpedia/images/test/53299262e048171c51fb3673c5b85a08.jpg,53299262e048171c51fb3673c5b85a08.jpg,fashionpedia_ann_798,bag,"bag, wallet",24,798,../fashion_data/raw/fashionpedia/annotations/instances_attributes_val2020.json,682,1024,187.0000,224.0000,234.0000,516.0000,0.01965153,small,1,SEGREV1_0381,20260922,PASS_SOURCE_IMAGE_UNSEEN
prd_3_1_v1,REVIEW_CANDIDATE,Fashionpedia,../fashion_data/raw/fashionpedia/images/test/5446d1fd42c4c2baac5bc3ae647b2f7d.jpg,5446d1fd42c4c2baac5bc3ae647b2f7d.jpg,fashionpedia_ann_3374,bag,"bag, wallet",24,3374,../fashion_data/raw/fashionpedia/annotations/instances_attributes_val2020.json,1024,725,556.0000,335.0000,645.0000,676.0000,0.04087958,medium,1,SEGREV1_0382,20260922,PASS_SOURCE_IMAGE_UNSEEN
prd_3_1_v1,REVIEW_CANDIDATE,Fashionpedia,../fashion_data/raw/fashionpedia/images/test/590d516a191a9f1013976798dda97d36.jpg,590d516a191a9f1013976798dda97d36.jpg,fashionpedia_ann_3535,bag,"bag, wallet",24,3535,../fashion_data/raw/fashionpedia/annotations/instances_attributes_val2020.json,1024,1024,742.0000,262.0000,842.0000,1001.0000,0.07047653,medium,1,SEGREV1_0383,20260922,PASS_SOURCE_IMAGE_UNSEEN
prd_3_1_v1,REVIEW_CANDIDATE,Fashionpedia,../fashion_data/raw/fashionpedia/images/test/5d7f5a1b4d12d8931d03c3e7e1060689.jpg,5d7f5a1b4d12d8931d03c3e7e1060689.jpg,fashionpedia_ann_6947,bag,"bag, wallet",24,6947,../fashion_data/raw/fashionpedia/annotations/instances_attributes_val2020.json,681,1024,188.0000,534.0000,299.0000,786.0000,0.04011220,medium,1,SEGREV1_0384,20260922,PASS_SOURCE_IMAGE_UNSEEN
prd_3_1_v1,REVIEW_CANDIDATE,Fashionpedia,../fashion_data/raw/fashionpedia/images/test/6e2652e279a03035a8a0190ba461d247.jpg,6e2652e279a03035a8a0190ba461d247.jpg,fashionpedia_ann_8421,bag,"bag, wallet",24,8421,../fashion_data/raw/fashionpedia/annotations/instances_attributes_val2020.json,721,1024,101.0000,226.0000,211.0000,507.0000,0.04186622,medium,1,SEGREV1_0385,20260922,PASS_SOURCE_IMAGE_UNSEEN
prd_3_1_v1,REVIEW_CANDIDATE,Fashionpedia,../fashion_data/raw/fashionpedia/images/test/6f7e3162e9690967035c75bdbb9b0aea.jpg,6f7e3162e9690967035c75bdbb9b0aea.jpg,fashionpedia_ann_6958,bag,"bag, wallet",24,6958,../fashion_data/raw/fashionpedia/annotations/instances_attributes_val2020.json,1024,683,237.0000,151.0000,402.0000,413.0000,0.06181083,medium,1,SEGREV1_0386,20260922,PASS_SOURCE_IMAGE_UNSEEN
prd_3_1_v1,REVIEW_CANDIDATE,Fashionpedia,../fashion_data/raw/fashionpedia/images/test/70e000fc740fd51671f257453e5d4ef1.jpg,70e000fc740fd51671f257453e5d4ef1.jpg,fashionpedia_ann_5478,bag,"bag, wallet",24,5478,../fashion_data/raw/fashionpedia/annotations/instances_attributes_val2020.json,683,1024,302.0000,272.0000,582.0000,649.0000,0.15093109,large,1,SEGREV1_0387,20260922,PASS_SOURCE_IMAGE_UNSEEN
prd_3_1_v1,REVIEW_CANDIDATE,Fashionpedia,../fashion_data/raw/fashionpedia/images/test/7229de52add8dfb593d50f63cc39df10.jpg,7229de52add8dfb593d50f63cc39df10.jpg,fashionpedia_ann_377,bag,"bag, wallet",24,377,../fashion_data/raw/fashionpedia/annotations/instances_attributes_val2020.json,655,1024,233.0000,398.0000,318.0000,455.0000,0.00722358,small,1,SEGREV1_0388,20260922,PASS_SOURCE_IMAGE_UNSEEN
prd_3_1_v1,REVIEW_CANDIDATE,Fashionpedia,../fashion_data/raw/fashionpedia/images/test/73565a1d1eab156d8d17f9f481d7d54e.jpg,73565a1d1eab156d8d17f9f481d7d54e.jpg,fashionpedia_ann_8498,bag,"bag, wallet",24,8498,../fashion_data/raw/fashionpedia/annotations/instances_attributes_val2020.json,704,1024,284.0000,504.0000,329.0000,595.0000,0.00568043,small,1,SEGREV1_0389,20260922,PASS_SOURCE_IMAGE_UNSEEN
prd_3_1_v1,REVIEW_CANDIDATE,Fashionpedia,../fashion_data/raw/fashionpedia/images/test/78c76bd3d70e760b4b59fde91b1cc03f.jpg,78c76bd3d70e760b4b59fde91b1cc03f.jpg,fashionpedia_ann_7859,bag,"bag, wallet",24,7859,../fashion_data/raw/fashionpedia/annotations/instances_attributes_val2020.json,1024,912,657.0000,314.0000,808.0000,582.0000,0.04333282,medium,1,SEGREV1_0390,20260922,PASS_SOURCE_IMAGE_UNSEEN
prd_3_1_v1,REVIEW_CANDIDATE,Fashionpedia,../fashion_data/raw/fashionpedia/images/test/790cc5b2e3f130e9f45cde050b74c055.jpg,790cc5b2e3f130e9f45cde050b74c055.jpg,fashionpedia_ann_75,bag,"bag, wallet",24,75,../fashion_data/raw/fashionpedia/annotations/instances_attributes_val2020.json,1024,1024,569.0000,195.0000,664.0000,563.0000,0.03334045,medium,1,SEGREV1_0391,20260922,PASS_SOURCE_IMAGE_UNSEEN
prd_3_1_v1,REVIEW_CANDIDATE,Fashionpedia,../fashion_data/raw/fashionpedia/images/test/7d9a766f0de2a8aab3004ac1bee9768f.jpg,7d9a766f0de2a8aab3004ac1bee9768f.jpg,fashionpedia_ann_2616,bag,"bag, wallet",24,2616,../fashion_data/raw/fashionpedia/annotations/instances_attributes_val2020.json,683,1024,216.0000,492.0000,348.0000,597.0000,0.01981721,small,1,SEGREV1_0392,20260922,PASS_SOURCE_IMAGE_UNSEEN
prd_3_1_v1,REVIEW_CANDIDATE,Fashionpedia,../fashion_data/raw/fashionpedia/images/test/8623733272199d95726231fd6dcdc7bf.jpg,8623733272199d95726231fd6dcdc7bf.jpg,fashionpedia_ann_7482,bag,"bag, wallet",24,7482,../fashion_data/raw/fashionpedia/annotations/instances_attributes_val2020.json,712,1024,251.0000,218.0000,329.0000,482.0000,0.02824350,medium,1,SEGREV1_0393,20260922,PASS_SOURCE_IMAGE_UNSEEN
prd_3_1_v1,REVIEW_CANDIDATE,Fashionpedia,../fashion_data/raw/fashionpedia/images/test/899f2cf99bf2589cb5f037792f6f35ae.jpg,899f2cf99bf2589cb5f037792f6f35ae.jpg,fashionpedia_ann_1804,bag,"bag, wallet",24,1804,../fashion_data/raw/fashionpedia/annotations/instances_attributes_val2020.json,633,1024,29.0000,541.0000,130.0000,666.0000,0.01947725,small,1,SEGREV1_0394,20260922,PASS_SOURCE_IMAGE_UNSEEN
prd_3_1_v1,REVIEW_CANDIDATE,Fashionpedia,../fashion_data/raw/fashionpedia/images/test/91d2989ccce4a5b3e4789f48b4e05a68.jpg,91d2989ccce4a5b3e4789f48b4e05a68.jpg,fashionpedia_ann_2999,bag,"bag, wallet",24,2999,../fashion_data/raw/fashionpedia/annotations/instances_attributes_val2020.json,681,1024,294.0000,883.0000,387.0000,1023.0000,0.01867084,small,1,SEGREV1_0395,20260922,PASS_SOURCE_IMAGE_UNSEEN
prd_3_1_v1,REVIEW_CANDIDATE,Fashionpedia,../fashion_data/raw/fashionpedia/images/test/96efe0543a0aa8e37634431177a3e43b.jpg,96efe0543a0aa8e37634431177a3e43b.jpg,fashionpedia_ann_4466,bag,"bag, wallet",24,4466,../fashion_data/raw/fashionpedia/annotations/instances_attributes_val2020.json,682,1024,109.0000,610.0000,245.0000,747.0000,0.02667934,medium,1,SEGREV1_0396,20260922,PASS_SOURCE_IMAGE_UNSEEN
prd_3_1_v1,REVIEW_CANDIDATE,Fashionpedia,../fashion_data/raw/fashionpedia/images/test/981fa1400f6240e4a3d5082b95b667a2.jpg,981fa1400f6240e4a3d5082b95b667a2.jpg,fashionpedia_ann_5913,bag,"bag, wallet",24,5913,../fashion_data/raw/fashionpedia/annotations/instances_attributes_val2020.json,683,1024,46.0000,535.0000,129.0000,786.0000,0.02978730,medium,1,SEGREV1_0397,20260922,PASS_SOURCE_IMAGE_UNSEEN
prd_3_1_v1,REVIEW_CANDIDATE,Fashionpedia,../fashion_data/raw/fashionpedia/images/test/9998cd8c040a202d3ff1019be96ab38c.jpg,9998cd8c040a202d3ff1019be96ab38c.jpg,fashionpedia_ann_1117,bag,"bag, wallet",24,1117,../fashion_data/raw/fashionpedia/annotations/instances_attributes_val2020.json,578,1024,256.0000,607.0000,301.0000,699.0000,0.00699476,small,1,SEGREV1_0398,20260922,PASS_SOURCE_IMAGE_UNSEEN
prd_3_1_v1,REVIEW_CANDIDATE,Fashionpedia,../fashion_data/raw/fashionpedia/images/test/9a7743d3ea701eb05c5529810f2243a7.jpg,9a7743d3ea701eb05c5529810f2243a7.jpg,fashionpedia_ann_777,bag,"bag, wallet",24,777,../fashion_data/raw/fashionpedia/annotations/instances_attributes_val2020.json,682,1024,251.0000,257.0000,445.0000,609.0000,0.09778226,medium,1,SEGREV1_0399,20260922,PASS_SOURCE_IMAGE_UNSEEN
prd_3_1_v1,REVIEW_CANDIDATE,Fashionpedia,../fashion_data/raw/fashionpedia/images/test/9eb8652e63ac33c79a9277fe0e115440.jpg,9eb8652e63ac33c79a9277fe0e115440.jpg,fashionpedia_ann_8961,bag,"bag, wallet",24,8961,../fashion_data/raw/fashionpedia/annotations/instances_attributes_val2020.json,682,1024,436.0000,268.0000,596.0000,669.0000,0.09187133,medium,1,SEGREV1_0400,20260922,PASS_SOURCE_IMAGE_UNSEEN
prd_3_1_v1,REVIEW_CANDIDATE,Fashionpedia,../fashion_data/raw/fashionpedia/images/test/a4222aa94c4ed6f7e3a36f553505249b.jpg,a4222aa94c4ed6f7e3a36f553505249b.jpg,fashionpedia_ann_3141,bag,"bag, wallet",24,3141,../fashion_data/raw/fashionpedia/annotations/instances_attributes_val2020.json,1024,680,509.0000,232.0000,818.0000,565.0000,0.14777258,large,1,SEGREV1_0401,20260922,PASS_SOURCE_IMAGE_UNSEEN
prd_3_1_v1,REVIEW_CANDIDATE,Fashionpedia,../fashion_data/raw/fashionpedia/images/test/b6b563c14cfb7911932d24d22ffe5041.jpg,b6b563c14cfb7911932d24d22ffe5041.jpg,fashionpedia_ann_7874,bag,"bag, wallet",24,7874,../fashion_data/raw/fashionpedia/annotations/instances_attributes_val2020.json,768,1024,301.0000,197.0000,405.0000,582.0000,0.05091349,medium,1,SEGREV1_0402,20260922,PASS_SOURCE_IMAGE_UNSEEN
prd_3_1_v1,REVIEW_CANDIDATE,Fashionpedia,../fashion_data/raw/fashionpedia/images/test/bc6426e3f3df37ba4b2a84b808c20152.jpg,bc6426e3f3df37ba4b2a84b808c20152.jpg,fashionpedia_ann_3111,bag,"bag, wallet",24,3111,../fashion_data/raw/fashionpedia/annotations/instances_attributes_val2020.json,683,1024,417.0000,578.0000,504.0000,688.0000,0.01368331,small,1,SEGREV1_0403,20260922,PASS_SOURCE_IMAGE_UNSEEN
prd_3_1_v1,REVIEW_CANDIDATE,Fashionpedia,../fashion_data/raw/fashionpedia/images/test/bd8d3293d99b77a3fa0ec0dd058235dc.jpg,bd8d3293d99b77a3fa0ec0dd058235dc.jpg,fashionpedia_ann_7129,bag,"bag, wallet",24,7129,../fashion_data/raw/fashionpedia/annotations/instances_attributes_val2020.json,683,1024,203.0000,572.0000,258.0000,736.0000,0.01289692,small,1,SEGREV1_0404,20260922,PASS_SOURCE_IMAGE_UNSEEN
prd_3_1_v1,REVIEW_CANDIDATE,Fashionpedia,../fashion_data/raw/fashionpedia/images/test/c61d5cca2c2a6e5f06a6ff26689e8f89.jpg,c61d5cca2c2a6e5f06a6ff26689e8f89.jpg,fashionpedia_ann_2332,bag,"bag, wallet",24,2332,../fashion_data/raw/fashionpedia/annotations/instances_attributes_val2020.json,683,1024,251.0000,233.0000,319.0000,510.0000,0.02693196,medium,1,SEGREV1_0405,20260922,PASS_SOURCE_IMAGE_UNSEEN
prd_3_1_v1,REVIEW_CANDIDATE,Fashionpedia,../fashion_data/raw/fashionpedia/images/test/c7a789f6eaa33502f0d3d17a69c07732.jpg,c7a789f6eaa33502f0d3d17a69c07732.jpg,fashionpedia_ann_6188,bag,"bag, wallet",24,6188,../fashion_data/raw/fashionpedia/annotations/instances_attributes_val2020.json,744,1024,411.0000,348.0000,444.0000,569.0000,0.00957268,small,1,SEGREV1_0406,20260922,PASS_SOURCE_IMAGE_UNSEEN
prd_3_1_v1,REVIEW_CANDIDATE,Fashionpedia,../fashion_data/raw/fashionpedia/images/test/cd30c3a3d2eae0659013f8e27938c805.jpg,cd30c3a3d2eae0659013f8e27938c805.jpg,fashionpedia_ann_2407,bag,"bag, wallet",24,2407,../fashion_data/raw/fashionpedia/annotations/instances_attributes_val2020.json,1024,683,529.0000,197.0000,625.0000,434.0000,0.03253111,medium,1,SEGREV1_0407,20260922,PASS_SOURCE_IMAGE_UNSEEN
prd_3_1_v1,REVIEW_CANDIDATE,Fashionpedia,../fashion_data/raw/fashionpedia/images/test/cdd60a254cc0a2ad373d5b2cd32b0247.jpg,cdd60a254cc0a2ad373d5b2cd32b0247.jpg,fashionpedia_ann_1723,bag,"bag, wallet",24,1723,../fashion_data/raw/fashionpedia/annotations/instances_attributes_val2020.json,633,1024,363.0000,238.0000,445.0000,433.0000,0.02466862,medium,1,SEGREV1_0408,20260922,PASS_SOURCE_IMAGE_UNSEEN
prd_3_1_v1,REVIEW_CANDIDATE,Fashionpedia,../fashion_data/raw/fashionpedia/images/test/ce07236c7bdb9f4d04df57c3a7967959.jpg,ce07236c7bdb9f4d04df57c3a7967959.jpg,fashionpedia_ann_4714,bag,"bag, wallet",24,4714,../fashion_data/raw/fashionpedia/annotations/instances_attributes_val2020.json,538,1024,335.0000,410.0000,495.0000,605.0000,0.05663336,medium,1,SEGREV1_0409,20260922,PASS_SOURCE_IMAGE_UNSEEN
prd_3_1_v1,REVIEW_CANDIDATE,Fashionpedia,../fashion_data/raw/fashionpedia/images/test/d56bf67bd74cb0f2128007818675a465.jpg,d56bf67bd74cb0f2128007818675a465.jpg,fashionpedia_ann_6210,bag,"bag, wallet",24,6210,../fashion_data/raw/fashionpedia/annotations/instances_attributes_val2020.json,682,1024,187.0000,232.0000,294.0000,629.0000,0.06082610,medium,1,SEGREV1_0410,20260922,PASS_SOURCE_IMAGE_UNSEEN
prd_3_1_v1,REVIEW_CANDIDATE,Fashionpedia,../fashion_data/raw/fashionpedia/images/test/de92afe62c9c4670a48c6c3e43440323.jpg,de92afe62c9c4670a48c6c3e43440323.jpg,fashionpedia_ann_3574,bag,"bag, wallet",24,3574,../fashion_data/raw/fashionpedia/annotations/instances_attributes_val2020.json,1024,682,513.0000,199.0000,593.0000,343.0000,0.01649560,small,1,SEGREV1_0411,20260922,PASS_SOURCE_IMAGE_UNSEEN
prd_3_1_v1,REVIEW_CANDIDATE,Fashionpedia,../fashion_data/raw/fashionpedia/images/test/df079613f0d10e3e2778b0dba7809686.jpg,df079613f0d10e3e2778b0dba7809686.jpg,fashionpedia_ann_1928,bag,"bag, wallet",24,1928,../fashion_data/raw/fashionpedia/annotations/instances_attributes_val2020.json,731,1024,226.0000,731.0000,284.0000,767.0000,0.00278942,small,1,SEGREV1_0412,20260922,PASS_SOURCE_IMAGE_UNSEEN
prd_3_1_v1,REVIEW_CANDIDATE,Fashionpedia,../fashion_data/raw/fashionpedia/images/test/e18e46ee82d41e1a8bad90e817212331.jpg,e18e46ee82d41e1a8bad90e817212331.jpg,fashionpedia_ann_7652,bag,"bag, wallet",24,7652,../fashion_data/raw/fashionpedia/annotations/instances_attributes_val2020.json,1024,1024,535.0000,268.0000,842.0000,1023.0000,0.22104740,large,1,SEGREV1_0413,20260922,PASS_SOURCE_IMAGE_UNSEEN
prd_3_1_v1,REVIEW_CANDIDATE,Fashionpedia,../fashion_data/raw/fashionpedia/images/test/e1c633bb82c74fbfc7504a7186c97751.jpg,e1c633bb82c74fbfc7504a7186c97751.jpg,fashionpedia_ann_5803,bag,"bag, wallet",24,5803,../fashion_data/raw/fashionpedia/annotations/instances_attributes_val2020.json,680,1024,287.0000,237.0000,352.0000,369.0000,0.01232192,small,1,SEGREV1_0414,20260922,PASS_SOURCE_IMAGE_UNSEEN
prd_3_1_v1,REVIEW_CANDIDATE,Fashionpedia,../fashion_data/raw/fashionpedia/images/test/e58b172581a1b2e4d7ed70620b23d2be.jpg,e58b172581a1b2e4d7ed70620b23d2be.jpg,fashionpedia_ann_3471,bag,"bag, wallet",24,3471,../fashion_data/raw/fashionpedia/annotations/instances_attributes_val2020.json,683,1024,389.0000,480.0000,603.0000,1016.0000,0.16400531,large,1,SEGREV1_0415,20260922,PASS_SOURCE_IMAGE_UNSEEN
prd_3_1_v1,REVIEW_CANDIDATE,Fashionpedia,../fashion_data/raw/fashionpedia/images/test/e6468d04328e93755f40b49190b3f801.jpg,e6468d04328e93755f40b49190b3f801.jpg,fashionpedia_ann_1058,bag,"bag, wallet",24,1058,../fashion_data/raw/fashionpedia/annotations/instances_attributes_val2020.json,1024,680,363.0000,229.0000,582.0000,679.0000,0.14152976,large,1,SEGREV1_0416,20260922,PASS_SOURCE_IMAGE_UNSEEN
prd_3_1_v1,REVIEW_CANDIDATE,Fashionpedia,../fashion_data/raw/fashionpedia/images/test/eb20c87403d09323d402b3461afbdb0e.jpg,eb20c87403d09323d402b3461afbdb0e.jpg,fashionpedia_ann_8409,bag,"bag, wallet",24,8409,../fashion_data/raw/fashionpedia/annotations/instances_attributes_val2020.json,597,1024,139.0000,214.0000,237.0000,516.0000,0.04841264,medium,1,SEGREV1_0417,20260922,PASS_SOURCE_IMAGE_UNSEEN
prd_3_1_v1,REVIEW_CANDIDATE,Fashionpedia,../fashion_data/raw/fashionpedia/images/test/f33e666940ab7cb29212a29d4feda8ad.jpg,f33e666940ab7cb29212a29d4feda8ad.jpg,fashionpedia_ann_3078,bag,"bag, wallet",24,3078,../fashion_data/raw/fashionpedia/annotations/instances_attributes_val2020.json,683,1024,151.0000,247.0000,353.0000,450.0000,0.05863093,medium,1,SEGREV1_0418,20260922,PASS_SOURCE_IMAGE_UNSEEN
prd_3_1_v1,REVIEW_CANDIDATE,Fashionpedia,../fashion_data/raw/fashionpedia/images/test/fa3e88c6a313433dd7884ce0abb5d27e.jpg,fa3e88c6a313433dd7884ce0abb5d27e.jpg,fashionpedia_ann_8697,bag,"bag, wallet",24,8697,../fashion_data/raw/fashionpedia/annotations/instances_attributes_val2020.json,1024,1024,632.0000,284.0000,815.0000,1023.0000,0.12897205,large,1,SEGREV1_0419,20260922,PASS_SOURCE_IMAGE_UNSEEN
prd_3_1_v1,REVIEW_CANDIDATE,Fashionpedia,../fashion_data/raw/fashionpedia/images/test/fa8cbbf127e163a2f512399049509d90.jpg,fa8cbbf127e163a2f512399049509d90.jpg,fashionpedia_ann_2024,bag,"bag, wallet",24,2024,../fashion_data/raw/fashionpedia/annotations/instances_attributes_val2020.json,682,1024,359.0000,289.0000,436.0000,405.0000,0.01278982,small,1,SEGREV1_0420,20260922,PASS_SOURCE_IMAGE_UNSEEN
prd_3_1_v1,REVIEW_CANDIDATE,Fashionpedia,../fashion_data/raw/fashionpedia/images/test/009b107156c1ee41b03c5b35a82e7232.jpg,009b107156c1ee41b03c5b35a82e7232.jpg,fashionpedia_ann_3861,accessory,"headband, head covering, hair accessory",15,3861,../fashion_data/raw/fashionpedia/annotations/instances_attributes_val2020.json,682,1024,401.0000,209.0000,420.0000,255.0000,0.00125149,small,1,SEGREV1_0421,20260922,PASS_SOURCE_IMAGE_UNSEEN
prd_3_1_v1,REVIEW_CANDIDATE,Fashionpedia,../fashion_data/raw/fashionpedia/images/test/01d0251b5bc5a41f93c86042c56258d3.jpg,01d0251b5bc5a41f93c86042c56258d3.jpg,fashionpedia_ann_610,accessory,watch,18,610,../fashion_data/raw/fashionpedia/annotations/instances_attributes_val2020.json,683,1024,499.0000,491.0000,524.0000,514.0000,0.00082214,small,1,SEGREV1_0422,20260922,PASS_SOURCE_IMAGE_UNSEEN
prd_3_1_v1,REVIEW_CANDIDATE,Fashionpedia,../fashion_data/raw/fashionpedia/images/test/0349e23c22d9ab9a482ac3d38ec315d5.jpg,0349e23c22d9ab9a482ac3d38ec315d5.jpg,fashionpedia_ann_4106,accessory,watch,18,4106,../fashion_data/raw/fashionpedia/annotations/instances_attributes_val2020.json,593,1024,520.0000,486.0000,541.0000,509.0000,0.00079541,small,1,SEGREV1_0423,20260922,PASS_SOURCE_IMAGE_UNSEEN
prd_3_1_v1,REVIEW_CANDIDATE,Fashionpedia,../fashion_data/raw/fashionpedia/images/test/0483fc73ee89d2e8c4b63aeb3af0542c.jpg,0483fc73ee89d2e8c4b63aeb3af0542c.jpg,fashionpedia_ann_5337,accessory,hat,14,5337,../fashion_data/raw/fashionpedia/annotations/instances_attributes_val2020.json,682,1024,225.0000,77.0000,458.0000,212.0000,0.04504072,medium,1,SEGREV1_0424,20260922,PASS_SOURCE_IMAGE_UNSEEN
prd_3_1_v1,REVIEW_CANDIDATE,Fashionpedia,../fashion_data/raw/fashionpedia/images/test/05bf5bc41fc3f6e18507faac19298273.jpg,05bf5bc41fc3f6e18507faac19298273.jpg,fashionpedia_ann_3397,accessory,"tights, stockings",21,3397,../fashion_data/raw/fashionpedia/annotations/instances_attributes_val2020.json,680,1024,185.0000,517.0000,279.0000,803.0000,0.03860869,medium,1,SEGREV1_0425,20260922,PASS_SOURCE_IMAGE_UNSEEN
prd_3_1_v1,REVIEW_CANDIDATE,Fashionpedia,../fashion_data/raw/fashionpedia/images/test/07a7bc9429c23e4704ab97898de75030.jpg,07a7bc9429c23e4704ab97898de75030.jpg,fashionpedia_ann_1492,accessory,"headband, head covering, hair accessory",15,1492,../fashion_data/raw/fashionpedia/annotations/instances_attributes_val2020.json,682,1024,323.0000,113.0000,367.0000,196.0000,0.00522933,small,1,SEGREV1_0426,20260922,PASS_SOURCE_IMAGE_UNSEEN
prd_3_1_v1,REVIEW_CANDIDATE,Fashionpedia,../fashion_data/raw/fashionpedia/images/test/08a58fc63f2d38be5419ad16e7ced303.jpg,08a58fc63f2d38be5419ad16e7ced303.jpg,fashionpedia_ann_5532,accessory,scarf,25,5532,../fashion_data/raw/fashionpedia/annotations/instances_attributes_val2020.json,1024,621,500.0000,160.0000,610.0000,540.0000,0.06573319,medium,1,SEGREV1_0427,20260922,PASS_SOURCE_IMAGE_UNSEEN
prd_3_1_v1,REVIEW_CANDIDATE,Fashionpedia,../fashion_data/raw/fashionpedia/images/test/09524f427576768e445b55a1975b9d7f.jpg,09524f427576768e445b55a1975b9d7f.jpg,fashionpedia_ann_2853,accessory,hat,14,2853,../fashion_data/raw/fashionpedia/annotations/instances_attributes_val2020.json,768,1024,414.0000,94.0000,564.0000,178.0000,0.01602173,small,1,SEGREV1_0428,20260922,PASS_SOURCE_IMAGE_UNSEEN
prd_3_1_v1,REVIEW_CANDIDATE,Fashionpedia,../fashion_data/raw/fashionpedia/images/test/0a4aae5ecd970a120bfcc6b377b6e187.jpg,0a4aae5ecd970a120bfcc6b377b6e187.jpg,fashionpedia_ann_8535,accessory,glove,17,8535,../fashion_data/raw/fashionpedia/annotations/instances_attributes_val2020.json,1024,723,768.0000,256.0000,850.0000,374.0000,0.01306946,small,1,SEGREV1_0429,20260922,PASS_SOURCE_IMAGE_UNSEEN
prd_3_1_v1,REVIEW_CANDIDATE,Fashionpedia,../fashion_data/raw/fashionpedia/images/test/0a563d036018e91cd9b5899adb50ec18.jpg,0a563d036018e91cd9b5899adb50ec18.jpg,fashionpedia_ann_9281,accessory,sock,22,9281,../fashion_data/raw/fashionpedia/annotations/instances_attributes_val2020.json,683,1024,321.0000,832.0000,372.0000,950.0000,0.00860462,small,1,SEGREV1_0430,20260922,PASS_SOURCE_IMAGE_UNSEEN
prd_3_1_v1,REVIEW_CANDIDATE,Fashionpedia,../fashion_data/raw/fashionpedia/images/test/1050585bd1104969bc175e8bcdfd5311.jpg,1050585bd1104969bc175e8bcdfd5311.jpg,fashionpedia_ann_2795,accessory,sock,22,2795,../fashion_data/raw/fashionpedia/annotations/instances_attributes_val2020.json,683,1024,378.0000,855.0000,422.0000,899.0000,0.00276812,small,1,SEGREV1_0431,20260922,PASS_SOURCE_IMAGE_UNSEEN
prd_3_1_v1,REVIEW_CANDIDATE,Fashionpedia,../fashion_data/raw/fashionpedia/images/test/1bfa6210a0974e1218e74f6c7d8258ca.jpg,1bfa6210a0974e1218e74f6c7d8258ca.jpg,fashionpedia_ann_2985,accessory,hat,14,2985,../fashion_data/raw/fashionpedia/annotations/instances_attributes_val2020.json,1024,680,586.0000,59.0000,791.0000,172.0000,0.03326775,medium,1,SEGREV1_0432,20260922,PASS_SOURCE_IMAGE_UNSEEN
prd_3_1_v1,REVIEW_CANDIDATE,Fashionpedia,../fashion_data/raw/fashionpedia/images/test/20cce77f20aada8462856157a7957d8f.jpg,20cce77f20aada8462856157a7957d8f.jpg,fashionpedia_ann_5943,accessory,scarf,25,5943,../fashion_data/raw/fashionpedia/annotations/instances_attributes_val2020.json,682,1024,292.0000,188.0000,375.0000,648.0000,0.05467032,medium,1,SEGREV1_0433,20260922,PASS_SOURCE_IMAGE_UNSEEN
prd_3_1_v1,REVIEW_CANDIDATE,Fashionpedia,../fashion_data/raw/fashionpedia/images/test/215ae3c02ff82ed943816a80204d7a41.jpg,215ae3c02ff82ed943816a80204d7a41.jpg,fashionpedia_ann_8291,accessory,belt,19,8291,../fashion_data/raw/fashionpedia/annotations/instances_attributes_val2020.json,682,1024,271.0000,337.0000,390.0000,356.0000,0.00323755,small,1,SEGREV1_0434,20260922,PASS_SOURCE_IMAGE_UNSEEN
prd_3_1_v1,REVIEW_CANDIDATE,Fashionpedia,../fashion_data/raw/fashionpedia/images/test/2e442d2b49f0c08838c96fa0de887956.jpg,2e442d2b49f0c08838c96fa0de887956.jpg,fashionpedia_ann_5614,accessory,"headband, head covering, hair accessory",15,5614,../fashion_data/raw/fashionpedia/annotations/instances_attributes_val2020.json,1024,720,672.0000,202.0000,711.0000,231.0000,0.00153402,small,1,SEGREV1_0435,20260922,PASS_SOURCE_IMAGE_UNSEEN
prd_3_1_v1,REVIEW_CANDIDATE,Fashionpedia,../fashion_data/raw/fashionpedia/images/test/300dcfff954898e161a61e37fca960b8.jpg,300dcfff954898e161a61e37fca960b8.jpg,fashionpedia_ann_7194,accessory,scarf,25,7194,../fashion_data/raw/fashionpedia/annotations/instances_attributes_val2020.json,683,1024,299.0000,168.0000,400.0000,593.0000,0.06137474,medium,1,SEGREV1_0436,20260922,PASS_SOURCE_IMAGE_UNSEEN
prd_3_1_v1,REVIEW_CANDIDATE,Fashionpedia,../fashion_data/raw/fashionpedia/images/test/33a5bdedbd732f7fdd89d558b78707ef.jpg,33a5bdedbd732f7fdd89d558b78707ef.jpg,fashionpedia_ann_826,accessory,glove,17,826,../fashion_data/raw/fashionpedia/annotations/instances_attributes_val2020.json,501,1024,108.0000,385.0000,164.0000,595.0000,0.02292290,medium,1,SEGREV1_0437,20260922,PASS_SOURCE_IMAGE_UNSEEN
prd_3_1_v1,REVIEW_CANDIDATE,Fashionpedia,../fashion_data/raw/fashionpedia/images/test/381c2a1a91bfd7966a5b50ca82706ddf.jpg,381c2a1a91bfd7966a5b50ca82706ddf.jpg,fashionpedia_ann_5132,accessory,sock,22,5132,../fashion_data/raw/fashionpedia/annotations/instances_attributes_val2020.json,683,1024,296.0000,751.0000,335.0000,797.0000,0.00256509,small,1,SEGREV1_0438,20260922,PASS_SOURCE_IMAGE_UNSEEN
prd_3_1_v1,REVIEW_CANDIDATE,Fashionpedia,../fashion_data/raw/fashionpedia/images/test/420f153001eb2e37269ae974b9f7665e.jpg,420f153001eb2e37269ae974b9f7665e.jpg,fashionpedia_ann_5903,accessory,"tights, stockings",21,5903,../fashion_data/raw/fashionpedia/annotations/instances_attributes_val2020.json,682,1024,327.0000,595.0000,414.0000,926.0000,0.04123471,medium,1,SEGREV1_0439,20260922,PASS_SOURCE_IMAGE_UNSEEN
prd_3_1_v1,REVIEW_CANDIDATE,Fashionpedia,../fashion_data/raw/fashionpedia/images/test/42668f83c24465ba79d25eb2a8790050.jpg,42668f83c24465ba79d25eb2a8790050.jpg,fashionpedia_ann_7322,accessory,glasses,13,7322,../fashion_data/raw/fashionpedia/annotations/instances_attributes_val2020.json,682,1024,377.0000,76.0000,452.0000,105.0000,0.00311440,small,1,SEGREV1_0440,20260922,PASS_SOURCE_IMAGE_UNSEEN
prd_3_1_v1,REVIEW_CANDIDATE,Fashionpedia,../fashion_data/raw/fashionpedia/images/test/4872c05863d20208e9d4c59587261de2.jpg,4872c05863d20208e9d4c59587261de2.jpg,fashionpedia_ann_1205,accessory,scarf,25,1205,../fashion_data/raw/fashionpedia/annotations/instances_attributes_val2020.json,684,1024,254.0000,373.0000,412.0000,566.0000,0.04353698,medium,1,SEGREV1_0441,20260922,PASS_SOURCE_IMAGE_UNSEEN
prd_3_1_v1,REVIEW_CANDIDATE,Fashionpedia,../fashion_data/raw/fashionpedia/images/test/53299262e048171c51fb3673c5b85a08.jpg,53299262e048171c51fb3673c5b85a08.jpg,fashionpedia_ann_789,accessory,glasses,13,789,../fashion_data/raw/fashionpedia/annotations/instances_attributes_val2020.json,682,1024,286.0000,88.0000,360.0000,121.0000,0.00349672,small,1,SEGREV1_0442,20260922,PASS_SOURCE_IMAGE_UNSEEN
prd_3_1_v1,REVIEW_CANDIDATE,Fashionpedia,../fashion_data/raw/fashionpedia/images/test/53638f7d3a9adcd5e93a4ade8f1ed552.jpg,53638f7d3a9adcd5e93a4ade8f1ed552.jpg,fashionpedia_ann_3841,accessory,glove,17,3841,../fashion_data/raw/fashionpedia/annotations/instances_attributes_val2020.json,632,1024,361.0000,438.0000,426.0000,539.0000,0.01014420,small,1,SEGREV1_0443,20260922,PASS_SOURCE_IMAGE_UNSEEN
prd_3_1_v1,REVIEW_CANDIDATE,Fashionpedia,../fashion_data/raw/fashionpedia/images/test/5d7f5a1b4d12d8931d03c3e7e1060689.jpg,5d7f5a1b4d12d8931d03c3e7e1060689.jpg,fashionpedia_ann_6943,accessory,sock,22,6943,../fashion_data/raw/fashionpedia/annotations/instances_attributes_val2020.json,681,1024,327.0000,779.0000,359.0000,813.0000,0.00156021,small,1,SEGREV1_0444,20260922,PASS_SOURCE_IMAGE_UNSEEN
prd_3_1_v1,REVIEW_CANDIDATE,Fashionpedia,../fashion_data/raw/fashionpedia/images/test/5e9318c2b27f4b6894a5f98f92845bd8.jpg,5e9318c2b27f4b6894a5f98f92845bd8.jpg,fashionpedia_ann_7016,accessory,watch,18,7016,../fashion_data/raw/fashionpedia/annotations/instances_attributes_val2020.json,683,1024,319.0000,509.0000,343.0000,530.0000,0.00072063,small,1,SEGREV1_0445,20260922,PASS_SOURCE_IMAGE_UNSEEN
prd_3_1_v1,REVIEW_CANDIDATE,Fashionpedia,../fashion_data/raw/fashionpedia/images/test/60d05fa8bc73b960e13f73cb8a312b0e.jpg,60d05fa8bc73b960e13f73cb8a312b0e.jpg,fashionpedia_ann_361,accessory,"tights, stockings",21,361,../fashion_data/raw/fashionpedia/annotations/instances_attributes_val2020.json,702,1024,260.0000,704.0000,351.0000,1023.0000,0.04038267,medium,1,SEGREV1_0446,20260922,PASS_SOURCE_IMAGE_UNSEEN
prd_3_1_v1,REVIEW_CANDIDATE,Fashionpedia,../fashion_data/raw/fashionpedia/images/test/65cb75a24d64e835888e2824b1baaacc.jpg,65cb75a24d64e835888e2824b1baaacc.jpg,fashionpedia_ann_2210,accessory,glasses,13,2210,../fashion_data/raw/fashionpedia/annotations/instances_attributes_val2020.json,1024,683,542.0000,159.0000,643.0000,232.0000,0.01054201,small,1,SEGREV1_0447,20260922,PASS_SOURCE_IMAGE_UNSEEN
prd_3_1_v1,REVIEW_CANDIDATE,Fashionpedia,../fashion_data/raw/fashionpedia/images/test/6ca502fc807f6f8e19ea48f1d88452a7.jpg,6ca502fc807f6f8e19ea48f1d88452a7.jpg,fashionpedia_ann_7807,accessory,belt,19,7807,../fashion_data/raw/fashionpedia/annotations/instances_attributes_val2020.json,681,1024,314.0000,428.0000,370.0000,452.0000,0.00192731,small,1,SEGREV1_0448,20260922,PASS_SOURCE_IMAGE_UNSEEN
prd_3_1_v1,REVIEW_CANDIDATE,Fashionpedia,../fashion_data/raw/fashionpedia/images/test/6ff1187d58522da123a25c0e8354f29f.jpg,6ff1187d58522da123a25c0e8354f29f.jpg,fashionpedia_ann_1599,accessory,"headband, head covering, hair accessory",15,1599,../fashion_data/raw/fashionpedia/annotations/instances_attributes_val2020.json,682,1024,243.0000,48.0000,272.0000,88.0000,0.00166102,small,1,SEGREV1_0449,20260922,PASS_SOURCE_IMAGE_UNSEEN
prd_3_1_v1,REVIEW_CANDIDATE,Fashionpedia,../fashion_data/raw/fashionpedia/images/test/7450a0ad431b3446ab57608050095649.jpg,7450a0ad431b3446ab57608050095649.jpg,fashionpedia_ann_9261,accessory,glasses,13,9261,../fashion_data/raw/fashionpedia/annotations/instances_attributes_val2020.json,1024,1024,286.0000,124.0000,365.0000,158.0000,0.00256157,small,1,SEGREV1_0450,20260922,PASS_SOURCE_IMAGE_UNSEEN
prd_3_1_v1,REVIEW_CANDIDATE,Fashionpedia,../fashion_data/raw/fashionpedia/images/test/77c90295a0c61308fbd2a3620f2b4a09.jpg,77c90295a0c61308fbd2a3620f2b4a09.jpg,fashionpedia_ann_6555,accessory,hat,14,6555,../fashion_data/raw/fashionpedia/annotations/instances_attributes_val2020.json,1024,683,395.0000,234.0000,446.0000,301.0000,0.00488567,small,1,SEGREV1_0451,20260922,PASS_SOURCE_IMAGE_UNSEEN
prd_3_1_v1,REVIEW_CANDIDATE,Fashionpedia,../fashion_data/raw/fashionpedia/images/test/7be5e15df33ddfd91374e7f3236b0933.jpg,7be5e15df33ddfd91374e7f3236b0933.jpg,fashionpedia_ann_7732,accessory,scarf,25,7732,../fashion_data/raw/fashionpedia/annotations/instances_attributes_val2020.json,680,1024,261.0000,344.0000,328.0000,565.0000,0.02126465,medium,1,SEGREV1_0452,20260922,PASS_SOURCE_IMAGE_UNSEEN
prd_3_1_v1,REVIEW_CANDIDATE,Fashionpedia,../fashion_data/raw/fashionpedia/images/test/8cd47ea6b100369f44879e44ba5950c7.jpg,8cd47ea6b100369f44879e44ba5950c7.jpg,fashionpedia_ann_1656,accessory,belt,19,1656,../fashion_data/raw/fashionpedia/annotations/instances_attributes_val2020.json,1024,682,391.0000,436.0000,526.0000,502.0000,0.01275832,small,1,SEGREV1_0453,20260922,PASS_SOURCE_IMAGE_UNSEEN
prd_3_1_v1,REVIEW_CANDIDATE,Fashionpedia,../fashion_data/raw/fashionpedia/images/test/9085ccba6fd779e3d5fffc61deda567e.jpg,9085ccba6fd779e3d5fffc61deda567e.jpg,fashionpedia_ann_4635,accessory,glasses,13,4635,../fashion_data/raw/fashionpedia/annotations/instances_attributes_val2020.json,1024,678,312.0000,298.0000,388.0000,366.0000,0.00744377,small,1,SEGREV1_0454,20260922,PASS_SOURCE_IMAGE_UNSEEN
prd_3_1_v1,REVIEW_CANDIDATE,Fashionpedia,../fashion_data/raw/fashionpedia/images/test/914d8db66c7d852b32df43fedfe1ed58.jpg,914d8db66c7d852b32df43fedfe1ed58.jpg,fashionpedia_ann_6444,accessory,"headband, head covering, hair accessory",15,6444,../fashion_data/raw/fashionpedia/annotations/instances_attributes_val2020.json,682,1024,360.0000,74.0000,376.0000,114.0000,0.00091642,small,1,SEGREV1_0455,20260922,PASS_SOURCE_IMAGE_UNSEEN
prd_3_1_v1,REVIEW_CANDIDATE,Fashionpedia,../fashion_data/raw/fashionpedia/images/test/91d2989ccce4a5b3e4789f48b4e05a68.jpg,91d2989ccce4a5b3e4789f48b4e05a68.jpg,fashionpedia_ann_2997,accessory,belt,19,2997,../fashion_data/raw/fashionpedia/annotations/instances_attributes_val2020.json,681,1024,294.0000,655.0000,422.0000,751.0000,0.01762115,small,1,SEGREV1_0456,20260922,PASS_SOURCE_IMAGE_UNSEEN
prd_3_1_v1,REVIEW_CANDIDATE,Fashionpedia,../fashion_data/raw/fashionpedia/images/test/9be97731b91f50cb1fabfa8d6d1bf441.jpg,9be97731b91f50cb1fabfa8d6d1bf441.jpg,fashionpedia_ann_3868,accessory,glasses,13,3868,../fashion_data/raw/fashionpedia/annotations/instances_attributes_val2020.json,730,1024,348.0000,114.0000,428.0000,150.0000,0.00385274,small,1,SEGREV1_0457,20260922,PASS_SOURCE_IMAGE_UNSEEN
prd_3_1_v1,REVIEW_CANDIDATE,Fashionpedia,../fashion_data/raw/fashionpedia/images/test/a81789ee4548b9ea8aafde83cc5eaccc.jpg,a81789ee4548b9ea8aafde83cc5eaccc.jpg,fashionpedia_ann_1331,accessory,sock,22,1331,../fashion_data/raw/fashionpedia/annotations/instances_attributes_val2020.json,682,1024,352.0000,908.0000,380.0000,918.0000,0.00040093,small,1,SEGREV1_0458,20260922,PASS_SOURCE_IMAGE_UNSEEN
prd_3_1_v1,REVIEW_CANDIDATE,Fashionpedia,../fashion_data/raw/fashionpedia/images/test/b360c19580caf49e561173fab54bfdb2.jpg,b360c19580caf49e561173fab54bfdb2.jpg,fashionpedia_ann_9267,accessory,sock,22,9267,../fashion_data/raw/fashionpedia/annotations/instances_attributes_val2020.json,631,1024,233.0000,856.0000,244.0000,871.0000,0.00025536,small,1,SEGREV1_0459,20260922,PASS_SOURCE_IMAGE_UNSEEN
prd_3_1_v1,REVIEW_CANDIDATE,Fashionpedia,../fashion_data/raw/fashionpedia/images/test/badb9c0f2ba832076e6a6c52bf2e570a.jpg,badb9c0f2ba832076e6a6c52bf2e570a.jpg,fashionpedia_ann_4670,accessory,"headband, head covering, hair accessory",15,4670,../fashion_data/raw/fashionpedia/annotations/instances_attributes_val2020.json,835,1024,364.0000,113.0000,495.0000,258.0000,0.02221533,medium,1,SEGREV1_0460,20260922,PASS_SOURCE_IMAGE_UNSEEN
prd_3_1_v1,REVIEW_CANDIDATE,Fashionpedia,../fashion_data/raw/fashionpedia/images/test/bc6426e3f3df37ba4b2a84b808c20152.jpg,bc6426e3f3df37ba4b2a84b808c20152.jpg,fashionpedia_ann_3113,accessory,leg warmer,20,3113,../fashion_data/raw/fashionpedia/annotations/instances_attributes_val2020.json,683,1024,281.0000,661.0000,358.0000,926.0000,0.02917534,medium,1,SEGREV1_0461,20260922,PASS_SOURCE_IMAGE_UNSEEN
prd_3_1_v1,REVIEW_CANDIDATE,Fashionpedia,../fashion_data/raw/fashionpedia/images/test/c0516e19209daa9918403bf876011f1a.jpg,c0516e19209daa9918403bf876011f1a.jpg,fashionpedia_ann_162,accessory,"tights, stockings",21,162,../fashion_data/raw/fashionpedia/annotations/instances_attributes_val2020.json,683,1024,333.0000,590.0000,416.0000,924.0000,0.03963728,medium,1,SEGREV1_0462,20260922,PASS_SOURCE_IMAGE_UNSEEN
prd_3_1_v1,REVIEW_CANDIDATE,Fashionpedia,../fashion_data/raw/fashionpedia/images/test/c61d5cca2c2a6e5f06a6ff26689e8f89.jpg,c61d5cca2c2a6e5f06a6ff26689e8f89.jpg,fashionpedia_ann_2330,accessory,belt,19,2330,../fashion_data/raw/fashionpedia/annotations/instances_attributes_val2020.json,683,1024,304.0000,365.0000,418.0000,411.0000,0.00749794,small,1,SEGREV1_0463,20260922,PASS_SOURCE_IMAGE_UNSEEN
prd_3_1_v1,REVIEW_CANDIDATE,Fashionpedia,../fashion_data/raw/fashionpedia/images/test/c7a789f6eaa33502f0d3d17a69c07732.jpg,c7a789f6eaa33502f0d3d17a69c07732.jpg,fashionpedia_ann_6190,accessory,watch,18,6190,../fashion_data/raw/fashionpedia/annotations/instances_attributes_val2020.json,744,1024,279.0000,564.0000,309.0000,585.0000,0.00082693,small,1,SEGREV1_0464,20260922,PASS_SOURCE_IMAGE_UNSEEN
prd_3_1_v1,REVIEW_CANDIDATE,Fashionpedia,../fashion_data/raw/fashionpedia/images/test/caa1a9bff740cfbf913f07ef4a045484.jpg,caa1a9bff740cfbf913f07ef4a045484.jpg,fashionpedia_ann_4174,accessory,"headband, head covering, hair accessory",15,4174,../fashion_data/raw/fashionpedia/annotations/instances_attributes_val2020.json,1024,681,475.0000,183.0000,519.0000,206.0000,0.00145122,small,1,SEGREV1_0465,20260922,PASS_SOURCE_IMAGE_UNSEEN
prd_3_1_v1,REVIEW_CANDIDATE,Fashionpedia,../fashion_data/raw/fashionpedia/images/test/cc8f9e9034b24e6ce636b6b4694ef261.jpg,cc8f9e9034b24e6ce636b6b4694ef261.jpg,fashionpedia_ann_2715,accessory,watch,18,2715,../fashion_data/raw/fashionpedia/annotations/instances_attributes_val2020.json,683,1024,365.0000,314.0000,402.0000,367.0000,0.00280386,small,1,SEGREV1_0466,20260922,PASS_SOURCE_IMAGE_UNSEEN
prd_3_1_v1,REVIEW_CANDIDATE,Fashionpedia,../fashion_data/raw/fashionpedia/images/test/d14b58173e059b7d5592cc3eb115e1a4.jpg,d14b58173e059b7d5592cc3eb115e1a4.jpg,fashionpedia_ann_8125,accessory,hat,14,8125,../fashion_data/raw/fashionpedia/annotations/instances_attributes_val2020.json,1024,680,539.0000,45.0000,694.0000,133.0000,0.01958869,small,1,SEGREV1_0467,20260922,PASS_SOURCE_IMAGE_UNSEEN
prd_3_1_v1,REVIEW_CANDIDATE,Fashionpedia,../fashion_data/raw/fashionpedia/images/test/d451b646b79628026a369c045ed54462.jpg,d451b646b79628026a369c045ed54462.jpg,fashionpedia_ann_6404,accessory,scarf,25,6404,../fashion_data/raw/fashionpedia/annotations/instances_attributes_val2020.json,681,1024,261.0000,127.0000,470.0000,347.0000,0.06593589,medium,1,SEGREV1_0468,20260922,PASS_SOURCE_IMAGE_UNSEEN
prd_3_1_v1,REVIEW_CANDIDATE,Fashionpedia,../fashion_data/raw/fashionpedia/images/test/de3856d93bf781545f6453afbbeef077.jpg,de3856d93bf781545f6453afbbeef077.jpg,fashionpedia_ann_8235,accessory,sock,22,8235,../fashion_data/raw/fashionpedia/annotations/instances_attributes_val2020.json,632,1024,245.0000,707.0000,304.0000,880.0000,0.01577179,small,1,SEGREV1_0469,20260922,PASS_SOURCE_IMAGE_UNSEEN
prd_3_1_v1,REVIEW_CANDIDATE,Fashionpedia,../fashion_data/raw/fashionpedia/images/test/e10a8dac9a4b0e4bb4424593fe187953.jpg,e10a8dac9a4b0e4bb4424593fe187953.jpg,fashionpedia_ann_5316,accessory,belt,19,5316,../fashion_data/raw/fashionpedia/annotations/instances_attributes_val2020.json,682,1024,340.0000,590.0000,449.0000,804.0000,0.03340073,medium,1,SEGREV1_0470,20260922,PASS_SOURCE_IMAGE_UNSEEN
prd_3_1_v1,REVIEW_CANDIDATE,Fashionpedia,../fashion_data/raw/fashionpedia/images/test/e636280e96f3863157a4398c92fc299e.jpg,e636280e96f3863157a4398c92fc299e.jpg,fashionpedia_ann_8491,accessory,"tights, stockings",21,8491,../fashion_data/raw/fashionpedia/annotations/instances_attributes_val2020.json,682,1024,241.0000,655.0000,330.0000,890.0000,0.02994839,medium,1,SEGREV1_0471,20260922,PASS_SOURCE_IMAGE_UNSEEN
prd_3_1_v1,REVIEW_CANDIDATE,Fashionpedia,../fashion_data/raw/fashionpedia/images/test/e6468d04328e93755f40b49190b3f801.jpg,e6468d04328e93755f40b49190b3f801.jpg,fashionpedia_ann_1056,accessory,hat,14,1056,../fashion_data/raw/fashionpedia/annotations/instances_attributes_val2020.json,1024,680,406.0000,38.0000,580.0000,183.0000,0.03623334,medium,1,SEGREV1_0472,20260922,PASS_SOURCE_IMAGE_UNSEEN
prd_3_1_v1,REVIEW_CANDIDATE,Fashionpedia,../fashion_data/raw/fashionpedia/images/test/eb20c87403d09323d402b3461afbdb0e.jpg,eb20c87403d09323d402b3461afbdb0e.jpg,fashionpedia_ann_8408,accessory,"tights, stockings",21,8408,../fashion_data/raw/fashionpedia/annotations/instances_attributes_val2020.json,597,1024,327.0000,609.0000,408.0000,1021.0000,0.05458935,medium,1,SEGREV1_0473,20260922,PASS_SOURCE_IMAGE_UNSEEN
prd_3_1_v1,REVIEW_CANDIDATE,Fashionpedia,../fashion_data/raw/fashionpedia/images/test/efbbe5ebcc3c3ab9c8cea01fbeefded5.jpg,efbbe5ebcc3c3ab9c8cea01fbeefded5.jpg,fashionpedia_ann_6611,accessory,scarf,25,6611,../fashion_data/raw/fashionpedia/annotations/instances_attributes_val2020.json,683,1024,214.0000,191.0000,361.0000,618.0000,0.08974795,medium,1,SEGREV1_0474,20260922,PASS_SOURCE_IMAGE_UNSEEN
prd_3_1_v1,REVIEW_CANDIDATE,Fashionpedia,../fashion_data/raw/fashionpedia/images/test/f1413790cd71f17dfb71065d96263992.jpg,f1413790cd71f17dfb71065d96263992.jpg,fashionpedia_ann_7284,accessory,glasses,13,7284,../fashion_data/raw/fashionpedia/annotations/instances_attributes_val2020.json,682,1024,313.0000,529.0000,337.0000,586.0000,0.00195885,small,1,SEGREV1_0475,20260922,PASS_SOURCE_IMAGE_UNSEEN
prd_3_1_v1,REVIEW_CANDIDATE,Fashionpedia,../fashion_data/raw/fashionpedia/images/test/f33e666940ab7cb29212a29d4feda8ad.jpg,f33e666940ab7cb29212a29d4feda8ad.jpg,fashionpedia_ann_3083,accessory,belt,19,3083,../fashion_data/raw/fashionpedia/annotations/instances_attributes_val2020.json,683,1024,170.0000,446.0000,229.0000,626.0000,0.01518462,small,1,SEGREV1_0476,20260922,PASS_SOURCE_IMAGE_UNSEEN
prd_3_1_v1,REVIEW_CANDIDATE,Fashionpedia,../fashion_data/raw/fashionpedia/images/test/f90c231e3eab5e147368c77592b6a7f7.jpg,f90c231e3eab5e147368c77592b6a7f7.jpg,fashionpedia_ann_9086,accessory,hat,14,9086,../fashion_data/raw/fashionpedia/annotations/instances_attributes_val2020.json,683,1024,227.0000,84.0000,365.0000,173.0000,0.01756097,small,1,SEGREV1_0477,20260922,PASS_SOURCE_IMAGE_UNSEEN
prd_3_1_v1,REVIEW_CANDIDATE,Fashionpedia,../fashion_data/raw/fashionpedia/images/test/f9ee0a82d9419eaa76ead995add92565.jpg,f9ee0a82d9419eaa76ead995add92565.jpg,fashionpedia_ann_8811,accessory,"tights, stockings",21,8811,../fashion_data/raw/fashionpedia/annotations/instances_attributes_val2020.json,683,1024,290.0000,530.0000,354.0000,711.0000,0.01656296,small,1,SEGREV1_0478,20260922,PASS_SOURCE_IMAGE_UNSEEN
prd_3_1_v1,REVIEW_CANDIDATE,Fashionpedia,../fashion_data/raw/fashionpedia/images/test/fb81f1a32e154a77e683f309cdf0794a.jpg,fb81f1a32e154a77e683f309cdf0794a.jpg,fashionpedia_ann_1888,accessory,watch,18,1888,../fashion_data/raw/fashionpedia/annotations/instances_attributes_val2020.json,690,1024,310.0000,693.0000,373.0000,788.0000,0.00847062,small,1,SEGREV1_0479,20260922,PASS_SOURCE_IMAGE_UNSEEN
prd_3_1_v1,REVIEW_CANDIDATE,Fashionpedia,../fashion_data/raw/fashionpedia/images/test/fdcd3232350a031d96aae02b069b7f88.jpg,fdcd3232350a031d96aae02b069b7f88.jpg,fashionpedia_ann_6726,accessory,watch,18,6726,../fashion_data/raw/fashionpedia/annotations/instances_attributes_val2020.json,460,1024,333.0000,509.0000,371.0000,572.0000,0.00508237,small,1,SEGREV1_0480,20260922,PASS_SOURCE_IMAGE_UNSEEN
