source_dataset,source_image,source_image_name,annotation_path,annotation_id,garment_id,garment_category,fine_or_source_category,source_category_id,image_width,image_height,gt_bbox_x1,gt_bbox_y1,gt_bbox_x2,gt_bbox_y2,bbox_area_ratio,bbox_min_side_px,benchmark_version,review_subset,review_sample_id,gt_mask_path,gt_overlay_path,area_bin,minside_bin,absolute_small_object,human_review_status,qc_status,qc_reasons,image_exists,mask_exists,overlay_exists,image_width_actual,image_height_actual,mask_width_actual,mask_height_actual,dimensions_match,bbox_inside_image,mask_pixels,mask_bbox_x1,mask_bbox_y1,mask_bbox_x2,mask_bbox_y2,mask_bbox_iou_with_gt_bbox,mask_inside_bbox_ratio,mask_fill_ratio_in_bbox,connected_components,human_review_priority
DeepFashion2,../fashion_data/raw/train/train/image/139497.jpg,139497.jpg,../fashion_data/raw/train/train/annos/139497.json,,item1_long_sleeve_top,top,long_sleeve_top,2,709,511,198.0,3.0,424.0,232.0,0.14284886240370523,226.0,prd_3_1_v1,core,SEGCORE1_0001,benchmark/prd_3_1_v1/candidates/segmentation_core_stress_v1/masks/core/top/SEGCORE1_0001.png,benchmark/prd_3_1_v1/candidates/segmentation_core_stress_v1/overlays/core/top/SEGCORE1_0001.jpg,large_>=10%,>=100,0,unreviewed,PASS,,1,1,1,709,511,709,511,1,1,27788,207,13,423,232,0.914016,1.000000,0.536925,,20
DeepFashion2,../fashion_data/raw/train/train/image/184161.jpg,184161.jpg,../fashion_data/raw/train/train/annos/184161.json,,item4_long_sleeve_top,top,long_sleeve_top,2,750,475,465.0,118.0,516.0,170.0,0.007444210526315789,51.0,prd_3_1_v1,core,SEGCORE1_0002,benchmark/prd_3_1_v1/candidates/segmentation_core_stress_v1/masks/core/top/SEGCORE1_0002.png,benchmark/prd_3_1_v1/candidates/segmentation_core_stress_v1/overlays/core/top/SEGCORE1_0002.jpg,small_0.5-2%,50-99,1,unreviewed,FLAG,LOW_MASK_BBOX_IOU,1,1,1,750,475,750,475,1,1,1218,472,121,512,167,0.693816,1.000000,0.459276,,130
DeepFashion2,../fashion_data/raw/train/train/image/157361.jpg,157361.jpg,../fashion_data/raw/train/train/annos/157361.json,,item2_short_sleeve_top,top,short_sleeve_top,1,880,587,303.0,227.0,512.0,423.0,0.0793015332197615,196.0,prd_3_1_v1,core,SEGCORE1_0003,benchmark/prd_3_1_v1/candidates/segmentation_core_stress_v1/masks/core/top/SEGCORE1_0003.png,benchmark/prd_3_1_v1/candidates/segmentation_core_stress_v1/overlays/core/top/SEGCORE1_0003.jpg,medium_2-10%,>=100,0,unreviewed,FLAG,LOW_MASK_BBOX_IOU,1,1,1,880,587,880,587,1,1,22221,312,233,508,413,0.861244,1.000000,0.542452,,120
DeepFashion2,../fashion_data/raw/train/train/image/053896.jpg,053896.jpg,../fashion_data/raw/train/train/annos/053896.json,,item1_vest,top,vest,5,468,624,78.0,34.0,427.0,610.0,0.6883629191321499,349.0,prd_3_1_v1,core,SEGCORE1_0004,benchmark/prd_3_1_v1/candidates/segmentation_core_stress_v1/masks/core/top/SEGCORE1_0004.png,benchmark/prd_3_1_v1/candidates/segmentation_core_stress_v1/overlays/core/top/SEGCORE1_0004.jpg,large_>=10%,>=100,0,unreviewed,PASS,,1,1,1,468,624,468,624,1,1,136117,89,37,425,606,0.951051,1.000000,0.677118,,20
DeepFashion2,../fashion_data/raw/train/train/image/008751.jpg,008751.jpg,../fashion_data/raw/train/train/annos/008751.json,,item2_sling,top,sling,6,650,451,290.0,96.0,354.0,167.0,0.015500596964011598,64.0,prd_3_1_v1,core,SEGCORE1_0005,benchmark/prd_3_1_v1/candidates/segmentation_core_stress_v1/masks/core/top/SEGCORE1_0005.png,benchmark/prd_3_1_v1/candidates/segmentation_core_stress_v1/overlays/core/top/SEGCORE1_0005.jpg,small_0.5-2%,50-99,1,unreviewed,FLAG,LOW_MASK_BBOX_IOU|MASK_OUTSIDE_BBOX,1,1,1,650,451,650,451,1,1,819,295,97,358,166,0.844606,0.952381,0.180238,,130
DeepFashion2,../fashion_data/raw/train/train/image/177014.jpg,177014.jpg,../fashion_data/raw/train/train/annos/177014.json,,item1_short_sleeve_top,top,short_sleeve_top,1,468,624,194.0,198.0,262.0,263.0,0.015135327635327635,65.0,prd_3_1_v1,core,SEGCORE1_0006,benchmark/prd_3_1_v1/candidates/segmentation_core_stress_v1/masks/core/top/SEGCORE1_0006.png,benchmark/prd_3_1_v1/candidates/segmentation_core_stress_v1/overlays/core/top/SEGCORE1_0006.jpg,small_0.5-2%,50-99,1,unreviewed,FLAG,LOW_MASK_BBOX_IOU,1,1,1,468,624,468,624,1,1,2445,195,201,260,262,0.897059,1.000000,0.553167,,130
DeepFashion2,../fashion_data/raw/train/train/image/035517.jpg,035517.jpg,../fashion_data/raw/train/train/annos/035517.json,,item2_vest,top,vest,5,750,994,268.0,437.0,365.0,588.0,0.019647216633132125,97.0,prd_3_1_v1,core,SEGCORE1_0007,benchmark/prd_3_1_v1/candidates/segmentation_core_stress_v1/masks/core/top/SEGCORE1_0007.png,benchmark/prd_3_1_v1/candidates/segmentation_core_stress_v1/overlays/core/top/SEGCORE1_0007.jpg,small_0.5-2%,50-99,1,unreviewed,PASS,,1,1,1,750,994,750,994,1,1,10239,268,438,363,588,0.972895,1.000000,0.699051,,30
DeepFashion2,../fashion_data/raw/train/train/image/037085.jpg,037085.jpg,../fashion_data/raw/train/train/annos/037085.json,,item1_sling,top,sling,6,640,960,77.0,357.0,424.0,631.0,0.15474934895833334,274.0,prd_3_1_v1,core,SEGCORE1_0008,benchmark/prd_3_1_v1/candidates/segmentation_core_stress_v1/masks/core/top/SEGCORE1_0008.png,benchmark/prd_3_1_v1/candidates/segmentation_core_stress_v1/overlays/core/top/SEGCORE1_0008.jpg,large_>=10%,>=100,0,unreviewed,FLAG,LOW_MASK_BBOX_IOU|MASK_OUTSIDE_BBOX,1,1,1,640,960,640,960,1,1,18994,149,383,360,665,0.511755,0.865063,0.199773,,120
DeepFashion2,../fashion_data/raw/train/train/image/151882.jpg,151882.jpg,../fashion_data/raw/train/train/annos/151882.json,,item2_long_sleeve_top,top,long_sleeve_top,2,700,1050,176.0,205.0,472.0,451.0,0.09906938775510205,246.0,prd_3_1_v1,core,SEGCORE1_0009,benchmark/prd_3_1_v1/candidates/segmentation_core_stress_v1/masks/core/top/SEGCORE1_0009.png,benchmark/prd_3_1_v1/candidates/segmentation_core_stress_v1/overlays/core/top/SEGCORE1_0009.jpg,medium_2-10%,>=100,0,unreviewed,PASS,,1,1,1,700,1050,700,1050,1,1,38766,180,212,468,447,0.929466,1.000000,0.532383,,20
DeepFashion2,../fashion_data/raw/train/train/image/043213.jpg,043213.jpg,../fashion_data/raw/train/train/annos/043213.json,,item1_short_sleeve_top,top,short_sleeve_top,1,468,702,66.0,172.0,385.0,563.0,0.3796509362748679,319.0,prd_3_1_v1,core,SEGCORE1_0010,benchmark/prd_3_1_v1/candidates/segmentation_core_stress_v1/masks/core/top/SEGCORE1_0010.png,benchmark/prd_3_1_v1/candidates/segmentation_core_stress_v1/overlays/core/top/SEGCORE1_0010.jpg,large_>=10%,>=100,0,unreviewed,PASS,,1,1,1,468,702,468,702,1,1,69970,75,176,377,557,0.922496,1.000000,0.560976,,20
DeepFashion2,../fashion_data/raw/train/train/image/087562.jpg,087562.jpg,../fashion_data/raw/train/train/annos/087562.json,,item1_sling,top,sling,6,880,1320,358.0,277.0,545.0,449.0,0.02768939393939394,172.0,prd_3_1_v1,core,SEGCORE1_0011,benchmark/prd_3_1_v1/candidates/segmentation_core_stress_v1/masks/core/top/SEGCORE1_0011.png,benchmark/prd_3_1_v1/candidates/segmentation_core_stress_v1/overlays/core/top/SEGCORE1_0011.jpg,medium_2-10%,>=100,0,unreviewed,FLAG,LOW_MASK_BBOX_IOU,1,1,1,880,1320,880,1320,1,1,17469,374,275,547,449,0.895233,0.995306,0.543123,,120
DeepFashion2,../fashion_data/raw/train/train/image/003154.jpg,003154.jpg,../fashion_data/raw/train/train/annos/003154.json,,item2_vest,top,vest,5,750,989,313.0,171.0,457.0,408.0,0.046010111223458036,144.0,prd_3_1_v1,core,SEGCORE1_0012,benchmark/prd_3_1_v1/candidates/segmentation_core_stress_v1/masks/core/top/SEGCORE1_0012.png,benchmark/prd_3_1_v1/candidates/segmentation_core_stress_v1/overlays/core/top/SEGCORE1_0012.jpg,medium_2-10%,>=100,0,unreviewed,PASS,,1,1,1,750,989,750,989,1,1,24412,317,177,456,400,0.908257,1.000000,0.715307,,20
DeepFashion2,../fashion_data/raw/train/train/image/151693.jpg,151693.jpg,../fashion_data/raw/train/train/annos/151693.json,,item1_long_sleeve_top,top,long_sleeve_top,2,468,625,0.0,305.0,467.0,624.0,0.5093094017094018,319.0,prd_3_1_v1,core,SEGCORE1_0013,benchmark/prd_3_1_v1/candidates/segmentation_core_stress_v1/masks/core/top/SEGCORE1_0013.png,benchmark/prd_3_1_v1/candidates/segmentation_core_stress_v1/overlays/core/top/SEGCORE1_0013.jpg,large_>=10%,>=100,0,unreviewed,PASS,,1,1,1,468,625,468,625,1,1,121327,1,305,468,625,0.992621,0.996159,0.814423,,20
DeepFashion2,../fashion_data/raw/train/train/image/151041.jpg,151041.jpg,../fashion_data/raw/train/train/annos/151041.json,,item3_long_sleeve_top,top,long_sleeve_top,2,750,1142,626.0,575.0,730.0,720.0,0.017606538237011093,104.0,prd_3_1_v1,core,SEGCORE1_0014,benchmark/prd_3_1_v1/candidates/segmentation_core_stress_v1/masks/core/top/SEGCORE1_0014.png,benchmark/prd_3_1_v1/candidates/segmentation_core_stress_v1/overlays/core/top/SEGCORE1_0014.jpg,small_0.5-2%,>=100,1,unreviewed,FLAG,LOW_MASK_BBOX_IOU,1,1,1,750,1142,750,1142,1,1,10042,632,578,729,713,0.868369,1.000000,0.665915,,130
DeepFashion2,../fashion_data/raw/train/train/image/157158.jpg,157158.jpg,../fashion_data/raw/train/train/annos/157158.json,,item1_short_sleeve_top,top,short_sleeve_top,1,700,819,264.0,187.0,442.0,367.0,0.05588697017268446,178.0,prd_3_1_v1,core,SEGCORE1_0015,benchmark/prd_3_1_v1/candidates/segmentation_core_stress_v1/masks/core/top/SEGCORE1_0015.png,benchmark/prd_3_1_v1/candidates/segmentation_core_stress_v1/overlays/core/top/SEGCORE1_0015.jpg,medium_2-10%,>=100,0,unreviewed,FLAG,LOW_MASK_BBOX_IOU,1,1,1,700,819,700,819,1,1,19345,271,196,432,363,0.839170,1.000000,0.603777,,120
DeepFashion2,../fashion_data/raw/train/train/image/183243.jpg,183243.jpg,../fashion_data/raw/train/train/annos/183243.json,,item1_vest,top,vest,5,468,646,189.0,217.0,367.0,448.0,0.13600460427085814,178.0,prd_3_1_v1,core,SEGCORE1_0016,benchmark/prd_3_1_v1/candidates/segmentation_core_stress_v1/masks/core/top/SEGCORE1_0016.png,benchmark/prd_3_1_v1/candidates/segmentation_core_stress_v1/overlays/core/top/SEGCORE1_0016.jpg,large_>=10%,>=100,0,unreviewed,FLAG,LOW_MASK_BBOX_IOU,1,1,1,468,646,468,646,1,1,23725,195,225,350,443,0.821781,1.000000,0.576998,,120
DeepFashion2,../fashion_data/raw/train/train/image/166308.jpg,166308.jpg,../fashion_data/raw/train/train/annos/166308.json,,item2_sling,top,sling,6,640,450,336.0,100.0,398.0,191.0,0.01959027777777778,62.0,prd_3_1_v1,core,SEGCORE1_0017,benchmark/prd_3_1_v1/candidates/segmentation_core_stress_v1/masks/core/top/SEGCORE1_0017.png,benchmark/prd_3_1_v1/candidates/segmentation_core_stress_v1/overlays/core/top/SEGCORE1_0017.jpg,small_0.5-2%,50-99,1,unreviewed,FLAG,LOW_MASK_BBOX_IOU,1,1,1,640,450,640,450,1,1,2770,339,102,394,184,0.799362,1.000000,0.490961,,130
DeepFashion2,../fashion_data/raw/train/train/image/000030.jpg,000030.jpg,../fashion_data/raw/train/train/annos/000030.json,,item2_short_sleeve_top,top,short_sleeve_top,1,640,414,301.0,173.0,361.0,241.0,0.015398550724637682,60.0,prd_3_1_v1,core,SEGCORE1_0018,benchmark/prd_3_1_v1/candidates/segmentation_core_stress_v1/masks/core/top/SEGCORE1_0018.png,benchmark/prd_3_1_v1/candidates/segmentation_core_stress_v1/overlays/core/top/SEGCORE1_0018.jpg,small_0.5-2%,50-99,1,unreviewed,FLAG,LOW_MASK_BBOX_IOU,1,1,1,640,414,640,414,1,1,2884,302,175,359,238,0.880147,1.000000,0.706863,,130
DeepFashion2,../fashion_data/raw/train/train/image/130381.jpg,130381.jpg,../fashion_data/raw/train/train/annos/130381.json,,item2_vest,top,vest,5,880,1034,373.0,360.0,490.0,489.0,0.0165871724986812,117.0,prd_3_1_v1,core,SEGCORE1_0019,benchmark/prd_3_1_v1/candidates/segmentation_core_stress_v1/masks/core/top/SEGCORE1_0019.png,benchmark/prd_3_1_v1/candidates/segmentation_core_stress_v1/overlays/core/top/SEGCORE1_0019.jpg,small_0.5-2%,>=100,1,unreviewed,FLAG,LOW_MASK_BBOX_IOU,1,1,1,880,1034,880,1034,1,1,10006,379,365,487,479,0.815742,1.000000,0.662956,,130
DeepFashion2,../fashion_data/raw/train/train/image/042495.jpg,042495.jpg,../fashion_data/raw/train/train/annos/042495.json,,item1_sling,top,sling,6,468,702,118.0,168.0,356.0,414.0,0.17820878077288332,238.0,prd_3_1_v1,core,SEGCORE1_0020,benchmark/prd_3_1_v1/candidates/segmentation_core_stress_v1/masks/core/top/SEGCORE1_0020.png,benchmark/prd_3_1_v1/candidates/segmentation_core_stress_v1/overlays/core/top/SEGCORE1_0020.jpg,large_>=10%,>=100,0,unreviewed,FLAG,LOW_MASK_BBOX_IOU,1,1,1,468,702,468,702,1,1,22987,151,177,336,419,0.737225,0.996694,0.392618,,120
DeepFashion2,../fashion_data/raw/train/train/image/189305.jpg,189305.jpg,../fashion_data/raw/train/train/annos/189305.json,,item1_long_sleeve_top,top,long_sleeve_top,2,750,500,317.0,166.0,410.0,355.0,0.046872,93.0,prd_3_1_v1,core,SEGCORE1_0021,benchmark/prd_3_1_v1/candidates/segmentation_core_stress_v1/masks/core/top/SEGCORE1_0021.png,benchmark/prd_3_1_v1/candidates/segmentation_core_stress_v1/overlays/core/top/SEGCORE1_0021.jpg,medium_2-10%,50-99,0,unreviewed,FLAG,LOW_MASK_BBOX_IOU,1,1,1,750,500,750,500,1,1,10080,324,177,407,350,0.816920,1.000000,0.573477,,120
DeepFashion2,../fashion_data/raw/train/train/image/037017.jpg,037017.jpg,../fashion_data/raw/train/train/annos/037017.json,,item2_short_sleeve_top,top,short_sleeve_top,1,468,701,323.0,7.0,467.0,283.0,0.12114561615274883,144.0,prd_3_1_v1,core,SEGCORE1_0022,benchmark/prd_3_1_v1/candidates/segmentation_core_stress_v1/masks/core/top/SEGCORE1_0022.png,benchmark/prd_3_1_v1/candidates/segmentation_core_stress_v1/overlays/core/top/SEGCORE1_0022.jpg,large_>=10%,>=100,0,unreviewed,PASS,,1,1,1,468,701,468,701,1,1,21362,329,9,467,276,0.927083,1.000000,0.537490,,20
DeepFashion2,../fashion_data/raw/train/train/image/097678.jpg,097678.jpg,../fashion_data/raw/train/train/annos/097678.json,,item1_sling,top,sling,6,750,505,97.0,3.0,228.0,78.0,0.02594059405940594,75.0,prd_3_1_v1,core,SEGCORE1_0023,benchmark/prd_3_1_v1/candidates/segmentation_core_stress_v1/masks/core/top/SEGCORE1_0023.png,benchmark/prd_3_1_v1/candidates/segmentation_core_stress_v1/overlays/core/top/SEGCORE1_0023.jpg,medium_2-10%,50-99,0,unreviewed,FLAG,LOW_MASK_BBOX_IOU,1,1,1,750,505,750,505,1,1,4198,118,4,222,65,0.645700,1.000000,0.427277,,120
DeepFashion2,../fashion_data/raw/train/train/image/136524.jpg,136524.jpg,../fashion_data/raw/train/train/annos/136524.json,,item1_vest,top,vest,5,640,960,284.0,452.0,407.0,607.0,0.0310302734375,123.0,prd_3_1_v1,core,SEGCORE1_0024,benchmark/prd_3_1_v1/candidates/segmentation_core_stress_v1/masks/core/top/SEGCORE1_0024.png,benchmark/prd_3_1_v1/candidates/segmentation_core_stress_v1/overlays/core/top/SEGCORE1_0024.jpg,medium_2-10%,>=100,0,unreviewed,FLAG,LOW_MASK_BBOX_IOU,1,1,1,640,960,640,960,1,1,12135,291,464,407,602,0.839654,1.000000,0.636507,,120
DeepFashion2,../fashion_data/raw/train/train/image/085563.jpg,085563.jpg,../fashion_data/raw/train/train/annos/085563.json,,item1_long_sleeve_top,top,long_sleeve_top,2,640,928,165.0,173.0,459.0,524.0,0.17375067349137932,294.0,prd_3_1_v1,core,SEGCORE1_0025,benchmark/prd_3_1_v1/candidates/segmentation_core_stress_v1/masks/core/top/SEGCORE1_0025.png,benchmark/prd_3_1_v1/candidates/segmentation_core_stress_v1/overlays/core/top/SEGCORE1_0025.jpg,large_>=10%,>=100,0,unreviewed,FLAG,LOW_MASK_BBOX_IOU,1,1,1,640,928,640,928,1,1,43110,181,186,390,497,0.629872,1.000000,0.417757,,120
DeepFashion2,../fashion_data/raw/train/train/image/180680.jpg,180680.jpg,../fashion_data/raw/train/train/annos/180680.json,,item2_long_sleeve_top,top,long_sleeve_top,2,880,1108,326.0,592.0,460.0,713.0,0.016629061371841156,121.0,prd_3_1_v1,core,SEGCORE1_0026,benchmark/prd_3_1_v1/candidates/segmentation_core_stress_v1/masks/core/top/SEGCORE1_0026.png,benchmark/prd_3_1_v1/candidates/segmentation_core_stress_v1/overlays/core/top/SEGCORE1_0026.jpg,small_0.5-2%,>=100,1,unreviewed,FLAG,LOW_MASK_BBOX_IOU,1,1,1,880,1108,880,1108,1,1,9195,340,601,448,702,0.672752,1.000000,0.567103,,130
DeepFashion2,../fashion_data/raw/train/train/image/170967.jpg,170967.jpg,../fashion_data/raw/train/train/annos/170967.json,,item1_short_sleeve_top,top,short_sleeve_top,1,468,624,135.0,131.0,294.0,278.0,0.08003574950690336,147.0,prd_3_1_v1,core,SEGCORE1_0027,benchmark/prd_3_1_v1/candidates/segmentation_core_stress_v1/masks/core/top/SEGCORE1_0027.png,benchmark/prd_3_1_v1/candidates/segmentation_core_stress_v1/overlays/core/top/SEGCORE1_0027.jpg,medium_2-10%,>=100,0,unreviewed,FLAG,LOW_MASK_BBOX_IOU,1,1,1,468,624,468,624,1,1,14231,148,138,294,270,0.824541,1.000000,0.608865,,120
DeepFashion2,../fashion_data/raw/train/train/image/125923.jpg,125923.jpg,../fashion_data/raw/train/train/annos/125923.json,,item1_vest,top,vest,5,468,702,6.0,4.0,436.0,701.0,0.9122592349088076,430.0,prd_3_1_v1,core,SEGCORE1_0028,benchmark/prd_3_1_v1/candidates/segmentation_core_stress_v1/masks/core/top/SEGCORE1_0028.png,benchmark/prd_3_1_v1/candidates/segmentation_core_stress_v1/overlays/core/top/SEGCORE1_0028.jpg,large_>=10%,>=100,0,unreviewed,PASS,,1,1,1,468,702,468,702,1,1,211667,21,9,416,694,0.902789,1.000000,0.706239,,20
DeepFashion2,../fashion_data/raw/train/train/image/147653.jpg,147653.jpg,../fashion_data/raw/train/train/annos/147653.json,,item3_sling,top,sling,6,640,960,122.0,146.0,220.0,236.0,0.01435546875,90.0,prd_3_1_v1,core,SEGCORE1_0029,benchmark/prd_3_1_v1/candidates/segmentation_core_stress_v1/masks/core/top/SEGCORE1_0029.png,benchmark/prd_3_1_v1/candidates/segmentation_core_stress_v1/overlays/core/top/SEGCORE1_0029.jpg,small_0.5-2%,50-99,1,unreviewed,PASS,,1,1,1,640,960,640,960,1,1,4450,124,149,219,236,0.937075,1.000000,0.504535,,30
DeepFashion2,../fashion_data/raw/train/train/image/103900.jpg,103900.jpg,../fashion_data/raw/train/train/annos/103900.json,,item2_short_sleeve_top,top,short_sleeve_top,1,818,706,344.0,33.0,458.0,132.0,0.01954258642304522,99.0,prd_3_1_v1,core,SEGCORE1_0030,benchmark/prd_3_1_v1/candidates/segmentation_core_stress_v1/masks/core/top/SEGCORE1_0030.png,benchmark/prd_3_1_v1/candidates/segmentation_core_stress_v1/overlays/core/top/SEGCORE1_0030.jpg,small_0.5-2%,50-99,1,unreviewed,FLAG,LOW_MASK_BBOX_IOU,1,1,1,818,706,818,706,1,1,9331,349,35,455,129,0.882864,1.000000,0.826777,,130
DeepFashion2,../fashion_data/raw/train/train/image/170129.jpg,170129.jpg,../fashion_data/raw/train/train/annos/170129.json,,item1_vest,top,vest,5,640,500,259.0,142.0,343.0,217.0,0.0196875,75.0,prd_3_1_v1,core,SEGCORE1_0031,benchmark/prd_3_1_v1/candidates/segmentation_core_stress_v1/masks/core/top/SEGCORE1_0031.png,benchmark/prd_3_1_v1/candidates/segmentation_core_stress_v1/overlays/core/top/SEGCORE1_0031.jpg,small_0.5-2%,50-99,1,unreviewed,FLAG,LOW_MASK_BBOX_IOU,1,1,1,640,500,640,500,1,1,3849,261,143,339,214,0.879048,1.000000,0.610952,,130
DeepFashion2,../fashion_data/raw/train/train/image/095959.jpg,095959.jpg,../fashion_data/raw/train/train/annos/095959.json,,item1_sling,top,sling,6,640,640,0.0,17.0,512.0,639.0,0.7775,512.0,prd_3_1_v1,core,SEGCORE1_0032,benchmark/prd_3_1_v1/candidates/segmentation_core_stress_v1/masks/core/top/SEGCORE1_0032.png,benchmark/prd_3_1_v1/candidates/segmentation_core_stress_v1/overlays/core/top/SEGCORE1_0032.jpg,large_>=10%,>=100,0,unreviewed,PASS,,1,1,1,640,640,640,640,1,1,171905,4,30,510,640,0.966091,0.998639,0.539794,,20
DeepFashion2,../fashion_data/raw/train/train/image/163136.jpg,163136.jpg,../fashion_data/raw/train/train/annos/163136.json,,item2_long_sleeve_top,top,long_sleeve_top,2,468,702,80.0,1.0,388.0,76.0,0.07031192928628827,75.0,prd_3_1_v1,core,SEGCORE1_0033,benchmark/prd_3_1_v1/candidates/segmentation_core_stress_v1/masks/core/top/SEGCORE1_0033.png,benchmark/prd_3_1_v1/candidates/segmentation_core_stress_v1/overlays/core/top/SEGCORE1_0033.jpg,medium_2-10%,50-99,0,unreviewed,FLAG,LOW_MASK_BBOX_IOU,1,1,1,468,702,468,702,1,1,11788,125,2,384,67,0.728788,1.000000,0.510303,,120
DeepFashion2,../fashion_data/raw/train/train/image/177143.jpg,177143.jpg,../fashion_data/raw/train/train/annos/177143.json,,item1_short_sleeve_top,top,short_sleeve_top,1,750,679,191.0,7.0,596.0,519.0,0.4071870397643593,405.0,prd_3_1_v1,core,SEGCORE1_0034,benchmark/prd_3_1_v1/candidates/segmentation_core_stress_v1/masks/core/top/SEGCORE1_0034.png,benchmark/prd_3_1_v1/candidates/segmentation_core_stress_v1/overlays/core/top/SEGCORE1_0034.jpg,large_>=10%,>=100,0,unreviewed,PASS,,1,1,1,750,679,750,679,1,1,128804,202,18,587,510,0.913484,1.000000,0.621161,,20
DeepFashion2,../fashion_data/raw/train/train/image/125786.jpg,125786.jpg,../fashion_data/raw/train/train/annos/125786.json,,item2_sling,top,sling,6,640,641,254.0,252.0,345.0,358.0,0.023513065522620905,91.0,prd_3_1_v1,core,SEGCORE1_0035,benchmark/prd_3_1_v1/candidates/segmentation_core_stress_v1/masks/core/top/SEGCORE1_0035.png,benchmark/prd_3_1_v1/candidates/segmentation_core_stress_v1/overlays/core/top/SEGCORE1_0035.jpg,medium_2-10%,50-99,0,unreviewed,FLAG,LOW_MASK_BBOX_IOU,1,1,1,640,641,640,641,1,1,3729,264,257,344,354,0.804479,1.000000,0.386585,,120
DeepFashion2,../fashion_data/raw/train/train/image/164987.jpg,164987.jpg,../fashion_data/raw/train/train/annos/164987.json,,item1_vest,top,vest,5,755,819,172.0,458.0,324.0,656.0,0.04867185794338112,152.0,prd_3_1_v1,core,SEGCORE1_0036,benchmark/prd_3_1_v1/candidates/segmentation_core_stress_v1/masks/core/top/SEGCORE1_0036.png,benchmark/prd_3_1_v1/candidates/segmentation_core_stress_v1/overlays/core/top/SEGCORE1_0036.jpg,medium_2-10%,>=100,0,unreviewed,FLAG,LOW_MASK_BBOX_IOU,1,1,1,755,819,755,819,1,1,12513,193,469,323,643,0.751595,1.000000,0.415770,,120
DeepFashion2,../fashion_data/raw/train/train/image/134988.jpg,134988.jpg,../fashion_data/raw/train/train/annos/134988.json,,item2_long_sleeve_top,top,long_sleeve_top,2,640,960,191.0,319.0,473.0,617.0,0.13677734375,282.0,prd_3_1_v1,core,SEGCORE1_0037,benchmark/prd_3_1_v1/candidates/segmentation_core_stress_v1/masks/core/top/SEGCORE1_0037.png,benchmark/prd_3_1_v1/candidates/segmentation_core_stress_v1/overlays/core/top/SEGCORE1_0037.jpg,large_>=10%,>=100,0,unreviewed,FLAG,LOW_MASK_BBOX_IOU,1,1,1,640,960,640,960,1,1,35129,205,330,454,608,0.823718,1.000000,0.418023,,120
DeepFashion2,../fashion_data/raw/train/train/image/124000.jpg,124000.jpg,../fashion_data/raw/train/train/annos/124000.json,,item2_long_sleeve_top,top,long_sleeve_top,2,750,908,322.0,559.0,425.0,671.0,0.016939794419970632,103.0,prd_3_1_v1,core,SEGCORE1_0038,benchmark/prd_3_1_v1/candidates/segmentation_core_stress_v1/masks/core/top/SEGCORE1_0038.png,benchmark/prd_3_1_v1/candidates/segmentation_core_stress_v1/overlays/core/top/SEGCORE1_0038.jpg,small_0.5-2%,>=100,1,unreviewed,FLAG,LOW_MASK_BBOX_IOU,1,1,1,750,908,750,908,1,1,6085,325,565,424,669,0.892510,1.000000,0.527479,,130
DeepFashion2,../fashion_data/raw/train/train/image/189034.jpg,189034.jpg,../fashion_data/raw/train/train/annos/189034.json,,item1_short_sleeve_top,top,short_sleeve_top,1,850,818,328.0,229.0,468.0,404.0,0.03523658852293974,140.0,prd_3_1_v1,core,SEGCORE1_0039,benchmark/prd_3_1_v1/candidates/segmentation_core_stress_v1/masks/core/top/SEGCORE1_0039.png,benchmark/prd_3_1_v1/candidates/segmentation_core_stress_v1/overlays/core/top/SEGCORE1_0039.jpg,medium_2-10%,>=100,0,unreviewed,FLAG,LOW_MASK_BBOX_IOU,1,1,1,850,818,850,818,1,1,11703,342,248,452,391,0.642041,1.000000,0.477673,,120
DeepFashion2,../fashion_data/raw/train/train/image/154454.jpg,154454.jpg,../fashion_data/raw/train/train/annos/154454.json,,item1_vest,top,vest,5,368,552,0.0,0.0,340.0,551.0,0.9222392879647133,340.0,prd_3_1_v1,core,SEGCORE1_0040,benchmark/prd_3_1_v1/candidates/segmentation_core_stress_v1/masks/core/top/SEGCORE1_0040.png,benchmark/prd_3_1_v1/candidates/segmentation_core_stress_v1/overlays/core/top/SEGCORE1_0040.jpg,large_>=10%,>=100,0,unreviewed,PASS,,1,1,1,368,552,368,552,1,1,137661,8,4,322,552,0.915291,0.999993,0.734819,,20
DeepFashion2,../fashion_data/raw/train/train/image/135480.jpg,135480.jpg,../fashion_data/raw/train/train/annos/135480.json,,item1_sling,top,sling,6,468,832,216.0,228.0,282.0,312.0,0.014238165680473373,66.0,prd_3_1_v1,core,SEGCORE1_0041,benchmark/prd_3_1_v1/candidates/segmentation_core_stress_v1/masks/core/top/SEGCORE1_0041.png,benchmark/prd_3_1_v1/candidates/segmentation_core_stress_v1/overlays/core/top/SEGCORE1_0041.jpg,small_0.5-2%,50-99,1,unreviewed,PASS,,1,1,1,468,832,468,832,1,1,3771,217,228,281,311,0.958153,1.000000,0.680195,,30
DeepFashion2,../fashion_data/raw/train/train/image/069374.jpg,069374.jpg,../fashion_data/raw/train/train/annos/069374.json,,item1_short_sleeve_top,top,short_sleeve_top,1,790,607,342.0,275.0,440.0,352.0,0.015736241736700518,77.0,prd_3_1_v1,core,SEGCORE1_0042,benchmark/prd_3_1_v1/candidates/segmentation_core_stress_v1/masks/core/top/SEGCORE1_0042.png,benchmark/prd_3_1_v1/candidates/segmentation_core_stress_v1/overlays/core/top/SEGCORE1_0042.jpg,small_0.5-2%,50-99,1,unreviewed,FLAG,LOW_MASK_BBOX_IOU,1,1,1,790,607,790,607,1,1,3624,352,280,436,342,0.690167,1.000000,0.480254,,130
DeepFashion2,../fashion_data/raw/train/train/image/176527.jpg,176527.jpg,../fashion_data/raw/train/train/annos/176527.json,,item1_vest,top,vest,5,468,624,258.0,240.0,321.0,322.0,0.01768984220907298,63.0,prd_3_1_v1,core,SEGCORE1_0043,benchmark/prd_3_1_v1/candidates/segmentation_core_stress_v1/masks/core/top/SEGCORE1_0043.png,benchmark/prd_3_1_v1/candidates/segmentation_core_stress_v1/overlays/core/top/SEGCORE1_0043.jpg,small_0.5-2%,50-99,1,unreviewed,FLAG,LOW_MASK_BBOX_IOU,1,1,1,468,624,468,624,1,1,2811,267,241,317,318,0.745257,1.000000,0.544135,,130
DeepFashion2,../fashion_data/raw/train/train/image/044433.jpg,044433.jpg,../fashion_data/raw/train/train/annos/044433.json,,item1_sling,top,sling,6,700,610,249.0,200.0,440.0,455.0,0.1140632318501171,191.0,prd_3_1_v1,core,SEGCORE1_0044,benchmark/prd_3_1_v1/candidates/segmentation_core_stress_v1/masks/core/top/SEGCORE1_0044.png,benchmark/prd_3_1_v1/candidates/segmentation_core_stress_v1/overlays/core/top/SEGCORE1_0044.jpg,large_>=10%,>=100,0,unreviewed,PASS,,1,1,1,700,610,700,610,1,1,24093,251,204,437,453,0.950909,1.000000,0.494672,,20
DeepFashion2,../fashion_data/raw/train/train/image/179803.jpg,179803.jpg,../fashion_data/raw/train/train/annos/179803.json,,item2_long_sleeve_top,top,long_sleeve_top,2,468,702,171.0,152.0,340.0,320.0,0.08641975308641975,168.0,prd_3_1_v1,core,SEGCORE1_0045,benchmark/prd_3_1_v1/candidates/segmentation_core_stress_v1/masks/core/top/SEGCORE1_0045.png,benchmark/prd_3_1_v1/candidates/segmentation_core_stress_v1/overlays/core/top/SEGCORE1_0045.jpg,medium_2-10%,>=100,0,unreviewed,PASS,,1,1,1,468,702,468,702,1,1,17345,173,154,337,319,0.953085,1.000000,0.610912,,20
DeepFashion2,../fashion_data/raw/train/train/image/135885.jpg,135885.jpg,../fashion_data/raw/train/train/annos/135885.json,,item1_short_sleeve_top,top,short_sleeve_top,1,468,624,14.0,118.0,386.0,403.0,0.3630424063116371,285.0,prd_3_1_v1,core,SEGCORE1_0046,benchmark/prd_3_1_v1/candidates/segmentation_core_stress_v1/masks/core/top/SEGCORE1_0046.png,benchmark/prd_3_1_v1/candidates/segmentation_core_stress_v1/overlays/core/top/SEGCORE1_0046.jpg,large_>=10%,>=100,0,unreviewed,PASS,,1,1,1,468,624,468,624,1,1,54364,20,123,380,394,0.920204,1.000000,0.512771,,20
DeepFashion2,../fashion_data/raw/train/train/image/037086.jpg,037086.jpg,../fashion_data/raw/train/train/annos/037086.json,,item1_sling,top,sling,6,640,960,199.0,318.0,464.0,528.0,0.090576171875,210.0,prd_3_1_v1,core,SEGCORE1_0047,benchmark/prd_3_1_v1/candidates/segmentation_core_stress_v1/masks/core/top/SEGCORE1_0047.png,benchmark/prd_3_1_v1/candidates/segmentation_core_stress_v1/overlays/core/top/SEGCORE1_0047.jpg,medium_2-10%,>=100,0,unreviewed,FLAG,LOW_MASK_BBOX_IOU,1,1,1,640,960,640,960,1,1,3501,253,341,410,497,0.440108,1.000000,0.062911,,120
DeepFashion2,../fashion_data/raw/train/train/image/181040.jpg,181040.jpg,../fashion_data/raw/train/train/annos/181040.json,,item1_vest,top,vest,5,750,925,345.0,325.0,477.0,508.0,0.03481945945945946,132.0,prd_3_1_v1,core,SEGCORE1_0048,benchmark/prd_3_1_v1/candidates/segmentation_core_stress_v1/masks/core/top/SEGCORE1_0048.png,benchmark/prd_3_1_v1/candidates/segmentation_core_stress_v1/overlays/core/top/SEGCORE1_0048.jpg,medium_2-10%,>=100,0,unreviewed,FLAG,LOW_MASK_BBOX_IOU,1,1,1,750,925,750,925,1,1,16197,349,327,471,503,0.888889,1.000000,0.670517,,120
DeepFashion2,../fashion_data/raw/train/train/image/150280.jpg,150280.jpg,../fashion_data/raw/train/train/annos/150280.json,,item1_long_sleeve_top,top,long_sleeve_top,2,450,800,0.0,165.0,448.0,799.0,0.7889777777777778,448.0,prd_3_1_v1,core,SEGCORE1_0049,benchmark/prd_3_1_v1/candidates/segmentation_core_stress_v1/masks/core/top/SEGCORE1_0049.png,benchmark/prd_3_1_v1/candidates/segmentation_core_stress_v1/overlays/core/top/SEGCORE1_0049.jpg,large_>=10%,>=100,0,unreviewed,PASS,,1,1,1,450,800,450,800,1,1,186355,4,182,449,800,0.960904,0.999131,0.656106,,20
DeepFashion2,../fashion_data/raw/train/train/image/169170.jpg,169170.jpg,../fashion_data/raw/train/train/annos/169170.json,,item1_long_sleeve_top,top,long_sleeve_top,2,468,624,223.0,272.0,283.0,362.0,0.01849112426035503,60.0,prd_3_1_v1,core,SEGCORE1_0050,benchmark/prd_3_1_v1/candidates/segmentation_core_stress_v1/masks/core/top/SEGCORE1_0050.png,benchmark/prd_3_1_v1/candidates/segmentation_core_stress_v1/overlays/core/top/SEGCORE1_0050.jpg,small_0.5-2%,50-99,1,unreviewed,FLAG,LOW_MASK_BBOX_IOU,1,1,1,468,624,468,624,1,1,1528,233,275,281,346,0.631111,1.000000,0.282963,,130
DeepFashion2,../fashion_data/raw/train/train/image/166745.jpg,166745.jpg,../fashion_data/raw/train/train/annos/166745.json,,item2_short_sleeve_top,top,short_sleeve_top,1,750,937,226.0,27.0,586.0,217.0,0.09733191035218783,190.0,prd_3_1_v1,core,SEGCORE1_0051,benchmark/prd_3_1_v1/candidates/segmentation_core_stress_v1/masks/core/top/SEGCORE1_0051.png,benchmark/prd_3_1_v1/candidates/segmentation_core_stress_v1/overlays/core/top/SEGCORE1_0051.jpg,medium_2-10%,>=100,0,unreviewed,FLAG,LOW_MASK_BBOX_IOU,1,1,1,750,937,750,937,1,1,42590,231,29,576,204,0.882675,1.000000,0.622661,,120
DeepFashion2,../fashion_data/raw/train/train/image/039931.jpg,039931.jpg,../fashion_data/raw/train/train/annos/039931.json,,item1_vest,top,vest,5,640,640,20.0,126.0,470.0,626.0,0.54931640625,450.0,prd_3_1_v1,core,SEGCORE1_0052,benchmark/prd_3_1_v1/candidates/segmentation_core_stress_v1/masks/core/top/SEGCORE1_0052.png,benchmark/prd_3_1_v1/candidates/segmentation_core_stress_v1/overlays/core/top/SEGCORE1_0052.jpg,large_>=10%,>=100,0,unreviewed,PASS,,1,1,1,640,640,640,640,1,1,102141,33,132,460,624,0.933707,1.000000,0.453960,,20
DeepFashion2,../fashion_data/raw/train/train/image/097676.jpg,097676.jpg,../fashion_data/raw/train/train/annos/097676.json,,item1_sling,top,sling,6,750,899,479.0,499.0,568.0,587.0,0.011615869484612533,88.0,prd_3_1_v1,core,SEGCORE1_0053,benchmark/prd_3_1_v1/candidates/segmentation_core_stress_v1/masks/core/top/SEGCORE1_0053.png,benchmark/prd_3_1_v1/candidates/segmentation_core_stress_v1/overlays/core/top/SEGCORE1_0053.jpg,small_0.5-2%,50-99,1,unreviewed,FLAG,LOW_MASK_BBOX_IOU,1,1,1,750,899,750,899,1,1,3093,487,502,548,579,0.599719,1.000000,0.394918,,130
DeepFashion2,../fashion_data/raw/train/train/image/025637.jpg,025637.jpg,../fashion_data/raw/train/train/annos/025637.json,,item2_short_sleeve_top,top,short_sleeve_top,1,750,617,330.0,307.0,408.0,405.0,0.016518638573743923,78.0,prd_3_1_v1,core,SEGCORE1_0054,benchmark/prd_3_1_v1/candidates/segmentation_core_stress_v1/masks/core/top/SEGCORE1_0054.png,benchmark/prd_3_1_v1/candidates/segmentation_core_stress_v1/overlays/core/top/SEGCORE1_0054.jpg,small_0.5-2%,50-99,1,unreviewed,FLAG,LOW_MASK_BBOX_IOU,1,1,1,750,617,750,617,1,1,4313,334,310,409,404,0.898940,0.999768,0.564233,,130
DeepFashion2,../fashion_data/raw/train/train/image/056499.jpg,056499.jpg,../fashion_data/raw/train/train/annos/056499.json,,item2_vest,top,vest,5,880,1390,325.0,994.0,454.0,1137.0,0.015080935251798561,129.0,prd_3_1_v1,core,SEGCORE1_0055,benchmark/prd_3_1_v1/candidates/segmentation_core_stress_v1/masks/core/top/SEGCORE1_0055.png,benchmark/prd_3_1_v1/candidates/segmentation_core_stress_v1/overlays/core/top/SEGCORE1_0055.jpg,small_0.5-2%,>=100,1,unreviewed,FLAG,LOW_MASK_BBOX_IOU|MASK_OUTSIDE_BBOX,1,1,1,880,1390,880,1390,1,1,10498,332,979,443,1135,0.778192,0.972661,0.569090,,130
DeepFashion2,../fashion_data/raw/train/train/image/133276.jpg,133276.jpg,../fashion_data/raw/train/train/annos/133276.json,,item2_shorts,pants,shorts,7,640,640,108.0,247.0,428.0,569.0,0.2515625,320.0,prd_3_1_v1,core,SEGCORE1_0056,benchmark/prd_3_1_v1/candidates/segmentation_core_stress_v1/masks/core/pants/SEGCORE1_0056.png,benchmark/prd_3_1_v1/candidates/segmentation_core_stress_v1/overlays/core/pants/SEGCORE1_0056.jpg,large_>=10%,>=100,0,unreviewed,FLAG,LOW_MASK_BBOX_IOU,1,1,1,640,640,640,640,1,1,65274,111,266,419,547,0.839946,1.000000,0.633482,,120
DeepFashion2,../fashion_data/raw/train/train/image/061377.jpg,061377.jpg,../fashion_data/raw/train/train/annos/061377.json,,item2_trousers,pants,trousers,8,468,702,68.0,281.0,336.0,615.0,0.2724572040811357,268.0,prd_3_1_v1,core,SEGCORE1_0057,benchmark/prd_3_1_v1/candidates/segmentation_core_stress_v1/masks/core/pants/SEGCORE1_0057.png,benchmark/prd_3_1_v1/candidates/segmentation_core_stress_v1/overlays/core/pants/SEGCORE1_0057.jpg,large_>=10%,>=100,0,unreviewed,PASS,,1,1,1,468,702,468,702,1,1,33043,72,285,328,608,0.923764,1.000000,0.369146,,20
DeepFashion2,../fashion_data/raw/train/train/image/022171.jpg,022171.jpg,../fashion_data/raw/train/train/annos/022171.json,,item2_shorts,pants,shorts,7,790,636,99.0,296.0,198.0,382.0,0.016945306902316694,86.0,prd_3_1_v1,core,SEGCORE1_0058,benchmark/prd_3_1_v1/candidates/segmentation_core_stress_v1/masks/core/pants/SEGCORE1_0058.png,benchmark/prd_3_1_v1/candidates/segmentation_core_stress_v1/overlays/core/pants/SEGCORE1_0058.jpg,small_0.5-2%,50-99,1,unreviewed,FLAG,LOW_MASK_BBOX_IOU,1,1,1,790,636,790,636,1,1,2890,108,303,191,377,0.721400,1.000000,0.339441,,130
DeepFashion2,../fashion_data/raw/train/train/image/176387.jpg,176387.jpg,../fashion_data/raw/train/train/annos/176387.json,,item2_trousers,pants,trousers,8,750,528,352.0,290.0,412.0,420.0,0.019696969696969695,60.0,prd_3_1_v1,core,SEGCORE1_0059,benchmark/prd_3_1_v1/candidates/segmentation_core_stress_v1/masks/core/pants/SEGCORE1_0059.png,benchmark/prd_3_1_v1/candidates/segmentation_core_stress_v1/overlays/core/pants/SEGCORE1_0059.jpg,small_0.5-2%,50-99,1,unreviewed,PASS,,1,1,1,750,528,750,528,1,1,4730,353,290,411,419,0.959231,1.000000,0.606410,,30
DeepFashion2,../fashion_data/raw/train/train/image/017444.jpg,017444.jpg,../fashion_data/raw/train/train/annos/017444.json,,item2_trousers,pants,trousers,8,468,624,61.0,148.0,199.0,330.0,0.0860042735042735,138.0,prd_3_1_v1,core,SEGCORE1_0060,benchmark/prd_3_1_v1/candidates/segmentation_core_stress_v1/masks/core/pants/SEGCORE1_0060.png,benchmark/prd_3_1_v1/candidates/segmentation_core_stress_v1/overlays/core/pants/SEGCORE1_0060.jpg,medium_2-10%,>=100,0,unreviewed,PASS,,1,1,1,468,624,468,624,1,1,12599,67,151,199,327,0.924988,1.000000,0.501632,,20
DeepFashion2,../fashion_data/raw/train/train/image/040842.jpg,040842.jpg,../fashion_data/raw/train/train/annos/040842.json,,item2_shorts,pants,shorts,7,750,1190,79.0,824.0,310.0,1124.0,0.07764705882352942,231.0,prd_3_1_v1,core,SEGCORE1_0061,benchmark/prd_3_1_v1/candidates/segmentation_core_stress_v1/masks/core/pants/SEGCORE1_0061.png,benchmark/prd_3_1_v1/candidates/segmentation_core_stress_v1/overlays/core/pants/SEGCORE1_0061.jpg,medium_2-10%,>=100,0,unreviewed,PASS,,1,1,1,750,1190,750,1190,1,1,47484,84,832,308,1115,0.914747,1.000000,0.685195,,20
DeepFashion2,../fashion_data/raw/train/train/image/075048.jpg,075048.jpg,../fashion_data/raw/train/train/annos/075048.json,,item2_shorts,pants,shorts,7,468,833,1.0,318.0,467.0,714.0,0.4733585741989103,396.0,prd_3_1_v1,core,SEGCORE1_0062,benchmark/prd_3_1_v1/candidates/segmentation_core_stress_v1/masks/core/pants/SEGCORE1_0062.png,benchmark/prd_3_1_v1/candidates/segmentation_core_stress_v1/overlays/core/pants/SEGCORE1_0062.jpg,large_>=10%,>=100,0,unreviewed,PASS,,1,1,1,468,833,468,833,1,1,154366,3,324,468,704,0.953514,0.999974,0.836509,,20
DeepFashion2,../fashion_data/raw/train/train/image/034749.jpg,034749.jpg,../fashion_data/raw/train/train/annos/034749.json,,item2_trousers,pants,trousers,8,660,1050,210.0,401.0,499.0,882.0,0.2005901875901876,289.0,prd_3_1_v1,core,SEGCORE1_0063,benchmark/prd_3_1_v1/candidates/segmentation_core_stress_v1/masks/core/pants/SEGCORE1_0063.png,benchmark/prd_3_1_v1/candidates/segmentation_core_stress_v1/overlays/core/pants/SEGCORE1_0063.jpg,large_>=10%,>=100,0,unreviewed,FLAG,LOW_MASK_BBOX_IOU,1,1,1,660,1050,660,1050,1,1,47382,237,409,496,861,0.842161,1.000000,0.340856,,120
DeepFashion2,../fashion_data/raw/train/train/image/152851.jpg,152851.jpg,../fashion_data/raw/train/train/annos/152851.json,,item1_shorts,pants,shorts,7,750,748,301.0,350.0,393.0,422.0,0.011807486631016042,72.0,prd_3_1_v1,core,SEGCORE1_0064,benchmark/prd_3_1_v1/candidates/segmentation_core_stress_v1/masks/core/pants/SEGCORE1_0064.png,benchmark/prd_3_1_v1/candidates/segmentation_core_stress_v1/overlays/core/pants/SEGCORE1_0064.jpg,small_0.5-2%,50-99,1,unreviewed,FLAG,LOW_MASK_BBOX_IOU,1,1,1,750,748,750,748,1,1,3945,308,359,388,417,0.700483,1.000000,0.595562,,130
DeepFashion2,../fashion_data/raw/train/train/image/123996.jpg,123996.jpg,../fashion_data/raw/train/train/annos/123996.json,,item1_trousers,pants,trousers,8,750,852,317.0,510.0,380.0,688.0,0.017549295774647887,63.0,prd_3_1_v1,core,SEGCORE1_0065,benchmark/prd_3_1_v1/candidates/segmentation_core_stress_v1/masks/core/pants/SEGCORE1_0065.png,benchmark/prd_3_1_v1/candidates/segmentation_core_stress_v1/overlays/core/pants/SEGCORE1_0065.jpg,small_0.5-2%,50-99,1,unreviewed,FLAG,LOW_MASK_BBOX_IOU,1,1,1,750,852,750,852,1,1,6106,321,513,374,685,0.812912,1.000000,0.544498,,130
DeepFashion2,../fashion_data/raw/train/train/image/125522.jpg,125522.jpg,../fashion_data/raw/train/train/annos/125522.json,,item2_trousers,pants,trousers,8,640,884,265.0,364.0,433.0,657.0,0.08700509049773755,168.0,prd_3_1_v1,core,SEGCORE1_0066,benchmark/prd_3_1_v1/candidates/segmentation_core_stress_v1/masks/core/pants/SEGCORE1_0066.png,benchmark/prd_3_1_v1/candidates/segmentation_core_stress_v1/overlays/core/pants/SEGCORE1_0066.jpg,medium_2-10%,>=100,0,unreviewed,FLAG,LOW_MASK_BBOX_IOU,1,1,1,640,884,640,884,1,1,33891,274,372,424,638,0.810580,1.000000,0.688506,,120
DeepFashion2,../fashion_data/raw/train/train/image/094080.jpg,094080.jpg,../fashion_data/raw/train/train/annos/094080.json,,item1_shorts,pants,shorts,7,640,960,219.0,69.0,446.0,319.0,0.09236653645833333,227.0,prd_3_1_v1,core,SEGCORE1_0067,benchmark/prd_3_1_v1/candidates/segmentation_core_stress_v1/masks/core/pants/SEGCORE1_0067.png,benchmark/prd_3_1_v1/candidates/segmentation_core_stress_v1/overlays/core/pants/SEGCORE1_0067.jpg,medium_2-10%,>=100,0,unreviewed,FLAG,LOW_MASK_BBOX_IOU,1,1,1,640,960,640,960,1,1,45475,225,79,440,313,0.886520,1.000000,0.801322,,120
DeepFashion2,../fashion_data/raw/train/train/image/029778.jpg,029778.jpg,../fashion_data/raw/train/train/annos/029778.json,,item2_shorts,pants,shorts,7,600,800,319.0,571.0,598.0,799.0,0.132525,228.0,prd_3_1_v1,core,SEGCORE1_0068,benchmark/prd_3_1_v1/candidates/segmentation_core_stress_v1/masks/core/pants/SEGCORE1_0068.png,benchmark/prd_3_1_v1/candidates/segmentation_core_stress_v1/overlays/core/pants/SEGCORE1_0068.jpg,large_>=10%,>=100,0,unreviewed,PASS,,1,1,1,600,800,600,800,1,1,32321,324,576,596,798,0.949255,1.000000,0.508096,,20
DeepFashion2,../fashion_data/raw/train/train/image/084796.jpg,084796.jpg,../fashion_data/raw/train/train/annos/084796.json,,item1_trousers,pants,trousers,8,350,468,75.0,92.0,294.0,381.0,0.3863919413919414,219.0,prd_3_1_v1,core,SEGCORE1_0069,benchmark/prd_3_1_v1/candidates/segmentation_core_stress_v1/masks/core/pants/SEGCORE1_0069.png,benchmark/prd_3_1_v1/candidates/segmentation_core_stress_v1/overlays/core/pants/SEGCORE1_0069.jpg,large_>=10%,>=100,0,unreviewed,FLAG,LOW_MASK_BBOX_IOU,1,1,1,350,468,350,468,1,1,35709,83,112,294,378,0.886793,1.000000,0.564203,,120
DeepFashion2,../fashion_data/raw/train/train/image/009347.jpg,009347.jpg,../fashion_data/raw/train/train/annos/009347.json,,item3_shorts,pants,shorts,7,880,1320,788.0,532.0,872.0,621.0,0.006435950413223141,84.0,prd_3_1_v1,core,SEGCORE1_0070,benchmark/prd_3_1_v1/candidates/segmentation_core_stress_v1/masks/core/pants/SEGCORE1_0070.png,benchmark/prd_3_1_v1/candidates/segmentation_core_stress_v1/overlays/core/pants/SEGCORE1_0070.jpg,small_0.5-2%,50-99,1,unreviewed,FLAG,LOW_MASK_BBOX_IOU,1,1,1,880,1320,880,1320,1,1,4168,791,533,863,615,0.789727,1.000000,0.557517,,130
DeepFashion2,../fashion_data/raw/train/train/image/097372.jpg,097372.jpg,../fashion_data/raw/train/train/annos/097372.json,,item1_trousers,pants,trousers,8,880,893,399.0,472.0,474.0,680.0,0.01985136923546778,75.0,prd_3_1_v1,core,SEGCORE1_0071,benchmark/prd_3_1_v1/candidates/segmentation_core_stress_v1/masks/core/pants/SEGCORE1_0071.png,benchmark/prd_3_1_v1/candidates/segmentation_core_stress_v1/overlays/core/pants/SEGCORE1_0071.jpg,small_0.5-2%,50-99,1,unreviewed,FLAG,LOW_MASK_BBOX_IOU,1,1,1,880,893,880,893,1,1,9289,406,476,471,675,0.829167,1.000000,0.595449,,130
DeepFashion2,../fashion_data/raw/train/train/image/017043.jpg,017043.jpg,../fashion_data/raw/train/train/annos/017043.json,,item2_trousers,pants,trousers,8,750,1101,274.0,455.0,437.0,901.0,0.08803875264910688,163.0,prd_3_1_v1,core,SEGCORE1_0072,benchmark/prd_3_1_v1/candidates/segmentation_core_stress_v1/masks/core/pants/SEGCORE1_0072.png,benchmark/prd_3_1_v1/candidates/segmentation_core_stress_v1/overlays/core/pants/SEGCORE1_0072.jpg,medium_2-10%,>=100,0,unreviewed,PASS,,1,1,1,750,1101,750,1101,1,1,55330,277,461,432,901,0.938128,1.000000,0.761094,,20
DeepFashion2,../fashion_data/raw/train/train/image/139827.jpg,139827.jpg,../fashion_data/raw/train/train/annos/139827.json,,item2_shorts,pants,shorts,7,640,960,193.0,438.0,404.0,604.0,0.057008463541666665,166.0,prd_3_1_v1,core,SEGCORE1_0073,benchmark/prd_3_1_v1/candidates/segmentation_core_stress_v1/masks/core/pants/SEGCORE1_0073.png,benchmark/prd_3_1_v1/candidates/segmentation_core_stress_v1/overlays/core/pants/SEGCORE1_0073.jpg,medium_2-10%,>=100,0,unreviewed,FLAG,LOW_MASK_BBOX_IOU,1,1,1,640,960,640,960,1,1,25786,199,442,403,591,0.867812,1.000000,0.736196,,120
DeepFashion2,../fashion_data/raw/train/train/image/002606.jpg,002606.jpg,../fashion_data/raw/train/train/annos/002606.json,,item1_shorts,pants,shorts,7,468,624,163.0,256.0,382.0,391.0,0.10123890532544379,135.0,prd_3_1_v1,core,SEGCORE1_0074,benchmark/prd_3_1_v1/candidates/segmentation_core_stress_v1/masks/core/pants/SEGCORE1_0074.png,benchmark/prd_3_1_v1/candidates/segmentation_core_stress_v1/overlays/core/pants/SEGCORE1_0074.jpg,large_>=10%,>=100,0,unreviewed,FLAG,LOW_MASK_BBOX_IOU,1,1,1,468,624,468,624,1,1,16335,181,260,373,383,0.798782,1.000000,0.552511,,120
DeepFashion2,../fashion_data/raw/train/train/image/080011.jpg,080011.jpg,../fashion_data/raw/train/train/annos/080011.json,,item1_trousers,pants,trousers,8,640,960,246.0,359.0,491.0,844.0,0.19340006510416666,245.0,prd_3_1_v1,core,SEGCORE1_0075,benchmark/prd_3_1_v1/candidates/segmentation_core_stress_v1/masks/core/pants/SEGCORE1_0075.png,benchmark/prd_3_1_v1/candidates/segmentation_core_stress_v1/overlays/core/pants/SEGCORE1_0075.jpg,large_>=10%,>=100,0,unreviewed,FLAG,LOW_MASK_BBOX_IOU,1,1,1,640,960,640,960,1,1,43298,261,365,486,824,0.869135,1.000000,0.364385,,120
DeepFashion2,../fashion_data/raw/train/train/image/150634.jpg,150634.jpg,../fashion_data/raw/train/train/annos/150634.json,,item4_shorts,pants,shorts,7,880,587,424.0,238.0,538.0,328.0,0.019862165092148058,90.0,prd_3_1_v1,core,SEGCORE1_0076,benchmark/prd_3_1_v1/candidates/segmentation_core_stress_v1/masks/core/pants/SEGCORE1_0076.png,benchmark/prd_3_1_v1/candidates/segmentation_core_stress_v1/overlays/core/pants/SEGCORE1_0076.jpg,small_0.5-2%,50-99,1,unreviewed,FLAG,LOW_MASK_BBOX_IOU,1,1,1,880,587,880,587,1,1,6216,426,241,532,326,0.878168,1.000000,0.605848,,130
DeepFashion2,../fashion_data/raw/train/train/image/119825.jpg,119825.jpg,../fashion_data/raw/train/train/annos/119825.json,,item4_trousers,pants,trousers,8,750,790,51.0,365.0,124.0,503.0,0.01700253164556962,73.0,prd_3_1_v1,core,SEGCORE1_0077,benchmark/prd_3_1_v1/candidates/segmentation_core_stress_v1/masks/core/pants/SEGCORE1_0077.png,benchmark/prd_3_1_v1/candidates/segmentation_core_stress_v1/overlays/core/pants/SEGCORE1_0077.jpg,small_0.5-2%,50-99,1,unreviewed,FLAG,LOW_MASK_BBOX_IOU,1,1,1,750,790,750,790,1,1,5418,55,369,122,499,0.864602,1.000000,0.537820,,130
DeepFashion2,../fashion_data/raw/train/train/image/187488.jpg,187488.jpg,../fashion_data/raw/train/train/annos/187488.json,,item2_trousers,pants,trousers,8,640,797,229.0,392.0,384.0,711.0,0.0969357747804266,155.0,prd_3_1_v1,core,SEGCORE1_0078,benchmark/prd_3_1_v1/candidates/segmentation_core_stress_v1/masks/core/pants/SEGCORE1_0078.png,benchmark/prd_3_1_v1/candidates/segmentation_core_stress_v1/overlays/core/pants/SEGCORE1_0078.jpg,medium_2-10%,>=100,0,unreviewed,PASS,,1,1,1,640,797,640,797,1,1,31055,233,396,380,708,0.927576,1.000000,0.628072,,20
DeepFashion2,../fashion_data/raw/train/train/image/165686.jpg,165686.jpg,../fashion_data/raw/train/train/annos/165686.json,,item2_shorts,pants,shorts,7,750,1132,271.0,485.0,456.0,642.0,0.03421083627797409,157.0,prd_3_1_v1,core,SEGCORE1_0079,benchmark/prd_3_1_v1/candidates/segmentation_core_stress_v1/masks/core/pants/SEGCORE1_0079.png,benchmark/prd_3_1_v1/candidates/segmentation_core_stress_v1/overlays/core/pants/SEGCORE1_0079.jpg,medium_2-10%,>=100,0,unreviewed,FLAG,LOW_MASK_BBOX_IOU,1,1,1,750,1132,750,1132,1,1,21217,278,489,451,637,0.881529,1.000000,0.730487,,120
DeepFashion2,../fashion_data/raw/train/train/image/145247.jpg,145247.jpg,../fashion_data/raw/train/train/annos/145247.json,,item1_shorts,pants,shorts,7,468,703,3.0,56.0,466.0,638.0,0.8190356348251085,463.0,prd_3_1_v1,core,SEGCORE1_0080,benchmark/prd_3_1_v1/candidates/segmentation_core_stress_v1/masks/core/pants/SEGCORE1_0080.png,benchmark/prd_3_1_v1/candidates/segmentation_core_stress_v1/overlays/core/pants/SEGCORE1_0080.jpg,large_>=10%,>=100,0,unreviewed,FLAG,LOW_MASK_BBOX_IOU,1,1,1,468,703,468,703,1,1,192760,6,88,464,600,0.870225,1.000000,0.715341,,120
DeepFashion2,../fashion_data/raw/train/train/image/013530.jpg,013530.jpg,../fashion_data/raw/train/train/annos/013530.json,,item1_trousers,pants,trousers,8,468,702,105.0,31.0,319.0,559.0,0.3439257798232157,214.0,prd_3_1_v1,core,SEGCORE1_0081,benchmark/prd_3_1_v1/candidates/segmentation_core_stress_v1/masks/core/pants/SEGCORE1_0081.png,benchmark/prd_3_1_v1/candidates/segmentation_core_stress_v1/overlays/core/pants/SEGCORE1_0081.jpg,large_>=10%,>=100,0,unreviewed,FLAG,LOW_MASK_BBOX_IOU,1,1,1,468,702,468,702,1,1,67354,118,36,311,555,0.886496,1.000000,0.596095,,120
DeepFashion2,../fashion_data/raw/train/train/image/026481.jpg,026481.jpg,../fashion_data/raw/train/train/annos/026481.json,,item2_shorts,pants,shorts,7,750,1066,303.0,520.0,409.0,657.0,0.01816385240775485,106.0,prd_3_1_v1,core,SEGCORE1_0082,benchmark/prd_3_1_v1/candidates/segmentation_core_stress_v1/masks/core/pants/SEGCORE1_0082.png,benchmark/prd_3_1_v1/candidates/segmentation_core_stress_v1/overlays/core/pants/SEGCORE1_0082.jpg,small_0.5-2%,>=100,1,unreviewed,FLAG,LOW_MASK_BBOX_IOU,1,1,1,750,1066,750,1066,1,1,8675,306,535,392,648,0.669192,1.000000,0.597370,,130
DeepFashion2,../fashion_data/raw/train/train/image/178531.jpg,178531.jpg,../fashion_data/raw/train/train/annos/178531.json,,item2_trousers,pants,trousers,8,468,624,168.0,254.0,226.0,312.0,0.011519285557747096,58.0,prd_3_1_v1,core,SEGCORE1_0083,benchmark/prd_3_1_v1/candidates/segmentation_core_stress_v1/masks/core/pants/SEGCORE1_0083.png,benchmark/prd_3_1_v1/candidates/segmentation_core_stress_v1/overlays/core/pants/SEGCORE1_0083.jpg,small_0.5-2%,50-99,1,unreviewed,FLAG,LOW_MASK_BBOX_IOU,1,1,1,468,624,468,624,1,1,2532,173,257,225,312,0.850178,1.000000,0.752675,,130
DeepFashion2,../fashion_data/raw/train/train/image/173516.jpg,173516.jpg,../fashion_data/raw/train/train/annos/173516.json,,item2_trousers,pants,trousers,8,640,642,297.0,423.0,425.0,631.0,0.064797507788162,128.0,prd_3_1_v1,core,SEGCORE1_0084,benchmark/prd_3_1_v1/candidates/segmentation_core_stress_v1/masks/core/pants/SEGCORE1_0084.png,benchmark/prd_3_1_v1/candidates/segmentation_core_stress_v1/overlays/core/pants/SEGCORE1_0084.jpg,medium_2-10%,>=100,0,unreviewed,PASS,,1,1,1,640,642,640,642,1,1,19328,301,425,422,629,0.927133,1.000000,0.725962,,20
DeepFashion2,../fashion_data/raw/train/train/image/002356.jpg,002356.jpg,../fashion_data/raw/train/train/annos/002356.json,,item2_shorts,pants,shorts,7,640,960,233.0,381.0,392.0,504.0,0.0318310546875,123.0,prd_3_1_v1,core,SEGCORE1_0085,benchmark/prd_3_1_v1/candidates/segmentation_core_stress_v1/masks/core/pants/SEGCORE1_0085.png,benchmark/prd_3_1_v1/candidates/segmentation_core_stress_v1/overlays/core/pants/SEGCORE1_0085.jpg,medium_2-10%,>=100,0,unreviewed,FLAG,LOW_MASK_BBOX_IOU,1,1,1,640,960,640,960,1,1,14897,235,386,388,498,0.876208,1.000000,0.761722,,120
DeepFashion2,../fashion_data/raw/train/train/image/105675.jpg,105675.jpg,../fashion_data/raw/train/train/annos/105675.json,,item2_shorts,pants,shorts,7,351,468,18.0,219.0,334.0,439.0,0.4232108505612779,220.0,prd_3_1_v1,core,SEGCORE1_0086,benchmark/prd_3_1_v1/candidates/segmentation_core_stress_v1/masks/core/pants/SEGCORE1_0086.png,benchmark/prd_3_1_v1/candidates/segmentation_core_stress_v1/overlays/core/pants/SEGCORE1_0086.jpg,large_>=10%,>=100,0,unreviewed,PASS,,1,1,1,351,468,351,468,1,1,48374,24,228,334,434,0.918585,1.000000,0.695829,,20
DeepFashion2,../fashion_data/raw/train/train/image/191328.jpg,191328.jpg,../fashion_data/raw/train/train/annos/191328.json,,item1_trousers,pants,trousers,8,750,1125,219.0,209.0,567.0,954.0,0.3072711111111111,348.0,prd_3_1_v1,core,SEGCORE1_0087,benchmark/prd_3_1_v1/candidates/segmentation_core_stress_v1/masks/core/pants/SEGCORE1_0087.png,benchmark/prd_3_1_v1/candidates/segmentation_core_stress_v1/overlays/core/pants/SEGCORE1_0087.jpg,large_>=10%,>=100,0,unreviewed,PASS,,1,1,1,750,1125,750,1125,1,1,155457,220,216,566,954,0.984911,1.000000,0.599618,,20
DeepFashion2,../fashion_data/raw/train/train/image/125781.jpg,125781.jpg,../fashion_data/raw/train/train/annos/125781.json,,item2_shorts,pants,shorts,7,640,639,268.0,322.0,355.0,414.0,0.019571596244131455,87.0,prd_3_1_v1,core,SEGCORE1_0088,benchmark/prd_3_1_v1/candidates/segmentation_core_stress_v1/masks/core/pants/SEGCORE1_0088.png,benchmark/prd_3_1_v1/candidates/segmentation_core_stress_v1/overlays/core/pants/SEGCORE1_0088.jpg,small_0.5-2%,50-99,1,unreviewed,PASS,,1,1,1,640,639,640,639,1,1,4921,273,324,356,413,0.901767,0.999594,0.614818,,30
DeepFashion2,../fashion_data/raw/train/train/image/011155.jpg,011155.jpg,../fashion_data/raw/train/train/annos/011155.json,,item3_trousers,pants,trousers,8,750,1005,158.0,606.0,252.0,729.0,0.015339303482587064,94.0,prd_3_1_v1,core,SEGCORE1_0089,benchmark/prd_3_1_v1/candidates/segmentation_core_stress_v1/masks/core/pants/SEGCORE1_0089.png,benchmark/prd_3_1_v1/candidates/segmentation_core_stress_v1/overlays/core/pants/SEGCORE1_0089.jpg,small_0.5-2%,50-99,1,unreviewed,FLAG,LOW_MASK_BBOX_IOU,1,1,1,750,1005,750,1005,1,1,4049,165,615,250,723,0.793980,1.000000,0.350199,,130
DeepFashion2,../fashion_data/raw/train/train/image/185467.jpg,185467.jpg,../fashion_data/raw/train/train/annos/185467.json,,item2_trousers,pants,trousers,8,738,524,321.0,431.0,508.0,523.0,0.04448788762696787,92.0,prd_3_1_v1,core,SEGCORE1_0090,benchmark/prd_3_1_v1/candidates/segmentation_core_stress_v1/masks/core/pants/SEGCORE1_0090.png,benchmark/prd_3_1_v1/candidates/segmentation_core_stress_v1/overlays/core/pants/SEGCORE1_0090.jpg,medium_2-10%,50-99,0,unreviewed,FLAG,LOW_MASK_BBOX_IOU,1,1,1,738,524,738,524,1,1,12967,337,433,499,523,0.847477,1.000000,0.753720,,120
DeepFashion2,../fashion_data/raw/train/train/image/015729.jpg,015729.jpg,../fashion_data/raw/train/train/annos/015729.json,,item2_shorts,pants,shorts,7,780,1039,304.0,684.0,538.0,877.0,0.05572666025024062,193.0,prd_3_1_v1,core,SEGCORE1_0091,benchmark/prd_3_1_v1/candidates/segmentation_core_stress_v1/masks/core/pants/SEGCORE1_0091.png,benchmark/prd_3_1_v1/candidates/segmentation_core_stress_v1/overlays/core/pants/SEGCORE1_0091.jpg,medium_2-10%,>=100,0,unreviewed,FLAG,LOW_MASK_BBOX_IOU,1,1,1,780,1039,780,1039,1,1,13951,330,703,489,844,0.496413,1.000000,0.308910,,120
DeepFashion2,../fashion_data/raw/train/train/image/003346.jpg,003346.jpg,../fashion_data/raw/train/train/annos/003346.json,,item2_shorts,pants,shorts,7,426,640,63.0,370.0,271.0,533.0,0.12435446009389671,163.0,prd_3_1_v1,core,SEGCORE1_0092,benchmark/prd_3_1_v1/candidates/segmentation_core_stress_v1/masks/core/pants/SEGCORE1_0092.png,benchmark/prd_3_1_v1/candidates/segmentation_core_stress_v1/overlays/core/pants/SEGCORE1_0092.jpg,large_>=10%,>=100,0,unreviewed,FLAG,LOW_MASK_BBOX_IOU,1,1,1,426,640,426,640,1,1,22762,67,373,270,510,0.820287,1.000000,0.671366,,120
DeepFashion2,../fashion_data/raw/train/train/image/088496.jpg,088496.jpg,../fashion_data/raw/train/train/annos/088496.json,,item2_trousers,pants,trousers,8,468,702,64.0,499.0,362.0,701.0,0.18322497382326441,202.0,prd_3_1_v1,core,SEGCORE1_0093,benchmark/prd_3_1_v1/candidates/segmentation_core_stress_v1/masks/core/pants/SEGCORE1_0093.png,benchmark/prd_3_1_v1/candidates/segmentation_core_stress_v1/overlays/core/pants/SEGCORE1_0093.jpg,large_>=10%,>=100,0,unreviewed,FLAG,LOW_MASK_BBOX_IOU,1,1,1,468,702,468,702,1,1,34619,100,534,334,701,0.649179,1.000000,0.575105,,120
DeepFashion2,../fashion_data/raw/train/train/image/046633.jpg,046633.jpg,../fashion_data/raw/train/train/annos/046633.json,,item2_shorts,pants,shorts,7,640,960,282.0,517.0,394.0,621.0,0.018958333333333334,104.0,prd_3_1_v1,core,SEGCORE1_0094,benchmark/prd_3_1_v1/candidates/segmentation_core_stress_v1/masks/core/pants/SEGCORE1_0094.png,benchmark/prd_3_1_v1/candidates/segmentation_core_stress_v1/overlays/core/pants/SEGCORE1_0094.jpg,small_0.5-2%,>=100,1,unreviewed,FLAG,LOW_MASK_BBOX_IOU,1,1,1,640,960,640,960,1,1,8442,287,519,393,614,0.864526,1.000000,0.724760,,130
DeepFashion2,../fashion_data/raw/train/train/image/019502.jpg,019502.jpg,../fashion_data/raw/train/train/annos/019502.json,,item4_trousers,pants,trousers,8,468,833,116.0,426.0,168.0,502.0,0.010137388288648793,52.0,prd_3_1_v1,core,SEGCORE1_0095,benchmark/prd_3_1_v1/candidates/segmentation_core_stress_v1/masks/core/pants/SEGCORE1_0095.png,benchmark/prd_3_1_v1/candidates/segmentation_core_stress_v1/overlays/core/pants/SEGCORE1_0095.jpg,small_0.5-2%,50-99,1,unreviewed,FLAG,LOW_MASK_BBOX_IOU,1,1,1,468,833,468,833,1,1,2325,119,429,163,498,0.768219,1.000000,0.588310,,130
DeepFashion2,../fashion_data/raw/train/train/image/130980.jpg,130980.jpg,../fashion_data/raw/train/train/annos/130980.json,,item2_trousers,pants,trousers,8,468,631,189.0,339.0,293.0,526.0,0.06585666490579327,104.0,prd_3_1_v1,core,SEGCORE1_0096,benchmark/prd_3_1_v1/candidates/segmentation_core_stress_v1/masks/core/pants/SEGCORE1_0096.png,benchmark/prd_3_1_v1/candidates/segmentation_core_stress_v1/overlays/core/pants/SEGCORE1_0096.jpg,medium_2-10%,>=100,0,unreviewed,PASS,,1,1,1,468,631,468,631,1,1,13312,195,342,293,524,0.917112,1.000000,0.684492,,20
DeepFashion2,../fashion_data/raw/train/train/image/031100.jpg,031100.jpg,../fashion_data/raw/train/train/annos/031100.json,,item2_shorts,pants,shorts,7,640,900,241.0,278.0,480.0,501.0,0.09252951388888889,223.0,prd_3_1_v1,core,SEGCORE1_0097,benchmark/prd_3_1_v1/candidates/segmentation_core_stress_v1/masks/core/pants/SEGCORE1_0097.png,benchmark/prd_3_1_v1/candidates/segmentation_core_stress_v1/overlays/core/pants/SEGCORE1_0097.jpg,medium_2-10%,>=100,0,unreviewed,FLAG,LOW_MASK_BBOX_IOU,1,1,1,640,900,640,900,1,1,26632,268,291,463,491,0.731749,1.000000,0.499690,,120
DeepFashion2,../fashion_data/raw/train/train/image/005171.jpg,005171.jpg,../fashion_data/raw/train/train/annos/005171.json,,item2_shorts,pants,shorts,7,468,702,16.0,503.0,397.0,701.0,0.22961867192636423,198.0,prd_3_1_v1,core,SEGCORE1_0098,benchmark/prd_3_1_v1/candidates/segmentation_core_stress_v1/masks/core/pants/SEGCORE1_0098.png,benchmark/prd_3_1_v1/candidates/segmentation_core_stress_v1/overlays/core/pants/SEGCORE1_0098.jpg,large_>=10%,>=100,0,unreviewed,FLAG,LOW_MASK_BBOX_IOU,1,1,1,468,702,468,702,1,1,42578,34,520,382,701,0.834964,1.000000,0.564411,,120
DeepFashion2,../fashion_data/raw/train/train/image/032283.jpg,032283.jpg,../fashion_data/raw/train/train/annos/032283.json,,item1_trousers,pants,trousers,8,880,575,325.0,21.0,505.0,391.0,0.13162055335968378,180.0,prd_3_1_v1,core,SEGCORE1_0099,benchmark/prd_3_1_v1/candidates/segmentation_core_stress_v1/masks/core/pants/SEGCORE1_0099.png,benchmark/prd_3_1_v1/candidates/segmentation_core_stress_v1/overlays/core/pants/SEGCORE1_0099.jpg,large_>=10%,>=100,0,unreviewed,FLAG,LOW_MASK_BBOX_IOU,1,1,1,880,575,880,575,1,1,45742,334,23,499,384,0.894369,1.000000,0.686817,,120
DeepFashion2,../fashion_data/raw/train/train/image/155942.jpg,155942.jpg,../fashion_data/raw/train/train/annos/155942.json,,item2_shorts,pants,shorts,7,750,979,446.0,415.0,568.0,532.0,0.019440245148110318,117.0,prd_3_1_v1,core,SEGCORE1_0100,benchmark/prd_3_1_v1/candidates/segmentation_core_stress_v1/masks/core/pants/SEGCORE1_0100.png,benchmark/prd_3_1_v1/candidates/segmentation_core_stress_v1/overlays/core/pants/SEGCORE1_0100.jpg,small_0.5-2%,>=100,1,unreviewed,FLAG,LOW_MASK_BBOX_IOU,1,1,1,750,979,750,979,1,1,10985,452,416,566,528,0.894493,1.000000,0.769581,,130
DeepFashion2,../fashion_data/raw/train/train/image/020193.jpg,020193.jpg,../fashion_data/raw/train/train/annos/020193.json,,item2_trousers,pants,trousers,8,468,624,189.0,251.0,241.0,343.0,0.01638176638176638,52.0,prd_3_1_v1,core,SEGCORE1_0101,benchmark/prd_3_1_v1/candidates/segmentation_core_stress_v1/masks/core/pants/SEGCORE1_0101.png,benchmark/prd_3_1_v1/candidates/segmentation_core_stress_v1/overlays/core/pants/SEGCORE1_0101.jpg,small_0.5-2%,50-99,1,unreviewed,FLAG,LOW_MASK_BBOX_IOU,1,1,1,468,624,468,624,1,1,1939,190,255,234,339,0.772575,1.000000,0.405309,,130
DeepFashion2,../fashion_data/raw/train/train/image/163902.jpg,163902.jpg,../fashion_data/raw/train/train/annos/163902.json,,item2_trousers,pants,trousers,8,640,960,255.0,373.0,393.0,798.0,0.095458984375,138.0,prd_3_1_v1,core,SEGCORE1_0102,benchmark/prd_3_1_v1/candidates/segmentation_core_stress_v1/masks/core/pants/SEGCORE1_0102.png,benchmark/prd_3_1_v1/candidates/segmentation_core_stress_v1/overlays/core/pants/SEGCORE1_0102.jpg,medium_2-10%,>=100,0,unreviewed,FLAG,LOW_MASK_BBOX_IOU,1,1,1,640,960,640,960,1,1,30611,262,377,388,790,0.887263,1.000000,0.521927,,120
DeepFashion2,../fashion_data/raw/train/train/image/158869.jpg,158869.jpg,../fashion_data/raw/train/train/annos/158869.json,,item2_shorts,pants,shorts,7,700,1050,231.0,701.0,504.0,902.0,0.07465714285714285,201.0,prd_3_1_v1,core,SEGCORE1_0103,benchmark/prd_3_1_v1/candidates/segmentation_core_stress_v1/masks/core/pants/SEGCORE1_0103.png,benchmark/prd_3_1_v1/candidates/segmentation_core_stress_v1/overlays/core/pants/SEGCORE1_0103.jpg,medium_2-10%,>=100,0,unreviewed,FLAG,LOW_MASK_BBOX_IOU,1,1,1,700,1050,700,1050,1,1,38645,242,709,494,888,0.822044,1.000000,0.704263,,120
DeepFashion2,../fashion_data/raw/train/train/image/101001.jpg,101001.jpg,../fashion_data/raw/train/train/annos/101001.json,,item1_shorts,pants,shorts,7,718,583,213.0,7.0,471.0,311.0,0.18737010086145525,258.0,prd_3_1_v1,core,SEGCORE1_0104,benchmark/prd_3_1_v1/candidates/segmentation_core_stress_v1/masks/core/pants/SEGCORE1_0104.png,benchmark/prd_3_1_v1/candidates/segmentation_core_stress_v1/overlays/core/pants/SEGCORE1_0104.jpg,large_>=10%,>=100,0,unreviewed,FLAG,LOW_MASK_BBOX_IOU,1,1,1,718,583,718,583,1,1,60146,227,11,466,303,0.889790,1.000000,0.766855,,120
DeepFashion2,../fashion_data/raw/train/train/image/009613.jpg,009613.jpg,../fashion_data/raw/train/train/annos/009613.json,,item1_trousers,pants,trousers,8,753,622,223.0,304.0,496.0,597.0,0.17078310552004203,273.0,prd_3_1_v1,core,SEGCORE1_0105,benchmark/prd_3_1_v1/candidates/segmentation_core_stress_v1/masks/core/pants/SEGCORE1_0105.png,benchmark/prd_3_1_v1/candidates/segmentation_core_stress_v1/overlays/core/pants/SEGCORE1_0105.jpg,large_>=10%,>=100,0,unreviewed,PASS,,1,1,1,753,622,753,622,1,1,38900,227,308,495,596,0.964933,1.000000,0.486317,,20
DeepFashion2,../fashion_data/raw/train/train/image/155150.jpg,155150.jpg,../fashion_data/raw/train/train/annos/155150.json,,item2_shorts,pants,shorts,7,790,826,362.0,346.0,459.0,461.0,0.017094737487357098,97.0,prd_3_1_v1,core,SEGCORE1_0106,benchmark/prd_3_1_v1/candidates/segmentation_core_stress_v1/masks/core/pants/SEGCORE1_0106.png,benchmark/prd_3_1_v1/candidates/segmentation_core_stress_v1/overlays/core/pants/SEGCORE1_0106.jpg,small_0.5-2%,50-99,1,unreviewed,FLAG,LOW_MASK_BBOX_IOU,1,1,1,790,826,790,826,1,1,7780,368,352,454,458,0.817212,1.000000,0.697445,,130
DeepFashion2,../fashion_data/raw/train/train/image/000530.jpg,000530.jpg,../fashion_data/raw/train/train/annos/000530.json,,item2_trousers,pants,trousers,8,640,787,400.0,375.0,463.0,467.0,0.01150730622617535,63.0,prd_3_1_v1,core,SEGCORE1_0107,benchmark/prd_3_1_v1/candidates/segmentation_core_stress_v1/masks/core/pants/SEGCORE1_0107.png,benchmark/prd_3_1_v1/candidates/segmentation_core_stress_v1/overlays/core/pants/SEGCORE1_0107.jpg,small_0.5-2%,50-99,1,unreviewed,PASS,,1,1,1,640,787,640,787,1,1,3144,402,376,462,464,0.910973,1.000000,0.542443,,30
DeepFashion2,../fashion_data/raw/train/train/image/117533.jpg,117533.jpg,../fashion_data/raw/train/train/annos/117533.json,,item1_trousers,pants,trousers,8,750,1125,283.0,512.0,467.0,902.0,0.08504888888888888,184.0,prd_3_1_v1,core,SEGCORE1_0108,benchmark/prd_3_1_v1/candidates/segmentation_core_stress_v1/masks/core/pants/SEGCORE1_0108.png,benchmark/prd_3_1_v1/candidates/segmentation_core_stress_v1/overlays/core/pants/SEGCORE1_0108.jpg,medium_2-10%,>=100,0,unreviewed,PASS,,1,1,1,750,1125,750,1125,1,1,48622,284,513,461,901,0.957023,1.000000,0.677564,,20
DeepFashion2,../fashion_data/raw/train/train/image/166810.jpg,166810.jpg,../fashion_data/raw/train/train/annos/166810.json,,item2_shorts,pants,shorts,7,640,645,314.0,440.0,489.0,576.0,0.05765503875968992,136.0,prd_3_1_v1,core,SEGCORE1_0109,benchmark/prd_3_1_v1/candidates/segmentation_core_stress_v1/masks/core/pants/SEGCORE1_0109.png,benchmark/prd_3_1_v1/candidates/segmentation_core_stress_v1/overlays/core/pants/SEGCORE1_0109.jpg,medium_2-10%,>=100,0,unreviewed,FLAG,LOW_MASK_BBOX_IOU,1,1,1,640,645,640,645,1,1,9489,332,444,469,570,0.725294,1.000000,0.398697,,120
DeepFashion2,../fashion_data/raw/train/train/image/181994.jpg,181994.jpg,../fashion_data/raw/train/train/annos/181994.json,,item2_shorts,pants,shorts,7,640,960,269.0,582.0,555.0,803.0,0.10287434895833333,221.0,prd_3_1_v1,core,SEGCORE1_0110,benchmark/prd_3_1_v1/candidates/segmentation_core_stress_v1/masks/core/pants/SEGCORE1_0110.png,benchmark/prd_3_1_v1/candidates/segmentation_core_stress_v1/overlays/core/pants/SEGCORE1_0110.jpg,large_>=10%,>=100,0,unreviewed,FLAG,LOW_MASK_BBOX_IOU,1,1,1,640,960,640,960,1,1,42206,284,582,546,790,0.862197,1.000000,0.667753,,120
DeepFashion2,../fashion_data/raw/train/train/image/069587.jpg,069587.jpg,../fashion_data/raw/train/train/annos/069587.json,,item1_skirt,skirt,skirt,9,468,468,197.0,211.0,285.0,293.0,0.03294616115128936,82.0,prd_3_1_v1,core,SEGCORE1_0111,benchmark/prd_3_1_v1/candidates/segmentation_core_stress_v1/masks/core/skirt/SEGCORE1_0111.png,benchmark/prd_3_1_v1/candidates/segmentation_core_stress_v1/overlays/core/skirt/SEGCORE1_0111.jpg,medium_2-10%,50-99,0,unreviewed,PASS,,1,1,1,468,468,468,468,1,1,5607,198,210,285,289,0.929207,0.999822,0.777023,,20
DeepFashion2,../fashion_data/raw/train/train/image/072874.jpg,072874.jpg,../fashion_data/raw/train/train/annos/072874.json,,item2_skirt,skirt,skirt,9,468,780,156.0,433.0,229.0,517.0,0.016798159105851414,73.0,prd_3_1_v1,core,SEGCORE1_0112,benchmark/prd_3_1_v1/candidates/segmentation_core_stress_v1/masks/core/skirt/SEGCORE1_0112.png,benchmark/prd_3_1_v1/candidates/segmentation_core_stress_v1/overlays/core/skirt/SEGCORE1_0112.jpg,small_0.5-2%,50-99,1,unreviewed,PASS,,1,1,1,468,780,468,780,1,1,4870,158,435,229,515,0.926288,1.000000,0.794194,,30
DeepFashion2,../fashion_data/raw/train/train/image/131577.jpg,131577.jpg,../fashion_data/raw/train/train/annos/131577.json,,item2_skirt,skirt,skirt,9,750,631,89.0,288.0,387.0,610.0,0.2027596407818278,298.0,prd_3_1_v1,core,SEGCORE1_0113,benchmark/prd_3_1_v1/candidates/segmentation_core_stress_v1/masks/core/skirt/SEGCORE1_0113.png,benchmark/prd_3_1_v1/candidates/segmentation_core_stress_v1/overlays/core/skirt/SEGCORE1_0113.jpg,large_>=10%,>=100,0,unreviewed,FLAG,LOW_MASK_BBOX_IOU,1,1,1,750,631,750,631,1,1,57189,122,300,384,610,0.846430,1.000000,0.595992,,120
DeepFashion2,../fashion_data/raw/train/train/image/124376.jpg,124376.jpg,../fashion_data/raw/train/train/annos/124376.json,,item2_skirt,skirt,skirt,9,468,1299,120.0,767.0,311.0,952.0,0.058123276945447847,185.0,prd_3_1_v1,core,SEGCORE1_0114,benchmark/prd_3_1_v1/candidates/segmentation_core_stress_v1/masks/core/skirt/SEGCORE1_0114.png,benchmark/prd_3_1_v1/candidates/segmentation_core_stress_v1/overlays/core/skirt/SEGCORE1_0114.jpg,medium_2-10%,>=100,0,unreviewed,FLAG,LOW_MASK_BBOX_IOU,1,1,1,468,1299,468,1299,1,1,22890,130,769,292,944,0.802321,1.000000,0.647800,,120
DeepFashion2,../fashion_data/raw/train/train/image/068996.jpg,068996.jpg,../fashion_data/raw/train/train/annos/068996.json,,item2_skirt,skirt,skirt,9,468,624,137.0,145.0,210.0,223.0,0.019497863247863248,73.0,prd_3_1_v1,core,SEGCORE1_0115,benchmark/prd_3_1_v1/candidates/segmentation_core_stress_v1/masks/core/skirt/SEGCORE1_0115.png,benchmark/prd_3_1_v1/candidates/segmentation_core_stress_v1/overlays/core/skirt/SEGCORE1_0115.jpg,small_0.5-2%,50-99,1,unreviewed,FLAG,LOW_MASK_BBOX_IOU,1,1,1,468,624,468,624,1,1,3399,142,147,206,220,0.820513,1.000000,0.596944,,130
DeepFashion2,../fashion_data/raw/train/train/image/051038.jpg,051038.jpg,../fashion_data/raw/train/train/annos/051038.json,,item2_skirt,skirt,skirt,9,468,826,0.0,385.0,467.0,825.0,0.5315494298545146,440.0,prd_3_1_v1,core,SEGCORE1_0116,benchmark/prd_3_1_v1/candidates/segmentation_core_stress_v1/masks/core/skirt/SEGCORE1_0116.png,benchmark/prd_3_1_v1/candidates/segmentation_core_stress_v1/overlays/core/skirt/SEGCORE1_0116.jpg,large_>=10%,>=100,0,unreviewed,PASS,,1,1,1,468,826,468,826,1,1,112853,3,388,467,824,0.984544,1.000000,0.549216,,20
DeepFashion2,../fashion_data/raw/train/train/image/142272.jpg,142272.jpg,../fashion_data/raw/train/train/annos/142272.json,,item1_skirt,skirt,skirt,9,640,960,252.0,473.0,381.0,666.0,0.0405224609375,129.0,prd_3_1_v1,core,SEGCORE1_0117,benchmark/prd_3_1_v1/candidates/segmentation_core_stress_v1/masks/core/skirt/SEGCORE1_0117.png,benchmark/prd_3_1_v1/candidates/segmentation_core_stress_v1/overlays/core/skirt/SEGCORE1_0117.jpg,medium_2-10%,>=100,0,unreviewed,FLAG,LOW_MASK_BBOX_IOU,1,1,1,640,960,640,960,1,1,18906,260,482,379,656,0.831666,1.000000,0.759369,,120
DeepFashion2,../fashion_data/raw/train/train/image/040782.jpg,040782.jpg,../fashion_data/raw/train/train/annos/040782.json,,item1_skirt,skirt,skirt,9,640,427,289.0,218.0,352.0,290.0,0.016598360655737703,63.0,prd_3_1_v1,core,SEGCORE1_0118,benchmark/prd_3_1_v1/candidates/segmentation_core_stress_v1/masks/core/skirt/SEGCORE1_0118.png,benchmark/prd_3_1_v1/candidates/segmentation_core_stress_v1/overlays/core/skirt/SEGCORE1_0118.jpg,small_0.5-2%,50-99,1,unreviewed,PASS,,1,1,1,640,427,640,427,1,1,3090,291,219,351,289,0.925926,1.000000,0.681217,,30
DeepFashion2,../fashion_data/raw/train/train/image/053306.jpg,053306.jpg,../fashion_data/raw/train/train/annos/053306.json,,item2_skirt,skirt,skirt,9,749,960,313.0,436.0,660.0,872.0,0.21040832220738762,347.0,prd_3_1_v1,core,SEGCORE1_0119,benchmark/prd_3_1_v1/candidates/segmentation_core_stress_v1/masks/core/skirt/SEGCORE1_0119.png,benchmark/prd_3_1_v1/candidates/segmentation_core_stress_v1/overlays/core/skirt/SEGCORE1_0119.jpg,large_>=10%,>=100,0,unreviewed,FLAG,LOW_MASK_BBOX_IOU,1,1,1,749,960,749,960,1,1,85726,358,445,659,854,0.813718,1.000000,0.566626,,120
DeepFashion2,../fashion_data/raw/train/train/image/149160.jpg,149160.jpg,../fashion_data/raw/train/train/annos/149160.json,,item2_skirt,skirt,skirt,9,880,1320,301.0,215.0,579.0,563.0,0.08328512396694215,278.0,prd_3_1_v1,core,SEGCORE1_0120,benchmark/prd_3_1_v1/candidates/segmentation_core_stress_v1/masks/core/skirt/SEGCORE1_0120.png,benchmark/prd_3_1_v1/candidates/segmentation_core_stress_v1/overlays/core/skirt/SEGCORE1_0120.jpg,medium_2-10%,>=100,0,unreviewed,FLAG,LOW_MASK_BBOX_IOU,1,1,1,880,1320,880,1320,1,1,72884,314,236,570,551,0.833540,1.000000,0.753370,,120
DeepFashion2,../fashion_data/raw/train/train/image/111944.jpg,111944.jpg,../fashion_data/raw/train/train/annos/111944.json,,item2_skirt,skirt,skirt,9,640,804,355.0,489.0,421.0,630.0,0.01808535447761194,66.0,prd_3_1_v1,core,SEGCORE1_0121,benchmark/prd_3_1_v1/candidates/segmentation_core_stress_v1/masks/core/skirt/SEGCORE1_0121.png,benchmark/prd_3_1_v1/candidates/segmentation_core_stress_v1/overlays/core/skirt/SEGCORE1_0121.jpg,small_0.5-2%,50-99,1,unreviewed,FLAG,LOW_MASK_BBOX_IOU,1,1,1,640,804,640,804,1,1,3840,363,494,420,589,0.581883,1.000000,0.412637,,130
DeepFashion2,../fashion_data/raw/train/train/image/089712.jpg,089712.jpg,../fashion_data/raw/train/train/annos/089712.json,,item2_skirt,skirt,skirt,9,700,933,411.0,652.0,698.0,931.0,0.12260450160771705,279.0,prd_3_1_v1,core,SEGCORE1_0122,benchmark/prd_3_1_v1/candidates/segmentation_core_stress_v1/masks/core/skirt/SEGCORE1_0122.png,benchmark/prd_3_1_v1/candidates/segmentation_core_stress_v1/overlays/core/skirt/SEGCORE1_0122.jpg,large_>=10%,>=100,0,unreviewed,FLAG,LOW_MASK_BBOX_IOU,1,1,1,700,933,700,933,1,1,49193,416,675,698,932,0.898413,0.999980,0.614352,,120
DeepFashion2,../fashion_data/raw/train/train/image/097814.jpg,097814.jpg,../fashion_data/raw/train/train/annos/097814.json,,item2_skirt,skirt,skirt,9,468,624,141.0,343.0,254.0,489.0,0.056493808897655054,113.0,prd_3_1_v1,core,SEGCORE1_0123,benchmark/prd_3_1_v1/candidates/segmentation_core_stress_v1/masks/core/skirt/SEGCORE1_0123.png,benchmark/prd_3_1_v1/candidates/segmentation_core_stress_v1/overlays/core/skirt/SEGCORE1_0123.jpg,medium_2-10%,>=100,0,unreviewed,PASS,,1,1,1,468,624,468,624,1,1,12675,145,350,253,489,0.909928,1.000000,0.768275,,20
DeepFashion2,../fashion_data/raw/train/train/image/075663.jpg,075663.jpg,../fashion_data/raw/train/train/annos/075663.json,,item2_skirt,skirt,skirt,9,880,759,533.0,340.0,650.0,440.0,0.01751706791232483,100.0,prd_3_1_v1,core,SEGCORE1_0124,benchmark/prd_3_1_v1/candidates/segmentation_core_stress_v1/masks/core/skirt/SEGCORE1_0124.png,benchmark/prd_3_1_v1/candidates/segmentation_core_stress_v1/overlays/core/skirt/SEGCORE1_0124.jpg,small_0.5-2%,>=100,1,unreviewed,FLAG,LOW_MASK_BBOX_IOU,1,1,1,880,759,880,759,1,1,6462,537,343,644,437,0.859658,1.000000,0.552308,,130
DeepFashion2,../fashion_data/raw/train/train/image/132895.jpg,132895.jpg,../fashion_data/raw/train/train/annos/132895.json,,item2_skirt,skirt,skirt,9,640,960,133.0,488.0,509.0,959.0,0.2882421875,376.0,prd_3_1_v1,core,SEGCORE1_0125,benchmark/prd_3_1_v1/candidates/segmentation_core_stress_v1/masks/core/skirt/SEGCORE1_0125.png,benchmark/prd_3_1_v1/candidates/segmentation_core_stress_v1/overlays/core/skirt/SEGCORE1_0125.jpg,large_>=10%,>=100,0,unreviewed,FLAG,LOW_MASK_BBOX_IOU,1,1,1,640,960,640,960,1,1,118933,166,520,491,960,0.804161,0.999992,0.671574,,120
DeepFashion2,../fashion_data/raw/train/train/image/103669.jpg,103669.jpg,../fashion_data/raw/train/train/annos/103669.json,,item2_skirt,skirt,skirt,9,640,636,235.0,239.0,360.0,426.0,0.05742678852201258,125.0,prd_3_1_v1,core,SEGCORE1_0126,benchmark/prd_3_1_v1/candidates/segmentation_core_stress_v1/masks/core/skirt/SEGCORE1_0126.png,benchmark/prd_3_1_v1/candidates/segmentation_core_stress_v1/overlays/core/skirt/SEGCORE1_0126.jpg,medium_2-10%,>=100,0,unreviewed,FLAG,LOW_MASK_BBOX_IOU,1,1,1,640,636,640,636,1,1,13170,241,245,357,420,0.868449,1.000000,0.563422,,120
DeepFashion2,../fashion_data/raw/train/train/image/133015.jpg,133015.jpg,../fashion_data/raw/train/train/annos/133015.json,,item2_skirt,skirt,skirt,9,880,612,472.0,321.0,565.0,417.0,0.016577540106951873,93.0,prd_3_1_v1,core,SEGCORE1_0127,benchmark/prd_3_1_v1/candidates/segmentation_core_stress_v1/masks/core/skirt/SEGCORE1_0127.png,benchmark/prd_3_1_v1/candidates/segmentation_core_stress_v1/overlays/core/skirt/SEGCORE1_0127.jpg,small_0.5-2%,50-99,1,unreviewed,PASS,,1,1,1,880,612,880,612,1,1,6722,474,324,565,417,0.947917,1.000000,0.752912,,30
DeepFashion2,../fashion_data/raw/train/train/image/142660.jpg,142660.jpg,../fashion_data/raw/train/train/annos/142660.json,,item2_skirt,skirt,skirt,9,680,450,263.0,74.0,468.0,360.0,0.1916013071895425,205.0,prd_3_1_v1,core,SEGCORE1_0128,benchmark/prd_3_1_v1/candidates/segmentation_core_stress_v1/masks/core/skirt/SEGCORE1_0128.png,benchmark/prd_3_1_v1/candidates/segmentation_core_stress_v1/overlays/core/skirt/SEGCORE1_0128.jpg,large_>=10%,>=100,0,unreviewed,PASS,,1,1,1,680,450,680,450,1,1,44630,268,78,461,353,0.905253,1.000000,0.761214,,20
DeepFashion2,../fashion_data/raw/train/train/image/158699.jpg,158699.jpg,../fashion_data/raw/train/train/annos/158699.json,,item2_skirt,skirt,skirt,9,880,880,246.0,543.0,529.0,793.0,0.09136105371900827,250.0,prd_3_1_v1,core,SEGCORE1_0129,benchmark/prd_3_1_v1/candidates/segmentation_core_stress_v1/masks/core/skirt/SEGCORE1_0129.png,benchmark/prd_3_1_v1/candidates/segmentation_core_stress_v1/overlays/core/skirt/SEGCORE1_0129.jpg,medium_2-10%,>=100,0,unreviewed,FLAG,LOW_MASK_BBOX_IOU,1,1,1,880,880,880,880,1,1,43338,260,568,529,760,0.730007,1.000000,0.612551,,120
DeepFashion2,../fashion_data/raw/train/train/image/053448.jpg,053448.jpg,../fashion_data/raw/train/train/annos/053448.json,,item2_skirt,skirt,skirt,9,458,640,194.0,408.0,246.0,485.0,0.013659934497816594,52.0,prd_3_1_v1,core,SEGCORE1_0130,benchmark/prd_3_1_v1/candidates/segmentation_core_stress_v1/masks/core/skirt/SEGCORE1_0130.png,benchmark/prd_3_1_v1/candidates/segmentation_core_stress_v1/overlays/core/skirt/SEGCORE1_0130.jpg,small_0.5-2%,50-99,1,unreviewed,PASS,,1,1,1,458,640,458,640,1,1,3271,197,408,246,483,0.917832,1.000000,0.816933,,30
DeepFashion2,../fashion_data/raw/train/train/image/081390.jpg,081390.jpg,../fashion_data/raw/train/train/annos/081390.json,,item2_skirt,skirt,skirt,9,468,624,53.0,326.0,464.0,623.0,0.41799186390532544,297.0,prd_3_1_v1,core,SEGCORE1_0131,benchmark/prd_3_1_v1/candidates/segmentation_core_stress_v1/masks/core/skirt/SEGCORE1_0131.png,benchmark/prd_3_1_v1/candidates/segmentation_core_stress_v1/overlays/core/skirt/SEGCORE1_0131.jpg,large_>=10%,>=100,0,unreviewed,FLAG,LOW_MASK_BBOX_IOU,1,1,1,468,624,468,624,1,1,62232,79,337,426,624,0.810708,0.999550,0.509818,,120
DeepFashion2,../fashion_data/raw/train/train/image/048987.jpg,048987.jpg,../fashion_data/raw/train/train/annos/048987.json,,item2_skirt,skirt,skirt,9,677,709,250.0,476.0,450.0,666.0,0.07916782119739246,190.0,prd_3_1_v1,core,SEGCORE1_0132,benchmark/prd_3_1_v1/candidates/segmentation_core_stress_v1/masks/core/skirt/SEGCORE1_0132.png,benchmark/prd_3_1_v1/candidates/segmentation_core_stress_v1/overlays/core/skirt/SEGCORE1_0132.jpg,medium_2-10%,>=100,0,unreviewed,FLAG,LOW_MASK_BBOX_IOU,1,1,1,677,709,677,709,1,1,28989,261,481,447,660,0.876158,1.000000,0.762868,,120
DeepFashion2,../fashion_data/raw/train/train/image/093489.jpg,093489.jpg,../fashion_data/raw/train/train/annos/093489.json,,item2_skirt,skirt,skirt,9,750,1126,300.0,549.0,391.0,688.0,0.014978093546477205,91.0,prd_3_1_v1,core,SEGCORE1_0133,benchmark/prd_3_1_v1/candidates/segmentation_core_stress_v1/masks/core/skirt/SEGCORE1_0133.png,benchmark/prd_3_1_v1/candidates/segmentation_core_stress_v1/overlays/core/skirt/SEGCORE1_0133.jpg,small_0.5-2%,50-99,1,unreviewed,PASS,,1,1,1,750,1126,750,1126,1,1,7941,303,550,392,686,0.936097,0.999622,0.627797,,30
DeepFashion2,../fashion_data/raw/train/train/image/074407.jpg,074407.jpg,../fashion_data/raw/train/train/annos/074407.json,,item1_skirt,skirt,skirt,9,705,960,126.0,429.0,555.0,801.0,0.23579787234042554,372.0,prd_3_1_v1,core,SEGCORE1_0134,benchmark/prd_3_1_v1/candidates/segmentation_core_stress_v1/masks/core/skirt/SEGCORE1_0134.png,benchmark/prd_3_1_v1/candidates/segmentation_core_stress_v1/overlays/core/skirt/SEGCORE1_0134.jpg,large_>=10%,>=100,0,unreviewed,PASS,,1,1,1,705,960,705,960,1,1,112388,134,435,553,787,0.924180,1.000000,0.704238,,20
DeepFashion2,../fashion_data/raw/train/train/image/072899.jpg,072899.jpg,../fashion_data/raw/train/train/annos/072899.json,,item2_skirt,skirt,skirt,9,738,798,244.0,434.0,366.0,574.0,0.029002044406408977,122.0,prd_3_1_v1,core,SEGCORE1_0135,benchmark/prd_3_1_v1/candidates/segmentation_core_stress_v1/masks/core/skirt/SEGCORE1_0135.png,benchmark/prd_3_1_v1/candidates/segmentation_core_stress_v1/overlays/core/skirt/SEGCORE1_0135.jpg,medium_2-10%,>=100,0,unreviewed,FLAG,LOW_MASK_BBOX_IOU,1,1,1,738,798,738,798,1,1,11846,248,437,361,568,0.866686,1.000000,0.693560,,120
DeepFashion2,../fashion_data/raw/train/train/image/187397.jpg,187397.jpg,../fashion_data/raw/train/train/annos/187397.json,,item2_skirt,skirt,skirt,9,640,960,235.0,484.0,349.0,569.0,0.015771484375,85.0,prd_3_1_v1,core,SEGCORE1_0136,benchmark/prd_3_1_v1/candidates/segmentation_core_stress_v1/masks/core/skirt/SEGCORE1_0136.png,benchmark/prd_3_1_v1/candidates/segmentation_core_stress_v1/overlays/core/skirt/SEGCORE1_0136.jpg,small_0.5-2%,50-99,1,unreviewed,PASS,,1,1,1,640,960,640,960,1,1,5688,238,486,349,565,0.904954,1.000000,0.586997,,30
DeepFashion2,../fashion_data/raw/train/train/image/145484.jpg,145484.jpg,../fashion_data/raw/train/train/annos/145484.json,,item1_skirt,skirt,skirt,9,468,624,179.0,222.0,351.0,558.0,0.19789612097304404,172.0,prd_3_1_v1,core,SEGCORE1_0137,benchmark/prd_3_1_v1/candidates/segmentation_core_stress_v1/masks/core/skirt/SEGCORE1_0137.png,benchmark/prd_3_1_v1/candidates/segmentation_core_stress_v1/overlays/core/skirt/SEGCORE1_0137.jpg,large_>=10%,>=100,0,unreviewed,FLAG,LOW_MASK_BBOX_IOU,1,1,1,468,624,468,624,1,1,36224,190,233,345,532,0.801928,1.000000,0.626800,,120
DeepFashion2,../fashion_data/raw/train/train/image/050829.jpg,050829.jpg,../fashion_data/raw/train/train/annos/050829.json,,item2_skirt,skirt,skirt,9,468,624,189.0,170.0,320.0,337.0,0.07491302323033092,131.0,prd_3_1_v1,core,SEGCORE1_0138,benchmark/prd_3_1_v1/candidates/segmentation_core_stress_v1/masks/core/skirt/SEGCORE1_0138.png,benchmark/prd_3_1_v1/candidates/segmentation_core_stress_v1/overlays/core/skirt/SEGCORE1_0138.jpg,medium_2-10%,>=100,0,unreviewed,PASS,,1,1,1,468,624,468,624,1,1,17020,192,172,319,328,0.905609,1.000000,0.777986,,20
DeepFashion2,../fashion_data/raw/train/train/image/137266.jpg,137266.jpg,../fashion_data/raw/train/train/annos/137266.json,,item2_skirt,skirt,skirt,9,800,552,387.0,289.0,476.0,353.0,0.012898550724637681,64.0,prd_3_1_v1,core,SEGCORE1_0139,benchmark/prd_3_1_v1/candidates/segmentation_core_stress_v1/masks/core/skirt/SEGCORE1_0139.png,benchmark/prd_3_1_v1/candidates/segmentation_core_stress_v1/overlays/core/skirt/SEGCORE1_0139.jpg,small_0.5-2%,50-99,1,unreviewed,FLAG,LOW_MASK_BBOX_IOU,1,1,1,800,552,800,552,1,1,2003,400,296,464,344,0.539326,1.000000,0.351650,,130
DeepFashion2,../fashion_data/raw/train/train/image/074544.jpg,074544.jpg,../fashion_data/raw/train/train/annos/074544.json,,item2_skirt,skirt,skirt,9,468,624,114.0,311.0,387.0,623.0,0.2916666666666667,273.0,prd_3_1_v1,core,SEGCORE1_0140,benchmark/prd_3_1_v1/candidates/segmentation_core_stress_v1/masks/core/skirt/SEGCORE1_0140.png,benchmark/prd_3_1_v1/candidates/segmentation_core_stress_v1/overlays/core/skirt/SEGCORE1_0140.jpg,large_>=10%,>=100,0,unreviewed,PASS,,1,1,1,468,624,468,624,1,1,72972,118,317,379,623,0.937658,1.000000,0.856720,,20
DeepFashion2,../fashion_data/raw/train/train/image/015412.jpg,015412.jpg,../fashion_data/raw/train/train/annos/015412.json,,item2_skirt,skirt,skirt,9,750,1087,288.0,349.0,464.0,516.0,0.03605274455688439,167.0,prd_3_1_v1,core,SEGCORE1_0141,benchmark/prd_3_1_v1/candidates/segmentation_core_stress_v1/masks/core/skirt/SEGCORE1_0141.png,benchmark/prd_3_1_v1/candidates/segmentation_core_stress_v1/overlays/core/skirt/SEGCORE1_0141.jpg,medium_2-10%,>=100,0,unreviewed,PASS,,1,1,1,750,1087,750,1087,1,1,20261,292,355,464,512,0.918753,1.000000,0.689337,,20
DeepFashion2,../fashion_data/raw/train/train/image/030539.jpg,030539.jpg,../fashion_data/raw/train/train/annos/030539.json,,item2_skirt,skirt,skirt,9,880,1063,519.0,569.0,640.0,714.0,0.01875587958607714,121.0,prd_3_1_v1,core,SEGCORE1_0142,benchmark/prd_3_1_v1/candidates/segmentation_core_stress_v1/masks/core/skirt/SEGCORE1_0142.png,benchmark/prd_3_1_v1/candidates/segmentation_core_stress_v1/overlays/core/skirt/SEGCORE1_0142.jpg,small_0.5-2%,>=100,1,unreviewed,FLAG,LOW_MASK_BBOX_IOU,1,1,1,880,1063,880,1063,1,1,12381,523,570,638,706,0.891422,1.000000,0.705671,,130
DeepFashion2,../fashion_data/raw/train/train/image/035861.jpg,035861.jpg,../fashion_data/raw/train/train/annos/035861.json,,item1_skirt,skirt,skirt,9,640,960,181.0,436.0,388.0,744.0,0.10376953125,207.0,prd_3_1_v1,core,SEGCORE1_0143,benchmark/prd_3_1_v1/candidates/segmentation_core_stress_v1/masks/core/skirt/SEGCORE1_0143.png,benchmark/prd_3_1_v1/candidates/segmentation_core_stress_v1/overlays/core/skirt/SEGCORE1_0143.jpg,large_>=10%,>=100,0,unreviewed,FLAG,LOW_MASK_BBOX_IOU,1,1,1,640,960,640,960,1,1,47775,195,447,382,739,0.856453,1.000000,0.749341,,120
DeepFashion2,../fashion_data/raw/train/train/image/027992.jpg,027992.jpg,../fashion_data/raw/train/train/annos/027992.json,,item2_skirt,skirt,skirt,9,750,708,279.0,422.0,443.0,633.0,0.06516760828625236,164.0,prd_3_1_v1,core,SEGCORE1_0144,benchmark/prd_3_1_v1/candidates/segmentation_core_stress_v1/masks/core/skirt/SEGCORE1_0144.png,benchmark/prd_3_1_v1/candidates/segmentation_core_stress_v1/overlays/core/skirt/SEGCORE1_0144.jpg,medium_2-10%,>=100,0,unreviewed,FLAG,LOW_MASK_BBOX_IOU,1,1,1,750,708,750,708,1,1,13814,284,425,397,616,0.623714,1.000000,0.399202,,120
DeepFashion2,../fashion_data/raw/train/train/image/043181.jpg,043181.jpg,../fashion_data/raw/train/train/annos/043181.json,,item2_skirt,skirt,skirt,9,750,677,300.0,242.0,415.0,313.0,0.016080748399803054,71.0,prd_3_1_v1,core,SEGCORE1_0145,benchmark/prd_3_1_v1/candidates/segmentation_core_stress_v1/masks/core/skirt/SEGCORE1_0145.png,benchmark/prd_3_1_v1/candidates/segmentation_core_stress_v1/overlays/core/skirt/SEGCORE1_0145.jpg,small_0.5-2%,50-99,1,unreviewed,PASS,,1,1,1,750,677,750,677,1,1,5387,305,243,415,310,0.902633,1.000000,0.659767,,30
DeepFashion2,../fashion_data/raw/train/train/image/165526.jpg,165526.jpg,../fashion_data/raw/train/train/annos/165526.json,,item1_skirt,skirt,skirt,9,468,351,11.0,0.0,446.0,333.0,0.8818211702827088,333.0,prd_3_1_v1,core,SEGCORE1_0146,benchmark/prd_3_1_v1/candidates/segmentation_core_stress_v1/masks/core/skirt/SEGCORE1_0146.png,benchmark/prd_3_1_v1/candidates/segmentation_core_stress_v1/overlays/core/skirt/SEGCORE1_0146.jpg,large_>=10%,>=100,0,unreviewed,PASS,,1,1,1,468,351,468,351,1,1,98514,14,2,439,325,0.947672,1.000000,0.680087,,20
DeepFashion2,../fashion_data/raw/train/train/image/101691.jpg,101691.jpg,../fashion_data/raw/train/train/annos/101691.json,,item1_skirt,skirt,skirt,9,700,1050,271.0,433.0,449.0,633.0,0.048435374149659864,178.0,prd_3_1_v1,core,SEGCORE1_0147,benchmark/prd_3_1_v1/candidates/segmentation_core_stress_v1/masks/core/skirt/SEGCORE1_0147.png,benchmark/prd_3_1_v1/candidates/segmentation_core_stress_v1/overlays/core/skirt/SEGCORE1_0147.jpg,medium_2-10%,>=100,0,unreviewed,FLAG,LOW_MASK_BBOX_IOU,1,1,1,700,1050,700,1050,1,1,27475,276,440,446,624,0.878652,1.000000,0.771770,,120
DeepFashion2,../fashion_data/raw/train/train/image/183131.jpg,183131.jpg,../fashion_data/raw/train/train/annos/183131.json,,item4_skirt,skirt,skirt,9,696,684,620.0,363.0,678.0,426.0,0.007675438596491228,58.0,prd_3_1_v1,core,SEGCORE1_0148,benchmark/prd_3_1_v1/candidates/segmentation_core_stress_v1/masks/core/skirt/SEGCORE1_0148.png,benchmark/prd_3_1_v1/candidates/segmentation_core_stress_v1/overlays/core/skirt/SEGCORE1_0148.jpg,small_0.5-2%,50-99,1,unreviewed,FLAG,LOW_MASK_BBOX_IOU,1,1,1,696,684,696,684,1,1,1965,624,365,675,425,0.837438,1.000000,0.537767,,130
DeepFashion2,../fashion_data/raw/train/train/image/021851.jpg,021851.jpg,../fashion_data/raw/train/train/annos/021851.json,,item1_skirt,skirt,skirt,9,468,624,0.0,359.0,323.0,623.0,0.2919953977646285,264.0,prd_3_1_v1,core,SEGCORE1_0149,benchmark/prd_3_1_v1/candidates/segmentation_core_stress_v1/masks/core/skirt/SEGCORE1_0149.png,benchmark/prd_3_1_v1/candidates/segmentation_core_stress_v1/overlays/core/skirt/SEGCORE1_0149.jpg,large_>=10%,>=100,0,unreviewed,PASS,,1,1,1,468,624,468,624,1,1,70882,1,361,321,624,0.979531,0.999986,0.831246,,20
DeepFashion2,../fashion_data/raw/train/train/image/088779.jpg,088779.jpg,../fashion_data/raw/train/train/annos/088779.json,,item2_skirt,skirt,skirt,9,468,625,149.0,249.0,299.0,422.0,0.08871794871794872,150.0,prd_3_1_v1,core,SEGCORE1_0150,benchmark/prd_3_1_v1/candidates/segmentation_core_stress_v1/masks/core/skirt/SEGCORE1_0150.png,benchmark/prd_3_1_v1/candidates/segmentation_core_stress_v1/overlays/core/skirt/SEGCORE1_0150.jpg,medium_2-10%,>=100,0,unreviewed,FLAG,LOW_MASK_BBOX_IOU,1,1,1,468,625,468,625,1,1,16221,151,254,298,407,0.866705,1.000000,0.625087,,120
DeepFashion2,../fashion_data/raw/train/train/image/096677.jpg,096677.jpg,../fashion_data/raw/train/train/annos/096677.json,,item1_skirt,skirt,skirt,9,750,624,128.0,421.0,221.0,517.0,0.019076923076923078,93.0,prd_3_1_v1,core,SEGCORE1_0151,benchmark/prd_3_1_v1/candidates/segmentation_core_stress_v1/masks/core/skirt/SEGCORE1_0151.png,benchmark/prd_3_1_v1/candidates/segmentation_core_stress_v1/overlays/core/skirt/SEGCORE1_0151.jpg,small_0.5-2%,50-99,1,unreviewed,FLAG,LOW_MASK_BBOX_IOU,1,1,1,750,624,750,624,1,1,4510,130,424,215,516,0.875896,1.000000,0.505152,,130
DeepFashion2,../fashion_data/raw/train/train/image/141721.jpg,141721.jpg,../fashion_data/raw/train/train/annos/141721.json,,item2_skirt,skirt,skirt,9,720,1080,163.0,617.0,489.0,969.0,0.14757201646090534,326.0,prd_3_1_v1,core,SEGCORE1_0152,benchmark/prd_3_1_v1/candidates/segmentation_core_stress_v1/masks/core/skirt/SEGCORE1_0152.png,benchmark/prd_3_1_v1/candidates/segmentation_core_stress_v1/overlays/core/skirt/SEGCORE1_0152.jpg,large_>=10%,>=100,0,unreviewed,FLAG,LOW_MASK_BBOX_IOU,1,1,1,720,1080,720,1080,1,1,60263,184,619,471,903,0.710297,1.000000,0.525159,,120
DeepFashion2,../fashion_data/raw/train/train/image/156172.jpg,156172.jpg,../fashion_data/raw/train/train/annos/156172.json,,item2_skirt,skirt,skirt,9,750,682,381.0,282.0,558.0,490.0,0.07197653958944282,177.0,prd_3_1_v1,core,SEGCORE1_0153,benchmark/prd_3_1_v1/candidates/segmentation_core_stress_v1/masks/core/skirt/SEGCORE1_0153.png,benchmark/prd_3_1_v1/candidates/segmentation_core_stress_v1/overlays/core/skirt/SEGCORE1_0153.jpg,medium_2-10%,>=100,0,unreviewed,PASS,,1,1,1,750,682,750,682,1,1,21939,383,284,556,480,0.921013,1.000000,0.595909,,20
DeepFashion2,../fashion_data/raw/train/train/image/174532.jpg,174532.jpg,../fashion_data/raw/train/train/annos/174532.json,,item2_skirt,skirt,skirt,9,468,624,213.0,129.0,269.0,180.0,0.00977975016436555,51.0,prd_3_1_v1,core,SEGCORE1_0154,benchmark/prd_3_1_v1/candidates/segmentation_core_stress_v1/masks/core/skirt/SEGCORE1_0154.png,benchmark/prd_3_1_v1/candidates/segmentation_core_stress_v1/overlays/core/skirt/SEGCORE1_0154.jpg,small_0.5-2%,50-99,1,unreviewed,FLAG,LOW_MASK_BBOX_IOU,1,1,1,468,624,468,624,1,1,1682,217,132,267,179,0.822829,1.000000,0.588936,,130
DeepFashion2,../fashion_data/raw/train/train/image/073132.jpg,073132.jpg,../fashion_data/raw/train/train/annos/073132.json,,item2_skirt,skirt,skirt,9,468,631,122.0,215.0,297.0,447.0,0.1374835764693134,175.0,prd_3_1_v1,core,SEGCORE1_0155,benchmark/prd_3_1_v1/candidates/segmentation_core_stress_v1/masks/core/skirt/SEGCORE1_0155.png,benchmark/prd_3_1_v1/candidates/segmentation_core_stress_v1/overlays/core/skirt/SEGCORE1_0155.jpg,large_>=10%,>=100,0,unreviewed,FLAG,LOW_MASK_BBOX_IOU,1,1,1,468,631,468,631,1,1,26414,124,215,290,429,0.874975,1.000000,0.650591,,120
DeepFashion2,../fashion_data/raw/train/train/image/176028.jpg,176028.jpg,../fashion_data/raw/train/train/annos/176028.json,,item2_skirt,skirt,skirt,9,468,624,152.0,280.0,241.0,443.0,0.049676062897216745,89.0,prd_3_1_v1,core,SEGCORE1_0156,benchmark/prd_3_1_v1/candidates/segmentation_core_stress_v1/masks/core/skirt/SEGCORE1_0156.png,benchmark/prd_3_1_v1/candidates/segmentation_core_stress_v1/overlays/core/skirt/SEGCORE1_0156.jpg,medium_2-10%,50-99,0,unreviewed,FLAG,LOW_MASK_BBOX_IOU,1,1,1,468,624,468,624,1,1,11574,156,286,239,438,0.869649,1.000000,0.797822,,120
DeepFashion2,../fashion_data/raw/train/train/image/181324.jpg,181324.jpg,../fashion_data/raw/train/train/annos/181324.json,,item2_skirt,skirt,skirt,9,468,632,226.0,180.0,303.0,241.0,0.015880260737855676,61.0,prd_3_1_v1,core,SEGCORE1_0157,benchmark/prd_3_1_v1/candidates/segmentation_core_stress_v1/masks/core/skirt/SEGCORE1_0157.png,benchmark/prd_3_1_v1/candidates/segmentation_core_stress_v1/overlays/core/skirt/SEGCORE1_0157.jpg,small_0.5-2%,50-99,1,unreviewed,FLAG,LOW_MASK_BBOX_IOU,1,1,1,468,632,468,632,1,1,3248,227,182,302,238,0.894188,1.000000,0.691505,,130
DeepFashion2,../fashion_data/raw/train/train/image/055476.jpg,055476.jpg,../fashion_data/raw/train/train/annos/055476.json,,item2_skirt,skirt,skirt,9,468,624,22.0,259.0,467.0,623.0,0.5546652421652422,364.0,prd_3_1_v1,core,SEGCORE1_0158,benchmark/prd_3_1_v1/candidates/segmentation_core_stress_v1/masks/core/skirt/SEGCORE1_0158.png,benchmark/prd_3_1_v1/candidates/segmentation_core_stress_v1/overlays/core/skirt/SEGCORE1_0158.jpg,large_>=10%,>=100,0,unreviewed,PASS,,1,1,1,468,624,468,624,1,1,99705,29,278,468,624,0.928399,0.997533,0.615539,,20
DeepFashion2,../fashion_data/raw/train/train/image/124101.jpg,124101.jpg,../fashion_data/raw/train/train/annos/124101.json,,item2_skirt,skirt,skirt,9,750,1025,250.0,388.0,448.0,731.0,0.08834341463414634,198.0,prd_3_1_v1,core,SEGCORE1_0159,benchmark/prd_3_1_v1/candidates/segmentation_core_stress_v1/masks/core/skirt/SEGCORE1_0159.png,benchmark/prd_3_1_v1/candidates/segmentation_core_stress_v1/overlays/core/skirt/SEGCORE1_0159.jpg,medium_2-10%,>=100,0,unreviewed,PASS,,1,1,1,750,1025,750,1025,1,1,51394,257,393,446,724,0.921150,1.000000,0.756751,,20
DeepFashion2,../fashion_data/raw/train/train/image/030915.jpg,030915.jpg,../fashion_data/raw/train/train/annos/030915.json,,item3_skirt,skirt,skirt,9,880,738,380.0,356.0,522.0,438.0,0.01792929292929293,82.0,prd_3_1_v1,core,SEGCORE1_0160,benchmark/prd_3_1_v1/candidates/segmentation_core_stress_v1/masks/core/skirt/SEGCORE1_0160.png,benchmark/prd_3_1_v1/candidates/segmentation_core_stress_v1/overlays/core/skirt/SEGCORE1_0160.jpg,small_0.5-2%,50-99,1,unreviewed,FLAG,LOW_MASK_BBOX_IOU,1,1,1,880,738,880,738,1,1,7983,384,360,519,433,0.846359,1.000000,0.685589,,130
DeepFashion2,../fashion_data/raw/train/train/image/018124.jpg,018124.jpg,../fashion_data/raw/train/train/annos/018124.json,,item1_skirt,skirt,skirt,9,640,640,133.0,236.0,462.0,581.0,0.27711181640625,329.0,prd_3_1_v1,core,SEGCORE1_0161,benchmark/prd_3_1_v1/candidates/segmentation_core_stress_v1/masks/core/skirt/SEGCORE1_0161.png,benchmark/prd_3_1_v1/candidates/segmentation_core_stress_v1/overlays/core/skirt/SEGCORE1_0161.jpg,large_>=10%,>=100,0,unreviewed,PASS,,1,1,1,640,640,640,640,1,1,80334,139,240,448,577,0.917431,1.000000,0.707757,,20
DeepFashion2,../fashion_data/raw/train/train/image/036544.jpg,036544.jpg,../fashion_data/raw/train/train/annos/036544.json,,item2_skirt,skirt,skirt,9,640,960,249.0,400.0,412.0,719.0,0.08463053385416666,163.0,prd_3_1_v1,core,SEGCORE1_0162,benchmark/prd_3_1_v1/candidates/segmentation_core_stress_v1/masks/core/skirt/SEGCORE1_0162.png,benchmark/prd_3_1_v1/candidates/segmentation_core_stress_v1/overlays/core/skirt/SEGCORE1_0162.jpg,medium_2-10%,>=100,0,unreviewed,PASS,,1,1,1,640,960,640,960,1,1,41284,253,408,410,716,0.929977,1.000000,0.793969,,20
DeepFashion2,../fashion_data/raw/train/train/image/139287.jpg,139287.jpg,../fashion_data/raw/train/train/annos/139287.json,,item2_skirt,skirt,skirt,9,640,640,251.0,381.0,319.0,433.0,0.0086328125,52.0,prd_3_1_v1,core,SEGCORE1_0163,benchmark/prd_3_1_v1/candidates/segmentation_core_stress_v1/masks/core/skirt/SEGCORE1_0163.png,benchmark/prd_3_1_v1/candidates/segmentation_core_stress_v1/overlays/core/skirt/SEGCORE1_0163.jpg,small_0.5-2%,50-99,1,unreviewed,FLAG,LOW_MASK_BBOX_IOU,1,1,1,640,640,640,640,1,1,1877,261,384,312,431,0.677885,1.000000,0.530826,,130
DeepFashion2,../fashion_data/raw/train/train/image/035199.jpg,035199.jpg,../fashion_data/raw/train/train/annos/035199.json,,item2_skirt,skirt,skirt,9,750,673,25.0,268.0,577.0,652.0,0.41994650817236256,384.0,prd_3_1_v1,core,SEGCORE1_0164,benchmark/prd_3_1_v1/candidates/segmentation_core_stress_v1/masks/core/skirt/SEGCORE1_0164.png,benchmark/prd_3_1_v1/candidates/segmentation_core_stress_v1/overlays/core/skirt/SEGCORE1_0164.jpg,large_>=10%,>=100,0,unreviewed,PASS,,1,1,1,750,673,750,673,1,1,139748,28,275,576,655,0.967155,0.998304,0.659288,,20
DeepFashion2,../fashion_data/raw/train/train/image/034247.jpg,034247.jpg,../fashion_data/raw/train/train/annos/034247.json,,item2_skirt,skirt,skirt,9,640,852,219.0,461.0,348.0,676.0,0.0508637764084507,129.0,prd_3_1_v1,core,SEGCORE1_0165,benchmark/prd_3_1_v1/candidates/segmentation_core_stress_v1/masks/core/skirt/SEGCORE1_0165.png,benchmark/prd_3_1_v1/candidates/segmentation_core_stress_v1/overlays/core/skirt/SEGCORE1_0165.jpg,medium_2-10%,>=100,0,unreviewed,FLAG,LOW_MASK_BBOX_IOU,1,1,1,640,852,640,852,1,1,20379,226,465,347,669,0.889995,1.000000,0.734776,,120
DeepFashion2,../fashion_data/raw/train/train/image/124654.jpg,124654.jpg,../fashion_data/raw/train/train/annos/124654.json,,item1_short_sleeve_outwear,outerwear,short_sleeve_outwear,3,640,807,129.0,57.0,551.0,784.0,0.5940094485749691,422.0,prd_3_1_v1,core,SEGCORE1_0166,benchmark/prd_3_1_v1/candidates/segmentation_core_stress_v1/masks/core/outerwear/SEGCORE1_0166.png,benchmark/prd_3_1_v1/candidates/segmentation_core_stress_v1/overlays/core/outerwear/SEGCORE1_0166.jpg,large_>=10%,>=100,0,unreviewed,FLAG,LOW_MASK_BBOX_IOU,1,1,1,640,807,640,807,1,1,168587,165,69,534,776,0.850352,1.000000,0.549512,,120
DeepFashion2,../fashion_data/raw/train/train/image/151470.jpg,151470.jpg,../fashion_data/raw/train/train/annos/151470.json,,item1_short_sleeve_outwear,outerwear,short_sleeve_outwear,3,726,559,509.0,99.0,661.0,268.0,0.06329681593952208,152.0,prd_3_1_v1,core,SEGCORE1_0167,benchmark/prd_3_1_v1/candidates/segmentation_core_stress_v1/masks/core/outerwear/SEGCORE1_0167.png,benchmark/prd_3_1_v1/candidates/segmentation_core_stress_v1/overlays/core/outerwear/SEGCORE1_0167.jpg,medium_2-10%,>=100,0,unreviewed,FLAG,LOW_MASK_BBOX_IOU,1,1,1,726,559,726,559,1,1,9613,518,103,662,222,0.659395,0.999064,0.374221,,120
DeepFashion2,../fashion_data/raw/train/train/image/098699.jpg,098699.jpg,../fashion_data/raw/train/train/annos/098699.json,,item1_long_sleeve_outwear,outerwear,long_sleeve_outwear,4,640,486,206.0,193.0,262.0,298.0,0.01890432098765432,56.0,prd_3_1_v1,core,SEGCORE1_0168,benchmark/prd_3_1_v1/candidates/segmentation_core_stress_v1/masks/core/outerwear/SEGCORE1_0168.png,benchmark/prd_3_1_v1/candidates/segmentation_core_stress_v1/overlays/core/outerwear/SEGCORE1_0168.jpg,small_0.5-2%,50-99,1,unreviewed,FLAG,LOW_MASK_BBOX_IOU,1,1,1,640,486,640,486,1,1,3764,207,199,260,297,0.883333,1.000000,0.640136,,130
DeepFashion2,../fashion_data/raw/train/train/image/144966.jpg,144966.jpg,../fashion_data/raw/train/train/annos/144966.json,,item1_long_sleeve_outwear,outerwear,long_sleeve_outwear,4,640,960,216.0,133.0,515.0,585.0,0.21996744791666667,299.0,prd_3_1_v1,core,SEGCORE1_0169,benchmark/prd_3_1_v1/candidates/segmentation_core_stress_v1/masks/core/outerwear/SEGCORE1_0169.png,benchmark/prd_3_1_v1/candidates/segmentation_core_stress_v1/overlays/core/outerwear/SEGCORE1_0169.jpg,large_>=10%,>=100,0,unreviewed,PASS,,1,1,1,640,960,640,960,1,1,64382,219,164,511,582,0.903128,1.000000,0.476381,,20
DeepFashion2,../fashion_data/raw/train/train/image/138553.jpg,138553.jpg,../fashion_data/raw/train/train/annos/138553.json,,item1_long_sleeve_outwear,outerwear,long_sleeve_outwear,4,640,960,280.0,272.0,426.0,488.0,0.051328125,146.0,prd_3_1_v1,core,SEGCORE1_0170,benchmark/prd_3_1_v1/candidates/segmentation_core_stress_v1/masks/core/outerwear/SEGCORE1_0170.png,benchmark/prd_3_1_v1/candidates/segmentation_core_stress_v1/overlays/core/outerwear/SEGCORE1_0170.jpg,medium_2-10%,>=100,0,unreviewed,FLAG,LOW_MASK_BBOX_IOU,1,1,1,640,960,640,960,1,1,17922,283,281,422,484,0.894755,1.000000,0.568303,,120
DeepFashion2,../fashion_data/raw/train/train/image/118508.jpg,118508.jpg,../fashion_data/raw/train/train/annos/118508.json,,item1_short_sleeve_outwear,outerwear,short_sleeve_outwear,3,468,831,0.0,157.0,466.0,741.0,0.6997644687175373,466.0,prd_3_1_v1,core,SEGCORE1_0171,benchmark/prd_3_1_v1/candidates/segmentation_core_stress_v1/masks/core/outerwear/SEGCORE1_0171.png,benchmark/prd_3_1_v1/candidates/segmentation_core_stress_v1/overlays/core/outerwear/SEGCORE1_0171.jpg,large_>=10%,>=100,0,unreviewed,PASS,,1,1,1,468,831,468,831,1,1,210507,1,163,467,727,0.961688,0.999986,0.773513,,20
DeepFashion2,../fashion_data/raw/train/train/image/024251.jpg,024251.jpg,../fashion_data/raw/train/train/annos/024251.json,,item1_short_sleeve_outwear,outerwear,short_sleeve_outwear,3,468,622,192.0,161.0,312.0,360.0,0.08203479264572512,120.0,prd_3_1_v1,core,SEGCORE1_0172,benchmark/prd_3_1_v1/candidates/segmentation_core_stress_v1/masks/core/outerwear/SEGCORE1_0172.png,benchmark/prd_3_1_v1/candidates/segmentation_core_stress_v1/overlays/core/outerwear/SEGCORE1_0172.jpg,medium_2-10%,>=100,0,unreviewed,PASS,,1,1,1,468,622,468,622,1,1,5280,195,169,312,358,0.926005,1.000000,0.221106,,20
DeepFashion2,../fashion_data/raw/train/train/image/041482.jpg,041482.jpg,../fashion_data/raw/train/train/annos/041482.json,,item1_long_sleeve_outwear,outerwear,long_sleeve_outwear,4,750,647,325.0,243.0,405.0,352.0,0.017970118495620815,80.0,prd_3_1_v1,core,SEGCORE1_0173,benchmark/prd_3_1_v1/candidates/segmentation_core_stress_v1/masks/core/outerwear/SEGCORE1_0173.png,benchmark/prd_3_1_v1/candidates/segmentation_core_stress_v1/overlays/core/outerwear/SEGCORE1_0173.jpg,small_0.5-2%,50-99,1,unreviewed,PASS,,1,1,1,750,647,750,647,1,1,4081,327,246,405,350,0.930275,1.000000,0.468005,,30
DeepFashion2,../fashion_data/raw/train/train/image/091876.jpg,091876.jpg,../fashion_data/raw/train/train/annos/091876.json,,item1_long_sleeve_outwear,outerwear,long_sleeve_outwear,4,468,624,94.0,194.0,338.0,607.0,0.34507177295638836,244.0,prd_3_1_v1,core,SEGCORE1_0174,benchmark/prd_3_1_v1/candidates/segmentation_core_stress_v1/masks/core/outerwear/SEGCORE1_0174.png,benchmark/prd_3_1_v1/candidates/segmentation_core_stress_v1/overlays/core/outerwear/SEGCORE1_0174.jpg,large_>=10%,>=100,0,unreviewed,PASS,,1,1,1,468,624,468,624,1,1,55084,100,203,335,602,0.930467,1.000000,0.546620,,20
DeepFashion2,../fashion_data/raw/train/train/image/050133.jpg,050133.jpg,../fashion_data/raw/train/train/annos/050133.json,,item2_long_sleeve_outwear,outerwear,long_sleeve_outwear,4,791,544,523.0,202.0,651.0,406.0,0.0606826801517067,128.0,prd_3_1_v1,core,SEGCORE1_0175,benchmark/prd_3_1_v1/candidates/segmentation_core_stress_v1/masks/core/outerwear/SEGCORE1_0175.png,benchmark/prd_3_1_v1/candidates/segmentation_core_stress_v1/overlays/core/outerwear/SEGCORE1_0175.jpg,medium_2-10%,>=100,0,unreviewed,FLAG,LOW_MASK_BBOX_IOU,1,1,1,791,544,791,544,1,1,14915,527,211,647,402,0.877757,1.000000,0.571193,,120
DeepFashion2,../fashion_data/raw/train/train/image/124649.jpg,124649.jpg,../fashion_data/raw/train/train/annos/124649.json,,item1_short_sleeve_outwear,outerwear,short_sleeve_outwear,3,468,624,8.0,0.0,467.0,621.0,0.9760539940828402,459.0,prd_3_1_v1,core,SEGCORE1_0176,benchmark/prd_3_1_v1/candidates/segmentation_core_stress_v1/masks/core/outerwear/SEGCORE1_0176.png,benchmark/prd_3_1_v1/candidates/segmentation_core_stress_v1/overlays/core/outerwear/SEGCORE1_0176.jpg,large_>=10%,>=100,0,unreviewed,PASS,,1,1,1,468,624,468,624,1,1,247675,15,1,468,624,0.976385,0.996378,0.868916,,20
DeepFashion2,../fashion_data/raw/train/train/image/135934.jpg,135934.jpg,../fashion_data/raw/train/train/annos/135934.json,,item1_short_sleeve_outwear,outerwear,short_sleeve_outwear,3,640,694,232.0,195.0,371.0,401.0,0.06446775936599423,139.0,prd_3_1_v1,core,SEGCORE1_0177,benchmark/prd_3_1_v1/candidates/segmentation_core_stress_v1/masks/core/outerwear/SEGCORE1_0177.png,benchmark/prd_3_1_v1/candidates/segmentation_core_stress_v1/overlays/core/outerwear/SEGCORE1_0177.jpg,medium_2-10%,>=100,0,unreviewed,FLAG,LOW_MASK_BBOX_IOU,1,1,1,640,694,640,694,1,1,6369,240,201,371,394,0.882971,1.000000,0.222428,,120
DeepFashion2,../fashion_data/raw/train/train/image/128253.jpg,128253.jpg,../fashion_data/raw/train/train/annos/128253.json,,item4_long_sleeve_outwear,outerwear,long_sleeve_outwear,4,713,766,91.0,151.0,164.0,296.0,0.019380838511932445,73.0,prd_3_1_v1,core,SEGCORE1_0178,benchmark/prd_3_1_v1/candidates/segmentation_core_stress_v1/masks/core/outerwear/SEGCORE1_0178.png,benchmark/prd_3_1_v1/candidates/segmentation_core_stress_v1/overlays/core/outerwear/SEGCORE1_0178.jpg,small_0.5-2%,50-99,1,unreviewed,FLAG,LOW_MASK_BBOX_IOU,1,1,1,713,766,713,766,1,1,5763,95,160,159,288,0.773925,1.000000,0.544450,,130
DeepFashion2,../fashion_data/raw/train/train/image/064444.jpg,064444.jpg,../fashion_data/raw/train/train/annos/064444.json,,item1_long_sleeve_outwear,outerwear,long_sleeve_outwear,4,468,624,113.0,137.0,394.0,520.0,0.3685315307911462,281.0,prd_3_1_v1,core,SEGCORE1_0179,benchmark/prd_3_1_v1/candidates/segmentation_core_stress_v1/masks/core/outerwear/SEGCORE1_0179.png,benchmark/prd_3_1_v1/candidates/segmentation_core_stress_v1/overlays/core/outerwear/SEGCORE1_0179.jpg,large_>=10%,>=100,0,unreviewed,FLAG,LOW_MASK_BBOX_IOU,1,1,1,468,624,468,624,1,1,44002,121,158,390,504,0.864815,1.000000,0.408853,,120
DeepFashion2,../fashion_data/raw/train/train/image/125906.jpg,125906.jpg,../fashion_data/raw/train/train/annos/125906.json,,item1_long_sleeve_outwear,outerwear,long_sleeve_outwear,4,700,1049,217.0,250.0,490.0,511.0,0.09703527168732126,261.0,prd_3_1_v1,core,SEGCORE1_0180,benchmark/prd_3_1_v1/candidates/segmentation_core_stress_v1/masks/core/outerwear/SEGCORE1_0180.png,benchmark/prd_3_1_v1/candidates/segmentation_core_stress_v1/overlays/core/outerwear/SEGCORE1_0180.jpg,medium_2-10%,>=100,0,unreviewed,PASS,,1,1,1,700,1049,700,1049,1,1,28513,224,264,486,509,0.900874,1.000000,0.400166,,20
DeepFashion2,../fashion_data/raw/train/train/image/118514.jpg,118514.jpg,../fashion_data/raw/train/train/annos/118514.json,,item1_short_sleeve_outwear,outerwear,short_sleeve_outwear,3,750,1125,179.0,307.0,544.0,818.0,0.22105481481481482,365.0,prd_3_1_v1,core,SEGCORE1_0181,benchmark/prd_3_1_v1/candidates/segmentation_core_stress_v1/masks/core/outerwear/SEGCORE1_0181.png,benchmark/prd_3_1_v1/candidates/segmentation_core_stress_v1/overlays/core/outerwear/SEGCORE1_0181.jpg,large_>=10%,>=100,0,unreviewed,PASS,,1,1,1,750,1125,750,1125,1,1,78364,186,316,543,798,0.922575,1.000000,0.420149,,20
DeepFashion2,../fashion_data/raw/train/train/image/034082.jpg,034082.jpg,../fashion_data/raw/train/train/annos/034082.json,,item4_short_sleeve_outwear,outerwear,short_sleeve_outwear,3,748,502,481.0,157.0,600.0,281.0,0.03929735603042376,119.0,prd_3_1_v1,core,SEGCORE1_0182,benchmark/prd_3_1_v1/candidates/segmentation_core_stress_v1/masks/core/outerwear/SEGCORE1_0182.png,benchmark/prd_3_1_v1/candidates/segmentation_core_stress_v1/overlays/core/outerwear/SEGCORE1_0182.jpg,medium_2-10%,>=100,0,unreviewed,FLAG,LOW_MASK_BBOX_IOU,1,1,1,748,502,748,502,1,1,5608,483,159,591,272,0.827053,1.000000,0.380049,,120
DeepFashion2,../fashion_data/raw/train/train/image/108419.jpg,108419.jpg,../fashion_data/raw/train/train/annos/108419.json,,item1_long_sleeve_outwear,outerwear,long_sleeve_outwear,4,468,623,151.0,220.0,213.0,298.0,0.01658640984483681,62.0,prd_3_1_v1,core,SEGCORE1_0183,benchmark/prd_3_1_v1/candidates/segmentation_core_stress_v1/masks/core/outerwear/SEGCORE1_0183.png,benchmark/prd_3_1_v1/candidates/segmentation_core_stress_v1/overlays/core/outerwear/SEGCORE1_0183.jpg,small_0.5-2%,50-99,1,unreviewed,PASS,,1,1,1,468,623,468,623,1,1,1930,152,220,214,298,0.968254,0.999482,0.399090,,30
DeepFashion2,../fashion_data/raw/train/train/image/101410.jpg,101410.jpg,../fashion_data/raw/train/train/annos/101410.json,,item1_long_sleeve_outwear,outerwear,long_sleeve_outwear,4,468,702,97.0,165.0,383.0,556.0,0.34037670148781257,286.0,prd_3_1_v1,core,SEGCORE1_0184,benchmark/prd_3_1_v1/candidates/segmentation_core_stress_v1/masks/core/outerwear/SEGCORE1_0184.png,benchmark/prd_3_1_v1/candidates/segmentation_core_stress_v1/overlays/core/outerwear/SEGCORE1_0184.jpg,large_>=10%,>=100,0,unreviewed,FLAG,LOW_MASK_BBOX_IOU,1,1,1,468,702,468,702,1,1,55451,118,180,373,543,0.827759,1.000000,0.495869,,120
DeepFashion2,../fashion_data/raw/train/train/image/080773.jpg,080773.jpg,../fashion_data/raw/train/train/annos/080773.json,,item1_long_sleeve_outwear,outerwear,long_sleeve_outwear,4,811,696,459.0,272.0,640.0,447.0,0.05611597715322363,175.0,prd_3_1_v1,core,SEGCORE1_0185,benchmark/prd_3_1_v1/candidates/segmentation_core_stress_v1/masks/core/outerwear/SEGCORE1_0185.png,benchmark/prd_3_1_v1/candidates/segmentation_core_stress_v1/overlays/core/outerwear/SEGCORE1_0185.jpg,medium_2-10%,>=100,0,unreviewed,FLAG,LOW_MASK_BBOX_IOU,1,1,1,811,696,811,696,1,1,9072,469,292,633,432,0.724862,1.000000,0.286409,,120
DeepFashion2,../fashion_data/raw/train/train/image/135937.jpg,135937.jpg,../fashion_data/raw/train/train/annos/135937.json,,item1_short_sleeve_outwear,outerwear,short_sleeve_outwear,3,640,510,174.0,106.0,372.0,308.0,0.12253676470588236,198.0,prd_3_1_v1,core,SEGCORE1_0186,benchmark/prd_3_1_v1/candidates/segmentation_core_stress_v1/masks/core/outerwear/SEGCORE1_0186.png,benchmark/prd_3_1_v1/candidates/segmentation_core_stress_v1/overlays/core/outerwear/SEGCORE1_0186.jpg,large_>=10%,>=100,0,unreviewed,PASS,,1,1,1,640,510,640,510,1,1,11359,179,112,369,304,0.912091,1.000000,0.284003,,20
DeepFashion2,../fashion_data/raw/train/train/image/014148.jpg,014148.jpg,../fashion_data/raw/train/train/annos/014148.json,,item2_short_sleeve_outwear,outerwear,short_sleeve_outwear,3,750,1185,304.0,363.0,514.0,658.0,0.06970464135021097,210.0,prd_3_1_v1,core,SEGCORE1_0187,benchmark/prd_3_1_v1/candidates/segmentation_core_stress_v1/masks/core/outerwear/SEGCORE1_0187.png,benchmark/prd_3_1_v1/candidates/segmentation_core_stress_v1/overlays/core/outerwear/SEGCORE1_0187.jpg,medium_2-10%,>=100,0,unreviewed,FLAG,LOW_MASK_BBOX_IOU,1,1,1,750,1185,750,1185,1,1,19213,311,365,500,542,0.540000,1.000000,0.310137,,120
DeepFashion2,../fashion_data/raw/train/train/image/010976.jpg,010976.jpg,../fashion_data/raw/train/train/annos/010976.json,,item1_long_sleeve_outwear,outerwear,long_sleeve_outwear,4,468,833,122.0,313.0,192.0,419.0,0.019033254327371973,70.0,prd_3_1_v1,core,SEGCORE1_0188,benchmark/prd_3_1_v1/candidates/segmentation_core_stress_v1/masks/core/outerwear/SEGCORE1_0188.png,benchmark/prd_3_1_v1/candidates/segmentation_core_stress_v1/overlays/core/outerwear/SEGCORE1_0188.jpg,small_0.5-2%,50-99,1,unreviewed,FLAG,LOW_MASK_BBOX_IOU,1,1,1,468,833,468,833,1,1,2731,125,317,190,416,0.867251,1.000000,0.368059,,130
DeepFashion2,../fashion_data/raw/train/train/image/154827.jpg,154827.jpg,../fashion_data/raw/train/train/annos/154827.json,,item2_long_sleeve_outwear,outerwear,long_sleeve_outwear,4,651,777,215.0,297.0,474.0,705.0,0.20890937019969277,259.0,prd_3_1_v1,core,SEGCORE1_0189,benchmark/prd_3_1_v1/candidates/segmentation_core_stress_v1/masks/core/outerwear/SEGCORE1_0189.png,benchmark/prd_3_1_v1/candidates/segmentation_core_stress_v1/overlays/core/outerwear/SEGCORE1_0189.jpg,large_>=10%,>=100,0,unreviewed,FLAG,LOW_MASK_BBOX_IOU,1,1,1,651,777,651,777,1,1,18628,232,308,470,690,0.860360,1.000000,0.176281,,120
DeepFashion2,../fashion_data/raw/train/train/image/039006.jpg,039006.jpg,../fashion_data/raw/train/train/annos/039006.json,,item2_long_sleeve_outwear,outerwear,long_sleeve_outwear,4,640,960,154.0,214.0,372.0,432.0,0.07735026041666666,218.0,prd_3_1_v1,core,SEGCORE1_0190,benchmark/prd_3_1_v1/candidates/segmentation_core_stress_v1/masks/core/outerwear/SEGCORE1_0190.png,benchmark/prd_3_1_v1/candidates/segmentation_core_stress_v1/overlays/core/outerwear/SEGCORE1_0190.jpg,medium_2-10%,>=100,0,unreviewed,FLAG,LOW_MASK_BBOX_IOU,1,1,1,640,960,640,960,1,1,17331,164,220,368,410,0.815588,1.000000,0.364679,,120
DeepFashion2,../fashion_data/raw/train/train/image/151469.jpg,151469.jpg,../fashion_data/raw/train/train/annos/151469.json,,item1_short_sleeve_outwear,outerwear,short_sleeve_outwear,3,708,546,182.0,112.0,361.0,331.0,0.10140777301794252,179.0,prd_3_1_v1,core,SEGCORE1_0191,benchmark/prd_3_1_v1/candidates/segmentation_core_stress_v1/masks/core/outerwear/SEGCORE1_0191.png,benchmark/prd_3_1_v1/candidates/segmentation_core_stress_v1/overlays/core/outerwear/SEGCORE1_0191.jpg,large_>=10%,>=100,0,unreviewed,FLAG,LOW_MASK_BBOX_IOU,1,1,1,708,546,708,546,1,1,11601,201,125,360,264,0.563787,1.000000,0.295936,,120
DeepFashion2,../fashion_data/raw/train/train/image/070551.jpg,070551.jpg,../fashion_data/raw/train/train/annos/070551.json,,item1_short_sleeve_outwear,outerwear,short_sleeve_outwear,3,650,729,271.0,239.0,356.0,523.0,0.05094439168513243,85.0,prd_3_1_v1,core,SEGCORE1_0192,benchmark/prd_3_1_v1/candidates/segmentation_core_stress_v1/masks/core/outerwear/SEGCORE1_0192.png,benchmark/prd_3_1_v1/candidates/segmentation_core_stress_v1/overlays/core/outerwear/SEGCORE1_0192.jpg,medium_2-10%,50-99,0,unreviewed,FLAG,LOW_MASK_BBOX_IOU,1,1,1,650,729,650,729,1,1,11291,278,248,351,507,0.783223,1.000000,0.467730,,120
DeepFashion2,../fashion_data/raw/train/train/image/186391.jpg,186391.jpg,../fashion_data/raw/train/train/annos/186391.json,,item2_long_sleeve_outwear,outerwear,long_sleeve_outwear,4,468,630,214.0,136.0,292.0,211.0,0.01984126984126984,75.0,prd_3_1_v1,core,SEGCORE1_0193,benchmark/prd_3_1_v1/candidates/segmentation_core_stress_v1/masks/core/outerwear/SEGCORE1_0193.png,benchmark/prd_3_1_v1/candidates/segmentation_core_stress_v1/overlays/core/outerwear/SEGCORE1_0193.jpg,small_0.5-2%,50-99,1,unreviewed,FLAG,LOW_MASK_BBOX_IOU,1,1,1,468,630,468,630,1,1,2156,218,139,293,208,0.862646,0.999536,0.368547,,130
DeepFashion2,../fashion_data/raw/train/train/image/107020.jpg,107020.jpg,../fashion_data/raw/train/train/annos/107020.json,,item1_long_sleeve_outwear,outerwear,long_sleeve_outwear,4,880,1320,163.0,298.0,609.0,759.0,0.17700241046831955,446.0,prd_3_1_v1,core,SEGCORE1_0194,benchmark/prd_3_1_v1/candidates/segmentation_core_stress_v1/masks/core/outerwear/SEGCORE1_0194.png,benchmark/prd_3_1_v1/candidates/segmentation_core_stress_v1/overlays/core/outerwear/SEGCORE1_0194.jpg,large_>=10%,>=100,0,unreviewed,PASS,,1,1,1,880,1320,880,1320,1,1,113716,169,309,604,760,0.950054,0.999991,0.553077,,20
DeepFashion2,../fashion_data/raw/train/train/image/023422.jpg,023422.jpg,../fashion_data/raw/train/train/annos/023422.json,,item3_long_sleeve_outwear,outerwear,long_sleeve_outwear,4,787,593,102.0,35.0,296.0,225.0,0.07898159595963924,190.0,prd_3_1_v1,core,SEGCORE1_0195,benchmark/prd_3_1_v1/candidates/segmentation_core_stress_v1/masks/core/outerwear/SEGCORE1_0195.png,benchmark/prd_3_1_v1/candidates/segmentation_core_stress_v1/overlays/core/outerwear/SEGCORE1_0195.jpg,medium_2-10%,>=100,0,unreviewed,PASS,,1,1,1,787,593,787,593,1,1,9911,107,36,294,219,0.928405,1.000000,0.268882,,20
DeepFashion2,../fashion_data/raw/train/train/image/179042.jpg,179042.jpg,../fashion_data/raw/train/train/annos/179042.json,,item1_short_sleeve_outwear,outerwear,short_sleeve_outwear,3,800,1200,103.0,217.0,761.0,1015.0,0.5469625,658.0,prd_3_1_v1,core,SEGCORE1_0196,benchmark/prd_3_1_v1/candidates/segmentation_core_stress_v1/masks/core/outerwear/SEGCORE1_0196.png,benchmark/prd_3_1_v1/candidates/segmentation_core_stress_v1/overlays/core/outerwear/SEGCORE1_0196.jpg,large_>=10%,>=100,0,unreviewed,PASS,,1,1,1,800,1200,800,1200,1,1,201287,114,223,761,994,0.950014,1.000000,0.383342,,20
DeepFashion2,../fashion_data/raw/train/train/image/187981.jpg,187981.jpg,../fashion_data/raw/train/train/annos/187981.json,,item2_short_sleeve_outwear,outerwear,short_sleeve_outwear,3,750,1124,286.0,274.0,506.0,596.0,0.08403321470937129,220.0,prd_3_1_v1,core,SEGCORE1_0197,benchmark/prd_3_1_v1/candidates/segmentation_core_stress_v1/masks/core/outerwear/SEGCORE1_0197.png,benchmark/prd_3_1_v1/candidates/segmentation_core_stress_v1/overlays/core/outerwear/SEGCORE1_0197.jpg,medium_2-10%,>=100,0,unreviewed,FLAG,LOW_MASK_BBOX_IOU,1,1,1,750,1124,750,1124,1,1,35130,294,285,499,577,0.845003,1.000000,0.495906,,120
DeepFashion2,../fashion_data/raw/train/train/image/029535.jpg,029535.jpg,../fashion_data/raw/train/train/annos/029535.json,,item1_long_sleeve_outwear,outerwear,long_sleeve_outwear,4,468,351,185.0,186.0,237.0,241.0,0.01741057296612852,52.0,prd_3_1_v1,core,SEGCORE1_0198,benchmark/prd_3_1_v1/candidates/segmentation_core_stress_v1/masks/core/outerwear/SEGCORE1_0198.png,benchmark/prd_3_1_v1/candidates/segmentation_core_stress_v1/overlays/core/outerwear/SEGCORE1_0198.jpg,small_0.5-2%,50-99,1,unreviewed,FLAG,LOW_MASK_BBOX_IOU,1,1,1,468,351,468,351,1,1,287,197,201,228,236,0.379371,1.000000,0.100350,,130
DeepFashion2,../fashion_data/raw/train/train/image/156351.jpg,156351.jpg,../fashion_data/raw/train/train/annos/156351.json,,item2_long_sleeve_outwear,outerwear,long_sleeve_outwear,4,468,702,90.0,1.0,395.0,308.0,0.28500681812647627,305.0,prd_3_1_v1,core,SEGCORE1_0199,benchmark/prd_3_1_v1/candidates/segmentation_core_stress_v1/masks/core/outerwear/SEGCORE1_0199.png,benchmark/prd_3_1_v1/candidates/segmentation_core_stress_v1/overlays/core/outerwear/SEGCORE1_0199.jpg,large_>=10%,>=100,0,unreviewed,PASS,,1,1,1,468,702,468,702,1,1,35646,97,2,385,301,0.919656,1.000000,0.380691,,20
DeepFashion2,../fashion_data/raw/train/train/image/186306.jpg,186306.jpg,../fashion_data/raw/train/train/annos/186306.json,,item2_long_sleeve_outwear,outerwear,long_sleeve_outwear,4,640,960,188.0,348.0,372.0,621.0,0.0817578125,184.0,prd_3_1_v1,core,SEGCORE1_0200,benchmark/prd_3_1_v1/candidates/segmentation_core_stress_v1/masks/core/outerwear/SEGCORE1_0200.png,benchmark/prd_3_1_v1/candidates/segmentation_core_stress_v1/overlays/core/outerwear/SEGCORE1_0200.jpg,medium_2-10%,>=100,0,unreviewed,FLAG,LOW_MASK_BBOX_IOU,1,1,1,640,960,640,960,1,1,24850,200,361,370,612,0.849459,1.000000,0.494705,,120
DeepFashion2,../fashion_data/raw/train/train/image/179047.jpg,179047.jpg,../fashion_data/raw/train/train/annos/179047.json,,item1_short_sleeve_outwear,outerwear,short_sleeve_outwear,3,800,1200,145.0,286.0,689.0,1109.0,0.46636666666666665,544.0,prd_3_1_v1,core,SEGCORE1_0201,benchmark/prd_3_1_v1/candidates/segmentation_core_stress_v1/masks/core/outerwear/SEGCORE1_0201.png,benchmark/prd_3_1_v1/candidates/segmentation_core_stress_v1/overlays/core/outerwear/SEGCORE1_0201.jpg,large_>=10%,>=100,0,unreviewed,FLAG,LOW_MASK_BBOX_IOU,1,1,1,800,1200,800,1200,1,1,212231,157,290,675,1053,0.882786,1.000000,0.474035,,120
DeepFashion2,../fashion_data/raw/train/train/image/189186.jpg,189186.jpg,../fashion_data/raw/train/train/annos/189186.json,,item1_short_sleeve_outwear,outerwear,short_sleeve_outwear,3,750,1125,260.0,274.0,489.0,587.0,0.08495051851851852,229.0,prd_3_1_v1,core,SEGCORE1_0202,benchmark/prd_3_1_v1/candidates/segmentation_core_stress_v1/masks/core/outerwear/SEGCORE1_0202.png,benchmark/prd_3_1_v1/candidates/segmentation_core_stress_v1/overlays/core/outerwear/SEGCORE1_0202.jpg,medium_2-10%,>=100,0,unreviewed,PASS,,1,1,1,750,1125,750,1125,1,1,37756,265,282,487,576,0.910585,1.000000,0.526752,,20
DeepFashion2,../fashion_data/raw/train/train/image/189928.jpg,189928.jpg,../fashion_data/raw/train/train/annos/189928.json,,item3_long_sleeve_outwear,outerwear,long_sleeve_outwear,4,880,622,564.0,322.0,639.0,439.0,0.01603149663840982,75.0,prd_3_1_v1,core,SEGCORE1_0203,benchmark/prd_3_1_v1/candidates/segmentation_core_stress_v1/masks/core/outerwear/SEGCORE1_0203.png,benchmark/prd_3_1_v1/candidates/segmentation_core_stress_v1/overlays/core/outerwear/SEGCORE1_0203.jpg,small_0.5-2%,50-99,1,unreviewed,FLAG,LOW_MASK_BBOX_IOU,1,1,1,880,622,880,622,1,1,4988,566,328,636,436,0.861538,1.000000,0.568433,,130
DeepFashion2,../fashion_data/raw/train/train/image/099616.jpg,099616.jpg,../fashion_data/raw/train/train/annos/099616.json,,item1_long_sleeve_outwear,outerwear,long_sleeve_outwear,4,468,631,37.0,1.0,467.0,630.0,0.9158912051146599,430.0,prd_3_1_v1,core,SEGCORE1_0204,benchmark/prd_3_1_v1/candidates/segmentation_core_stress_v1/masks/core/outerwear/SEGCORE1_0204.png,benchmark/prd_3_1_v1/candidates/segmentation_core_stress_v1/overlays/core/outerwear/SEGCORE1_0204.jpg,large_>=10%,>=100,0,unreviewed,PASS,,1,1,1,468,631,468,631,1,1,236059,46,0,468,631,0.973767,0.997081,0.872773,,20
DeepFashion2,../fashion_data/raw/train/train/image/075414.jpg,075414.jpg,../fashion_data/raw/train/train/annos/075414.json,,item2_long_sleeve_outwear,outerwear,long_sleeve_outwear,4,880,584,391.0,99.0,525.0,397.0,0.0777008094645081,134.0,prd_3_1_v1,core,SEGCORE1_0205,benchmark/prd_3_1_v1/candidates/segmentation_core_stress_v1/masks/core/outerwear/SEGCORE1_0205.png,benchmark/prd_3_1_v1/candidates/segmentation_core_stress_v1/overlays/core/outerwear/SEGCORE1_0205.jpg,medium_2-10%,>=100,0,unreviewed,PASS,,1,1,1,880,584,880,584,1,1,13072,395,102,524,397,0.952995,1.000000,0.327357,,20
DeepFashion2,../fashion_data/raw/train/train/image/016956.jpg,016956.jpg,../fashion_data/raw/train/train/annos/016956.json,,item1_short_sleeve_outwear,outerwear,short_sleeve_outwear,3,640,960,9.0,280.0,609.0,905.0,0.6103515625,600.0,prd_3_1_v1,core,SEGCORE1_0206,benchmark/prd_3_1_v1/candidates/segmentation_core_stress_v1/masks/core/outerwear/SEGCORE1_0206.png,benchmark/prd_3_1_v1/candidates/segmentation_core_stress_v1/overlays/core/outerwear/SEGCORE1_0206.jpg,large_>=10%,>=100,0,unreviewed,FLAG,LOW_MASK_BBOX_IOU,1,1,1,640,960,640,960,1,1,168484,15,294,604,815,0.818317,1.000000,0.449291,,120
DeepFashion2,../fashion_data/raw/train/train/image/081549.jpg,081549.jpg,../fashion_data/raw/train/train/annos/081549.json,,item1_short_sleeve_outwear,outerwear,short_sleeve_outwear,3,750,1067,273.0,254.0,486.0,541.0,0.07638987816307403,213.0,prd_3_1_v1,core,SEGCORE1_0207,benchmark/prd_3_1_v1/candidates/segmentation_core_stress_v1/masks/core/outerwear/SEGCORE1_0207.png,benchmark/prd_3_1_v1/candidates/segmentation_core_stress_v1/overlays/core/outerwear/SEGCORE1_0207.jpg,medium_2-10%,>=100,0,unreviewed,PASS,,1,1,1,750,1067,750,1067,1,1,34807,279,259,485,533,0.923329,1.000000,0.569384,,20
DeepFashion2,../fashion_data/raw/train/train/image/077715.jpg,077715.jpg,../fashion_data/raw/train/train/annos/077715.json,,item2_long_sleeve_outwear,outerwear,long_sleeve_outwear,4,880,587,170.0,271.0,242.0,382.0,0.015471581229673223,72.0,prd_3_1_v1,core,SEGCORE1_0208,benchmark/prd_3_1_v1/candidates/segmentation_core_stress_v1/masks/core/outerwear/SEGCORE1_0208.png,benchmark/prd_3_1_v1/candidates/segmentation_core_stress_v1/overlays/core/outerwear/SEGCORE1_0208.jpg,small_0.5-2%,50-99,1,unreviewed,FLAG,LOW_MASK_BBOX_IOU,1,1,1,880,587,880,587,1,1,4041,173,273,236,382,0.859234,1.000000,0.505631,,130
DeepFashion2,../fashion_data/raw/train/train/image/187422.jpg,187422.jpg,../fashion_data/raw/train/train/annos/187422.json,,item2_long_sleeve_outwear,outerwear,long_sleeve_outwear,4,640,960,81.0,223.0,564.0,828.0,0.4756103515625,483.0,prd_3_1_v1,core,SEGCORE1_0209,benchmark/prd_3_1_v1/candidates/segmentation_core_stress_v1/masks/core/outerwear/SEGCORE1_0209.png,benchmark/prd_3_1_v1/candidates/segmentation_core_stress_v1/overlays/core/outerwear/SEGCORE1_0209.jpg,large_>=10%,>=100,0,unreviewed,PASS,,1,1,1,640,960,640,960,1,1,181282,103,238,560,820,0.910200,1.000000,0.620372,,20
DeepFashion2,../fashion_data/raw/train/train/image/013262.jpg,013262.jpg,../fashion_data/raw/train/train/annos/013262.json,,item1_long_sleeve_outwear,outerwear,long_sleeve_outwear,4,700,504,238.0,116.0,398.0,305.0,0.08571428571428572,160.0,prd_3_1_v1,core,SEGCORE1_0210,benchmark/prd_3_1_v1/candidates/segmentation_core_stress_v1/masks/core/outerwear/SEGCORE1_0210.png,benchmark/prd_3_1_v1/candidates/segmentation_core_stress_v1/overlays/core/outerwear/SEGCORE1_0210.jpg,medium_2-10%,>=100,0,unreviewed,PASS,,1,1,1,700,504,700,504,1,1,7498,240,118,398,302,0.961376,1.000000,0.247950,,20
DeepFashion2,../fashion_data/raw/train/train/image/174644.jpg,174644.jpg,../fashion_data/raw/train/train/annos/174644.json,,item1_short_sleeve_outwear,outerwear,short_sleeve_outwear,3,468,624,166.0,168.0,316.0,422.0,0.13046515450361604,150.0,prd_3_1_v1,core,SEGCORE1_0211,benchmark/prd_3_1_v1/candidates/segmentation_core_stress_v1/masks/core/outerwear/SEGCORE1_0211.png,benchmark/prd_3_1_v1/candidates/segmentation_core_stress_v1/overlays/core/outerwear/SEGCORE1_0211.jpg,large_>=10%,>=100,0,unreviewed,FLAG,LOW_MASK_BBOX_IOU,1,1,1,468,624,468,624,1,1,9350,172,176,306,310,0.471286,1.000000,0.245407,,120
DeepFashion2,../fashion_data/raw/train/train/image/081541.jpg,081541.jpg,../fashion_data/raw/train/train/annos/081541.json,,item2_short_sleeve_outwear,outerwear,short_sleeve_outwear,3,750,1042,315.0,306.0,488.0,567.0,0.05777735124760077,173.0,prd_3_1_v1,core,SEGCORE1_0212,benchmark/prd_3_1_v1/candidates/segmentation_core_stress_v1/masks/core/outerwear/SEGCORE1_0212.png,benchmark/prd_3_1_v1/candidates/segmentation_core_stress_v1/overlays/core/outerwear/SEGCORE1_0212.jpg,medium_2-10%,>=100,0,unreviewed,PASS,,1,1,1,750,1042,750,1042,1,1,25857,319,310,484,564,0.928178,1.000000,0.572653,,20
DeepFashion2,../fashion_data/raw/train/train/image/119318.jpg,119318.jpg,../fashion_data/raw/train/train/annos/119318.json,,item1_long_sleeve_outwear,outerwear,long_sleeve_outwear,4,468,631,205.0,242.0,267.0,312.0,0.014696520243271432,62.0,prd_3_1_v1,core,SEGCORE1_0213,benchmark/prd_3_1_v1/candidates/segmentation_core_stress_v1/masks/core/outerwear/SEGCORE1_0213.png,benchmark/prd_3_1_v1/candidates/segmentation_core_stress_v1/overlays/core/outerwear/SEGCORE1_0213.jpg,small_0.5-2%,50-99,1,unreviewed,FLAG,LOW_MASK_BBOX_IOU,1,1,1,468,631,468,631,1,1,2026,207,245,267,310,0.898618,1.000000,0.466820,,130
DeepFashion2,../fashion_data/raw/train/train/image/169879.jpg,169879.jpg,../fashion_data/raw/train/train/annos/169879.json,,item1_long_sleeve_outwear,outerwear,long_sleeve_outwear,4,640,960,180.0,239.0,451.0,622.0,0.16893391927083334,271.0,prd_3_1_v1,core,SEGCORE1_0214,benchmark/prd_3_1_v1/candidates/segmentation_core_stress_v1/masks/core/outerwear/SEGCORE1_0214.png,benchmark/prd_3_1_v1/candidates/segmentation_core_stress_v1/overlays/core/outerwear/SEGCORE1_0214.jpg,large_>=10%,>=100,0,unreviewed,FLAG,LOW_MASK_BBOX_IOU,1,1,1,640,960,640,960,1,1,30881,202,264,447,611,0.819082,1.000000,0.297525,,120
DeepFashion2,../fashion_data/raw/train/train/image/063330.jpg,063330.jpg,../fashion_data/raw/train/train/annos/063330.json,,item1_long_sleeve_outwear,outerwear,long_sleeve_outwear,4,640,960,205.0,285.0,419.0,518.0,0.08115559895833334,214.0,prd_3_1_v1,core,SEGCORE1_0215,benchmark/prd_3_1_v1/candidates/segmentation_core_stress_v1/masks/core/outerwear/SEGCORE1_0215.png,benchmark/prd_3_1_v1/candidates/segmentation_core_stress_v1/overlays/core/outerwear/SEGCORE1_0215.jpg,medium_2-10%,>=100,0,unreviewed,PASS,,1,1,1,640,960,640,960,1,1,27984,209,287,419,519,0.968805,0.999964,0.561229,,20
DeepFashion2,../fashion_data/raw/train/train/image/130702.jpg,130702.jpg,../fashion_data/raw/train/train/annos/130702.json,,item1_short_sleeve_outwear,outerwear,short_sleeve_outwear,3,468,624,30.0,84.0,410.0,599.0,0.670132040324348,380.0,prd_3_1_v1,core,SEGCORE1_0216,benchmark/prd_3_1_v1/candidates/segmentation_core_stress_v1/masks/core/outerwear/SEGCORE1_0216.png,benchmark/prd_3_1_v1/candidates/segmentation_core_stress_v1/overlays/core/outerwear/SEGCORE1_0216.jpg,large_>=10%,>=100,0,unreviewed,PASS,,1,1,1,468,624,468,624,1,1,121236,41,94,403,592,0.921185,1.000000,0.619499,,20
DeepFashion2,../fashion_data/raw/train/train/image/014830.jpg,014830.jpg,../fashion_data/raw/train/train/annos/014830.json,,item1_short_sleeve_outwear,outerwear,short_sleeve_outwear,3,640,960,236.0,166.0,449.0,385.0,0.0759228515625,213.0,prd_3_1_v1,core,SEGCORE1_0217,benchmark/prd_3_1_v1/candidates/segmentation_core_stress_v1/masks/core/outerwear/SEGCORE1_0217.png,benchmark/prd_3_1_v1/candidates/segmentation_core_stress_v1/overlays/core/outerwear/SEGCORE1_0217.jpg,medium_2-10%,>=100,0,unreviewed,FLAG,LOW_MASK_BBOX_IOU,1,1,1,640,960,640,960,1,1,14300,244,176,445,382,0.887646,1.000000,0.306558,,120
DeepFashion2,../fashion_data/raw/train/train/image/052459.jpg,052459.jpg,../fashion_data/raw/train/train/annos/052459.json,,item1_long_sleeve_outwear,outerwear,long_sleeve_outwear,4,468,624,192.0,339.0,245.0,429.0,0.016333826429980276,53.0,prd_3_1_v1,core,SEGCORE1_0218,benchmark/prd_3_1_v1/candidates/segmentation_core_stress_v1/masks/core/outerwear/SEGCORE1_0218.png,benchmark/prd_3_1_v1/candidates/segmentation_core_stress_v1/overlays/core/outerwear/SEGCORE1_0218.jpg,small_0.5-2%,50-99,1,unreviewed,FLAG,LOW_MASK_BBOX_IOU,1,1,1,468,624,468,624,1,1,3255,195,339,244,424,0.873166,1.000000,0.682390,,130
DeepFashion2,../fashion_data/raw/train/train/image/069737.jpg,069737.jpg,../fashion_data/raw/train/train/annos/069737.json,,item2_long_sleeve_outwear,outerwear,long_sleeve_outwear,4,600,903,64.0,0.0,598.0,803.0,0.7914396456256921,534.0,prd_3_1_v1,core,SEGCORE1_0219,benchmark/prd_3_1_v1/candidates/segmentation_core_stress_v1/masks/core/outerwear/SEGCORE1_0219.png,benchmark/prd_3_1_v1/candidates/segmentation_core_stress_v1/overlays/core/outerwear/SEGCORE1_0219.jpg,large_>=10%,>=100,0,unreviewed,PASS,,1,1,1,600,903,600,903,1,1,197178,80,2,597,794,0.954902,1.000000,0.459835,,20
DeepFashion2,../fashion_data/raw/train/train/image/097970.jpg,097970.jpg,../fashion_data/raw/train/train/annos/097970.json,,item1_long_sleeve_outwear,outerwear,long_sleeve_outwear,4,800,503,315.0,128.0,446.0,382.0,0.08268886679920477,131.0,prd_3_1_v1,core,SEGCORE1_0220,benchmark/prd_3_1_v1/candidates/segmentation_core_stress_v1/masks/core/outerwear/SEGCORE1_0220.png,benchmark/prd_3_1_v1/candidates/segmentation_core_stress_v1/overlays/core/outerwear/SEGCORE1_0220.jpg,medium_2-10%,>=100,0,unreviewed,FLAG,LOW_MASK_BBOX_IOU,1,1,1,800,503,800,503,1,1,19207,318,134,435,362,0.801707,1.000000,0.577237,,120
DeepFashion2,../fashion_data/raw/train/train/image/062914.jpg,062914.jpg,../fashion_data/raw/train/train/annos/062914.json,,item1_short_sleeve_dress,dress,short_sleeve_dress,10,468,702,101.0,144.0,373.0,507.0,0.30053327489224924,272.0,prd_3_1_v1,core,SEGCORE1_0221,benchmark/prd_3_1_v1/candidates/segmentation_core_stress_v1/masks/core/dress/SEGCORE1_0221.png,benchmark/prd_3_1_v1/candidates/segmentation_core_stress_v1/overlays/core/dress/SEGCORE1_0221.jpg,large_>=10%,>=100,0,unreviewed,PASS,,1,1,1,468,702,468,702,1,1,47872,106,160,373,497,0.911309,1.000000,0.484848,,20
DeepFashion2,../fashion_data/raw/train/train/image/022015.jpg,022015.jpg,../fashion_data/raw/train/train/annos/022015.json,,item2_sling_dress,dress,sling_dress,13,750,999,49.0,3.0,335.0,220.0,0.08283216549883217,217.0,prd_3_1_v1,core,SEGCORE1_0222,benchmark/prd_3_1_v1/candidates/segmentation_core_stress_v1/masks/core/dress/SEGCORE1_0222.png,benchmark/prd_3_1_v1/candidates/segmentation_core_stress_v1/overlays/core/dress/SEGCORE1_0222.jpg,medium_2-10%,>=100,0,unreviewed,FLAG,LOW_MASK_BBOX_IOU,1,1,1,750,999,750,999,1,1,42199,75,0,304,211,0.759088,0.985711,0.679949,,120
DeepFashion2,../fashion_data/raw/train/train/image/033105.jpg,033105.jpg,../fashion_data/raw/train/train/annos/033105.json,,item1_vest_dress,dress,vest_dress,12,300,400,19.0,206.0,229.0,399.0,0.33775,193.0,prd_3_1_v1,core,SEGCORE1_0223,benchmark/prd_3_1_v1/candidates/segmentation_core_stress_v1/masks/core/dress/SEGCORE1_0223.png,benchmark/prd_3_1_v1/candidates/segmentation_core_stress_v1/overlays/core/dress/SEGCORE1_0223.jpg,large_>=10%,>=100,0,unreviewed,PASS,,1,1,1,300,400,300,400,1,1,27396,23,209,227,400,0.951539,0.992627,0.675944,,20
DeepFashion2,../fashion_data/raw/train/train/image/101965.jpg,101965.jpg,../fashion_data/raw/train/train/annos/101965.json,,item1_short_sleeve_dress,dress,short_sleeve_dress,10,650,773,260.0,160.0,410.0,430.0,0.0806050353268982,150.0,prd_3_1_v1,core,SEGCORE1_0224,benchmark/prd_3_1_v1/candidates/segmentation_core_stress_v1/masks/core/dress/SEGCORE1_0224.png,benchmark/prd_3_1_v1/candidates/segmentation_core_stress_v1/overlays/core/dress/SEGCORE1_0224.jpg,medium_2-10%,>=100,0,unreviewed,FLAG,LOW_MASK_BBOX_IOU,1,1,1,650,773,650,773,1,1,26649,267,167,408,425,0.898222,1.000000,0.658000,,120
DeepFashion2,../fashion_data/raw/train/train/image/072975.jpg,072975.jpg,../fashion_data/raw/train/train/annos/072975.json,,item1_long_sleeve_dress,dress,long_sleeve_dress,11,640,967,455.0,425.0,572.0,682.0,0.04858615563598759,117.0,prd_3_1_v1,core,SEGCORE1_0225,benchmark/prd_3_1_v1/candidates/segmentation_core_stress_v1/masks/core/dress/SEGCORE1_0225.png,benchmark/prd_3_1_v1/candidates/segmentation_core_stress_v1/overlays/core/dress/SEGCORE1_0225.jpg,medium_2-10%,>=100,0,unreviewed,FLAG,LOW_MASK_BBOX_IOU,1,1,1,640,967,640,967,1,1,18883,463,428,571,668,0.862017,1.000000,0.627989,,120
DeepFashion2,../fashion_data/raw/train/train/image/079653.jpg,079653.jpg,../fashion_data/raw/train/train/annos/079653.json,,item1_sling_dress,dress,sling_dress,13,468,624,178.0,237.0,235.0,339.0,0.019908777120315583,57.0,prd_3_1_v1,core,SEGCORE1_0226,benchmark/prd_3_1_v1/candidates/segmentation_core_stress_v1/masks/core/dress/SEGCORE1_0226.png,benchmark/prd_3_1_v1/candidates/segmentation_core_stress_v1/overlays/core/dress/SEGCORE1_0226.jpg,small_0.5-2%,50-99,1,unreviewed,PASS,,1,1,1,468,624,468,624,1,1,3910,179,238,237,341,0.922374,0.989258,0.672515,,30
DeepFashion2,../fashion_data/raw/train/train/image/140249.jpg,140249.jpg,../fashion_data/raw/train/train/annos/140249.json,,item1_vest_dress,dress,vest_dress,12,761,722,331.0,112.0,513.0,413.0,0.09970479140655429,182.0,prd_3_1_v1,core,SEGCORE1_0227,benchmark/prd_3_1_v1/candidates/segmentation_core_stress_v1/masks/core/dress/SEGCORE1_0227.png,benchmark/prd_3_1_v1/candidates/segmentation_core_stress_v1/overlays/core/dress/SEGCORE1_0227.jpg,medium_2-10%,>=100,0,unreviewed,FLAG,LOW_MASK_BBOX_IOU,1,1,1,761,722,761,722,1,1,34027,336,120,505,405,0.879212,1.000000,0.621135,,120
DeepFashion2,../fashion_data/raw/train/train/image/021661.jpg,021661.jpg,../fashion_data/raw/train/train/annos/021661.json,,item2_short_sleeve_dress,dress,short_sleeve_dress,10,468,624,359.0,70.0,410.0,180.0,0.019210223537146614,51.0,prd_3_1_v1,core,SEGCORE1_0228,benchmark/prd_3_1_v1/candidates/segmentation_core_stress_v1/masks/core/dress/SEGCORE1_0228.png,benchmark/prd_3_1_v1/candidates/segmentation_core_stress_v1/overlays/core/dress/SEGCORE1_0228.jpg,small_0.5-2%,50-99,1,unreviewed,FLAG,LOW_MASK_BBOX_IOU,1,1,1,468,624,468,624,1,1,2585,363,75,410,177,0.854545,1.000000,0.460784,,130
DeepFashion2,../fashion_data/raw/train/train/image/166052.jpg,166052.jpg,../fashion_data/raw/train/train/annos/166052.json,,item1_sling_dress,dress,sling_dress,13,468,702,22.0,159.0,349.0,562.0,0.40111585944919276,327.0,prd_3_1_v1,core,SEGCORE1_0229,benchmark/prd_3_1_v1/candidates/segmentation_core_stress_v1/masks/core/dress/SEGCORE1_0229.png,benchmark/prd_3_1_v1/candidates/segmentation_core_stress_v1/overlays/core/dress/SEGCORE1_0229.jpg,large_>=10%,>=100,0,unreviewed,FLAG,LOW_MASK_BBOX_IOU,1,1,1,468,702,468,702,1,1,64334,29,163,327,556,0.888702,1.000000,0.488189,,120
DeepFashion2,../fashion_data/raw/train/train/image/086697.jpg,086697.jpg,../fashion_data/raw/train/train/annos/086697.json,,item1_long_sleeve_dress,dress,long_sleeve_dress,11,750,1056,126.0,400.0,660.0,1055.0,0.4416287878787879,534.0,prd_3_1_v1,core,SEGCORE1_0230,benchmark/prd_3_1_v1/candidates/segmentation_core_stress_v1/masks/core/dress/SEGCORE1_0230.png,benchmark/prd_3_1_v1/candidates/segmentation_core_stress_v1/overlays/core/dress/SEGCORE1_0230.jpg,large_>=10%,>=100,0,unreviewed,PASS,,1,1,1,750,1056,750,1056,1,1,214713,138,402,652,1054,0.958138,1.000000,0.613869,,20
DeepFashion2,../fashion_data/raw/train/train/image/009625.jpg,009625.jpg,../fashion_data/raw/train/train/annos/009625.json,,item3_vest_dress,dress,vest_dress,12,728,584,300.0,442.0,365.0,554.0,0.017123287671232876,65.0,prd_3_1_v1,core,SEGCORE1_0231,benchmark/prd_3_1_v1/candidates/segmentation_core_stress_v1/masks/core/dress/SEGCORE1_0231.png,benchmark/prd_3_1_v1/candidates/segmentation_core_stress_v1/overlays/core/dress/SEGCORE1_0231.jpg,small_0.5-2%,50-99,1,unreviewed,FLAG,LOW_MASK_BBOX_IOU,1,1,1,728,584,728,584,1,1,2403,303,449,362,550,0.818544,1.000000,0.330082,,130
DeepFashion2,../fashion_data/raw/train/train/image/156930.jpg,156930.jpg,../fashion_data/raw/train/train/annos/156930.json,,item2_long_sleeve_dress,dress,long_sleeve_dress,11,750,1150,74.0,333.0,164.0,451.0,0.01231304347826087,90.0,prd_3_1_v1,core,SEGCORE1_0232,benchmark/prd_3_1_v1/candidates/segmentation_core_stress_v1/masks/core/dress/SEGCORE1_0232.png,benchmark/prd_3_1_v1/candidates/segmentation_core_stress_v1/overlays/core/dress/SEGCORE1_0232.jpg,small_0.5-2%,50-99,1,unreviewed,PASS,,1,1,1,750,1150,750,1150,1,1,7371,77,336,163,453,0.916420,0.997965,0.694068,,30
DeepFashion2,../fashion_data/raw/train/train/image/092487.jpg,092487.jpg,../fashion_data/raw/train/train/annos/092487.json,,item1_short_sleeve_dress,dress,short_sleeve_dress,10,880,880,144.0,17.0,709.0,879.0,0.6289127066115703,565.0,prd_3_1_v1,core,SEGCORE1_0233,benchmark/prd_3_1_v1/candidates/segmentation_core_stress_v1/masks/core/dress/SEGCORE1_0233.png,benchmark/prd_3_1_v1/candidates/segmentation_core_stress_v1/overlays/core/dress/SEGCORE1_0233.jpg,large_>=10%,>=100,0,unreviewed,FLAG,LOW_MASK_BBOX_IOU,1,1,1,880,880,880,880,1,1,279145,160,43,665,876,0.863735,1.000000,0.573158,,120
DeepFashion2,../fashion_data/raw/train/train/image/146606.jpg,146606.jpg,../fashion_data/raw/train/train/annos/146606.json,,item1_sling_dress,dress,sling_dress,13,468,631,175.0,229.0,272.0,459.0,0.0755482411583838,97.0,prd_3_1_v1,core,SEGCORE1_0234,benchmark/prd_3_1_v1/candidates/segmentation_core_stress_v1/masks/core/dress/SEGCORE1_0234.png,benchmark/prd_3_1_v1/candidates/segmentation_core_stress_v1/overlays/core/dress/SEGCORE1_0234.jpg,medium_2-10%,50-99,0,unreviewed,PASS,,1,1,1,468,631,468,631,1,1,15395,180,229,268,461,0.900116,0.995778,0.690049,,20
DeepFashion2,../fashion_data/raw/train/train/image/011287.jpg,011287.jpg,../fashion_data/raw/train/train/annos/011287.json,,item1_vest_dress,dress,vest_dress,12,468,466,31.0,1.0,467.0,465.0,0.9276255456512967,436.0,prd_3_1_v1,core,SEGCORE1_0235,benchmark/prd_3_1_v1/candidates/segmentation_core_stress_v1/masks/core/dress/SEGCORE1_0235.png,benchmark/prd_3_1_v1/candidates/segmentation_core_stress_v1/overlays/core/dress/SEGCORE1_0235.jpg,large_>=10%,>=100,0,unreviewed,PASS,,1,1,1,468,466,468,466,1,1,138386,40,3,467,464,0.973026,1.000000,0.684050,,20
DeepFashion2,../fashion_data/raw/train/train/image/075976.jpg,075976.jpg,../fashion_data/raw/train/train/annos/075976.json,,item1_short_sleeve_dress,dress,short_sleeve_dress,10,790,640,291.0,244.0,433.0,537.0,0.08229034810126583,142.0,prd_3_1_v1,core,SEGCORE1_0236,benchmark/prd_3_1_v1/candidates/segmentation_core_stress_v1/masks/core/dress/SEGCORE1_0236.png,benchmark/prd_3_1_v1/candidates/segmentation_core_stress_v1/overlays/core/dress/SEGCORE1_0236.jpg,medium_2-10%,>=100,0,unreviewed,PASS,,1,1,1,790,640,790,640,1,1,23580,295,252,433,537,0.945296,1.000000,0.566745,,20
DeepFashion2,../fashion_data/raw/train/train/image/109570.jpg,109570.jpg,../fashion_data/raw/train/train/annos/109570.json,,item1_long_sleeve_dress,dress,long_sleeve_dress,11,468,632,152.0,233.0,277.0,430.0,0.0832555717840528,125.0,prd_3_1_v1,core,SEGCORE1_0237,benchmark/prd_3_1_v1/candidates/segmentation_core_stress_v1/masks/core/dress/SEGCORE1_0237.png,benchmark/prd_3_1_v1/candidates/segmentation_core_stress_v1/overlays/core/dress/SEGCORE1_0237.jpg,medium_2-10%,>=100,0,unreviewed,FLAG,LOW_MASK_BBOX_IOU,1,1,1,468,632,468,632,1,1,15668,153,243,272,427,0.889178,1.000000,0.636264,,120
DeepFashion2,../fashion_data/raw/train/train/image/002145.jpg,002145.jpg,../fashion_data/raw/train/train/annos/002145.json,,item1_sling_dress,dress,sling_dress,13,690,847,306.0,372.0,388.0,474.0,0.014311380319285458,82.0,prd_3_1_v1,core,SEGCORE1_0238,benchmark/prd_3_1_v1/candidates/segmentation_core_stress_v1/masks/core/dress/SEGCORE1_0238.png,benchmark/prd_3_1_v1/candidates/segmentation_core_stress_v1/overlays/core/dress/SEGCORE1_0238.jpg,small_0.5-2%,50-99,1,unreviewed,PASS,,1,1,1,690,847,690,847,1,1,4272,308,373,388,473,0.956480,1.000000,0.510760,,30
DeepFashion2,../fashion_data/raw/train/train/image/075511.jpg,075511.jpg,../fashion_data/raw/train/train/annos/075511.json,,item1_vest_dress,dress,vest_dress,12,468,624,188.0,105.0,293.0,325.0,0.0791009204470743,105.0,prd_3_1_v1,core,SEGCORE1_0239,benchmark/prd_3_1_v1/candidates/segmentation_core_stress_v1/masks/core/dress/SEGCORE1_0239.png,benchmark/prd_3_1_v1/candidates/segmentation_core_stress_v1/overlays/core/dress/SEGCORE1_0239.jpg,medium_2-10%,>=100,0,unreviewed,FLAG,LOW_MASK_BBOX_IOU,1,1,1,468,624,468,624,1,1,15583,193,104,290,320,0.899039,0.999936,0.674589,,120
DeepFashion2,../fashion_data/raw/train/train/image/181559.jpg,181559.jpg,../fashion_data/raw/train/train/annos/181559.json,,item3_short_sleeve_dress,dress,short_sleeve_dress,10,750,1125,574.0,479.0,660.0,613.0,0.013658074074074074,86.0,prd_3_1_v1,core,SEGCORE1_0240,benchmark/prd_3_1_v1/candidates/segmentation_core_stress_v1/masks/core/dress/SEGCORE1_0240.png,benchmark/prd_3_1_v1/candidates/segmentation_core_stress_v1/overlays/core/dress/SEGCORE1_0240.jpg,small_0.5-2%,50-99,1,unreviewed,FLAG,LOW_MASK_BBOX_IOU,1,1,1,750,1125,750,1125,1,1,7702,579,485,658,614,0.871499,0.999870,0.668344,,130
DeepFashion2,../fashion_data/raw/train/train/image/066524.jpg,066524.jpg,../fashion_data/raw/train/train/annos/066524.json,,item1_sling_dress,dress,sling_dress,13,468,624,4.0,234.0,393.0,623.0,0.5181658174446636,389.0,prd_3_1_v1,core,SEGCORE1_0241,benchmark/prd_3_1_v1/candidates/segmentation_core_stress_v1/masks/core/dress/SEGCORE1_0241.png,benchmark/prd_3_1_v1/candidates/segmentation_core_stress_v1/overlays/core/dress/SEGCORE1_0241.jpg,large_>=10%,>=100,0,unreviewed,PASS,,1,1,1,468,624,468,624,1,1,53584,5,242,388,624,0.961893,0.994868,0.354108,,20
DeepFashion2,../fashion_data/raw/train/train/image/168853.jpg,168853.jpg,../fashion_data/raw/train/train/annos/168853.json,,item1_long_sleeve_dress,dress,long_sleeve_dress,11,640,960,173.0,181.0,512.0,605.0,0.2339453125,339.0,prd_3_1_v1,core,SEGCORE1_0242,benchmark/prd_3_1_v1/candidates/segmentation_core_stress_v1/masks/core/dress/SEGCORE1_0242.png,benchmark/prd_3_1_v1/candidates/segmentation_core_stress_v1/overlays/core/dress/SEGCORE1_0242.jpg,large_>=10%,>=100,0,unreviewed,FLAG,LOW_MASK_BBOX_IOU,1,1,1,640,960,640,960,1,1,82663,184,199,509,589,0.881825,1.000000,0.575103,,120
DeepFashion2,../fashion_data/raw/train/train/image/145118.jpg,145118.jpg,../fashion_data/raw/train/train/annos/145118.json,,item1_vest_dress,dress,vest_dress,12,468,831,220.0,244.0,272.0,355.0,0.014841556357801846,52.0,prd_3_1_v1,core,SEGCORE1_0243,benchmark/prd_3_1_v1/candidates/segmentation_core_stress_v1/masks/core/dress/SEGCORE1_0243.png,benchmark/prd_3_1_v1/candidates/segmentation_core_stress_v1/overlays/core/dress/SEGCORE1_0243.jpg,small_0.5-2%,50-99,1,unreviewed,FLAG,LOW_MASK_BBOX_IOU,1,1,1,468,831,468,831,1,1,3732,225,245,268,352,0.797124,1.000000,0.646570,,130
DeepFashion2,../fashion_data/raw/train/train/image/133136.jpg,133136.jpg,../fashion_data/raw/train/train/annos/133136.json,,item1_long_sleeve_dress,dress,long_sleeve_dress,11,880,1384,399.0,191.0,523.0,383.0,0.01954808197582764,124.0,prd_3_1_v1,core,SEGCORE1_0244,benchmark/prd_3_1_v1/candidates/segmentation_core_stress_v1/masks/core/dress/SEGCORE1_0244.png,benchmark/prd_3_1_v1/candidates/segmentation_core_stress_v1/overlays/core/dress/SEGCORE1_0244.jpg,small_0.5-2%,>=100,1,unreviewed,PASS,,1,1,1,880,1384,880,1384,1,1,14842,404,194,523,377,0.914693,1.000000,0.623404,,30
DeepFashion2,../fashion_data/raw/train/train/image/049578.jpg,049578.jpg,../fashion_data/raw/train/train/annos/049578.json,,item2_short_sleeve_dress,dress,short_sleeve_dress,10,640,640,319.0,152.0,521.0,621.0,0.2312939453125,202.0,prd_3_1_v1,core,SEGCORE1_0245,benchmark/prd_3_1_v1/candidates/segmentation_core_stress_v1/masks/core/dress/SEGCORE1_0245.png,benchmark/prd_3_1_v1/candidates/segmentation_core_stress_v1/overlays/core/dress/SEGCORE1_0245.jpg,large_>=10%,>=100,0,unreviewed,PASS,,1,1,1,640,640,640,640,1,1,73699,328,151,523,619,0.940167,0.997992,0.777924,,20
DeepFashion2,../fashion_data/raw/train/train/image/106984.jpg,106984.jpg,../fashion_data/raw/train/train/annos/106984.json,,item1_sling_dress,dress,sling_dress,13,640,972,278.0,207.0,440.0,549.0,0.0890625,162.0,prd_3_1_v1,core,SEGCORE1_0246,benchmark/prd_3_1_v1/candidates/segmentation_core_stress_v1/masks/core/dress/SEGCORE1_0246.png,benchmark/prd_3_1_v1/candidates/segmentation_core_stress_v1/overlays/core/dress/SEGCORE1_0246.jpg,medium_2-10%,>=100,0,unreviewed,PASS,,1,1,1,640,972,640,972,1,1,32570,284,210,436,547,0.924554,1.000000,0.587864,,20
DeepFashion2,../fashion_data/raw/train/train/image/133235.jpg,133235.jpg,../fashion_data/raw/train/train/annos/133235.json,,item1_vest_dress,dress,vest_dress,12,750,1100,117.0,251.0,672.0,1022.0,0.5186727272727273,555.0,prd_3_1_v1,core,SEGCORE1_0247,benchmark/prd_3_1_v1/candidates/segmentation_core_stress_v1/masks/core/dress/SEGCORE1_0247.png,benchmark/prd_3_1_v1/candidates/segmentation_core_stress_v1/overlays/core/dress/SEGCORE1_0247.jpg,large_>=10%,>=100,0,unreviewed,PASS,,1,1,1,750,1100,750,1100,1,1,222306,130,255,666,1000,0.933198,1.000000,0.519522,,20
DeepFashion2,../fashion_data/raw/train/train/image/115766.jpg,115766.jpg,../fashion_data/raw/train/train/annos/115766.json,,item1_short_sleeve_dress,dress,short_sleeve_dress,10,750,1027,223.0,273.0,378.0,477.0,0.04105160662122687,155.0,prd_3_1_v1,core,SEGCORE1_0248,benchmark/prd_3_1_v1/candidates/segmentation_core_stress_v1/masks/core/dress/SEGCORE1_0248.png,benchmark/prd_3_1_v1/candidates/segmentation_core_stress_v1/overlays/core/dress/SEGCORE1_0248.jpg,medium_2-10%,>=100,0,unreviewed,FLAG,LOW_MASK_BBOX_IOU,1,1,1,750,1027,750,1027,1,1,13914,230,286,370,469,0.810247,1.000000,0.440038,,120
DeepFashion2,../fashion_data/raw/train/train/image/043686.jpg,043686.jpg,../fashion_data/raw/train/train/annos/043686.json,,item1_long_sleeve_dress,dress,long_sleeve_dress,11,880,938,351.0,318.0,529.0,626.0,0.0664179104477612,178.0,prd_3_1_v1,core,SEGCORE1_0249,benchmark/prd_3_1_v1/candidates/segmentation_core_stress_v1/masks/core/dress/SEGCORE1_0249.png,benchmark/prd_3_1_v1/candidates/segmentation_core_stress_v1/overlays/core/dress/SEGCORE1_0249.jpg,medium_2-10%,>=100,0,unreviewed,PASS,,1,1,1,880,938,880,938,1,1,37991,352,321,529,621,0.968554,1.000000,0.692963,,20
DeepFashion2,../fashion_data/raw/train/train/image/041520.jpg,041520.jpg,../fashion_data/raw/train/train/annos/041520.json,,item1_sling_dress,dress,sling_dress,13,468,624,255.0,201.0,306.0,287.0,0.015018902038132807,51.0,prd_3_1_v1,core,SEGCORE1_0250,benchmark/prd_3_1_v1/candidates/segmentation_core_stress_v1/masks/core/dress/SEGCORE1_0250.png,benchmark/prd_3_1_v1/candidates/segmentation_core_stress_v1/overlays/core/dress/SEGCORE1_0250.jpg,small_0.5-2%,50-99,1,unreviewed,PASS,,1,1,1,468,624,468,624,1,1,2241,255,201,306,288,0.988506,0.999554,0.510944,,30
DeepFashion2,../fashion_data/raw/train/train/image/068565.jpg,068565.jpg,../fashion_data/raw/train/train/annos/068565.json,,item1_vest_dress,dress,vest_dress,12,880,587,402.0,194.0,535.0,531.0,0.08676823602292086,133.0,prd_3_1_v1,core,SEGCORE1_0251,benchmark/prd_3_1_v1/candidates/segmentation_core_stress_v1/masks/core/dress/SEGCORE1_0251.png,benchmark/prd_3_1_v1/candidates/segmentation_core_stress_v1/overlays/core/dress/SEGCORE1_0251.jpg,medium_2-10%,>=100,0,unreviewed,FLAG,LOW_MASK_BBOX_IOU,1,1,1,880,587,880,587,1,1,28233,411,202,532,524,0.869280,1.000000,0.629906,,120
DeepFashion2,../fashion_data/raw/train/train/image/167285.jpg,167285.jpg,../fashion_data/raw/train/train/annos/167285.json,,item1_short_sleeve_dress,dress,short_sleeve_dress,10,468,832,255.0,399.0,323.0,507.0,0.01886094674556213,68.0,prd_3_1_v1,core,SEGCORE1_0252,benchmark/prd_3_1_v1/candidates/segmentation_core_stress_v1/masks/core/dress/SEGCORE1_0252.png,benchmark/prd_3_1_v1/candidates/segmentation_core_stress_v1/overlays/core/dress/SEGCORE1_0252.jpg,small_0.5-2%,50-99,1,unreviewed,FLAG,LOW_MASK_BBOX_IOU,1,1,1,468,832,468,832,1,1,4674,257,402,322,503,0.893927,1.000000,0.636438,,130
DeepFashion2,../fashion_data/raw/train/train/image/111518.jpg,111518.jpg,../fashion_data/raw/train/train/annos/111518.json,,item1_sling_dress,dress,sling_dress,13,750,1125,249.0,476.0,489.0,973.0,0.14136888888888888,240.0,prd_3_1_v1,core,SEGCORE1_0253,benchmark/prd_3_1_v1/candidates/segmentation_core_stress_v1/masks/core/dress/SEGCORE1_0253.png,benchmark/prd_3_1_v1/candidates/segmentation_core_stress_v1/overlays/core/dress/SEGCORE1_0253.jpg,large_>=10%,>=100,0,unreviewed,FLAG,LOW_MASK_BBOX_IOU,1,1,1,750,1125,750,1125,1,1,65444,260,496,473,962,0.832143,1.000000,0.548659,,120
DeepFashion2,../fashion_data/raw/train/train/image/046348.jpg,046348.jpg,../fashion_data/raw/train/train/annos/046348.json,,item1_long_sleeve_dress,dress,long_sleeve_dress,11,468,833,0.0,123.0,466.0,772.0,0.7757821077148809,466.0,prd_3_1_v1,core,SEGCORE1_0254,benchmark/prd_3_1_v1/candidates/segmentation_core_stress_v1/masks/core/dress/SEGCORE1_0254.png,benchmark/prd_3_1_v1/candidates/segmentation_core_stress_v1/overlays/core/dress/SEGCORE1_0254.jpg,large_>=10%,>=100,0,unreviewed,PASS,,1,1,1,468,833,468,833,1,1,243861,0,133,467,753,0.953361,0.998434,0.806328,,20
DeepFashion2,../fashion_data/raw/train/train/image/119420.jpg,119420.jpg,../fashion_data/raw/train/train/annos/119420.json,,item2_vest_dress,dress,vest_dress,12,880,1320,657.0,560.0,782.0,683.0,0.013236053719008264,123.0,prd_3_1_v1,core,SEGCORE1_0255,benchmark/prd_3_1_v1/candidates/segmentation_core_stress_v1/masks/core/dress/SEGCORE1_0255.png,benchmark/prd_3_1_v1/candidates/segmentation_core_stress_v1/overlays/core/dress/SEGCORE1_0255.jpg,small_0.5-2%,>=100,1,unreviewed,FLAG,LOW_MASK_BBOX_IOU,1,1,1,880,1320,880,1320,1,1,8228,667,574,779,677,0.750309,1.000000,0.535154,,130
DeepFashion2,../fashion_data/raw/train/train/image/036674.jpg,036674.jpg,../fashion_data/raw/train/train/annos/036674.json,,item1_long_sleeve_dress,dress,long_sleeve_dress,11,800,760,326.0,321.0,383.0,408.0,0.00815625,57.0,prd_3_1_v1,core,SEGCORE1_0256,benchmark/prd_3_1_v1/candidates/segmentation_core_stress_v1/masks/core/dress/SEGCORE1_0256.png,benchmark/prd_3_1_v1/candidates/segmentation_core_stress_v1/overlays/core/dress/SEGCORE1_0256.jpg,small_0.5-2%,50-99,1,unreviewed,FLAG,LOW_MASK_BBOX_IOU,1,1,1,800,760,800,760,1,1,2750,329,324,384,409,0.889761,0.989455,0.554547,,130
DeepFashion2,../fashion_data/raw/train/train/image/166981.jpg,166981.jpg,../fashion_data/raw/train/train/annos/166981.json,,item1_short_sleeve_dress,dress,short_sleeve_dress,10,640,960,60.0,284.0,502.0,853.0,0.40933919270833335,442.0,prd_3_1_v1,core,SEGCORE1_0257,benchmark/prd_3_1_v1/candidates/segmentation_core_stress_v1/masks/core/dress/SEGCORE1_0257.png,benchmark/prd_3_1_v1/candidates/segmentation_core_stress_v1/overlays/core/dress/SEGCORE1_0257.jpg,large_>=10%,>=100,0,unreviewed,PASS,,1,1,1,640,960,640,960,1,1,152202,70,288,498,844,0.946202,1.000000,0.605182,,20
DeepFashion2,../fashion_data/raw/train/train/image/103981.jpg,103981.jpg,../fashion_data/raw/train/train/annos/103981.json,,item1_sling_dress,dress,sling_dress,13,468,625,176.0,93.0,278.0,313.0,0.07671794871794872,102.0,prd_3_1_v1,core,SEGCORE1_0258,benchmark/prd_3_1_v1/candidates/segmentation_core_stress_v1/masks/core/dress/SEGCORE1_0258.png,benchmark/prd_3_1_v1/candidates/segmentation_core_stress_v1/overlays/core/dress/SEGCORE1_0258.jpg,medium_2-10%,>=100,0,unreviewed,PASS,,1,1,1,468,625,468,625,1,1,15298,177,94,279,314,0.971794,0.999739,0.681729,,20
DeepFashion2,../fashion_data/raw/train/train/image/060041.jpg,060041.jpg,../fashion_data/raw/train/train/annos/060041.json,,item1_vest_dress,dress,vest_dress,12,640,960,90.0,280.0,462.0,913.0,0.38326171875,372.0,prd_3_1_v1,core,SEGCORE1_0259,benchmark/prd_3_1_v1/candidates/segmentation_core_stress_v1/masks/core/dress/SEGCORE1_0259.png,benchmark/prd_3_1_v1/candidates/segmentation_core_stress_v1/overlays/core/dress/SEGCORE1_0259.jpg,large_>=10%,>=100,0,unreviewed,PASS,,1,1,1,640,960,640,960,1,1,152651,95,284,457,899,0.945447,1.000000,0.648266,,20
DeepFashion2,../fashion_data/raw/train/train/image/119698.jpg,119698.jpg,../fashion_data/raw/train/train/annos/119698.json,,item1_short_sleeve_dress,dress,short_sleeve_dress,10,750,528,313.0,117.0,429.0,348.0,0.06766666666666667,116.0,prd_3_1_v1,core,SEGCORE1_0260,benchmark/prd_3_1_v1/candidates/segmentation_core_stress_v1/masks/core/dress/SEGCORE1_0260.png,benchmark/prd_3_1_v1/candidates/segmentation_core_stress_v1/overlays/core/dress/SEGCORE1_0260.jpg,medium_2-10%,>=100,0,unreviewed,FLAG,LOW_MASK_BBOX_IOU,1,1,1,750,528,750,528,1,1,15536,320,123,427,342,0.874496,1.000000,0.579788,,120
DeepFashion2,../fashion_data/raw/train/train/image/153423.jpg,153423.jpg,../fashion_data/raw/train/train/annos/153423.json,,item1_long_sleeve_dress,dress,long_sleeve_dress,11,468,772,253.0,290.0,382.0,475.0,0.06605387272485719,129.0,prd_3_1_v1,core,SEGCORE1_0261,benchmark/prd_3_1_v1/candidates/segmentation_core_stress_v1/masks/core/dress/SEGCORE1_0261.png,benchmark/prd_3_1_v1/candidates/segmentation_core_stress_v1/overlays/core/dress/SEGCORE1_0261.jpg,medium_2-10%,>=100,0,unreviewed,FLAG,LOW_MASK_BBOX_IOU,1,1,1,468,772,468,772,1,1,14116,257,294,380,462,0.865871,1.000000,0.591494,,120
DeepFashion2,../fashion_data/raw/train/train/image/078672.jpg,078672.jpg,../fashion_data/raw/train/train/annos/078672.json,,item2_vest_dress,dress,vest_dress,12,750,861,294.0,174.0,448.0,534.0,0.08585365853658537,154.0,prd_3_1_v1,core,SEGCORE1_0262,benchmark/prd_3_1_v1/candidates/segmentation_core_stress_v1/masks/core/dress/SEGCORE1_0262.png,benchmark/prd_3_1_v1/candidates/segmentation_core_stress_v1/overlays/core/dress/SEGCORE1_0262.jpg,medium_2-10%,>=100,0,unreviewed,FLAG,LOW_MASK_BBOX_IOU,1,1,1,750,861,750,861,1,1,32205,306,189,441,532,0.835227,1.000000,0.580898,,120
DeepFashion2,../fashion_data/raw/train/train/image/019252.jpg,019252.jpg,../fashion_data/raw/train/train/annos/019252.json,,item1_short_sleeve_dress,dress,short_sleeve_dress,10,468,626,204.0,245.0,263.0,324.0,0.0159095873952104,59.0,prd_3_1_v1,core,SEGCORE1_0263,benchmark/prd_3_1_v1/candidates/segmentation_core_stress_v1/masks/core/dress/SEGCORE1_0263.png,benchmark/prd_3_1_v1/candidates/segmentation_core_stress_v1/overlays/core/dress/SEGCORE1_0263.jpg,small_0.5-2%,50-99,1,unreviewed,PASS,,1,1,1,468,626,468,626,1,1,3136,205,247,263,322,0.933276,1.000000,0.672817,,30
DeepFashion2,../fashion_data/raw/train/train/image/186856.jpg,186856.jpg,../fashion_data/raw/train/train/annos/186856.json,,item1_sling_dress,dress,sling_dress,13,750,863,286.0,352.0,589.0,749.0,0.18584936268829663,303.0,prd_3_1_v1,core,SEGCORE1_0264,benchmark/prd_3_1_v1/candidates/segmentation_core_stress_v1/masks/core/dress/SEGCORE1_0264.png,benchmark/prd_3_1_v1/candidates/segmentation_core_stress_v1/overlays/core/dress/SEGCORE1_0264.jpg,large_>=10%,>=100,0,unreviewed,PASS,,1,1,1,750,863,750,863,1,1,70066,290,355,590,750,0.973724,0.995561,0.582471,,20
DeepFashion2,../fashion_data/raw/train/train/image/128608.jpg,128608.jpg,../fashion_data/raw/train/train/annos/128608.json,,item1_long_sleeve_dress,dress,long_sleeve_dress,11,468,625,0.0,0.0,465.0,624.0,0.992,465.0,prd_3_1_v1,core,SEGCORE1_0265,benchmark/prd_3_1_v1/candidates/segmentation_core_stress_v1/masks/core/dress/SEGCORE1_0265.png,benchmark/prd_3_1_v1/candidates/segmentation_core_stress_v1/overlays/core/dress/SEGCORE1_0265.jpg,large_>=10%,>=100,0,unreviewed,PASS,,1,1,1,468,625,468,625,1,1,259829,3,1,466,624,0.989831,0.999273,0.895468,,20
DeepFashion2,../fashion_data/raw/train/train/image/059441.jpg,059441.jpg,../fashion_data/raw/train/train/annos/059441.json,,item1_vest_dress,dress,vest_dress,12,468,710,255.0,416.0,317.0,511.0,0.017726014204887446,62.0,prd_3_1_v1,core,SEGCORE1_0266,benchmark/prd_3_1_v1/candidates/segmentation_core_stress_v1/masks/core/dress/SEGCORE1_0266.png,benchmark/prd_3_1_v1/candidates/segmentation_core_stress_v1/overlays/core/dress/SEGCORE1_0266.jpg,small_0.5-2%,50-99,1,unreviewed,FLAG,LOW_MASK_BBOX_IOU,1,1,1,468,710,468,710,1,1,3108,269,421,317,507,0.700849,1.000000,0.527674,,130
DeepFashion2,../fashion_data/raw/train/train/image/126631.jpg,126631.jpg,../fashion_data/raw/train/train/annos/126631.json,,item1_long_sleeve_dress,dress,long_sleeve_dress,11,468,625,253.0,238.0,304.0,350.0,0.019528205128205127,51.0,prd_3_1_v1,core,SEGCORE1_0267,benchmark/prd_3_1_v1/candidates/segmentation_core_stress_v1/masks/core/dress/SEGCORE1_0267.png,benchmark/prd_3_1_v1/candidates/segmentation_core_stress_v1/overlays/core/dress/SEGCORE1_0267.jpg,small_0.5-2%,50-99,1,unreviewed,FLAG,LOW_MASK_BBOX_IOU,1,1,1,468,625,468,625,1,1,3374,257,243,305,347,0.840440,0.999704,0.590686,,130
DeepFashion2,../fashion_data/raw/train/train/image/096924.jpg,096924.jpg,../fashion_data/raw/train/train/annos/096924.json,,item1_short_sleeve_dress,dress,short_sleeve_dress,10,640,960,232.0,323.0,423.0,671.0,0.10818359375,191.0,prd_3_1_v1,core,SEGCORE1_0268,benchmark/prd_3_1_v1/candidates/segmentation_core_stress_v1/masks/core/dress/SEGCORE1_0268.png,benchmark/prd_3_1_v1/candidates/segmentation_core_stress_v1/overlays/core/dress/SEGCORE1_0268.jpg,large_>=10%,>=100,0,unreviewed,FLAG,LOW_MASK_BBOX_IOU,1,1,1,640,960,640,960,1,1,30917,268,339,412,665,0.706265,1.000000,0.465141,,120
DeepFashion2,../fashion_data/raw/train/train/image/103585.jpg,103585.jpg,../fashion_data/raw/train/train/annos/103585.json,,item1_sling_dress,dress,sling_dress,13,700,1050,284.0,435.0,471.0,753.0,0.08090612244897959,187.0,prd_3_1_v1,core,SEGCORE1_0269,benchmark/prd_3_1_v1/candidates/segmentation_core_stress_v1/masks/core/dress/SEGCORE1_0269.png,benchmark/prd_3_1_v1/candidates/segmentation_core_stress_v1/overlays/core/dress/SEGCORE1_0269.jpg,medium_2-10%,>=100,0,unreviewed,FLAG,LOW_MASK_BBOX_IOU,1,1,1,700,1050,700,1050,1,1,21747,330,451,469,742,0.680204,1.000000,0.365705,,120
DeepFashion2,../fashion_data/raw/train/train/image/122874.jpg,122874.jpg,../fashion_data/raw/train/train/annos/122874.json,,item1_vest_dress,dress,vest_dress,12,468,702,16.0,177.0,424.0,701.0,0.6507414712542917,408.0,prd_3_1_v1,core,SEGCORE1_0270,benchmark/prd_3_1_v1/candidates/segmentation_core_stress_v1/masks/core/dress/SEGCORE1_0270.png,benchmark/prd_3_1_v1/candidates/segmentation_core_stress_v1/overlays/core/dress/SEGCORE1_0270.jpg,large_>=10%,>=100,0,unreviewed,FLAG,LOW_MASK_BBOX_IOU,1,1,1,468,702,468,702,1,1,113181,29,202,415,702,0.899317,0.999991,0.529398,,120
DeepFashion2,../fashion_data/raw/train/train/image/047099.jpg,047099.jpg,../fashion_data/raw/train/train/annos/047099.json,,item2_short_sleeve_dress,dress,short_sleeve_dress,10,640,943,216.0,405.0,338.0,651.0,0.049728260869565215,122.0,prd_3_1_v1,core,SEGCORE1_0271,benchmark/prd_3_1_v1/candidates/segmentation_core_stress_v1/masks/core/dress/SEGCORE1_0271.png,benchmark/prd_3_1_v1/candidates/segmentation_core_stress_v1/overlays/core/dress/SEGCORE1_0271.jpg,medium_2-10%,>=100,0,unreviewed,FLAG,LOW_MASK_BBOX_IOU,1,1,1,640,943,640,943,1,1,19663,222,406,331,646,0.871651,1.000000,0.655171,,120
DeepFashion2,../fashion_data/raw/train/train/image/088853.jpg,088853.jpg,../fashion_data/raw/train/train/annos/088853.json,,item1_long_sleeve_dress,dress,long_sleeve_dress,11,880,1051,314.0,425.0,500.0,702.0,0.05570668627281377,186.0,prd_3_1_v1,core,SEGCORE1_0272,benchmark/prd_3_1_v1/candidates/segmentation_core_stress_v1/masks/core/dress/SEGCORE1_0272.png,benchmark/prd_3_1_v1/candidates/segmentation_core_stress_v1/overlays/core/dress/SEGCORE1_0272.jpg,medium_2-10%,>=100,0,unreviewed,PASS,,1,1,1,880,1051,880,1051,1,1,30738,316,426,499,703,0.976849,0.999967,0.596600,,20
DeepFashion2,../fashion_data/raw/train/train/image/097072.jpg,097072.jpg,../fashion_data/raw/train/train/annos/097072.json,,item2_vest_dress,dress,vest_dress,12,795,990,521.0,432.0,672.0,656.0,0.042975668636045995,151.0,prd_3_1_v1,core,SEGCORE1_0273,benchmark/prd_3_1_v1/candidates/segmentation_core_stress_v1/masks/core/dress/SEGCORE1_0273.png,benchmark/prd_3_1_v1/candidates/segmentation_core_stress_v1/overlays/core/dress/SEGCORE1_0273.jpg,medium_2-10%,>=100,0,unreviewed,FLAG,LOW_MASK_BBOX_IOU,1,1,1,795,990,795,990,1,1,14676,541,454,658,641,0.646848,1.000000,0.433893,,120
DeepFashion2,../fashion_data/raw/train/train/image/110451.jpg,110451.jpg,../fashion_data/raw/train/train/annos/110451.json,,item1_short_sleeve_dress,dress,short_sleeve_dress,10,790,827,300.0,285.0,386.0,421.0,0.017902132153735477,86.0,prd_3_1_v1,core,SEGCORE1_0274,benchmark/prd_3_1_v1/candidates/segmentation_core_stress_v1/masks/core/dress/SEGCORE1_0274.png,benchmark/prd_3_1_v1/candidates/segmentation_core_stress_v1/overlays/core/dress/SEGCORE1_0274.jpg,small_0.5-2%,50-99,1,unreviewed,PASS,,1,1,1,790,827,790,827,1,1,7167,303,287,387,420,0.933215,0.998047,0.612774,,30
DeepFashion2,../fashion_data/raw/train/train/image/141653.jpg,141653.jpg,../fashion_data/raw/train/train/annos/141653.json,,item1_sling_dress,dress,sling_dress,13,748,750,138.0,7.0,536.0,749.0,0.526409982174688,398.0,prd_3_1_v1,core,SEGCORE1_0275,benchmark/prd_3_1_v1/candidates/segmentation_core_stress_v1/masks/core/dress/SEGCORE1_0275.png,benchmark/prd_3_1_v1/candidates/segmentation_core_stress_v1/overlays/core/dress/SEGCORE1_0275.jpg,large_>=10%,>=100,0,unreviewed,PASS,,1,1,1,748,750,748,750,1,1,162025,150,19,529,750,0.935660,0.999877,0.548650,,20
Fashionpedia,../fashion_data/raw/fashionpedia/images/test/1f1e21e9d1206809d4f20ef5e6d2ddef.jpg,1f1e21e9d1206809d4f20ef5e6d2ddef.jpg,../fashion_data/raw/fashionpedia/annotations/instances_attributes_val2020.json,6788,fashionpedia_ann_6788,shoe,shoe,23,682,1024,307.0,682.0,388.0,937.0,0.02957609741568915,81.0,prd_3_1_v1,core,SEGCORE1_0276,benchmark/prd_3_1_v1/candidates/segmentation_core_stress_v1/masks/core/shoe/SEGCORE1_0276.png,benchmark/prd_3_1_v1/candidates/segmentation_core_stress_v1/overlays/core/shoe/SEGCORE1_0276.jpg,medium_2-10%,50-99,0,unreviewed,PASS,,1,1,1,682,1024,682,1024,1,1,13266,307,682,389,938,0.983946,0.999623,0.642266,,20
Fashionpedia,../fashion_data/raw/fashionpedia/images/test/ee8429febbbf2ceb90270629d0ae0850.jpg,ee8429febbbf2ceb90270629d0ae0850.jpg,../fashion_data/raw/fashionpedia/annotations/instances_attributes_val2020.json,7075,fashionpedia_ann_7075,shoe,shoe,23,682,1024,314.0,843.0,374.0,955.0,0.009622434017595308,60.0,prd_3_1_v1,core,SEGCORE1_0277,benchmark/prd_3_1_v1/candidates/segmentation_core_stress_v1/masks/core/shoe/SEGCORE1_0277.png,benchmark/prd_3_1_v1/candidates/segmentation_core_stress_v1/overlays/core/shoe/SEGCORE1_0277.jpg,small_0.5-2%,50-99,1,unreviewed,PASS,,1,1,1,682,1024,682,1024,1,1,1875,314,843,374,955,1.000000,1.000000,0.279018,,30
Fashionpedia,../fashion_data/raw/fashionpedia/images/test/f43143d9807fbb2948474f68d8c6f550.jpg,f43143d9807fbb2948474f68d8c6f550.jpg,../fashion_data/raw/fashionpedia/annotations/instances_attributes_val2020.json,8145,fashionpedia_ann_8145,shoe,shoe,23,682,1024,188.0,791.0,354.0,916.0,0.029712128848973608,125.0,prd_3_1_v1,core,SEGCORE1_0278,benchmark/prd_3_1_v1/candidates/segmentation_core_stress_v1/masks/core/shoe/SEGCORE1_0278.png,benchmark/prd_3_1_v1/candidates/segmentation_core_stress_v1/overlays/core/shoe/SEGCORE1_0278.jpg,medium_2-10%,>=100,0,unreviewed,PASS,,1,1,1,682,1024,682,1024,1,1,12550,188,791,355,917,0.986123,0.998566,0.604819,,20
Fashionpedia,../fashion_data/raw/fashionpedia/images/test/ac257ddc35bb18760df07544ca327129.jpg,ac257ddc35bb18760df07544ca327129.jpg,../fashion_data/raw/fashionpedia/annotations/instances_attributes_val2020.json,7169,fashionpedia_ann_7169,shoe,shoe,23,682,1024,248.0,792.0,299.0,903.0,0.008106041513929619,51.0,prd_3_1_v1,core,SEGCORE1_0279,benchmark/prd_3_1_v1/candidates/segmentation_core_stress_v1/masks/core/shoe/SEGCORE1_0279.png,benchmark/prd_3_1_v1/candidates/segmentation_core_stress_v1/overlays/core/shoe/SEGCORE1_0279.jpg,small_0.5-2%,50-99,1,unreviewed,PASS,,1,1,1,682,1024,682,1024,1,1,2850,248,792,300,904,0.972012,0.993684,0.503445,,30
Fashionpedia,../fashion_data/raw/fashionpedia/images/test/8c6c8abea5d5a128ca8834600b2aeddc.jpg,8c6c8abea5d5a128ca8834600b2aeddc.jpg,../fashion_data/raw/fashionpedia/annotations/instances_attributes_val2020.json,8821,fashionpedia_ann_8821,shoe,shoe,23,683,1024,134.0,826.0,328.0,977.0,0.041884951500732064,151.0,prd_3_1_v1,core,SEGCORE1_0280,benchmark/prd_3_1_v1/candidates/segmentation_core_stress_v1/masks/core/shoe/SEGCORE1_0280.png,benchmark/prd_3_1_v1/candidates/segmentation_core_stress_v1/overlays/core/shoe/SEGCORE1_0280.jpg,medium_2-10%,>=100,0,unreviewed,PASS,,1,1,1,683,1024,683,1024,1,1,10125,134,826,329,978,0.988327,0.997531,0.345634,,20
Fashionpedia,../fashion_data/raw/fashionpedia/images/test/5ada94993430e73f1e6967d5ce2aecad.jpg,5ada94993430e73f1e6967d5ce2aecad.jpg,../fashion_data/raw/fashionpedia/annotations/instances_attributes_val2020.json,3345,fashionpedia_ann_3345,shoe,shoe,23,682,1024,303.0,870.0,362.0,939.0,0.005829304893695014,59.0,prd_3_1_v1,core,SEGCORE1_0281,benchmark/prd_3_1_v1/candidates/segmentation_core_stress_v1/masks/core/shoe/SEGCORE1_0281.png,benchmark/prd_3_1_v1/candidates/segmentation_core_stress_v1/overlays/core/shoe/SEGCORE1_0281.jpg,small_0.5-2%,50-99,1,unreviewed,PASS,,1,1,1,682,1024,682,1024,1,1,612,303,870,363,941,0.955634,0.988562,0.150332,,30
Fashionpedia,../fashion_data/raw/fashionpedia/images/test/19b88ca66e3ab754d3b6aa7d5e2f0a83.jpg,19b88ca66e3ab754d3b6aa7d5e2f0a83.jpg,../fashion_data/raw/fashionpedia/annotations/instances_attributes_val2020.json,888,fashionpedia_ann_888,shoe,shoe,23,1024,682,749.0,505.0,930.0,682.0,0.045874095032991204,177.0,prd_3_1_v1,core,SEGCORE1_0282,benchmark/prd_3_1_v1/candidates/segmentation_core_stress_v1/masks/core/shoe/SEGCORE1_0282.png,benchmark/prd_3_1_v1/candidates/segmentation_core_stress_v1/overlays/core/shoe/SEGCORE1_0282.jpg,medium_2-10%,>=100,0,unreviewed,PASS,,1,1,1,1024,682,1024,682,1,1,6232,749,505,930,682,1.000000,1.000000,0.194525,,20
Fashionpedia,../fashion_data/raw/fashionpedia/images/test/93689df6d05b8406fcf9083057344e3e.jpg,93689df6d05b8406fcf9083057344e3e.jpg,../fashion_data/raw/fashionpedia/annotations/instances_attributes_val2020.json,6967,fashionpedia_ann_6967,shoe,shoe,23,680,1024,341.0,868.0,395.0,957.0,0.006901999080882353,54.0,prd_3_1_v1,core,SEGCORE1_0283,benchmark/prd_3_1_v1/candidates/segmentation_core_stress_v1/masks/core/shoe/SEGCORE1_0283.png,benchmark/prd_3_1_v1/candidates/segmentation_core_stress_v1/overlays/core/shoe/SEGCORE1_0283.jpg,small_0.5-2%,50-99,1,unreviewed,PASS,,1,1,1,680,1024,680,1024,1,1,3869,341,868,396,958,0.970909,0.998708,0.805035,,30
Fashionpedia,../fashion_data/raw/fashionpedia/images/test/c71725f6c3b33f109c76c4d356efb90b.jpg,c71725f6c3b33f109c76c4d356efb90b.jpg,../fashion_data/raw/fashionpedia/annotations/instances_attributes_val2020.json,6119,fashionpedia_ann_6119,shoe,shoe,23,678,1024,173.0,718.0,350.0,897.0,0.04563485204646018,177.0,prd_3_1_v1,core,SEGCORE1_0284,benchmark/prd_3_1_v1/candidates/segmentation_core_stress_v1/masks/core/shoe/SEGCORE1_0284.png,benchmark/prd_3_1_v1/candidates/segmentation_core_stress_v1/overlays/core/shoe/SEGCORE1_0284.jpg,medium_2-10%,>=100,0,unreviewed,PASS,,1,1,1,678,1024,678,1024,1,1,5822,173,718,350,897,1.000000,1.000000,0.183758,,20
Fashionpedia,../fashion_data/raw/fashionpedia/images/test/3d2c62435d6f70d51721670bc5e60ad2.jpg,3d2c62435d6f70d51721670bc5e60ad2.jpg,../fashion_data/raw/fashionpedia/annotations/instances_attributes_val2020.json,1274,fashionpedia_ann_1274,shoe,shoe,23,1024,683,603.0,581.0,670.0,648.0,0.006418432009516838,67.0,prd_3_1_v1,core,SEGCORE1_0285,benchmark/prd_3_1_v1/candidates/segmentation_core_stress_v1/masks/core/shoe/SEGCORE1_0285.png,benchmark/prd_3_1_v1/candidates/segmentation_core_stress_v1/overlays/core/shoe/SEGCORE1_0285.jpg,small_0.5-2%,50-99,1,unreviewed,PASS,,1,1,1,1024,683,1024,683,1,1,1401,603,581,671,649,0.970804,0.992862,0.312096,,30
Fashionpedia,../fashion_data/raw/fashionpedia/images/test/e14733841b04c64e75789a91fbe549b3.jpg,e14733841b04c64e75789a91fbe549b3.jpg,../fashion_data/raw/fashionpedia/annotations/instances_attributes_val2020.json,8929,fashionpedia_ann_8929,shoe,shoe,23,771,1024,407.0,817.0,507.0,979.0,0.02051921206225681,100.0,prd_3_1_v1,core,SEGCORE1_0286,benchmark/prd_3_1_v1/candidates/segmentation_core_stress_v1/masks/core/shoe/SEGCORE1_0286.png,benchmark/prd_3_1_v1/candidates/segmentation_core_stress_v1/overlays/core/shoe/SEGCORE1_0286.jpg,medium_2-10%,>=100,0,unreviewed,PASS,,1,1,1,771,1024,771,1024,1,1,8358,407,817,507,979,1.000000,1.000000,0.515926,,20
Fashionpedia,../fashion_data/raw/fashionpedia/images/test/733128db0ce4f09443fc561514458c7f.jpg,733128db0ce4f09443fc561514458c7f.jpg,../fashion_data/raw/fashionpedia/annotations/instances_attributes_val2020.json,7927,fashionpedia_ann_7927,shoe,shoe,23,683,1024,421.0,840.0,509.0,917.0,0.009688415080527086,77.0,prd_3_1_v1,core,SEGCORE1_0287,benchmark/prd_3_1_v1/candidates/segmentation_core_stress_v1/masks/core/shoe/SEGCORE1_0287.png,benchmark/prd_3_1_v1/candidates/segmentation_core_stress_v1/overlays/core/shoe/SEGCORE1_0287.jpg,small_0.5-2%,50-99,1,unreviewed,PASS,,1,1,1,683,1024,683,1024,1,1,2231,421,840,510,918,0.976088,0.998655,0.329250,,30
Fashionpedia,../fashion_data/raw/fashionpedia/images/test/923d9f0cbf8310c92e7949638ac59fdc.jpg,923d9f0cbf8310c92e7949638ac59fdc.jpg,../fashion_data/raw/fashionpedia/annotations/instances_attributes_val2020.json,8945,fashionpedia_ann_8945,shoe,shoe,23,682,1024,0.0,840.0,197.0,927.0,0.024541502474340175,87.0,prd_3_1_v1,core,SEGCORE1_0288,benchmark/prd_3_1_v1/candidates/segmentation_core_stress_v1/masks/core/shoe/SEGCORE1_0288.png,benchmark/prd_3_1_v1/candidates/segmentation_core_stress_v1/overlays/core/shoe/SEGCORE1_0288.jpg,medium_2-10%,50-99,0,unreviewed,PASS,,1,1,1,682,1024,682,1024,1,1,6817,0,840,198,928,0.983643,0.999707,0.397748,,20
Fashionpedia,../fashion_data/raw/fashionpedia/images/test/d47f5c8a886204cd7b315af23ce90b4e.jpg,d47f5c8a886204cd7b315af23ce90b4e.jpg,../fashion_data/raw/fashionpedia/annotations/instances_attributes_val2020.json,5515,fashionpedia_ann_5515,shoe,shoe,23,681,1024,334.0,876.0,384.0,975.0,0.007098361784140969,50.0,prd_3_1_v1,core,SEGCORE1_0289,benchmark/prd_3_1_v1/candidates/segmentation_core_stress_v1/masks/core/shoe/SEGCORE1_0289.png,benchmark/prd_3_1_v1/candidates/segmentation_core_stress_v1/overlays/core/shoe/SEGCORE1_0289.jpg,small_0.5-2%,50-99,1,unreviewed,PASS,,1,1,1,681,1024,681,1024,1,1,1666,334,875,385,976,0.960978,0.989796,0.336566,,30
Fashionpedia,../fashion_data/raw/fashionpedia/images/test/6d734ccae856df8a0bf85bb3f658bbbb.jpg,6d734ccae856df8a0bf85bb3f658bbbb.jpg,../fashion_data/raw/fashionpedia/annotations/instances_attributes_val2020.json,324,fashionpedia_ann_324,shoe,shoe,23,545,1024,277.0,866.0,358.0,1007.0,0.020464807912844038,81.0,prd_3_1_v1,core,SEGCORE1_0290,benchmark/prd_3_1_v1/candidates/segmentation_core_stress_v1/masks/core/shoe/SEGCORE1_0290.png,benchmark/prd_3_1_v1/candidates/segmentation_core_stress_v1/overlays/core/shoe/SEGCORE1_0290.jpg,medium_2-10%,50-99,0,unreviewed,PASS,,1,1,1,545,1024,545,1024,1,1,6115,277,866,359,1008,0.980849,0.995912,0.535417,,20
Fashionpedia,../fashion_data/raw/fashionpedia/images/test/3a363533069e4150d6fd215abb73dd08.jpg,3a363533069e4150d6fd215abb73dd08.jpg,../fashion_data/raw/fashionpedia/annotations/instances_attributes_val2020.json,842,fashionpedia_ann_842,shoe,shoe,23,683,1024,264.0,868.0,317.0,972.0,0.007881131039531478,53.0,prd_3_1_v1,core,SEGCORE1_0291,benchmark/prd_3_1_v1/candidates/segmentation_core_stress_v1/masks/core/shoe/SEGCORE1_0291.png,benchmark/prd_3_1_v1/candidates/segmentation_core_stress_v1/overlays/core/shoe/SEGCORE1_0291.jpg,small_0.5-2%,50-99,1,unreviewed,PASS,,1,1,1,683,1024,683,1024,1,1,1424,264,868,318,973,0.972134,0.996489,0.258345,,30
Fashionpedia,../fashion_data/raw/fashionpedia/images/test/dcee0c0b136a4e8a004fef599a4c96f3.jpg,dcee0c0b136a4e8a004fef599a4c96f3.jpg,../fashion_data/raw/fashionpedia/annotations/instances_attributes_val2020.json,4701,fashionpedia_ann_4701,shoe,shoe,23,683,1024,232.0,825.0,342.0,958.0,0.0209181689238653,110.0,prd_3_1_v1,core,SEGCORE1_0292,benchmark/prd_3_1_v1/candidates/segmentation_core_stress_v1/masks/core/shoe/SEGCORE1_0292.png,benchmark/prd_3_1_v1/candidates/segmentation_core_stress_v1/overlays/core/shoe/SEGCORE1_0292.jpg,medium_2-10%,>=100,0,unreviewed,PASS,,1,1,1,683,1024,683,1024,1,1,2785,232,825,343,959,0.983596,0.998923,0.190362,,20
Fashionpedia,../fashion_data/raw/fashionpedia/images/test/8b0f9bec3b8c5793bf116e1e5e502072.jpg,8b0f9bec3b8c5793bf116e1e5e502072.jpg,../fashion_data/raw/fashionpedia/annotations/instances_attributes_val2020.json,1830,fashionpedia_ann_1830,shoe,shoe,23,681,1024,305.0,859.0,388.0,953.0,0.011188165381791484,83.0,prd_3_1_v1,core,SEGCORE1_0293,benchmark/prd_3_1_v1/candidates/segmentation_core_stress_v1/masks/core/shoe/SEGCORE1_0293.png,benchmark/prd_3_1_v1/candidates/segmentation_core_stress_v1/overlays/core/shoe/SEGCORE1_0293.jpg,small_0.5-2%,50-99,1,unreviewed,PASS,,1,1,1,681,1024,681,1024,1,1,4447,305,859,388,953,1.000000,1.000000,0.569982,,30
Fashionpedia,../fashion_data/raw/fashionpedia/images/test/18c07033fd67225df16d98e9f6975fc9.jpg,18c07033fd67225df16d98e9f6975fc9.jpg,../fashion_data/raw/fashionpedia/annotations/instances_attributes_val2020.json,5222,fashionpedia_ann_5222,shoe,shoe,23,638,1024,104.0,706.0,242.0,839.0,0.02809377449059561,133.0,prd_3_1_v1,core,SEGCORE1_0294,benchmark/prd_3_1_v1/candidates/segmentation_core_stress_v1/masks/core/shoe/SEGCORE1_0294.png,benchmark/prd_3_1_v1/candidates/segmentation_core_stress_v1/overlays/core/shoe/SEGCORE1_0294.jpg,medium_2-10%,>=100,0,unreviewed,PASS,,1,1,1,638,1024,638,1024,1,1,9607,104,705,243,840,0.978098,0.993234,0.523428,,20
Fashionpedia,../fashion_data/raw/fashionpedia/images/test/c49c54015b966bc7220c18569088e5ea.jpg,c49c54015b966bc7220c18569088e5ea.jpg,../fashion_data/raw/fashionpedia/annotations/instances_attributes_val2020.json,333,fashionpedia_ann_333,shoe,shoe,23,682,1024,18.0,793.0,164.0,860.0,0.01400694189882698,67.0,prd_3_1_v1,core,SEGCORE1_0295,benchmark/prd_3_1_v1/candidates/segmentation_core_stress_v1/masks/core/shoe/SEGCORE1_0295.png,benchmark/prd_3_1_v1/candidates/segmentation_core_stress_v1/overlays/core/shoe/SEGCORE1_0295.jpg,small_0.5-2%,50-99,1,unreviewed,PASS,,1,1,1,682,1024,682,1024,1,1,1549,18,793,165,861,0.978591,0.997418,0.158352,,30
Fashionpedia,../fashion_data/raw/fashionpedia/images/test/347c5d77fb5cea10e3bb9d604b40e141.jpg,347c5d77fb5cea10e3bb9d604b40e141.jpg,../fashion_data/raw/fashionpedia/annotations/instances_attributes_val2020.json,6717,fashionpedia_ann_6717,shoe,shoe,23,768,1024,356.0,686.0,413.0,974.0,0.0208740234375,57.0,prd_3_1_v1,core,SEGCORE1_0296,benchmark/prd_3_1_v1/candidates/segmentation_core_stress_v1/masks/core/shoe/SEGCORE1_0296.png,benchmark/prd_3_1_v1/candidates/segmentation_core_stress_v1/overlays/core/shoe/SEGCORE1_0296.jpg,medium_2-10%,50-99,0,unreviewed,PASS,,1,1,1,768,1024,768,1024,1,1,7602,356,686,414,975,0.979358,0.993291,0.463085,,20
Fashionpedia,../fashion_data/raw/fashionpedia/images/test/e9e415310c10ee05c1ebbf0f013c9269.jpg,e9e415310c10ee05c1ebbf0f013c9269.jpg,../fashion_data/raw/fashionpedia/annotations/instances_attributes_val2020.json,3763,fashionpedia_ann_3763,shoe,shoe,23,1024,682,770.0,128.0,909.0,225.0,0.019306440157624633,97.0,prd_3_1_v1,core,SEGCORE1_0297,benchmark/prd_3_1_v1/candidates/segmentation_core_stress_v1/masks/core/shoe/SEGCORE1_0297.png,benchmark/prd_3_1_v1/candidates/segmentation_core_stress_v1/overlays/core/shoe/SEGCORE1_0297.jpg,small_0.5-2%,50-99,1,unreviewed,PASS,,1,1,1,1024,682,1024,682,1,1,3749,770,128,910,226,0.982726,0.999200,0.278054,,30
Fashionpedia,../fashion_data/raw/fashionpedia/images/test/5d5d3fb33612b0794f06003d8abe2a3e.jpg,5d5d3fb33612b0794f06003d8abe2a3e.jpg,../fashion_data/raw/fashionpedia/annotations/instances_attributes_val2020.json,8012,fashionpedia_ann_8012,shoe,shoe,23,680,1024,321.0,705.0,389.0,961.0,0.025,68.0,prd_3_1_v1,core,SEGCORE1_0298,benchmark/prd_3_1_v1/candidates/segmentation_core_stress_v1/masks/core/shoe/SEGCORE1_0298.png,benchmark/prd_3_1_v1/candidates/segmentation_core_stress_v1/overlays/core/shoe/SEGCORE1_0298.jpg,medium_2-10%,50-99,0,unreviewed,PASS,,1,1,1,680,1024,680,1024,1,1,6640,321,705,389,961,1.000000,1.000000,0.381434,,20
Fashionpedia,../fashion_data/raw/fashionpedia/images/test/bf916c006f8adb3c0a45b5a7bfe4d782.jpg,bf916c006f8adb3c0a45b5a7bfe4d782.jpg,../fashion_data/raw/fashionpedia/annotations/instances_attributes_val2020.json,271,fashionpedia_ann_271,shoe,shoe,23,682,1024,467.0,825.0,580.0,933.0,0.017475027492668622,108.0,prd_3_1_v1,core,SEGCORE1_0299,benchmark/prd_3_1_v1/candidates/segmentation_core_stress_v1/masks/core/shoe/SEGCORE1_0299.png,benchmark/prd_3_1_v1/candidates/segmentation_core_stress_v1/overlays/core/shoe/SEGCORE1_0299.jpg,small_0.5-2%,>=100,1,unreviewed,PASS,,1,1,1,682,1024,682,1024,1,1,3847,467,825,581,934,0.982134,0.998960,0.315225,,30
Fashionpedia,../fashion_data/raw/fashionpedia/images/test/6469f5b56cb9ab713851fcd9116923c1.jpg,6469f5b56cb9ab713851fcd9116923c1.jpg,../fashion_data/raw/fashionpedia/annotations/instances_attributes_val2020.json,4730,fashionpedia_ann_4730,shoe,shoe,23,529,1024,75.0,834.0,144.0,994.0,0.020380434782608696,69.0,prd_3_1_v1,core,SEGCORE1_0300,benchmark/prd_3_1_v1/candidates/segmentation_core_stress_v1/masks/core/shoe/SEGCORE1_0300.png,benchmark/prd_3_1_v1/candidates/segmentation_core_stress_v1/overlays/core/shoe/SEGCORE1_0300.jpg,medium_2-10%,50-99,0,unreviewed,PASS,,1,1,1,529,1024,529,1024,1,1,8312,75,834,145,995,0.979592,0.999639,0.752899,,20
Fashionpedia,../fashion_data/raw/fashionpedia/images/test/1e54ccbc575eac627de68b221913fc52.jpg,1e54ccbc575eac627de68b221913fc52.jpg,../fashion_data/raw/fashionpedia/annotations/instances_attributes_val2020.json,4501,fashionpedia_ann_4501,shoe,shoe,23,1024,1005,446.0,816.0,505.0,934.0,0.006765003109452736,59.0,prd_3_1_v1,core,SEGCORE1_0301,benchmark/prd_3_1_v1/candidates/segmentation_core_stress_v1/masks/core/shoe/SEGCORE1_0301.png,benchmark/prd_3_1_v1/candidates/segmentation_core_stress_v1/overlays/core/shoe/SEGCORE1_0301.jpg,small_0.5-2%,50-99,1,unreviewed,PASS,,1,1,1,1024,1005,1024,1005,1,1,2447,446,816,506,935,0.975070,0.996322,0.351479,,30
Fashionpedia,../fashion_data/raw/fashionpedia/images/test/0617757485dad98ded988c6e101c8bf2.jpg,0617757485dad98ded988c6e101c8bf2.jpg,../fashion_data/raw/fashionpedia/annotations/instances_attributes_val2020.json,1629,fashionpedia_ann_1629,shoe,shoe,23,682,1024,242.0,803.0,374.0,925.0,0.023059475806451613,122.0,prd_3_1_v1,core,SEGCORE1_0302,benchmark/prd_3_1_v1/candidates/segmentation_core_stress_v1/masks/core/shoe/SEGCORE1_0302.png,benchmark/prd_3_1_v1/candidates/segmentation_core_stress_v1/overlays/core/shoe/SEGCORE1_0302.jpg,medium_2-10%,>=100,0,unreviewed,PASS,,1,1,1,682,1024,682,1024,1,1,8974,242,803,374,925,1.000000,1.000000,0.557253,,20
Fashionpedia,../fashion_data/raw/fashionpedia/images/test/c829a692db2ec7013e3eb242b430a2d8.jpg,c829a692db2ec7013e3eb242b430a2d8.jpg,../fashion_data/raw/fashionpedia/annotations/instances_attributes_val2020.json,1821,fashionpedia_ann_1821,shoe,shoe,23,683,1024,299.0,899.0,349.0,971.0,0.0051473279648609075,50.0,prd_3_1_v1,core,SEGCORE1_0303,benchmark/prd_3_1_v1/candidates/segmentation_core_stress_v1/masks/core/shoe/SEGCORE1_0303.png,benchmark/prd_3_1_v1/candidates/segmentation_core_stress_v1/overlays/core/shoe/SEGCORE1_0303.jpg,small_0.5-2%,50-99,1,unreviewed,FLAG,MASK_OUTSIDE_BBOX,1,1,1,683,1024,683,1024,1,1,1173,299,899,350,972,0.966962,0.974425,0.325833,,130
Fashionpedia,../fashion_data/raw/fashionpedia/images/test/ebf78f93576a0c6222dc50801fd113c6.jpg,ebf78f93576a0c6222dc50801fd113c6.jpg,../fashion_data/raw/fashionpedia/annotations/instances_attributes_val2020.json,2463,fashionpedia_ann_2463,shoe,shoe,23,1024,682,288.0,555.0,488.0,627.0,0.02061950146627566,72.0,prd_3_1_v1,core,SEGCORE1_0304,benchmark/prd_3_1_v1/candidates/segmentation_core_stress_v1/masks/core/shoe/SEGCORE1_0304.png,benchmark/prd_3_1_v1/candidates/segmentation_core_stress_v1/overlays/core/shoe/SEGCORE1_0304.jpg,medium_2-10%,50-99,0,unreviewed,PASS,,1,1,1,1024,682,1024,682,1,1,8307,288,555,489,629,0.968132,0.999157,0.576875,,20
Fashionpedia,../fashion_data/raw/fashionpedia/images/test/9a755d94e00922406ee34010fac8eec5.jpg,9a755d94e00922406ee34010fac8eec5.jpg,../fashion_data/raw/fashionpedia/annotations/instances_attributes_val2020.json,5623,fashionpedia_ann_5623,shoe,shoe,23,683,1024,348.0,902.0,403.0,986.0,0.006605737554904832,55.0,prd_3_1_v1,core,SEGCORE1_0305,benchmark/prd_3_1_v1/candidates/segmentation_core_stress_v1/masks/core/shoe/SEGCORE1_0305.png,benchmark/prd_3_1_v1/candidates/segmentation_core_stress_v1/overlays/core/shoe/SEGCORE1_0305.jpg,small_0.5-2%,50-99,1,unreviewed,PASS,,1,1,1,683,1024,683,1024,1,1,1928,348,901,404,987,0.959302,0.993776,0.417316,,30
Fashionpedia,../fashion_data/raw/fashionpedia/images/test/af8be1edbef6e48a88325ebf63cb48f1.jpg,af8be1edbef6e48a88325ebf63cb48f1.jpg,../fashion_data/raw/fashionpedia/annotations/instances_attributes_val2020.json,8766,fashionpedia_ann_8766,shoe,shoe,23,1024,1024,576.0,791.0,747.0,946.0,0.025277137756347656,155.0,prd_3_1_v1,core,SEGCORE1_0306,benchmark/prd_3_1_v1/candidates/segmentation_core_stress_v1/masks/core/shoe/SEGCORE1_0306.png,benchmark/prd_3_1_v1/candidates/segmentation_core_stress_v1/overlays/core/shoe/SEGCORE1_0306.jpg,medium_2-10%,>=100,0,unreviewed,PASS,,1,1,1,1024,1024,1024,1024,1,1,9330,576,791,748,947,0.987813,0.992712,0.352009,,20
Fashionpedia,../fashion_data/raw/fashionpedia/images/test/b71711424f189b2279045ba925231bc8.jpg,b71711424f189b2279045ba925231bc8.jpg,../fashion_data/raw/fashionpedia/annotations/instances_attributes_val2020.json,3233,fashionpedia_ann_3233,shoe,shoe,23,682,1024,319.0,890.0,408.0,987.0,0.012361677510997067,89.0,prd_3_1_v1,core,SEGCORE1_0307,benchmark/prd_3_1_v1/candidates/segmentation_core_stress_v1/masks/core/shoe/SEGCORE1_0307.png,benchmark/prd_3_1_v1/candidates/segmentation_core_stress_v1/overlays/core/shoe/SEGCORE1_0307.jpg,small_0.5-2%,50-99,1,unreviewed,PASS,,1,1,1,682,1024,682,1024,1,1,2840,319,889,409,988,0.968911,0.996127,0.328970,,30
Fashionpedia,../fashion_data/raw/fashionpedia/images/test/cd49344a73f9e61527b4ef120e1ddfd0.jpg,cd49344a73f9e61527b4ef120e1ddfd0.jpg,../fashion_data/raw/fashionpedia/annotations/instances_attributes_val2020.json,6516,fashionpedia_ann_6516,shoe,shoe,23,682,1024,293.0,872.0,526.0,944.0,0.024021719208211143,72.0,prd_3_1_v1,core,SEGCORE1_0308,benchmark/prd_3_1_v1/candidates/segmentation_core_stress_v1/masks/core/shoe/SEGCORE1_0308.png,benchmark/prd_3_1_v1/candidates/segmentation_core_stress_v1/overlays/core/shoe/SEGCORE1_0308.jpg,medium_2-10%,50-99,0,unreviewed,PASS,,1,1,1,682,1024,682,1024,1,1,4182,293,872,527,945,0.982086,0.994739,0.249285,,20
Fashionpedia,../fashion_data/raw/fashionpedia/images/test/b9d34d7ecfc267888ad6eb0f20af3792.jpg,b9d34d7ecfc267888ad6eb0f20af3792.jpg,../fashion_data/raw/fashionpedia/annotations/instances_attributes_val2020.json,7065,fashionpedia_ann_7065,shoe,shoe,23,547,1024,196.0,919.0,247.0,999.0,0.007284049360146252,51.0,prd_3_1_v1,core,SEGCORE1_0309,benchmark/prd_3_1_v1/candidates/segmentation_core_stress_v1/masks/core/shoe/SEGCORE1_0309.png,benchmark/prd_3_1_v1/candidates/segmentation_core_stress_v1/overlays/core/shoe/SEGCORE1_0309.jpg,small_0.5-2%,50-99,1,unreviewed,PASS,,1,1,1,547,1024,547,1024,1,1,3302,196,919,248,1000,0.968661,0.990612,0.809314,,30
Fashionpedia,../fashion_data/raw/fashionpedia/images/test/e9276aedf39f09ebe6ded9e203982fea.jpg,e9276aedf39f09ebe6ded9e203982fea.jpg,../fashion_data/raw/fashionpedia/annotations/instances_attributes_val2020.json,1022,fashionpedia_ann_1022,shoe,shoe,23,514,1024,144.0,888.0,243.0,1003.0,0.02163066938229572,99.0,prd_3_1_v1,core,SEGCORE1_0310,benchmark/prd_3_1_v1/candidates/segmentation_core_stress_v1/masks/core/shoe/SEGCORE1_0310.png,benchmark/prd_3_1_v1/candidates/segmentation_core_stress_v1/overlays/core/shoe/SEGCORE1_0310.jpg,medium_2-10%,50-99,0,unreviewed,PASS,,1,1,1,514,1024,514,1024,1,1,7403,144,888,243,1003,1.000000,1.000000,0.650242,,20
Fashionpedia,../fashion_data/raw/fashionpedia/images/test/030cfd158b49ff622c71bdf9aa30f39a.jpg,030cfd158b49ff622c71bdf9aa30f39a.jpg,../fashion_data/raw/fashionpedia/annotations/instances_attributes_val2020.json,3751,fashionpedia_ann_3751,shoe,shoe,23,682,1024,336.0,867.0,396.0,953.0,0.007388654692082112,60.0,prd_3_1_v1,core,SEGCORE1_0311,benchmark/prd_3_1_v1/candidates/segmentation_core_stress_v1/masks/core/shoe/SEGCORE1_0311.png,benchmark/prd_3_1_v1/candidates/segmentation_core_stress_v1/overlays/core/shoe/SEGCORE1_0311.jpg,small_0.5-2%,50-99,1,unreviewed,PASS,,1,1,1,682,1024,682,1024,1,1,1098,336,865,397,954,0.950451,0.992714,0.212791,,30
Fashionpedia,../fashion_data/raw/fashionpedia/images/test/c31564bf88c1d02aa8cb1e886ccaadef.jpg,c31564bf88c1d02aa8cb1e886ccaadef.jpg,../fashion_data/raw/fashionpedia/annotations/instances_attributes_val2020.json,1307,fashionpedia_ann_1307,shoe,shoe,23,1024,682,258.0,493.0,376.0,642.0,0.025175838526392963,118.0,prd_3_1_v1,core,SEGCORE1_0312,benchmark/prd_3_1_v1/candidates/segmentation_core_stress_v1/masks/core/shoe/SEGCORE1_0312.png,benchmark/prd_3_1_v1/candidates/segmentation_core_stress_v1/overlays/core/shoe/SEGCORE1_0312.jpg,medium_2-10%,>=100,0,unreviewed,PASS,,1,1,1,1024,682,1024,682,1,1,6954,258,493,376,642,1.000000,1.000000,0.395518,,20
Fashionpedia,../fashion_data/raw/fashionpedia/images/test/ac0bb60c85a2a9a02d525f900316cda2.jpg,ac0bb60c85a2a9a02d525f900316cda2.jpg,../fashion_data/raw/fashionpedia/annotations/instances_attributes_val2020.json,2002,fashionpedia_ann_2002,shoe,shoe,23,683,1024,315.0,890.0,365.0,963.0,0.0052188186310395315,50.0,prd_3_1_v1,core,SEGCORE1_0313,benchmark/prd_3_1_v1/candidates/segmentation_core_stress_v1/masks/core/shoe/SEGCORE1_0313.png,benchmark/prd_3_1_v1/candidates/segmentation_core_stress_v1/overlays/core/shoe/SEGCORE1_0313.jpg,small_0.5-2%,50-99,1,unreviewed,PASS,,1,1,1,683,1024,683,1024,1,1,1531,315,890,365,963,1.000000,1.000000,0.419452,,30
Fashionpedia,../fashion_data/raw/fashionpedia/images/test/fb8c9b2e3aa874455182d777418321da.jpg,fb8c9b2e3aa874455182d777418321da.jpg,../fashion_data/raw/fashionpedia/annotations/instances_attributes_val2020.json,1142,fashionpedia_ann_1142,shoe,shoe,23,683,1024,340.0,733.0,427.0,975.0,0.030103289714494875,87.0,prd_3_1_v1,core,SEGCORE1_0314,benchmark/prd_3_1_v1/candidates/segmentation_core_stress_v1/masks/core/shoe/SEGCORE1_0314.png,benchmark/prd_3_1_v1/candidates/segmentation_core_stress_v1/overlays/core/shoe/SEGCORE1_0314.jpg,medium_2-10%,50-99,0,unreviewed,PASS,,1,1,1,683,1024,683,1024,1,1,11443,340,733,428,976,0.984568,0.999650,0.543507,,20
Fashionpedia,../fashion_data/raw/fashionpedia/images/test/18b2f32e876170304b2b6860ae127ba5.jpg,18b2f32e876170304b2b6860ae127ba5.jpg,../fashion_data/raw/fashionpedia/annotations/instances_attributes_val2020.json,8605,fashionpedia_ann_8605,shoe,shoe,23,682,1024,186.0,785.0,262.0,835.0,0.0054412573313782995,50.0,prd_3_1_v1,core,SEGCORE1_0315,benchmark/prd_3_1_v1/candidates/segmentation_core_stress_v1/masks/core/shoe/SEGCORE1_0315.png,benchmark/prd_3_1_v1/candidates/segmentation_core_stress_v1/overlays/core/shoe/SEGCORE1_0315.jpg,small_0.5-2%,50-99,1,unreviewed,PASS,,1,1,1,682,1024,682,1024,1,1,1701,186,785,263,836,0.967660,0.991770,0.447632,,30
Fashionpedia,../fashion_data/raw/fashionpedia/images/test/c4495c86c19fedfdf2fefb74d43fdd6d.jpg,c4495c86c19fedfdf2fefb74d43fdd6d.jpg,../fashion_data/raw/fashionpedia/annotations/instances_attributes_val2020.json,4431,fashionpedia_ann_4431,shoe,shoe,23,594,1024,317.0,801.0,477.0,915.0,0.029987373737373736,114.0,prd_3_1_v1,core,SEGCORE1_0316,benchmark/prd_3_1_v1/candidates/segmentation_core_stress_v1/masks/core/shoe/SEGCORE1_0316.png,benchmark/prd_3_1_v1/candidates/segmentation_core_stress_v1/overlays/core/shoe/SEGCORE1_0316.jpg,medium_2-10%,>=100,0,unreviewed,PASS,,1,1,1,594,1024,594,1024,1,1,8624,317,801,478,916,0.985147,0.996173,0.472807,,20
Fashionpedia,../fashion_data/raw/fashionpedia/images/test/e4de7821071dd5b1baa80bb9813a8895.jpg,e4de7821071dd5b1baa80bb9813a8895.jpg,../fashion_data/raw/fashionpedia/annotations/instances_attributes_val2020.json,8216,fashionpedia_ann_8216,shoe,shoe,23,682,1024,299.0,831.0,351.0,918.0,0.00647796004398827,52.0,prd_3_1_v1,core,SEGCORE1_0317,benchmark/prd_3_1_v1/candidates/segmentation_core_stress_v1/masks/core/shoe/SEGCORE1_0317.png,benchmark/prd_3_1_v1/candidates/segmentation_core_stress_v1/overlays/core/shoe/SEGCORE1_0317.jpg,small_0.5-2%,50-99,1,unreviewed,PASS,,1,1,1,682,1024,682,1024,1,1,670,299,829,352,919,0.948428,0.982090,0.148099,,30
Fashionpedia,../fashion_data/raw/fashionpedia/images/test/7ecf591cf3e21e72ea2718e3869f5768.jpg,7ecf591cf3e21e72ea2718e3869f5768.jpg,../fashion_data/raw/fashionpedia/annotations/instances_attributes_val2020.json,897,fashionpedia_ann_897,shoe,shoe,23,629,1024,256.0,619.0,416.0,720.0,0.025089427662957076,101.0,prd_3_1_v1,core,SEGCORE1_0318,benchmark/prd_3_1_v1/candidates/segmentation_core_stress_v1/masks/core/shoe/SEGCORE1_0318.png,benchmark/prd_3_1_v1/candidates/segmentation_core_stress_v1/overlays/core/shoe/SEGCORE1_0318.jpg,medium_2-10%,>=100,0,unreviewed,PASS,,1,1,1,629,1024,629,1024,1,1,7327,256,619,417,721,0.984046,0.999727,0.453403,,20
Fashionpedia,../fashion_data/raw/fashionpedia/images/test/b0ed46a2ed52c32e7a1c2c47cebf3f70.jpg,b0ed46a2ed52c32e7a1c2c47cebf3f70.jpg,../fashion_data/raw/fashionpedia/annotations/instances_attributes_val2020.json,1997,fashionpedia_ann_1997,shoe,shoe,23,683,1024,336.0,871.0,393.0,936.0,0.005297458363836017,57.0,prd_3_1_v1,core,SEGCORE1_0319,benchmark/prd_3_1_v1/candidates/segmentation_core_stress_v1/masks/core/shoe/SEGCORE1_0319.png,benchmark/prd_3_1_v1/candidates/segmentation_core_stress_v1/overlays/core/shoe/SEGCORE1_0319.jpg,small_0.5-2%,50-99,1,unreviewed,PASS,,1,1,1,683,1024,683,1024,1,1,2847,336,871,394,937,0.967868,0.990516,0.768421,,30
Fashionpedia,../fashion_data/raw/fashionpedia/images/test/f8a4762ebff45ddd567bdb9dbb41d0b6.jpg,f8a4762ebff45ddd567bdb9dbb41d0b6.jpg,../fashion_data/raw/fashionpedia/annotations/instances_attributes_val2020.json,2372,fashionpedia_ann_2372,shoe,shoe,23,681,1024,226.0,821.0,366.0,948.0,0.025496741923641705,127.0,prd_3_1_v1,core,SEGCORE1_0320,benchmark/prd_3_1_v1/candidates/segmentation_core_stress_v1/masks/core/shoe/SEGCORE1_0320.png,benchmark/prd_3_1_v1/candidates/segmentation_core_stress_v1/overlays/core/shoe/SEGCORE1_0320.jpg,medium_2-10%,>=100,0,unreviewed,PASS,,1,1,1,681,1024,681,1024,1,1,11931,226,821,367,949,0.985151,0.999749,0.671035,,20
Fashionpedia,../fashion_data/raw/fashionpedia/images/test/7edab506f7628da58ac683b6b9554d2d.jpg,7edab506f7628da58ac683b6b9554d2d.jpg,../fashion_data/raw/fashionpedia/annotations/instances_attributes_val2020.json,972,fashionpedia_ann_972,shoe,shoe,23,683,1024,298.0,920.0,409.0,973.0,0.008411591782576867,53.0,prd_3_1_v1,core,SEGCORE1_0321,benchmark/prd_3_1_v1/candidates/segmentation_core_stress_v1/masks/core/shoe/SEGCORE1_0321.png,benchmark/prd_3_1_v1/candidates/segmentation_core_stress_v1/overlays/core/shoe/SEGCORE1_0321.jpg,small_0.5-2%,50-99,1,unreviewed,PASS,,1,1,1,683,1024,683,1024,1,1,3698,298,920,409,973,1.000000,1.000000,0.628591,,30
Fashionpedia,../fashion_data/raw/fashionpedia/images/test/5335b8ea8a70be860bc310864bc7d8d1.jpg,5335b8ea8a70be860bc310864bc7d8d1.jpg,../fashion_data/raw/fashionpedia/annotations/instances_attributes_val2020.json,8097,fashionpedia_ann_8097,shoe,shoe,23,1024,682,315.0,466.0,409.0,673.0,0.027862101356304986,94.0,prd_3_1_v1,core,SEGCORE1_0322,benchmark/prd_3_1_v1/candidates/segmentation_core_stress_v1/masks/core/shoe/SEGCORE1_0322.png,benchmark/prd_3_1_v1/candidates/segmentation_core_stress_v1/overlays/core/shoe/SEGCORE1_0322.jpg,medium_2-10%,50-99,0,unreviewed,PASS,,1,1,1,1024,682,1024,682,1,1,8946,315,466,410,674,0.984717,0.999665,0.459759,,20
Fashionpedia,../fashion_data/raw/fashionpedia/images/test/fa798612385be732aa8a70fb56d8bed0.jpg,fa798612385be732aa8a70fb56d8bed0.jpg,../fashion_data/raw/fashionpedia/annotations/instances_attributes_val2020.json,2246,fashionpedia_ann_2246,shoe,shoe,23,629,1024,236.0,847.0,286.0,959.0,0.008694356120826708,50.0,prd_3_1_v1,core,SEGCORE1_0323,benchmark/prd_3_1_v1/candidates/segmentation_core_stress_v1/masks/core/shoe/SEGCORE1_0323.png,benchmark/prd_3_1_v1/candidates/segmentation_core_stress_v1/overlays/core/shoe/SEGCORE1_0323.jpg,small_0.5-2%,50-99,1,unreviewed,PASS,,1,1,1,629,1024,629,1024,1,1,3823,236,847,287,960,0.971716,0.991630,0.682679,,30
Fashionpedia,../fashion_data/raw/fashionpedia/images/test/0205895cfbb5348d94fda8ce32272fa5.jpg,0205895cfbb5348d94fda8ce32272fa5.jpg,../fashion_data/raw/fashionpedia/annotations/instances_attributes_val2020.json,4673,fashionpedia_ann_4673,shoe,shoe,23,683,1024,218.0,874.0,330.0,1022.0,0.023700585651537334,112.0,prd_3_1_v1,core,SEGCORE1_0324,benchmark/prd_3_1_v1/candidates/segmentation_core_stress_v1/masks/core/shoe/SEGCORE1_0324.png,benchmark/prd_3_1_v1/candidates/segmentation_core_stress_v1/overlays/core/shoe/SEGCORE1_0324.jpg,medium_2-10%,>=100,0,unreviewed,PASS,,1,1,1,683,1024,683,1024,1,1,4216,218,874,331,1023,0.984498,0.982922,0.254344,,20
Fashionpedia,../fashion_data/raw/fashionpedia/images/test/e3f702de1a68d8039e2020cbcf7575d2.jpg,e3f702de1a68d8039e2020cbcf7575d2.jpg,../fashion_data/raw/fashionpedia/annotations/instances_attributes_val2020.json,3210,fashionpedia_ann_3210,shoe,shoe,23,683,1024,214.0,828.0,310.0,926.0,0.01345168374816984,96.0,prd_3_1_v1,core,SEGCORE1_0325,benchmark/prd_3_1_v1/candidates/segmentation_core_stress_v1/masks/core/shoe/SEGCORE1_0325.png,benchmark/prd_3_1_v1/candidates/segmentation_core_stress_v1/overlays/core/shoe/SEGCORE1_0325.jpg,small_0.5-2%,50-99,1,unreviewed,PASS,,1,1,1,683,1024,683,1024,1,1,3942,214,828,311,927,0.979694,0.997463,0.419005,,30
Fashionpedia,../fashion_data/raw/fashionpedia/images/test/b3727cc1c8c81af2822bc1750c6d7b74.jpg,b3727cc1c8c81af2822bc1750c6d7b74.jpg,../fashion_data/raw/fashionpedia/annotations/instances_attributes_val2020.json,749,fashionpedia_ann_749,shoe,shoe,23,680,1024,281.0,665.0,435.0,781.0,0.02565487132352941,116.0,prd_3_1_v1,core,SEGCORE1_0326,benchmark/prd_3_1_v1/candidates/segmentation_core_stress_v1/masks/core/shoe/SEGCORE1_0326.png,benchmark/prd_3_1_v1/candidates/segmentation_core_stress_v1/overlays/core/shoe/SEGCORE1_0326.jpg,medium_2-10%,>=100,0,unreviewed,PASS,,1,1,1,680,1024,680,1024,1,1,10551,281,665,435,781,1.000000,1.000000,0.590629,,20
Fashionpedia,../fashion_data/raw/fashionpedia/images/test/e96499ab161b277c35c4db8bb820f070.jpg,e96499ab161b277c35c4db8bb820f070.jpg,../fashion_data/raw/fashionpedia/annotations/instances_attributes_val2020.json,6125,fashionpedia_ann_6125,shoe,shoe,23,681,1024,295.0,826.0,361.0,963.0,0.012966340859030838,66.0,prd_3_1_v1,core,SEGCORE1_0327,benchmark/prd_3_1_v1/candidates/segmentation_core_stress_v1/masks/core/shoe/SEGCORE1_0327.png,benchmark/prd_3_1_v1/candidates/segmentation_core_stress_v1/overlays/core/shoe/SEGCORE1_0327.jpg,small_0.5-2%,50-99,1,unreviewed,PASS,,1,1,1,681,1024,681,1024,1,1,5899,295,826,362,964,0.977936,0.993389,0.652400,,30
Fashionpedia,../fashion_data/raw/fashionpedia/images/test/50ebf72d1294ac64c8ff95ba81d05be7.jpg,50ebf72d1294ac64c8ff95ba81d05be7.jpg,../fashion_data/raw/fashionpedia/annotations/instances_attributes_val2020.json,4974,fashionpedia_ann_4974,shoe,shoe,23,1024,682,731.0,430.0,908.0,566.0,0.03446893328445748,136.0,prd_3_1_v1,core,SEGCORE1_0328,benchmark/prd_3_1_v1/candidates/segmentation_core_stress_v1/masks/core/shoe/SEGCORE1_0328.png,benchmark/prd_3_1_v1/candidates/segmentation_core_stress_v1/overlays/core/shoe/SEGCORE1_0328.jpg,medium_2-10%,>=100,0,unreviewed,PASS,,1,1,1,1024,682,1024,682,1,1,6342,731,430,909,567,0.987124,0.999685,0.263460,,20
Fashionpedia,../fashion_data/raw/fashionpedia/images/test/5dbc92d79e36f8af3824a776b28b97d0.jpg,5dbc92d79e36f8af3824a776b28b97d0.jpg,../fashion_data/raw/fashionpedia/annotations/instances_attributes_val2020.json,1158,fashionpedia_ann_1158,shoe,shoe,23,683,1024,389.0,919.0,481.0,979.0,0.00789256954612006,60.0,prd_3_1_v1,core,SEGCORE1_0329,benchmark/prd_3_1_v1/candidates/segmentation_core_stress_v1/masks/core/shoe/SEGCORE1_0329.png,benchmark/prd_3_1_v1/candidates/segmentation_core_stress_v1/overlays/core/shoe/SEGCORE1_0329.jpg,small_0.5-2%,50-99,1,unreviewed,PASS,,1,1,1,683,1024,683,1024,1,1,2193,389,919,482,980,0.973030,0.996808,0.397283,,30
Fashionpedia,../fashion_data/raw/fashionpedia/images/test/d3288584fffb4caeb8a392304b09ce93.jpg,d3288584fffb4caeb8a392304b09ce93.jpg,../fashion_data/raw/fashionpedia/annotations/instances_attributes_val2020.json,4491,fashionpedia_ann_4491,shoe,shoe,23,1024,678,827.0,492.0,962.0,607.0,0.022361552820796462,115.0,prd_3_1_v1,core,SEGCORE1_0330,benchmark/prd_3_1_v1/candidates/segmentation_core_stress_v1/masks/core/shoe/SEGCORE1_0330.png,benchmark/prd_3_1_v1/candidates/segmentation_core_stress_v1/overlays/core/shoe/SEGCORE1_0330.jpg,medium_2-10%,>=100,0,unreviewed,PASS,,1,1,1,1024,678,1024,678,1,1,9085,827,492,963,608,0.984090,0.995377,0.585185,,20
Fashionpedia,../fashion_data/raw/fashionpedia/images/test/3ae36909e5aa4ad018b2601797debf94.jpg,3ae36909e5aa4ad018b2601797debf94.jpg,../fashion_data/raw/fashionpedia/annotations/instances_attributes_val2020.json,8073,fashionpedia_ann_8073,bag,"bag, wallet",24,682,1024,166.0,566.0,217.0,688.0,0.008909342925219941,51.0,prd_3_1_v1,core,SEGCORE1_0331,benchmark/prd_3_1_v1/candidates/segmentation_core_stress_v1/masks/core/bag/SEGCORE1_0331.png,benchmark/prd_3_1_v1/candidates/segmentation_core_stress_v1/overlays/core/bag/SEGCORE1_0331.jpg,small_0.5-2%,50-99,1,unreviewed,PASS,,1,1,1,682,1024,682,1024,1,1,5122,166,566,218,689,0.972795,0.988676,0.823208,,30
Fashionpedia,../fashion_data/raw/fashionpedia/images/test/4a218fbe91f6d17267cdbb255d4d8900.jpg,4a218fbe91f6d17267cdbb255d4d8900.jpg,../fashion_data/raw/fashionpedia/annotations/instances_attributes_val2020.json,6755,fashionpedia_ann_6755,bag,"bag, wallet",24,1024,1024,348.0,200.0,451.0,555.0,0.03487110137939453,103.0,prd_3_1_v1,core,SEGCORE1_0332,benchmark/prd_3_1_v1/candidates/segmentation_core_stress_v1/masks/core/bag/SEGCORE1_0332.png,benchmark/prd_3_1_v1/candidates/segmentation_core_stress_v1/overlays/core/bag/SEGCORE1_0332.jpg,medium_2-10%,>=100,0,unreviewed,PASS,,1,1,1,1024,1024,1024,1024,1,1,14142,348,200,452,556,0.987603,0.999434,0.386763,,20
Fashionpedia,../fashion_data/raw/fashionpedia/images/test/fa3e88c6a313433dd7884ce0abb5d27e.jpg,fa3e88c6a313433dd7884ce0abb5d27e.jpg,../fashion_data/raw/fashionpedia/annotations/instances_attributes_val2020.json,8697,fashionpedia_ann_8697,bag,"bag, wallet",24,1024,1024,632.0,284.0,815.0,1023.0,0.12897205352783203,183.0,prd_3_1_v1,core,SEGCORE1_0333,benchmark/prd_3_1_v1/candidates/segmentation_core_stress_v1/masks/core/bag/SEGCORE1_0333.png,benchmark/prd_3_1_v1/candidates/segmentation_core_stress_v1/overlays/core/bag/SEGCORE1_0333.jpg,large_>=10%,>=100,0,unreviewed,PASS,,1,1,1,1024,1024,1024,1024,1,1,14457,632,284,816,1024,0.993221,0.998340,0.106901,,20
Fashionpedia,../fashion_data/raw/fashionpedia/images/test/1fd63362ced55967a97a324928583339.jpg,1fd63362ced55967a97a324928583339.jpg,../fashion_data/raw/fashionpedia/annotations/instances_attributes_val2020.json,7567,fashionpedia_ann_7567,bag,"bag, wallet",24,681,1024,242.0,446.0,315.0,526.0,0.008374632892804698,73.0,prd_3_1_v1,core,SEGCORE1_0334,benchmark/prd_3_1_v1/candidates/segmentation_core_stress_v1/masks/core/bag/SEGCORE1_0334.png,benchmark/prd_3_1_v1/candidates/segmentation_core_stress_v1/overlays/core/bag/SEGCORE1_0334.jpg,small_0.5-2%,50-99,1,unreviewed,PASS,,1,1,1,681,1024,681,1024,1,1,4080,242,446,316,527,0.974308,0.996078,0.698630,,30
Fashionpedia,../fashion_data/raw/fashionpedia/images/test/5d7f5a1b4d12d8931d03c3e7e1060689.jpg,5d7f5a1b4d12d8931d03c3e7e1060689.jpg,../fashion_data/raw/fashionpedia/annotations/instances_attributes_val2020.json,6947,fashionpedia_ann_6947,bag,"bag, wallet",24,681,1024,188.0,534.0,299.0,786.0,0.040112197136563874,111.0,prd_3_1_v1,core,SEGCORE1_0335,benchmark/prd_3_1_v1/candidates/segmentation_core_stress_v1/masks/core/bag/SEGCORE1_0335.png,benchmark/prd_3_1_v1/candidates/segmentation_core_stress_v1/overlays/core/bag/SEGCORE1_0335.jpg,medium_2-10%,>=100,0,unreviewed,PASS,,1,1,1,681,1024,681,1024,1,1,19903,188,534,300,787,0.987154,0.999498,0.711533,,20
Fashionpedia,../fashion_data/raw/fashionpedia/images/test/0b915f1e29a2e2dacf96aacd3cb6a3cc.jpg,0b915f1e29a2e2dacf96aacd3cb6a3cc.jpg,../fashion_data/raw/fashionpedia/annotations/instances_attributes_val2020.json,6617,fashionpedia_ann_6617,bag,"bag, wallet",24,1024,683,376.0,238.0,645.0,537.0,0.11500131542825769,269.0,prd_3_1_v1,core,SEGCORE1_0336,benchmark/prd_3_1_v1/candidates/segmentation_core_stress_v1/masks/core/bag/SEGCORE1_0336.png,benchmark/prd_3_1_v1/candidates/segmentation_core_stress_v1/overlays/core/bag/SEGCORE1_0336.jpg,large_>=10%,>=100,0,unreviewed,PASS,,1,1,1,1024,683,1024,683,1,1,45703,376,238,646,538,0.992975,0.999934,0.568226,,20
Fashionpedia,../fashion_data/raw/fashionpedia/images/test/7229de52add8dfb593d50f63cc39df10.jpg,7229de52add8dfb593d50f63cc39df10.jpg,../fashion_data/raw/fashionpedia/annotations/instances_attributes_val2020.json,377,fashionpedia_ann_377,bag,"bag, wallet",24,655,1024,233.0,398.0,318.0,455.0,0.007223580629770993,57.0,prd_3_1_v1,core,SEGCORE1_0337,benchmark/prd_3_1_v1/candidates/segmentation_core_stress_v1/masks/core/bag/SEGCORE1_0337.png,benchmark/prd_3_1_v1/candidates/segmentation_core_stress_v1/overlays/core/bag/SEGCORE1_0337.jpg,small_0.5-2%,50-99,1,unreviewed,PASS,,1,1,1,655,1024,655,1024,1,1,2980,232,398,319,456,0.960166,0.995638,0.615067,,30
Fashionpedia,../fashion_data/raw/fashionpedia/images/test/3990300351c44307a56a9263b1d9f346.jpg,3990300351c44307a56a9263b1d9f346.jpg,../fashion_data/raw/fashionpedia/annotations/instances_attributes_val2020.json,528,fashionpedia_ann_528,bag,"bag, wallet",24,682,1024,77.0,595.0,262.0,949.0,0.09377577437683285,185.0,prd_3_1_v1,core,SEGCORE1_0338,benchmark/prd_3_1_v1/candidates/segmentation_core_stress_v1/masks/core/bag/SEGCORE1_0338.png,benchmark/prd_3_1_v1/candidates/segmentation_core_stress_v1/overlays/core/bag/SEGCORE1_0338.jpg,medium_2-10%,>=100,0,unreviewed,PASS,,1,1,1,682,1024,682,1024,1,1,39277,77,595,263,950,0.991822,0.999822,0.599740,,20
Fashionpedia,../fashion_data/raw/fashionpedia/images/test/e18e46ee82d41e1a8bad90e817212331.jpg,e18e46ee82d41e1a8bad90e817212331.jpg,../fashion_data/raw/fashionpedia/annotations/instances_attributes_val2020.json,7652,fashionpedia_ann_7652,bag,"bag, wallet",24,1024,1024,535.0,268.0,842.0,1023.0,0.22104740142822266,307.0,prd_3_1_v1,core,SEGCORE1_0339,benchmark/prd_3_1_v1/candidates/segmentation_core_stress_v1/masks/core/bag/SEGCORE1_0339.png,benchmark/prd_3_1_v1/candidates/segmentation_core_stress_v1/overlays/core/bag/SEGCORE1_0339.jpg,large_>=10%,>=100,0,unreviewed,PASS,,1,1,1,1024,1024,1024,1024,1,1,14613,535,268,843,1024,0.995435,0.998768,0.063045,,20
Fashionpedia,../fashion_data/raw/fashionpedia/images/test/899f2cf99bf2589cb5f037792f6f35ae.jpg,899f2cf99bf2589cb5f037792f6f35ae.jpg,../fashion_data/raw/fashionpedia/annotations/instances_attributes_val2020.json,1804,fashionpedia_ann_1804,bag,"bag, wallet",24,633,1024,29.0,541.0,130.0,666.0,0.019477253653238547,101.0,prd_3_1_v1,core,SEGCORE1_0340,benchmark/prd_3_1_v1/candidates/segmentation_core_stress_v1/masks/core/bag/SEGCORE1_0340.png,benchmark/prd_3_1_v1/candidates/segmentation_core_stress_v1/overlays/core/bag/SEGCORE1_0340.jpg,small_0.5-2%,>=100,1,unreviewed,PASS,,1,1,1,633,1024,633,1024,1,1,7854,29,541,131,667,0.982337,0.998854,0.622099,,30
Fashionpedia,../fashion_data/raw/fashionpedia/images/test/9a7743d3ea701eb05c5529810f2243a7.jpg,9a7743d3ea701eb05c5529810f2243a7.jpg,../fashion_data/raw/fashionpedia/annotations/instances_attributes_val2020.json,777,fashionpedia_ann_777,bag,"bag, wallet",24,682,1024,251.0,257.0,445.0,609.0,0.09778225806451613,194.0,prd_3_1_v1,core,SEGCORE1_0341,benchmark/prd_3_1_v1/candidates/segmentation_core_stress_v1/masks/core/bag/SEGCORE1_0341.png,benchmark/prd_3_1_v1/candidates/segmentation_core_stress_v1/overlays/core/bag/SEGCORE1_0341.jpg,medium_2-10%,>=100,0,unreviewed,FLAG,VERY_LOW_MASK_FILL,1,1,1,682,1024,682,1024,1,1,2048,251,257,446,611,0.989251,0.997559,0.029991,,120
Fashionpedia,../fashion_data/raw/fashionpedia/images/test/70e000fc740fd51671f257453e5d4ef1.jpg,70e000fc740fd51671f257453e5d4ef1.jpg,../fashion_data/raw/fashionpedia/annotations/instances_attributes_val2020.json,5478,fashionpedia_ann_5478,bag,"bag, wallet",24,683,1024,302.0,272.0,582.0,649.0,0.1509310944363104,280.0,prd_3_1_v1,core,SEGCORE1_0342,benchmark/prd_3_1_v1/candidates/segmentation_core_stress_v1/masks/core/bag/SEGCORE1_0342.png,benchmark/prd_3_1_v1/candidates/segmentation_core_stress_v1/overlays/core/bag/SEGCORE1_0342.jpg,large_>=10%,>=100,0,unreviewed,PASS,,1,1,1,683,1024,683,1024,1,1,8690,302,272,583,650,0.993805,0.998044,0.082323,,20
Fashionpedia,../fashion_data/raw/fashionpedia/images/test/bd8d3293d99b77a3fa0ec0dd058235dc.jpg,bd8d3293d99b77a3fa0ec0dd058235dc.jpg,../fashion_data/raw/fashionpedia/annotations/instances_attributes_val2020.json,7129,fashionpedia_ann_7129,bag,"bag, wallet",24,683,1024,203.0,572.0,258.0,736.0,0.01289691617862372,55.0,prd_3_1_v1,core,SEGCORE1_0343,benchmark/prd_3_1_v1/candidates/segmentation_core_stress_v1/masks/core/bag/SEGCORE1_0343.png,benchmark/prd_3_1_v1/candidates/segmentation_core_stress_v1/overlays/core/bag/SEGCORE1_0343.jpg,small_0.5-2%,50-99,1,unreviewed,PASS,,1,1,1,683,1024,683,1024,1,1,6838,203,572,259,737,0.976190,0.996929,0.758093,,30
Fashionpedia,../fashion_data/raw/fashionpedia/images/test/0c6cf79ffbf7f14a266d0f0f21219447.jpg,0c6cf79ffbf7f14a266d0f0f21219447.jpg,../fashion_data/raw/fashionpedia/annotations/instances_attributes_val2020.json,498,fashionpedia_ann_498,bag,"bag, wallet",24,613,1024,199.0,207.0,260.0,519.0,0.030319637030995106,61.0,prd_3_1_v1,core,SEGCORE1_0344,benchmark/prd_3_1_v1/candidates/segmentation_core_stress_v1/masks/core/bag/SEGCORE1_0344.png,benchmark/prd_3_1_v1/candidates/segmentation_core_stress_v1/overlays/core/bag/SEGCORE1_0344.jpg,medium_2-10%,50-99,0,unreviewed,PASS,,1,1,1,613,1024,613,1024,1,1,856,199,207,262,520,0.965161,0.996495,0.044977,,20
Fashionpedia,../fashion_data/raw/fashionpedia/images/test/a13f7be475e3cf371b342c0f2e320836.jpg,a13f7be475e3cf371b342c0f2e320836.jpg,../fashion_data/raw/fashionpedia/annotations/instances_attributes_val2020.json,9174,fashionpedia_ann_9174,bag,"bag, wallet",24,682,1024,31.0,573.0,210.0,1005.0,0.1107267228739003,179.0,prd_3_1_v1,core,SEGCORE1_0345,benchmark/prd_3_1_v1/candidates/segmentation_core_stress_v1/masks/core/bag/SEGCORE1_0345.png,benchmark/prd_3_1_v1/candidates/segmentation_core_stress_v1/overlays/core/bag/SEGCORE1_0345.jpg,large_>=10%,>=100,0,unreviewed,PASS,,1,1,1,682,1024,682,1024,1,1,46397,31,573,211,1006,0.992148,0.999504,0.600003,,20
Fashionpedia,../fashion_data/raw/fashionpedia/images/test/7d9a766f0de2a8aab3004ac1bee9768f.jpg,7d9a766f0de2a8aab3004ac1bee9768f.jpg,../fashion_data/raw/fashionpedia/annotations/instances_attributes_val2020.json,2616,fashionpedia_ann_2616,bag,"bag, wallet",24,683,1024,216.0,492.0,348.0,597.0,0.019817212664714496,105.0,prd_3_1_v1,core,SEGCORE1_0346,benchmark/prd_3_1_v1/candidates/segmentation_core_stress_v1/masks/core/bag/SEGCORE1_0346.png,benchmark/prd_3_1_v1/candidates/segmentation_core_stress_v1/overlays/core/bag/SEGCORE1_0346.jpg,small_0.5-2%,>=100,1,unreviewed,PASS,,1,1,1,683,1024,683,1024,1,1,8505,216,492,349,598,0.983118,0.998001,0.613636,,30
Fashionpedia,../fashion_data/raw/fashionpedia/images/test/1c1b439e448879f805e8c827605ec96b.jpg,1c1b439e448879f805e8c827605ec96b.jpg,../fashion_data/raw/fashionpedia/annotations/instances_attributes_val2020.json,5455,fashionpedia_ann_5455,bag,"bag, wallet",24,834,1024,168.0,833.0,499.0,1023.0,0.07364030650479617,190.0,prd_3_1_v1,core,SEGCORE1_0347,benchmark/prd_3_1_v1/candidates/segmentation_core_stress_v1/masks/core/bag/SEGCORE1_0347.png,benchmark/prd_3_1_v1/candidates/segmentation_core_stress_v1/overlays/core/bag/SEGCORE1_0347.jpg,medium_2-10%,>=100,0,unreviewed,PASS,,1,1,1,834,1024,834,1024,1,1,32199,168,833,500,1024,0.991768,0.993167,0.511989,,20
Fashionpedia,../fashion_data/raw/fashionpedia/images/test/a4222aa94c4ed6f7e3a36f553505249b.jpg,a4222aa94c4ed6f7e3a36f553505249b.jpg,../fashion_data/raw/fashionpedia/annotations/instances_attributes_val2020.json,3141,fashionpedia_ann_3141,bag,"bag, wallet",24,1024,680,509.0,232.0,818.0,565.0,0.14777257582720588,309.0,prd_3_1_v1,core,SEGCORE1_0348,benchmark/prd_3_1_v1/candidates/segmentation_core_stress_v1/masks/core/bag/SEGCORE1_0348.png,benchmark/prd_3_1_v1/candidates/segmentation_core_stress_v1/overlays/core/bag/SEGCORE1_0348.jpg,large_>=10%,>=100,0,unreviewed,PASS,,1,1,1,1024,680,1024,680,1,1,36852,509,232,819,566,0.993790,0.999294,0.358145,,20
Fashionpedia,../fashion_data/raw/fashionpedia/images/test/0544acba02e8776a56fde74f83633c21.jpg,0544acba02e8776a56fde74f83633c21.jpg,../fashion_data/raw/fashionpedia/annotations/instances_attributes_val2020.json,141,fashionpedia_ann_141,bag,"bag, wallet",24,1024,576,287.0,221.0,358.0,379.0,0.019019232855902776,71.0,prd_3_1_v1,core,SEGCORE1_0349,benchmark/prd_3_1_v1/candidates/segmentation_core_stress_v1/masks/core/bag/SEGCORE1_0349.png,benchmark/prd_3_1_v1/candidates/segmentation_core_stress_v1/overlays/core/bag/SEGCORE1_0349.jpg,small_0.5-2%,50-99,1,unreviewed,PASS,,1,1,1,1024,576,1024,576,1,1,2129,287,221,359,380,0.979909,0.993424,0.189784,,30
Fashionpedia,../fashion_data/raw/fashionpedia/images/test/8fd977cccd42dde5ebe8785b3929f801.jpg,8fd977cccd42dde5ebe8785b3929f801.jpg,../fashion_data/raw/fashionpedia/annotations/instances_attributes_val2020.json,1602,fashionpedia_ann_1602,bag,"bag, wallet",24,682,1024,255.0,423.0,387.0,723.0,0.05670362903225806,132.0,prd_3_1_v1,core,SEGCORE1_0350,benchmark/prd_3_1_v1/candidates/segmentation_core_stress_v1/masks/core/bag/SEGCORE1_0350.png,benchmark/prd_3_1_v1/candidates/segmentation_core_stress_v1/overlays/core/bag/SEGCORE1_0350.jpg,medium_2-10%,>=100,0,unreviewed,PASS,,1,1,1,682,1024,682,1024,1,1,8778,255,423,388,724,0.989184,0.999658,0.221667,,20
Fashionpedia,../fashion_data/raw/fashionpedia/images/test/e58b172581a1b2e4d7ed70620b23d2be.jpg,e58b172581a1b2e4d7ed70620b23d2be.jpg,../fashion_data/raw/fashionpedia/annotations/instances_attributes_val2020.json,3471,fashionpedia_ann_3471,bag,"bag, wallet",24,683,1024,389.0,480.0,603.0,1016.0,0.1640053074670571,214.0,prd_3_1_v1,core,SEGCORE1_0351,benchmark/prd_3_1_v1/candidates/segmentation_core_stress_v1/masks/core/bag/SEGCORE1_0351.png,benchmark/prd_3_1_v1/candidates/segmentation_core_stress_v1/overlays/core/bag/SEGCORE1_0351.jpg,large_>=10%,>=100,0,unreviewed,PASS,,1,1,1,683,1024,683,1024,1,1,41614,389,480,603,1016,1.000000,1.000000,0.362795,,20
Fashionpedia,../fashion_data/raw/fashionpedia/images/test/e1c633bb82c74fbfc7504a7186c97751.jpg,e1c633bb82c74fbfc7504a7186c97751.jpg,../fashion_data/raw/fashionpedia/annotations/instances_attributes_val2020.json,5803,fashionpedia_ann_5803,bag,"bag, wallet",24,680,1024,287.0,237.0,352.0,369.0,0.012321920955882353,65.0,prd_3_1_v1,core,SEGCORE1_0352,benchmark/prd_3_1_v1/candidates/segmentation_core_stress_v1/masks/core/bag/SEGCORE1_0352.png,benchmark/prd_3_1_v1/candidates/segmentation_core_stress_v1/overlays/core/bag/SEGCORE1_0352.jpg,small_0.5-2%,50-99,1,unreviewed,PASS,,1,1,1,680,1024,680,1024,1,1,5452,287,237,353,370,0.977444,0.999450,0.635431,,30
Fashionpedia,../fashion_data/raw/fashionpedia/images/test/5285f0cc22e6b24ebf7597921f1e792f.jpg,5285f0cc22e6b24ebf7597921f1e792f.jpg,../fashion_data/raw/fashionpedia/annotations/instances_attributes_val2020.json,6776,fashionpedia_ann_6776,bag,"bag, wallet",24,1024,1024,651.0,572.0,764.0,1023.0,0.04860210418701172,113.0,prd_3_1_v1,core,SEGCORE1_0353,benchmark/prd_3_1_v1/candidates/segmentation_core_stress_v1/masks/core/bag/SEGCORE1_0353.png,benchmark/prd_3_1_v1/candidates/segmentation_core_stress_v1/overlays/core/bag/SEGCORE1_0353.jpg,medium_2-10%,>=100,0,unreviewed,PASS,,1,1,1,1024,1024,1024,1024,1,1,8960,651,571,765,1024,0.986852,0.994085,0.175814,,20
Fashionpedia,../fashion_data/raw/fashionpedia/images/test/26168da8556dab9641084df526c39ced.jpg,26168da8556dab9641084df526c39ced.jpg,../fashion_data/raw/fashionpedia/annotations/instances_attributes_val2020.json,6904,fashionpedia_ann_6904,bag,"bag, wallet",24,682,1024,111.0,216.0,378.0,569.0,0.13495893282624633,267.0,prd_3_1_v1,core,SEGCORE1_0354,benchmark/prd_3_1_v1/candidates/segmentation_core_stress_v1/masks/core/bag/SEGCORE1_0354.png,benchmark/prd_3_1_v1/candidates/segmentation_core_stress_v1/overlays/core/bag/SEGCORE1_0354.jpg,large_>=10%,>=100,0,unreviewed,PASS,,1,1,1,682,1024,682,1024,1,1,43403,111,216,379,570,0.993454,0.999747,0.460504,,20
Fashionpedia,../fashion_data/raw/fashionpedia/images/test/219a6c846e208bbad39f71ddab96408a.jpg,219a6c846e208bbad39f71ddab96408a.jpg,../fashion_data/raw/fashionpedia/annotations/instances_attributes_val2020.json,3153,fashionpedia_ann_3153,bag,"bag, wallet",24,682,1024,309.0,524.0,382.0,634.0,0.011498235887096774,73.0,prd_3_1_v1,core,SEGCORE1_0355,benchmark/prd_3_1_v1/candidates/segmentation_core_stress_v1/masks/core/bag/SEGCORE1_0355.png,benchmark/prd_3_1_v1/candidates/segmentation_core_stress_v1/overlays/core/bag/SEGCORE1_0355.jpg,small_0.5-2%,50-99,1,unreviewed,PASS,,1,1,1,682,1024,682,1024,1,1,3187,309,523,383,635,0.968871,0.996862,0.396887,,30
Fashionpedia,../fashion_data/raw/fashionpedia/images/test/0ba0216e6879f8b433d0897a77cff984.jpg,0ba0216e6879f8b433d0897a77cff984.jpg,../fashion_data/raw/fashionpedia/annotations/instances_attributes_val2020.json,3969,fashionpedia_ann_3969,bag,"bag, wallet",24,1024,683,487.0,233.0,759.0,458.0,0.08750457540263543,225.0,prd_3_1_v1,core,SEGCORE1_0356,benchmark/prd_3_1_v1/candidates/segmentation_core_stress_v1/masks/core/bag/SEGCORE1_0356.png,benchmark/prd_3_1_v1/candidates/segmentation_core_stress_v1/overlays/core/bag/SEGCORE1_0356.jpg,medium_2-10%,>=100,0,unreviewed,PASS,,1,1,1,1024,683,1024,683,1,1,24255,487,233,760,459,0.991928,0.999918,0.396324,,20
Fashionpedia,../fashion_data/raw/fashionpedia/images/test/e6468d04328e93755f40b49190b3f801.jpg,e6468d04328e93755f40b49190b3f801.jpg,../fashion_data/raw/fashionpedia/annotations/instances_attributes_val2020.json,1058,fashionpedia_ann_1058,bag,"bag, wallet",24,1024,680,363.0,229.0,582.0,679.0,0.14152975643382354,219.0,prd_3_1_v1,core,SEGCORE1_0357,benchmark/prd_3_1_v1/candidates/segmentation_core_stress_v1/masks/core/bag/SEGCORE1_0357.png,benchmark/prd_3_1_v1/candidates/segmentation_core_stress_v1/overlays/core/bag/SEGCORE1_0357.jpg,large_>=10%,>=100,0,unreviewed,PASS,,1,1,1,1024,680,1024,680,1,1,19182,363,229,583,680,0.993247,0.986706,0.194642,,20
Fashionpedia,../fashion_data/raw/fashionpedia/images/test/bc6426e3f3df37ba4b2a84b808c20152.jpg,bc6426e3f3df37ba4b2a84b808c20152.jpg,../fashion_data/raw/fashionpedia/annotations/instances_attributes_val2020.json,3111,fashionpedia_ann_3111,bag,"bag, wallet",24,683,1024,417.0,578.0,504.0,688.0,0.01368331350658858,87.0,prd_3_1_v1,core,SEGCORE1_0358,benchmark/prd_3_1_v1/candidates/segmentation_core_stress_v1/masks/core/bag/SEGCORE1_0358.png,benchmark/prd_3_1_v1/candidates/segmentation_core_stress_v1/overlays/core/bag/SEGCORE1_0358.jpg,small_0.5-2%,50-99,1,unreviewed,PASS,,1,1,1,683,1024,683,1024,1,1,7069,417,578,505,689,0.979730,0.999293,0.738662,,30
Fashionpedia,../fashion_data/raw/fashionpedia/images/test/f33e666940ab7cb29212a29d4feda8ad.jpg,f33e666940ab7cb29212a29d4feda8ad.jpg,../fashion_data/raw/fashionpedia/annotations/instances_attributes_val2020.json,3078,fashionpedia_ann_3078,bag,"bag, wallet",24,683,1024,151.0,247.0,353.0,450.0,0.05863092514641288,202.0,prd_3_1_v1,core,SEGCORE1_0359,benchmark/prd_3_1_v1/candidates/segmentation_core_stress_v1/masks/core/bag/SEGCORE1_0359.png,benchmark/prd_3_1_v1/candidates/segmentation_core_stress_v1/overlays/core/bag/SEGCORE1_0359.jpg,medium_2-10%,>=100,0,unreviewed,PASS,,1,1,1,683,1024,683,1024,1,1,10949,151,246,354,451,0.985366,0.998813,0.267010,,20
Fashionpedia,../fashion_data/raw/fashionpedia/images/test/05bf5bc41fc3f6e18507faac19298273.jpg,05bf5bc41fc3f6e18507faac19298273.jpg,../fashion_data/raw/fashionpedia/annotations/instances_attributes_val2020.json,3401,fashionpedia_ann_3401,bag,"bag, wallet",24,680,1024,268.0,350.0,506.0,657.0,0.104931640625,238.0,prd_3_1_v1,core,SEGCORE1_0360,benchmark/prd_3_1_v1/candidates/segmentation_core_stress_v1/masks/core/bag/SEGCORE1_0360.png,benchmark/prd_3_1_v1/candidates/segmentation_core_stress_v1/overlays/core/bag/SEGCORE1_0360.jpg,large_>=10%,>=100,0,unreviewed,PASS,,1,1,1,680,1024,680,1024,1,1,40828,268,350,507,658,0.992583,0.999682,0.558782,,20
Fashionpedia,../fashion_data/raw/fashionpedia/images/test/fa8cbbf127e163a2f512399049509d90.jpg,fa8cbbf127e163a2f512399049509d90.jpg,../fashion_data/raw/fashionpedia/annotations/instances_attributes_val2020.json,2024,fashionpedia_ann_2024,bag,"bag, wallet",24,682,1024,359.0,289.0,436.0,405.0,0.012789818548387098,77.0,prd_3_1_v1,core,SEGCORE1_0361,benchmark/prd_3_1_v1/candidates/segmentation_core_stress_v1/masks/core/bag/SEGCORE1_0361.png,benchmark/prd_3_1_v1/candidates/segmentation_core_stress_v1/overlays/core/bag/SEGCORE1_0361.jpg,small_0.5-2%,50-99,1,unreviewed,PASS,,1,1,1,682,1024,682,1024,1,1,2314,359,289,437,406,0.978742,0.985739,0.259069,,30
Fashionpedia,../fashion_data/raw/fashionpedia/images/test/02b4423e161fa2409974174ec53cdb2a.jpg,02b4423e161fa2409974174ec53cdb2a.jpg,../fashion_data/raw/fashionpedia/annotations/instances_attributes_val2020.json,8391,fashionpedia_ann_8391,bag,"bag, wallet",24,682,1024,109.0,538.0,219.0,740.0,0.03181703629032258,110.0,prd_3_1_v1,core,SEGCORE1_0362,benchmark/prd_3_1_v1/candidates/segmentation_core_stress_v1/masks/core/bag/SEGCORE1_0362.png,benchmark/prd_3_1_v1/candidates/segmentation_core_stress_v1/overlays/core/bag/SEGCORE1_0362.jpg,medium_2-10%,>=100,0,unreviewed,PASS,,1,1,1,682,1024,682,1024,1,1,7224,109,538,220,741,0.986109,0.999585,0.325113,,20
Fashionpedia,../fashion_data/raw/fashionpedia/images/test/91d2989ccce4a5b3e4789f48b4e05a68.jpg,91d2989ccce4a5b3e4789f48b4e05a68.jpg,../fashion_data/raw/fashionpedia/annotations/instances_attributes_val2020.json,2999,fashionpedia_ann_2999,bag,"bag, wallet",24,681,1024,294.0,883.0,387.0,1023.0,0.018670842511013214,93.0,prd_3_1_v1,core,SEGCORE1_0363,benchmark/prd_3_1_v1/candidates/segmentation_core_stress_v1/masks/core/bag/SEGCORE1_0363.png,benchmark/prd_3_1_v1/candidates/segmentation_core_stress_v1/overlays/core/bag/SEGCORE1_0363.jpg,small_0.5-2%,50-99,1,unreviewed,PASS,,1,1,1,681,1024,681,1024,1,1,3788,294,883,388,1024,0.982345,0.993664,0.290937,,30
Fashionpedia,../fashion_data/raw/fashionpedia/images/test/1ee26a858200fa98bef04c950dad233a.jpg,1ee26a858200fa98bef04c950dad233a.jpg,../fashion_data/raw/fashionpedia/annotations/instances_attributes_val2020.json,1171,fashionpedia_ann_1171,bag,"bag, wallet",24,682,1024,209.0,381.0,297.0,701.0,0.04032258064516129,88.0,prd_3_1_v1,core,SEGCORE1_0364,benchmark/prd_3_1_v1/candidates/segmentation_core_stress_v1/masks/core/bag/SEGCORE1_0364.png,benchmark/prd_3_1_v1/candidates/segmentation_core_stress_v1/overlays/core/bag/SEGCORE1_0364.jpg,medium_2-10%,50-99,0,unreviewed,PASS,,1,1,1,682,1024,682,1024,1,1,8467,209,381,298,702,0.985684,0.997992,0.300675,,20
Fashionpedia,../fashion_data/raw/fashionpedia/images/test/de92afe62c9c4670a48c6c3e43440323.jpg,de92afe62c9c4670a48c6c3e43440323.jpg,../fashion_data/raw/fashionpedia/annotations/instances_attributes_val2020.json,3574,fashionpedia_ann_3574,bag,"bag, wallet",24,1024,682,513.0,199.0,593.0,343.0,0.016495601173020527,80.0,prd_3_1_v1,core,SEGCORE1_0365,benchmark/prd_3_1_v1/candidates/segmentation_core_stress_v1/masks/core/bag/SEGCORE1_0365.png,benchmark/prd_3_1_v1/candidates/segmentation_core_stress_v1/overlays/core/bag/SEGCORE1_0365.jpg,small_0.5-2%,50-99,1,unreviewed,PASS,,1,1,1,1024,682,1024,682,1,1,1968,513,198,594,344,0.974125,0.993902,0.170833,,30
Fashionpedia,../fashion_data/raw/fashionpedia/images/test/78c76bd3d70e760b4b59fde91b1cc03f.jpg,78c76bd3d70e760b4b59fde91b1cc03f.jpg,../fashion_data/raw/fashionpedia/annotations/instances_attributes_val2020.json,7859,fashionpedia_ann_7859,bag,"bag, wallet",24,1024,912,657.0,314.0,808.0,582.0,0.04333281935307018,151.0,prd_3_1_v1,core,SEGCORE1_0366,benchmark/prd_3_1_v1/candidates/segmentation_core_stress_v1/masks/core/bag/SEGCORE1_0366.png,benchmark/prd_3_1_v1/candidates/segmentation_core_stress_v1/overlays/core/bag/SEGCORE1_0366.jpg,medium_2-10%,>=100,0,unreviewed,PASS,,1,1,1,1024,912,1024,912,1,1,16053,657,314,809,583,0.989728,0.999003,0.396684,,20
Fashionpedia,../fashion_data/raw/fashionpedia/images/test/590d516a191a9f1013976798dda97d36.jpg,590d516a191a9f1013976798dda97d36.jpg,../fashion_data/raw/fashionpedia/annotations/instances_attributes_val2020.json,3535,fashionpedia_ann_3535,bag,"bag, wallet",24,1024,1024,742.0,262.0,842.0,1001.0,0.07047653198242188,100.0,prd_3_1_v1,core,SEGCORE1_0367,benchmark/prd_3_1_v1/candidates/segmentation_core_stress_v1/masks/core/bag/SEGCORE1_0367.png,benchmark/prd_3_1_v1/candidates/segmentation_core_stress_v1/overlays/core/bag/SEGCORE1_0367.jpg,medium_2-10%,>=100,0,unreviewed,PASS,,1,1,1,1024,1024,1024,1024,1,1,23908,742,262,843,1002,0.988761,0.998243,0.323518,,20
Fashionpedia,../fashion_data/raw/fashionpedia/images/test/4aa6626a5183e3072b74ee07f75e07b6.jpg,4aa6626a5183e3072b74ee07f75e07b6.jpg,../fashion_data/raw/fashionpedia/annotations/instances_attributes_val2020.json,578,fashionpedia_ann_578,bag,"bag, wallet",24,682,1024,327.0,193.0,450.0,486.0,0.05160459814882698,123.0,prd_3_1_v1,core,SEGCORE1_0368,benchmark/prd_3_1_v1/candidates/segmentation_core_stress_v1/masks/core/bag/SEGCORE1_0368.png,benchmark/prd_3_1_v1/candidates/segmentation_core_stress_v1/overlays/core/bag/SEGCORE1_0368.jpg,medium_2-10%,>=100,0,unreviewed,PASS,,1,1,1,682,1024,682,1024,1,1,6579,327,193,451,487,0.988562,0.998784,0.182552,,20
Fashionpedia,../fashion_data/raw/fashionpedia/images/test/5446d1fd42c4c2baac5bc3ae647b2f7d.jpg,5446d1fd42c4c2baac5bc3ae647b2f7d.jpg,../fashion_data/raw/fashionpedia/annotations/instances_attributes_val2020.json,3374,fashionpedia_ann_3374,bag,"bag, wallet",24,1024,725,556.0,335.0,645.0,676.0,0.04087957974137931,89.0,prd_3_1_v1,core,SEGCORE1_0369,benchmark/prd_3_1_v1/candidates/segmentation_core_stress_v1/masks/core/bag/SEGCORE1_0369.png,benchmark/prd_3_1_v1/candidates/segmentation_core_stress_v1/overlays/core/bag/SEGCORE1_0369.jpg,medium_2-10%,50-99,0,unreviewed,PASS,,1,1,1,1024,725,1024,725,1,1,8304,556,335,646,677,0.985997,0.998796,0.273617,,20
Fashionpedia,../fashion_data/raw/fashionpedia/images/test/eb20c87403d09323d402b3461afbdb0e.jpg,eb20c87403d09323d402b3461afbdb0e.jpg,../fashion_data/raw/fashionpedia/annotations/instances_attributes_val2020.json,8409,fashionpedia_ann_8409,bag,"bag, wallet",24,597,1024,139.0,214.0,237.0,516.0,0.04841263609715243,98.0,prd_3_1_v1,core,SEGCORE1_0370,benchmark/prd_3_1_v1/candidates/segmentation_core_stress_v1/masks/core/bag/SEGCORE1_0370.png,benchmark/prd_3_1_v1/candidates/segmentation_core_stress_v1/overlays/core/bag/SEGCORE1_0370.jpg,medium_2-10%,50-99,0,unreviewed,PASS,,1,1,1,597,1024,597,1024,1,1,7302,139,214,238,519,0.980162,0.998631,0.246723,,20
Fashionpedia,../fashion_data/raw/fashionpedia/images/test/25e92d53394ac92b6b9edbbfe7cb0e1e.jpg,25e92d53394ac92b6b9edbbfe7cb0e1e.jpg,../fashion_data/raw/fashionpedia/annotations/instances_attributes_val2020.json,8795,fashionpedia_ann_8795,bag,"bag, wallet",24,615,1024,489.0,520.0,614.0,629.0,0.02163522611788618,109.0,prd_3_1_v1,core,SEGCORE1_0371,benchmark/prd_3_1_v1/candidates/segmentation_core_stress_v1/masks/core/bag/SEGCORE1_0371.png,benchmark/prd_3_1_v1/candidates/segmentation_core_stress_v1/overlays/core/bag/SEGCORE1_0371.jpg,medium_2-10%,>=100,0,unreviewed,PASS,,1,1,1,615,1024,615,1024,1,1,9970,489,520,615,630,0.983045,0.990572,0.731743,,20
Fashionpedia,../fashion_data/raw/fashionpedia/images/test/2bb3700b00be0b5dc63b73da24501546.jpg,2bb3700b00be0b5dc63b73da24501546.jpg,../fashion_data/raw/fashionpedia/annotations/instances_attributes_val2020.json,6562,fashionpedia_ann_6562,bag,"bag, wallet",24,802,1024,197.0,774.0,438.0,1005.0,0.06778829293952618,231.0,prd_3_1_v1,core,SEGCORE1_0372,benchmark/prd_3_1_v1/candidates/segmentation_core_stress_v1/masks/core/bag/SEGCORE1_0372.png,benchmark/prd_3_1_v1/candidates/segmentation_core_stress_v1/overlays/core/bag/SEGCORE1_0372.jpg,medium_2-10%,>=100,0,unreviewed,PASS,,1,1,1,802,1024,802,1024,1,1,43719,197,774,439,1006,0.991575,0.999428,0.785310,,20
Fashionpedia,../fashion_data/raw/fashionpedia/images/test/6e2652e279a03035a8a0190ba461d247.jpg,6e2652e279a03035a8a0190ba461d247.jpg,../fashion_data/raw/fashionpedia/annotations/instances_attributes_val2020.json,8421,fashionpedia_ann_8421,bag,"bag, wallet",24,721,1024,101.0,226.0,211.0,507.0,0.041866223127600556,110.0,prd_3_1_v1,core,SEGCORE1_0373,benchmark/prd_3_1_v1/candidates/segmentation_core_stress_v1/masks/core/bag/SEGCORE1_0373.png,benchmark/prd_3_1_v1/candidates/segmentation_core_stress_v1/overlays/core/bag/SEGCORE1_0373.jpg,medium_2-10%,>=100,0,unreviewed,PASS,,1,1,1,721,1024,721,1024,1,1,9515,101,226,212,508,0.987477,0.998529,0.307829,,20
Fashionpedia,../fashion_data/raw/fashionpedia/images/test/c61d5cca2c2a6e5f06a6ff26689e8f89.jpg,c61d5cca2c2a6e5f06a6ff26689e8f89.jpg,../fashion_data/raw/fashionpedia/annotations/instances_attributes_val2020.json,2332,fashionpedia_ann_2332,bag,"bag, wallet",24,683,1024,251.0,233.0,319.0,510.0,0.026931963762811127,68.0,prd_3_1_v1,core,SEGCORE1_0374,benchmark/prd_3_1_v1/candidates/segmentation_core_stress_v1/masks/core/bag/SEGCORE1_0374.png,benchmark/prd_3_1_v1/candidates/segmentation_core_stress_v1/overlays/core/bag/SEGCORE1_0374.jpg,medium_2-10%,50-99,0,unreviewed,PASS,,1,1,1,683,1024,683,1024,1,1,4447,251,233,321,511,0.967934,0.998201,0.236090,,20
Fashionpedia,../fashion_data/raw/fashionpedia/images/test/6f7e3162e9690967035c75bdbb9b0aea.jpg,6f7e3162e9690967035c75bdbb9b0aea.jpg,../fashion_data/raw/fashionpedia/annotations/instances_attributes_val2020.json,6958,fashionpedia_ann_6958,bag,"bag, wallet",24,1024,683,237.0,151.0,402.0,413.0,0.061810829978038065,165.0,prd_3_1_v1,core,SEGCORE1_0375,benchmark/prd_3_1_v1/candidates/segmentation_core_stress_v1/masks/core/bag/SEGCORE1_0375.png,benchmark/prd_3_1_v1/candidates/segmentation_core_stress_v1/overlays/core/bag/SEGCORE1_0375.jpg,medium_2-10%,>=100,0,unreviewed,PASS,,1,1,1,1024,683,1024,683,1,1,10165,237,151,403,414,0.990197,0.999410,0.235138,,20
Fashionpedia,../fashion_data/raw/fashionpedia/images/test/42668f83c24465ba79d25eb2a8790050.jpg,42668f83c24465ba79d25eb2a8790050.jpg,../fashion_data/raw/fashionpedia/annotations/instances_attributes_val2020.json,7324,fashionpedia_ann_7324,bag,"bag, wallet",24,682,1024,250.0,148.0,391.0,380.0,0.04684063416422287,141.0,prd_3_1_v1,core,SEGCORE1_0376,benchmark/prd_3_1_v1/candidates/segmentation_core_stress_v1/masks/core/bag/SEGCORE1_0376.png,benchmark/prd_3_1_v1/candidates/segmentation_core_stress_v1/overlays/core/bag/SEGCORE1_0376.jpg,medium_2-10%,>=100,0,unreviewed,PASS,,1,1,1,682,1024,682,1024,1,1,6898,250,148,392,381,0.988696,0.997825,0.210871,,20
Fashionpedia,../fashion_data/raw/fashionpedia/images/test/b6b563c14cfb7911932d24d22ffe5041.jpg,b6b563c14cfb7911932d24d22ffe5041.jpg,../fashion_data/raw/fashionpedia/annotations/instances_attributes_val2020.json,7874,fashionpedia_ann_7874,bag,"bag, wallet",24,768,1024,301.0,197.0,405.0,582.0,0.050913492838541664,104.0,prd_3_1_v1,core,SEGCORE1_0377,benchmark/prd_3_1_v1/candidates/segmentation_core_stress_v1/masks/core/bag/SEGCORE1_0377.png,benchmark/prd_3_1_v1/candidates/segmentation_core_stress_v1/overlays/core/bag/SEGCORE1_0377.jpg,medium_2-10%,>=100,0,unreviewed,PASS,,1,1,1,768,1024,768,1024,1,1,6047,300,197,406,583,0.978590,0.999173,0.151024,,20
Fashionpedia,../fashion_data/raw/fashionpedia/images/test/8623733272199d95726231fd6dcdc7bf.jpg,8623733272199d95726231fd6dcdc7bf.jpg,../fashion_data/raw/fashionpedia/annotations/instances_attributes_val2020.json,7482,fashionpedia_ann_7482,bag,"bag, wallet",24,712,1024,251.0,218.0,329.0,482.0,0.028243504213483147,78.0,prd_3_1_v1,core,SEGCORE1_0378,benchmark/prd_3_1_v1/candidates/segmentation_core_stress_v1/masks/core/bag/SEGCORE1_0378.png,benchmark/prd_3_1_v1/candidates/segmentation_core_stress_v1/overlays/core/bag/SEGCORE1_0378.jpg,medium_2-10%,50-99,0,unreviewed,PASS,,1,1,1,712,1024,712,1024,1,1,7990,251,218,330,484,0.979918,0.999499,0.388015,,20
Fashionpedia,../fashion_data/raw/fashionpedia/images/test/ce07236c7bdb9f4d04df57c3a7967959.jpg,ce07236c7bdb9f4d04df57c3a7967959.jpg,../fashion_data/raw/fashionpedia/annotations/instances_attributes_val2020.json,4714,fashionpedia_ann_4714,bag,"bag, wallet",24,538,1024,335.0,410.0,495.0,605.0,0.056633364312267655,160.0,prd_3_1_v1,core,SEGCORE1_0379,benchmark/prd_3_1_v1/candidates/segmentation_core_stress_v1/masks/core/bag/SEGCORE1_0379.png,benchmark/prd_3_1_v1/candidates/segmentation_core_stress_v1/overlays/core/bag/SEGCORE1_0379.jpg,medium_2-10%,>=100,0,unreviewed,PASS,,1,1,1,538,1024,538,1024,1,1,20993,335,410,496,606,0.988718,0.998714,0.672853,,20
Fashionpedia,../fashion_data/raw/fashionpedia/images/test/65cb75a24d64e835888e2824b1baaacc.jpg,65cb75a24d64e835888e2824b1baaacc.jpg,../fashion_data/raw/fashionpedia/annotations/instances_attributes_val2020.json,2212,fashionpedia_ann_2212,bag,"bag, wallet",24,1024,683,262.0,447.0,437.0,682.0,0.05880107293191801,175.0,prd_3_1_v1,core,SEGCORE1_0380,benchmark/prd_3_1_v1/candidates/segmentation_core_stress_v1/masks/core/bag/SEGCORE1_0380.png,benchmark/prd_3_1_v1/candidates/segmentation_core_stress_v1/overlays/core/bag/SEGCORE1_0380.jpg,medium_2-10%,>=100,0,unreviewed,PASS,,1,1,1,1024,683,1024,683,1,1,24255,262,447,438,683,0.990105,0.993074,0.589787,,20
Fashionpedia,../fashion_data/raw/fashionpedia/images/test/981fa1400f6240e4a3d5082b95b667a2.jpg,981fa1400f6240e4a3d5082b95b667a2.jpg,../fashion_data/raw/fashionpedia/annotations/instances_attributes_val2020.json,5913,fashionpedia_ann_5913,bag,"bag, wallet",24,683,1024,46.0,535.0,129.0,786.0,0.02978730096998536,83.0,prd_3_1_v1,core,SEGCORE1_0381,benchmark/prd_3_1_v1/candidates/segmentation_core_stress_v1/masks/core/bag/SEGCORE1_0381.png,benchmark/prd_3_1_v1/candidates/segmentation_core_stress_v1/overlays/core/bag/SEGCORE1_0381.jpg,medium_2-10%,50-99,0,unreviewed,PASS,,1,1,1,683,1024,683,1024,1,1,10078,46,535,130,787,0.984174,0.996527,0.483752,,20
Fashionpedia,../fashion_data/raw/fashionpedia/images/test/3421d3316a1b5e3e0eba67a600201806.jpg,3421d3316a1b5e3e0eba67a600201806.jpg,../fashion_data/raw/fashionpedia/annotations/instances_attributes_val2020.json,7699,fashionpedia_ann_7699,bag,"bag, wallet",24,682,1024,252.0,677.0,399.0,852.0,0.03683588022360704,147.0,prd_3_1_v1,core,SEGCORE1_0382,benchmark/prd_3_1_v1/candidates/segmentation_core_stress_v1/masks/core/bag/SEGCORE1_0382.png,benchmark/prd_3_1_v1/candidates/segmentation_core_stress_v1/overlays/core/bag/SEGCORE1_0382.jpg,medium_2-10%,>=100,0,unreviewed,PASS,,1,1,1,682,1024,682,1024,1,1,12707,252,676,400,853,0.982020,0.999449,0.493955,,20
Fashionpedia,../fashion_data/raw/fashionpedia/images/test/790cc5b2e3f130e9f45cde050b74c055.jpg,790cc5b2e3f130e9f45cde050b74c055.jpg,../fashion_data/raw/fashionpedia/annotations/instances_attributes_val2020.json,75,fashionpedia_ann_75,bag,"bag, wallet",24,1024,1024,569.0,195.0,664.0,563.0,0.0333404541015625,95.0,prd_3_1_v1,core,SEGCORE1_0383,benchmark/prd_3_1_v1/candidates/segmentation_core_stress_v1/masks/core/bag/SEGCORE1_0383.png,benchmark/prd_3_1_v1/candidates/segmentation_core_stress_v1/overlays/core/bag/SEGCORE1_0383.jpg,medium_2-10%,50-99,0,unreviewed,PASS,,1,1,1,1024,1024,1024,1024,1,1,9149,569,195,665,564,0.986902,0.998033,0.261699,,20
Fashionpedia,../fashion_data/raw/fashionpedia/images/test/cd30c3a3d2eae0659013f8e27938c805.jpg,cd30c3a3d2eae0659013f8e27938c805.jpg,../fashion_data/raw/fashionpedia/annotations/instances_attributes_val2020.json,2407,fashionpedia_ann_2407,bag,"bag, wallet",24,1024,683,529.0,197.0,625.0,434.0,0.032531112737920934,96.0,prd_3_1_v1,core,SEGCORE1_0384,benchmark/prd_3_1_v1/candidates/segmentation_core_stress_v1/masks/core/bag/SEGCORE1_0384.png,benchmark/prd_3_1_v1/candidates/segmentation_core_stress_v1/overlays/core/bag/SEGCORE1_0384.jpg,medium_2-10%,50-99,0,unreviewed,PASS,,1,1,1,1024,683,1024,683,1,1,5060,529,197,626,435,0.985532,0.998221,0.222398,,20
Fashionpedia,../fashion_data/raw/fashionpedia/images/test/d56bf67bd74cb0f2128007818675a465.jpg,d56bf67bd74cb0f2128007818675a465.jpg,../fashion_data/raw/fashionpedia/annotations/instances_attributes_val2020.json,6210,fashionpedia_ann_6210,bag,"bag, wallet",24,682,1024,187.0,232.0,294.0,629.0,0.06082609741568915,107.0,prd_3_1_v1,core,SEGCORE1_0385,benchmark/prd_3_1_v1/candidates/segmentation_core_stress_v1/masks/core/bag/SEGCORE1_0385.png,benchmark/prd_3_1_v1/candidates/segmentation_core_stress_v1/overlays/core/bag/SEGCORE1_0385.jpg,medium_2-10%,>=100,0,unreviewed,PASS,,1,1,1,682,1024,682,1024,1,1,6740,187,232,295,630,0.988251,0.997181,0.158667,,20
Fashionpedia,../fashion_data/raw/fashionpedia/images/test/474d53c6c7a10c536cb49d55104211bf.jpg,474d53c6c7a10c536cb49d55104211bf.jpg,../fashion_data/raw/fashionpedia/annotations/instances_attributes_val2020.json,3274,fashionpedia_ann_3274,accessory,"headband, head covering, hair accessory",15,680,1024,251.0,38.0,410.0,265.0,0.05183392693014706,159.0,prd_3_1_v1,core,SEGCORE1_0386,benchmark/prd_3_1_v1/candidates/segmentation_core_stress_v1/masks/core/accessory/SEGCORE1_0386.png,benchmark/prd_3_1_v1/candidates/segmentation_core_stress_v1/overlays/core/accessory/SEGCORE1_0386.jpg,medium_2-10%,>=100,0,unreviewed,PASS,,1,1,1,680,1024,680,1024,1,1,17102,251,38,411,266,0.989391,0.999532,0.473831,,20
Fashionpedia,../fashion_data/raw/fashionpedia/images/test/35980d446169c38a1ebe02324dc0df36.jpg,35980d446169c38a1ebe02324dc0df36.jpg,../fashion_data/raw/fashionpedia/annotations/instances_attributes_val2020.json,9166,fashionpedia_ann_9166,accessory,sock,22,678,1024,267.0,685.0,346.0,770.0,0.009672001751474927,79.0,prd_3_1_v1,core,SEGCORE1_0387,benchmark/prd_3_1_v1/candidates/segmentation_core_stress_v1/masks/core/accessory/SEGCORE1_0387.png,benchmark/prd_3_1_v1/candidates/segmentation_core_stress_v1/overlays/core/accessory/SEGCORE1_0387.jpg,small_0.5-2%,50-99,1,unreviewed,PASS,,1,1,1,678,1024,678,1024,1,1,4712,267,685,347,771,0.976017,0.993209,0.701713,,30
Fashionpedia,../fashion_data/raw/fashionpedia/images/test/f4c8049f436b7edcb26c01d3219e14c2.jpg,f4c8049f436b7edcb26c01d3219e14c2.jpg,../fashion_data/raw/fashionpedia/annotations/instances_attributes_val2020.json,7825,fashionpedia_ann_7825,accessory,belt,19,682,1024,274.0,596.0,372.0,647.0,0.00715668530058651,51.0,prd_3_1_v1,core,SEGCORE1_0388,benchmark/prd_3_1_v1/candidates/segmentation_core_stress_v1/masks/core/accessory/SEGCORE1_0388.png,benchmark/prd_3_1_v1/candidates/segmentation_core_stress_v1/overlays/core/accessory/SEGCORE1_0388.jpg,small_0.5-2%,50-99,1,unreviewed,PASS,,1,1,1,682,1024,682,1024,1,1,943,274,596,373,648,0.970862,0.992577,0.188675,,30
Fashionpedia,../fashion_data/raw/fashionpedia/images/test/0a4aae5ecd970a120bfcc6b377b6e187.jpg,0a4aae5ecd970a120bfcc6b377b6e187.jpg,../fashion_data/raw/fashionpedia/annotations/instances_attributes_val2020.json,8535,fashionpedia_ann_8535,accessory,glove,17,1024,723,768.0,256.0,850.0,374.0,0.013069458852005533,82.0,prd_3_1_v1,core,SEGCORE1_0389,benchmark/prd_3_1_v1/candidates/segmentation_core_stress_v1/masks/core/accessory/SEGCORE1_0389.png,benchmark/prd_3_1_v1/candidates/segmentation_core_stress_v1/overlays/core/accessory/SEGCORE1_0389.jpg,small_0.5-2%,50-99,1,unreviewed,PASS,,1,1,1,1024,723,1024,723,1,1,3648,768,256,851,375,0.979650,0.999178,0.377015,,30
Fashionpedia,../fashion_data/raw/fashionpedia/images/test/064c8022b32931e787260d81ed5aafe8.jpg,064c8022b32931e787260d81ed5aafe8.jpg,../fashion_data/raw/fashionpedia/annotations/instances_attributes_val2020.json,8225,fashionpedia_ann_8225,accessory,scarf,25,680,1024,210.0,193.0,410.0,649.0,0.13097426470588236,200.0,prd_3_1_v1,core,SEGCORE1_0390,benchmark/prd_3_1_v1/candidates/segmentation_core_stress_v1/masks/core/accessory/SEGCORE1_0390.png,benchmark/prd_3_1_v1/candidates/segmentation_core_stress_v1/overlays/core/accessory/SEGCORE1_0390.jpg,large_>=10%,>=100,0,unreviewed,PASS,,1,1,1,680,1024,680,1024,1,1,35681,210,193,411,650,0.992848,0.999748,0.391239,,20
Fashionpedia,../fashion_data/raw/fashionpedia/images/test/33a5bdedbd732f7fdd89d558b78707ef.jpg,33a5bdedbd732f7fdd89d558b78707ef.jpg,../fashion_data/raw/fashionpedia/annotations/instances_attributes_val2020.json,826,fashionpedia_ann_826,accessory,glove,17,501,1024,108.0,385.0,164.0,595.0,0.022922904191616765,56.0,prd_3_1_v1,core,SEGCORE1_0391,benchmark/prd_3_1_v1/candidates/segmentation_core_stress_v1/masks/core/accessory/SEGCORE1_0391.png,benchmark/prd_3_1_v1/candidates/segmentation_core_stress_v1/overlays/core/accessory/SEGCORE1_0391.jpg,medium_2-10%,50-99,0,unreviewed,PASS,,1,1,1,501,1024,501,1024,1,1,5685,108,385,165,596,0.977800,0.999648,0.483418,,20
Fashionpedia,../fashion_data/raw/fashionpedia/images/test/ec87f9472aa1aa6a6fb6fa44add1357a.jpg,ec87f9472aa1aa6a6fb6fa44add1357a.jpg,../fashion_data/raw/fashionpedia/annotations/instances_attributes_val2020.json,7485,fashionpedia_ann_7485,accessory,hat,14,1024,1024,201.0,77.0,750.0,493.0,0.217803955078125,416.0,prd_3_1_v1,core,SEGCORE1_0392,benchmark/prd_3_1_v1/candidates/segmentation_core_stress_v1/masks/core/accessory/SEGCORE1_0392.png,benchmark/prd_3_1_v1/candidates/segmentation_core_stress_v1/overlays/core/accessory/SEGCORE1_0392.jpg,large_>=10%,>=100,0,unreviewed,PASS,,1,1,1,1024,1024,1024,1024,1,1,167428,201,77,751,494,0.995788,0.999845,0.733099,,20
Fashionpedia,../fashion_data/raw/fashionpedia/images/test/992c89a774b9f246db9ab54865273b26.jpg,992c89a774b9f246db9ab54865273b26.jpg,../fashion_data/raw/fashionpedia/annotations/instances_attributes_val2020.json,1523,fashionpedia_ann_1523,accessory,watch,18,682,1024,45.0,937.0,111.0,993.0,0.005292338709677419,56.0,prd_3_1_v1,core,SEGCORE1_0393,benchmark/prd_3_1_v1/candidates/segmentation_core_stress_v1/masks/core/accessory/SEGCORE1_0393.png,benchmark/prd_3_1_v1/candidates/segmentation_core_stress_v1/overlays/core/accessory/SEGCORE1_0393.jpg,small_0.5-2%,50-99,1,unreviewed,PASS,,1,1,1,682,1024,682,1024,1,1,1830,45,937,113,994,0.953560,0.992896,0.495130,,30
Fashionpedia,../fashion_data/raw/fashionpedia/images/test/ef9f506c8d4345edbb63f7fb54bb2cf5.jpg,ef9f506c8d4345edbb63f7fb54bb2cf5.jpg,../fashion_data/raw/fashionpedia/annotations/instances_attributes_val2020.json,4816,fashionpedia_ann_4816,accessory,hat,14,682,1024,216.0,98.0,468.0,254.0,0.05629123900293255,156.0,prd_3_1_v1,core,SEGCORE1_0394,benchmark/prd_3_1_v1/candidates/segmentation_core_stress_v1/masks/core/accessory/SEGCORE1_0394.png,benchmark/prd_3_1_v1/candidates/segmentation_core_stress_v1/overlays/core/accessory/SEGCORE1_0394.jpg,medium_2-10%,>=100,0,unreviewed,PASS,,1,1,1,682,1024,682,1024,1,1,17275,216,98,469,255,0.989703,0.999537,0.439433,,20
Fashionpedia,../fashion_data/raw/fashionpedia/images/test/8e13b4bba964e3d1fc2eba6e30975f06.jpg,8e13b4bba964e3d1fc2eba6e30975f06.jpg,../fashion_data/raw/fashionpedia/annotations/instances_attributes_val2020.json,1964,fashionpedia_ann_1964,accessory,"headband, head covering, hair accessory",15,1024,682,0.0,99.0,780.0,667.0,0.6343933284457478,568.0,prd_3_1_v1,core,SEGCORE1_0395,benchmark/prd_3_1_v1/candidates/segmentation_core_stress_v1/masks/core/accessory/SEGCORE1_0395.png,benchmark/prd_3_1_v1/candidates/segmentation_core_stress_v1/overlays/core/accessory/SEGCORE1_0395.jpg,large_>=10%,>=100,0,unreviewed,PASS,,1,1,1,1024,682,1024,682,1,1,58734,0,99,781,668,0.996964,0.999949,0.132570,,20
Fashionpedia,../fashion_data/raw/fashionpedia/images/test/de3856d93bf781545f6453afbbeef077.jpg,de3856d93bf781545f6453afbbeef077.jpg,../fashion_data/raw/fashionpedia/annotations/instances_attributes_val2020.json,8233,fashionpedia_ann_8233,accessory,sock,22,632,1024,288.0,720.0,362.0,948.0,0.026070510284810125,74.0,prd_3_1_v1,core,SEGCORE1_0396,benchmark/prd_3_1_v1/candidates/segmentation_core_stress_v1/masks/core/accessory/SEGCORE1_0396.png,benchmark/prd_3_1_v1/candidates/segmentation_core_stress_v1/overlays/core/accessory/SEGCORE1_0396.jpg,medium_2-10%,50-99,0,unreviewed,PASS,,1,1,1,632,1024,632,1024,1,1,9482,288,720,363,949,0.982358,0.996942,0.561996,,20
Fashionpedia,../fashion_data/raw/fashionpedia/images/test/069223d02dcbfbe69af905daeb7fae26.jpg,069223d02dcbfbe69af905daeb7fae26.jpg,../fashion_data/raw/fashionpedia/annotations/instances_attributes_val2020.json,8662,fashionpedia_ann_8662,accessory,"tights, stockings",21,682,1024,330.0,709.0,409.0,787.0,0.008823428335777126,78.0,prd_3_1_v1,core,SEGCORE1_0397,benchmark/prd_3_1_v1/candidates/segmentation_core_stress_v1/masks/core/accessory/SEGCORE1_0397.png,benchmark/prd_3_1_v1/candidates/segmentation_core_stress_v1/overlays/core/accessory/SEGCORE1_0397.jpg,small_0.5-2%,50-99,1,unreviewed,PASS,,1,1,1,682,1024,682,1024,1,1,4463,330,709,410,788,0.975000,0.999328,0.724278,,30
Fashionpedia,../fashion_data/raw/fashionpedia/images/test/0ff1ad48b959df32af38f42cef26d361.jpg,0ff1ad48b959df32af38f42cef26d361.jpg,../fashion_data/raw/fashionpedia/annotations/instances_attributes_val2020.json,6370,fashionpedia_ann_6370,accessory,belt,19,683,1024,262.0,369.0,408.0,516.0,0.030686653550512446,146.0,prd_3_1_v1,core,SEGCORE1_0398,benchmark/prd_3_1_v1/candidates/segmentation_core_stress_v1/masks/core/accessory/SEGCORE1_0398.png,benchmark/prd_3_1_v1/candidates/segmentation_core_stress_v1/overlays/core/accessory/SEGCORE1_0398.jpg,medium_2-10%,>=100,0,unreviewed,PASS,,1,1,1,683,1024,683,1024,1,1,10881,262,369,409,518,0.979866,0.999540,0.506989,,20
Fashionpedia,../fashion_data/raw/fashionpedia/images/test/d451b646b79628026a369c045ed54462.jpg,d451b646b79628026a369c045ed54462.jpg,../fashion_data/raw/fashionpedia/annotations/instances_attributes_val2020.json,6404,fashionpedia_ann_6404,accessory,scarf,25,681,1024,261.0,127.0,470.0,347.0,0.06593589390602056,209.0,prd_3_1_v1,core,SEGCORE1_0399,benchmark/prd_3_1_v1/candidates/segmentation_core_stress_v1/masks/core/accessory/SEGCORE1_0399.png,benchmark/prd_3_1_v1/candidates/segmentation_core_stress_v1/overlays/core/accessory/SEGCORE1_0399.jpg,medium_2-10%,>=100,0,unreviewed,PASS,,1,1,1,681,1024,681,1024,1,1,24980,261,127,471,348,0.990735,0.999440,0.543280,,20
Fashionpedia,../fashion_data/raw/fashionpedia/images/test/3c9745ee71fdc72c43f9baec5f9e27f0.jpg,3c9745ee71fdc72c43f9baec5f9e27f0.jpg,../fashion_data/raw/fashionpedia/annotations/instances_attributes_val2020.json,6700,fashionpedia_ann_6700,accessory,hat,14,683,1024,295.0,65.0,416.0,137.0,0.012456533674963396,72.0,prd_3_1_v1,core,SEGCORE1_0400,benchmark/prd_3_1_v1/candidates/segmentation_core_stress_v1/masks/core/accessory/SEGCORE1_0400.png,benchmark/prd_3_1_v1/candidates/segmentation_core_stress_v1/overlays/core/accessory/SEGCORE1_0400.jpg,small_0.5-2%,50-99,1,unreviewed,PASS,,1,1,1,683,1024,683,1024,1,1,4029,295,65,417,138,0.978217,0.997518,0.462466,,30
Fashionpedia,../fashion_data/raw/fashionpedia/images/test/e636280e96f3863157a4398c92fc299e.jpg,e636280e96f3863157a4398c92fc299e.jpg,../fashion_data/raw/fashionpedia/annotations/instances_attributes_val2020.json,8491,fashionpedia_ann_8491,accessory,"tights, stockings",21,682,1024,241.0,655.0,330.0,890.0,0.02994839396994135,89.0,prd_3_1_v1,core,SEGCORE1_0401,benchmark/prd_3_1_v1/candidates/segmentation_core_stress_v1/masks/core/accessory/SEGCORE1_0401.png,benchmark/prd_3_1_v1/candidates/segmentation_core_stress_v1/overlays/core/accessory/SEGCORE1_0401.jpg,medium_2-10%,50-99,0,unreviewed,PASS,,1,1,1,682,1024,682,1024,1,1,8676,241,655,330,890,1.000000,1.000000,0.414822,,20
Fashionpedia,../fashion_data/raw/fashionpedia/images/test/3c9135567d29729161aa465507e5efad.jpg,3c9135567d29729161aa465507e5efad.jpg,../fashion_data/raw/fashionpedia/annotations/instances_attributes_val2020.json,5153,fashionpedia_ann_5153,accessory,glasses,13,682,1024,276.0,330.0,410.0,382.0,0.009977547653958944,52.0,prd_3_1_v1,core,SEGCORE1_0402,benchmark/prd_3_1_v1/candidates/segmentation_core_stress_v1/masks/core/accessory/SEGCORE1_0402.png,benchmark/prd_3_1_v1/candidates/segmentation_core_stress_v1/overlays/core/accessory/SEGCORE1_0402.jpg,small_0.5-2%,50-99,1,unreviewed,PASS,,1,1,1,682,1024,682,1024,1,1,4344,276,330,411,383,0.973864,0.999540,0.623421,,30
Fashionpedia,../fashion_data/raw/fashionpedia/images/test/b5afca4e7afe32cd8d4e7ba62da456bd.jpg,b5afca4e7afe32cd8d4e7ba62da456bd.jpg,../fashion_data/raw/fashionpedia/annotations/instances_attributes_val2020.json,1945,fashionpedia_ann_1945,accessory,belt,19,660,1024,310.0,582.0,563.0,931.0,0.13064778645833333,253.0,prd_3_1_v1,core,SEGCORE1_0403,benchmark/prd_3_1_v1/candidates/segmentation_core_stress_v1/masks/core/accessory/SEGCORE1_0403.png,benchmark/prd_3_1_v1/candidates/segmentation_core_stress_v1/overlays/core/accessory/SEGCORE1_0403.jpg,large_>=10%,>=100,0,unreviewed,PASS,,1,1,1,660,1024,660,1024,1,1,30244,310,582,564,932,0.993217,0.999934,0.342526,,20
Fashionpedia,../fashion_data/raw/fashionpedia/images/test/387a049fc5d151a2c6c2444a44211d5c.jpg,387a049fc5d151a2c6c2444a44211d5c.jpg,../fashion_data/raw/fashionpedia/annotations/instances_attributes_val2020.json,5922,fashionpedia_ann_5922,accessory,"headband, head covering, hair accessory",15,682,1024,436.0,77.0,488.0,182.0,0.007818227639296188,52.0,prd_3_1_v1,core,SEGCORE1_0404,benchmark/prd_3_1_v1/candidates/segmentation_core_stress_v1/masks/core/accessory/SEGCORE1_0404.png,benchmark/prd_3_1_v1/candidates/segmentation_core_stress_v1/overlays/core/accessory/SEGCORE1_0404.jpg,small_0.5-2%,50-99,1,unreviewed,PASS,,1,1,1,682,1024,682,1024,1,1,672,435,77,489,184,0.944964,0.985119,0.123077,,30
Fashionpedia,../fashion_data/raw/fashionpedia/images/test/3ce04e48660ed6d21aee863f674486b7.jpg,3ce04e48660ed6d21aee863f674486b7.jpg,../fashion_data/raw/fashionpedia/annotations/instances_attributes_val2020.json,4155,fashionpedia_ann_4155,accessory,scarf,25,683,1024,299.0,185.0,390.0,257.0,0.009368136896046852,72.0,prd_3_1_v1,core,SEGCORE1_0405,benchmark/prd_3_1_v1/candidates/segmentation_core_stress_v1/masks/core/accessory/SEGCORE1_0405.png,benchmark/prd_3_1_v1/candidates/segmentation_core_stress_v1/overlays/core/accessory/SEGCORE1_0405.jpg,small_0.5-2%,50-99,1,unreviewed,PASS,,1,1,1,683,1024,683,1024,1,1,3576,299,184,391,258,0.962397,0.998602,0.545788,,30
Fashionpedia,../fashion_data/raw/fashionpedia/images/test/841690826ff84fb6ca2f6ed238a6be77.jpg,841690826ff84fb6ca2f6ed238a6be77.jpg,../fashion_data/raw/fashionpedia/annotations/instances_attributes_val2020.json,6826,fashionpedia_ann_6826,accessory,glasses,13,631,1024,195.0,135.0,367.0,234.0,0.026353258716323297,99.0,prd_3_1_v1,core,SEGCORE1_0406,benchmark/prd_3_1_v1/candidates/segmentation_core_stress_v1/masks/core/accessory/SEGCORE1_0406.png,benchmark/prd_3_1_v1/candidates/segmentation_core_stress_v1/overlays/core/accessory/SEGCORE1_0406.jpg,medium_2-10%,50-99,0,unreviewed,PASS,,1,1,1,631,1024,631,1024,1,1,7582,195,135,368,235,0.984277,0.999604,0.445267,,20
Fashionpedia,../fashion_data/raw/fashionpedia/images/test/f94d9c70da577d48906186b22cf7133d.jpg,f94d9c70da577d48906186b22cf7133d.jpg,../fashion_data/raw/fashionpedia/annotations/instances_attributes_val2020.json,3836,fashionpedia_ann_3836,accessory,"headband, head covering, hair accessory",15,682,1024,356.0,112.0,579.0,235.0,0.03927585456378299,123.0,prd_3_1_v1,core,SEGCORE1_0407,benchmark/prd_3_1_v1/candidates/segmentation_core_stress_v1/masks/core/accessory/SEGCORE1_0407.png,benchmark/prd_3_1_v1/candidates/segmentation_core_stress_v1/overlays/core/accessory/SEGCORE1_0407.jpg,medium_2-10%,>=100,0,unreviewed,PASS,,1,1,1,682,1024,682,1024,1,1,10093,356,112,580,236,0.987507,0.999406,0.367968,,20
Fashionpedia,../fashion_data/raw/fashionpedia/images/test/4c528816dbb9d5ba947d10b145fcb5f1.jpg,4c528816dbb9d5ba947d10b145fcb5f1.jpg,../fashion_data/raw/fashionpedia/annotations/instances_attributes_val2020.json,403,fashionpedia_ann_403,accessory,sock,22,682,1024,311.0,819.0,364.0,908.0,0.006754318640029325,53.0,prd_3_1_v1,core,SEGCORE1_0408,benchmark/prd_3_1_v1/candidates/segmentation_core_stress_v1/masks/core/accessory/SEGCORE1_0408.png,benchmark/prd_3_1_v1/candidates/segmentation_core_stress_v1/overlays/core/accessory/SEGCORE1_0408.jpg,small_0.5-2%,50-99,1,unreviewed,PASS,,1,1,1,682,1024,682,1024,1,1,2484,311,819,365,909,0.970576,0.999195,0.526606,,30
Fashionpedia,../fashion_data/raw/fashionpedia/images/test/fc3ee8e64072d2b42d6a8c2d1e52e2da.jpg,fc3ee8e64072d2b42d6a8c2d1e52e2da.jpg,../fashion_data/raw/fashionpedia/annotations/instances_attributes_val2020.json,8312,fashionpedia_ann_8312,accessory,belt,19,572,1024,118.0,524.0,226.0,575.0,0.009403682255244756,51.0,prd_3_1_v1,core,SEGCORE1_0409,benchmark/prd_3_1_v1/candidates/segmentation_core_stress_v1/masks/core/accessory/SEGCORE1_0409.png,benchmark/prd_3_1_v1/candidates/segmentation_core_stress_v1/overlays/core/accessory/SEGCORE1_0409.jpg,small_0.5-2%,50-99,1,unreviewed,PASS,,1,1,1,572,1024,572,1024,1,1,2771,118,524,227,576,0.971771,0.996752,0.503086,,30
Fashionpedia,../fashion_data/raw/fashionpedia/images/test/53638f7d3a9adcd5e93a4ade8f1ed552.jpg,53638f7d3a9adcd5e93a4ade8f1ed552.jpg,../fashion_data/raw/fashionpedia/annotations/instances_attributes_val2020.json,3841,fashionpedia_ann_3841,accessory,glove,17,632,1024,361.0,438.0,426.0,539.0,0.010144197488132911,65.0,prd_3_1_v1,core,SEGCORE1_0410,benchmark/prd_3_1_v1/candidates/segmentation_core_stress_v1/masks/core/accessory/SEGCORE1_0410.png,benchmark/prd_3_1_v1/candidates/segmentation_core_stress_v1/overlays/core/accessory/SEGCORE1_0410.jpg,small_0.5-2%,50-99,1,unreviewed,PASS,,1,1,1,632,1024,632,1024,1,1,2375,360,438,427,541,0.951311,0.995789,0.361767,,30
Fashionpedia,../fashion_data/raw/fashionpedia/images/test/59972d4827e58fd77ceac9dd7f0b42c7.jpg,59972d4827e58fd77ceac9dd7f0b42c7.jpg,../fashion_data/raw/fashionpedia/annotations/instances_attributes_val2020.json,7055,fashionpedia_ann_7055,accessory,scarf,25,682,1024,140.0,230.0,440.0,883.0,0.2805111345307918,300.0,prd_3_1_v1,core,SEGCORE1_0411,benchmark/prd_3_1_v1/candidates/segmentation_core_stress_v1/masks/core/accessory/SEGCORE1_0411.png,benchmark/prd_3_1_v1/candidates/segmentation_core_stress_v1/overlays/core/accessory/SEGCORE1_0411.jpg,large_>=10%,>=100,0,unreviewed,PASS,,1,1,1,682,1024,682,1024,1,1,80828,140,230,441,884,0.995154,0.999963,0.412598,,20
Fashionpedia,../fashion_data/raw/fashionpedia/images/test/fb81f1a32e154a77e683f309cdf0794a.jpg,fb81f1a32e154a77e683f309cdf0794a.jpg,../fashion_data/raw/fashionpedia/annotations/instances_attributes_val2020.json,1888,fashionpedia_ann_1888,accessory,watch,18,690,1024,310.0,693.0,373.0,788.0,0.00847061820652174,63.0,prd_3_1_v1,core,SEGCORE1_0412,benchmark/prd_3_1_v1/candidates/segmentation_core_stress_v1/masks/core/accessory/SEGCORE1_0412.png,benchmark/prd_3_1_v1/candidates/segmentation_core_stress_v1/overlays/core/accessory/SEGCORE1_0412.jpg,small_0.5-2%,50-99,1,unreviewed,PASS,,1,1,1,690,1024,690,1024,1,1,4166,310,693,373,788,1.000000,1.000000,0.696074,,30
Fashionpedia,../fashion_data/raw/fashionpedia/images/test/0e5ecf98835cbd0dddd1b45c788005c3.jpg,0e5ecf98835cbd0dddd1b45c788005c3.jpg,../fashion_data/raw/fashionpedia/annotations/instances_attributes_val2020.json,6747,fashionpedia_ann_6747,accessory,hat,14,673,1024,184.0,57.0,333.0,255.0,0.04280913354383358,149.0,prd_3_1_v1,core,SEGCORE1_0413,benchmark/prd_3_1_v1/candidates/segmentation_core_stress_v1/masks/core/accessory/SEGCORE1_0413.png,benchmark/prd_3_1_v1/candidates/segmentation_core_stress_v1/overlays/core/accessory/SEGCORE1_0413.jpg,medium_2-10%,>=100,0,unreviewed,PASS,,1,1,1,673,1024,673,1024,1,1,24866,184,57,334,256,0.988342,0.999799,0.842858,,20
Fashionpedia,../fashion_data/raw/fashionpedia/images/test/c2d80480b743d45143725a5c223c16d9.jpg,c2d80480b743d45143725a5c223c16d9.jpg,../fashion_data/raw/fashionpedia/annotations/instances_attributes_val2020.json,36,fashionpedia_ann_36,accessory,"headband, head covering, hair accessory",15,682,1024,224.0,23.0,652.0,458.0,0.2665929710410557,428.0,prd_3_1_v1,core,SEGCORE1_0414,benchmark/prd_3_1_v1/candidates/segmentation_core_stress_v1/masks/core/accessory/SEGCORE1_0414.png,benchmark/prd_3_1_v1/candidates/segmentation_core_stress_v1/overlays/core/accessory/SEGCORE1_0414.jpg,large_>=10%,>=100,0,unreviewed,PASS,,1,1,1,682,1024,682,1024,1,1,75502,224,23,653,459,0.995381,0.999881,0.405532,,20
Fashionpedia,../fashion_data/raw/fashionpedia/images/test/f90c231e3eab5e147368c77592b6a7f7.jpg,f90c231e3eab5e147368c77592b6a7f7.jpg,../fashion_data/raw/fashionpedia/annotations/instances_attributes_val2020.json,9087,fashionpedia_ann_9087,accessory,"tights, stockings",21,683,1024,349.0,579.0,407.0,778.0,0.016502905380673498,58.0,prd_3_1_v1,core,SEGCORE1_0415,benchmark/prd_3_1_v1/candidates/segmentation_core_stress_v1/masks/core/accessory/SEGCORE1_0415.png,benchmark/prd_3_1_v1/candidates/segmentation_core_stress_v1/overlays/core/accessory/SEGCORE1_0415.jpg,small_0.5-2%,50-99,1,unreviewed,PASS,,1,1,1,683,1024,683,1024,1,1,7627,349,579,407,778,1.000000,1.000000,0.660804,,30
Fashionpedia,../fashion_data/raw/fashionpedia/images/test/6612b7476f511c5cd1eb1086f2b7ba39.jpg,6612b7476f511c5cd1eb1086f2b7ba39.jpg,../fashion_data/raw/fashionpedia/annotations/instances_attributes_val2020.json,2285,fashionpedia_ann_2285,accessory,belt,19,680,1024,277.0,684.0,436.0,788.0,0.023747702205882352,104.0,prd_3_1_v1,core,SEGCORE1_0416,benchmark/prd_3_1_v1/candidates/segmentation_core_stress_v1/masks/core/accessory/SEGCORE1_0416.png,benchmark/prd_3_1_v1/candidates/segmentation_core_stress_v1/overlays/core/accessory/SEGCORE1_0416.jpg,medium_2-10%,>=100,0,unreviewed,PASS,,1,1,1,680,1024,680,1024,1,1,3388,277,683,437,789,0.975000,0.994687,0.204886,,20
Fashionpedia,../fashion_data/raw/fashionpedia/images/test/0548e689638d1e559179b34bc895b72f.jpg,0548e689638d1e559179b34bc895b72f.jpg,../fashion_data/raw/fashionpedia/annotations/instances_attributes_val2020.json,9060,fashionpedia_ann_9060,accessory,scarf,25,682,1024,341.0,410.0,550.0,579.0,0.05057648689516129,169.0,prd_3_1_v1,core,SEGCORE1_0417,benchmark/prd_3_1_v1/candidates/segmentation_core_stress_v1/masks/core/accessory/SEGCORE1_0417.png,benchmark/prd_3_1_v1/candidates/segmentation_core_stress_v1/overlays/core/accessory/SEGCORE1_0417.jpg,medium_2-10%,>=100,0,unreviewed,PASS,,1,1,1,682,1024,682,1024,1,1,13303,341,410,551,580,0.989384,0.999699,0.376631,,20
Fashionpedia,../fashion_data/raw/fashionpedia/images/test/2aa229d7589a06e59c4eb1f05162f9ab.jpg,2aa229d7589a06e59c4eb1f05162f9ab.jpg,../fashion_data/raw/fashionpedia/annotations/instances_attributes_val2020.json,4743,fashionpedia_ann_4743,accessory,hat,14,1024,471,474.0,39.0,536.0,140.0,0.012983512473460721,62.0,prd_3_1_v1,core,SEGCORE1_0418,benchmark/prd_3_1_v1/candidates/segmentation_core_stress_v1/masks/core/accessory/SEGCORE1_0418.png,benchmark/prd_3_1_v1/candidates/segmentation_core_stress_v1/overlays/core/accessory/SEGCORE1_0418.jpg,small_0.5-2%,50-99,1,unreviewed,PASS,,1,1,1,1024,471,1024,471,1,1,2190,472,39,537,142,0.935325,0.993151,0.349729,,30
Fashionpedia,../fashion_data/raw/fashionpedia/images/test/1f6b96f7f298903a77fa747ea4fe8840.jpg,1f6b96f7f298903a77fa747ea4fe8840.jpg,../fashion_data/raw/fashionpedia/annotations/instances_attributes_val2020.json,3603,fashionpedia_ann_3603,accessory,"tights, stockings",21,499,1024,251.0,624.0,315.0,896.0,0.03406813627254509,64.0,prd_3_1_v1,core,SEGCORE1_0419,benchmark/prd_3_1_v1/candidates/segmentation_core_stress_v1/masks/core/accessory/SEGCORE1_0419.png,benchmark/prd_3_1_v1/candidates/segmentation_core_stress_v1/overlays/core/accessory/SEGCORE1_0419.jpg,medium_2-10%,50-99,0,unreviewed,PASS,,1,1,1,499,1024,499,1024,1,1,10804,251,624,315,896,1.000000,1.000000,0.620634,,20
Fashionpedia,../fashion_data/raw/fashionpedia/images/test/33e7a5f7f47b7bb2bf6d3549eedde5fd.jpg,33e7a5f7f47b7bb2bf6d3549eedde5fd.jpg,../fashion_data/raw/fashionpedia/annotations/instances_attributes_val2020.json,3130,fashionpedia_ann_3130,accessory,glasses,13,1024,682,747.0,74.0,829.0,183.0,0.012798410007331378,82.0,prd_3_1_v1,core,SEGCORE1_0420,benchmark/prd_3_1_v1/candidates/segmentation_core_stress_v1/masks/core/accessory/SEGCORE1_0420.png,benchmark/prd_3_1_v1/candidates/segmentation_core_stress_v1/overlays/core/accessory/SEGCORE1_0420.jpg,small_0.5-2%,50-99,1,unreviewed,PASS,,1,1,1,1024,682,1024,682,1,1,3356,747,74,830,184,0.978970,0.999106,0.375475,,30
Fashionpedia,../fashion_data/raw/fashionpedia/images/test/d8b36f1be818f71a0ab4224b829c1210.jpg,d8b36f1be818f71a0ab4224b829c1210.jpg,../fashion_data/raw/fashionpedia/annotations/instances_attributes_val2020.json,1430,fashionpedia_ann_1430,accessory,belt,19,682,1024,231.0,467.0,484.0,816.0,0.12643334173387097,253.0,prd_3_1_v1,core,SEGCORE1_0421,benchmark/prd_3_1_v1/candidates/segmentation_core_stress_v1/masks/core/accessory/SEGCORE1_0421.png,benchmark/prd_3_1_v1/candidates/segmentation_core_stress_v1/overlays/core/accessory/SEGCORE1_0421.jpg,large_>=10%,>=100,0,unreviewed,PASS,,1,1,1,682,1024,682,1024,1,1,13146,231,467,485,817,0.993217,0.998479,0.148884,,20
Fashionpedia,../fashion_data/raw/fashionpedia/images/test/aaf6934258f226a68996b5922fa3f038.jpg,aaf6934258f226a68996b5922fa3f038.jpg,../fashion_data/raw/fashionpedia/annotations/instances_attributes_val2020.json,6240,fashionpedia_ann_6240,accessory,"headband, head covering, hair accessory",15,684,1024,322.0,297.0,376.0,386.0,0.006861636513157895,54.0,prd_3_1_v1,core,SEGCORE1_0422,benchmark/prd_3_1_v1/candidates/segmentation_core_stress_v1/masks/core/accessory/SEGCORE1_0422.png,benchmark/prd_3_1_v1/candidates/segmentation_core_stress_v1/overlays/core/accessory/SEGCORE1_0422.jpg,small_0.5-2%,50-99,1,unreviewed,PASS,,1,1,1,684,1024,684,1024,1,1,3930,322,297,377,387,0.970909,0.993384,0.817728,,30
Fashionpedia,../fashion_data/raw/fashionpedia/images/test/8b5635d5a5331e26d0e5135a068976ee.jpg,8b5635d5a5331e26d0e5135a068976ee.jpg,../fashion_data/raw/fashionpedia/annotations/instances_attributes_val2020.json,1903,fashionpedia_ann_1903,accessory,glasses,13,682,1024,260.0,203.0,443.0,294.0,0.023845594299853373,91.0,prd_3_1_v1,core,SEGCORE1_0423,benchmark/prd_3_1_v1/candidates/segmentation_core_stress_v1/masks/core/accessory/SEGCORE1_0423.png,benchmark/prd_3_1_v1/candidates/segmentation_core_stress_v1/overlays/core/accessory/SEGCORE1_0423.jpg,medium_2-10%,50-99,0,unreviewed,PASS,,1,1,1,682,1024,682,1024,1,1,9004,260,203,444,295,0.983755,0.999223,0.540683,,20
Fashionpedia,../fashion_data/raw/fashionpedia/images/test/b56a57edff4230c68e1d4296cc345718.jpg,b56a57edff4230c68e1d4296cc345718.jpg,../fashion_data/raw/fashionpedia/annotations/instances_attributes_val2020.json,708,fashionpedia_ann_708,accessory,"headband, head covering, hair accessory",15,681,1024,296.0,100.0,447.0,253.0,0.033129990363436126,151.0,prd_3_1_v1,core,SEGCORE1_0424,benchmark/prd_3_1_v1/candidates/segmentation_core_stress_v1/masks/core/accessory/SEGCORE1_0424.png,benchmark/prd_3_1_v1/candidates/segmentation_core_stress_v1/overlays/core/accessory/SEGCORE1_0424.jpg,medium_2-10%,>=100,0,unreviewed,PASS,,1,1,1,681,1024,681,1024,1,1,9861,296,100,448,254,0.986970,0.998682,0.426828,,20
Fashionpedia,../fashion_data/raw/fashionpedia/images/test/0a563d036018e91cd9b5899adb50ec18.jpg,0a563d036018e91cd9b5899adb50ec18.jpg,../fashion_data/raw/fashionpedia/annotations/instances_attributes_val2020.json,9281,fashionpedia_ann_9281,accessory,sock,22,683,1024,321.0,832.0,372.0,950.0,0.008604616581259151,51.0,prd_3_1_v1,core,SEGCORE1_0425,benchmark/prd_3_1_v1/candidates/segmentation_core_stress_v1/masks/core/accessory/SEGCORE1_0425.png,benchmark/prd_3_1_v1/candidates/segmentation_core_stress_v1/overlays/core/accessory/SEGCORE1_0425.jpg,small_0.5-2%,50-99,1,unreviewed,PASS,,1,1,1,683,1024,683,1024,1,1,4770,321,832,373,951,0.972527,0.999161,0.792622,,30
Fashionpedia,../fashion_data/raw/fashionpedia/images/test/8cd47ea6b100369f44879e44ba5950c7.jpg,8cd47ea6b100369f44879e44ba5950c7.jpg,../fashion_data/raw/fashionpedia/annotations/instances_attributes_val2020.json,1656,fashionpedia_ann_1656,accessory,belt,19,1024,682,391.0,436.0,526.0,502.0,0.012758316532258064,66.0,prd_3_1_v1,core,SEGCORE1_0426,benchmark/prd_3_1_v1/candidates/segmentation_core_stress_v1/masks/core/accessory/SEGCORE1_0426.png,benchmark/prd_3_1_v1/candidates/segmentation_core_stress_v1/overlays/core/accessory/SEGCORE1_0426.jpg,small_0.5-2%,50-99,1,unreviewed,PASS,,1,1,1,1024,682,1024,682,1,1,5183,391,436,527,503,0.977831,0.998649,0.581706,,30
Fashionpedia,../fashion_data/raw/fashionpedia/images/test/fd567ffad275955ac945eeeacc1fdac5.jpg,fd567ffad275955ac945eeeacc1fdac5.jpg,../fashion_data/raw/fashionpedia/annotations/instances_attributes_val2020.json,5972,fashionpedia_ann_5972,accessory,scarf,25,680,1024,5.0,434.0,602.0,870.0,0.3738108915441177,436.0,prd_3_1_v1,core,SEGCORE1_0427,benchmark/prd_3_1_v1/candidates/segmentation_core_stress_v1/masks/core/accessory/SEGCORE1_0427.png,benchmark/prd_3_1_v1/candidates/segmentation_core_stress_v1/overlays/core/accessory/SEGCORE1_0427.jpg,large_>=10%,>=100,0,unreviewed,PASS,,1,1,1,680,1024,680,1024,1,1,56068,5,434,603,871,0.996043,0.999893,0.215404,,20
Fashionpedia,../fashion_data/raw/fashionpedia/images/test/25fb92c0d8ca2d4d159bfcd674b484d8.jpg,25fb92c0d8ca2d4d159bfcd674b484d8.jpg,../fashion_data/raw/fashionpedia/annotations/instances_attributes_val2020.json,122,fashionpedia_ann_122,accessory,hat,14,1024,682,457.0,54.0,594.0,203.0,0.029229575238269793,137.0,prd_3_1_v1,core,SEGCORE1_0428,benchmark/prd_3_1_v1/candidates/segmentation_core_stress_v1/masks/core/accessory/SEGCORE1_0428.png,benchmark/prd_3_1_v1/candidates/segmentation_core_stress_v1/overlays/core/accessory/SEGCORE1_0428.jpg,medium_2-10%,>=100,0,unreviewed,PASS,,1,1,1,1024,682,1024,682,1,1,11059,457,54,595,205,0.979605,0.997920,0.541763,,20
Fashionpedia,../fashion_data/raw/fashionpedia/images/test/f184df3bcf321ef5d3e4d5a513ade947.jpg,f184df3bcf321ef5d3e4d5a513ade947.jpg,../fashion_data/raw/fashionpedia/annotations/instances_attributes_val2020.json,4619,fashionpedia_ann_4619,accessory,"tights, stockings",21,681,1024,278.0,690.0,334.0,887.0,0.01582002569750367,56.0,prd_3_1_v1,core,SEGCORE1_0429,benchmark/prd_3_1_v1/candidates/segmentation_core_stress_v1/masks/core/accessory/SEGCORE1_0429.png,benchmark/prd_3_1_v1/candidates/segmentation_core_stress_v1/overlays/core/accessory/SEGCORE1_0429.jpg,small_0.5-2%,50-99,1,unreviewed,PASS,,1,1,1,681,1024,681,1024,1,1,6949,278,690,335,888,0.977494,0.999712,0.629895,,30
Fashionpedia,../fashion_data/raw/fashionpedia/images/test/4d200cb316a6260257ce84b37e25161c.jpg,4d200cb316a6260257ce84b37e25161c.jpg,../fashion_data/raw/fashionpedia/annotations/instances_attributes_val2020.json,1215,fashionpedia_ann_1215,accessory,belt,19,683,1024,243.0,302.0,400.0,405.0,0.023121511255490484,103.0,prd_3_1_v1,core,SEGCORE1_0430,benchmark/prd_3_1_v1/candidates/segmentation_core_stress_v1/masks/core/accessory/SEGCORE1_0430.png,benchmark/prd_3_1_v1/candidates/segmentation_core_stress_v1/overlays/core/accessory/SEGCORE1_0430.jpg,medium_2-10%,>=100,0,unreviewed,PASS,,1,1,1,683,1024,683,1024,1,1,13620,243,302,401,406,0.984116,0.999266,0.842248,,20
Fashionpedia,../fashion_data/raw/fashionpedia/images/test/3be4a0ddad745d76116775dbb474cd3f.jpg,3be4a0ddad745d76116775dbb474cd3f.jpg,../fashion_data/raw/fashionpedia/annotations/instances_attributes_val2020.json,3247,fashionpedia_ann_3247,accessory,scarf,25,1024,582,614.0,178.0,790.0,335.0,0.04636490549828179,157.0,prd_3_1_v1,core,SEGCORE1_0431,benchmark/prd_3_1_v1/candidates/segmentation_core_stress_v1/masks/core/accessory/SEGCORE1_0431.png,benchmark/prd_3_1_v1/candidates/segmentation_core_stress_v1/overlays/core/accessory/SEGCORE1_0431.jpg,medium_2-10%,>=100,0,unreviewed,PASS,,1,1,1,1024,582,1024,582,1,1,17161,614,178,791,336,0.988057,0.999126,0.621055,,20
Fashionpedia,../fashion_data/raw/fashionpedia/images/test/165fc69c577be6c18128e057487cf489.jpg,165fc69c577be6c18128e057487cf489.jpg,../fashion_data/raw/fashionpedia/annotations/instances_attributes_val2020.json,3654,fashionpedia_ann_3654,accessory,hat,14,1024,683,265.0,55.0,411.0,145.0,0.018787747071742314,90.0,prd_3_1_v1,core,SEGCORE1_0432,benchmark/prd_3_1_v1/candidates/segmentation_core_stress_v1/masks/core/accessory/SEGCORE1_0432.png,benchmark/prd_3_1_v1/candidates/segmentation_core_stress_v1/overlays/core/accessory/SEGCORE1_0432.jpg,small_0.5-2%,50-99,1,unreviewed,PASS,,1,1,1,1024,683,1024,683,1,1,6136,265,55,412,146,0.982283,0.998859,0.466971,,30
Fashionpedia,../fashion_data/raw/fashionpedia/images/test/420f153001eb2e37269ae974b9f7665e.jpg,420f153001eb2e37269ae974b9f7665e.jpg,../fashion_data/raw/fashionpedia/annotations/instances_attributes_val2020.json,5903,fashionpedia_ann_5903,accessory,"tights, stockings",21,682,1024,327.0,595.0,414.0,926.0,0.04123470720307918,87.0,prd_3_1_v1,core,SEGCORE1_0433,benchmark/prd_3_1_v1/candidates/segmentation_core_stress_v1/masks/core/accessory/SEGCORE1_0433.png,benchmark/prd_3_1_v1/candidates/segmentation_core_stress_v1/overlays/core/accessory/SEGCORE1_0433.jpg,medium_2-10%,50-99,0,unreviewed,PASS,,1,1,1,682,1024,682,1024,1,1,13185,327,595,414,926,1.000000,1.000000,0.457860,,20
Fashionpedia,../fashion_data/raw/fashionpedia/images/test/c085fb2b093eeb52041884c9ea51cc65.jpg,c085fb2b093eeb52041884c9ea51cc65.jpg,../fashion_data/raw/fashionpedia/annotations/instances_attributes_val2020.json,6499,fashionpedia_ann_6499,accessory,glasses,13,682,1024,244.0,360.0,364.0,410.0,0.008591458944281524,50.0,prd_3_1_v1,core,SEGCORE1_0434,benchmark/prd_3_1_v1/candidates/segmentation_core_stress_v1/masks/core/accessory/SEGCORE1_0434.png,benchmark/prd_3_1_v1/candidates/segmentation_core_stress_v1/overlays/core/accessory/SEGCORE1_0434.jpg,small_0.5-2%,50-99,1,unreviewed,PASS,,1,1,1,682,1024,682,1024,1,1,3684,244,360,365,411,0.972290,0.999186,0.614000,,30
Fashionpedia,../fashion_data/raw/fashionpedia/images/test/00e45dd233e31906f538ba17dd45bf29.jpg,00e45dd233e31906f538ba17dd45bf29.jpg,../fashion_data/raw/fashionpedia/annotations/instances_attributes_val2020.json,5214,fashionpedia_ann_5214,accessory,belt,19,682,1024,183.0,587.0,431.0,966.0,0.13458806818181818,248.0,prd_3_1_v1,core,SEGCORE1_0435,benchmark/prd_3_1_v1/candidates/segmentation_core_stress_v1/masks/core/accessory/SEGCORE1_0435.png,benchmark/prd_3_1_v1/candidates/segmentation_core_stress_v1/overlays/core/accessory/SEGCORE1_0435.jpg,large_>=10%,>=100,0,unreviewed,PASS,,1,1,1,682,1024,682,1024,1,1,18860,183,587,432,967,0.993363,0.999046,0.200655,,20
Fashionpedia,../fashion_data/raw/fashionpedia/images/test/4aa62ca489ce6e163ca8400d4c96b569.jpg,4aa62ca489ce6e163ca8400d4c96b569.jpg,../fashion_data/raw/fashionpedia/annotations/instances_attributes_val2020.json,5762,fashionpedia_ann_5762,accessory,"headband, head covering, hair accessory",15,683,1024,290.0,69.0,382.0,137.0,0.0089449121522694,68.0,prd_3_1_v1,core,SEGCORE1_0436,benchmark/prd_3_1_v1/candidates/segmentation_core_stress_v1/masks/core/accessory/SEGCORE1_0436.png,benchmark/prd_3_1_v1/candidates/segmentation_core_stress_v1/overlays/core/accessory/SEGCORE1_0436.jpg,small_0.5-2%,50-99,1,unreviewed,PASS,,1,1,1,683,1024,683,1024,1,1,1320,290,69,384,139,0.950760,0.994697,0.210997,,30
Fashionpedia,../fashion_data/raw/fashionpedia/images/test/e73b13b557ab167a05cb10ed45decf52.jpg,e73b13b557ab167a05cb10ed45decf52.jpg,../fashion_data/raw/fashionpedia/annotations/instances_attributes_val2020.json,5636,fashionpedia_ann_5636,accessory,"headband, head covering, hair accessory",15,683,1024,272.0,90.0,413.0,205.0,0.023184423041727673,115.0,prd_3_1_v1,core,SEGCORE1_0437,benchmark/prd_3_1_v1/candidates/segmentation_core_stress_v1/masks/core/accessory/SEGCORE1_0437.png,benchmark/prd_3_1_v1/candidates/segmentation_core_stress_v1/overlays/core/accessory/SEGCORE1_0437.jpg,medium_2-10%,>=100,0,unreviewed,PASS,,1,1,1,683,1024,683,1024,1,1,1672,272,90,414,207,0.975984,0.996411,0.103114,,20
Fashionpedia,../fashion_data/raw/fashionpedia/images/test/db85f62492da69d793339b2c124e7abb.jpg,db85f62492da69d793339b2c124e7abb.jpg,../fashion_data/raw/fashionpedia/annotations/instances_attributes_val2020.json,739,fashionpedia_ann_739,accessory,sock,22,652,1024,100.0,824.0,188.0,886.0,0.008171970858895705,62.0,prd_3_1_v1,core,SEGCORE1_0438,benchmark/prd_3_1_v1/candidates/segmentation_core_stress_v1/masks/core/accessory/SEGCORE1_0438.png,benchmark/prd_3_1_v1/candidates/segmentation_core_stress_v1/overlays/core/accessory/SEGCORE1_0438.jpg,small_0.5-2%,50-99,1,unreviewed,PASS,,1,1,1,652,1024,652,1024,1,1,3161,100,824,189,887,0.973069,0.999051,0.579362,,30
Fashionpedia,../fashion_data/raw/fashionpedia/images/test/faef680c9ba90bd6852e6bc759341896.jpg,faef680c9ba90bd6852e6bc759341896.jpg,../fashion_data/raw/fashionpedia/annotations/instances_attributes_val2020.json,6917,fashionpedia_ann_6917,accessory,belt,19,680,1024,326.0,564.0,409.0,704.0,0.016687729779411766,83.0,prd_3_1_v1,core,SEGCORE1_0439,benchmark/prd_3_1_v1/candidates/segmentation_core_stress_v1/masks/core/accessory/SEGCORE1_0439.png,benchmark/prd_3_1_v1/candidates/segmentation_core_stress_v1/overlays/core/accessory/SEGCORE1_0439.jpg,small_0.5-2%,50-99,1,unreviewed,PASS,,1,1,1,680,1024,680,1024,1,1,3711,326,564,410,705,0.981087,0.999192,0.319363,,30
Fashionpedia,../fashion_data/raw/fashionpedia/images/test/f57152e44f9348050d59a71f9ca7f220.jpg,f57152e44f9348050d59a71f9ca7f220.jpg,../fashion_data/raw/fashionpedia/annotations/instances_attributes_val2020.json,938,fashionpedia_ann_938,accessory,scarf,25,415,1024,133.0,112.0,361.0,479.0,0.19690323795180723,228.0,prd_3_1_v1,core,SEGCORE1_0440,benchmark/prd_3_1_v1/candidates/segmentation_core_stress_v1/masks/core/accessory/SEGCORE1_0440.png,benchmark/prd_3_1_v1/candidates/segmentation_core_stress_v1/overlays/core/accessory/SEGCORE1_0440.jpg,large_>=10%,>=100,0,unreviewed,PASS,,1,1,1,415,1024,415,1024,1,1,54316,133,112,362,480,0.992928,0.999871,0.649123,,20
DeepFashion2,../fashion_data/raw/train/train/image/187643.jpg,187643.jpg,../fashion_data/raw/train/train/annos/187643.json,,item2_long_sleeve_top,top,long_sleeve_top,2,750,499,567.0,184.0,584.0,207.0,0.001044756179024716,17.0,prd_3_1_v1,stress,SEGSTR1_0001,benchmark/prd_3_1_v1/candidates/segmentation_core_stress_v1/masks/stress/top/SEGSTR1_0001.png,benchmark/prd_3_1_v1/candidates/segmentation_core_stress_v1/overlays/stress/top/SEGSTR1_0001.jpg,tiny_<0.5%,<20,1,unreviewed,FLAG,LOW_MASK_BBOX_IOU,1,1,1,750,499,750,499,1,1,154,569,188,585,204,0.589681,0.993506,0.393862,,110
DeepFashion2,../fashion_data/raw/train/train/image/026462.jpg,026462.jpg,../fashion_data/raw/train/train/annos/026462.json,,item2_long_sleeve_top,top,long_sleeve_top,2,750,964,133.0,447.0,181.0,478.0,0.0020580912863070538,31.0,prd_3_1_v1,stress,SEGSTR1_0002,benchmark/prd_3_1_v1/candidates/segmentation_core_stress_v1/masks/stress/top/SEGSTR1_0002.png,benchmark/prd_3_1_v1/candidates/segmentation_core_stress_v1/overlays/stress/top/SEGSTR1_0002.jpg,tiny_<0.5%,20-49,1,unreviewed,FLAG,LOW_MASK_BBOX_IOU|MASK_OUTSIDE_BBOX,1,1,1,750,964,750,964,1,1,1094,135,449,179,479,0.832898,0.961609,0.735215,,110
DeepFashion2,../fashion_data/raw/train/train/image/026468.jpg,026468.jpg,../fashion_data/raw/train/train/annos/026468.json,,item2_long_sleeve_top,top,long_sleeve_top,2,750,667,265.0,412.0,311.0,438.0,0.0023908045977011493,26.0,prd_3_1_v1,stress,SEGSTR1_0003,benchmark/prd_3_1_v1/candidates/segmentation_core_stress_v1/masks/stress/top/SEGSTR1_0003.png,benchmark/prd_3_1_v1/candidates/segmentation_core_stress_v1/overlays/stress/top/SEGSTR1_0003.jpg,tiny_<0.5%,20-49,1,unreviewed,FLAG,LOW_MASK_BBOX_IOU|MASK_OUTSIDE_BBOX,1,1,1,750,667,750,667,1,1,803,268,412,306,439,0.800648,0.957659,0.671405,,110
DeepFashion2,../fashion_data/raw/train/train/image/046316.jpg,046316.jpg,../fashion_data/raw/train/train/annos/046316.json,,item3_long_sleeve_top,top,long_sleeve_top,2,750,690,114.0,268.0,141.0,314.0,0.0024,27.0,prd_3_1_v1,stress,SEGSTR1_0004,benchmark/prd_3_1_v1/candidates/segmentation_core_stress_v1/masks/stress/top/SEGSTR1_0004.png,benchmark/prd_3_1_v1/candidates/segmentation_core_stress_v1/overlays/stress/top/SEGSTR1_0004.jpg,tiny_<0.5%,20-49,1,unreviewed,PASS,,1,1,1,750,690,750,690,1,1,568,114,271,140,314,0.900161,1.000000,0.457327,,10
DeepFashion2,../fashion_data/raw/train/train/image/097203.jpg,097203.jpg,../fashion_data/raw/train/train/annos/097203.json,,item3_short_sleeve_top,top,short_sleeve_top,1,781,623,209.0,53.0,239.0,93.0,0.002466278775821425,30.0,prd_3_1_v1,stress,SEGSTR1_0005,benchmark/prd_3_1_v1/candidates/segmentation_core_stress_v1/masks/stress/top/SEGSTR1_0005.png,benchmark/prd_3_1_v1/candidates/segmentation_core_stress_v1/overlays/stress/top/SEGSTR1_0005.jpg,tiny_<0.5%,20-49,1,unreviewed,PASS,,1,1,1,781,623,781,623,1,1,622,209,56,239,92,0.900000,1.000000,0.518333,,10
DeepFashion2,../fashion_data/raw/train/train/image/118380.jpg,118380.jpg,../fashion_data/raw/train/train/annos/118380.json,,item3_short_sleeve_top,top,short_sleeve_top,1,640,800,19.0,327.0,45.0,382.0,0.00279296875,26.0,prd_3_1_v1,stress,SEGSTR1_0006,benchmark/prd_3_1_v1/candidates/segmentation_core_stress_v1/masks/stress/top/SEGSTR1_0006.png,benchmark/prd_3_1_v1/candidates/segmentation_core_stress_v1/overlays/stress/top/SEGSTR1_0006.jpg,tiny_<0.5%,20-49,1,unreviewed,FLAG,LOW_MASK_BBOX_IOU,1,1,1,640,800,640,800,1,1,915,19,329,44,378,0.856643,1.000000,0.639860,,110
DeepFashion2,../fashion_data/raw/train/train/image/142374.jpg,142374.jpg,../fashion_data/raw/train/train/annos/142374.json,,item2_long_sleeve_top,top,long_sleeve_top,2,750,723,460.0,195.0,497.0,242.0,0.003207007837713232,37.0,prd_3_1_v1,stress,SEGSTR1_0007,benchmark/prd_3_1_v1/candidates/segmentation_core_stress_v1/masks/stress/top/SEGSTR1_0007.png,benchmark/prd_3_1_v1/candidates/segmentation_core_stress_v1/overlays/stress/top/SEGSTR1_0007.jpg,tiny_<0.5%,20-49,1,unreviewed,FLAG,LOW_MASK_BBOX_IOU,1,1,1,750,723,750,723,1,1,918,463,197,496,239,0.797010,1.000000,0.527890,,110
DeepFashion2,../fashion_data/raw/train/train/image/185458.jpg,185458.jpg,../fashion_data/raw/train/train/annos/185458.json,,item2_short_sleeve_top,top,short_sleeve_top,1,468,832,41.0,677.0,89.0,704.0,0.0033284023668639054,27.0,prd_3_1_v1,stress,SEGSTR1_0008,benchmark/prd_3_1_v1/candidates/segmentation_core_stress_v1/masks/stress/top/SEGSTR1_0008.png,benchmark/prd_3_1_v1/candidates/segmentation_core_stress_v1/overlays/stress/top/SEGSTR1_0008.jpg,tiny_<0.5%,20-49,1,unreviewed,PASS,,1,1,1,468,832,468,832,1,1,819,43,678,89,704,0.922840,1.000000,0.631944,,10
DeepFashion2,../fashion_data/raw/train/train/image/022729.jpg,022729.jpg,../fashion_data/raw/train/train/annos/022729.json,,item4_vest,top,vest,5,640,592,590.0,249.0,615.0,303.0,0.003563133445945946,25.0,prd_3_1_v1,stress,SEGSTR1_0009,benchmark/prd_3_1_v1/candidates/segmentation_core_stress_v1/masks/stress/top/SEGSTR1_0009.png,benchmark/prd_3_1_v1/candidates/segmentation_core_stress_v1/overlays/stress/top/SEGSTR1_0009.jpg,tiny_<0.5%,20-49,1,unreviewed,FLAG,LOW_MASK_BBOX_IOU|MASK_OUTSIDE_BBOX,1,1,1,640,592,640,592,1,1,973,592,251,616,301,0.821429,0.950668,0.720741,,110
DeepFashion2,../fashion_data/raw/train/train/image/152799.jpg,152799.jpg,../fashion_data/raw/train/train/annos/152799.json,,item1_short_sleeve_top,top,short_sleeve_top,1,468,833,204.0,430.0,235.0,475.0,0.0035783544186905533,31.0,prd_3_1_v1,stress,SEGSTR1_0010,benchmark/prd_3_1_v1/candidates/segmentation_core_stress_v1/masks/stress/top/SEGSTR1_0010.png,benchmark/prd_3_1_v1/candidates/segmentation_core_stress_v1/overlays/stress/top/SEGSTR1_0010.jpg,tiny_<0.5%,20-49,1,unreviewed,FLAG,LOW_MASK_BBOX_IOU,1,1,1,468,833,468,833,1,1,647,210,438,235,473,0.627240,1.000000,0.463799,,110
DeepFashion2,../fashion_data/raw/train/train/image/026461.jpg,026461.jpg,../fashion_data/raw/train/train/annos/026461.json,,item3_trousers,pants,trousers,8,750,1044,639.0,395.0,657.0,428.0,0.0007586206896551724,18.0,prd_3_1_v1,stress,SEGSTR1_0011,benchmark/prd_3_1_v1/candidates/segmentation_core_stress_v1/masks/stress/pants/SEGSTR1_0011.png,benchmark/prd_3_1_v1/candidates/segmentation_core_stress_v1/overlays/stress/pants/SEGSTR1_0011.jpg,tiny_<0.5%,<20,1,unreviewed,FLAG,LOW_MASK_BBOX_IOU,1,1,1,750,1044,750,1044,1,1,458,640,396,657,427,0.887205,1.000000,0.771044,,110
DeepFashion2,../fashion_data/raw/train/train/image/072159.jpg,072159.jpg,../fashion_data/raw/train/train/annos/072159.json,,item3_shorts,pants,shorts,7,738,768,129.0,446.0,161.0,482.0,0.0020325203252032522,32.0,prd_3_1_v1,stress,SEGSTR1_0012,benchmark/prd_3_1_v1/candidates/segmentation_core_stress_v1/masks/stress/pants/SEGSTR1_0012.png,benchmark/prd_3_1_v1/candidates/segmentation_core_stress_v1/overlays/stress/pants/SEGSTR1_0012.jpg,tiny_<0.5%,20-49,1,unreviewed,PASS,,1,1,1,738,768,738,768,1,1,602,130,446,161,481,0.941840,1.000000,0.522569,,10
DeepFashion2,../fashion_data/raw/train/train/image/052775.jpg,052775.jpg,../fashion_data/raw/train/train/annos/052775.json,,item4_trousers,pants,trousers,8,763,585,547.0,179.0,583.0,208.0,0.0023389454582115133,29.0,prd_3_1_v1,stress,SEGSTR1_0013,benchmark/prd_3_1_v1/candidates/segmentation_core_stress_v1/masks/stress/pants/SEGSTR1_0013.png,benchmark/prd_3_1_v1/candidates/segmentation_core_stress_v1/overlays/stress/pants/SEGSTR1_0013.jpg,tiny_<0.5%,20-49,1,unreviewed,FLAG,LOW_MASK_BBOX_IOU,1,1,1,763,585,763,585,1,1,193,552,187,579,206,0.491379,1.000000,0.184866,,110
DeepFashion2,../fashion_data/raw/train/train/image/016635.jpg,016635.jpg,../fashion_data/raw/train/train/annos/016635.json,,item3_shorts,pants,shorts,7,880,746,771.0,346.0,821.0,379.0,0.0025134048257372654,33.0,prd_3_1_v1,stress,SEGSTR1_0014,benchmark/prd_3_1_v1/candidates/segmentation_core_stress_v1/masks/stress/pants/SEGSTR1_0014.png,benchmark/prd_3_1_v1/candidates/segmentation_core_stress_v1/overlays/stress/pants/SEGSTR1_0014.jpg,tiny_<0.5%,20-49,1,unreviewed,FLAG,LOW_MASK_BBOX_IOU,1,1,1,880,746,880,746,1,1,820,776,352,820,378,0.693333,1.000000,0.496970,,110
DeepFashion2,../fashion_data/raw/train/train/image/077089.jpg,077089.jpg,../fashion_data/raw/train/train/annos/077089.json,,item4_trousers,pants,trousers,8,880,589,720.0,33.0,748.0,84.0,0.0027550547924062355,28.0,prd_3_1_v1,stress,SEGSTR1_0015,benchmark/prd_3_1_v1/candidates/segmentation_core_stress_v1/masks/stress/pants/SEGSTR1_0015.png,benchmark/prd_3_1_v1/candidates/segmentation_core_stress_v1/overlays/stress/pants/SEGSTR1_0015.jpg,tiny_<0.5%,20-49,1,unreviewed,FLAG,LOW_MASK_BBOX_IOU,1,1,1,880,589,880,589,1,1,700,724,34,747,80,0.740896,1.000000,0.490196,,110
DeepFashion2,../fashion_data/raw/train/train/image/139605.jpg,139605.jpg,../fashion_data/raw/train/train/annos/139605.json,,item1_shorts,pants,shorts,7,468,625,156.0,384.0,193.0,412.0,0.003541880341880342,28.0,prd_3_1_v1,stress,SEGSTR1_0016,benchmark/prd_3_1_v1/candidates/segmentation_core_stress_v1/masks/stress/pants/SEGSTR1_0016.png,benchmark/prd_3_1_v1/candidates/segmentation_core_stress_v1/overlays/stress/pants/SEGSTR1_0016.jpg,tiny_<0.5%,20-49,1,unreviewed,FLAG,MASK_OUTSIDE_BBOX,1,1,1,468,625,468,625,1,1,858,157,385,194,412,0.914393,0.979021,0.828185,,110
DeepFashion2,../fashion_data/raw/train/train/image/050127.jpg,050127.jpg,../fashion_data/raw/train/train/annos/050127.json,,item3_trousers,pants,trousers,8,750,1125,45.0,433.0,85.0,508.0,0.0035555555555555557,40.0,prd_3_1_v1,stress,SEGSTR1_0017,benchmark/prd_3_1_v1/candidates/segmentation_core_stress_v1/masks/stress/pants/SEGSTR1_0017.png,benchmark/prd_3_1_v1/candidates/segmentation_core_stress_v1/overlays/stress/pants/SEGSTR1_0017.jpg,tiny_<0.5%,20-49,1,unreviewed,FLAG,LOW_MASK_BBOX_IOU,1,1,1,750,1125,750,1125,1,1,1605,49,435,83,507,0.816000,1.000000,0.535000,,110
DeepFashion2,../fashion_data/raw/train/train/image/053725.jpg,053725.jpg,../fashion_data/raw/train/train/annos/053725.json,,item3_trousers,pants,trousers,8,468,634,286.0,266.0,308.0,314.0,0.003559006713580846,22.0,prd_3_1_v1,stress,SEGSTR1_0018,benchmark/prd_3_1_v1/candidates/segmentation_core_stress_v1/masks/stress/pants/SEGSTR1_0018.png,benchmark/prd_3_1_v1/candidates/segmentation_core_stress_v1/overlays/stress/pants/SEGSTR1_0018.jpg,tiny_<0.5%,20-49,1,unreviewed,PASS,,1,1,1,468,634,468,634,1,1,731,286,267,308,313,0.958333,1.000000,0.692235,,10
DeepFashion2,../fashion_data/raw/train/train/image/053875.jpg,053875.jpg,../fashion_data/raw/train/train/annos/053875.json,,item2_trousers,pants,trousers,8,468,831,112.0,479.0,150.0,517.0,0.003712960391660753,38.0,prd_3_1_v1,stress,SEGSTR1_0019,benchmark/prd_3_1_v1/candidates/segmentation_core_stress_v1/masks/stress/pants/SEGSTR1_0019.png,benchmark/prd_3_1_v1/candidates/segmentation_core_stress_v1/overlays/stress/pants/SEGSTR1_0019.jpg,tiny_<0.5%,20-49,1,unreviewed,FLAG,LOW_MASK_BBOX_IOU,1,1,1,468,831,468,831,1,1,677,114,482,150,516,0.847645,1.000000,0.468837,,110
DeepFashion2,../fashion_data/raw/train/train/image/003489.jpg,003489.jpg,../fashion_data/raw/train/train/annos/003489.json,,item4_trousers,pants,trousers,8,800,1346,655.0,663.0,701.0,751.0,0.0037592867756315006,46.0,prd_3_1_v1,stress,SEGSTR1_0020,benchmark/prd_3_1_v1/candidates/segmentation_core_stress_v1/masks/stress/pants/SEGSTR1_0020.png,benchmark/prd_3_1_v1/candidates/segmentation_core_stress_v1/overlays/stress/pants/SEGSTR1_0020.jpg,tiny_<0.5%,20-49,1,unreviewed,FLAG,LOW_MASK_BBOX_IOU,1,1,1,800,1346,800,1346,1,1,2292,659,664,700,743,0.800148,1.000000,0.566206,,110
DeepFashion2,../fashion_data/raw/train/train/image/073252.jpg,073252.jpg,../fashion_data/raw/train/train/annos/073252.json,,item4_skirt,skirt,skirt,9,880,1058,574.0,450.0,607.0,493.0,0.001524102079395085,33.0,prd_3_1_v1,stress,SEGSTR1_0021,benchmark/prd_3_1_v1/candidates/segmentation_core_stress_v1/masks/stress/skirt/SEGSTR1_0021.png,benchmark/prd_3_1_v1/candidates/segmentation_core_stress_v1/overlays/stress/skirt/SEGSTR1_0021.jpg,tiny_<0.5%,20-49,1,unreviewed,FLAG,LOW_MASK_BBOX_IOU,1,1,1,880,1058,880,1058,1,1,877,575,451,605,485,0.718816,1.000000,0.618041,,110
DeepFashion2,../fashion_data/raw/train/train/image/073260.jpg,073260.jpg,../fashion_data/raw/train/train/annos/073260.json,,item4_skirt,skirt,skirt,9,880,1046,595.0,389.0,634.0,428.0,0.0016523987484790544,39.0,prd_3_1_v1,stress,SEGSTR1_0022,benchmark/prd_3_1_v1/candidates/segmentation_core_stress_v1/masks/stress/skirt/SEGSTR1_0022.png,benchmark/prd_3_1_v1/candidates/segmentation_core_stress_v1/overlays/stress/skirt/SEGSTR1_0022.jpg,tiny_<0.5%,20-49,1,unreviewed,FLAG,LOW_MASK_BBOX_IOU,1,1,1,880,1046,880,1046,1,1,897,598,391,629,424,0.672584,1.000000,0.589744,,110
DeepFashion2,../fashion_data/raw/train/train/image/104443.jpg,104443.jpg,../fashion_data/raw/train/train/annos/104443.json,,item3_skirt,skirt,skirt,9,670,480,131.0,254.0,161.0,283.0,0.002705223880597015,29.0,prd_3_1_v1,stress,SEGSTR1_0023,benchmark/prd_3_1_v1/candidates/segmentation_core_stress_v1/masks/stress/skirt/SEGSTR1_0023.png,benchmark/prd_3_1_v1/candidates/segmentation_core_stress_v1/overlays/stress/skirt/SEGSTR1_0023.jpg,tiny_<0.5%,20-49,1,unreviewed,FLAG,LOW_MASK_BBOX_IOU,1,1,1,670,480,670,480,1,1,486,132,256,162,281,0.810056,0.993827,0.558621,,110
DeepFashion2,../fashion_data/raw/train/train/image/035678.jpg,035678.jpg,../fashion_data/raw/train/train/annos/035678.json,,item2_skirt,skirt,skirt,9,468,468,150.0,106.0,182.0,138.0,0.004675286726568778,32.0,prd_3_1_v1,stress,SEGSTR1_0024,benchmark/prd_3_1_v1/candidates/segmentation_core_stress_v1/masks/stress/skirt/SEGSTR1_0024.png,benchmark/prd_3_1_v1/candidates/segmentation_core_stress_v1/overlays/stress/skirt/SEGSTR1_0024.jpg,tiny_<0.5%,20-49,1,unreviewed,FLAG,LOW_MASK_BBOX_IOU,1,1,1,468,468,468,468,1,1,663,151,108,183,136,0.825095,0.995475,0.647461,,110
DeepFashion2,../fashion_data/raw/train/train/image/106619.jpg,106619.jpg,../fashion_data/raw/train/train/annos/106619.json,,item4_skirt,skirt,skirt,9,691,592,554.0,319.0,605.0,361.0,0.005236242030742754,42.0,prd_3_1_v1,stress,SEGSTR1_0025,benchmark/prd_3_1_v1/candidates/segmentation_core_stress_v1/masks/stress/skirt/SEGSTR1_0025.png,benchmark/prd_3_1_v1/candidates/segmentation_core_stress_v1/overlays/stress/skirt/SEGSTR1_0025.jpg,small_0.5-2%,20-49,1,unreviewed,FLAG,LOW_MASK_BBOX_IOU,1,1,1,691,592,691,592,1,1,1284,555,320,604,359,0.892157,1.000000,0.599440,,110
DeepFashion2,../fashion_data/raw/train/train/image/077022.jpg,077022.jpg,../fashion_data/raw/train/train/annos/077022.json,,item4_skirt,skirt,skirt,9,665,855,611.0,417.0,655.0,486.0,0.0053396649518533176,44.0,prd_3_1_v1,stress,SEGSTR1_0026,benchmark/prd_3_1_v1/candidates/segmentation_core_stress_v1/masks/stress/skirt/SEGSTR1_0026.png,benchmark/prd_3_1_v1/candidates/segmentation_core_stress_v1/overlays/stress/skirt/SEGSTR1_0026.jpg,small_0.5-2%,20-49,1,unreviewed,FLAG,LOW_MASK_BBOX_IOU,1,1,1,665,855,665,855,1,1,1786,613,420,654,482,0.837286,1.000000,0.588274,,110
DeepFashion2,../fashion_data/raw/train/train/image/127883.jpg,127883.jpg,../fashion_data/raw/train/train/annos/127883.json,,item1_skirt,skirt,skirt,9,880,591,147.0,305.0,215.0,351.0,0.0060144593139516995,46.0,prd_3_1_v1,stress,SEGSTR1_0027,benchmark/prd_3_1_v1/candidates/segmentation_core_stress_v1/masks/stress/skirt/SEGSTR1_0027.png,benchmark/prd_3_1_v1/candidates/segmentation_core_stress_v1/overlays/stress/skirt/SEGSTR1_0027.jpg,small_0.5-2%,20-49,1,unreviewed,PASS,,1,1,1,880,591,880,591,1,1,2473,150,306,214,350,0.900256,1.000000,0.790601,,10
DeepFashion2,../fashion_data/raw/train/train/image/172237.jpg,172237.jpg,../fashion_data/raw/train/train/annos/172237.json,,item2_skirt,skirt,skirt,9,750,576,431.0,325.0,481.0,378.0,0.0061342592592592594,50.0,prd_3_1_v1,stress,SEGSTR1_0028,benchmark/prd_3_1_v1/candidates/segmentation_core_stress_v1/masks/stress/skirt/SEGSTR1_0028.png,benchmark/prd_3_1_v1/candidates/segmentation_core_stress_v1/overlays/stress/skirt/SEGSTR1_0028.jpg,small_0.5-2%,50-99,1,unreviewed,FLAG,LOW_MASK_BBOX_IOU,1,1,1,750,576,750,576,1,1,1610,435,330,478,376,0.746415,1.000000,0.607547,,110
DeepFashion2,../fashion_data/raw/train/train/image/062820.jpg,062820.jpg,../fashion_data/raw/train/train/annos/062820.json,,item4_skirt,skirt,skirt,9,640,619,542.0,373.0,580.0,437.0,0.006138933764135703,38.0,prd_3_1_v1,stress,SEGSTR1_0029,benchmark/prd_3_1_v1/candidates/segmentation_core_stress_v1/masks/stress/skirt/SEGSTR1_0029.png,benchmark/prd_3_1_v1/candidates/segmentation_core_stress_v1/overlays/stress/skirt/SEGSTR1_0029.jpg,small_0.5-2%,20-49,1,unreviewed,FLAG,LOW_MASK_BBOX_IOU,1,1,1,640,619,640,619,1,1,1623,543,377,578,435,0.834704,1.000000,0.667352,,110
DeepFashion2,../fashion_data/raw/train/train/image/110806.jpg,110806.jpg,../fashion_data/raw/train/train/annos/110806.json,,item2_skirt,skirt,skirt,9,750,504,433.0,325.0,479.0,378.0,0.00644973544973545,46.0,prd_3_1_v1,stress,SEGSTR1_0030,benchmark/prd_3_1_v1/candidates/segmentation_core_stress_v1/masks/stress/skirt/SEGSTR1_0030.png,benchmark/prd_3_1_v1/candidates/segmentation_core_stress_v1/overlays/stress/skirt/SEGSTR1_0030.jpg,small_0.5-2%,20-49,1,unreviewed,FLAG,LOW_MASK_BBOX_IOU,1,1,1,750,504,750,504,1,1,1795,435,325,477,376,0.878589,1.000000,0.736259,,110
DeepFashion2,../fashion_data/raw/train/train/image/010298.jpg,010298.jpg,../fashion_data/raw/train/train/annos/010298.json,,item1_long_sleeve_outwear,outerwear,long_sleeve_outwear,4,680,658,221.0,0.0,411.0,38.0,0.016136241730734847,38.0,prd_3_1_v1,stress,SEGSTR1_0031,benchmark/prd_3_1_v1/candidates/segmentation_core_stress_v1/masks/stress/outerwear/SEGSTR1_0031.png,benchmark/prd_3_1_v1/candidates/segmentation_core_stress_v1/overlays/stress/outerwear/SEGSTR1_0031.jpg,small_0.5-2%,20-49,1,unreviewed,FLAG,LOW_MASK_BBOX_IOU,1,1,1,680,658,680,658,1,1,1378,234,1,369,34,0.617036,1.000000,0.190859,,110
DeepFashion2,../fashion_data/raw/train/train/image/127407.jpg,127407.jpg,../fashion_data/raw/train/train/annos/127407.json,,item2_long_sleeve_outwear,outerwear,long_sleeve_outwear,4,300,400,104.0,0.0,181.0,38.0,0.024383333333333333,38.0,prd_3_1_v1,stress,SEGSTR1_0032,benchmark/prd_3_1_v1/candidates/segmentation_core_stress_v1/masks/stress/outerwear/SEGSTR1_0032.png,benchmark/prd_3_1_v1/candidates/segmentation_core_stress_v1/overlays/stress/outerwear/SEGSTR1_0032.jpg,medium_2-10%,20-49,1,unreviewed,FLAG,LOW_MASK_BBOX_IOU,1,1,1,300,400,300,400,1,1,1377,111,0,175,34,0.743677,1.000000,0.470608,,110
DeepFashion2,../fashion_data/raw/train/train/image/174645.jpg,174645.jpg,../fashion_data/raw/train/train/annos/174645.json,,item1_short_sleeve_outwear,outerwear,short_sleeve_outwear,3,300,400,135.0,110.0,181.0,178.0,0.026066666666666665,46.0,prd_3_1_v1,stress,SEGSTR1_0033,benchmark/prd_3_1_v1/candidates/segmentation_core_stress_v1/masks/stress/outerwear/SEGSTR1_0033.png,benchmark/prd_3_1_v1/candidates/segmentation_core_stress_v1/overlays/stress/outerwear/SEGSTR1_0033.jpg,medium_2-10%,20-49,1,unreviewed,FLAG,LOW_MASK_BBOX_IOU,1,1,1,300,400,300,400,1,1,1163,138,112,180,160,0.644501,1.000000,0.371803,,110
DeepFashion2,../fashion_data/raw/train/train/image/121450.jpg,121450.jpg,../fashion_data/raw/train/train/annos/121450.json,,item2_long_sleeve_outwear,outerwear,long_sleeve_outwear,4,100,100,36.0,0.0,79.0,32.0,0.1376,32.0,prd_3_1_v1,stress,SEGSTR1_0034,benchmark/prd_3_1_v1/candidates/segmentation_core_stress_v1/masks/stress/outerwear/SEGSTR1_0034.png,benchmark/prd_3_1_v1/candidates/segmentation_core_stress_v1/overlays/stress/outerwear/SEGSTR1_0034.jpg,large_>=10%,20-49,1,unreviewed,FLAG,LOW_MASK_BBOX_IOU,1,1,1,100,100,100,100,1,1,372,39,0,75,31,0.811047,1.000000,0.270349,,110
DeepFashion2,../fashion_data/raw/train/train/image/077562.jpg,077562.jpg,../fashion_data/raw/train/train/annos/077562.json,,item1_long_sleeve_outwear,outerwear,long_sleeve_outwear,4,100,100,29.0,24.0,68.0,75.0,0.1989,39.0,prd_3_1_v1,stress,SEGSTR1_0035,benchmark/prd_3_1_v1/candidates/segmentation_core_stress_v1/masks/stress/outerwear/SEGSTR1_0035.png,benchmark/prd_3_1_v1/candidates/segmentation_core_stress_v1/overlays/stress/outerwear/SEGSTR1_0035.jpg,large_>=10%,20-49,1,unreviewed,FLAG,LOW_MASK_BBOX_IOU,1,1,1,100,100,100,100,1,1,1139,30,26,67,74,0.892911,1.000000,0.572650,,110
DeepFashion2,../fashion_data/raw/train/train/image/135097.jpg,135097.jpg,../fashion_data/raw/train/train/annos/135097.json,,item1_long_sleeve_outwear,outerwear,long_sleeve_outwear,4,100,100,36.0,23.0,74.0,87.0,0.2432,38.0,prd_3_1_v1,stress,SEGSTR1_0036,benchmark/prd_3_1_v1/candidates/segmentation_core_stress_v1/masks/stress/outerwear/SEGSTR1_0036.png,benchmark/prd_3_1_v1/candidates/segmentation_core_stress_v1/overlays/stress/outerwear/SEGSTR1_0036.jpg,large_>=10%,20-49,1,unreviewed,FLAG,LOW_MASK_BBOX_IOU,1,1,1,100,100,100,100,1,1,1126,39,26,73,87,0.852796,1.000000,0.462993,,110
DeepFashion2,../fashion_data/raw/train/train/image/052074.jpg,052074.jpg,../fashion_data/raw/train/train/annos/052074.json,,item1_long_sleeve_outwear,outerwear,long_sleeve_outwear,4,100,100,9.0,19.0,41.0,99.0,0.256,32.0,prd_3_1_v1,stress,SEGSTR1_0037,benchmark/prd_3_1_v1/candidates/segmentation_core_stress_v1/masks/stress/outerwear/SEGSTR1_0037.png,benchmark/prd_3_1_v1/candidates/segmentation_core_stress_v1/overlays/stress/outerwear/SEGSTR1_0037.jpg,large_>=10%,20-49,1,unreviewed,FLAG,LOW_MASK_BBOX_IOU,1,1,1,100,100,100,100,1,1,1703,11,21,39,99,0.853125,1.000000,0.665234,,110
DeepFashion2,../fashion_data/raw/train/train/image/140334.jpg,140334.jpg,../fashion_data/raw/train/train/annos/140334.json,,item1_short_sleeve_outwear,outerwear,short_sleeve_outwear,3,468,631,205.0,97.0,273.0,184.0,0.02003332114267138,68.0,prd_3_1_v1,stress,SEGSTR1_0038,benchmark/prd_3_1_v1/candidates/segmentation_core_stress_v1/masks/stress/outerwear/SEGSTR1_0038.png,benchmark/prd_3_1_v1/candidates/segmentation_core_stress_v1/overlays/stress/outerwear/SEGSTR1_0038.jpg,medium_2-10%,50-99,0,unreviewed,FLAG,LOW_MASK_BBOX_IOU,1,1,1,468,631,468,631,1,1,2053,210,102,272,159,0.597363,1.000000,0.347025,,100
DeepFashion2,../fashion_data/raw/train/train/image/062669.jpg,062669.jpg,../fashion_data/raw/train/train/annos/062669.json,,item4_long_sleeve_outwear,outerwear,long_sleeve_outwear,4,640,853,354.0,175.0,444.0,297.0,0.020112837045720984,90.0,prd_3_1_v1,stress,SEGSTR1_0039,benchmark/prd_3_1_v1/candidates/segmentation_core_stress_v1/masks/stress/outerwear/SEGSTR1_0039.png,benchmark/prd_3_1_v1/candidates/segmentation_core_stress_v1/overlays/stress/outerwear/SEGSTR1_0039.jpg,medium_2-10%,50-99,0,unreviewed,PASS,,1,1,1,640,853,640,853,1,1,5196,357,178,444,296,0.934973,1.000000,0.473224,,0
DeepFashion2,../fashion_data/raw/train/train/image/050213.jpg,050213.jpg,../fashion_data/raw/train/train/annos/050213.json,,item1_long_sleeve_outwear,outerwear,long_sleeve_outwear,4,750,805,338.0,366.0,413.0,533.0,0.02074534161490683,75.0,prd_3_1_v1,stress,SEGSTR1_0040,benchmark/prd_3_1_v1/candidates/segmentation_core_stress_v1/masks/stress/outerwear/SEGSTR1_0040.png,benchmark/prd_3_1_v1/candidates/segmentation_core_stress_v1/overlays/stress/outerwear/SEGSTR1_0040.jpg,medium_2-10%,50-99,0,unreviewed,FLAG,LOW_MASK_BBOX_IOU,1,1,1,750,805,750,805,1,1,5737,341,369,392,530,0.655569,1.000000,0.458044,,100
DeepFashion2,../fashion_data/raw/train/train/image/073852.jpg,073852.jpg,../fashion_data/raw/train/train/annos/073852.json,,item2_vest_dress,dress,vest_dress,12,468,625,96.0,161.0,123.0,196.0,0.0032307692307692306,27.0,prd_3_1_v1,stress,SEGSTR1_0041,benchmark/prd_3_1_v1/candidates/segmentation_core_stress_v1/masks/stress/dress/SEGSTR1_0041.png,benchmark/prd_3_1_v1/candidates/segmentation_core_stress_v1/overlays/stress/dress/SEGSTR1_0041.jpg,tiny_<0.5%,20-49,1,unreviewed,FLAG,LOW_MASK_BBOX_IOU,1,1,1,468,625,468,625,1,1,328,104,164,119,193,0.460317,1.000000,0.347090,,110
DeepFashion2,../fashion_data/raw/train/train/image/036087.jpg,036087.jpg,../fashion_data/raw/train/train/annos/036087.json,,item2_vest_dress,dress,vest_dress,12,650,532,183.0,196.0,227.0,243.0,0.0059803354540196646,44.0,prd_3_1_v1,stress,SEGSTR1_0042,benchmark/prd_3_1_v1/candidates/segmentation_core_stress_v1/masks/stress/dress/SEGSTR1_0042.png,benchmark/prd_3_1_v1/candidates/segmentation_core_stress_v1/overlays/stress/dress/SEGSTR1_0042.jpg,small_0.5-2%,20-49,1,unreviewed,FLAG,LOW_MASK_BBOX_IOU,1,1,1,650,532,650,532,1,1,850,186,199,223,241,0.751451,1.000000,0.411025,,110
DeepFashion2,../fashion_data/raw/train/train/image/043037.jpg,043037.jpg,../fashion_data/raw/train/train/annos/043037.json,,item1_sling_dress,dress,sling_dress,13,880,709,400.0,319.0,445.0,411.0,0.0066354660853955635,45.0,prd_3_1_v1,stress,SEGSTR1_0043,benchmark/prd_3_1_v1/candidates/segmentation_core_stress_v1/masks/stress/dress/SEGSTR1_0043.png,benchmark/prd_3_1_v1/candidates/segmentation_core_stress_v1/overlays/stress/dress/SEGSTR1_0043.jpg,small_0.5-2%,20-49,1,unreviewed,FLAG,LOW_MASK_BBOX_IOU,1,1,1,880,709,880,709,1,1,2441,403,320,445,408,0.892754,1.000000,0.589614,,110
DeepFashion2,../fashion_data/raw/train/train/image/169549.jpg,169549.jpg,../fashion_data/raw/train/train/annos/169549.json,,item2_short_sleeve_dress,dress,short_sleeve_dress,10,880,586,178.0,220.0,237.0,279.0,0.006750310269934843,59.0,prd_3_1_v1,stress,SEGSTR1_0044,benchmark/prd_3_1_v1/candidates/segmentation_core_stress_v1/masks/stress/dress/SEGSTR1_0044.png,benchmark/prd_3_1_v1/candidates/segmentation_core_stress_v1/overlays/stress/dress/SEGSTR1_0044.jpg,small_0.5-2%,50-99,1,unreviewed,FLAG,LOW_MASK_BBOX_IOU,1,1,1,880,586,880,586,1,1,2086,181,224,231,281,0.767942,0.996165,0.599253,,110
DeepFashion2,../fashion_data/raw/train/train/image/013649.jpg,013649.jpg,../fashion_data/raw/train/train/annos/013649.json,,item2_sling_dress,dress,sling_dress,13,468,618,228.0,335.0,263.0,404.0,0.00834992946643432,35.0,prd_3_1_v1,stress,SEGSTR1_0045,benchmark/prd_3_1_v1/candidates/segmentation_core_stress_v1/masks/stress/dress/SEGSTR1_0045.png,benchmark/prd_3_1_v1/candidates/segmentation_core_stress_v1/overlays/stress/dress/SEGSTR1_0045.jpg,small_0.5-2%,20-49,1,unreviewed,FLAG,LOW_MASK_BBOX_IOU,1,1,1,468,618,468,618,1,1,1323,231,338,263,403,0.861284,1.000000,0.547826,,110
DeepFashion2,../fashion_data/raw/train/train/image/020582.jpg,020582.jpg,../fashion_data/raw/train/train/annos/020582.json,,item1_vest_dress,dress,vest_dress,12,468,624,206.0,272.0,245.0,336.0,0.008547008547008548,39.0,prd_3_1_v1,stress,SEGSTR1_0046,benchmark/prd_3_1_v1/candidates/segmentation_core_stress_v1/masks/stress/dress/SEGSTR1_0046.png,benchmark/prd_3_1_v1/candidates/segmentation_core_stress_v1/overlays/stress/dress/SEGSTR1_0046.jpg,small_0.5-2%,20-49,1,unreviewed,PASS,,1,1,1,468,624,468,624,1,1,1758,208,273,245,335,0.919071,1.000000,0.704327,,10
DeepFashion2,../fashion_data/raw/train/train/image/169557.jpg,169557.jpg,../fashion_data/raw/train/train/annos/169557.json,,item2_short_sleeve_dress,dress,short_sleeve_dress,10,880,1320,126.0,556.0,234.0,661.0,0.009762396694214876,105.0,prd_3_1_v1,stress,SEGSTR1_0047,benchmark/prd_3_1_v1/candidates/segmentation_core_stress_v1/masks/stress/dress/SEGSTR1_0047.png,benchmark/prd_3_1_v1/candidates/segmentation_core_stress_v1/overlays/stress/dress/SEGSTR1_0047.jpg,small_0.5-2%,>=100,1,unreviewed,FLAG,LOW_MASK_BBOX_IOU,1,1,1,880,1320,880,1320,1,1,9000,123,560,236,658,0.894675,0.993778,0.793651,,110
DeepFashion2,../fashion_data/raw/train/train/image/092498.jpg,092498.jpg,../fashion_data/raw/train/train/annos/092498.json,,item2_vest_dress,dress,vest_dress,12,468,624,282.0,401.0,323.0,472.0,0.009968085689239535,41.0,prd_3_1_v1,stress,SEGSTR1_0048,benchmark/prd_3_1_v1/candidates/segmentation_core_stress_v1/masks/stress/dress/SEGSTR1_0048.png,benchmark/prd_3_1_v1/candidates/segmentation_core_stress_v1/overlays/stress/dress/SEGSTR1_0048.jpg,small_0.5-2%,20-49,1,unreviewed,PASS,,1,1,1,468,624,468,624,1,1,1881,283,403,322,471,0.911027,1.000000,0.646170,,10
DeepFashion2,../fashion_data/raw/train/train/image/086218.jpg,086218.jpg,../fashion_data/raw/train/train/annos/086218.json,,item2_vest_dress,dress,vest_dress,12,648,605,219.0,274.0,276.0,347.0,0.01061371288644016,57.0,prd_3_1_v1,stress,SEGSTR1_0049,benchmark/prd_3_1_v1/candidates/segmentation_core_stress_v1/masks/stress/dress/SEGSTR1_0049.png,benchmark/prd_3_1_v1/candidates/segmentation_core_stress_v1/overlays/stress/dress/SEGSTR1_0049.jpg,small_0.5-2%,50-99,1,unreviewed,FLAG,LOW_MASK_BBOX_IOU,1,1,1,648,605,648,605,1,1,2432,222,277,273,346,0.845710,1.000000,0.584475,,110
DeepFashion2,../fashion_data/raw/train/train/image/086221.jpg,086221.jpg,../fashion_data/raw/train/train/annos/086221.json,,item2_vest_dress,dress,vest_dress,12,645,601,191.0,245.0,250.0,316.0,0.010806278940783448,59.0,prd_3_1_v1,stress,SEGSTR1_0050,benchmark/prd_3_1_v1/candidates/segmentation_core_stress_v1/masks/stress/dress/SEGSTR1_0050.png,benchmark/prd_3_1_v1/candidates/segmentation_core_stress_v1/overlays/stress/dress/SEGSTR1_0050.jpg,small_0.5-2%,50-99,1,unreviewed,FLAG,LOW_MASK_BBOX_IOU,1,1,1,645,601,645,601,1,1,2293,198,248,250,313,0.806875,1.000000,0.547386,,110
Fashionpedia,../fashion_data/raw/fashionpedia/images/test/8eacc19c92ca15c7d79d66bfb2626fe7.jpg,8eacc19c92ca15c7d79d66bfb2626fe7.jpg,../fashion_data/raw/fashionpedia/annotations/instances_attributes_val2020.json,5368,fashionpedia_ann_5368,shoe,shoe,23,684,1024,404.0,833.0,418.0,845.0,0.00023985745614035086,12.0,prd_3_1_v1,stress,SEGSTR1_0051,benchmark/prd_3_1_v1/candidates/segmentation_core_stress_v1/masks/stress/shoe/SEGSTR1_0051.png,benchmark/prd_3_1_v1/candidates/segmentation_core_stress_v1/overlays/stress/shoe/SEGSTR1_0051.jpg,tiny_<0.5%,<20,1,unreviewed,FLAG,LOW_MASK_BBOX_IOU|MASK_OUTSIDE_BBOX,1,1,1,684,1024,684,1024,1,1,110,404,833,419,846,0.861538,0.972727,0.654762,,110
Fashionpedia,../fashion_data/raw/fashionpedia/images/test/976f38b9efb4a6c8d089bdd2e1e5ab02.jpg,976f38b9efb4a6c8d089bdd2e1e5ab02.jpg,../fashion_data/raw/fashionpedia/annotations/instances_attributes_val2020.json,1299,fashionpedia_ann_1299,shoe,shoe,23,1024,683,523.0,562.0,541.0,574.0,0.0003088396778916545,12.0,prd_3_1_v1,stress,SEGSTR1_0052,benchmark/prd_3_1_v1/candidates/segmentation_core_stress_v1/masks/stress/shoe/SEGSTR1_0052.png,benchmark/prd_3_1_v1/candidates/segmentation_core_stress_v1/overlays/stress/shoe/SEGSTR1_0052.jpg,tiny_<0.5%,<20,1,unreviewed,FLAG,LOW_MASK_BBOX_IOU|MASK_OUTSIDE_BBOX,1,1,1,1024,683,1024,683,1,1,189,523,562,542,575,0.874494,0.883598,0.875000,,110
Fashionpedia,../fashion_data/raw/fashionpedia/images/test/07ca8557b287c88d68ad06b4fe42776b.jpg,07ca8557b287c88d68ad06b4fe42776b.jpg,../fashion_data/raw/fashionpedia/annotations/instances_attributes_val2020.json,762,fashionpedia_ann_762,shoe,shoe,23,682,1024,310.0,959.0,328.0,972.0,0.00033506689882697945,13.0,prd_3_1_v1,stress,SEGSTR1_0053,benchmark/prd_3_1_v1/candidates/segmentation_core_stress_v1/masks/stress/shoe/SEGSTR1_0053.png,benchmark/prd_3_1_v1/candidates/segmentation_core_stress_v1/overlays/stress/shoe/SEGSTR1_0053.jpg,tiny_<0.5%,<20,1,unreviewed,FLAG,LOW_MASK_BBOX_IOU|MASK_OUTSIDE_BBOX,1,1,1,682,1024,682,1024,1,1,204,310,959,329,973,0.879699,0.926471,0.871795,,110
Fashionpedia,../fashion_data/raw/fashionpedia/images/test/aa436971de7a39708edbc4d5e9e969cc.jpg,aa436971de7a39708edbc4d5e9e969cc.jpg,../fashion_data/raw/fashionpedia/annotations/instances_attributes_val2020.json,2688,fashionpedia_ann_2688,shoe,shoe,23,680,1024,385.0,1009.0,402.0,1023.0,0.000341796875,14.0,prd_3_1_v1,stress,SEGSTR1_0054,benchmark/prd_3_1_v1/candidates/segmentation_core_stress_v1/masks/stress/shoe/SEGSTR1_0054.png,benchmark/prd_3_1_v1/candidates/segmentation_core_stress_v1/overlays/stress/shoe/SEGSTR1_0054.jpg,tiny_<0.5%,<20,1,unreviewed,FLAG,LOW_MASK_BBOX_IOU|MASK_OUTSIDE_BBOX,1,1,1,680,1024,680,1024,1,1,136,385,1009,403,1024,0.881481,0.867647,0.571429,,110
Fashionpedia,../fashion_data/raw/fashionpedia/images/test/cb49b883e995b9102d831e4640c0d195.jpg,cb49b883e995b9102d831e4640c0d195.jpg,../fashion_data/raw/fashionpedia/annotations/instances_attributes_val2020.json,2314,fashionpedia_ann_2314,shoe,shoe,23,1024,682,517.0,575.0,532.0,591.0,0.000343658357771261,15.0,prd_3_1_v1,stress,SEGSTR1_0055,benchmark/prd_3_1_v1/candidates/segmentation_core_stress_v1/masks/stress/shoe/SEGSTR1_0055.png,benchmark/prd_3_1_v1/candidates/segmentation_core_stress_v1/overlays/stress/shoe/SEGSTR1_0055.jpg,tiny_<0.5%,<20,1,unreviewed,FLAG,LOW_MASK_BBOX_IOU|MASK_OUTSIDE_BBOX,1,1,1,1024,682,1024,682,1,1,192,517,574,533,592,0.833333,0.963542,0.800000,,110
Fashionpedia,../fashion_data/raw/fashionpedia/images/test/c1df3b91dde14c0937a259345d5c7ca7.jpg,c1df3b91dde14c0937a259345d5c7ca7.jpg,../fashion_data/raw/fashionpedia/annotations/instances_attributes_val2020.json,600,fashionpedia_ann_600,shoe,shoe,23,683,1024,392.0,779.0,417.0,789.0,0.0003574533308931186,10.0,prd_3_1_v1,stress,SEGSTR1_0056,benchmark/prd_3_1_v1/candidates/segmentation_core_stress_v1/masks/stress/shoe/SEGSTR1_0056.png,benchmark/prd_3_1_v1/candidates/segmentation_core_stress_v1/overlays/stress/shoe/SEGSTR1_0056.jpg,tiny_<0.5%,<20,1,unreviewed,FLAG,LOW_MASK_BBOX_IOU|MASK_OUTSIDE_BBOX,1,1,1,683,1024,683,1024,1,1,114,392,779,418,790,0.874126,0.973684,0.456000,,110
Fashionpedia,../fashion_data/raw/fashionpedia/images/test/ac04434c447d537b797dcef55ad597a5.jpg,ac04434c447d537b797dcef55ad597a5.jpg,../fashion_data/raw/fashionpedia/annotations/instances_attributes_val2020.json,5612,fashionpedia_ann_5612,shoe,shoe,23,683,1024,335.0,932.0,347.0,957.0,0.0004289439970717423,12.0,prd_3_1_v1,stress,SEGSTR1_0057,benchmark/prd_3_1_v1/candidates/segmentation_core_stress_v1/masks/stress/shoe/SEGSTR1_0057.png,benchmark/prd_3_1_v1/candidates/segmentation_core_stress_v1/overlays/stress/shoe/SEGSTR1_0057.jpg,tiny_<0.5%,<20,1,unreviewed,FLAG,LOW_MASK_BBOX_IOU,1,1,1,683,1024,683,1024,1,1,223,335,932,348,958,0.887574,0.986547,0.743333,,110
Fashionpedia,../fashion_data/raw/fashionpedia/images/test/c0e497b92b65779f0c2491827d3e0060.jpg,c0e497b92b65779f0c2491827d3e0060.jpg,../fashion_data/raw/fashionpedia/annotations/instances_attributes_val2020.json,2514,fashionpedia_ann_2514,shoe,shoe,23,1024,682,525.0,528.0,545.0,543.0,0.00042957294721407624,15.0,prd_3_1_v1,stress,SEGSTR1_0058,benchmark/prd_3_1_v1/candidates/segmentation_core_stress_v1/masks/stress/shoe/SEGSTR1_0058.png,benchmark/prd_3_1_v1/candidates/segmentation_core_stress_v1/overlays/stress/shoe/SEGSTR1_0058.jpg,tiny_<0.5%,<20,1,unreviewed,FLAG,LOW_MASK_BBOX_IOU|MASK_OUTSIDE_BBOX,1,1,1,1024,682,1024,682,1,1,243,525,528,546,544,0.892857,0.954733,0.810000,,110
Fashionpedia,../fashion_data/raw/fashionpedia/images/test/94c3aa688e6f7e7c93287e541f726452.jpg,94c3aa688e6f7e7c93287e541f726452.jpg,../fashion_data/raw/fashionpedia/annotations/instances_attributes_val2020.json,5590,fashionpedia_ann_5590,shoe,shoe,23,1024,731,410.0,578.0,426.0,599.0,0.00044887140902872776,16.0,prd_3_1_v1,stress,SEGSTR1_0059,benchmark/prd_3_1_v1/candidates/segmentation_core_stress_v1/masks/stress/shoe/SEGSTR1_0059.png,benchmark/prd_3_1_v1/candidates/segmentation_core_stress_v1/overlays/stress/shoe/SEGSTR1_0059.jpg,tiny_<0.5%,<20,1,unreviewed,FLAG,LOW_MASK_BBOX_IOU|MASK_OUTSIDE_BBOX,1,1,1,1024,731,1024,731,1,1,192,410,578,428,600,0.848485,0.979167,0.571429,,110
Fashionpedia,../fashion_data/raw/fashionpedia/images/test/9595f24dbd770431ef76c8d4e4007d87.jpg,9595f24dbd770431ef76c8d4e4007d87.jpg,../fashion_data/raw/fashionpedia/annotations/instances_attributes_val2020.json,3088,fashionpedia_ann_3088,shoe,shoe,23,633,1024,280.0,897.0,300.0,912.0,0.00046282582938388626,15.0,prd_3_1_v1,stress,SEGSTR1_0060,benchmark/prd_3_1_v1/candidates/segmentation_core_stress_v1/masks/stress/shoe/SEGSTR1_0060.png,benchmark/prd_3_1_v1/candidates/segmentation_core_stress_v1/overlays/stress/shoe/SEGSTR1_0060.jpg,tiny_<0.5%,<20,1,unreviewed,FLAG,LOW_MASK_BBOX_IOU|MASK_OUTSIDE_BBOX,1,1,1,633,1024,633,1024,1,1,131,279,897,301,914,0.802139,0.916031,0.436667,,110
Fashionpedia,../fashion_data/raw/fashionpedia/images/test/df079613f0d10e3e2778b0dba7809686.jpg,df079613f0d10e3e2778b0dba7809686.jpg,../fashion_data/raw/fashionpedia/annotations/instances_attributes_val2020.json,1928,fashionpedia_ann_1928,bag,"bag, wallet",24,731,1024,226.0,731.0,284.0,767.0,0.0027894151846785224,36.0,prd_3_1_v1,stress,SEGSTR1_0061,benchmark/prd_3_1_v1/candidates/segmentation_core_stress_v1/masks/stress/bag/SEGSTR1_0061.png,benchmark/prd_3_1_v1/candidates/segmentation_core_stress_v1/overlays/stress/bag/SEGSTR1_0061.jpg,tiny_<0.5%,20-49,1,unreviewed,PASS,,1,1,1,731,1024,731,1024,1,1,1071,226,731,285,768,0.956482,0.991597,0.512931,,10
Fashionpedia,../fashion_data/raw/fashionpedia/images/test/88c840fa10f5ee1ac241b8097df3574e.jpg,88c840fa10f5ee1ac241b8097df3574e.jpg,../fashion_data/raw/fashionpedia/annotations/instances_attributes_val2020.json,3720,fashionpedia_ann_3720,bag,"bag, wallet",24,682,1024,418.0,205.0,451.0,312.0,0.005056073588709678,33.0,prd_3_1_v1,stress,SEGSTR1_0062,benchmark/prd_3_1_v1/candidates/segmentation_core_stress_v1/masks/stress/bag/SEGSTR1_0062.png,benchmark/prd_3_1_v1/candidates/segmentation_core_stress_v1/overlays/stress/bag/SEGSTR1_0062.jpg,small_0.5-2%,20-49,1,unreviewed,FLAG,MASK_OUTSIDE_BBOX,1,1,1,682,1024,682,1024,1,1,992,417,205,452,317,0.900765,0.965726,0.280940,,110
Fashionpedia,../fashion_data/raw/fashionpedia/images/test/73565a1d1eab156d8d17f9f481d7d54e.jpg,73565a1d1eab156d8d17f9f481d7d54e.jpg,../fashion_data/raw/fashionpedia/annotations/instances_attributes_val2020.json,8498,fashionpedia_ann_8498,bag,"bag, wallet",24,704,1024,284.0,504.0,329.0,595.0,0.005680431019176136,45.0,prd_3_1_v1,stress,SEGSTR1_0063,benchmark/prd_3_1_v1/candidates/segmentation_core_stress_v1/masks/stress/bag/SEGSTR1_0063.png,benchmark/prd_3_1_v1/candidates/segmentation_core_stress_v1/overlays/stress/bag/SEGSTR1_0063.jpg,small_0.5-2%,20-49,1,unreviewed,PASS,,1,1,1,704,1024,704,1024,1,1,2682,284,504,330,596,0.967628,0.995153,0.654945,,10
Fashionpedia,../fashion_data/raw/fashionpedia/images/test/9998cd8c040a202d3ff1019be96ab38c.jpg,9998cd8c040a202d3ff1019be96ab38c.jpg,../fashion_data/raw/fashionpedia/annotations/instances_attributes_val2020.json,1117,fashionpedia_ann_1117,bag,"bag, wallet",24,578,1024,256.0,607.0,301.0,699.0,0.00699475562283737,45.0,prd_3_1_v1,stress,SEGSTR1_0064,benchmark/prd_3_1_v1/candidates/segmentation_core_stress_v1/masks/stress/bag/SEGSTR1_0064.png,benchmark/prd_3_1_v1/candidates/segmentation_core_stress_v1/overlays/stress/bag/SEGSTR1_0064.jpg,small_0.5-2%,20-49,1,unreviewed,PASS,,1,1,1,578,1024,578,1024,1,1,2600,256,607,302,700,0.967742,0.997308,0.628019,,10
Fashionpedia,../fashion_data/raw/fashionpedia/images/test/c7a789f6eaa33502f0d3d17a69c07732.jpg,c7a789f6eaa33502f0d3d17a69c07732.jpg,../fashion_data/raw/fashionpedia/annotations/instances_attributes_val2020.json,6188,fashionpedia_ann_6188,bag,"bag, wallet",24,744,1024,411.0,348.0,444.0,569.0,0.009572675151209678,33.0,prd_3_1_v1,stress,SEGSTR1_0065,benchmark/prd_3_1_v1/candidates/segmentation_core_stress_v1/masks/stress/bag/SEGSTR1_0065.png,benchmark/prd_3_1_v1/candidates/segmentation_core_stress_v1/overlays/stress/bag/SEGSTR1_0065.jpg,small_0.5-2%,20-49,1,unreviewed,PASS,,1,1,1,744,1024,744,1024,1,1,1026,411,348,445,570,0.966216,0.991228,0.140683,,10
Fashionpedia,../fashion_data/raw/fashionpedia/images/test/53299262e048171c51fb3673c5b85a08.jpg,53299262e048171c51fb3673c5b85a08.jpg,../fashion_data/raw/fashionpedia/annotations/instances_attributes_val2020.json,798,fashionpedia_ann_798,bag,"bag, wallet",24,682,1024,187.0,224.0,234.0,516.0,0.019651530425219943,47.0,prd_3_1_v1,stress,SEGSTR1_0066,benchmark/prd_3_1_v1/candidates/segmentation_core_stress_v1/masks/stress/bag/SEGSTR1_0066.png,benchmark/prd_3_1_v1/candidates/segmentation_core_stress_v1/overlays/stress/bag/SEGSTR1_0066.jpg,small_0.5-2%,20-49,1,unreviewed,PASS,,1,1,1,682,1024,682,1024,1,1,6192,187,224,235,517,0.975825,0.998708,0.451180,,10
Fashionpedia,../fashion_data/raw/fashionpedia/images/test/cdd60a254cc0a2ad373d5b2cd32b0247.jpg,cdd60a254cc0a2ad373d5b2cd32b0247.jpg,../fashion_data/raw/fashionpedia/annotations/instances_attributes_val2020.json,1723,fashionpedia_ann_1723,bag,"bag, wallet",24,633,1024,363.0,238.0,445.0,433.0,0.024668616706161137,82.0,prd_3_1_v1,stress,SEGSTR1_0067,benchmark/prd_3_1_v1/candidates/segmentation_core_stress_v1/masks/stress/bag/SEGSTR1_0067.png,benchmark/prd_3_1_v1/candidates/segmentation_core_stress_v1/overlays/stress/bag/SEGSTR1_0067.jpg,medium_2-10%,50-99,0,unreviewed,PASS,,1,1,1,633,1024,633,1024,1,1,4327,363,238,446,434,0.982911,0.997920,0.270607,,0
Fashionpedia,../fashion_data/raw/fashionpedia/images/test/96efe0543a0aa8e37634431177a3e43b.jpg,96efe0543a0aa8e37634431177a3e43b.jpg,../fashion_data/raw/fashionpedia/annotations/instances_attributes_val2020.json,4466,fashionpedia_ann_4466,bag,"bag, wallet",24,682,1024,109.0,610.0,245.0,747.0,0.02667934384164223,136.0,prd_3_1_v1,stress,SEGSTR1_0068,benchmark/prd_3_1_v1/candidates/segmentation_core_stress_v1/masks/stress/bag/SEGSTR1_0068.png,benchmark/prd_3_1_v1/candidates/segmentation_core_stress_v1/overlays/stress/bag/SEGSTR1_0068.jpg,medium_2-10%,>=100,0,unreviewed,PASS,,1,1,1,682,1024,682,1024,1,1,11765,109,610,246,748,0.985507,0.997620,0.631441,,0
Fashionpedia,../fashion_data/raw/fashionpedia/images/test/0d25b761d9b146cfa820b2a7364b5bf7.jpg,0d25b761d9b146cfa820b2a7364b5bf7.jpg,../fashion_data/raw/fashionpedia/annotations/instances_attributes_val2020.json,6651,fashionpedia_ann_6651,bag,"bag, wallet",24,1024,682,291.0,145.0,422.0,423.0,0.05214729197214076,131.0,prd_3_1_v1,stress,SEGSTR1_0069,benchmark/prd_3_1_v1/candidates/segmentation_core_stress_v1/masks/stress/bag/SEGSTR1_0069.png,benchmark/prd_3_1_v1/candidates/segmentation_core_stress_v1/overlays/stress/bag/SEGSTR1_0069.jpg,medium_2-10%,>=100,0,unreviewed,PASS,,1,1,1,1024,682,1024,682,1,1,14679,291,145,423,424,0.988867,0.999796,0.403070,,0
Fashionpedia,../fashion_data/raw/fashionpedia/images/test/9eb8652e63ac33c79a9277fe0e115440.jpg,9eb8652e63ac33c79a9277fe0e115440.jpg,../fashion_data/raw/fashionpedia/annotations/instances_attributes_val2020.json,8961,fashionpedia_ann_8961,bag,"bag, wallet",24,682,1024,436.0,268.0,596.0,669.0,0.09187133431085044,160.0,prd_3_1_v1,stress,SEGSTR1_0070,benchmark/prd_3_1_v1/candidates/segmentation_core_stress_v1/masks/stress/bag/SEGSTR1_0070.png,benchmark/prd_3_1_v1/candidates/segmentation_core_stress_v1/overlays/stress/bag/SEGSTR1_0070.jpg,medium_2-10%,>=100,0,unreviewed,PASS,,1,1,1,682,1024,682,1024,1,1,13474,436,268,597,670,0.991317,0.999555,0.210006,,0
Fashionpedia,../fashion_data/raw/fashionpedia/images/test/1894401d7f537c348a237a8043630521.jpg,1894401d7f537c348a237a8043630521.jpg,../fashion_data/raw/fashionpedia/annotations/instances_attributes_val2020.json,4839,fashionpedia_ann_4839,accessory,"headband, head covering, hair accessory",15,1024,683,543.0,226.0,554.0,236.0,0.00015727946559297219,10.0,prd_3_1_v1,stress,SEGSTR1_0071,benchmark/prd_3_1_v1/candidates/segmentation_core_stress_v1/masks/stress/accessory/SEGSTR1_0071.png,benchmark/prd_3_1_v1/candidates/segmentation_core_stress_v1/overlays/stress/accessory/SEGSTR1_0071.jpg,tiny_<0.5%,<20,1,unreviewed,FLAG,LOW_MASK_BBOX_IOU|MASK_OUTSIDE_BBOX,1,1,1,1024,683,1024,683,1,1,80,542,226,555,238,0.705128,0.912500,0.727273,,110
Fashionpedia,../fashion_data/raw/fashionpedia/images/test/88383c53ef2404f1596e41e45ebe5ddd.jpg,88383c53ef2404f1596e41e45ebe5ddd.jpg,../fashion_data/raw/fashionpedia/annotations/instances_attributes_val2020.json,1584,fashionpedia_ann_1584,accessory,"headband, head covering, hair accessory",15,683,1024,357.0,165.0,367.0,179.0,0.00020017386530014642,10.0,prd_3_1_v1,stress,SEGSTR1_0072,benchmark/prd_3_1_v1/candidates/segmentation_core_stress_v1/masks/stress/accessory/SEGSTR1_0072.png,benchmark/prd_3_1_v1/candidates/segmentation_core_stress_v1/overlays/stress/accessory/SEGSTR1_0072.jpg,tiny_<0.5%,<20,1,unreviewed,FLAG,LOW_MASK_BBOX_IOU|MASK_OUTSIDE_BBOX,1,1,1,683,1024,683,1024,1,1,48,357,165,368,181,0.795455,0.937500,0.342857,,110
Fashionpedia,../fashion_data/raw/fashionpedia/images/test/0d8803f0181d1d5e0b8d55d886a40c3d.jpg,0d8803f0181d1d5e0b8d55d886a40c3d.jpg,../fashion_data/raw/fashionpedia/annotations/instances_attributes_val2020.json,448,fashionpedia_ann_448,accessory,sock,22,1024,819,824.0,691.0,840.0,703.0,0.00022893772893772894,12.0,prd_3_1_v1,stress,SEGSTR1_0073,benchmark/prd_3_1_v1/candidates/segmentation_core_stress_v1/masks/stress/accessory/SEGSTR1_0073.png,benchmark/prd_3_1_v1/candidates/segmentation_core_stress_v1/overlays/stress/accessory/SEGSTR1_0073.jpg,tiny_<0.5%,<20,1,unreviewed,FLAG,LOW_MASK_BBOX_IOU|MASK_OUTSIDE_BBOX,1,1,1,1024,819,1024,819,1,1,111,824,691,842,704,0.820513,0.927928,0.578125,,110
Fashionpedia,../fashion_data/raw/fashionpedia/images/test/2df8a3cbaf17a7e8441cf3f4bc73824c.jpg,2df8a3cbaf17a7e8441cf3f4bc73824c.jpg,../fashion_data/raw/fashionpedia/annotations/instances_attributes_val2020.json,5681,fashionpedia_ann_5681,accessory,glasses,13,1024,682,505.0,432.0,520.0,443.0,0.00023626512096774194,11.0,prd_3_1_v1,stress,SEGSTR1_0074,benchmark/prd_3_1_v1/candidates/segmentation_core_stress_v1/masks/stress/accessory/SEGSTR1_0074.png,benchmark/prd_3_1_v1/candidates/segmentation_core_stress_v1/overlays/stress/accessory/SEGSTR1_0074.jpg,tiny_<0.5%,<20,1,unreviewed,FLAG,LOW_MASK_BBOX_IOU|MASK_OUTSIDE_BBOX,1,1,1,1024,682,1024,682,1,1,72,505,432,521,445,0.793269,0.750000,0.436364,,110
Fashionpedia,../fashion_data/raw/fashionpedia/images/test/458aec6dd827b8585dbfeeb7bd4cf4c9.jpg,458aec6dd827b8585dbfeeb7bd4cf4c9.jpg,../fashion_data/raw/fashionpedia/annotations/instances_attributes_val2020.json,8974,fashionpedia_ann_8974,accessory,sock,22,819,1024,390.0,797.0,400.0,817.0,0.00023847680097680097,10.0,prd_3_1_v1,stress,SEGSTR1_0075,benchmark/prd_3_1_v1/candidates/segmentation_core_stress_v1/masks/stress/accessory/SEGSTR1_0075.png,benchmark/prd_3_1_v1/candidates/segmentation_core_stress_v1/overlays/stress/accessory/SEGSTR1_0075.jpg,tiny_<0.5%,<20,1,unreviewed,FLAG,LOW_MASK_BBOX_IOU|MASK_OUTSIDE_BBOX,1,1,1,819,1024,819,1024,1,1,115,390,797,401,818,0.865801,0.973913,0.575000,,110
Fashionpedia,../fashion_data/raw/fashionpedia/images/test/b360c19580caf49e561173fab54bfdb2.jpg,b360c19580caf49e561173fab54bfdb2.jpg,../fashion_data/raw/fashionpedia/annotations/instances_attributes_val2020.json,9267,fashionpedia_ann_9267,accessory,sock,22,631,1024,233.0,856.0,244.0,871.0,0.00025536103407290016,11.0,prd_3_1_v1,stress,SEGSTR1_0076,benchmark/prd_3_1_v1/candidates/segmentation_core_stress_v1/masks/stress/accessory/SEGSTR1_0076.png,benchmark/prd_3_1_v1/candidates/segmentation_core_stress_v1/overlays/stress/accessory/SEGSTR1_0076.jpg,tiny_<0.5%,<20,1,unreviewed,FLAG,LOW_MASK_BBOX_IOU|MASK_OUTSIDE_BBOX,1,1,1,631,1024,631,1024,1,1,147,233,856,245,872,0.859375,0.965986,0.890909,,110
Fashionpedia,../fashion_data/raw/fashionpedia/images/test/0f89611061b52ccbf2dde820554de1df.jpg,0f89611061b52ccbf2dde820554de1df.jpg,../fashion_data/raw/fashionpedia/annotations/instances_attributes_val2020.json,2852,fashionpedia_ann_2852,accessory,"headband, head covering, hair accessory",15,683,1024,220.0,220.0,230.0,238.0,0.0002573663982430454,10.0,prd_3_1_v1,stress,SEGSTR1_0077,benchmark/prd_3_1_v1/candidates/segmentation_core_stress_v1/masks/stress/accessory/SEGSTR1_0077.png,benchmark/prd_3_1_v1/candidates/segmentation_core_stress_v1/overlays/stress/accessory/SEGSTR1_0077.jpg,tiny_<0.5%,<20,1,unreviewed,FLAG,LOW_MASK_BBOX_IOU|MASK_OUTSIDE_BBOX,1,1,1,683,1024,683,1024,1,1,171,220,220,231,239,0.861244,0.953216,0.950000,,110
Fashionpedia,../fashion_data/raw/fashionpedia/images/test/491cb7a45cc0f231fac998814d9a10f2.jpg,491cb7a45cc0f231fac998814d9a10f2.jpg,../fashion_data/raw/fashionpedia/annotations/instances_attributes_val2020.json,3833,fashionpedia_ann_3833,accessory,"headband, head covering, hair accessory",15,682,1024,285.0,111.0,299.0,124.0,0.0002606075879765396,13.0,prd_3_1_v1,stress,SEGSTR1_0078,benchmark/prd_3_1_v1/candidates/segmentation_core_stress_v1/masks/stress/accessory/SEGSTR1_0078.png,benchmark/prd_3_1_v1/candidates/segmentation_core_stress_v1/overlays/stress/accessory/SEGSTR1_0078.jpg,tiny_<0.5%,<20,1,unreviewed,FLAG,LOW_MASK_BBOX_IOU|MASK_OUTSIDE_BBOX,1,1,1,682,1024,682,1024,1,1,84,285,111,301,126,0.758333,0.916667,0.461538,,110
Fashionpedia,../fashion_data/raw/fashionpedia/images/test/7be8af2ebbb6fa133131a2f42bdbe9f6.jpg,7be8af2ebbb6fa133131a2f42bdbe9f6.jpg,../fashion_data/raw/fashionpedia/annotations/instances_attributes_val2020.json,7639,fashionpedia_ann_7639,accessory,sock,22,1024,680,546.0,534.0,565.0,545.0,0.0003001493566176471,11.0,prd_3_1_v1,stress,SEGSTR1_0079,benchmark/prd_3_1_v1/candidates/segmentation_core_stress_v1/masks/stress/accessory/SEGSTR1_0079.png,benchmark/prd_3_1_v1/candidates/segmentation_core_stress_v1/overlays/stress/accessory/SEGSTR1_0079.jpg,tiny_<0.5%,<20,1,unreviewed,FLAG,LOW_MASK_BBOX_IOU|MASK_OUTSIDE_BBOX,1,1,1,1024,680,1024,680,1,1,74,546,534,566,546,0.870833,0.959459,0.354067,,110
Fashionpedia,../fashion_data/raw/fashionpedia/images/test/a81789ee4548b9ea8aafde83cc5eaccc.jpg,a81789ee4548b9ea8aafde83cc5eaccc.jpg,../fashion_data/raw/fashionpedia/annotations/instances_attributes_val2020.json,1331,fashionpedia_ann_1331,accessory,sock,22,682,1024,352.0,908.0,380.0,918.0,0.00040093475073313785,10.0,prd_3_1_v1,stress,SEGSTR1_0080,benchmark/prd_3_1_v1/candidates/segmentation_core_stress_v1/masks/stress/accessory/SEGSTR1_0080.png,benchmark/prd_3_1_v1/candidates/segmentation_core_stress_v1/overlays/stress/accessory/SEGSTR1_0080.jpg,tiny_<0.5%,<20,1,unreviewed,FLAG,LOW_MASK_BBOX_IOU|MASK_OUTSIDE_BBOX,1,1,1,682,1024,682,1024,1,1,132,352,908,381,919,0.877743,0.962121,0.471429,,110
