review_sample_id,garment_category,fine_or_source_category,source_dataset,source_image,garment_id,gt_mask_path,gt_overlay_path,bbox_area_ratio,size_bucket,pre_freeze_status,final_annotation_valid,scene_type,occlusion_level,visibility_level,coverage_note,coverage_review_status,scene_type_suggested,scene_confidence,scene_second_label,scene_margin,occlusion_level_suggested,occlusion_confidence,occlusion_second_label,occlusion_margin,visibility_level_suggested,visibility_confidence,visibility_second_label,visibility_margin,coverage_suggestion_review_flag,coverage_suggestion_review_reasons
SEGCORE1_0002,top,long_sleeve_top,DeepFashion2,../fashion_data/raw/train/train/image/184161.jpg,item4_long_sleeve_top,benchmark/prd_3_1_v1/candidates/segmentation_core_stress_v1/masks/core/top/SEGCORE1_0002.png,benchmark/prd_3_1_v1/candidates/segmentation_core_stress_v1/overlays/core/top/SEGCORE1_0002.jpg,0.00744421,small,PENDING_FINAL_HUMAN_CONFIRMATION,,,,,,unreviewed,product_display,0.431225,worn_person,0.063722,none,0.425719,partial,0.026668,partial,0.724317,full,0.448634,REVIEW,LOW_SCENE_CONFIDENCE|LOW_OCCLUSION_CONFIDENCE
SEGCORE1_0004,top,vest,DeepFashion2,../fashion_data/raw/train/train/image/053896.jpg,item1_vest,benchmark/prd_3_1_v1/candidates/segmentation_core_stress_v1/masks/core/top/SEGCORE1_0004.png,benchmark/prd_3_1_v1/candidates/segmentation_core_stress_v1/overlays/core/top/SEGCORE1_0004.jpg,0.68836292,large,PENDING_FINAL_HUMAN_CONFIRMATION,,,,,,unreviewed,partial_view,0.811964,worn_person,0.637165,none,0.590141,partial,0.322398,partial,0.522364,full,0.044729,REVIEW,LOW_VISIBILITY_CONFIDENCE
SEGCORE1_0006,top,short_sleeve_top,DeepFashion2,../fashion_data/raw/train/train/image/177014.jpg,item1_short_sleeve_top,benchmark/prd_3_1_v1/candidates/segmentation_core_stress_v1/masks/core/top/SEGCORE1_0006.png,benchmark/prd_3_1_v1/candidates/segmentation_core_stress_v1/overlays/core/top/SEGCORE1_0006.jpg,0.01513533,small,PENDING_FINAL_HUMAN_CONFIRMATION,,,,,,unreviewed,worn_person,0.770982,product_display,0.640871,none,0.412832,partial,0.008058,partial,0.552391,full,0.104781,REVIEW,LOW_OCCLUSION_CONFIDENCE
SEGCORE1_0007,top,vest,DeepFashion2,../fashion_data/raw/train/train/image/035517.jpg,item2_vest,benchmark/prd_3_1_v1/candidates/segmentation_core_stress_v1/masks/core/top/SEGCORE1_0007.png,benchmark/prd_3_1_v1/candidates/segmentation_core_stress_v1/overlays/core/top/SEGCORE1_0007.jpg,0.01964722,small,PENDING_FINAL_HUMAN_CONFIRMATION,,,,,,unreviewed,worn_person,0.451997,product_display,0.056600,none,0.501692,partial,0.086420,full,0.514293,partial,0.028585,REVIEW,LOW_SCENE_CONFIDENCE|LOW_VISIBILITY_CONFIDENCE
SEGCORE1_0010,top,short_sleeve_top,DeepFashion2,../fashion_data/raw/train/train/image/043213.jpg,item1_short_sleeve_top,benchmark/prd_3_1_v1/candidates/segmentation_core_stress_v1/masks/core/top/SEGCORE1_0010.png,benchmark/prd_3_1_v1/candidates/segmentation_core_stress_v1/overlays/core/top/SEGCORE1_0010.jpg,0.37965094,large,PENDING_FINAL_HUMAN_CONFIRMATION,,,,,,unreviewed,worn_person,0.637821,product_display,0.381927,none,0.515496,partial,0.142254,partial,0.502667,full,0.005334,REVIEW,LOW_VISIBILITY_CONFIDENCE
SEGCORE1_0011,top,sling,DeepFashion2,../fashion_data/raw/train/train/image/087562.jpg,item1_sling,benchmark/prd_3_1_v1/candidates/segmentation_core_stress_v1/masks/core/top/SEGCORE1_0011.png,benchmark/prd_3_1_v1/candidates/segmentation_core_stress_v1/overlays/core/top/SEGCORE1_0011.jpg,0.02768939,medium,PENDING_FINAL_HUMAN_CONFIRMATION,,,,,,unreviewed,product_display,0.354637,worn_person,0.021961,partial,0.585729,none,0.270142,partial,0.700950,full,0.401899,REVIEW,LOW_SCENE_CONFIDENCE
SEGCORE1_0015,top,short_sleeve_top,DeepFashion2,../fashion_data/raw/train/train/image/157158.jpg,item1_short_sleeve_top,benchmark/prd_3_1_v1/candidates/segmentation_core_stress_v1/masks/core/top/SEGCORE1_0015.png,benchmark/prd_3_1_v1/candidates/segmentation_core_stress_v1/overlays/core/top/SEGCORE1_0015.jpg,0.05588697,medium,PENDING_FINAL_HUMAN_CONFIRMATION,,,,,,unreviewed,worn_person,0.895578,partial_view,0.833268,partial,0.715654,none,0.547152,partial,0.519805,full,0.039609,REVIEW,LOW_VISIBILITY_CONFIDENCE
SEGCORE1_0016,top,vest,DeepFashion2,../fashion_data/raw/train/train/image/183243.jpg,item1_vest,benchmark/prd_3_1_v1/candidates/segmentation_core_stress_v1/masks/core/top/SEGCORE1_0016.png,benchmark/prd_3_1_v1/candidates/segmentation_core_stress_v1/overlays/core/top/SEGCORE1_0016.jpg,0.13600460,large,PENDING_FINAL_HUMAN_CONFIRMATION,,,,,,unreviewed,worn_person,0.723182,partial_view,0.577027,none,0.449762,partial,0.061451,partial,0.652597,full,0.305194,REVIEW,LOW_OCCLUSION_CONFIDENCE
SEGCORE1_0021,top,long_sleeve_top,DeepFashion2,../fashion_data/raw/train/train/image/189305.jpg,item1_long_sleeve_top,benchmark/prd_3_1_v1/candidates/segmentation_core_stress_v1/masks/core/top/SEGCORE1_0021.png,benchmark/prd_3_1_v1/candidates/segmentation_core_stress_v1/overlays/core/top/SEGCORE1_0021.jpg,0.04687200,medium,PENDING_FINAL_HUMAN_CONFIRMATION,,,,,,unreviewed,worn_person,0.523838,product_display,0.208587,none,0.415839,partial,0.000238,partial,0.811824,full,0.623649,REVIEW,LOW_OCCLUSION_CONFIDENCE
SEGCORE1_0022,top,short_sleeve_top,DeepFashion2,../fashion_data/raw/train/train/image/037017.jpg,item2_short_sleeve_top,benchmark/prd_3_1_v1/candidates/segmentation_core_stress_v1/masks/core/top/SEGCORE1_0022.png,benchmark/prd_3_1_v1/candidates/segmentation_core_stress_v1/overlays/core/top/SEGCORE1_0022.jpg,0.12114562,large,PENDING_FINAL_HUMAN_CONFIRMATION,,,,,,unreviewed,partial_view,0.772204,worn_person,0.571668,partial,0.430835,none,0.037723,partial,0.620924,full,0.241848,REVIEW,LOW_OCCLUSION_CONFIDENCE
SEGCORE1_0023,top,sling,DeepFashion2,../fashion_data/raw/train/train/image/097678.jpg,item1_sling,benchmark/prd_3_1_v1/candidates/segmentation_core_stress_v1/masks/core/top/SEGCORE1_0023.png,benchmark/prd_3_1_v1/candidates/segmentation_core_stress_v1/overlays/core/top/SEGCORE1_0023.jpg,0.02594059,medium,PENDING_FINAL_HUMAN_CONFIRMATION,,,,,,unreviewed,partial_view,0.419516,worn_person,0.008235,partial,0.514347,none,0.259751,partial,0.880018,full,0.760035,REVIEW,LOW_SCENE_CONFIDENCE
SEGCORE1_0024,top,vest,DeepFashion2,../fashion_data/raw/train/train/image/136524.jpg,item1_vest,benchmark/prd_3_1_v1/candidates/segmentation_core_stress_v1/masks/core/top/SEGCORE1_0024.png,benchmark/prd_3_1_v1/candidates/segmentation_core_stress_v1/overlays/core/top/SEGCORE1_0024.jpg,0.03103027,medium,PENDING_FINAL_HUMAN_CONFIRMATION,,,,,,unreviewed,product_display,0.388436,worn_person,0.048855,none,0.440786,partial,0.040272,partial,0.713742,full,0.427485,REVIEW,LOW_SCENE_CONFIDENCE|LOW_OCCLUSION_CONFIDENCE
SEGCORE1_0027,top,short_sleeve_top,DeepFashion2,../fashion_data/raw/train/train/image/170967.jpg,item1_short_sleeve_top,benchmark/prd_3_1_v1/candidates/segmentation_core_stress_v1/masks/core/top/SEGCORE1_0027.png,benchmark/prd_3_1_v1/candidates/segmentation_core_stress_v1/overlays/core/top/SEGCORE1_0027.jpg,0.08003575,medium,PENDING_FINAL_HUMAN_CONFIRMATION,,,,,,unreviewed,worn_person,0.564986,partial_view,0.378823,partial,0.363774,none,0.004802,partial,0.508152,full,0.016304,REVIEW,LOW_OCCLUSION_CONFIDENCE|LOW_VISIBILITY_CONFIDENCE
SEGCORE1_0030,top,short_sleeve_top,DeepFashion2,../fashion_data/raw/train/train/image/103900.jpg,item2_short_sleeve_top,benchmark/prd_3_1_v1/candidates/segmentation_core_stress_v1/masks/core/top/SEGCORE1_0030.png,benchmark/prd_3_1_v1/candidates/segmentation_core_stress_v1/overlays/core/top/SEGCORE1_0030.jpg,0.01954259,small,PENDING_FINAL_HUMAN_CONFIRMATION,,,,,,unreviewed,product_display,0.400035,complex_scene,0.056919,partial,0.641102,none,0.367152,partial,0.715866,full,0.431732,REVIEW,LOW_SCENE_CONFIDENCE
SEGCORE1_0031,top,vest,DeepFashion2,../fashion_data/raw/train/train/image/170129.jpg,item1_vest,benchmark/prd_3_1_v1/candidates/segmentation_core_stress_v1/masks/core/top/SEGCORE1_0031.png,benchmark/prd_3_1_v1/candidates/segmentation_core_stress_v1/overlays/core/top/SEGCORE1_0031.jpg,0.01968750,small,PENDING_FINAL_HUMAN_CONFIRMATION,,,,,,unreviewed,product_display,0.540247,worn_person,0.342200,none,0.409591,partial,0.002557,partial,0.842626,full,0.685253,REVIEW,LOW_OCCLUSION_CONFIDENCE
SEGCORE1_0032,top,sling,DeepFashion2,../fashion_data/raw/train/train/image/095959.jpg,item1_sling,benchmark/prd_3_1_v1/candidates/segmentation_core_stress_v1/masks/core/top/SEGCORE1_0032.png,benchmark/prd_3_1_v1/candidates/segmentation_core_stress_v1/overlays/core/top/SEGCORE1_0032.jpg,0.77750000,large,PENDING_FINAL_HUMAN_CONFIRMATION,,,,,,unreviewed,worn_person,0.504749,partial_view,0.028018,none,0.489314,partial,0.184047,partial,0.705474,full,0.410948,REVIEW,LOW_SCENE_CONFIDENCE
SEGCORE1_0033,top,long_sleeve_top,DeepFashion2,../fashion_data/raw/train/train/image/163136.jpg,item2_long_sleeve_top,benchmark/prd_3_1_v1/candidates/segmentation_core_stress_v1/masks/core/top/SEGCORE1_0033.png,benchmark/prd_3_1_v1/candidates/segmentation_core_stress_v1/overlays/core/top/SEGCORE1_0033.jpg,0.07031193,medium,PENDING_FINAL_HUMAN_CONFIRMATION,,,,,,unreviewed,worn_person,0.784117,partial_view,0.603621,partial,0.413228,heavy,0.117921,partial,0.728084,full,0.456168,REVIEW,LOW_OCCLUSION_CONFIDENCE
SEGCORE1_0035,top,sling,DeepFashion2,../fashion_data/raw/train/train/image/125786.jpg,item2_sling,benchmark/prd_3_1_v1/candidates/segmentation_core_stress_v1/masks/core/top/SEGCORE1_0035.png,benchmark/prd_3_1_v1/candidates/segmentation_core_stress_v1/overlays/core/top/SEGCORE1_0035.jpg,0.02351307,medium,PENDING_FINAL_HUMAN_CONFIRMATION,,,,,,unreviewed,worn_person,0.489742,product_display,0.049444,partial,0.621713,none,0.392141,partial,0.770072,full,0.540144,REVIEW,LOW_SCENE_CONFIDENCE
SEGCORE1_0037,top,long_sleeve_top,DeepFashion2,../fashion_data/raw/train/train/image/134988.jpg,item2_long_sleeve_top,benchmark/prd_3_1_v1/candidates/segmentation_core_stress_v1/masks/core/top/SEGCORE1_0037.png,benchmark/prd_3_1_v1/candidates/segmentation_core_stress_v1/overlays/core/top/SEGCORE1_0037.jpg,0.13677734,large,PENDING_FINAL_HUMAN_CONFIRMATION,,,,,,unreviewed,worn_person,0.615632,product_display,0.433789,none,0.432882,partial,0.033230,full,0.652052,partial,0.304104,REVIEW,LOW_OCCLUSION_CONFIDENCE
SEGCORE1_0041,top,sling,DeepFashion2,../fashion_data/raw/train/train/image/135480.jpg,item1_sling,benchmark/prd_3_1_v1/candidates/segmentation_core_stress_v1/masks/core/top/SEGCORE1_0041.png,benchmark/prd_3_1_v1/candidates/segmentation_core_stress_v1/overlays/core/top/SEGCORE1_0041.jpg,0.01423817,small,PENDING_FINAL_HUMAN_CONFIRMATION,,,,,,unreviewed,worn_person,0.878365,partial_view,0.779855,none,0.454394,partial,0.067396,partial,0.674219,full,0.348439,REVIEW,LOW_OCCLUSION_CONFIDENCE
SEGCORE1_0044,top,sling,DeepFashion2,../fashion_data/raw/train/train/image/044433.jpg,item1_sling,benchmark/prd_3_1_v1/candidates/segmentation_core_stress_v1/masks/core/top/SEGCORE1_0044.png,benchmark/prd_3_1_v1/candidates/segmentation_core_stress_v1/overlays/core/top/SEGCORE1_0044.jpg,0.11406323,large,PENDING_FINAL_HUMAN_CONFIRMATION,,,,,,unreviewed,product_display,0.487508,worn_person,0.015921,partial,0.431066,none,0.005253,partial,0.741315,full,0.482630,REVIEW,LOW_SCENE_CONFIDENCE|LOW_OCCLUSION_CONFIDENCE
SEGCORE1_0050,top,long_sleeve_top,DeepFashion2,../fashion_data/raw/train/train/image/169170.jpg,item1_long_sleeve_top,benchmark/prd_3_1_v1/candidates/segmentation_core_stress_v1/masks/core/top/SEGCORE1_0050.png,benchmark/prd_3_1_v1/candidates/segmentation_core_stress_v1/overlays/core/top/SEGCORE1_0050.jpg,0.01849112,small,PENDING_FINAL_HUMAN_CONFIRMATION,,,,,,unreviewed,product_display,0.379966,complex_scene,0.098304,partial,0.450611,none,0.007254,partial,0.670737,full,0.341474,REVIEW,LOW_SCENE_CONFIDENCE|LOW_OCCLUSION_CONFIDENCE
SEGCORE1_0051,top,short_sleeve_top,DeepFashion2,../fashion_data/raw/train/train/image/166745.jpg,item2_short_sleeve_top,benchmark/prd_3_1_v1/candidates/segmentation_core_stress_v1/masks/core/top/SEGCORE1_0051.png,benchmark/prd_3_1_v1/candidates/segmentation_core_stress_v1/overlays/core/top/SEGCORE1_0051.jpg,0.09733191,medium,PENDING_FINAL_HUMAN_CONFIRMATION,,,,,,unreviewed,worn_person,0.760804,partial_view,0.567974,partial,0.463007,none,0.052917,partial,0.869323,full,0.738645,REVIEW,LOW_OCCLUSION_CONFIDENCE
SEGCORE1_0052,top,vest,DeepFashion2,../fashion_data/raw/train/train/image/039931.jpg,item1_vest,benchmark/prd_3_1_v1/candidates/segmentation_core_stress_v1/masks/core/top/SEGCORE1_0052.png,benchmark/prd_3_1_v1/candidates/segmentation_core_stress_v1/overlays/core/top/SEGCORE1_0052.jpg,0.54931641,large,PENDING_FINAL_HUMAN_CONFIRMATION,,,,,,unreviewed,worn_person,0.539940,product_display,0.297381,partial,0.438355,none,0.018608,partial,0.598281,full,0.196561,REVIEW,LOW_OCCLUSION_CONFIDENCE
SEGCORE1_0053,top,sling,DeepFashion2,../fashion_data/raw/train/train/image/097676.jpg,item1_sling,benchmark/prd_3_1_v1/candidates/segmentation_core_stress_v1/masks/core/top/SEGCORE1_0053.png,benchmark/prd_3_1_v1/candidates/segmentation_core_stress_v1/overlays/core/top/SEGCORE1_0053.jpg,0.01161587,small,HUMAN_PASS,PASS,,,,,unreviewed,worn_person,0.434812,complex_scene,0.034844,partial,0.420173,none,0.016312,partial,0.827529,full,0.655059,REVIEW,LOW_SCENE_CONFIDENCE|LOW_OCCLUSION_CONFIDENCE
SEGCORE1_0055,top,vest,DeepFashion2,../fashion_data/raw/train/train/image/056499.jpg,item2_vest,benchmark/prd_3_1_v1/candidates/segmentation_core_stress_v1/masks/core/top/SEGCORE1_0055.png,benchmark/prd_3_1_v1/candidates/segmentation_core_stress_v1/overlays/core/top/SEGCORE1_0055.jpg,0.01508094,small,PENDING_FINAL_HUMAN_CONFIRMATION,,,,,,unreviewed,product_display,0.466205,worn_person,0.098017,partial,0.601136,none,0.293147,partial,0.527209,full,0.054417,REVIEW,LOW_VISIBILITY_CONFIDENCE
SEGCORE1_0058,pants,shorts,DeepFashion2,../fashion_data/raw/train/train/image/022171.jpg,item2_shorts,benchmark/prd_3_1_v1/candidates/segmentation_core_stress_v1/masks/core/pants/SEGCORE1_0058.png,benchmark/prd_3_1_v1/candidates/segmentation_core_stress_v1/overlays/core/pants/SEGCORE1_0058.jpg,0.01694531,small,PENDING_FINAL_HUMAN_CONFIRMATION,,,,,,unreviewed,product_display,0.936450,worn_person,0.904686,none,0.425305,partial,0.027965,partial,0.684820,full,0.369639,REVIEW,LOW_OCCLUSION_CONFIDENCE
SEGCORE1_0060,pants,trousers,DeepFashion2,../fashion_data/raw/train/train/image/017444.jpg,item2_trousers,benchmark/prd_3_1_v1/candidates/segmentation_core_stress_v1/masks/core/pants/SEGCORE1_0060.png,benchmark/prd_3_1_v1/candidates/segmentation_core_stress_v1/overlays/core/pants/SEGCORE1_0060.jpg,0.08600427,medium,PENDING_FINAL_HUMAN_CONFIRMATION,,,,,,unreviewed,worn_person,0.623322,partial_view,0.428969,none,0.524676,partial,0.224060,partial,0.500243,full,0.000485,REVIEW,LOW_VISIBILITY_CONFIDENCE
SEGCORE1_0063,pants,trousers,DeepFashion2,../fashion_data/raw/train/train/image/034749.jpg,item2_trousers,benchmark/prd_3_1_v1/candidates/segmentation_core_stress_v1/masks/core/pants/SEGCORE1_0063.png,benchmark/prd_3_1_v1/candidates/segmentation_core_stress_v1/overlays/core/pants/SEGCORE1_0063.jpg,0.20059019,large,PENDING_FINAL_HUMAN_CONFIRMATION,,,,,,unreviewed,worn_person,0.425973,partial_view,0.017858,none,0.453541,partial,0.062087,partial,0.653184,full,0.306367,REVIEW,LOW_SCENE_CONFIDENCE|LOW_OCCLUSION_CONFIDENCE
SEGCORE1_0071,pants,trousers,DeepFashion2,../fashion_data/raw/train/train/image/097372.jpg,item1_trousers,benchmark/prd_3_1_v1/candidates/segmentation_core_stress_v1/masks/core/pants/SEGCORE1_0071.png,benchmark/prd_3_1_v1/candidates/segmentation_core_stress_v1/overlays/core/pants/SEGCORE1_0071.jpg,0.01985137,small,PENDING_FINAL_HUMAN_CONFIRMATION,,,,,,unreviewed,worn_person,0.794057,complex_scene,0.698850,none,0.452887,partial,0.079897,partial,0.531643,full,0.063286,REVIEW,LOW_OCCLUSION_CONFIDENCE|LOW_VISIBILITY_CONFIDENCE
SEGCORE1_0072,pants,trousers,DeepFashion2,../fashion_data/raw/train/train/image/017043.jpg,item2_trousers,benchmark/prd_3_1_v1/candidates/segmentation_core_stress_v1/masks/core/pants/SEGCORE1_0072.png,benchmark/prd_3_1_v1/candidates/segmentation_core_stress_v1/overlays/core/pants/SEGCORE1_0072.jpg,0.08803875,medium,PENDING_FINAL_HUMAN_CONFIRMATION,,,,,,unreviewed,worn_person,0.447464,product_display,0.196834,partial,0.420290,none,0.026547,full,0.547585,partial,0.095169,REVIEW,LOW_OCCLUSION_CONFIDENCE
SEGCORE1_0074,pants,shorts,DeepFashion2,../fashion_data/raw/train/train/image/002606.jpg,item1_shorts,benchmark/prd_3_1_v1/candidates/segmentation_core_stress_v1/masks/core/pants/SEGCORE1_0074.png,benchmark/prd_3_1_v1/candidates/segmentation_core_stress_v1/overlays/core/pants/SEGCORE1_0074.jpg,0.10123891,large,PENDING_FINAL_HUMAN_CONFIRMATION,,,,,,unreviewed,worn_person,0.756001,partial_view,0.595592,none,0.497778,partial,0.144556,full,0.534665,partial,0.069329,REVIEW,LOW_VISIBILITY_CONFIDENCE
SEGCORE1_0078,pants,trousers,DeepFashion2,../fashion_data/raw/train/train/image/187488.jpg,item2_trousers,benchmark/prd_3_1_v1/candidates/segmentation_core_stress_v1/masks/core/pants/SEGCORE1_0078.png,benchmark/prd_3_1_v1/candidates/segmentation_core_stress_v1/overlays/core/pants/SEGCORE1_0078.jpg,0.09693577,medium,PENDING_FINAL_HUMAN_CONFIRMATION,,,,,,unreviewed,product_display,0.508856,worn_person,0.065906,partial,0.474128,none,0.036630,partial,0.547740,full,0.095479,REVIEW,LOW_SCENE_CONFIDENCE|LOW_OCCLUSION_CONFIDENCE
SEGCORE1_0081,pants,trousers,DeepFashion2,../fashion_data/raw/train/train/image/013530.jpg,item1_trousers,benchmark/prd_3_1_v1/candidates/segmentation_core_stress_v1/masks/core/pants/SEGCORE1_0081.png,benchmark/prd_3_1_v1/candidates/segmentation_core_stress_v1/overlays/core/pants/SEGCORE1_0081.jpg,0.34392578,large,PENDING_FINAL_HUMAN_CONFIRMATION,,,,,,unreviewed,partial_view,0.394178,product_display,0.047420,partial,0.448141,none,0.039209,partial,0.647836,full,0.295672,REVIEW,LOW_SCENE_CONFIDENCE|LOW_OCCLUSION_CONFIDENCE
SEGCORE1_0082,pants,shorts,DeepFashion2,../fashion_data/raw/train/train/image/026481.jpg,item2_shorts,benchmark/prd_3_1_v1/candidates/segmentation_core_stress_v1/masks/core/pants/SEGCORE1_0082.png,benchmark/prd_3_1_v1/candidates/segmentation_core_stress_v1/overlays/core/pants/SEGCORE1_0082.jpg,0.01816385,small,PENDING_FINAL_HUMAN_CONFIRMATION,,,,,,unreviewed,product_display,0.497021,worn_person,0.049628,none,0.474605,partial,0.093315,partial,0.638827,full,0.277654,REVIEW,LOW_SCENE_CONFIDENCE
SEGCORE1_0084,pants,trousers,DeepFashion2,../fashion_data/raw/train/train/image/173516.jpg,item2_trousers,benchmark/prd_3_1_v1/candidates/segmentation_core_stress_v1/masks/core/pants/SEGCORE1_0084.png,benchmark/prd_3_1_v1/candidates/segmentation_core_stress_v1/overlays/core/pants/SEGCORE1_0084.jpg,0.06479751,medium,PENDING_FINAL_HUMAN_CONFIRMATION,,,,,,unreviewed,worn_person,0.890611,product_display,0.839137,none,0.437344,partial,0.075174,partial,0.653641,full,0.307283,REVIEW,LOW_OCCLUSION_CONFIDENCE
SEGCORE1_0086,pants,shorts,DeepFashion2,../fashion_data/raw/train/train/image/105675.jpg,item2_shorts,benchmark/prd_3_1_v1/candidates/segmentation_core_stress_v1/masks/core/pants/SEGCORE1_0086.png,benchmark/prd_3_1_v1/candidates/segmentation_core_stress_v1/overlays/core/pants/SEGCORE1_0086.jpg,0.42321085,large,PENDING_FINAL_HUMAN_CONFIRMATION,,,,,,unreviewed,product_display,0.662753,partial_view,0.382853,partial,0.427841,none,0.073818,full,0.506237,partial,0.012474,REVIEW,LOW_OCCLUSION_CONFIDENCE|LOW_VISIBILITY_CONFIDENCE
SEGCORE1_0087,pants,trousers,DeepFashion2,../fashion_data/raw/train/train/image/191328.jpg,item1_trousers,benchmark/prd_3_1_v1/candidates/segmentation_core_stress_v1/masks/core/pants/SEGCORE1_0087.png,benchmark/prd_3_1_v1/candidates/segmentation_core_stress_v1/overlays/core/pants/SEGCORE1_0087.jpg,0.30727111,large,PENDING_FINAL_HUMAN_CONFIRMATION,,,,,,unreviewed,partial_view,0.908759,product_display,0.856916,partial,0.519780,none,0.183509,partial,0.538363,full,0.076726,REVIEW,LOW_VISIBILITY_CONFIDENCE
SEGCORE1_0089,pants,trousers,DeepFashion2,../fashion_data/raw/train/train/image/011155.jpg,item3_trousers,benchmark/prd_3_1_v1/candidates/segmentation_core_stress_v1/masks/core/pants/SEGCORE1_0089.png,benchmark/prd_3_1_v1/candidates/segmentation_core_stress_v1/overlays/core/pants/SEGCORE1_0089.jpg,0.01533930,small,PENDING_FINAL_HUMAN_CONFIRMATION,,,,,,unreviewed,complex_scene,0.360135,worn_person,0.022854,partial,0.608205,none,0.374483,full,0.656320,partial,0.312640,REVIEW,LOW_SCENE_CONFIDENCE
SEGCORE1_0101,pants,trousers,DeepFashion2,../fashion_data/raw/train/train/image/020193.jpg,item2_trousers,benchmark/prd_3_1_v1/candidates/segmentation_core_stress_v1/masks/core/pants/SEGCORE1_0101.png,benchmark/prd_3_1_v1/candidates/segmentation_core_stress_v1/overlays/core/pants/SEGCORE1_0101.jpg,0.01638177,small,PENDING_FINAL_HUMAN_CONFIRMATION,,,,,,unreviewed,worn_person,0.954068,complex_scene,0.919700,partial,0.463231,none,0.021558,partial,0.539219,full,0.078438,REVIEW,LOW_OCCLUSION_CONFIDENCE|LOW_VISIBILITY_CONFIDENCE
SEGCORE1_0106,pants,shorts,DeepFashion2,../fashion_data/raw/train/train/image/155150.jpg,item2_shorts,benchmark/prd_3_1_v1/candidates/segmentation_core_stress_v1/masks/core/pants/SEGCORE1_0106.png,benchmark/prd_3_1_v1/candidates/segmentation_core_stress_v1/overlays/core/pants/SEGCORE1_0106.jpg,0.01709474,small,PENDING_FINAL_HUMAN_CONFIRMATION,,,,,,unreviewed,worn_person,0.491625,product_display,0.032442,partial,0.701392,none,0.541906,partial,0.711598,full,0.423197,REVIEW,LOW_SCENE_CONFIDENCE
SEGCORE1_0108,pants,trousers,DeepFashion2,../fashion_data/raw/train/train/image/117533.jpg,item1_trousers,benchmark/prd_3_1_v1/candidates/segmentation_core_stress_v1/masks/core/pants/SEGCORE1_0108.png,benchmark/prd_3_1_v1/candidates/segmentation_core_stress_v1/overlays/core/pants/SEGCORE1_0108.jpg,0.08504889,medium,PENDING_FINAL_HUMAN_CONFIRMATION,,,,,,unreviewed,worn_person,0.478505,product_display,0.032121,none,0.569772,partial,0.259368,partial,0.591172,full,0.182344,REVIEW,LOW_SCENE_CONFIDENCE
SEGCORE1_0109,pants,shorts,DeepFashion2,../fashion_data/raw/train/train/image/166810.jpg,item2_shorts,benchmark/prd_3_1_v1/candidates/segmentation_core_stress_v1/masks/core/pants/SEGCORE1_0109.png,benchmark/prd_3_1_v1/candidates/segmentation_core_stress_v1/overlays/core/pants/SEGCORE1_0109.jpg,0.05765504,medium,PENDING_FINAL_HUMAN_CONFIRMATION,,,,,,unreviewed,worn_person,0.723475,product_display,0.562626,partial,0.518817,none,0.248711,full,0.536884,partial,0.073769,REVIEW,LOW_VISIBILITY_CONFIDENCE
SEGCORE1_0110,pants,shorts,DeepFashion2,../fashion_data/raw/train/train/image/181994.jpg,item2_shorts,benchmark/prd_3_1_v1/candidates/segmentation_core_stress_v1/masks/core/pants/SEGCORE1_0110.png,benchmark/prd_3_1_v1/candidates/segmentation_core_stress_v1/overlays/core/pants/SEGCORE1_0110.jpg,0.10287435,large,PENDING_FINAL_HUMAN_CONFIRMATION,,,,,,unreviewed,product_display,0.445911,partial_view,0.042837,partial,0.555119,none,0.218703,partial,0.716226,full,0.432451,REVIEW,LOW_SCENE_CONFIDENCE
SEGCORE1_0111,skirt,skirt,DeepFashion2,../fashion_data/raw/train/train/image/069587.jpg,item1_skirt,benchmark/prd_3_1_v1/candidates/segmentation_core_stress_v1/masks/core/skirt/SEGCORE1_0111.png,benchmark/prd_3_1_v1/candidates/segmentation_core_stress_v1/overlays/core/skirt/SEGCORE1_0111.jpg,0.03294616,medium,PENDING_FINAL_HUMAN_CONFIRMATION,,,,,,unreviewed,worn_person,0.623580,product_display,0.358894,none,0.558693,partial,0.315654,partial,0.534659,full,0.069318,REVIEW,LOW_VISIBILITY_CONFIDENCE
SEGCORE1_0112,skirt,skirt,DeepFashion2,../fashion_data/raw/train/train/image/072874.jpg,item2_skirt,benchmark/prd_3_1_v1/candidates/segmentation_core_stress_v1/masks/core/skirt/SEGCORE1_0112.png,benchmark/prd_3_1_v1/candidates/segmentation_core_stress_v1/overlays/core/skirt/SEGCORE1_0112.jpg,0.01679816,small,PENDING_FINAL_HUMAN_CONFIRMATION,,,,,,unreviewed,worn_person,0.393423,complex_scene,0.088843,none,0.541873,partial,0.188877,partial,0.741818,full,0.483635,REVIEW,LOW_SCENE_CONFIDENCE
SEGCORE1_0114,skirt,skirt,DeepFashion2,../fashion_data/raw/train/train/image/124376.jpg,item2_skirt,benchmark/prd_3_1_v1/candidates/segmentation_core_stress_v1/masks/core/skirt/SEGCORE1_0114.png,benchmark/prd_3_1_v1/candidates/segmentation_core_stress_v1/overlays/core/skirt/SEGCORE1_0114.jpg,0.05812328,medium,PENDING_FINAL_HUMAN_CONFIRMATION,,,,,,unreviewed,worn_person,0.527401,partial_view,0.084013,none,0.460178,partial,0.069014,partial,0.586359,full,0.172718,REVIEW,LOW_OCCLUSION_CONFIDENCE
SEGCORE1_0119,skirt,skirt,DeepFashion2,../fashion_data/raw/train/train/image/053306.jpg,item2_skirt,benchmark/prd_3_1_v1/candidates/segmentation_core_stress_v1/masks/core/skirt/SEGCORE1_0119.png,benchmark/prd_3_1_v1/candidates/segmentation_core_stress_v1/overlays/core/skirt/SEGCORE1_0119.jpg,0.21040832,large,PENDING_FINAL_HUMAN_CONFIRMATION,,,,,,unreviewed,worn_person,0.648568,partial_view,0.511218,none,0.389718,partial,0.038108,partial,0.547450,full,0.094900,REVIEW,LOW_OCCLUSION_CONFIDENCE
SEGCORE1_0122,skirt,skirt,DeepFashion2,../fashion_data/raw/train/train/image/089712.jpg,item2_skirt,benchmark/prd_3_1_v1/candidates/segmentation_core_stress_v1/masks/core/skirt/SEGCORE1_0122.png,benchmark/prd_3_1_v1/candidates/segmentation_core_stress_v1/overlays/core/skirt/SEGCORE1_0122.jpg,0.12260450,large,PENDING_FINAL_HUMAN_CONFIRMATION,,,,,,unreviewed,worn_person,0.679945,partial_view,0.426772,partial,0.413415,none,0.087223,partial,0.722725,full,0.445451,REVIEW,LOW_OCCLUSION_CONFIDENCE
SEGCORE1_0123,skirt,skirt,DeepFashion2,../fashion_data/raw/train/train/image/097814.jpg,item2_skirt,benchmark/prd_3_1_v1/candidates/segmentation_core_stress_v1/masks/core/skirt/SEGCORE1_0123.png,benchmark/prd_3_1_v1/candidates/segmentation_core_stress_v1/overlays/core/skirt/SEGCORE1_0123.jpg,0.05649381,medium,PENDING_FINAL_HUMAN_CONFIRMATION,,,,,,unreviewed,worn_person,0.826594,product_display,0.743822,none,0.445992,partial,0.078862,partial,0.616477,full,0.232954,REVIEW,LOW_OCCLUSION_CONFIDENCE
SEGCORE1_0125,skirt,skirt,DeepFashion2,../fashion_data/raw/train/train/image/132895.jpg,item2_skirt,benchmark/prd_3_1_v1/candidates/segmentation_core_stress_v1/masks/core/skirt/SEGCORE1_0125.png,benchmark/prd_3_1_v1/candidates/segmentation_core_stress_v1/overlays/core/skirt/SEGCORE1_0125.jpg,0.28824219,large,PENDING_FINAL_HUMAN_CONFIRMATION,,,,,,unreviewed,product_display,0.375419,worn_person,0.014526,partial,0.499143,none,0.109378,full,0.538142,partial,0.076284,REVIEW,LOW_SCENE_CONFIDENCE|LOW_VISIBILITY_CONFIDENCE
SEGCORE1_0126,skirt,skirt,DeepFashion2,../fashion_data/raw/train/train/image/103669.jpg,item2_skirt,benchmark/prd_3_1_v1/candidates/segmentation_core_stress_v1/masks/core/skirt/SEGCORE1_0126.png,benchmark/prd_3_1_v1/candidates/segmentation_core_stress_v1/overlays/core/skirt/SEGCORE1_0126.jpg,0.05742679,medium,PENDING_FINAL_HUMAN_CONFIRMATION,,,,,,unreviewed,worn_person,0.920721,product_display,0.864477,partial,0.620107,none,0.333791,partial,0.529084,full,0.058168,REVIEW,LOW_VISIBILITY_CONFIDENCE
SEGCORE1_0128,skirt,skirt,DeepFashion2,../fashion_data/raw/train/train/image/142660.jpg,item2_skirt,benchmark/prd_3_1_v1/candidates/segmentation_core_stress_v1/masks/core/skirt/SEGCORE1_0128.png,benchmark/prd_3_1_v1/candidates/segmentation_core_stress_v1/overlays/core/skirt/SEGCORE1_0128.jpg,0.19160131,large,PENDING_FINAL_HUMAN_CONFIRMATION,,,,,,unreviewed,partial_view,0.816751,product_display,0.737607,partial,0.441608,none,0.129105,partial,0.730227,full,0.460453,REVIEW,LOW_OCCLUSION_CONFIDENCE
SEGCORE1_0130,skirt,skirt,DeepFashion2,../fashion_data/raw/train/train/image/053448.jpg,item2_skirt,benchmark/prd_3_1_v1/candidates/segmentation_core_stress_v1/masks/core/skirt/SEGCORE1_0130.png,benchmark/prd_3_1_v1/candidates/segmentation_core_stress_v1/overlays/core/skirt/SEGCORE1_0130.jpg,0.01365993,small,PENDING_FINAL_HUMAN_CONFIRMATION,,,,,,unreviewed,worn_person,0.487698,product_display,0.219716,partial,0.425721,none,0.047894,partial,0.675090,full,0.350179,REVIEW,LOW_OCCLUSION_CONFIDENCE
SEGCORE1_0131,skirt,skirt,DeepFashion2,../fashion_data/raw/train/train/image/081390.jpg,item2_skirt,benchmark/prd_3_1_v1/candidates/segmentation_core_stress_v1/masks/core/skirt/SEGCORE1_0131.png,benchmark/prd_3_1_v1/candidates/segmentation_core_stress_v1/overlays/core/skirt/SEGCORE1_0131.jpg,0.41799186,large,PENDING_FINAL_HUMAN_CONFIRMATION,,,,,,unreviewed,partial_view,0.566915,worn_person,0.143634,none,0.410632,partial,0.007638,partial,0.686755,full,0.373511,REVIEW,LOW_OCCLUSION_CONFIDENCE
SEGCORE1_0134,skirt,skirt,DeepFashion2,../fashion_data/raw/train/train/image/074407.jpg,item1_skirt,benchmark/prd_3_1_v1/candidates/segmentation_core_stress_v1/masks/core/skirt/SEGCORE1_0134.png,benchmark/prd_3_1_v1/candidates/segmentation_core_stress_v1/overlays/core/skirt/SEGCORE1_0134.jpg,0.23579787,large,PENDING_FINAL_HUMAN_CONFIRMATION,,,,,,unreviewed,partial_view,0.513783,worn_person,0.091969,partial,0.423623,none,0.014551,partial,0.574216,full,0.148432,REVIEW,LOW_OCCLUSION_CONFIDENCE
SEGCORE1_0136,skirt,skirt,DeepFashion2,../fashion_data/raw/train/train/image/187397.jpg,item2_skirt,benchmark/prd_3_1_v1/candidates/segmentation_core_stress_v1/masks/core/skirt/SEGCORE1_0136.png,benchmark/prd_3_1_v1/candidates/segmentation_core_stress_v1/overlays/core/skirt/SEGCORE1_0136.jpg,0.01577148,small,PENDING_FINAL_HUMAN_CONFIRMATION,,,,,,unreviewed,worn_person,0.551046,product_display,0.237136,partial,0.463990,none,0.024381,partial,0.663582,full,0.327163,REVIEW,LOW_OCCLUSION_CONFIDENCE
SEGCORE1_0139,skirt,skirt,DeepFashion2,../fashion_data/raw/train/train/image/137266.jpg,item2_skirt,benchmark/prd_3_1_v1/candidates/segmentation_core_stress_v1/masks/core/skirt/SEGCORE1_0139.png,benchmark/prd_3_1_v1/candidates/segmentation_core_stress_v1/overlays/core/skirt/SEGCORE1_0139.jpg,0.01289855,small,HUMAN_PASS,PASS,,,,,unreviewed,worn_person,0.435015,product_display,0.092943,partial,0.471590,none,0.073213,partial,0.792356,full,0.584713,REVIEW,LOW_OCCLUSION_CONFIDENCE
SEGCORE1_0140,skirt,skirt,DeepFashion2,../fashion_data/raw/train/train/image/074544.jpg,item2_skirt,benchmark/prd_3_1_v1/candidates/segmentation_core_stress_v1/masks/core/skirt/SEGCORE1_0140.png,benchmark/prd_3_1_v1/candidates/segmentation_core_stress_v1/overlays/core/skirt/SEGCORE1_0140.jpg,0.29166667,large,PENDING_FINAL_HUMAN_CONFIRMATION,,,,,,unreviewed,partial_view,0.765878,worn_person,0.540662,none,0.413784,partial,0.042371,partial,0.695666,full,0.391332,REVIEW,LOW_OCCLUSION_CONFIDENCE
SEGCORE1_0144,skirt,skirt,DeepFashion2,../fashion_data/raw/train/train/image/027992.jpg,item2_skirt,benchmark/prd_3_1_v1/candidates/segmentation_core_stress_v1/masks/core/skirt/SEGCORE1_0144.png,benchmark/prd_3_1_v1/candidates/segmentation_core_stress_v1/overlays/core/skirt/SEGCORE1_0144.jpg,0.06516761,medium,PENDING_FINAL_HUMAN_CONFIRMATION,,,,,,unreviewed,complex_scene,0.419811,product_display,0.000937,partial,0.646363,none,0.450682,full,0.642951,partial,0.285901,REVIEW,LOW_SCENE_CONFIDENCE
SEGCORE1_0146,skirt,skirt,DeepFashion2,../fashion_data/raw/train/train/image/165526.jpg,item1_skirt,benchmark/prd_3_1_v1/candidates/segmentation_core_stress_v1/masks/core/skirt/SEGCORE1_0146.png,benchmark/prd_3_1_v1/candidates/segmentation_core_stress_v1/overlays/core/skirt/SEGCORE1_0146.jpg,0.88182117,large,PENDING_FINAL_HUMAN_CONFIRMATION,,,,,,unreviewed,partial_view,0.843167,product_display,0.705393,partial,0.389120,heavy,0.033829,partial,0.807167,full,0.614334,REVIEW,LOW_OCCLUSION_CONFIDENCE
SEGCORE1_0148,skirt,skirt,DeepFashion2,../fashion_data/raw/train/train/image/183131.jpg,item4_skirt,benchmark/prd_3_1_v1/candidates/segmentation_core_stress_v1/masks/core/skirt/SEGCORE1_0148.png,benchmark/prd_3_1_v1/candidates/segmentation_core_stress_v1/overlays/core/skirt/SEGCORE1_0148.jpg,0.00767544,small,PENDING_FINAL_HUMAN_CONFIRMATION,,,,,,unreviewed,product_display,0.459724,worn_person,0.052210,none,0.522293,partial,0.258252,partial,0.807690,full,0.615380,REVIEW,LOW_SCENE_CONFIDENCE
SEGCORE1_0149,skirt,skirt,DeepFashion2,../fashion_data/raw/train/train/image/021851.jpg,item1_skirt,benchmark/prd_3_1_v1/candidates/segmentation_core_stress_v1/masks/core/skirt/SEGCORE1_0149.png,benchmark/prd_3_1_v1/candidates/segmentation_core_stress_v1/overlays/core/skirt/SEGCORE1_0149.jpg,0.29199540,large,PENDING_FINAL_HUMAN_CONFIRMATION,,,,,,unreviewed,partial_view,0.846635,worn_person,0.696647,none,0.373886,partial,0.038831,partial,0.800725,full,0.601450,REVIEW,LOW_OCCLUSION_CONFIDENCE
SEGCORE1_0153,skirt,skirt,DeepFashion2,../fashion_data/raw/train/train/image/156172.jpg,item2_skirt,benchmark/prd_3_1_v1/candidates/segmentation_core_stress_v1/masks/core/skirt/SEGCORE1_0153.png,benchmark/prd_3_1_v1/candidates/segmentation_core_stress_v1/overlays/core/skirt/SEGCORE1_0153.jpg,0.07197654,medium,PENDING_FINAL_HUMAN_CONFIRMATION,,,,,,unreviewed,product_display,0.481528,complex_scene,0.178453,partial,0.601468,none,0.329231,partial,0.536003,full,0.072005,REVIEW,LOW_VISIBILITY_CONFIDENCE
SEGCORE1_0155,skirt,skirt,DeepFashion2,../fashion_data/raw/train/train/image/073132.jpg,item2_skirt,benchmark/prd_3_1_v1/candidates/segmentation_core_stress_v1/masks/core/skirt/SEGCORE1_0155.png,benchmark/prd_3_1_v1/candidates/segmentation_core_stress_v1/overlays/core/skirt/SEGCORE1_0155.jpg,0.13748358,large,PENDING_FINAL_HUMAN_CONFIRMATION,,,,,,unreviewed,worn_person,0.926225,partial_view,0.867054,none,0.578086,heavy,0.365997,full,0.502857,partial,0.005714,REVIEW,LOW_VISIBILITY_CONFIDENCE
SEGCORE1_0156,skirt,skirt,DeepFashion2,../fashion_data/raw/train/train/image/176028.jpg,item2_skirt,benchmark/prd_3_1_v1/candidates/segmentation_core_stress_v1/masks/core/skirt/SEGCORE1_0156.png,benchmark/prd_3_1_v1/candidates/segmentation_core_stress_v1/overlays/core/skirt/SEGCORE1_0156.jpg,0.04967606,medium,PENDING_FINAL_HUMAN_CONFIRMATION,,,,,,unreviewed,complex_scene,0.537095,product_display,0.305567,none,0.395551,partial,0.028943,partial,0.567056,full,0.134111,REVIEW,LOW_OCCLUSION_CONFIDENCE
SEGCORE1_0158,skirt,skirt,DeepFashion2,../fashion_data/raw/train/train/image/055476.jpg,item2_skirt,benchmark/prd_3_1_v1/candidates/segmentation_core_stress_v1/masks/core/skirt/SEGCORE1_0158.png,benchmark/prd_3_1_v1/candidates/segmentation_core_stress_v1/overlays/core/skirt/SEGCORE1_0158.jpg,0.55466524,large,PENDING_FINAL_HUMAN_CONFIRMATION,,,,,,unreviewed,partial_view,0.710166,worn_person,0.502270,none,0.396971,partial,0.067558,partial,0.774961,full,0.549921,REVIEW,LOW_OCCLUSION_CONFIDENCE
SEGCORE1_0162,skirt,skirt,DeepFashion2,../fashion_data/raw/train/train/image/036544.jpg,item2_skirt,benchmark/prd_3_1_v1/candidates/segmentation_core_stress_v1/masks/core/skirt/SEGCORE1_0162.png,benchmark/prd_3_1_v1/candidates/segmentation_core_stress_v1/overlays/core/skirt/SEGCORE1_0162.jpg,0.08463053,medium,PENDING_FINAL_HUMAN_CONFIRMATION,,,,,,unreviewed,product_display,0.727646,worn_person,0.527665,none,0.455944,partial,0.023196,partial,0.608485,full,0.216969,REVIEW,LOW_OCCLUSION_CONFIDENCE
SEGCORE1_0164,skirt,skirt,DeepFashion2,../fashion_data/raw/train/train/image/035199.jpg,item2_skirt,benchmark/prd_3_1_v1/candidates/segmentation_core_stress_v1/masks/core/skirt/SEGCORE1_0164.png,benchmark/prd_3_1_v1/candidates/segmentation_core_stress_v1/overlays/core/skirt/SEGCORE1_0164.jpg,0.41994651,large,PENDING_FINAL_HUMAN_CONFIRMATION,,,,,,unreviewed,product_display,0.623112,worn_person,0.384325,none,0.420706,partial,0.056688,partial,0.676467,full,0.352934,REVIEW,LOW_OCCLUSION_CONFIDENCE
SEGCORE1_0165,skirt,skirt,DeepFashion2,../fashion_data/raw/train/train/image/034247.jpg,item2_skirt,benchmark/prd_3_1_v1/candidates/segmentation_core_stress_v1/masks/core/skirt/SEGCORE1_0165.png,benchmark/prd_3_1_v1/candidates/segmentation_core_stress_v1/overlays/core/skirt/SEGCORE1_0165.jpg,0.05086378,medium,PENDING_FINAL_HUMAN_CONFIRMATION,,,,,,unreviewed,product_display,0.587384,worn_person,0.376340,partial,0.418986,none,0.046174,partial,0.605075,full,0.210150,REVIEW,LOW_OCCLUSION_CONFIDENCE
SEGCORE1_0171,outerwear,short_sleeve_outwear,DeepFashion2,../fashion_data/raw/train/train/image/118508.jpg,item1_short_sleeve_outwear,benchmark/prd_3_1_v1/candidates/segmentation_core_stress_v1/masks/core/outerwear/SEGCORE1_0171.png,benchmark/prd_3_1_v1/candidates/segmentation_core_stress_v1/overlays/core/outerwear/SEGCORE1_0171.jpg,0.69976447,large,PENDING_FINAL_HUMAN_CONFIRMATION,,,,,,unreviewed,partial_view,0.783026,product_display,0.617217,none,0.423262,partial,0.126243,full,0.643855,partial,0.287710,REVIEW,LOW_OCCLUSION_CONFIDENCE
SEGCORE1_0174,outerwear,long_sleeve_outwear,DeepFashion2,../fashion_data/raw/train/train/image/091876.jpg,item1_long_sleeve_outwear,benchmark/prd_3_1_v1/candidates/segmentation_core_stress_v1/masks/core/outerwear/SEGCORE1_0174.png,benchmark/prd_3_1_v1/candidates/segmentation_core_stress_v1/overlays/core/outerwear/SEGCORE1_0174.jpg,0.34507177,large,PENDING_FINAL_HUMAN_CONFIRMATION,,,,,,unreviewed,worn_person,0.733421,partial_view,0.596110,partial,0.431733,none,0.078303,full,0.533997,partial,0.067993,REVIEW,LOW_OCCLUSION_CONFIDENCE|LOW_VISIBILITY_CONFIDENCE
SEGCORE1_0176,outerwear,short_sleeve_outwear,DeepFashion2,../fashion_data/raw/train/train/image/124649.jpg,item1_short_sleeve_outwear,benchmark/prd_3_1_v1/candidates/segmentation_core_stress_v1/masks/core/outerwear/SEGCORE1_0176.png,benchmark/prd_3_1_v1/candidates/segmentation_core_stress_v1/overlays/core/outerwear/SEGCORE1_0176.jpg,0.97605399,large,PENDING_FINAL_HUMAN_CONFIRMATION,,,,,,unreviewed,partial_view,0.436487,product_display,0.058694,heavy,0.465134,none,0.054116,partial,0.698476,full,0.396953,REVIEW,LOW_SCENE_CONFIDENCE|LOW_OCCLUSION_CONFIDENCE
SEGCORE1_0179,outerwear,long_sleeve_outwear,DeepFashion2,../fashion_data/raw/train/train/image/064444.jpg,item1_long_sleeve_outwear,benchmark/prd_3_1_v1/candidates/segmentation_core_stress_v1/masks/core/outerwear/SEGCORE1_0179.png,benchmark/prd_3_1_v1/candidates/segmentation_core_stress_v1/overlays/core/outerwear/SEGCORE1_0179.jpg,0.36853153,large,PENDING_FINAL_HUMAN_CONFIRMATION,,,,,,unreviewed,worn_person,0.883610,partial_view,0.836123,partial,0.443080,none,0.059437,full,0.617696,partial,0.235393,REVIEW,LOW_OCCLUSION_CONFIDENCE
SEGCORE1_0180,outerwear,long_sleeve_outwear,DeepFashion2,../fashion_data/raw/train/train/image/125906.jpg,item1_long_sleeve_outwear,benchmark/prd_3_1_v1/candidates/segmentation_core_stress_v1/masks/core/outerwear/SEGCORE1_0180.png,benchmark/prd_3_1_v1/candidates/segmentation_core_stress_v1/overlays/core/outerwear/SEGCORE1_0180.jpg,0.09703527,medium,PENDING_FINAL_HUMAN_CONFIRMATION,,,,,,unreviewed,worn_person,0.965420,complex_scene,0.940325,none,0.406652,partial,0.005543,full,0.622991,partial,0.245982,REVIEW,LOW_OCCLUSION_CONFIDENCE
SEGCORE1_0181,outerwear,short_sleeve_outwear,DeepFashion2,../fashion_data/raw/train/train/image/118514.jpg,item1_short_sleeve_outwear,benchmark/prd_3_1_v1/candidates/segmentation_core_stress_v1/masks/core/outerwear/SEGCORE1_0181.png,benchmark/prd_3_1_v1/candidates/segmentation_core_stress_v1/overlays/core/outerwear/SEGCORE1_0181.jpg,0.22105481,large,PENDING_FINAL_HUMAN_CONFIRMATION,,,,,,unreviewed,worn_person,0.869733,product_display,0.789763,partial,0.511292,none,0.207398,partial,0.502230,full,0.004459,REVIEW,LOW_VISIBILITY_CONFIDENCE
SEGCORE1_0182,outerwear,short_sleeve_outwear,DeepFashion2,../fashion_data/raw/train/train/image/034082.jpg,item4_short_sleeve_outwear,benchmark/prd_3_1_v1/candidates/segmentation_core_stress_v1/masks/core/outerwear/SEGCORE1_0182.png,benchmark/prd_3_1_v1/candidates/segmentation_core_stress_v1/overlays/core/outerwear/SEGCORE1_0182.jpg,0.03929736,medium,PENDING_FINAL_HUMAN_CONFIRMATION,,,,,,unreviewed,worn_person,0.431867,complex_scene,0.128767,partial,0.450262,none,0.061389,partial,0.621787,full,0.243573,REVIEW,LOW_OCCLUSION_CONFIDENCE
SEGCORE1_0184,outerwear,long_sleeve_outwear,DeepFashion2,../fashion_data/raw/train/train/image/101410.jpg,item1_long_sleeve_outwear,benchmark/prd_3_1_v1/candidates/segmentation_core_stress_v1/masks/core/outerwear/SEGCORE1_0184.png,benchmark/prd_3_1_v1/candidates/segmentation_core_stress_v1/overlays/core/outerwear/SEGCORE1_0184.jpg,0.34037670,large,PENDING_FINAL_HUMAN_CONFIRMATION,,,,,,unreviewed,worn_person,0.668160,partial_view,0.514700,partial,0.612742,none,0.366659,full,0.518776,partial,0.037552,REVIEW,LOW_VISIBILITY_CONFIDENCE
SEGCORE1_0189,outerwear,long_sleeve_outwear,DeepFashion2,../fashion_data/raw/train/train/image/154827.jpg,item2_long_sleeve_outwear,benchmark/prd_3_1_v1/candidates/segmentation_core_stress_v1/masks/core/outerwear/SEGCORE1_0189.png,benchmark/prd_3_1_v1/candidates/segmentation_core_stress_v1/overlays/core/outerwear/SEGCORE1_0189.jpg,0.20890937,large,PENDING_FINAL_HUMAN_CONFIRMATION,,,,,,unreviewed,worn_person,0.763593,product_display,0.596929,partial,0.568704,none,0.291205,full,0.528002,partial,0.056004,REVIEW,LOW_VISIBILITY_CONFIDENCE
SEGCORE1_0193,outerwear,long_sleeve_outwear,DeepFashion2,../fashion_data/raw/train/train/image/186391.jpg,item2_long_sleeve_outwear,benchmark/prd_3_1_v1/candidates/segmentation_core_stress_v1/masks/core/outerwear/SEGCORE1_0193.png,benchmark/prd_3_1_v1/candidates/segmentation_core_stress_v1/overlays/core/outerwear/SEGCORE1_0193.jpg,0.01984127,small,PENDING_FINAL_HUMAN_CONFIRMATION,,,,,,unreviewed,worn_person,0.715466,partial_view,0.579268,partial,0.442851,none,0.067061,partial,0.634351,full,0.268702,REVIEW,LOW_OCCLUSION_CONFIDENCE
SEGCORE1_0194,outerwear,long_sleeve_outwear,DeepFashion2,../fashion_data/raw/train/train/image/107020.jpg,item1_long_sleeve_outwear,benchmark/prd_3_1_v1/candidates/segmentation_core_stress_v1/masks/core/outerwear/SEGCORE1_0194.png,benchmark/prd_3_1_v1/candidates/segmentation_core_stress_v1/overlays/core/outerwear/SEGCORE1_0194.jpg,0.17700241,large,PENDING_FINAL_HUMAN_CONFIRMATION,,,,,,unreviewed,worn_person,0.806111,partial_view,0.691862,partial,0.430463,none,0.045988,full,0.559900,partial,0.119800,REVIEW,LOW_OCCLUSION_CONFIDENCE
SEGCORE1_0196,outerwear,short_sleeve_outwear,DeepFashion2,../fashion_data/raw/train/train/image/179042.jpg,item1_short_sleeve_outwear,benchmark/prd_3_1_v1/candidates/segmentation_core_stress_v1/masks/core/outerwear/SEGCORE1_0196.png,benchmark/prd_3_1_v1/candidates/segmentation_core_stress_v1/overlays/core/outerwear/SEGCORE1_0196.jpg,0.54696250,large,PENDING_FINAL_HUMAN_CONFIRMATION,,,,,,unreviewed,worn_person,0.891613,product_display,0.825897,partial,0.660004,none,0.461011,full,0.523729,partial,0.047457,REVIEW,LOW_VISIBILITY_CONFIDENCE
SEGCORE1_0197,outerwear,short_sleeve_outwear,DeepFashion2,../fashion_data/raw/train/train/image/187981.jpg,item2_short_sleeve_outwear,benchmark/prd_3_1_v1/candidates/segmentation_core_stress_v1/masks/core/outerwear/SEGCORE1_0197.png,benchmark/prd_3_1_v1/candidates/segmentation_core_stress_v1/overlays/core/outerwear/SEGCORE1_0197.jpg,0.08403321,medium,PENDING_FINAL_HUMAN_CONFIRMATION,,,,,,unreviewed,product_display,0.825701,worn_person,0.689733,partial,0.452707,none,0.047716,full,0.582683,partial,0.165365,REVIEW,LOW_OCCLUSION_CONFIDENCE
SEGCORE1_0199,outerwear,long_sleeve_outwear,DeepFashion2,../fashion_data/raw/train/train/image/156351.jpg,item2_long_sleeve_outwear,benchmark/prd_3_1_v1/candidates/segmentation_core_stress_v1/masks/core/outerwear/SEGCORE1_0199.png,benchmark/prd_3_1_v1/candidates/segmentation_core_stress_v1/overlays/core/outerwear/SEGCORE1_0199.jpg,0.28500682,large,PENDING_FINAL_HUMAN_CONFIRMATION,,,,,,unreviewed,worn_person,0.694793,partial_view,0.457833,none,0.428660,partial,0.004701,partial,0.510141,full,0.020283,REVIEW,LOW_OCCLUSION_CONFIDENCE|LOW_VISIBILITY_CONFIDENCE
SEGCORE1_0201,outerwear,short_sleeve_outwear,DeepFashion2,../fashion_data/raw/train/train/image/179047.jpg,item1_short_sleeve_outwear,benchmark/prd_3_1_v1/candidates/segmentation_core_stress_v1/masks/core/outerwear/SEGCORE1_0201.png,benchmark/prd_3_1_v1/candidates/segmentation_core_stress_v1/overlays/core/outerwear/SEGCORE1_0201.jpg,0.46636667,large,PENDING_FINAL_HUMAN_CONFIRMATION,,,,,,unreviewed,worn_person,0.901114,product_display,0.851922,partial,0.557617,none,0.260845,full,0.512518,partial,0.025036,REVIEW,LOW_VISIBILITY_CONFIDENCE
SEGCORE1_0203,outerwear,long_sleeve_outwear,DeepFashion2,../fashion_data/raw/train/train/image/189928.jpg,item3_long_sleeve_outwear,benchmark/prd_3_1_v1/candidates/segmentation_core_stress_v1/masks/core/outerwear/SEGCORE1_0203.png,benchmark/prd_3_1_v1/candidates/segmentation_core_stress_v1/overlays/core/outerwear/SEGCORE1_0203.jpg,0.01603150,small,PENDING_FINAL_HUMAN_CONFIRMATION,,,,,,unreviewed,product_display,0.804808,worn_person,0.672828,none,0.413626,partial,0.001801,partial,0.538792,full,0.077584,REVIEW,LOW_OCCLUSION_CONFIDENCE|LOW_VISIBILITY_CONFIDENCE
SEGCORE1_0204,outerwear,long_sleeve_outwear,DeepFashion2,../fashion_data/raw/train/train/image/099616.jpg,item1_long_sleeve_outwear,benchmark/prd_3_1_v1/candidates/segmentation_core_stress_v1/masks/core/outerwear/SEGCORE1_0204.png,benchmark/prd_3_1_v1/candidates/segmentation_core_stress_v1/overlays/core/outerwear/SEGCORE1_0204.jpg,0.91589121,large,PENDING_FINAL_HUMAN_CONFIRMATION,,,,,,unreviewed,partial_view,0.540250,product_display,0.151242,none,0.444467,heavy,0.141847,full,0.542624,partial,0.085248,REVIEW,LOW_OCCLUSION_CONFIDENCE
SEGCORE1_0205,outerwear,long_sleeve_outwear,DeepFashion2,../fashion_data/raw/train/train/image/075414.jpg,item2_long_sleeve_outwear,benchmark/prd_3_1_v1/candidates/segmentation_core_stress_v1/masks/core/outerwear/SEGCORE1_0205.png,benchmark/prd_3_1_v1/candidates/segmentation_core_stress_v1/overlays/core/outerwear/SEGCORE1_0205.jpg,0.07770081,medium,PENDING_FINAL_HUMAN_CONFIRMATION,,,,,,unreviewed,worn_person,0.943422,complex_scene,0.906559,partial,0.562883,none,0.252767,partial,0.514158,full,0.028317,REVIEW,LOW_VISIBILITY_CONFIDENCE
SEGCORE1_0206,outerwear,short_sleeve_outwear,DeepFashion2,../fashion_data/raw/train/train/image/016956.jpg,item1_short_sleeve_outwear,benchmark/prd_3_1_v1/candidates/segmentation_core_stress_v1/masks/core/outerwear/SEGCORE1_0206.png,benchmark/prd_3_1_v1/candidates/segmentation_core_stress_v1/overlays/core/outerwear/SEGCORE1_0206.jpg,0.61035156,large,PENDING_FINAL_HUMAN_CONFIRMATION,,,,,,unreviewed,worn_person,0.707290,partial_view,0.547812,none,0.424375,partial,0.025706,partial,0.538635,full,0.077271,REVIEW,LOW_OCCLUSION_CONFIDENCE|LOW_VISIBILITY_CONFIDENCE
SEGCORE1_0211,outerwear,short_sleeve_outwear,DeepFashion2,../fashion_data/raw/train/train/image/174644.jpg,item1_short_sleeve_outwear,benchmark/prd_3_1_v1/candidates/segmentation_core_stress_v1/masks/core/outerwear/SEGCORE1_0211.png,benchmark/prd_3_1_v1/candidates/segmentation_core_stress_v1/overlays/core/outerwear/SEGCORE1_0211.jpg,0.13046515,large,HUMAN_PASS,PASS,,,,,unreviewed,worn_person,0.870813,partial_view,0.789463,none,0.408729,partial,0.014917,partial,0.536587,full,0.073174,REVIEW,LOW_OCCLUSION_CONFIDENCE|LOW_VISIBILITY_CONFIDENCE
SEGCORE1_0214,outerwear,long_sleeve_outwear,DeepFashion2,../fashion_data/raw/train/train/image/169879.jpg,item1_long_sleeve_outwear,benchmark/prd_3_1_v1/candidates/segmentation_core_stress_v1/masks/core/outerwear/SEGCORE1_0214.png,benchmark/prd_3_1_v1/candidates/segmentation_core_stress_v1/overlays/core/outerwear/SEGCORE1_0214.jpg,0.16893392,large,PENDING_FINAL_HUMAN_CONFIRMATION,,,,,,unreviewed,worn_person,0.870336,product_display,0.819270,partial,0.583656,none,0.311358,full,0.503409,partial,0.006818,REVIEW,LOW_VISIBILITY_CONFIDENCE
SEGCORE1_0216,outerwear,short_sleeve_outwear,DeepFashion2,../fashion_data/raw/train/train/image/130702.jpg,item1_short_sleeve_outwear,benchmark/prd_3_1_v1/candidates/segmentation_core_stress_v1/masks/core/outerwear/SEGCORE1_0216.png,benchmark/prd_3_1_v1/candidates/segmentation_core_stress_v1/overlays/core/outerwear/SEGCORE1_0216.jpg,0.67013204,large,PENDING_FINAL_HUMAN_CONFIRMATION,,,,,,unreviewed,product_display,0.716149,partial_view,0.454844,none,0.434273,heavy,0.115442,full,0.685819,partial,0.371638,REVIEW,LOW_OCCLUSION_CONFIDENCE
SEGCORE1_0219,outerwear,long_sleeve_outwear,DeepFashion2,../fashion_data/raw/train/train/image/069737.jpg,item2_long_sleeve_outwear,benchmark/prd_3_1_v1/candidates/segmentation_core_stress_v1/masks/core/outerwear/SEGCORE1_0219.png,benchmark/prd_3_1_v1/candidates/segmentation_core_stress_v1/overlays/core/outerwear/SEGCORE1_0219.jpg,0.79143965,large,PENDING_FINAL_HUMAN_CONFIRMATION,,,,,,unreviewed,worn_person,0.392343,partial_view,0.003740,none,0.441778,partial,0.003592,full,0.508288,partial,0.016576,REVIEW,LOW_SCENE_CONFIDENCE|LOW_OCCLUSION_CONFIDENCE|LOW_VISIBILITY_CONFIDENCE
SEGCORE1_0221,dress,short_sleeve_dress,DeepFashion2,../fashion_data/raw/train/train/image/062914.jpg,item1_short_sleeve_dress,benchmark/prd_3_1_v1/candidates/segmentation_core_stress_v1/masks/core/dress/SEGCORE1_0221.png,benchmark/prd_3_1_v1/candidates/segmentation_core_stress_v1/overlays/core/dress/SEGCORE1_0221.jpg,0.30053327,large,PENDING_FINAL_HUMAN_CONFIRMATION,,,,,,unreviewed,product_display,0.623049,worn_person,0.402351,partial,0.538183,none,0.245662,full,0.502642,partial,0.005284,REVIEW,LOW_VISIBILITY_CONFIDENCE
SEGCORE1_0224,dress,short_sleeve_dress,DeepFashion2,../fashion_data/raw/train/train/image/101965.jpg,item1_short_sleeve_dress,benchmark/prd_3_1_v1/candidates/segmentation_core_stress_v1/masks/core/dress/SEGCORE1_0224.png,benchmark/prd_3_1_v1/candidates/segmentation_core_stress_v1/overlays/core/dress/SEGCORE1_0224.jpg,0.08060504,medium,PENDING_FINAL_HUMAN_CONFIRMATION,,,,,,unreviewed,worn_person,0.648404,product_display,0.469660,partial,0.648379,none,0.424248,partial,0.503151,full,0.006302,REVIEW,LOW_VISIBILITY_CONFIDENCE
SEGCORE1_0226,dress,sling_dress,DeepFashion2,../fashion_data/raw/train/train/image/079653.jpg,item1_sling_dress,benchmark/prd_3_1_v1/candidates/segmentation_core_stress_v1/masks/core/dress/SEGCORE1_0226.png,benchmark/prd_3_1_v1/candidates/segmentation_core_stress_v1/overlays/core/dress/SEGCORE1_0226.jpg,0.01990878,small,PENDING_FINAL_HUMAN_CONFIRMATION,,,,,,unreviewed,worn_person,0.659312,complex_scene,0.420416,partial,0.661181,none,0.428055,full,0.518561,partial,0.037123,REVIEW,LOW_VISIBILITY_CONFIDENCE
SEGCORE1_0227,dress,vest_dress,DeepFashion2,../fashion_data/raw/train/train/image/140249.jpg,item1_vest_dress,benchmark/prd_3_1_v1/candidates/segmentation_core_stress_v1/masks/core/dress/SEGCORE1_0227.png,benchmark/prd_3_1_v1/candidates/segmentation_core_stress_v1/overlays/core/dress/SEGCORE1_0227.jpg,0.09970479,medium,PENDING_FINAL_HUMAN_CONFIRMATION,,,,,,unreviewed,worn_person,0.866908,product_display,0.772927,partial,0.571764,none,0.271144,full,0.532991,partial,0.065981,REVIEW,LOW_VISIBILITY_CONFIDENCE
SEGCORE1_0229,dress,sling_dress,DeepFashion2,../fashion_data/raw/train/train/image/166052.jpg,item1_sling_dress,benchmark/prd_3_1_v1/candidates/segmentation_core_stress_v1/masks/core/dress/SEGCORE1_0229.png,benchmark/prd_3_1_v1/candidates/segmentation_core_stress_v1/overlays/core/dress/SEGCORE1_0229.jpg,0.40111586,large,PENDING_FINAL_HUMAN_CONFIRMATION,,,,,,unreviewed,worn_person,0.674470,complex_scene,0.513385,partial,0.439629,none,0.121594,partial,0.508027,full,0.016055,REVIEW,LOW_OCCLUSION_CONFIDENCE|LOW_VISIBILITY_CONFIDENCE
SEGCORE1_0230,dress,long_sleeve_dress,DeepFashion2,../fashion_data/raw/train/train/image/086697.jpg,item1_long_sleeve_dress,benchmark/prd_3_1_v1/candidates/segmentation_core_stress_v1/masks/core/dress/SEGCORE1_0230.png,benchmark/prd_3_1_v1/candidates/segmentation_core_stress_v1/overlays/core/dress/SEGCORE1_0230.jpg,0.44162879,large,PENDING_FINAL_HUMAN_CONFIRMATION,,,,,,unreviewed,worn_person,0.633027,product_display,0.415014,none,0.437359,partial,0.131114,partial,0.624849,full,0.249699,REVIEW,LOW_OCCLUSION_CONFIDENCE
SEGCORE1_0232,dress,long_sleeve_dress,DeepFashion2,../fashion_data/raw/train/train/image/156930.jpg,item2_long_sleeve_dress,benchmark/prd_3_1_v1/candidates/segmentation_core_stress_v1/masks/core/dress/SEGCORE1_0232.png,benchmark/prd_3_1_v1/candidates/segmentation_core_stress_v1/overlays/core/dress/SEGCORE1_0232.jpg,0.01231304,small,PENDING_FINAL_HUMAN_CONFIRMATION,,,,,,unreviewed,worn_person,0.827123,complex_scene,0.718278,none,0.418792,partial,0.074605,partial,0.751162,full,0.502323,REVIEW,LOW_OCCLUSION_CONFIDENCE
SEGCORE1_0236,dress,short_sleeve_dress,DeepFashion2,../fashion_data/raw/train/train/image/075976.jpg,item1_short_sleeve_dress,benchmark/prd_3_1_v1/candidates/segmentation_core_stress_v1/masks/core/dress/SEGCORE1_0236.png,benchmark/prd_3_1_v1/candidates/segmentation_core_stress_v1/overlays/core/dress/SEGCORE1_0236.jpg,0.08229035,medium,PENDING_FINAL_HUMAN_CONFIRMATION,,,,,,unreviewed,worn_person,0.649040,product_display,0.367735,partial,0.577162,none,0.280707,full,0.515003,partial,0.030007,REVIEW,LOW_VISIBILITY_CONFIDENCE
SEGCORE1_0240,dress,short_sleeve_dress,DeepFashion2,../fashion_data/raw/train/train/image/181559.jpg,item3_short_sleeve_dress,benchmark/prd_3_1_v1/candidates/segmentation_core_stress_v1/masks/core/dress/SEGCORE1_0240.png,benchmark/prd_3_1_v1/candidates/segmentation_core_stress_v1/overlays/core/dress/SEGCORE1_0240.jpg,0.01365807,small,PENDING_FINAL_HUMAN_CONFIRMATION,,,,,,unreviewed,worn_person,0.359178,product_display,0.027283,partial,0.436045,none,0.035472,partial,0.733487,full,0.466973,REVIEW,LOW_SCENE_CONFIDENCE|LOW_OCCLUSION_CONFIDENCE
SEGCORE1_0241,dress,sling_dress,DeepFashion2,../fashion_data/raw/train/train/image/066524.jpg,item1_sling_dress,benchmark/prd_3_1_v1/candidates/segmentation_core_stress_v1/masks/core/dress/SEGCORE1_0241.png,benchmark/prd_3_1_v1/candidates/segmentation_core_stress_v1/overlays/core/dress/SEGCORE1_0241.jpg,0.51816582,large,PENDING_FINAL_HUMAN_CONFIRMATION,,,,,,unreviewed,worn_person,0.890810,partial_view,0.788625,none,0.397262,partial,0.016105,partial,0.550938,full,0.101875,REVIEW,LOW_OCCLUSION_CONFIDENCE
SEGCORE1_0245,dress,short_sleeve_dress,DeepFashion2,../fashion_data/raw/train/train/image/049578.jpg,item2_short_sleeve_dress,benchmark/prd_3_1_v1/candidates/segmentation_core_stress_v1/masks/core/dress/SEGCORE1_0245.png,benchmark/prd_3_1_v1/candidates/segmentation_core_stress_v1/overlays/core/dress/SEGCORE1_0245.jpg,0.23129395,large,PENDING_FINAL_HUMAN_CONFIRMATION,,,,,,unreviewed,worn_person,0.521366,product_display,0.102177,partial,0.395053,none,0.036266,partial,0.659207,full,0.318414,REVIEW,LOW_OCCLUSION_CONFIDENCE
SEGCORE1_0249,dress,long_sleeve_dress,DeepFashion2,../fashion_data/raw/train/train/image/043686.jpg,item1_long_sleeve_dress,benchmark/prd_3_1_v1/candidates/segmentation_core_stress_v1/masks/core/dress/SEGCORE1_0249.png,benchmark/prd_3_1_v1/candidates/segmentation_core_stress_v1/overlays/core/dress/SEGCORE1_0249.jpg,0.06641791,medium,PENDING_FINAL_HUMAN_CONFIRMATION,,,,,,unreviewed,product_display,0.619132,worn_person,0.291382,none,0.445743,partial,0.082191,partial,0.593044,full,0.186088,REVIEW,LOW_OCCLUSION_CONFIDENCE
SEGCORE1_0251,dress,vest_dress,DeepFashion2,../fashion_data/raw/train/train/image/068565.jpg,item1_vest_dress,benchmark/prd_3_1_v1/candidates/segmentation_core_stress_v1/masks/core/dress/SEGCORE1_0251.png,benchmark/prd_3_1_v1/candidates/segmentation_core_stress_v1/overlays/core/dress/SEGCORE1_0251.jpg,0.08676824,medium,PENDING_FINAL_HUMAN_CONFIRMATION,,,,,,unreviewed,product_display,0.641019,worn_person,0.296976,partial,0.603037,none,0.329307,full,0.505514,partial,0.011028,REVIEW,LOW_VISIBILITY_CONFIDENCE
SEGCORE1_0253,dress,sling_dress,DeepFashion2,../fashion_data/raw/train/train/image/111518.jpg,item1_sling_dress,benchmark/prd_3_1_v1/candidates/segmentation_core_stress_v1/masks/core/dress/SEGCORE1_0253.png,benchmark/prd_3_1_v1/candidates/segmentation_core_stress_v1/overlays/core/dress/SEGCORE1_0253.jpg,0.14136889,large,PENDING_FINAL_HUMAN_CONFIRMATION,,,,,,unreviewed,worn_person,0.888754,product_display,0.814511,partial,0.614833,none,0.372516,full,0.511958,partial,0.023916,REVIEW,LOW_VISIBILITY_CONFIDENCE
SEGCORE1_0256,dress,long_sleeve_dress,DeepFashion2,../fashion_data/raw/train/train/image/036674.jpg,item1_long_sleeve_dress,benchmark/prd_3_1_v1/candidates/segmentation_core_stress_v1/masks/core/dress/SEGCORE1_0256.png,benchmark/prd_3_1_v1/candidates/segmentation_core_stress_v1/overlays/core/dress/SEGCORE1_0256.jpg,0.00815625,small,PENDING_FINAL_HUMAN_CONFIRMATION,,,,,,unreviewed,worn_person,0.481813,product_display,0.018054,partial,0.520107,none,0.184094,partial,0.755028,full,0.510055,REVIEW,LOW_SCENE_CONFIDENCE
SEGCORE1_0259,dress,vest_dress,DeepFashion2,../fashion_data/raw/train/train/image/060041.jpg,item1_vest_dress,benchmark/prd_3_1_v1/candidates/segmentation_core_stress_v1/masks/core/dress/SEGCORE1_0259.png,benchmark/prd_3_1_v1/candidates/segmentation_core_stress_v1/overlays/core/dress/SEGCORE1_0259.jpg,0.38326172,large,PENDING_FINAL_HUMAN_CONFIRMATION,,,,,,unreviewed,worn_person,0.489859,partial_view,0.141566,partial,0.646881,none,0.402327,partial,0.509243,full,0.018486,REVIEW,LOW_VISIBILITY_CONFIDENCE
SEGCORE1_0266,dress,vest_dress,DeepFashion2,../fashion_data/raw/train/train/image/059441.jpg,item1_vest_dress,benchmark/prd_3_1_v1/candidates/segmentation_core_stress_v1/masks/core/dress/SEGCORE1_0266.png,benchmark/prd_3_1_v1/candidates/segmentation_core_stress_v1/overlays/core/dress/SEGCORE1_0266.jpg,0.01772601,small,PENDING_FINAL_HUMAN_CONFIRMATION,,,,,,unreviewed,worn_person,0.719272,product_display,0.587072,none,0.446249,partial,0.023095,partial,0.657995,full,0.315990,REVIEW,LOW_OCCLUSION_CONFIDENCE
SEGCORE1_0268,dress,short_sleeve_dress,DeepFashion2,../fashion_data/raw/train/train/image/096924.jpg,item1_short_sleeve_dress,benchmark/prd_3_1_v1/candidates/segmentation_core_stress_v1/masks/core/dress/SEGCORE1_0268.png,benchmark/prd_3_1_v1/candidates/segmentation_core_stress_v1/overlays/core/dress/SEGCORE1_0268.jpg,0.10818359,large,PENDING_FINAL_HUMAN_CONFIRMATION,,,,,,unreviewed,worn_person,0.895580,product_display,0.829738,partial,0.462723,none,0.166988,partial,0.531190,full,0.062380,REVIEW,LOW_VISIBILITY_CONFIDENCE
SEGCORE1_0271,dress,short_sleeve_dress,DeepFashion2,../fashion_data/raw/train/train/image/047099.jpg,item2_short_sleeve_dress,benchmark/prd_3_1_v1/candidates/segmentation_core_stress_v1/masks/core/dress/SEGCORE1_0271.png,benchmark/prd_3_1_v1/candidates/segmentation_core_stress_v1/overlays/core/dress/SEGCORE1_0271.jpg,0.04972826,medium,PENDING_FINAL_HUMAN_CONFIRMATION,,,,,,unreviewed,worn_person,0.627468,product_display,0.376810,none,0.525382,partial,0.228961,partial,0.539363,full,0.078726,REVIEW,LOW_VISIBILITY_CONFIDENCE
SEGCORE1_0272,dress,long_sleeve_dress,DeepFashion2,../fashion_data/raw/train/train/image/088853.jpg,item1_long_sleeve_dress,benchmark/prd_3_1_v1/candidates/segmentation_core_stress_v1/masks/core/dress/SEGCORE1_0272.png,benchmark/prd_3_1_v1/candidates/segmentation_core_stress_v1/overlays/core/dress/SEGCORE1_0272.jpg,0.05570669,medium,PENDING_FINAL_HUMAN_CONFIRMATION,,,,,,unreviewed,product_display,0.797203,complex_scene,0.666555,partial,0.568526,none,0.211725,partial,0.526922,full,0.053845,REVIEW,LOW_VISIBILITY_CONFIDENCE
SEGCORE1_0275,dress,sling_dress,DeepFashion2,../fashion_data/raw/train/train/image/141653.jpg,item1_sling_dress,benchmark/prd_3_1_v1/candidates/segmentation_core_stress_v1/masks/core/dress/SEGCORE1_0275.png,benchmark/prd_3_1_v1/candidates/segmentation_core_stress_v1/overlays/core/dress/SEGCORE1_0275.jpg,0.52640998,large,PENDING_FINAL_HUMAN_CONFIRMATION,,,,,,unreviewed,worn_person,0.718382,product_display,0.537385,partial,0.530133,none,0.155815,full,0.508624,partial,0.017247,REVIEW,LOW_VISIBILITY_CONFIDENCE
SEGCORE1_0276,shoe,shoe,Fashionpedia,../fashion_data/raw/fashionpedia/images/test/1f1e21e9d1206809d4f20ef5e6d2ddef.jpg,fashionpedia_ann_6788,benchmark/prd_3_1_v1/candidates/segmentation_core_stress_v1/masks/core/shoe/SEGCORE1_0276.png,benchmark/prd_3_1_v1/candidates/segmentation_core_stress_v1/overlays/core/shoe/SEGCORE1_0276.jpg,0.02957610,medium,PENDING_FINAL_HUMAN_CONFIRMATION,,,,,,unreviewed,worn_person,0.689716,complex_scene,0.537291,partial,0.444115,heavy,0.119052,full,0.528589,partial,0.057179,REVIEW,LOW_OCCLUSION_CONFIDENCE|LOW_VISIBILITY_CONFIDENCE
SEGCORE1_0277,shoe,shoe,Fashionpedia,../fashion_data/raw/fashionpedia/images/test/ee8429febbbf2ceb90270629d0ae0850.jpg,fashionpedia_ann_7075,benchmark/prd_3_1_v1/candidates/segmentation_core_stress_v1/masks/core/shoe/SEGCORE1_0277.png,benchmark/prd_3_1_v1/candidates/segmentation_core_stress_v1/overlays/core/shoe/SEGCORE1_0277.jpg,0.00962243,small,PENDING_FINAL_HUMAN_CONFIRMATION,,,,,,unreviewed,complex_scene,0.360713,worn_person,0.065809,none,0.474309,partial,0.064940,partial,0.739441,full,0.478882,REVIEW,LOW_SCENE_CONFIDENCE|LOW_OCCLUSION_CONFIDENCE
SEGCORE1_0278,shoe,shoe,Fashionpedia,../fashion_data/raw/fashionpedia/images/test/f43143d9807fbb2948474f68d8c6f550.jpg,fashionpedia_ann_8145,benchmark/prd_3_1_v1/candidates/segmentation_core_stress_v1/masks/core/shoe/SEGCORE1_0278.png,benchmark/prd_3_1_v1/candidates/segmentation_core_stress_v1/overlays/core/shoe/SEGCORE1_0278.jpg,0.02971213,medium,PENDING_FINAL_HUMAN_CONFIRMATION,,,,,,unreviewed,worn_person,0.518855,partial_view,0.098772,partial,0.678673,none,0.490984,partial,0.515508,full,0.031015,REVIEW,LOW_VISIBILITY_CONFIDENCE
SEGCORE1_0279,shoe,shoe,Fashionpedia,../fashion_data/raw/fashionpedia/images/test/ac257ddc35bb18760df07544ca327129.jpg,fashionpedia_ann_7169,benchmark/prd_3_1_v1/candidates/segmentation_core_stress_v1/masks/core/shoe/SEGCORE1_0279.png,benchmark/prd_3_1_v1/candidates/segmentation_core_stress_v1/overlays/core/shoe/SEGCORE1_0279.jpg,0.00810604,small,PENDING_FINAL_HUMAN_CONFIRMATION,,,,,,unreviewed,partial_view,0.409848,complex_scene,0.124941,none,0.402022,partial,0.021662,partial,0.667684,full,0.335368,REVIEW,LOW_OCCLUSION_CONFIDENCE
SEGCORE1_0286,shoe,shoe,Fashionpedia,../fashion_data/raw/fashionpedia/images/test/e14733841b04c64e75789a91fbe549b3.jpg,fashionpedia_ann_8929,benchmark/prd_3_1_v1/candidates/segmentation_core_stress_v1/masks/core/shoe/SEGCORE1_0286.png,benchmark/prd_3_1_v1/candidates/segmentation_core_stress_v1/overlays/core/shoe/SEGCORE1_0286.jpg,0.02051921,medium,PENDING_FINAL_HUMAN_CONFIRMATION,,,,,,unreviewed,partial_view,0.403789,product_display,0.185405,partial,0.444913,none,0.030006,partial,0.594176,full,0.188352,REVIEW,LOW_OCCLUSION_CONFIDENCE
SEGCORE1_0287,shoe,shoe,Fashionpedia,../fashion_data/raw/fashionpedia/images/test/733128db0ce4f09443fc561514458c7f.jpg,fashionpedia_ann_7927,benchmark/prd_3_1_v1/candidates/segmentation_core_stress_v1/masks/core/shoe/SEGCORE1_0287.png,benchmark/prd_3_1_v1/candidates/segmentation_core_stress_v1/overlays/core/shoe/SEGCORE1_0287.jpg,0.00968842,small,PENDING_FINAL_HUMAN_CONFIRMATION,,,,,,unreviewed,complex_scene,0.318259,worn_person,0.070162,partial,0.647557,none,0.401995,partial,0.533475,full,0.066951,REVIEW,LOW_SCENE_CONFIDENCE|LOW_VISIBILITY_CONFIDENCE
SEGCORE1_0289,shoe,shoe,Fashionpedia,../fashion_data/raw/fashionpedia/images/test/d47f5c8a886204cd7b315af23ce90b4e.jpg,fashionpedia_ann_5515,benchmark/prd_3_1_v1/candidates/segmentation_core_stress_v1/masks/core/shoe/SEGCORE1_0289.png,benchmark/prd_3_1_v1/candidates/segmentation_core_stress_v1/overlays/core/shoe/SEGCORE1_0289.jpg,0.00709836,small,PENDING_FINAL_HUMAN_CONFIRMATION,,,,,,unreviewed,complex_scene,0.474911,partial_view,0.012376,none,0.464777,partial,0.118217,partial,0.670896,full,0.341793,REVIEW,LOW_SCENE_CONFIDENCE
SEGCORE1_0290,shoe,shoe,Fashionpedia,../fashion_data/raw/fashionpedia/images/test/6d734ccae856df8a0bf85bb3f658bbbb.jpg,fashionpedia_ann_324,benchmark/prd_3_1_v1/candidates/segmentation_core_stress_v1/masks/core/shoe/SEGCORE1_0290.png,benchmark/prd_3_1_v1/candidates/segmentation_core_stress_v1/overlays/core/shoe/SEGCORE1_0290.jpg,0.02046481,medium,PENDING_FINAL_HUMAN_CONFIRMATION,,,,,,unreviewed,worn_person,0.538393,partial_view,0.246313,none,0.398639,partial,0.005534,partial,0.688377,full,0.376754,REVIEW,LOW_OCCLUSION_CONFIDENCE
SEGCORE1_0291,shoe,shoe,Fashionpedia,../fashion_data/raw/fashionpedia/images/test/3a363533069e4150d6fd215abb73dd08.jpg,fashionpedia_ann_842,benchmark/prd_3_1_v1/candidates/segmentation_core_stress_v1/masks/core/shoe/SEGCORE1_0291.png,benchmark/prd_3_1_v1/candidates/segmentation_core_stress_v1/overlays/core/shoe/SEGCORE1_0291.jpg,0.00788113,small,PENDING_FINAL_HUMAN_CONFIRMATION,,,,,,unreviewed,complex_scene,0.477968,partial_view,0.145595,none,0.438907,partial,0.042490,partial,0.723089,full,0.446178,REVIEW,LOW_OCCLUSION_CONFIDENCE
SEGCORE1_0292,shoe,shoe,Fashionpedia,../fashion_data/raw/fashionpedia/images/test/dcee0c0b136a4e8a004fef599a4c96f3.jpg,fashionpedia_ann_4701,benchmark/prd_3_1_v1/candidates/segmentation_core_stress_v1/masks/core/shoe/SEGCORE1_0292.png,benchmark/prd_3_1_v1/candidates/segmentation_core_stress_v1/overlays/core/shoe/SEGCORE1_0292.jpg,0.02091817,medium,PENDING_FINAL_HUMAN_CONFIRMATION,,,,,,unreviewed,partial_view,0.447116,complex_scene,0.076377,partial,0.577266,none,0.306904,partial,0.557455,full,0.114910,REVIEW,LOW_SCENE_CONFIDENCE
SEGCORE1_0295,shoe,shoe,Fashionpedia,../fashion_data/raw/fashionpedia/images/test/c49c54015b966bc7220c18569088e5ea.jpg,fashionpedia_ann_333,benchmark/prd_3_1_v1/candidates/segmentation_core_stress_v1/masks/core/shoe/SEGCORE1_0295.png,benchmark/prd_3_1_v1/candidates/segmentation_core_stress_v1/overlays/core/shoe/SEGCORE1_0295.jpg,0.01400694,small,PENDING_FINAL_HUMAN_CONFIRMATION,,,,,,unreviewed,partial_view,0.510969,complex_scene,0.305524,partial,0.429304,none,0.112152,partial,0.706277,full,0.412555,REVIEW,LOW_OCCLUSION_CONFIDENCE
SEGCORE1_0296,shoe,shoe,Fashionpedia,../fashion_data/raw/fashionpedia/images/test/347c5d77fb5cea10e3bb9d604b40e141.jpg,fashionpedia_ann_6717,benchmark/prd_3_1_v1/candidates/segmentation_core_stress_v1/masks/core/shoe/SEGCORE1_0296.png,benchmark/prd_3_1_v1/candidates/segmentation_core_stress_v1/overlays/core/shoe/SEGCORE1_0296.jpg,0.02087402,medium,PENDING_FINAL_HUMAN_CONFIRMATION,,,,,,unreviewed,partial_view,0.665055,worn_person,0.497085,none,0.394885,partial,0.042379,partial,0.642358,full,0.284717,REVIEW,LOW_OCCLUSION_CONFIDENCE
SEGCORE1_0297,shoe,shoe,Fashionpedia,../fashion_data/raw/fashionpedia/images/test/e9e415310c10ee05c1ebbf0f013c9269.jpg,fashionpedia_ann_3763,benchmark/prd_3_1_v1/candidates/segmentation_core_stress_v1/masks/core/shoe/SEGCORE1_0297.png,benchmark/prd_3_1_v1/candidates/segmentation_core_stress_v1/overlays/core/shoe/SEGCORE1_0297.jpg,0.01930644,small,PENDING_FINAL_HUMAN_CONFIRMATION,,,,,,unreviewed,product_display,0.358040,partial_view,0.107090,partial,0.681994,none,0.485409,full,0.608227,partial,0.216454,REVIEW,LOW_SCENE_CONFIDENCE
SEGCORE1_0298,shoe,shoe,Fashionpedia,../fashion_data/raw/fashionpedia/images/test/5d5d3fb33612b0794f06003d8abe2a3e.jpg,fashionpedia_ann_8012,benchmark/prd_3_1_v1/candidates/segmentation_core_stress_v1/masks/core/shoe/SEGCORE1_0298.png,benchmark/prd_3_1_v1/candidates/segmentation_core_stress_v1/overlays/core/shoe/SEGCORE1_0298.jpg,0.02500000,medium,PENDING_FINAL_HUMAN_CONFIRMATION,,,,,,unreviewed,worn_person,0.864040,complex_scene,0.808262,none,0.430719,partial,0.055429,partial,0.534174,full,0.068348,REVIEW,LOW_OCCLUSION_CONFIDENCE|LOW_VISIBILITY_CONFIDENCE
SEGCORE1_0299,shoe,shoe,Fashionpedia,../fashion_data/raw/fashionpedia/images/test/bf916c006f8adb3c0a45b5a7bfe4d782.jpg,fashionpedia_ann_271,benchmark/prd_3_1_v1/candidates/segmentation_core_stress_v1/masks/core/shoe/SEGCORE1_0299.png,benchmark/prd_3_1_v1/candidates/segmentation_core_stress_v1/overlays/core/shoe/SEGCORE1_0299.jpg,0.01747503,small,PENDING_FINAL_HUMAN_CONFIRMATION,,,,,,unreviewed,complex_scene,0.656273,partial_view,0.364905,partial,0.647535,none,0.411066,partial,0.532216,full,0.064432,REVIEW,LOW_VISIBILITY_CONFIDENCE
SEGCORE1_0300,shoe,shoe,Fashionpedia,../fashion_data/raw/fashionpedia/images/test/6469f5b56cb9ab713851fcd9116923c1.jpg,fashionpedia_ann_4730,benchmark/prd_3_1_v1/candidates/segmentation_core_stress_v1/masks/core/shoe/SEGCORE1_0300.png,benchmark/prd_3_1_v1/candidates/segmentation_core_stress_v1/overlays/core/shoe/SEGCORE1_0300.jpg,0.02038043,medium,PENDING_FINAL_HUMAN_CONFIRMATION,,,,,,unreviewed,worn_person,0.602007,partial_view,0.294788,partial,0.412490,none,0.071104,partial,0.713125,full,0.426250,REVIEW,LOW_OCCLUSION_CONFIDENCE
SEGCORE1_0303,shoe,shoe,Fashionpedia,../fashion_data/raw/fashionpedia/images/test/c829a692db2ec7013e3eb242b430a2d8.jpg,fashionpedia_ann_1821,benchmark/prd_3_1_v1/candidates/segmentation_core_stress_v1/masks/core/shoe/SEGCORE1_0303.png,benchmark/prd_3_1_v1/candidates/segmentation_core_stress_v1/overlays/core/shoe/SEGCORE1_0303.jpg,0.00514733,small,PENDING_FINAL_HUMAN_CONFIRMATION,,,,,,unreviewed,complex_scene,0.390686,partial_view,0.051045,partial,0.472381,none,0.131244,partial,0.768553,full,0.537105,REVIEW,LOW_SCENE_CONFIDENCE
SEGCORE1_0304,shoe,shoe,Fashionpedia,../fashion_data/raw/fashionpedia/images/test/ebf78f93576a0c6222dc50801fd113c6.jpg,fashionpedia_ann_2463,benchmark/prd_3_1_v1/candidates/segmentation_core_stress_v1/masks/core/shoe/SEGCORE1_0304.png,benchmark/prd_3_1_v1/candidates/segmentation_core_stress_v1/overlays/core/shoe/SEGCORE1_0304.jpg,0.02061950,medium,PENDING_FINAL_HUMAN_CONFIRMATION,,,,,,unreviewed,complex_scene,0.530286,worn_person,0.189371,none,0.413571,partial,0.020241,partial,0.696270,full,0.392540,REVIEW,LOW_OCCLUSION_CONFIDENCE
SEGCORE1_0305,shoe,shoe,Fashionpedia,../fashion_data/raw/fashionpedia/images/test/9a755d94e00922406ee34010fac8eec5.jpg,fashionpedia_ann_5623,benchmark/prd_3_1_v1/candidates/segmentation_core_stress_v1/masks/core/shoe/SEGCORE1_0305.png,benchmark/prd_3_1_v1/candidates/segmentation_core_stress_v1/overlays/core/shoe/SEGCORE1_0305.jpg,0.00660574,small,PENDING_FINAL_HUMAN_CONFIRMATION,,,,,,unreviewed,worn_person,0.681916,complex_scene,0.489344,partial,0.636771,none,0.379948,partial,0.518488,full,0.036975,REVIEW,LOW_VISIBILITY_CONFIDENCE
SEGCORE1_0307,shoe,shoe,Fashionpedia,../fashion_data/raw/fashionpedia/images/test/b71711424f189b2279045ba925231bc8.jpg,fashionpedia_ann_3233,benchmark/prd_3_1_v1/candidates/segmentation_core_stress_v1/masks/core/shoe/SEGCORE1_0307.png,benchmark/prd_3_1_v1/candidates/segmentation_core_stress_v1/overlays/core/shoe/SEGCORE1_0307.jpg,0.01236168,small,PENDING_FINAL_HUMAN_CONFIRMATION,,,,,,unreviewed,worn_person,0.790358,partial_view,0.614079,partial,0.553093,none,0.269548,full,0.539222,partial,0.078443,REVIEW,LOW_VISIBILITY_CONFIDENCE
SEGCORE1_0312,shoe,shoe,Fashionpedia,../fashion_data/raw/fashionpedia/images/test/c31564bf88c1d02aa8cb1e886ccaadef.jpg,fashionpedia_ann_1307,benchmark/prd_3_1_v1/candidates/segmentation_core_stress_v1/masks/core/shoe/SEGCORE1_0312.png,benchmark/prd_3_1_v1/candidates/segmentation_core_stress_v1/overlays/core/shoe/SEGCORE1_0312.jpg,0.02517584,medium,PENDING_FINAL_HUMAN_CONFIRMATION,,,,,,unreviewed,product_display,0.366091,complex_scene,0.069462,partial,0.672129,heavy,0.465353,partial,0.619495,full,0.238990,REVIEW,LOW_SCENE_CONFIDENCE
SEGCORE1_0314,shoe,shoe,Fashionpedia,../fashion_data/raw/fashionpedia/images/test/fb8c9b2e3aa874455182d777418321da.jpg,fashionpedia_ann_1142,benchmark/prd_3_1_v1/candidates/segmentation_core_stress_v1/masks/core/shoe/SEGCORE1_0314.png,benchmark/prd_3_1_v1/candidates/segmentation_core_stress_v1/overlays/core/shoe/SEGCORE1_0314.jpg,0.03010329,medium,PENDING_FINAL_HUMAN_CONFIRMATION,,,,,,unreviewed,partial_view,0.436228,complex_scene,0.188237,none,0.424343,partial,0.107082,partial,0.687967,full,0.375934,REVIEW,LOW_OCCLUSION_CONFIDENCE
SEGCORE1_0315,shoe,shoe,Fashionpedia,../fashion_data/raw/fashionpedia/images/test/18b2f32e876170304b2b6860ae127ba5.jpg,fashionpedia_ann_8605,benchmark/prd_3_1_v1/candidates/segmentation_core_stress_v1/masks/core/shoe/SEGCORE1_0315.png,benchmark/prd_3_1_v1/candidates/segmentation_core_stress_v1/overlays/core/shoe/SEGCORE1_0315.jpg,0.00544126,small,PENDING_FINAL_HUMAN_CONFIRMATION,,,,,,unreviewed,complex_scene,0.427459,partial_view,0.055925,none,0.484131,partial,0.121953,partial,0.749692,full,0.499383,REVIEW,LOW_SCENE_CONFIDENCE
SEGCORE1_0321,shoe,shoe,Fashionpedia,../fashion_data/raw/fashionpedia/images/test/7edab506f7628da58ac683b6b9554d2d.jpg,fashionpedia_ann_972,benchmark/prd_3_1_v1/candidates/segmentation_core_stress_v1/masks/core/shoe/SEGCORE1_0321.png,benchmark/prd_3_1_v1/candidates/segmentation_core_stress_v1/overlays/core/shoe/SEGCORE1_0321.jpg,0.00841159,small,PENDING_FINAL_HUMAN_CONFIRMATION,,,,,,unreviewed,product_display,0.423508,worn_person,0.006530,partial,0.490259,none,0.163272,partial,0.694120,full,0.388239,REVIEW,LOW_SCENE_CONFIDENCE
SEGCORE1_0322,shoe,shoe,Fashionpedia,../fashion_data/raw/fashionpedia/images/test/5335b8ea8a70be860bc310864bc7d8d1.jpg,fashionpedia_ann_8097,benchmark/prd_3_1_v1/candidates/segmentation_core_stress_v1/masks/core/shoe/SEGCORE1_0322.png,benchmark/prd_3_1_v1/candidates/segmentation_core_stress_v1/overlays/core/shoe/SEGCORE1_0322.jpg,0.02786210,medium,PENDING_FINAL_HUMAN_CONFIRMATION,,,,,,unreviewed,complex_scene,0.812082,partial_view,0.679745,partial,0.509968,none,0.228643,full,0.510213,partial,0.020427,REVIEW,LOW_VISIBILITY_CONFIDENCE
SEGCORE1_0324,shoe,shoe,Fashionpedia,../fashion_data/raw/fashionpedia/images/test/0205895cfbb5348d94fda8ce32272fa5.jpg,fashionpedia_ann_4673,benchmark/prd_3_1_v1/candidates/segmentation_core_stress_v1/masks/core/shoe/SEGCORE1_0324.png,benchmark/prd_3_1_v1/candidates/segmentation_core_stress_v1/overlays/core/shoe/SEGCORE1_0324.jpg,0.02370059,medium,PENDING_FINAL_HUMAN_CONFIRMATION,,,,,,unreviewed,partial_view,0.341613,complex_scene,0.016760,partial,0.467365,none,0.162978,full,0.511489,partial,0.022978,REVIEW,LOW_SCENE_CONFIDENCE|LOW_VISIBILITY_CONFIDENCE
SEGCORE1_0326,shoe,shoe,Fashionpedia,../fashion_data/raw/fashionpedia/images/test/b3727cc1c8c81af2822bc1750c6d7b74.jpg,fashionpedia_ann_749,benchmark/prd_3_1_v1/candidates/segmentation_core_stress_v1/masks/core/shoe/SEGCORE1_0326.png,benchmark/prd_3_1_v1/candidates/segmentation_core_stress_v1/overlays/core/shoe/SEGCORE1_0326.jpg,0.02565487,medium,PENDING_FINAL_HUMAN_CONFIRMATION,,,,,,unreviewed,worn_person,0.863954,complex_scene,0.806845,partial,0.603264,none,0.313804,full,0.513719,partial,0.027438,REVIEW,LOW_VISIBILITY_CONFIDENCE
SEGCORE1_0327,shoe,shoe,Fashionpedia,../fashion_data/raw/fashionpedia/images/test/e96499ab161b277c35c4db8bb820f070.jpg,fashionpedia_ann_6125,benchmark/prd_3_1_v1/candidates/segmentation_core_stress_v1/masks/core/shoe/SEGCORE1_0327.png,benchmark/prd_3_1_v1/candidates/segmentation_core_stress_v1/overlays/core/shoe/SEGCORE1_0327.jpg,0.01296634,small,PENDING_FINAL_HUMAN_CONFIRMATION,,,,,,unreviewed,complex_scene,0.411269,partial_view,0.074155,partial,0.511795,none,0.239157,partial,0.544548,full,0.089097,REVIEW,LOW_SCENE_CONFIDENCE
SEGCORE1_0330,shoe,shoe,Fashionpedia,../fashion_data/raw/fashionpedia/images/test/d3288584fffb4caeb8a392304b09ce93.jpg,fashionpedia_ann_4491,benchmark/prd_3_1_v1/candidates/segmentation_core_stress_v1/masks/core/shoe/SEGCORE1_0330.png,benchmark/prd_3_1_v1/candidates/segmentation_core_stress_v1/overlays/core/shoe/SEGCORE1_0330.jpg,0.02236155,medium,PENDING_FINAL_HUMAN_CONFIRMATION,,,,,,unreviewed,worn_person,0.560534,product_display,0.247111,none,0.431730,partial,0.089866,partial,0.689237,full,0.378475,REVIEW,LOW_OCCLUSION_CONFIDENCE
SEGCORE1_0332,bag,"bag, wallet",Fashionpedia,../fashion_data/raw/fashionpedia/images/test/4a218fbe91f6d17267cdbb255d4d8900.jpg,fashionpedia_ann_6755,benchmark/prd_3_1_v1/candidates/segmentation_core_stress_v1/masks/core/bag/SEGCORE1_0332.png,benchmark/prd_3_1_v1/candidates/segmentation_core_stress_v1/overlays/core/bag/SEGCORE1_0332.jpg,0.03487110,medium,PENDING_FINAL_HUMAN_CONFIRMATION,,,,,,unreviewed,worn_person,0.839954,complex_scene,0.731674,partial,0.572761,none,0.271043,full,0.536942,partial,0.073884,REVIEW,LOW_VISIBILITY_CONFIDENCE
SEGCORE1_0335,bag,"bag, wallet",Fashionpedia,../fashion_data/raw/fashionpedia/images/test/5d7f5a1b4d12d8931d03c3e7e1060689.jpg,fashionpedia_ann_6947,benchmark/prd_3_1_v1/candidates/segmentation_core_stress_v1/masks/core/bag/SEGCORE1_0335.png,benchmark/prd_3_1_v1/candidates/segmentation_core_stress_v1/overlays/core/bag/SEGCORE1_0335.jpg,0.04011220,medium,PENDING_FINAL_HUMAN_CONFIRMATION,,,,,,unreviewed,complex_scene,0.877533,partial_view,0.831043,partial,0.675632,none,0.478723,partial,0.539465,full,0.078929,REVIEW,LOW_VISIBILITY_CONFIDENCE
SEGCORE1_0336,bag,"bag, wallet",Fashionpedia,../fashion_data/raw/fashionpedia/images/test/0b915f1e29a2e2dacf96aacd3cb6a3cc.jpg,fashionpedia_ann_6617,benchmark/prd_3_1_v1/candidates/segmentation_core_stress_v1/masks/core/bag/SEGCORE1_0336.png,benchmark/prd_3_1_v1/candidates/segmentation_core_stress_v1/overlays/core/bag/SEGCORE1_0336.jpg,0.11500132,large,PENDING_FINAL_HUMAN_CONFIRMATION,,,,,,unreviewed,complex_scene,0.437562,worn_person,0.030940,partial,0.571441,none,0.260921,full,0.506589,partial,0.013178,REVIEW,LOW_SCENE_CONFIDENCE|LOW_VISIBILITY_CONFIDENCE
SEGCORE1_0339,bag,"bag, wallet",Fashionpedia,../fashion_data/raw/fashionpedia/images/test/e18e46ee82d41e1a8bad90e817212331.jpg,fashionpedia_ann_7652,benchmark/prd_3_1_v1/candidates/segmentation_core_stress_v1/masks/core/bag/SEGCORE1_0339.png,benchmark/prd_3_1_v1/candidates/segmentation_core_stress_v1/overlays/core/bag/SEGCORE1_0339.jpg,0.22104740,large,PENDING_FINAL_HUMAN_CONFIRMATION,,,,,,unreviewed,worn_person,0.933257,partial_view,0.888647,none,0.418502,partial,0.065719,partial,0.650675,full,0.301350,REVIEW,LOW_OCCLUSION_CONFIDENCE
SEGCORE1_0340,bag,"bag, wallet",Fashionpedia,../fashion_data/raw/fashionpedia/images/test/899f2cf99bf2589cb5f037792f6f35ae.jpg,fashionpedia_ann_1804,benchmark/prd_3_1_v1/candidates/segmentation_core_stress_v1/masks/core/bag/SEGCORE1_0340.png,benchmark/prd_3_1_v1/candidates/segmentation_core_stress_v1/overlays/core/bag/SEGCORE1_0340.jpg,0.01947725,small,PENDING_FINAL_HUMAN_CONFIRMATION,,,,,,unreviewed,partial_view,0.540937,complex_scene,0.301033,partial,0.712044,none,0.538712,partial,0.525179,full,0.050357,REVIEW,LOW_VISIBILITY_CONFIDENCE
SEGCORE1_0344,bag,"bag, wallet",Fashionpedia,../fashion_data/raw/fashionpedia/images/test/0c6cf79ffbf7f14a266d0f0f21219447.jpg,fashionpedia_ann_498,benchmark/prd_3_1_v1/candidates/segmentation_core_stress_v1/masks/core/bag/SEGCORE1_0344.png,benchmark/prd_3_1_v1/candidates/segmentation_core_stress_v1/overlays/core/bag/SEGCORE1_0344.jpg,0.03031964,medium,PENDING_FINAL_HUMAN_CONFIRMATION,,,,,,unreviewed,worn_person,0.870817,partial_view,0.788178,partial,0.444875,none,0.098186,partial,0.584614,full,0.169227,REVIEW,LOW_OCCLUSION_CONFIDENCE
SEGCORE1_0345,bag,"bag, wallet",Fashionpedia,../fashion_data/raw/fashionpedia/images/test/a13f7be475e3cf371b342c0f2e320836.jpg,fashionpedia_ann_9174,benchmark/prd_3_1_v1/candidates/segmentation_core_stress_v1/masks/core/bag/SEGCORE1_0345.png,benchmark/prd_3_1_v1/candidates/segmentation_core_stress_v1/overlays/core/bag/SEGCORE1_0345.jpg,0.11072672,large,PENDING_FINAL_HUMAN_CONFIRMATION,,,,,,unreviewed,worn_person,0.937489,partial_view,0.899699,partial,0.643047,heavy,0.446698,full,0.516471,partial,0.032941,REVIEW,LOW_VISIBILITY_CONFIDENCE
SEGCORE1_0351,bag,"bag, wallet",Fashionpedia,../fashion_data/raw/fashionpedia/images/test/e58b172581a1b2e4d7ed70620b23d2be.jpg,fashionpedia_ann_3471,benchmark/prd_3_1_v1/candidates/segmentation_core_stress_v1/masks/core/bag/SEGCORE1_0351.png,benchmark/prd_3_1_v1/candidates/segmentation_core_stress_v1/overlays/core/bag/SEGCORE1_0351.jpg,0.16400531,large,PENDING_FINAL_HUMAN_CONFIRMATION,,,,,,unreviewed,worn_person,0.984906,partial_view,0.978301,partial,0.646343,none,0.442212,full,0.522078,partial,0.044157,REVIEW,LOW_VISIBILITY_CONFIDENCE
SEGCORE1_0355,bag,"bag, wallet",Fashionpedia,../fashion_data/raw/fashionpedia/images/test/219a6c846e208bbad39f71ddab96408a.jpg,fashionpedia_ann_3153,benchmark/prd_3_1_v1/candidates/segmentation_core_stress_v1/masks/core/bag/SEGCORE1_0355.png,benchmark/prd_3_1_v1/candidates/segmentation_core_stress_v1/overlays/core/bag/SEGCORE1_0355.jpg,0.01149824,small,PENDING_FINAL_HUMAN_CONFIRMATION,,,,,,unreviewed,worn_person,0.867530,partial_view,0.778637,partial,0.441841,none,0.150515,full,0.520153,partial,0.040305,REVIEW,LOW_OCCLUSION_CONFIDENCE|LOW_VISIBILITY_CONFIDENCE
SEGCORE1_0356,bag,"bag, wallet",Fashionpedia,../fashion_data/raw/fashionpedia/images/test/0ba0216e6879f8b433d0897a77cff984.jpg,fashionpedia_ann_3969,benchmark/prd_3_1_v1/candidates/segmentation_core_stress_v1/masks/core/bag/SEGCORE1_0356.png,benchmark/prd_3_1_v1/candidates/segmentation_core_stress_v1/overlays/core/bag/SEGCORE1_0356.jpg,0.08750458,medium,PENDING_FINAL_HUMAN_CONFIRMATION,,,,,,unreviewed,worn_person,0.665059,complex_scene,0.435468,partial,0.660153,none,0.461798,partial,0.512584,full,0.025169,REVIEW,LOW_VISIBILITY_CONFIDENCE
SEGCORE1_0357,bag,"bag, wallet",Fashionpedia,../fashion_data/raw/fashionpedia/images/test/e6468d04328e93755f40b49190b3f801.jpg,fashionpedia_ann_1058,benchmark/prd_3_1_v1/candidates/segmentation_core_stress_v1/masks/core/bag/SEGCORE1_0357.png,benchmark/prd_3_1_v1/candidates/segmentation_core_stress_v1/overlays/core/bag/SEGCORE1_0357.jpg,0.14152976,large,PENDING_FINAL_HUMAN_CONFIRMATION,,,,,,unreviewed,worn_person,0.398424,complex_scene,0.098301,partial,0.713202,none,0.545316,full,0.670446,partial,0.340893,REVIEW,LOW_SCENE_CONFIDENCE
SEGCORE1_0359,bag,"bag, wallet",Fashionpedia,../fashion_data/raw/fashionpedia/images/test/f33e666940ab7cb29212a29d4feda8ad.jpg,fashionpedia_ann_3078,benchmark/prd_3_1_v1/candidates/segmentation_core_stress_v1/masks/core/bag/SEGCORE1_0359.png,benchmark/prd_3_1_v1/candidates/segmentation_core_stress_v1/overlays/core/bag/SEGCORE1_0359.jpg,0.05863093,medium,PENDING_FINAL_HUMAN_CONFIRMATION,,,,,,unreviewed,worn_person,0.874511,complex_scene,0.807919,partial,0.740218,none,0.603377,full,0.515599,partial,0.031199,REVIEW,LOW_VISIBILITY_CONFIDENCE
SEGCORE1_0360,bag,"bag, wallet",Fashionpedia,../fashion_data/raw/fashionpedia/images/test/05bf5bc41fc3f6e18507faac19298273.jpg,fashionpedia_ann_3401,benchmark/prd_3_1_v1/candidates/segmentation_core_stress_v1/masks/core/bag/SEGCORE1_0360.png,benchmark/prd_3_1_v1/candidates/segmentation_core_stress_v1/overlays/core/bag/SEGCORE1_0360.jpg,0.10493164,large,PENDING_FINAL_HUMAN_CONFIRMATION,,,,,,unreviewed,worn_person,0.940563,partial_view,0.906549,partial,0.835571,none,0.729910,full,0.524374,partial,0.048747,REVIEW,LOW_VISIBILITY_CONFIDENCE
SEGCORE1_0362,bag,"bag, wallet",Fashionpedia,../fashion_data/raw/fashionpedia/images/test/02b4423e161fa2409974174ec53cdb2a.jpg,fashionpedia_ann_8391,benchmark/prd_3_1_v1/candidates/segmentation_core_stress_v1/masks/core/bag/SEGCORE1_0362.png,benchmark/prd_3_1_v1/candidates/segmentation_core_stress_v1/overlays/core/bag/SEGCORE1_0362.jpg,0.03181704,medium,PENDING_FINAL_HUMAN_CONFIRMATION,,,,,,unreviewed,partial_view,0.857017,complex_scene,0.757472,partial,0.372150,heavy,0.034121,partial,0.761535,full,0.523071,REVIEW,LOW_OCCLUSION_CONFIDENCE
SEGCORE1_0363,bag,"bag, wallet",Fashionpedia,../fashion_data/raw/fashionpedia/images/test/91d2989ccce4a5b3e4789f48b4e05a68.jpg,fashionpedia_ann_2999,benchmark/prd_3_1_v1/candidates/segmentation_core_stress_v1/masks/core/bag/SEGCORE1_0363.png,benchmark/prd_3_1_v1/candidates/segmentation_core_stress_v1/overlays/core/bag/SEGCORE1_0363.jpg,0.01867084,small,PENDING_FINAL_HUMAN_CONFIRMATION,,,,,,unreviewed,worn_person,0.590692,partial_view,0.302433,none,0.377190,heavy,0.022634,partial,0.812109,full,0.624218,REVIEW,LOW_OCCLUSION_CONFIDENCE
SEGCORE1_0364,bag,"bag, wallet",Fashionpedia,../fashion_data/raw/fashionpedia/images/test/1ee26a858200fa98bef04c950dad233a.jpg,fashionpedia_ann_1171,benchmark/prd_3_1_v1/candidates/segmentation_core_stress_v1/masks/core/bag/SEGCORE1_0364.png,benchmark/prd_3_1_v1/candidates/segmentation_core_stress_v1/overlays/core/bag/SEGCORE1_0364.jpg,0.04032258,medium,PENDING_FINAL_HUMAN_CONFIRMATION,,,,,,unreviewed,worn_person,0.962742,complex_scene,0.948333,partial,0.471305,none,0.093576,partial,0.506595,full,0.013189,REVIEW,LOW_VISIBILITY_CONFIDENCE
SEGCORE1_0365,bag,"bag, wallet",Fashionpedia,../fashion_data/raw/fashionpedia/images/test/de92afe62c9c4670a48c6c3e43440323.jpg,fashionpedia_ann_3574,benchmark/prd_3_1_v1/candidates/segmentation_core_stress_v1/masks/core/bag/SEGCORE1_0365.png,benchmark/prd_3_1_v1/candidates/segmentation_core_stress_v1/overlays/core/bag/SEGCORE1_0365.jpg,0.01649560,small,PENDING_FINAL_HUMAN_CONFIRMATION,,,,,,unreviewed,worn_person,0.443403,complex_scene,0.112191,partial,0.674665,none,0.488341,partial,0.535490,full,0.070981,REVIEW,LOW_VISIBILITY_CONFIDENCE
SEGCORE1_0367,bag,"bag, wallet",Fashionpedia,../fashion_data/raw/fashionpedia/images/test/590d516a191a9f1013976798dda97d36.jpg,fashionpedia_ann_3535,benchmark/prd_3_1_v1/candidates/segmentation_core_stress_v1/masks/core/bag/SEGCORE1_0367.png,benchmark/prd_3_1_v1/candidates/segmentation_core_stress_v1/overlays/core/bag/SEGCORE1_0367.jpg,0.07047653,medium,PENDING_FINAL_HUMAN_CONFIRMATION,,,,,,unreviewed,worn_person,0.783508,product_display,0.694483,partial,0.402384,none,0.058056,partial,0.662187,full,0.324374,REVIEW,LOW_OCCLUSION_CONFIDENCE
SEGCORE1_0368,bag,"bag, wallet",Fashionpedia,../fashion_data/raw/fashionpedia/images/test/4aa6626a5183e3072b74ee07f75e07b6.jpg,fashionpedia_ann_578,benchmark/prd_3_1_v1/candidates/segmentation_core_stress_v1/masks/core/bag/SEGCORE1_0368.png,benchmark/prd_3_1_v1/candidates/segmentation_core_stress_v1/overlays/core/bag/SEGCORE1_0368.jpg,0.05160460,medium,PENDING_FINAL_HUMAN_CONFIRMATION,,,,,,unreviewed,partial_view,0.397880,complex_scene,0.110987,partial,0.433717,none,0.129964,full,0.529931,partial,0.059863,REVIEW,LOW_SCENE_CONFIDENCE|LOW_OCCLUSION_CONFIDENCE|LOW_VISIBILITY_CONFIDENCE
SEGCORE1_0371,bag,"bag, wallet",Fashionpedia,../fashion_data/raw/fashionpedia/images/test/25e92d53394ac92b6b9edbbfe7cb0e1e.jpg,fashionpedia_ann_8795,benchmark/prd_3_1_v1/candidates/segmentation_core_stress_v1/masks/core/bag/SEGCORE1_0371.png,benchmark/prd_3_1_v1/candidates/segmentation_core_stress_v1/overlays/core/bag/SEGCORE1_0371.jpg,0.02163523,medium,PENDING_FINAL_HUMAN_CONFIRMATION,,,,,,unreviewed,partial_view,0.488399,worn_person,0.020331,partial,0.556435,heavy,0.296386,full,0.722128,partial,0.444256,REVIEW,LOW_SCENE_CONFIDENCE
SEGCORE1_0375,bag,"bag, wallet",Fashionpedia,../fashion_data/raw/fashionpedia/images/test/6f7e3162e9690967035c75bdbb9b0aea.jpg,fashionpedia_ann_6958,benchmark/prd_3_1_v1/candidates/segmentation_core_stress_v1/masks/core/bag/SEGCORE1_0375.png,benchmark/prd_3_1_v1/candidates/segmentation_core_stress_v1/overlays/core/bag/SEGCORE1_0375.jpg,0.06181083,medium,PENDING_FINAL_HUMAN_CONFIRMATION,,,,,,unreviewed,worn_person,0.745340,complex_scene,0.538608,partial,0.646660,none,0.384319,full,0.538842,partial,0.077685,REVIEW,LOW_VISIBILITY_CONFIDENCE
SEGCORE1_0376,bag,"bag, wallet",Fashionpedia,../fashion_data/raw/fashionpedia/images/test/42668f83c24465ba79d25eb2a8790050.jpg,fashionpedia_ann_7324,benchmark/prd_3_1_v1/candidates/segmentation_core_stress_v1/masks/core/bag/SEGCORE1_0376.png,benchmark/prd_3_1_v1/candidates/segmentation_core_stress_v1/overlays/core/bag/SEGCORE1_0376.jpg,0.04684063,medium,PENDING_FINAL_HUMAN_CONFIRMATION,,,,,,unreviewed,worn_person,0.664377,partial_view,0.426865,partial,0.725476,none,0.532845,partial,0.510483,full,0.020966,REVIEW,LOW_VISIBILITY_CONFIDENCE
SEGCORE1_0381,bag,"bag, wallet",Fashionpedia,../fashion_data/raw/fashionpedia/images/test/981fa1400f6240e4a3d5082b95b667a2.jpg,fashionpedia_ann_5913,benchmark/prd_3_1_v1/candidates/segmentation_core_stress_v1/masks/core/bag/SEGCORE1_0381.png,benchmark/prd_3_1_v1/candidates/segmentation_core_stress_v1/overlays/core/bag/SEGCORE1_0381.jpg,0.02978730,medium,PENDING_FINAL_HUMAN_CONFIRMATION,,,,,,unreviewed,complex_scene,0.435793,partial_view,0.039775,partial,0.673410,none,0.499220,partial,0.547922,full,0.095844,REVIEW,LOW_SCENE_CONFIDENCE
SEGCORE1_0384,bag,"bag, wallet",Fashionpedia,../fashion_data/raw/fashionpedia/images/test/cd30c3a3d2eae0659013f8e27938c805.jpg,fashionpedia_ann_2407,benchmark/prd_3_1_v1/candidates/segmentation_core_stress_v1/masks/core/bag/SEGCORE1_0384.png,benchmark/prd_3_1_v1/candidates/segmentation_core_stress_v1/overlays/core/bag/SEGCORE1_0384.jpg,0.03253111,medium,PENDING_FINAL_HUMAN_CONFIRMATION,,,,,,unreviewed,worn_person,0.685405,complex_scene,0.500867,partial,0.703821,none,0.503515,partial,0.519611,full,0.039222,REVIEW,LOW_VISIBILITY_CONFIDENCE
SEGCORE1_0388,accessory,belt,Fashionpedia,../fashion_data/raw/fashionpedia/images/test/f4c8049f436b7edcb26c01d3219e14c2.jpg,fashionpedia_ann_7825,benchmark/prd_3_1_v1/candidates/segmentation_core_stress_v1/masks/core/accessory/SEGCORE1_0388.png,benchmark/prd_3_1_v1/candidates/segmentation_core_stress_v1/overlays/core/accessory/SEGCORE1_0388.jpg,0.00715669,small,PENDING_FINAL_HUMAN_CONFIRMATION,,,,,,unreviewed,partial_view,0.480576,worn_person,0.166125,partial,0.407043,none,0.100635,partial,0.740663,full,0.481326,REVIEW,LOW_OCCLUSION_CONFIDENCE
SEGCORE1_0389,accessory,glove,Fashionpedia,../fashion_data/raw/fashionpedia/images/test/0a4aae5ecd970a120bfcc6b377b6e187.jpg,fashionpedia_ann_8535,benchmark/prd_3_1_v1/candidates/segmentation_core_stress_v1/masks/core/accessory/SEGCORE1_0389.png,benchmark/prd_3_1_v1/candidates/segmentation_core_stress_v1/overlays/core/accessory/SEGCORE1_0389.jpg,0.01306946,small,PENDING_FINAL_HUMAN_CONFIRMATION,,,,,,unreviewed,complex_scene,0.965468,partial_view,0.946354,none,0.424353,partial,0.107348,partial,0.752845,full,0.505691,REVIEW,LOW_OCCLUSION_CONFIDENCE
SEGCORE1_0392,accessory,hat,Fashionpedia,../fashion_data/raw/fashionpedia/images/test/ec87f9472aa1aa6a6fb6fa44add1357a.jpg,fashionpedia_ann_7485,benchmark/prd_3_1_v1/candidates/segmentation_core_stress_v1/masks/core/accessory/SEGCORE1_0392.png,benchmark/prd_3_1_v1/candidates/segmentation_core_stress_v1/overlays/core/accessory/SEGCORE1_0392.jpg,0.21780396,large,PENDING_FINAL_HUMAN_CONFIRMATION,,,,,,unreviewed,worn_person,0.661514,partial_view,0.432008,none,0.449671,partial,0.104746,partial,0.804110,full,0.608220,REVIEW,LOW_OCCLUSION_CONFIDENCE
SEGCORE1_0394,accessory,hat,Fashionpedia,../fashion_data/raw/fashionpedia/images/test/ef9f506c8d4345edbb63f7fb54bb2cf5.jpg,fashionpedia_ann_4816,benchmark/prd_3_1_v1/candidates/segmentation_core_stress_v1/masks/core/accessory/SEGCORE1_0394.png,benchmark/prd_3_1_v1/candidates/segmentation_core_stress_v1/overlays/core/accessory/SEGCORE1_0394.jpg,0.05629124,medium,PENDING_FINAL_HUMAN_CONFIRMATION,,,,,,unreviewed,partial_view,0.447633,worn_person,0.049952,partial,0.623592,none,0.387097,full,0.779009,partial,0.558018,REVIEW,LOW_SCENE_CONFIDENCE
SEGCORE1_0397,accessory,"tights, stockings",Fashionpedia,../fashion_data/raw/fashionpedia/images/test/069223d02dcbfbe69af905daeb7fae26.jpg,fashionpedia_ann_8662,benchmark/prd_3_1_v1/candidates/segmentation_core_stress_v1/masks/core/accessory/SEGCORE1_0397.png,benchmark/prd_3_1_v1/candidates/segmentation_core_stress_v1/overlays/core/accessory/SEGCORE1_0397.jpg,0.00882343,small,PENDING_FINAL_HUMAN_CONFIRMATION,,,,,,unreviewed,worn_person,0.879435,partial_view,0.793618,none,0.520339,partial,0.255898,full,0.523433,partial,0.046865,REVIEW,LOW_VISIBILITY_CONFIDENCE
SEGCORE1_0399,accessory,scarf,Fashionpedia,../fashion_data/raw/fashionpedia/images/test/d451b646b79628026a369c045ed54462.jpg,fashionpedia_ann_6404,benchmark/prd_3_1_v1/candidates/segmentation_core_stress_v1/masks/core/accessory/SEGCORE1_0399.png,benchmark/prd_3_1_v1/candidates/segmentation_core_stress_v1/overlays/core/accessory/SEGCORE1_0399.jpg,0.06593589,medium,PENDING_FINAL_HUMAN_CONFIRMATION,,,,,,unreviewed,complex_scene,0.417367,worn_person,0.040833,partial,0.686102,none,0.493438,full,0.649577,partial,0.299154,REVIEW,LOW_SCENE_CONFIDENCE
SEGCORE1_0400,accessory,hat,Fashionpedia,../fashion_data/raw/fashionpedia/images/test/3c9745ee71fdc72c43f9baec5f9e27f0.jpg,fashionpedia_ann_6700,benchmark/prd_3_1_v1/candidates/segmentation_core_stress_v1/masks/core/accessory/SEGCORE1_0400.png,benchmark/prd_3_1_v1/candidates/segmentation_core_stress_v1/overlays/core/accessory/SEGCORE1_0400.jpg,0.01245653,small,PENDING_FINAL_HUMAN_CONFIRMATION,,,,,,unreviewed,complex_scene,0.371917,partial_view,0.085593,partial,0.532923,none,0.248161,partial,0.827190,full,0.654379,REVIEW,LOW_SCENE_CONFIDENCE
SEGCORE1_0402,accessory,glasses,Fashionpedia,../fashion_data/raw/fashionpedia/images/test/3c9135567d29729161aa465507e5efad.jpg,fashionpedia_ann_5153,benchmark/prd_3_1_v1/candidates/segmentation_core_stress_v1/masks/core/accessory/SEGCORE1_0402.png,benchmark/prd_3_1_v1/candidates/segmentation_core_stress_v1/overlays/core/accessory/SEGCORE1_0402.jpg,0.00997755,small,PENDING_FINAL_HUMAN_CONFIRMATION,,,,,,unreviewed,worn_person,0.829461,complex_scene,0.687748,partial,0.400161,none,0.023607,partial,0.794365,full,0.588730,REVIEW,LOW_OCCLUSION_CONFIDENCE
SEGCORE1_0403,accessory,belt,Fashionpedia,../fashion_data/raw/fashionpedia/images/test/b5afca4e7afe32cd8d4e7ba62da456bd.jpg,fashionpedia_ann_1945,benchmark/prd_3_1_v1/candidates/segmentation_core_stress_v1/masks/core/accessory/SEGCORE1_0403.png,benchmark/prd_3_1_v1/candidates/segmentation_core_stress_v1/overlays/core/accessory/SEGCORE1_0403.jpg,0.13064779,large,PENDING_FINAL_HUMAN_CONFIRMATION,,,,,,unreviewed,partial_view,0.452045,complex_scene,0.098003,partial,0.736385,none,0.580238,full,0.537377,partial,0.074753,REVIEW,LOW_VISIBILITY_CONFIDENCE
SEGCORE1_0407,accessory,"headband, head covering, hair accessory",Fashionpedia,../fashion_data/raw/fashionpedia/images/test/f94d9c70da577d48906186b22cf7133d.jpg,fashionpedia_ann_3836,benchmark/prd_3_1_v1/candidates/segmentation_core_stress_v1/masks/core/accessory/SEGCORE1_0407.png,benchmark/prd_3_1_v1/candidates/segmentation_core_stress_v1/overlays/core/accessory/SEGCORE1_0407.jpg,0.03927585,medium,PENDING_FINAL_HUMAN_CONFIRMATION,,,,,,unreviewed,partial_view,0.785069,worn_person,0.676363,none,0.395363,heavy,0.075605,partial,0.805938,full,0.611876,REVIEW,LOW_OCCLUSION_CONFIDENCE
SEGCORE1_0412,accessory,watch,Fashionpedia,../fashion_data/raw/fashionpedia/images/test/fb81f1a32e154a77e683f309cdf0794a.jpg,fashionpedia_ann_1888,benchmark/prd_3_1_v1/candidates/segmentation_core_stress_v1/masks/core/accessory/SEGCORE1_0412.png,benchmark/prd_3_1_v1/candidates/segmentation_core_stress_v1/overlays/core/accessory/SEGCORE1_0412.jpg,0.00847062,small,PENDING_FINAL_HUMAN_CONFIRMATION,,,,,,unreviewed,worn_person,0.698454,partial_view,0.514771,none,0.434823,partial,0.049614,full,0.539591,partial,0.079182,REVIEW,LOW_OCCLUSION_CONFIDENCE|LOW_VISIBILITY_CONFIDENCE
SEGCORE1_0413,accessory,hat,Fashionpedia,../fashion_data/raw/fashionpedia/images/test/0e5ecf98835cbd0dddd1b45c788005c3.jpg,fashionpedia_ann_6747,benchmark/prd_3_1_v1/candidates/segmentation_core_stress_v1/masks/core/accessory/SEGCORE1_0413.png,benchmark/prd_3_1_v1/candidates/segmentation_core_stress_v1/overlays/core/accessory/SEGCORE1_0413.jpg,0.04280913,medium,PENDING_FINAL_HUMAN_CONFIRMATION,,,,,,unreviewed,partial_view,0.523670,worn_person,0.065163,none,0.434026,heavy,0.135076,partial,0.767110,full,0.534221,REVIEW,LOW_SCENE_CONFIDENCE|LOW_OCCLUSION_CONFIDENCE
SEGCORE1_0415,accessory,"tights, stockings",Fashionpedia,../fashion_data/raw/fashionpedia/images/test/f90c231e3eab5e147368c77592b6a7f7.jpg,fashionpedia_ann_9087,benchmark/prd_3_1_v1/candidates/segmentation_core_stress_v1/masks/core/accessory/SEGCORE1_0415.png,benchmark/prd_3_1_v1/candidates/segmentation_core_stress_v1/overlays/core/accessory/SEGCORE1_0415.jpg,0.01650291,small,PENDING_FINAL_HUMAN_CONFIRMATION,,,,,,unreviewed,worn_person,0.922029,partial_view,0.882644,none,0.416259,partial,0.052908,partial,0.795386,full,0.590772,REVIEW,LOW_OCCLUSION_CONFIDENCE
SEGCORE1_0419,accessory,"tights, stockings",Fashionpedia,../fashion_data/raw/fashionpedia/images/test/1f6b96f7f298903a77fa747ea4fe8840.jpg,fashionpedia_ann_3603,benchmark/prd_3_1_v1/candidates/segmentation_core_stress_v1/masks/core/accessory/SEGCORE1_0419.png,benchmark/prd_3_1_v1/candidates/segmentation_core_stress_v1/overlays/core/accessory/SEGCORE1_0419.jpg,0.03406814,medium,PENDING_FINAL_HUMAN_CONFIRMATION,,,,,,unreviewed,partial_view,0.586915,complex_scene,0.332215,partial,0.463436,none,0.078969,partial,0.753666,full,0.507331,REVIEW,LOW_OCCLUSION_CONFIDENCE
SEGCORE1_0420,accessory,glasses,Fashionpedia,../fashion_data/raw/fashionpedia/images/test/33e7a5f7f47b7bb2bf6d3549eedde5fd.jpg,fashionpedia_ann_3130,benchmark/prd_3_1_v1/candidates/segmentation_core_stress_v1/masks/core/accessory/SEGCORE1_0420.png,benchmark/prd_3_1_v1/candidates/segmentation_core_stress_v1/overlays/core/accessory/SEGCORE1_0420.jpg,0.01279841,small,PENDING_FINAL_HUMAN_CONFIRMATION,,,,,,unreviewed,worn_person,0.404611,partial_view,0.069270,partial,0.632693,heavy,0.390590,partial,0.692065,full,0.384131,REVIEW,LOW_SCENE_CONFIDENCE
SEGCORE1_0421,accessory,belt,Fashionpedia,../fashion_data/raw/fashionpedia/images/test/d8b36f1be818f71a0ab4224b829c1210.jpg,fashionpedia_ann_1430,benchmark/prd_3_1_v1/candidates/segmentation_core_stress_v1/masks/core/accessory/SEGCORE1_0421.png,benchmark/prd_3_1_v1/candidates/segmentation_core_stress_v1/overlays/core/accessory/SEGCORE1_0421.jpg,0.12643334,large,PENDING_FINAL_HUMAN_CONFIRMATION,,,,,,unreviewed,complex_scene,0.687472,partial_view,0.567231,partial,0.406142,none,0.060282,partial,0.594100,full,0.188200,REVIEW,LOW_OCCLUSION_CONFIDENCE
SEGCORE1_0424,accessory,"headband, head covering, hair accessory",Fashionpedia,../fashion_data/raw/fashionpedia/images/test/b56a57edff4230c68e1d4296cc345718.jpg,fashionpedia_ann_708,benchmark/prd_3_1_v1/candidates/segmentation_core_stress_v1/masks/core/accessory/SEGCORE1_0424.png,benchmark/prd_3_1_v1/candidates/segmentation_core_stress_v1/overlays/core/accessory/SEGCORE1_0424.jpg,0.03312999,medium,PENDING_FINAL_HUMAN_CONFIRMATION,,,,,,unreviewed,complex_scene,0.674005,partial_view,0.433648,partial,0.412939,none,0.115201,partial,0.634417,full,0.268834,REVIEW,LOW_OCCLUSION_CONFIDENCE
SEGCORE1_0427,accessory,scarf,Fashionpedia,../fashion_data/raw/fashionpedia/images/test/fd567ffad275955ac945eeeacc1fdac5.jpg,fashionpedia_ann_5972,benchmark/prd_3_1_v1/candidates/segmentation_core_stress_v1/masks/core/accessory/SEGCORE1_0427.png,benchmark/prd_3_1_v1/candidates/segmentation_core_stress_v1/overlays/core/accessory/SEGCORE1_0427.jpg,0.37381089,large,PENDING_FINAL_HUMAN_CONFIRMATION,,,,,,unreviewed,product_display,0.387433,partial_view,0.032796,partial,0.558729,none,0.309506,full,0.652776,partial,0.305552,REVIEW,LOW_SCENE_CONFIDENCE
SEGCORE1_0429,accessory,"tights, stockings",Fashionpedia,../fashion_data/raw/fashionpedia/images/test/f184df3bcf321ef5d3e4d5a513ade947.jpg,fashionpedia_ann_4619,benchmark/prd_3_1_v1/candidates/segmentation_core_stress_v1/masks/core/accessory/SEGCORE1_0429.png,benchmark/prd_3_1_v1/candidates/segmentation_core_stress_v1/overlays/core/accessory/SEGCORE1_0429.jpg,0.01582003,small,PENDING_FINAL_HUMAN_CONFIRMATION,,,,,,unreviewed,partial_view,0.423921,complex_scene,0.106870,partial,0.469340,none,0.057071,partial,0.758208,full,0.516415,REVIEW,LOW_OCCLUSION_CONFIDENCE
SEGCORE1_0435,accessory,belt,Fashionpedia,../fashion_data/raw/fashionpedia/images/test/00e45dd233e31906f538ba17dd45bf29.jpg,fashionpedia_ann_5214,benchmark/prd_3_1_v1/candidates/segmentation_core_stress_v1/masks/core/accessory/SEGCORE1_0435.png,benchmark/prd_3_1_v1/candidates/segmentation_core_stress_v1/overlays/core/accessory/SEGCORE1_0435.jpg,0.13458807,large,PENDING_FINAL_HUMAN_CONFIRMATION,,,,,,unreviewed,worn_person,0.571162,partial_view,0.210111,partial,0.564509,none,0.315301,partial,0.538144,full,0.076288,REVIEW,LOW_VISIBILITY_CONFIDENCE
SEGCORE1_0436,accessory,"headband, head covering, hair accessory",Fashionpedia,../fashion_data/raw/fashionpedia/images/test/4aa62ca489ce6e163ca8400d4c96b569.jpg,fashionpedia_ann_5762,benchmark/prd_3_1_v1/candidates/segmentation_core_stress_v1/masks/core/accessory/SEGCORE1_0436.png,benchmark/prd_3_1_v1/candidates/segmentation_core_stress_v1/overlays/core/accessory/SEGCORE1_0436.jpg,0.00894491,small,PENDING_FINAL_HUMAN_CONFIRMATION,,,,,,unreviewed,complex_scene,0.561121,partial_view,0.352874,none,0.406272,heavy,0.070927,partial,0.722642,full,0.445285,REVIEW,LOW_OCCLUSION_CONFIDENCE
SEGCORE1_0437,accessory,"headband, head covering, hair accessory",Fashionpedia,../fashion_data/raw/fashionpedia/images/test/e73b13b557ab167a05cb10ed45decf52.jpg,fashionpedia_ann_5636,benchmark/prd_3_1_v1/candidates/segmentation_core_stress_v1/masks/core/accessory/SEGCORE1_0437.png,benchmark/prd_3_1_v1/candidates/segmentation_core_stress_v1/overlays/core/accessory/SEGCORE1_0437.jpg,0.02318442,medium,PENDING_FINAL_HUMAN_CONFIRMATION,,,,,,unreviewed,complex_scene,0.504134,partial_view,0.060235,partial,0.610402,heavy,0.341234,partial,0.634087,full,0.268173,REVIEW,LOW_SCENE_CONFIDENCE
SEGCORE1_0438,accessory,sock,Fashionpedia,../fashion_data/raw/fashionpedia/images/test/db85f62492da69d793339b2c124e7abb.jpg,fashionpedia_ann_739,benchmark/prd_3_1_v1/candidates/segmentation_core_stress_v1/masks/core/accessory/SEGCORE1_0438.png,benchmark/prd_3_1_v1/candidates/segmentation_core_stress_v1/overlays/core/accessory/SEGCORE1_0438.jpg,0.00817197,small,PENDING_FINAL_HUMAN_CONFIRMATION,,,,,,unreviewed,worn_person,0.904026,complex_scene,0.850879,partial,0.528454,none,0.176668,partial,0.512154,full,0.024307,REVIEW,LOW_VISIBILITY_CONFIDENCE
SEGCORE1_0439,accessory,belt,Fashionpedia,../fashion_data/raw/fashionpedia/images/test/faef680c9ba90bd6852e6bc759341896.jpg,fashionpedia_ann_6917,benchmark/prd_3_1_v1/candidates/segmentation_core_stress_v1/masks/core/accessory/SEGCORE1_0439.png,benchmark/prd_3_1_v1/candidates/segmentation_core_stress_v1/overlays/core/accessory/SEGCORE1_0439.jpg,0.01668773,small,PENDING_FINAL_HUMAN_CONFIRMATION,,,,,,unreviewed,complex_scene,0.850685,product_display,0.786269,none,0.422782,partial,0.063046,partial,0.774297,full,0.548594,REVIEW,LOW_OCCLUSION_CONFIDENCE
