path,size_bytes,sha256
benchmark/prd_3_1_v1/ACCEPTANCE_CRITERIA.md,2102,364f6d8af9e48dee3b06447fe7e6e5e3d3a54326722efb88656d5c57acd521fe
benchmark/prd_3_1_v1/EVALUATION_PROTOCOL_v1.md,7132,79706d4e9422e7b09aa29275f05be15c9bb1fd2a5de0bbec402b035b8a1fd248
benchmark/prd_3_1_v1/EXPERIMENT_STANDARD.md,5988,25a31c3d9fd12772cfcf50f2458a42ca9818a896b02e1c19b04df6ee31dada77
benchmark/prd_3_1_v1/README.md,1843,952cc2dd94566d3486f1433dcec060c2a03c7bb0193c1486ecf87f58fc2cb27d
benchmark/prd_3_1_v1/annotations/attribute_gt/.gitkeep,0,e3b0c44298fc1c149afbf4c8996fb92427ae41e4649b934ca495991b7852b855
benchmark/prd_3_1_v1/annotations/instance_gt/.gitkeep,0,e3b0c44298fc1c149afbf4c8996fb92427ae41e4649b934ca495991b7852b855
benchmark/prd_3_1_v1/annotations/local_region_gt/.gitkeep,0,e3b0c44298fc1c149afbf4c8996fb92427ae41e4649b934ca495991b7852b855
benchmark/prd_3_1_v1/audit/config_manifest_inventory.csv,3230,cfdf5e3632eb780f056626bbb35125b7a2adbe0c1702e81796ee7a37a31e435b
benchmark/prd_3_1_v1/audit/data_usage_audit.txt,1087,5793f0cb851ef0a160115c2a9ccdad88412854f3412c8267fbca146fe3d7f366
benchmark/prd_3_1_v1/audit/difficulty_audit_v1/current_review_pool_geometry.csv,97063,6db1b814cba53f86fb9c100b980b4a144b4db251216e08a36528545504fe943c
benchmark/prd_3_1_v1/audit/difficulty_audit_v1/current_review_pool_geometry_summary.csv,680,c7222e5658ee5e8ee68649400a53b12117930a51a1e4cf682d891aeb68982475
benchmark/prd_3_1_v1/audit/difficulty_audit_v1/difficulty_audit.txt,1811,081d0e71743313a9136ecb5834deabea16aa21c55afe66c0d4fbdd0db96aa2a8
benchmark/prd_3_1_v1/audit/difficulty_audit_v1/fashionpedia_raw_size_distribution.csv,544,9cd52fc77e30a7665b5811b80c677afdaeb4e5801968c3b17837e6a6e48324c2
benchmark/prd_3_1_v1/audit/fashionpedia_mapping_v1/code_mapping_hits.txt,81482,f7e02736b04d39a44b2de3698bd74d1073995fb20b69542627153b6a26970907
benchmark/prd_3_1_v1/audit/fashionpedia_mapping_v1/fashionpedia_mapping_audit.txt,2120,2c2b1b875e9073ad345be5239d06a6f1d281580b6c8905bd8dff9fcb0ff9dff4
benchmark/prd_3_1_v1/audit/fashionpedia_mapping_v1/fashionpedia_mapping_summary.csv,2090,c3a67559305985c45e4b26178658949f4d408f6b778631325eca93507c1d9c11
benchmark/prd_3_1_v1/audit/fashionpedia_mapping_v1/fashionpedia_used_annotation_mapping.csv,82586,a2e10bfb329d342b53e1feb0d783ae0f4082b9643a6a4e80b8d23b119e7902e5
benchmark/prd_3_1_v1/audit/fashionpedia_mapping_v1/unresolved_fashionpedia_rows.csv,7554,664645ae145924fb0b14514391643c9aa747f4b158fd17ee65e5c0d93470e5f7
benchmark/prd_3_1_v1/audit/raw_pool_discovery_v1/deepfashion2_unused_candidate_counts.csv,256,0f9f551a537672f07296ef0ddab9a6667bceda65211b1975b39f4e0e243f9a6c
benchmark/prd_3_1_v1/audit/raw_pool_discovery_v1/deepfashion2_unused_candidates_preview.csv,35392,de0cdffa1da6f68a00778c82d6a38d98ffcd4dc8af1c60157c776f74f373779b
benchmark/prd_3_1_v1/audit/raw_pool_discovery_v1/fashionpedia_annotation_inventory.csv,1960,455ce8bfa6ea42cca6e5bbb8788007e35084e94e84f6b9d4065b20820d9a0d3e
benchmark/prd_3_1_v1/audit/raw_pool_discovery_v1/raw_pool_discovery.txt,1255,33c77fe562b17ac64ee0040d1911740e4e70dd62086a8afc076f948c1fb02c9f
benchmark/prd_3_1_v1/audit/used_sample_registry.csv,158177,a6744454a7bbdd5c8af51ac2f60defa589b5f27803bc59c33146485f81b52098
benchmark/prd_3_1_v1/candidates/segmentation_core_stress_v1/contact_sheets_core/accessory.jpg,690277,102a23b93d926e29476f0a29a9b7f3a145a30c46bb10a84ea15cf2112124af0b
benchmark/prd_3_1_v1/candidates/segmentation_core_stress_v1/contact_sheets_core/bag.jpg,698521,5105f2040022467c89e24f91b5f8b840a32041b2d25d83fd7dc6cf802fb317ad
benchmark/prd_3_1_v1/candidates/segmentation_core_stress_v1/contact_sheets_core/dress.jpg,782590,4c811b509dae19c31322db56eed431861d5fe4ad96ed93e2e23785f21710c641
benchmark/prd_3_1_v1/candidates/segmentation_core_stress_v1/contact_sheets_core/outerwear.jpg,910155,0d84c70842d78761578e7f8791bae849b1e5cf099f56a288199576495a25171c
benchmark/prd_3_1_v1/candidates/segmentation_core_stress_v1/contact_sheets_core/pants.jpg,744090,1c9eebe8043fed04be2ca5ac8b8b9fa598d4e9d0e4f0763f9e62321c5fd7baa6
benchmark/prd_3_1_v1/candidates/segmentation_core_stress_v1/contact_sheets_core/shoe.jpg,586670,dc7906ff72ac38f812b89b65f8941880fd8dcdd3528ef8db83ac257374b60b20
benchmark/prd_3_1_v1/candidates/segmentation_core_stress_v1/contact_sheets_core/skirt.jpg,769093,0e34812825ff9fafaa61461132be2d9e41cdda9aa6be8b8fcb712ae3c13a917c
benchmark/prd_3_1_v1/candidates/segmentation_core_stress_v1/contact_sheets_core/top.jpg,811414,f70889826c2f5cb01254c845ea5ffeae882da22a543ac71171fe67cca1afbc4f
benchmark/prd_3_1_v1/candidates/segmentation_core_stress_v1/contact_sheets_stress/accessory.jpg,56144,1a4e8af4203a6c6a0c10c7a9b3114715e712e3f11540c0f1508a25e31d08d23a
benchmark/prd_3_1_v1/candidates/segmentation_core_stress_v1/contact_sheets_stress/bag.jpg,99239,6128cffe2b5d588e2e17807b1633344bf0fd1103c0e62ff27c5eb0393f976f3a
benchmark/prd_3_1_v1/candidates/segmentation_core_stress_v1/contact_sheets_stress/dress.jpg,75941,bfe0b293695d3862983b5d2472d06f0faa454583e060b4b4a231dcdfb157d40f
benchmark/prd_3_1_v1/candidates/segmentation_core_stress_v1/contact_sheets_stress/outerwear.jpg,89308,16949c8de29e592275c514853b8b8dbcfc5db867005351db737521f4cad2e7c0
benchmark/prd_3_1_v1/candidates/segmentation_core_stress_v1/contact_sheets_stress/pants.jpg,62148,fe95ba47827fc2a5365f83cd5acce310a4dbff8574e29330bbc1d041ca6adcf4
benchmark/prd_3_1_v1/candidates/segmentation_core_stress_v1/contact_sheets_stress/shoe.jpg,50335,31ef4013edb21515265ff28c8b5eaff8d4fae273dd1edd648ec7493cb3138be1
benchmark/prd_3_1_v1/candidates/segmentation_core_stress_v1/contact_sheets_stress/skirt.jpg,63850,434478485562e18f88e22148355b4d14e9b41667e93dfe39aeea270062181578
benchmark/prd_3_1_v1/candidates/segmentation_core_stress_v1/contact_sheets_stress/top.jpg,63910,eb9493abe6da97bb2730da534a6031cc74f4d523c988e0bb2e67985b67072269
benchmark/prd_3_1_v1/candidates/segmentation_core_stress_v1/core_review_pool_v1.csv,225822,bdf4ec3792fc5b8e16f0561de5493d4206b7c7e784a3eaf9dc77d706ab6f772d
benchmark/prd_3_1_v1/candidates/segmentation_core_stress_v1/human_review_packet_v1/core/REVIEW_PRIORITY/SEGCORE1_0047/01_full_bbox.jpg,84302,b7c266862ad588a122dd5828e4ed8ed5ac588aa98705bc0ad229cac1b4d8da05
benchmark/prd_3_1_v1/candidates/segmentation_core_stress_v1/human_review_packet_v1/core/REVIEW_PRIORITY/SEGCORE1_0047/02_zoom_bbox.jpg,35540,6dc4e7c3322ea9048bbb7f08b5557000c217cc1a8121fb6d22dafa46071805f1
benchmark/prd_3_1_v1/candidates/segmentation_core_stress_v1/human_review_packet_v1/core/REVIEW_PRIORITY/SEGCORE1_0047/03_review_panel.jpg,119339,ea850fc4088be09a2a310b50f49442d5a5ddfe0985bd513fc25309cd945fcb44
benchmark/prd_3_1_v1/candidates/segmentation_core_stress_v1/human_review_packet_v1/core/REVIEW_PRIORITY/SEGCORE1_0053/01_full_bbox.jpg,142520,724d8f07b5bd8d80c3326ecdadf105427afdbb3aaa55e9298d710b635d46485e
benchmark/prd_3_1_v1/candidates/segmentation_core_stress_v1/human_review_packet_v1/core/REVIEW_PRIORITY/SEGCORE1_0053/02_zoom_bbox.jpg,9314,48181bdd8f4fc9b603e72584d744471bca98de05d6c827a1b9ee03280196e341
benchmark/prd_3_1_v1/candidates/segmentation_core_stress_v1/human_review_packet_v1/core/REVIEW_PRIORITY/SEGCORE1_0053/03_review_panel.jpg,80134,88ebd6198b10bc2d8f96cb1a75ca3bac65c481dadd3c629c9067804e1ba4a2bf
benchmark/prd_3_1_v1/candidates/segmentation_core_stress_v1/human_review_packet_v1/core/REVIEW_PRIORITY/SEGCORE1_0091/01_full_bbox.jpg,116305,c9ea0f0460c07c345b315e1107b517e5252b43a3d0b7842a101d2cee39821abf
benchmark/prd_3_1_v1/candidates/segmentation_core_stress_v1/human_review_packet_v1/core/REVIEW_PRIORITY/SEGCORE1_0091/02_zoom_bbox.jpg,26564,865dc192cc59117b543e8dace9d6c4683d113aa04fa670b58a1f74e1e77f569d
benchmark/prd_3_1_v1/candidates/segmentation_core_stress_v1/human_review_packet_v1/core/REVIEW_PRIORITY/SEGCORE1_0091/03_review_panel.jpg,103928,dbfe89d10b7412d2be16911c60c9d072d89c178a4c1b7f357917c6eae29c4f52
benchmark/prd_3_1_v1/candidates/segmentation_core_stress_v1/human_review_packet_v1/core/REVIEW_PRIORITY/SEGCORE1_0121/01_full_bbox.jpg,145205,b25748dec82b3f0427a67461568c44696f9783b64270f64b364395fc7ee2fce4
benchmark/prd_3_1_v1/candidates/segmentation_core_stress_v1/human_review_packet_v1/core/REVIEW_PRIORITY/SEGCORE1_0121/02_zoom_bbox.jpg,8875,e56d744c8ef3688004bf005637a5ce557fd00d544a46307dce5ec347fc686492
benchmark/prd_3_1_v1/candidates/segmentation_core_stress_v1/human_review_packet_v1/core/REVIEW_PRIORITY/SEGCORE1_0121/03_review_panel.jpg,89890,99e922edde3b127299b4f0fe99268a84e9c13bf78b8a8e607ec772f6dce8483d
benchmark/prd_3_1_v1/candidates/segmentation_core_stress_v1/human_review_packet_v1/core/REVIEW_PRIORITY/SEGCORE1_0139/01_full_bbox.jpg,98583,3a45a1db847931fa4a45ed476a00f25c4a62b8d7606403ec44edcb141609eec5
benchmark/prd_3_1_v1/candidates/segmentation_core_stress_v1/human_review_packet_v1/core/REVIEW_PRIORITY/SEGCORE1_0139/02_zoom_bbox.jpg,5813,e925be738b844f09823fc118b03031c5493ff4e63eb93de2bf4469cf701f2541
benchmark/prd_3_1_v1/candidates/segmentation_core_stress_v1/human_review_packet_v1/core/REVIEW_PRIORITY/SEGCORE1_0139/03_review_panel.jpg,95844,0e045d43f88de58016fbbb2f843ed7f491e0e9e1600447d1179fe661821e7269
benchmark/prd_3_1_v1/candidates/segmentation_core_stress_v1/human_review_packet_v1/core/REVIEW_PRIORITY/SEGCORE1_0187/01_full_bbox.jpg,248807,db74ba537af5b1d194804031bee6f9cc8477184ba93c46112ce4303c45d3f88b
benchmark/prd_3_1_v1/candidates/segmentation_core_stress_v1/human_review_packet_v1/core/REVIEW_PRIORITY/SEGCORE1_0187/02_zoom_bbox.jpg,71718,9337ac40b34b743e5e1afff2e74ac017ffd56b92bf1f471c311b71705823e6d0
benchmark/prd_3_1_v1/candidates/segmentation_core_stress_v1/human_review_packet_v1/core/REVIEW_PRIORITY/SEGCORE1_0187/03_review_panel.jpg,158617,854aed33b05a936268a46cb283457e9c6584d162f90a462d67abef06d1a85a79
benchmark/prd_3_1_v1/candidates/segmentation_core_stress_v1/human_review_packet_v1/core/REVIEW_PRIORITY/SEGCORE1_0191/01_full_bbox.jpg,48240,43fa843275984bcfed4d936c04d055cfaad30f0399e8ef5ec4dca3f16441bd41
benchmark/prd_3_1_v1/candidates/segmentation_core_stress_v1/human_review_packet_v1/core/REVIEW_PRIORITY/SEGCORE1_0191/02_zoom_bbox.jpg,30524,79ea81791b9070f7bdf4d2e726e521b36deb7839fc2951b6b02ca8ce75f6442e
benchmark/prd_3_1_v1/candidates/segmentation_core_stress_v1/human_review_packet_v1/core/REVIEW_PRIORITY/SEGCORE1_0191/03_review_panel.jpg,115365,601ca6c9d53b20e3172bb1e0e8a8f01dcc340e419211c98683ddb5a8b7c4a27e
benchmark/prd_3_1_v1/candidates/segmentation_core_stress_v1/human_review_packet_v1/core/REVIEW_PRIORITY/SEGCORE1_0198/01_full_bbox.jpg,30976,8ff1d8ae79e025a7cbd7eb11e7b513c72377fed21f171200d5fc20bbc3519dce
benchmark/prd_3_1_v1/candidates/segmentation_core_stress_v1/human_review_packet_v1/core/REVIEW_PRIORITY/SEGCORE1_0198/02_zoom_bbox.jpg,4226,6e5ec79f55bc301a2e6448837488332a41b632abaaaad47ecb76ddd220df24e2
benchmark/prd_3_1_v1/candidates/segmentation_core_stress_v1/human_review_packet_v1/core/REVIEW_PRIORITY/SEGCORE1_0198/03_review_panel.jpg,75269,4c991020ad9002b420e497fcc2e38ec949b54e8dd33d90146cc494479b37c222
benchmark/prd_3_1_v1/candidates/segmentation_core_stress_v1/human_review_packet_v1/core/REVIEW_PRIORITY/SEGCORE1_0211/01_full_bbox.jpg,58881,d0cc7887121f43c7a8fa0be7af7c58ad2509f9c013b60b63fcdc0764fe01c42d
benchmark/prd_3_1_v1/candidates/segmentation_core_stress_v1/human_review_packet_v1/core/REVIEW_PRIORITY/SEGCORE1_0211/02_zoom_bbox.jpg,29563,88c5953a324af356ff0fb1160b1f05071e4a0f947268d27a68dddc98fece8b93
benchmark/prd_3_1_v1/candidates/segmentation_core_stress_v1/human_review_packet_v1/core/REVIEW_PRIORITY/SEGCORE1_0211/03_review_panel.jpg,111160,ed681b4720654687416da4cc73ddd8bd771afd48aebae001a9e42f9a8b7076b5
benchmark/prd_3_1_v1/candidates/segmentation_core_stress_v1/human_review_packet_v1/core/REVIEW_REQUIRED/SEGCORE1_0008/01_full_bbox.jpg,79259,a99f0481752b4c2257b19ad6ccb25b58c5c211d1f6544660fbc3a6d4b1e9e3f5
benchmark/prd_3_1_v1/candidates/segmentation_core_stress_v1/human_review_packet_v1/core/REVIEW_REQUIRED/SEGCORE1_0008/02_zoom_bbox.jpg,53776,380b989dab663d55e90b3532ec66319be0e04788bc6ee659680efc6fbd9efb16
benchmark/prd_3_1_v1/candidates/segmentation_core_stress_v1/human_review_packet_v1/core/REVIEW_REQUIRED/SEGCORE1_0008/03_review_panel.jpg,137706,5377b84d95ea41ebaf5c4f9272bd5a6da40aeaf20020d8ba95a0546f8d33f00d
benchmark/prd_3_1_v1/candidates/segmentation_core_stress_v1/human_review_packet_v1/core/REVIEW_REQUIRED/SEGCORE1_0341/01_full_bbox.jpg,74469,e63270c70e8cffc7939e7bb354a6ccaed834c79e58a787538046c6be87159b4a
benchmark/prd_3_1_v1/candidates/segmentation_core_stress_v1/human_review_packet_v1/core/REVIEW_REQUIRED/SEGCORE1_0341/02_zoom_bbox.jpg,35584,0174319266b770bb4134d3e9d095c8615c5e365eeec63bc8296a00244f2adeec
benchmark/prd_3_1_v1/candidates/segmentation_core_stress_v1/human_review_packet_v1/core/REVIEW_REQUIRED/SEGCORE1_0341/03_review_panel.jpg,93696,f2f09fbb9fa647257bd9bc642a129fada79cb9279753cb20194b6456ad4b7db7
benchmark/prd_3_1_v1/candidates/segmentation_core_stress_v1/human_review_packet_v1/decisions/core_exception_human_review_decisions_v1.csv,5002,4649b20c867842a661a00f27f7aa5791060455265b2202d03bfa5bcb19a4b216
benchmark/prd_3_1_v1/candidates/segmentation_core_stress_v1/human_review_packet_v1/decisions/core_priority_human_review_decisions_v1.csv,4083,ed81fa017242eb24d6504196f658a9e379480c0e02defc924d350e90b3dc4ebb
benchmark/prd_3_1_v1/candidates/segmentation_core_stress_v1/human_review_packet_v1/decisions/core_required_human_review_decisions_v1.csv,1239,23d4eb4d6a26202e7026166f9d8aeb1205dbff2fb7a41027c4d42149c3dc5265
benchmark/prd_3_1_v1/candidates/segmentation_core_stress_v1/human_review_packet_v1/decisions/stress_human_review_decisions_v1.csv,5791,97a122477839dff453e400770af5d3ca9487d8b9f33738f19dd32b89afffbede
benchmark/prd_3_1_v1/candidates/segmentation_core_stress_v1/human_review_packet_v1/review_cases_v1.csv,6525,fbab09f9a1050643fea8bd4b686816207651fdfd79913df618d1fcf5f582fb69
benchmark/prd_3_1_v1/candidates/segmentation_core_stress_v1/human_review_packet_v1/review_packet_summary.txt,547,d2eaccfa2a2aa6e002f2a20aff742e7ca79615f4c88934953c3273c4d9439695
benchmark/prd_3_1_v1/candidates/segmentation_core_stress_v1/human_review_packet_v1/stress/REVIEW_PRIORITY/SEGSTR1_0001/01_full_bbox.jpg,94868,0b4cfc830d8c4f48561b1e2646dd79a8149a378ace97cdd443be2a3e55a58245
benchmark/prd_3_1_v1/candidates/segmentation_core_stress_v1/human_review_packet_v1/stress/REVIEW_PRIORITY/SEGSTR1_0001/02_zoom_bbox.jpg,2004,5775a7ee8323161ce57e7714aab757b10a30352c2c9167783c51128f322d71bc
benchmark/prd_3_1_v1/candidates/segmentation_core_stress_v1/human_review_packet_v1/stress/REVIEW_PRIORITY/SEGSTR1_0001/03_review_panel.jpg,91767,7e35fae004d12e6e34340f7f7c81e953e2d0ace8d0eed640ef95cf09ce120bec
benchmark/prd_3_1_v1/candidates/segmentation_core_stress_v1/human_review_packet_v1/stress/REVIEW_PRIORITY/SEGSTR1_0013/01_full_bbox.jpg,114339,914b171f161cb3c6d676a58c6f5745e445ef202cdb54e8a7bbac41105a10de98
benchmark/prd_3_1_v1/candidates/segmentation_core_stress_v1/human_review_packet_v1/stress/REVIEW_PRIORITY/SEGSTR1_0013/02_zoom_bbox.jpg,2347,aefabc9399c00e6ea9682fb43f6e084982bddcf6eb89959ac2e928d75d0781b3
benchmark/prd_3_1_v1/candidates/segmentation_core_stress_v1/human_review_packet_v1/stress/REVIEW_PRIORITY/SEGSTR1_0013/03_review_panel.jpg,90579,5c4922b1615c33a7652d5e6829bc2a1001c55493ca12d1300425525f314bb365
benchmark/prd_3_1_v1/candidates/segmentation_core_stress_v1/human_review_packet_v1/stress/REVIEW_PRIORITY/SEGSTR1_0038/01_full_bbox.jpg,54406,294d42e30777473d78763d44c4b9f80c6bca5ff743d29bc3f37eee5f11feeeae
benchmark/prd_3_1_v1/candidates/segmentation_core_stress_v1/human_review_packet_v1/stress/REVIEW_PRIORITY/SEGSTR1_0038/02_zoom_bbox.jpg,6150,380139241d1d70296b82a06c67f6f32b5f3be4b31af616af27f246fd1e68bf47
benchmark/prd_3_1_v1/candidates/segmentation_core_stress_v1/human_review_packet_v1/stress/REVIEW_PRIORITY/SEGSTR1_0038/03_review_panel.jpg,69343,49ded96442138d5ae023c136f2060e94e0da94c6149f0df6794f2a177578cf6e
benchmark/prd_3_1_v1/candidates/segmentation_core_stress_v1/human_review_packet_v1/stress/REVIEW_PRIORITY/SEGSTR1_0041/01_full_bbox.jpg,59749,80f92f2028c815d2c76312fc9f70bdc8329f4d13c2d6bd8eb636525721285c9c
benchmark/prd_3_1_v1/candidates/segmentation_core_stress_v1/human_review_packet_v1/stress/REVIEW_PRIORITY/SEGSTR1_0041/02_zoom_bbox.jpg,2244,257952d2996fe5281afccc8a560880f9606b8013f85d868ef959c32921437944
benchmark/prd_3_1_v1/candidates/segmentation_core_stress_v1/human_review_packet_v1/stress/REVIEW_PRIORITY/SEGSTR1_0041/03_review_panel.jpg,63518,7c8ce8205169812a92cdc82d624516b9e75db103c2acadc9f9a8e70b2d5a35cb
benchmark/prd_3_1_v1/candidates/segmentation_core_stress_v1/human_review_packet_v1/stress/REVIEW_REQUIRED/SEGSTR1_0052/01_full_bbox.jpg,87561,2c3eb7acdac5dba68a57948fd38ec3e8b4c5f7c31228a7d549b0f23e6a5dae9e
benchmark/prd_3_1_v1/candidates/segmentation_core_stress_v1/human_review_packet_v1/stress/REVIEW_REQUIRED/SEGSTR1_0052/02_zoom_bbox.jpg,1554,c9c46cb597952aa2346b8df5bd5e553fecec6678c80b72d87950a6f41bb6805e
benchmark/prd_3_1_v1/candidates/segmentation_core_stress_v1/human_review_packet_v1/stress/REVIEW_REQUIRED/SEGSTR1_0052/03_review_panel.jpg,69252,cd6215606b64affa7004bf26dd6e06e50050b5d7c6587fcf4a4b98dd449dde65
benchmark/prd_3_1_v1/candidates/segmentation_core_stress_v1/human_review_packet_v1/stress/REVIEW_REQUIRED/SEGSTR1_0053/01_full_bbox.jpg,89484,e73813b47b52d37c1101997a1a4da657e53b6fc090854bb5059d8939ed0ffbae
benchmark/prd_3_1_v1/candidates/segmentation_core_stress_v1/human_review_packet_v1/stress/REVIEW_REQUIRED/SEGSTR1_0053/02_zoom_bbox.jpg,1659,f12dd864ad9951eb57309abc7e895b176894d7f5a7ed97e40a042ad550c1b039
benchmark/prd_3_1_v1/candidates/segmentation_core_stress_v1/human_review_packet_v1/stress/REVIEW_REQUIRED/SEGSTR1_0053/03_review_panel.jpg,53031,5bbd056a33e1539a4e0b024ab7e7c18d07893ca21527423b04358790680c2b29
benchmark/prd_3_1_v1/candidates/segmentation_core_stress_v1/human_review_packet_v1/stress/REVIEW_REQUIRED/SEGSTR1_0054/01_full_bbox.jpg,89697,6fa836010960cbb94a6f4e0c3e86c328921fae92350ce091593dea4ce312e962
benchmark/prd_3_1_v1/candidates/segmentation_core_stress_v1/human_review_packet_v1/stress/REVIEW_REQUIRED/SEGSTR1_0054/02_zoom_bbox.jpg,1089,8fcac9e6a3fe53998e1da4530316c01ecbd7522f7915b6093e796da85d6b9dab
benchmark/prd_3_1_v1/candidates/segmentation_core_stress_v1/human_review_packet_v1/stress/REVIEW_REQUIRED/SEGSTR1_0054/03_review_panel.jpg,54056,52eb15b9fa5fc1c006e4e19b510b56c3919bf1c704cdb69e6cc9ac1562b1f8d5
benchmark/prd_3_1_v1/candidates/segmentation_core_stress_v1/human_review_packet_v1/stress/REVIEW_REQUIRED/SEGSTR1_0060/01_full_bbox.jpg,76557,834f7575ee53086583e14cdad0d2b5f427f509b1222f02e079c4b3e940b5a1a7
benchmark/prd_3_1_v1/candidates/segmentation_core_stress_v1/human_review_packet_v1/stress/REVIEW_REQUIRED/SEGSTR1_0060/02_zoom_bbox.jpg,1648,748f4b70f2a798a977b00a422a5835835e1d817e300b6abeee5063d6be4add7a
benchmark/prd_3_1_v1/candidates/segmentation_core_stress_v1/human_review_packet_v1/stress/REVIEW_REQUIRED/SEGSTR1_0060/03_review_panel.jpg,51979,99af29e0511130bdca3b2d5bb498af6bf9771d04735d8c47fc722b1fd85ae7b3
benchmark/prd_3_1_v1/candidates/segmentation_core_stress_v1/human_review_packet_v1/stress/REVIEW_REQUIRED/SEGSTR1_0071/01_full_bbox.jpg,105844,75cd2869c2ff219d040b2bd0f0ee369ea7fdb0b29240a9b80188db905ece3311
benchmark/prd_3_1_v1/candidates/segmentation_core_stress_v1/human_review_packet_v1/stress/REVIEW_REQUIRED/SEGSTR1_0071/02_zoom_bbox.jpg,1200,bfbae954d008e7c1edc92eaf47c8929662fbbc24f297428ed7f6fb5d2ce0dc33
benchmark/prd_3_1_v1/candidates/segmentation_core_stress_v1/human_review_packet_v1/stress/REVIEW_REQUIRED/SEGSTR1_0071/03_review_panel.jpg,76658,fbf47ac3ceb894ccf40fbb3c2e283d2bd9529b1083f5994962f0969a208848c8
benchmark/prd_3_1_v1/candidates/segmentation_core_stress_v1/human_review_packet_v1/stress/REVIEW_REQUIRED/SEGSTR1_0072/01_full_bbox.jpg,68210,f642e6eb0471d4fb65ce50b163912ad1018a9d5c0a5ad9b80c92cba711869c13
benchmark/prd_3_1_v1/candidates/segmentation_core_stress_v1/human_review_packet_v1/stress/REVIEW_REQUIRED/SEGSTR1_0072/02_zoom_bbox.jpg,1370,641b00e27e72c55268d41c0520984013737552854ce959b561d537c8696b43dd
benchmark/prd_3_1_v1/candidates/segmentation_core_stress_v1/human_review_packet_v1/stress/REVIEW_REQUIRED/SEGSTR1_0072/03_review_panel.jpg,51366,9e4902c50d1e9e668b145bbd86768f9f40e57348e92e285da70ca284cc11bdd3
benchmark/prd_3_1_v1/candidates/segmentation_core_stress_v1/human_review_packet_v1/stress/REVIEW_REQUIRED/SEGSTR1_0073/01_full_bbox.jpg,188178,d3d6a47218e5e96557645a3f561cd981274a5370e37534b73df5714ba32db204
benchmark/prd_3_1_v1/candidates/segmentation_core_stress_v1/human_review_packet_v1/stress/REVIEW_REQUIRED/SEGSTR1_0073/02_zoom_bbox.jpg,1574,f16cb7fdaa46d0b7a4f35efd64ab803b84f37374b076d639f81c747c99324753
benchmark/prd_3_1_v1/candidates/segmentation_core_stress_v1/human_review_packet_v1/stress/REVIEW_REQUIRED/SEGSTR1_0073/03_review_panel.jpg,92863,7e8842f54ed85b02798bbf4c76fba69267bd3a9989541c296cd853e6a17ed51e
benchmark/prd_3_1_v1/candidates/segmentation_core_stress_v1/human_review_packet_v1/stress/REVIEW_REQUIRED/SEGSTR1_0074/01_full_bbox.jpg,126774,1fa27b18fd1a46ba821cc4dd14179dde84c7793c6a5b80de6dfd6aaee09f539e
benchmark/prd_3_1_v1/candidates/segmentation_core_stress_v1/human_review_packet_v1/stress/REVIEW_REQUIRED/SEGSTR1_0074/02_zoom_bbox.jpg,1647,c934e1909657826a44955b0f8316353e7aad16ca40793b5a4b57bd152e2f3b1b
benchmark/prd_3_1_v1/candidates/segmentation_core_stress_v1/human_review_packet_v1/stress/REVIEW_REQUIRED/SEGSTR1_0074/03_review_panel.jpg,77522,bedfaa99ea079d4a7400ba613be6f0ad9dc0e13fde741dba993cfb6739829f9b
benchmark/prd_3_1_v1/candidates/segmentation_core_stress_v1/human_review_packet_v1/stress/REVIEW_REQUIRED/SEGSTR1_0078/01_full_bbox.jpg,118219,03b589cc7c7008c22a685860b2d494077e7442929a8208b84f18bfb48cf94cd8
benchmark/prd_3_1_v1/candidates/segmentation_core_stress_v1/human_review_packet_v1/stress/REVIEW_REQUIRED/SEGSTR1_0078/02_zoom_bbox.jpg,1638,56786216a456e37f4d17685054f676d24203766b0edbceddfc731413b39dc9f9
benchmark/prd_3_1_v1/candidates/segmentation_core_stress_v1/human_review_packet_v1/stress/REVIEW_REQUIRED/SEGSTR1_0078/03_review_panel.jpg,63993,1f84a101ac00cbf3cf28dad5d9c6095316b2443493ee6f1d3c344c52729df6f5
benchmark/prd_3_1_v1/candidates/segmentation_core_stress_v1/masks/core/accessory/SEGCORE1_0386.png,1888,fa77f2d441c24607fb4fc14731051c8ac0e7a58011e9aaac86ee39c03646ae50
benchmark/prd_3_1_v1/candidates/segmentation_core_stress_v1/masks/core/accessory/SEGCORE1_0387.png,1152,b9a2f71854bb419143c2961770b1d6e789f69681ee9e122b00c27e4c08d86e1c
benchmark/prd_3_1_v1/candidates/segmentation_core_stress_v1/masks/core/accessory/SEGCORE1_0388.png,1134,06b80bd70392afbe9f25d0cc96cb0fb3bb1b49b91f48eb2fbd19a0664607270a
benchmark/prd_3_1_v1/candidates/segmentation_core_stress_v1/masks/core/accessory/SEGCORE1_0389.png,1459,abe6883fbee3a7ad521a4527d6f8fcda3ca76acbaa392a3faf46f70a08196725
benchmark/prd_3_1_v1/candidates/segmentation_core_stress_v1/masks/core/accessory/SEGCORE1_0390.png,3081,7f3bad43b97cd2f793e05195c56450de9beccc9bdc18742c3eb5289d8a56eca9
benchmark/prd_3_1_v1/candidates/segmentation_core_stress_v1/masks/core/accessory/SEGCORE1_0391.png,1415,f1586d303337a35bf2a13ce6dba1356c083b7d449274e9c4713412bf3b89e43c
benchmark/prd_3_1_v1/candidates/segmentation_core_stress_v1/masks/core/accessory/SEGCORE1_0392.png,3556,8c32c78a0ccaac45c79e040e16f9b0e73d8ecbe0faa61da777ac727f2e9c7d45
benchmark/prd_3_1_v1/candidates/segmentation_core_stress_v1/masks/core/accessory/SEGCORE1_0393.png,1042,67910ed0fe72c7f5340525783db7a4cabaccedb1f86b04d5433f07caf8c6b37f
benchmark/prd_3_1_v1/candidates/segmentation_core_stress_v1/masks/core/accessory/SEGCORE1_0394.png,1832,80ab8aeb4ff1b2169a547db9f8b81e03889c3ca5d7b65675d87a967c9e2a06a3
benchmark/prd_3_1_v1/candidates/segmentation_core_stress_v1/masks/core/accessory/SEGCORE1_0395.png,4285,e41c000531a9b0671d4a6deb67d58b7c85cef12b63db3a823c01ba1254eca8f8
benchmark/prd_3_1_v1/candidates/segmentation_core_stress_v1/masks/core/accessory/SEGCORE1_0396.png,1496,e776debf13ebd22487e72b600c89d353ae14df8bb4e4a1fb8e9baf0834352df6
benchmark/prd_3_1_v1/candidates/segmentation_core_stress_v1/masks/core/accessory/SEGCORE1_0397.png,1124,7aa7d5428a283a83643b36d2b559e8f02d46074238a4ba31d58bd0aa19e2b46d
benchmark/prd_3_1_v1/candidates/segmentation_core_stress_v1/masks/core/accessory/SEGCORE1_0398.png,1548,fa502fa82fccc27cddc2cd598803f6006ddca41af858911037a6378cefe9f024
benchmark/prd_3_1_v1/candidates/segmentation_core_stress_v1/masks/core/accessory/SEGCORE1_0399.png,2071,ada00843de7e8a6fc253db0a6a90ad7aed681316f9673fb11bf670da683d98a8
benchmark/prd_3_1_v1/candidates/segmentation_core_stress_v1/masks/core/accessory/SEGCORE1_0400.png,1209,39f6c94e6201cf9c77442ef6a7801b038cb3e77423e033b374436ec5c2708e51
benchmark/prd_3_1_v1/candidates/segmentation_core_stress_v1/masks/core/accessory/SEGCORE1_0401.png,1501,ceced3e12c725d14de04ff7b54b9c51e278889564b139585836f7110e3ba537a
benchmark/prd_3_1_v1/candidates/segmentation_core_stress_v1/masks/core/accessory/SEGCORE1_0402.png,1222,bedcc5b93a559d2dd309cbf16124759d3f56f1183fde2dbfc1f63abbe5afffea
benchmark/prd_3_1_v1/candidates/segmentation_core_stress_v1/masks/core/accessory/SEGCORE1_0403.png,2301,c2ff1158ffe3ccd9a0bb7e82a86b3f46ef7587e358c6926755131a4029ef05e7
benchmark/prd_3_1_v1/candidates/segmentation_core_stress_v1/masks/core/accessory/SEGCORE1_0404.png,1302,e13d3ce4405a58e5dbe5e6285323aece1e499ca2b712baf02295d2dd7b9a1ef6
benchmark/prd_3_1_v1/candidates/segmentation_core_stress_v1/masks/core/accessory/SEGCORE1_0405.png,1244,c40310aac6015db037b6c06eb9bac048b810ef0536075ac0e71df71a92eb5dca
benchmark/prd_3_1_v1/candidates/segmentation_core_stress_v1/masks/core/accessory/SEGCORE1_0406.png,1384,eaafa7e95730c3f15dccd1e35af49344c1766fb972290aacf841ff574257fa5e
benchmark/prd_3_1_v1/candidates/segmentation_core_stress_v1/masks/core/accessory/SEGCORE1_0407.png,1773,2fe68b2fb48ab5cce0e5ce45f6520043e1c0e4ad0765fe13cbf7c687b44cbbaf
benchmark/prd_3_1_v1/candidates/segmentation_core_stress_v1/masks/core/accessory/SEGCORE1_0408.png,1159,e531e6d0abb36a8b572c54083abe602b5797cedfcab408617012038e62e71320
benchmark/prd_3_1_v1/candidates/segmentation_core_stress_v1/masks/core/accessory/SEGCORE1_0409.png,1029,2709661e976568691713c208c0a33d15616be3b0b1c4b02600e4bb7ccb4f608f
benchmark/prd_3_1_v1/candidates/segmentation_core_stress_v1/masks/core/accessory/SEGCORE1_0410.png,1204,8c32c5a85bbaa755dbe80b7870277f5dedfa5bf31c769fdb3ae2e84e1ad36e7d
benchmark/prd_3_1_v1/candidates/segmentation_core_stress_v1/masks/core/accessory/SEGCORE1_0411.png,4424,72e2c23b5f6a6b4e414ca3bdee967f453f09e223bb635cc9d9f22672066b6e5d
benchmark/prd_3_1_v1/candidates/segmentation_core_stress_v1/masks/core/accessory/SEGCORE1_0412.png,1229,e9731b2d9e7765c5ef741e872ab9cfbccd32323b544fb7099f8ccc3812337bad
benchmark/prd_3_1_v1/candidates/segmentation_core_stress_v1/masks/core/accessory/SEGCORE1_0413.png,1673,e3e2a8d48ea88ad584849f898b1ac83980f94641eb3578c8f52f8f719a5cec5f
benchmark/prd_3_1_v1/candidates/segmentation_core_stress_v1/masks/core/accessory/SEGCORE1_0414.png,3714,44281da568ded919d4ec8d29c594ae41eff8d2e3e93e50e973df830885908fbd
benchmark/prd_3_1_v1/candidates/segmentation_core_stress_v1/masks/core/accessory/SEGCORE1_0415.png,1468,407cffda15347d22123745f90c88bc72855a004d80a3f3fe863a6b923e307cc9
benchmark/prd_3_1_v1/candidates/segmentation_core_stress_v1/masks/core/accessory/SEGCORE1_0416.png,1541,3b055fe7aac16eff8ee90ee48e652322d3ac43e8ac5a481b9da6f1fc74b94d7a
benchmark/prd_3_1_v1/candidates/segmentation_core_stress_v1/masks/core/accessory/SEGCORE1_0417.png,1861,a6f584d98a8f9906b89b13bf5dcafa0afc776149155fd295def6520b718d5134
benchmark/prd_3_1_v1/candidates/segmentation_core_stress_v1/masks/core/accessory/SEGCORE1_0418.png,1007,f6639937037d86f7fbbed5520af810b065d7ead5df3a6d4a330720392718f402
benchmark/prd_3_1_v1/candidates/segmentation_core_stress_v1/masks/core/accessory/SEGCORE1_0419.png,1450,d82ad68aeb55aacb7fab981cec490f260e888c0bb6a504667d7f4f877b797ca2
benchmark/prd_3_1_v1/candidates/segmentation_core_stress_v1/masks/core/accessory/SEGCORE1_0420.png,1441,161db81a65da60de33d09e992171ea5cd77eb4b61ad078e4a9b0825eba26c54a
benchmark/prd_3_1_v1/candidates/segmentation_core_stress_v1/masks/core/accessory/SEGCORE1_0421.png,2265,6fada6f4fad6e9b5e90102305da6e54bb9213db9667abedccd1d1d8515fd533f
benchmark/prd_3_1_v1/candidates/segmentation_core_stress_v1/masks/core/accessory/SEGCORE1_0422.png,1144,31cbad042c41850b0c5c8dca1eadd06b64ea72a28bc195e6f9795dbbc36d7a68
benchmark/prd_3_1_v1/candidates/segmentation_core_stress_v1/masks/core/accessory/SEGCORE1_0423.png,1564,85f433f00e25a6b0812c68919d43ea00ea4f0199bf8cc086ff8e5044cb50b7ff
benchmark/prd_3_1_v1/candidates/segmentation_core_stress_v1/masks/core/accessory/SEGCORE1_0424.png,1826,0358f1c3750265d4374e3622f1ee4e39b10d214961db2bee4017d7c51dc7cde1
benchmark/prd_3_1_v1/candidates/segmentation_core_stress_v1/masks/core/accessory/SEGCORE1_0425.png,1173,f9db85efb47b3af155b91966e0d73236a43d6b077fd7c0e688ca38156a6d96e6
benchmark/prd_3_1_v1/candidates/segmentation_core_stress_v1/masks/core/accessory/SEGCORE1_0426.png,1226,26427d435e93cd29ea5a5614693181b3573984460ece3139e49157dcb5e6592e
benchmark/prd_3_1_v1/candidates/segmentation_core_stress_v1/masks/core/accessory/SEGCORE1_0427.png,3926,4b3b888065886dbfa15a20ed9d66a8c428d3abec27eacda100484b05ffc7634d
benchmark/prd_3_1_v1/candidates/segmentation_core_stress_v1/masks/core/accessory/SEGCORE1_0428.png,1653,d4a735633cb17db26aac876266d18ca6c8b6fb702701d80371a4b779347ff039
benchmark/prd_3_1_v1/candidates/segmentation_core_stress_v1/masks/core/accessory/SEGCORE1_0429.png,1470,d5e2648a042f7e15fd84de7f249d3e671d22d2bf8605d8f97b3d7988a7d19778
benchmark/prd_3_1_v1/candidates/segmentation_core_stress_v1/masks/core/accessory/SEGCORE1_0430.png,1305,00abc30ecc84bd0a63ecd1e69fb7b938bcad117f88c981c10d12c393593701f2
benchmark/prd_3_1_v1/candidates/segmentation_core_stress_v1/masks/core/accessory/SEGCORE1_0431.png,1665,421426a2d39140109791d10fb1471257b072ea4cb4b473eabd3ed4fdf2333276
benchmark/prd_3_1_v1/candidates/segmentation_core_stress_v1/masks/core/accessory/SEGCORE1_0432.png,1381,90acbe0b97157f3b105f04fb7d918c6a5e8c9c7c3ab9d21562ec5044770cb224
benchmark/prd_3_1_v1/candidates/segmentation_core_stress_v1/masks/core/accessory/SEGCORE1_0433.png,1931,89ca119af80d009c2de001e77a63afbaa9a7132f0dc8aba2186650f0cbee6f48
benchmark/prd_3_1_v1/candidates/segmentation_core_stress_v1/masks/core/accessory/SEGCORE1_0434.png,1185,088d3a8351bf34b2f04edd46e6149bc6296afbd3a34276c2a6d5693407fbc987
benchmark/prd_3_1_v1/candidates/segmentation_core_stress_v1/masks/core/accessory/SEGCORE1_0435.png,2584,397932b6fa24cee3149d1e9abe3d89ebce0c42e8233d314099ec3282c0df3202
benchmark/prd_3_1_v1/candidates/segmentation_core_stress_v1/masks/core/accessory/SEGCORE1_0436.png,1208,d2374de74d49ecf05cbcc18e2a0df207eab273247e0d848375c9b1275b4de6eb
benchmark/prd_3_1_v1/candidates/segmentation_core_stress_v1/masks/core/accessory/SEGCORE1_0437.png,1587,3ef7d3333cc1aad6dd5136e9c131db151ae2964102acba4126fb8ff660b58b3a
benchmark/prd_3_1_v1/candidates/segmentation_core_stress_v1/masks/core/accessory/SEGCORE1_0438.png,1131,f131385639535b8627f656df7604de9c27c2b6914e14f35d271b6bd6087c555a
benchmark/prd_3_1_v1/candidates/segmentation_core_stress_v1/masks/core/accessory/SEGCORE1_0439.png,1362,c5360763dc81441fd1d5b04f0384a595f7267e3968d160d2acf77e2ad2083d3b
benchmark/prd_3_1_v1/candidates/segmentation_core_stress_v1/masks/core/accessory/SEGCORE1_0440.png,2655,71f8d668aa07b7471e064db9c6ba2849b814b824cfe1b612f9c39a4cfc526a51
benchmark/prd_3_1_v1/candidates/segmentation_core_stress_v1/masks/core/bag/SEGCORE1_0331.png,1225,d203b92aa33164fd0177e8ea3ee2d9164f3c03950bd52218c718b062bfa64e6d
benchmark/prd_3_1_v1/candidates/segmentation_core_stress_v1/masks/core/bag/SEGCORE1_0332.png,2679,ce0d3775d3b596fd28ab481c7512cafe08017966330f07292b0776eb1f90f03d
benchmark/prd_3_1_v1/candidates/segmentation_core_stress_v1/masks/core/bag/SEGCORE1_0333.png,4033,e293ff1ad813f53304d74c2bc2675fb10837c5c8cc859d4ef3d7c81a37c1ec83
benchmark/prd_3_1_v1/candidates/segmentation_core_stress_v1/masks/core/bag/SEGCORE1_0334.png,1110,f626d77dfd2527f3919c05ef294f31cbeb6949377947f1040517eca52a82a9d8
benchmark/prd_3_1_v1/candidates/segmentation_core_stress_v1/masks/core/bag/SEGCORE1_0335.png,1693,939d679e220bfb5c48349ebd65cd08528674f55b9b058536db75821a05b750ec
benchmark/prd_3_1_v1/candidates/segmentation_core_stress_v1/masks/core/bag/SEGCORE1_0336.png,2866,0a2b730250ea82a5497159196590e2fad6281b52c5011617d5ba6cc7bd079b4c
benchmark/prd_3_1_v1/candidates/segmentation_core_stress_v1/masks/core/bag/SEGCORE1_0337.png,1122,e95f0fe0f6d277cf5972f30138c577fa75e440d2d3807a3636faf29ffcdd6adb
benchmark/prd_3_1_v1/candidates/segmentation_core_stress_v1/masks/core/bag/SEGCORE1_0338.png,2289,1a62fe01d2ec7d623fad4c7b5d194f2753edb602606ca851fc5d58e6e463910f
benchmark/prd_3_1_v1/candidates/segmentation_core_stress_v1/masks/core/bag/SEGCORE1_0339.png,3616,1e7725ff507549408e4fd3525f39106cda2d5b6403d32f1b70cb0fa0887e7b25
benchmark/prd_3_1_v1/candidates/segmentation_core_stress_v1/masks/core/bag/SEGCORE1_0340.png,1401,5e7f372d40f67aa159888ef3072d8e8a022dc62b3f9e2798043f5b08b564cc94
benchmark/prd_3_1_v1/candidates/segmentation_core_stress_v1/masks/core/bag/SEGCORE1_0341.png,2082,b11b2a3af43c7c5d5c945a4fcc34dc667fbe670c767b85570ec0c36616ca8dcf
benchmark/prd_3_1_v1/candidates/segmentation_core_stress_v1/masks/core/bag/SEGCORE1_0342.png,2698,784e0b4b1a57ac393d9b5b64a68f80653a1bbca779d473c00e2cb72df65450fa
benchmark/prd_3_1_v1/candidates/segmentation_core_stress_v1/masks/core/bag/SEGCORE1_0343.png,1433,7f0d6622fe8a0b5e51f6d02ce6c36fbd822981c1de1c0128df9ef2f4a14f28a9
benchmark/prd_3_1_v1/candidates/segmentation_core_stress_v1/masks/core/bag/SEGCORE1_0344.png,1169,ccc05a5ce64650190e061d1127affd9a448549fbf8dff4491edfe4321f4dfdce
benchmark/prd_3_1_v1/candidates/segmentation_core_stress_v1/masks/core/bag/SEGCORE1_0345.png,2770,8b2e900e2ca539eea5066a062eadaa921a385b0f499e35d329be07cf728f93b7
benchmark/prd_3_1_v1/candidates/segmentation_core_stress_v1/masks/core/bag/SEGCORE1_0346.png,1411,61c87c2b6145c689b4909764d551518847b802a02fa441671f6f2873acf1a73a
benchmark/prd_3_1_v1/candidates/segmentation_core_stress_v1/masks/core/bag/SEGCORE1_0347.png,2227,2437dd411bd7a451445301c99f0789191c83cbcfab5fd5472817a516950cca3e
benchmark/prd_3_1_v1/candidates/segmentation_core_stress_v1/masks/core/bag/SEGCORE1_0348.png,3081,5ef3f7ddc722bfe53d81873bc6c1706a8dd7b38501f133be175f1c6807efe65a
benchmark/prd_3_1_v1/candidates/segmentation_core_stress_v1/masks/core/bag/SEGCORE1_0349.png,1229,723967c1c91be7ca3c32e5b82d85c0ea4dbae05a2aa080ec3666f277c828e75e
benchmark/prd_3_1_v1/candidates/segmentation_core_stress_v1/masks/core/bag/SEGCORE1_0350.png,2112,2d80a8c3bd73c3a718e8ced58d086832b203b4f6acae31360d2003836f668343
benchmark/prd_3_1_v1/candidates/segmentation_core_stress_v1/masks/core/bag/SEGCORE1_0351.png,3540,541c0459fb4a47483aa4d93850c083478eb1c8d12ba84d71cd039f3857fb8c39
benchmark/prd_3_1_v1/candidates/segmentation_core_stress_v1/masks/core/bag/SEGCORE1_0352.png,1426,beaccbc2a12e268a2bc5e865781d751c72d210373b62bbfdc4a624c2c4d18734
benchmark/prd_3_1_v1/candidates/segmentation_core_stress_v1/masks/core/bag/SEGCORE1_0353.png,2415,46e9add678c71209d8a735b309551766c4c17c87e5089440cfb14b5037278a51
benchmark/prd_3_1_v1/candidates/segmentation_core_stress_v1/masks/core/bag/SEGCORE1_0354.png,3201,ca11be469d0b5ae13bb5fcc7b8a38c414dbea9d58c9bf860d44a8f628618a462
benchmark/prd_3_1_v1/candidates/segmentation_core_stress_v1/masks/core/bag/SEGCORE1_0355.png,1250,08a45432c255dfdb0e6870087ced22dd81119ffd073742f042e866028d6b1dad
benchmark/prd_3_1_v1/candidates/segmentation_core_stress_v1/masks/core/bag/SEGCORE1_0356.png,2287,db73e2d509465a174aa0f680282be94c20eead38eabbcb5c94cbd225cddb6ce0
benchmark/prd_3_1_v1/candidates/segmentation_core_stress_v1/masks/core/bag/SEGCORE1_0357.png,2875,c566ae49e1625fb542567e72172fa3ad89f2b8921aee8463f9b19ef734838554
benchmark/prd_3_1_v1/candidates/segmentation_core_stress_v1/masks/core/bag/SEGCORE1_0358.png,1269,57ba2a6efe4c93a46a66d8186a4fbe159543710032cf17601a60f951af087f46
benchmark/prd_3_1_v1/candidates/segmentation_core_stress_v1/masks/core/bag/SEGCORE1_0359.png,1886,daf0436aaf183702dda85ad7a90ccfccf72218a64caba89e6d8f3a8c2047fb0e
benchmark/prd_3_1_v1/candidates/segmentation_core_stress_v1/masks/core/bag/SEGCORE1_0360.png,2162,07fb70b3589b4d4dba622f6f1825e5eca6cf7bb433b9e34c3f12cb2adcc53ea1
benchmark/prd_3_1_v1/candidates/segmentation_core_stress_v1/masks/core/bag/SEGCORE1_0361.png,1515,b0ff2743c21c6aa4a1fac2d947a050d1f6be80c8ba06a020b7e43b43d93ebc3f
benchmark/prd_3_1_v1/candidates/segmentation_core_stress_v1/masks/core/bag/SEGCORE1_0362.png,1700,4b70e891de82b14fc71ffb2158d105a990bda36144ee1b2049438590b1126882
benchmark/prd_3_1_v1/candidates/segmentation_core_stress_v1/masks/core/bag/SEGCORE1_0363.png,1488,89c68dd1286349743192bc4221ad9ffba6c57aec698a885b5f6a041a529d7073
benchmark/prd_3_1_v1/candidates/segmentation_core_stress_v1/masks/core/bag/SEGCORE1_0364.png,1939,adfe14f908863ded52f2874385e01986ba3c028204dd5d0e6c96bc9dc816e52b
benchmark/prd_3_1_v1/candidates/segmentation_core_stress_v1/masks/core/bag/SEGCORE1_0365.png,1375,1e746c9d19e275ea0ac367d200d274095d72b35427fe1ba94d99376d0cb31e4a
benchmark/prd_3_1_v1/candidates/segmentation_core_stress_v1/masks/core/bag/SEGCORE1_0366.png,2234,508050a9c101943c770be1e781b50b680b787062c032e517d31de85e6acfb9a1
benchmark/prd_3_1_v1/candidates/segmentation_core_stress_v1/masks/core/bag/SEGCORE1_0367.png,3407,99cbae233e48ddaee9597231f1ec8f408bf299313499a38d8500c9664736c21e
benchmark/prd_3_1_v1/candidates/segmentation_core_stress_v1/masks/core/bag/SEGCORE1_0368.png,1940,e2e624191eaa6d4ae75e6ff727677c482dcc1722c0c6be8689a340547a8a866c
benchmark/prd_3_1_v1/candidates/segmentation_core_stress_v1/masks/core/bag/SEGCORE1_0369.png,1986,1e5ecef2372136a596cb1d5a8b0a7cfd8de266247b7a40428b9df96e1a9981df
benchmark/prd_3_1_v1/candidates/segmentation_core_stress_v1/masks/core/bag/SEGCORE1_0370.png,1934,417de60815e12181e8a06bbe77d96202bf9446629927807abee8c4b9907dc119
benchmark/prd_3_1_v1/candidates/segmentation_core_stress_v1/masks/core/bag/SEGCORE1_0371.png,1184,15f9365fd8e3e3dfbb66bd08439496cf27730f121cadb581f4fc5e10da8f969c
benchmark/prd_3_1_v1/candidates/segmentation_core_stress_v1/masks/core/bag/SEGCORE1_0372.png,2017,f588b3f9ea443215a97dae277062e6d70351be0bb86f7f3470efd6bb48eba0ab
benchmark/prd_3_1_v1/candidates/segmentation_core_stress_v1/masks/core/bag/SEGCORE1_0373.png,2168,6cdbb1c3d79871fe5297257cd9e92fbf1d1eab6cfe0e4ee389b84ab04eb5109e
benchmark/prd_3_1_v1/candidates/segmentation_core_stress_v1/masks/core/bag/SEGCORE1_0374.png,1769,4de0e2b1577225b06de6af02647365c1711015d4c4722e07d819ccafdb6d4e6f
benchmark/prd_3_1_v1/candidates/segmentation_core_stress_v1/masks/core/bag/SEGCORE1_0375.png,2534,ccebc5ed44269e2b5eaa4be05867252270834ff9e2103c54d9ad6d443c3fbbb9
benchmark/prd_3_1_v1/candidates/segmentation_core_stress_v1/masks/core/bag/SEGCORE1_0376.png,1786,abc9aa8e4ea313ba29f3b3d91dccb2427c10e3674befdfa159fbdb6ffe7b2978
benchmark/prd_3_1_v1/candidates/segmentation_core_stress_v1/masks/core/bag/SEGCORE1_0377.png,2037,b7e2356d7921513a6d8e34d88338d95275bd36682917856a3d8773091e0f3bc5
benchmark/prd_3_1_v1/candidates/segmentation_core_stress_v1/masks/core/bag/SEGCORE1_0378.png,1815,add46b6206fee3dcf96dcb0ce94b927b9a4587e1ba21efbd51202759eb059117
benchmark/prd_3_1_v1/candidates/segmentation_core_stress_v1/masks/core/bag/SEGCORE1_0379.png,1688,10dd675e228a020a9110f13cf3a4072384632d943cf17216e5368ab1b24507ec
benchmark/prd_3_1_v1/candidates/segmentation_core_stress_v1/masks/core/bag/SEGCORE1_0380.png,1990,5acb3222f017af8600415799cec62bbf2a2ac7b6468ce7bf1ef49cbc385fac7e
benchmark/prd_3_1_v1/candidates/segmentation_core_stress_v1/masks/core/bag/SEGCORE1_0381.png,1708,d3d1fec48ff6f0179154ce4a76f8a6e26af7fd9f3b3fd9671d8dc5cd4e10beb0
benchmark/prd_3_1_v1/candidates/segmentation_core_stress_v1/masks/core/bag/SEGCORE1_0382.png,1881,c0ea8ec431364bc01de5dd5a2b4262101b8a64a518f1a7084262865777c8de72
benchmark/prd_3_1_v1/candidates/segmentation_core_stress_v1/masks/core/bag/SEGCORE1_0383.png,2546,3489f8d31d6800a58947b563a36f8f1d5131dbb930e97e2345eb3d1b9387e9c5
benchmark/prd_3_1_v1/candidates/segmentation_core_stress_v1/masks/core/bag/SEGCORE1_0384.png,2080,bd12359e07e37cb1c00e703c9bcf8286bd7fc47f9c5a61a290b1663e8e6aa7a2
benchmark/prd_3_1_v1/candidates/segmentation_core_stress_v1/masks/core/bag/SEGCORE1_0385.png,2244,54f5918d507f1f372dc19113003f8ece936350b32ab064e5d4c0107affc2193b
benchmark/prd_3_1_v1/candidates/segmentation_core_stress_v1/masks/core/dress/SEGCORE1_0221.png,2290,194882d71b2f4ac386e253962e42c700ecb81461000b900d094a993e439229b4
benchmark/prd_3_1_v1/candidates/segmentation_core_stress_v1/masks/core/dress/SEGCORE1_0222.png,1716,607b9d2d68bdbcbd09ac9ed88db565d09d562117d6318d02b03d33ab22e92360
benchmark/prd_3_1_v1/candidates/segmentation_core_stress_v1/masks/core/dress/SEGCORE1_0223.png,1040,1be71742aca4ddc76d300fb2f92dfc8e8d654fe9dcbd861b23c9bd9dbabab926
benchmark/prd_3_1_v1/candidates/segmentation_core_stress_v1/masks/core/dress/SEGCORE1_0224.png,1529,68af4de8d0f7b6d73e6f67285890ffa51ccaf9e90ca572393de2e8169d9f0287
benchmark/prd_3_1_v1/candidates/segmentation_core_stress_v1/masks/core/dress/SEGCORE1_0225.png,1545,e5a76e32bd5ffe4f70b42448b4ccc72bb6bf636b9af4eaf9f51433d5735d5fb4
benchmark/prd_3_1_v1/candidates/segmentation_core_stress_v1/masks/core/dress/SEGCORE1_0226.png,803,e535166893f8ebbd75cac92db55c33a3de1f1722b179a90be13f6f1f8e0c3eee
benchmark/prd_3_1_v1/candidates/segmentation_core_stress_v1/masks/core/dress/SEGCORE1_0227.png,1649,bf75c601566e2258c687a8d782a7ec76cdbed7e270acb2e6d04cbb067b79817e
benchmark/prd_3_1_v1/candidates/segmentation_core_stress_v1/masks/core/dress/SEGCORE1_0228.png,811,ff5824a78b0b385864fa67f80b8c845953de4385da87315a67298ca2c770f6cc
benchmark/prd_3_1_v1/candidates/segmentation_core_stress_v1/masks/core/dress/SEGCORE1_0229.png,2393,9180e85b51a659e0614279356cf3d847c61b616d0102c05250209d40c0d010ae
benchmark/prd_3_1_v1/candidates/segmentation_core_stress_v1/masks/core/dress/SEGCORE1_0230.png,4227,992ebdf336f81f1f09b8a0286555406b51d17973ae6684c2e3d0b54fb627d02f
benchmark/prd_3_1_v1/candidates/segmentation_core_stress_v1/masks/core/dress/SEGCORE1_0231.png,992,ed305246790d4fd1d8cc24b36b88986490db91f757aeb7228c162ff5d7b103ed
benchmark/prd_3_1_v1/candidates/segmentation_core_stress_v1/masks/core/dress/SEGCORE1_0232.png,1423,40e0bdb29174cf9b961ebee14a54083fe70589389cb6e8303d539018025e71a8
benchmark/prd_3_1_v1/candidates/segmentation_core_stress_v1/masks/core/dress/SEGCORE1_0233.png,4672,46a5fe028cc03b40391720f5c1f7235abad824abd2bd54ffe8f55097459c8eea
benchmark/prd_3_1_v1/candidates/segmentation_core_stress_v1/masks/core/dress/SEGCORE1_0234.png,1182,77100cdc4dd4ee1920e67e17302d12a944a66c939a2476dc367285e46422922a
benchmark/prd_3_1_v1/candidates/segmentation_core_stress_v1/masks/core/dress/SEGCORE1_0235.png,2497,35f6e30721c1b14d3216c16b4fe4b0e8b10c4829bd4d8c9d93134b3ca9f0238c
benchmark/prd_3_1_v1/candidates/segmentation_core_stress_v1/masks/core/dress/SEGCORE1_0236.png,1722,d532d1bca5d9cd3dcfc9daf58bc858261fff693541f02b1caa7ac06ac2603366
benchmark/prd_3_1_v1/candidates/segmentation_core_stress_v1/masks/core/dress/SEGCORE1_0237.png,1248,e08add261fae207a9208d251c576fd1f118fcd2cd416a7d09fa596a3e4dccf39
benchmark/prd_3_1_v1/candidates/segmentation_core_stress_v1/masks/core/dress/SEGCORE1_0238.png,1152,2636feb85cd0f6419e8e2e389f05cd7f24bd33bd40f2518075f07d3c446d5005
benchmark/prd_3_1_v1/candidates/segmentation_core_stress_v1/masks/core/dress/SEGCORE1_0239.png,1241,ea82e3cc50d4fc2052dccbbfddc2092d0bd9bd7883b127400270d55dc90b8757
benchmark/prd_3_1_v1/candidates/segmentation_core_stress_v1/masks/core/dress/SEGCORE1_0240.png,1453,8502100d90d0d01f6867b4abb2bd0c8e2022c4b01d5c915fe302c817605b731c
benchmark/prd_3_1_v1/candidates/segmentation_core_stress_v1/masks/core/dress/SEGCORE1_0241.png,2589,9a3101722223c16221e06f622dd864d1a504a49c750e69a1194835ddce89d5ae
benchmark/prd_3_1_v1/candidates/segmentation_core_stress_v1/masks/core/dress/SEGCORE1_0242.png,2772,c3cb1f193dfa7a1d4fd629cad5ff017ecdc9d00cf61932434f3366eb8c56b6f5
benchmark/prd_3_1_v1/candidates/segmentation_core_stress_v1/masks/core/dress/SEGCORE1_0243.png,809,22291ea9a0a29bdf4bb7205f7a4b64f1b9f44d5ea9fa949e860723b292dc45e9
benchmark/prd_3_1_v1/candidates/segmentation_core_stress_v1/masks/core/dress/SEGCORE1_0244.png,2093,b30de180ca569906fefa7f554f83996e9d38c94d9128f6865b9ed7515cab76e3
benchmark/prd_3_1_v1/candidates/segmentation_core_stress_v1/masks/core/dress/SEGCORE1_0245.png,2399,3153631c1f5a8760e15d14b45e4c6d3a87479e4c2a094d8d87bf39dde49159e3
benchmark/prd_3_1_v1/candidates/segmentation_core_stress_v1/masks/core/dress/SEGCORE1_0246.png,2115,c7e6df80348134f799ff5ef70f282572638fd08943bbbddc593fde9570eb3770
benchmark/prd_3_1_v1/candidates/segmentation_core_stress_v1/masks/core/dress/SEGCORE1_0247.png,4661,b411952267c52edcfbf009adcd02a47890609c995bf6a25e4c32bf9c1faba67b
benchmark/prd_3_1_v1/candidates/segmentation_core_stress_v1/masks/core/dress/SEGCORE1_0248.png,1677,73ce2f917b93fa6f84bec3843ba98fe1bb769aead1b7a3792b1e3f99438f9970
benchmark/prd_3_1_v1/candidates/segmentation_core_stress_v1/masks/core/dress/SEGCORE1_0249.png,2196,47b867d6af4f5ae65384edba76e86fc5c7b11633cc796f8e45f038f64bad2b18
benchmark/prd_3_1_v1/candidates/segmentation_core_stress_v1/masks/core/dress/SEGCORE1_0250.png,786,f26cbc30901d274830a83f316d74e01350a7367fef69b2d2dae96ba3bc668d0b
benchmark/prd_3_1_v1/candidates/segmentation_core_stress_v1/masks/core/dress/SEGCORE1_0251.png,1822,80b44c373b8e2311fb1f44e521d9dc14b248223374221bd4cee4856012f0a475
benchmark/prd_3_1_v1/candidates/segmentation_core_stress_v1/masks/core/dress/SEGCORE1_0252.png,891,95458ce0060dde7f117a20f0c266d0807753840230874088a7e3116150f5e407
benchmark/prd_3_1_v1/candidates/segmentation_core_stress_v1/masks/core/dress/SEGCORE1_0253.png,2555,32983d085e4a29d8439f516ba3947dd3aadb40dc13e0dda86fd8cbd1773ae842
benchmark/prd_3_1_v1/candidates/segmentation_core_stress_v1/masks/core/dress/SEGCORE1_0254.png,2743,0be33707fc87f6cbd083dd8a6cb7c2523dff8cbe96548b6340fca3d1152cc42f
benchmark/prd_3_1_v1/candidates/segmentation_core_stress_v1/masks/core/dress/SEGCORE1_0255.png,1754,d6430ceb901bfaa6b84d80dcc2e11bc47a910e360f934f5472762af06019bd4e
benchmark/prd_3_1_v1/candidates/segmentation_core_stress_v1/masks/core/dress/SEGCORE1_0256.png,1086,a3a4385b8689f9c87f20d880cc1d2f1a295b97d423e6cc4d4406535e653cfc96
benchmark/prd_3_1_v1/candidates/segmentation_core_stress_v1/masks/core/dress/SEGCORE1_0257.png,3966,5f5ed1deb3ef0bd1ba884a66aac1e312e0bac127e13060758ae69e1272c8caa4
benchmark/prd_3_1_v1/candidates/segmentation_core_stress_v1/masks/core/dress/SEGCORE1_0258.png,1226,a9a6996a291271c276eb1e4a5e7c747ddacc34411984dbd7b5c46e57f084c4e8
benchmark/prd_3_1_v1/candidates/segmentation_core_stress_v1/masks/core/dress/SEGCORE1_0259.png,3276,7d1214ea522ef0f5b7439ad2b66f660d5bdb39df65a29c6605a4dfd4d191ab6a
benchmark/prd_3_1_v1/candidates/segmentation_core_stress_v1/masks/core/dress/SEGCORE1_0260.png,1413,9e8a6cfc97bcd3dcb191caf6611ed8cc699aaece30e60541d5e873f82d2ffdeb
benchmark/prd_3_1_v1/candidates/segmentation_core_stress_v1/masks/core/dress/SEGCORE1_0261.png,1138,4905060410fec72b38effe7c58b2c12493fea4b816b74fb0fb895f1dd0868fd9
benchmark/prd_3_1_v1/candidates/segmentation_core_stress_v1/masks/core/dress/SEGCORE1_0262.png,1836,22c77317af6b2a9b5e19edadbabe1ca28743d12bf2b7dba2cedca386e5e04c3a
benchmark/prd_3_1_v1/candidates/segmentation_core_stress_v1/masks/core/dress/SEGCORE1_0263.png,733,527aa689435c89d1c94462d20960620f9666148a326b37b9f80145001fc712b5
benchmark/prd_3_1_v1/candidates/segmentation_core_stress_v1/masks/core/dress/SEGCORE1_0264.png,2553,e5288b1704275a67627a16875ec03a8c15405d47ca5b1916e7b4df7a3210a3fb
benchmark/prd_3_1_v1/candidates/segmentation_core_stress_v1/masks/core/dress/SEGCORE1_0265.png,2450,350f0f4926dda2f4de107438dc0243f6e5443e0f1ab6701659eb3dee77b34838
benchmark/prd_3_1_v1/candidates/segmentation_core_stress_v1/masks/core/dress/SEGCORE1_0266.png,734,a72a50ed3ff480b04165d1b438830ea21a0de7acc6c18751c183ca6905d5b8a9
benchmark/prd_3_1_v1/candidates/segmentation_core_stress_v1/masks/core/dress/SEGCORE1_0267.png,760,2800c7f488aa056d10046c577620ee39d6676956940346b7d0537f5c59005e38
benchmark/prd_3_1_v1/candidates/segmentation_core_stress_v1/masks/core/dress/SEGCORE1_0268.png,1992,928bba53aaa85ce337886c154bcedff6768bd9f0a0fa77653e66b83fd1b02876
benchmark/prd_3_1_v1/candidates/segmentation_core_stress_v1/masks/core/dress/SEGCORE1_0269.png,2073,7eff034a7988b72988561ea632d8fb0d25c41e63d39d40a2da929ce3209129f4
benchmark/prd_3_1_v1/candidates/segmentation_core_stress_v1/masks/core/dress/SEGCORE1_0270.png,2531,5bea935d908af1af1e2977f296745b0806a45285cc138c9cc5c98c9bb2691cb9
benchmark/prd_3_1_v1/candidates/segmentation_core_stress_v1/masks/core/dress/SEGCORE1_0271.png,1591,57b4f0909d71667aad0ae48d3bb45614f9b16603a3cc6c5d794b13617c6d22ef
benchmark/prd_3_1_v1/candidates/segmentation_core_stress_v1/masks/core/dress/SEGCORE1_0272.png,2470,9593796de0798fd015e13334b32b4529d3a435872423334ce3b5e0d59352c04c
benchmark/prd_3_1_v1/candidates/segmentation_core_stress_v1/masks/core/dress/SEGCORE1_0273.png,1809,8d7b0b7912d50545e6cf8ba2b0a2858dae2f9dfbe50f3c7a945a125ec3fa0b58
benchmark/prd_3_1_v1/candidates/segmentation_core_stress_v1/masks/core/dress/SEGCORE1_0274.png,1414,f35f501d687c3f658c378fadade6b11759a49c5f08d6ac4bbcff9d43284746fe
benchmark/prd_3_1_v1/candidates/segmentation_core_stress_v1/masks/core/dress/SEGCORE1_0275.png,4346,a5e55ed1a27ba7aabcb3822d8f9776c65d9bc848c06d64b9f74eb5c0d1988a5f
benchmark/prd_3_1_v1/candidates/segmentation_core_stress_v1/masks/core/outerwear/SEGCORE1_0166.png,4244,22f1fde3f94eadec1fbdc7897640e385ed4e4ba144283aef5846ee3c0e417917
benchmark/prd_3_1_v1/candidates/segmentation_core_stress_v1/masks/core/outerwear/SEGCORE1_0167.png,1417,a571db00f942ef2e575ad6d628de3d8a00a60562af30a2e80554f0f9bd7fedc0
benchmark/prd_3_1_v1/candidates/segmentation_core_stress_v1/masks/core/outerwear/SEGCORE1_0168.png,842,850a163b6402c89cbec43e4b7fcc0ce42a95f38c5f6f4539a12d0af13620f50c
benchmark/prd_3_1_v1/candidates/segmentation_core_stress_v1/masks/core/outerwear/SEGCORE1_0169.png,3597,0b44442c83fd3bcec8db91dd8770ac36f1557f8ed89ada8ac1c00779ca8dce02
benchmark/prd_3_1_v1/candidates/segmentation_core_stress_v1/masks/core/outerwear/SEGCORE1_0170.png,1820,4b43954051a8b549bedf61c8f25de4ec7a57a18ebcd99be0ec1c54b5a9c378c1
benchmark/prd_3_1_v1/candidates/segmentation_core_stress_v1/masks/core/outerwear/SEGCORE1_0171.png,2867,e145514de97c7395d1032c0e9be70aa5926b8dc80e56fe86dd7fb7a3a346e02c
benchmark/prd_3_1_v1/candidates/segmentation_core_stress_v1/masks/core/outerwear/SEGCORE1_0172.png,1194,b7b34595cfcd374dc25ed6ffa933cb468230e5b0fc95d7edc32d85aac7da83f9
benchmark/prd_3_1_v1/candidates/segmentation_core_stress_v1/masks/core/outerwear/SEGCORE1_0173.png,1124,2476a5df83aa8f9c5e8f2f85e591ffc24e55a7a00acc6fa9c1473ba84bbd552c
benchmark/prd_3_1_v1/candidates/segmentation_core_stress_v1/masks/core/outerwear/SEGCORE1_0174.png,2330,db7fe2139d7de1527b94ba5e8bd452fffb7307cbe4460f773feac41c8a4d805d
benchmark/prd_3_1_v1/candidates/segmentation_core_stress_v1/masks/core/outerwear/SEGCORE1_0175.png,1498,ce2eb22a357f721a729eba1fe07022ff11d6d121b96dd4ab31106204c71739ba
benchmark/prd_3_1_v1/candidates/segmentation_core_stress_v1/masks/core/outerwear/SEGCORE1_0176.png,2623,1017dd51cdbe9cb097336a79a188f29569b3e33c650a1761b7bea9fe095d942f
benchmark/prd_3_1_v1/candidates/segmentation_core_stress_v1/masks/core/outerwear/SEGCORE1_0177.png,1395,45084f49d4d4c3a82d3b141149f644b5f8ddda61d87f905329203be13f7980c7
benchmark/prd_3_1_v1/candidates/segmentation_core_stress_v1/masks/core/outerwear/SEGCORE1_0178.png,1111,1220798682b9b51988b4b49de603a5ef0827004cd681808494e28ef2da4487c0
benchmark/prd_3_1_v1/candidates/segmentation_core_stress_v1/masks/core/outerwear/SEGCORE1_0179.png,2154,0d2a6bba14bf4b47f7798f473af249ee810680d9cca53836d12dad6ed61f7617
benchmark/prd_3_1_v1/candidates/segmentation_core_stress_v1/masks/core/outerwear/SEGCORE1_0180.png,2342,1ed704ce7b86bc4ee6454a9b5f75ea61dd0277c7410e04b54c6056520674d70c
benchmark/prd_3_1_v1/candidates/segmentation_core_stress_v1/masks/core/outerwear/SEGCORE1_0181.png,3999,53bd4182b2285d20e8d51b5557095a5a4df55c560d68f58415ee142dacce8f93
benchmark/prd_3_1_v1/candidates/segmentation_core_stress_v1/masks/core/outerwear/SEGCORE1_0182.png,1158,2ab86479d2e8d4dc8095c58475dcaad9dcf8b3d72658b50dca0fa7c300ef05f0
benchmark/prd_3_1_v1/candidates/segmentation_core_stress_v1/masks/core/outerwear/SEGCORE1_0183.png,828,d5e130fe39fc9ba83139ceb1ef5c4f9b8fac85a79cf5bec78d6391386806eb01
benchmark/prd_3_1_v1/candidates/segmentation_core_stress_v1/masks/core/outerwear/SEGCORE1_0184.png,2472,6459c146fea0a29a263b2d40a74489ea24a62ab364011aaa059142877685d498
benchmark/prd_3_1_v1/candidates/segmentation_core_stress_v1/masks/core/outerwear/SEGCORE1_0185.png,1616,2e77e525aad0107701461ff17a645d62f750e2a00458162a01562e05c1cbb060
benchmark/prd_3_1_v1/candidates/segmentation_core_stress_v1/masks/core/outerwear/SEGCORE1_0186.png,1731,01e024b63d6941c4377617bdbbd6fe5813ec84629c7dee299fa9a1c949775bd4
benchmark/prd_3_1_v1/candidates/segmentation_core_stress_v1/masks/core/outerwear/SEGCORE1_0187.png,2203,c471ac14be58ee832b534c4e2c5f04966a052fa66262ab94f387e5bf0e43fe6d
benchmark/prd_3_1_v1/candidates/segmentation_core_stress_v1/masks/core/outerwear/SEGCORE1_0188.png,942,08e340ce9d0e0d745d8f6ab2c89f8526dd8fcd201a9da088551c73addcc357db
benchmark/prd_3_1_v1/candidates/segmentation_core_stress_v1/masks/core/outerwear/SEGCORE1_0189.png,2610,4e509e1096622b0f90f7c372dee51ae3078d77b94b84887d05a143cc96dee4b4
benchmark/prd_3_1_v1/candidates/segmentation_core_stress_v1/masks/core/outerwear/SEGCORE1_0190.png,1877,16b207fa5a3feb6f97e883579a8d135e377dbbd6b182a0d358489e760961b7de
benchmark/prd_3_1_v1/candidates/segmentation_core_stress_v1/masks/core/outerwear/SEGCORE1_0191.png,1645,a3df77629037eb0ee66ef27636539ed6200d9448db157ccd1fcf39791d1a04e4
benchmark/prd_3_1_v1/candidates/segmentation_core_stress_v1/masks/core/outerwear/SEGCORE1_0192.png,1318,d268b2e939c34d1669cb99ba11e6aa00d08f94e87638d4fb463b8a1de58107c0
benchmark/prd_3_1_v1/candidates/segmentation_core_stress_v1/masks/core/outerwear/SEGCORE1_0193.png,844,44b0a4e5ed77b01487012c30d907638b37c8ae6f4d19076f1df35802cba02f26
benchmark/prd_3_1_v1/candidates/segmentation_core_stress_v1/masks/core/outerwear/SEGCORE1_0194.png,4254,80de84b82be28c4b900880bff3d2e0896195eb40a96490aee079349269468bfe
benchmark/prd_3_1_v1/candidates/segmentation_core_stress_v1/masks/core/outerwear/SEGCORE1_0195.png,1323,5b2910929f7b79353354ac24195e66ae99c93a1d8ac43ca68dd5217dd77d00ab
benchmark/prd_3_1_v1/candidates/segmentation_core_stress_v1/masks/core/outerwear/SEGCORE1_0196.png,7201,89cea864b854325590e6bcf4a03cdaef66e52793b94ead6f6c5ff28dda21d9f2
benchmark/prd_3_1_v1/candidates/segmentation_core_stress_v1/masks/core/outerwear/SEGCORE1_0197.png,2589,678b70fb05e7d3019b1d3b63aeddc98d94f5f49d6d1bffc16e28ae17ca32f173
benchmark/prd_3_1_v1/candidates/segmentation_core_stress_v1/masks/core/outerwear/SEGCORE1_0198.png,458,a180eb0092ad7a4e787bb0ca853523442580bee354035d763e33c316231c1f70
benchmark/prd_3_1_v1/candidates/segmentation_core_stress_v1/masks/core/outerwear/SEGCORE1_0199.png,1948,26215bf740a14300b14f8d64fbb2a89006f675ca8c0ed754d8d4bcb8142d2f3e
benchmark/prd_3_1_v1/candidates/segmentation_core_stress_v1/masks/core/outerwear/SEGCORE1_0200.png,2028,2d08d2228069ce5795692fd43363fb235725db96f64ea43fd844a557b5760e14
benchmark/prd_3_1_v1/candidates/segmentation_core_stress_v1/masks/core/outerwear/SEGCORE1_0201.png,5892,75984585e97c9ef95ba99fcf077f4adbb2492190df090323c8bc03ddb00ab3c3
benchmark/prd_3_1_v1/candidates/segmentation_core_stress_v1/masks/core/outerwear/SEGCORE1_0202.png,2487,37995e2383d581265ad776b81904a072b8ba1c8758e21fcabb562b13527aa845
benchmark/prd_3_1_v1/candidates/segmentation_core_stress_v1/masks/core/outerwear/SEGCORE1_0203.png,1120,ffb56c806a5276c1cfe50ebdd7f48dd6ea3d58ccf8da7f3faa4a06659457a149
benchmark/prd_3_1_v1/candidates/segmentation_core_stress_v1/masks/core/outerwear/SEGCORE1_0204.png,2593,805fe9e27384fdf56c25a5aea7bb2915dd4eb8433daf7ed952ad32e6c167f96f
benchmark/prd_3_1_v1/candidates/segmentation_core_stress_v1/masks/core/outerwear/SEGCORE1_0205.png,1908,4962c65b73cbf5a13d77287bc9831f406407337c08d24b314e83faa4bc441238
benchmark/prd_3_1_v1/candidates/segmentation_core_stress_v1/masks/core/outerwear/SEGCORE1_0206.png,4230,dda379fe0072fb52213c866a76ce5790758131792b518be0f267322022e19e78
benchmark/prd_3_1_v1/candidates/segmentation_core_stress_v1/masks/core/outerwear/SEGCORE1_0207.png,2312,046c98ec8b8b60d6c0a16eb7b8995e6acf0e810144b9c6d460c8bacfe7d96958
benchmark/prd_3_1_v1/candidates/segmentation_core_stress_v1/masks/core/outerwear/SEGCORE1_0208.png,1079,c90473e02fb7b5333d8c6438247489a4383188ce27bf72e78bde54c907e08401
benchmark/prd_3_1_v1/candidates/segmentation_core_stress_v1/masks/core/outerwear/SEGCORE1_0209.png,3835,1a739e39675b13c6daee3398af35918eca141d3cfd406aa7352bb16ed53b51e1
benchmark/prd_3_1_v1/candidates/segmentation_core_stress_v1/masks/core/outerwear/SEGCORE1_0210.png,1504,fcdb3d85d7d36fead64850b6aaa08d64efdac845421fbe6a74bea425ec8045e5
benchmark/prd_3_1_v1/candidates/segmentation_core_stress_v1/masks/core/outerwear/SEGCORE1_0211.png,1173,3d8e6bb2b9ed0b31f5f91ffe03b492911fd2876c3095da437001db9a9286c6b2
benchmark/prd_3_1_v1/candidates/segmentation_core_stress_v1/masks/core/outerwear/SEGCORE1_0212.png,2262,93ca3f95e68b4aa72be62450bc25b11850c4e7278f7437a0bec0f35c216d3ce8
benchmark/prd_3_1_v1/candidates/segmentation_core_stress_v1/masks/core/outerwear/SEGCORE1_0213.png,782,45fccee67eb82e189e6d8f1d01988bc998c8ea8519ea25f9cfea5081028a9b2d
benchmark/prd_3_1_v1/candidates/segmentation_core_stress_v1/masks/core/outerwear/SEGCORE1_0214.png,2481,613818dd90cc76f22c4f130a5a71f7708241e3ef807c2c26ce7ea2684ecaea24
benchmark/prd_3_1_v1/candidates/segmentation_core_stress_v1/masks/core/outerwear/SEGCORE1_0215.png,2152,62e40083baff937342a487273e0ee39534eb38246e10a6c101bfd97c20f26e74
benchmark/prd_3_1_v1/candidates/segmentation_core_stress_v1/masks/core/outerwear/SEGCORE1_0216.png,2744,b68765d38b0065d252b6ee215d30af6d0aa9fc61ed94509158459b2b0ec7348c
benchmark/prd_3_1_v1/candidates/segmentation_core_stress_v1/masks/core/outerwear/SEGCORE1_0217.png,1742,aaab7c952707ee02ee030874b02f531e7c4fa36dc831b0b60eecd1d0781f0dd6
benchmark/prd_3_1_v1/candidates/segmentation_core_stress_v1/masks/core/outerwear/SEGCORE1_0218.png,707,bdd19fb99b018961dc2bd315d4aa877d32abe4d8b454dd75aab1cd8b2b800487
benchmark/prd_3_1_v1/candidates/segmentation_core_stress_v1/masks/core/outerwear/SEGCORE1_0219.png,4627,9cc563e59153c270883e2e8c3cab6176d6648134075cf6528f3f8a592d279e9b
benchmark/prd_3_1_v1/candidates/segmentation_core_stress_v1/masks/core/outerwear/SEGCORE1_0220.png,1381,3e719700a63a1cebd8a385ed5cb71dde1d6829d4805c025619f71ff6e7b11c37
benchmark/prd_3_1_v1/candidates/segmentation_core_stress_v1/masks/core/pants/SEGCORE1_0056.png,1992,124b6334c0c484d89173e4795258b18762079950d0c56a0d08a2138b8c5202ac
benchmark/prd_3_1_v1/candidates/segmentation_core_stress_v1/masks/core/pants/SEGCORE1_0057.png,2296,1f36501633d37114d52fd63457663f4dc81b78af19ee23814e4dc270f1f99139
benchmark/prd_3_1_v1/candidates/segmentation_core_stress_v1/masks/core/pants/SEGCORE1_0058.png,1055,0ddb19df894311a7eaa471b5a67898fed88626a54ba01697dde51da834d1b589
benchmark/prd_3_1_v1/candidates/segmentation_core_stress_v1/masks/core/pants/SEGCORE1_0059.png,937,b5c66d0683416a92feba500944b0c89ed1bed675675ff7e4534cc3085531f50b
benchmark/prd_3_1_v1/candidates/segmentation_core_stress_v1/masks/core/pants/SEGCORE1_0060.png,1375,9de66d71025949afcff6f07910bfe93183a777c0b3a7eeb8a1c086a39028a32b
benchmark/prd_3_1_v1/candidates/segmentation_core_stress_v1/masks/core/pants/SEGCORE1_0061.png,2029,bd104f12a644aacbcc3350e113f3be2aa6e61cf5988bc6e307efac85b479d1fc
benchmark/prd_3_1_v1/candidates/segmentation_core_stress_v1/masks/core/pants/SEGCORE1_0062.png,1794,d9a0554403ce9f865f5f26d7da5713637e0c334d87982f01c585f3de7d3f31b7
benchmark/prd_3_1_v1/candidates/segmentation_core_stress_v1/masks/core/pants/SEGCORE1_0063.png,2873,a6d258b565a0797e7e34f6c23154786708220f1bdfb884bdc5b1f3e109bf4ee5
benchmark/prd_3_1_v1/candidates/segmentation_core_stress_v1/masks/core/pants/SEGCORE1_0064.png,823,61a117c8fb4582d7e53377069cddf00754de46982aa8f3b12b9d17083c41bc15
benchmark/prd_3_1_v1/candidates/segmentation_core_stress_v1/masks/core/pants/SEGCORE1_0065.png,1299,6145d75fcdd0dc9b980b1389bb54ef5560d0658eecdc5d655d923570087b979f
benchmark/prd_3_1_v1/candidates/segmentation_core_stress_v1/masks/core/pants/SEGCORE1_0066.png,1535,3c782be7de07808643c0584cea7b5882dcb69a78fea289aca47a1babcf5297b3
benchmark/prd_3_1_v1/candidates/segmentation_core_stress_v1/masks/core/pants/SEGCORE1_0067.png,1477,e013681d684c0e1f066003746dd84efc4f4bf93f66ebc5b22fddccc165f21c61
benchmark/prd_3_1_v1/candidates/segmentation_core_stress_v1/masks/core/pants/SEGCORE1_0068.png,1834,8ffbbaa92ff4a52212443ef7f9b2bec071e95da29029c09186bfbd42079d7f58
benchmark/prd_3_1_v1/candidates/segmentation_core_stress_v1/masks/core/pants/SEGCORE1_0069.png,1656,92124636a29f5d110382e6b44e17aca62d7268af6a2d9d0e2a0742c9796b5b34
benchmark/prd_3_1_v1/candidates/segmentation_core_stress_v1/masks/core/pants/SEGCORE1_0070.png,1605,0de4c95a8c6367b7d77b0d38ff25980931dbf75ec8a1da09954d50f29d657d08
benchmark/prd_3_1_v1/candidates/segmentation_core_stress_v1/masks/core/pants/SEGCORE1_0071.png,1441,a984e07c81d855672d7cf4932ecff92ee87fea56d5105f6548bd24eaba3fe26f
benchmark/prd_3_1_v1/candidates/segmentation_core_stress_v1/masks/core/pants/SEGCORE1_0072.png,2196,a52e20c3655f88482336be201b7cf6fced1094e97fe20f3810241b54327c31c8
benchmark/prd_3_1_v1/candidates/segmentation_core_stress_v1/masks/core/pants/SEGCORE1_0073.png,1376,e1f1601dc4458b7de45c3cfe833a9973bfca33fbc4c464a78f8deecb77341cc1
benchmark/prd_3_1_v1/candidates/segmentation_core_stress_v1/masks/core/pants/SEGCORE1_0074.png,952,e9ba5a89f7f1a453f8ddc4edde8e25b4d22b2a05dc8b894dbcecb6e06ff7d41c
benchmark/prd_3_1_v1/candidates/segmentation_core_stress_v1/masks/core/pants/SEGCORE1_0075.png,2865,7c04a9e05e0b3a34004b11438a252fd1ec26ab75564c7cbbb9f822c81686e402
benchmark/prd_3_1_v1/candidates/segmentation_core_stress_v1/masks/core/pants/SEGCORE1_0076.png,1026,a3bd038c6202e415d9025fb51911a1a15c445a53e927c34837359d8f25d7506d
benchmark/prd_3_1_v1/candidates/segmentation_core_stress_v1/masks/core/pants/SEGCORE1_0077.png,1143,7608aa888032f90b6288161ff3b8407cdb3873df79c0e47a0818f99bc8f0e82a
benchmark/prd_3_1_v1/candidates/segmentation_core_stress_v1/masks/core/pants/SEGCORE1_0078.png,1524,ad402de43f0041d05e7aeac5152f3720dfa723c8140d6aa055b310a54c494548
benchmark/prd_3_1_v1/candidates/segmentation_core_stress_v1/masks/core/pants/SEGCORE1_0079.png,1561,5af729784c0a19020309f82ba8bd133c16dc3277b44cb4bd7728fd3dcd72b7c2
benchmark/prd_3_1_v1/candidates/segmentation_core_stress_v1/masks/core/pants/SEGCORE1_0080.png,2047,578373d5b2bba8e30d3da4fcbe054f3d2e28559d6257123b5cac3042e14e3bc8
benchmark/prd_3_1_v1/candidates/segmentation_core_stress_v1/masks/core/pants/SEGCORE1_0081.png,2406,c7b60803b6e9343d796ba47145529dbc90375a9114561ef614fa7288df62f0fb
benchmark/prd_3_1_v1/candidates/segmentation_core_stress_v1/masks/core/pants/SEGCORE1_0082.png,1187,35b9e3de25e9fe0581f826096158590b86e75b613499af6e499a0e103fbf374b
benchmark/prd_3_1_v1/candidates/segmentation_core_stress_v1/masks/core/pants/SEGCORE1_0083.png,555,91710fba3263ea9b54f8406bd5c8b8d08a0205d7557a22f1c6631a7077e9a75e
benchmark/prd_3_1_v1/candidates/segmentation_core_stress_v1/masks/core/pants/SEGCORE1_0084.png,1217,1bab112c2f977951e0cf16fa365f8580efb984db3b3af442e5a0a492abeec163
benchmark/prd_3_1_v1/candidates/segmentation_core_stress_v1/masks/core/pants/SEGCORE1_0085.png,1040,f4ecac5e3a1ba18c24b6f52e4bb473bca18b13e9c99b402cd6ed159e2491031f
benchmark/prd_3_1_v1/candidates/segmentation_core_stress_v1/masks/core/pants/SEGCORE1_0086.png,1305,754b48dfe919ad127d6e28746ba3838716859b0767896e8d5d78df683129c997
benchmark/prd_3_1_v1/candidates/segmentation_core_stress_v1/masks/core/pants/SEGCORE1_0087.png,4242,89ca454ded8fdaa5e8ba80c15d122f95361ad5fe99d85cdb6e4f336de2794c64
benchmark/prd_3_1_v1/candidates/segmentation_core_stress_v1/masks/core/pants/SEGCORE1_0088.png,947,8b005b91f4426bc650c4a50ad68219bc059fead53323807ec6cb333cbec3e24a
benchmark/prd_3_1_v1/candidates/segmentation_core_stress_v1/masks/core/pants/SEGCORE1_0089.png,1556,73131da04978dd2a3217e7b200b564902198cc8f0ddbd2836ebad6da535b1a78
benchmark/prd_3_1_v1/candidates/segmentation_core_stress_v1/masks/core/pants/SEGCORE1_0090.png,760,4076f18b4d782c9c026a4ab8ae1970679a9e4e854868404e837bf1113fa885a8
benchmark/prd_3_1_v1/candidates/segmentation_core_stress_v1/masks/core/pants/SEGCORE1_0091.png,1528,80ca6b47e9b67ebd1a924a8e91f8808b7ad2af1689cecc4cfa97a74a276bf69e
benchmark/prd_3_1_v1/candidates/segmentation_core_stress_v1/masks/core/pants/SEGCORE1_0092.png,976,ab8176ea736e796279f68d0d7d27c1e993a1a1b171812d11e48503a3c7cb1bcd
benchmark/prd_3_1_v1/candidates/segmentation_core_stress_v1/masks/core/pants/SEGCORE1_0093.png,948,b9dd8f66ae4673e02e0ffe9293f8e643df8ce02b83c573759795b3377dd8ecfa
benchmark/prd_3_1_v1/candidates/segmentation_core_stress_v1/masks/core/pants/SEGCORE1_0094.png,1049,3a6365deb5ddaadef704a4edf0dee563de4d3e001145f3d2c4f03cf57bd674bf
benchmark/prd_3_1_v1/candidates/segmentation_core_stress_v1/masks/core/pants/SEGCORE1_0095.png,738,be91ebfc6ab7dc9c63dcb2c742db9cb9207a306ecb9eafdbee37cf52ab2a0b93
benchmark/prd_3_1_v1/candidates/segmentation_core_stress_v1/masks/core/pants/SEGCORE1_0096.png,1040,adde8f41555b407af20ada7ddc09a0a8cc5bc4a72572f3c69a00067cb638bca9
benchmark/prd_3_1_v1/candidates/segmentation_core_stress_v1/masks/core/pants/SEGCORE1_0097.png,1652,d3cddf9d21bc4632fd54f09915a628017ffeb000922601a395be98e63bd2d5a4
benchmark/prd_3_1_v1/candidates/segmentation_core_stress_v1/masks/core/pants/SEGCORE1_0098.png,1388,7ea084c5bb298c329bdd51d25f05f3166ff68d11bc68c77be60fed350a770f3e
benchmark/prd_3_1_v1/candidates/segmentation_core_stress_v1/masks/core/pants/SEGCORE1_0099.png,1744,fc5a34ddf67a454f3867171cac4da06f07766269027095d80267a2cd123bb78e
benchmark/prd_3_1_v1/candidates/segmentation_core_stress_v1/masks/core/pants/SEGCORE1_0100.png,1206,06afcc77a69f8249ef3467bd6b0976ff98c44d349fa1e70c123b2d35db3d81e7
benchmark/prd_3_1_v1/candidates/segmentation_core_stress_v1/masks/core/pants/SEGCORE1_0101.png,750,9b4e5cb5060b78d4cfef9f7c25f10288256bd4617c548d585a21f09efbff5c7e
benchmark/prd_3_1_v1/candidates/segmentation_core_stress_v1/masks/core/pants/SEGCORE1_0102.png,1848,5ef69226c1c6ccf2a50550d8913425b95e9b578a4cdf71feea930b34015fc1a8
benchmark/prd_3_1_v1/candidates/segmentation_core_stress_v1/masks/core/pants/SEGCORE1_0103.png,1618,a915a2f16066b1b62245307cfe871f8bd0f25e2975ab2731781021f723e574c1
benchmark/prd_3_1_v1/candidates/segmentation_core_stress_v1/masks/core/pants/SEGCORE1_0104.png,1439,1c0e01e6088b957fe84b5dfbf6f57a8652016601a2f56144276c30467173c8d8
benchmark/prd_3_1_v1/candidates/segmentation_core_stress_v1/masks/core/pants/SEGCORE1_0105.png,2476,ce61d8e590286139c6fb97eb2faca70b6f2c4c609b458737d2db2ba8db138433
benchmark/prd_3_1_v1/candidates/segmentation_core_stress_v1/masks/core/pants/SEGCORE1_0106.png,1034,17975d39b759bb2b1b7cf588b8564fd0011cf9f96ae0956d5125fdc484e013b9
benchmark/prd_3_1_v1/candidates/segmentation_core_stress_v1/masks/core/pants/SEGCORE1_0107.png,1061,0dc5b4293314d430abe8cb0dfbe23a21bb70d024c380e712e011e92d17433321
benchmark/prd_3_1_v1/candidates/segmentation_core_stress_v1/masks/core/pants/SEGCORE1_0108.png,2161,af1660ff0f2b16a7edf678f57a34ba7099fc505a0d1bee628b317051577af692
benchmark/prd_3_1_v1/candidates/segmentation_core_stress_v1/masks/core/pants/SEGCORE1_0109.png,1332,12997a40e3a0071b9f207e7d913d37448de81f747d3a738e7649fd2f2cea3430
benchmark/prd_3_1_v1/candidates/segmentation_core_stress_v1/masks/core/pants/SEGCORE1_0110.png,1805,da4999db70ffb2b6f6939d344a3dddc1f70f833c218cfd94d6c25595cb1ba6fe
benchmark/prd_3_1_v1/candidates/segmentation_core_stress_v1/masks/core/shoe/SEGCORE1_0276.png,1601,9425b6ebadc9c5ba3a707c67a2cdf4d3112436223c98590d7ea4fce28d04f604
benchmark/prd_3_1_v1/candidates/segmentation_core_stress_v1/masks/core/shoe/SEGCORE1_0277.png,1178,721aaf101a29b3eb4ffc58c30080ea6f5d5db7d0705d957e1d10851cbb7a4c60
benchmark/prd_3_1_v1/candidates/segmentation_core_stress_v1/masks/core/shoe/SEGCORE1_0278.png,1574,5a69b21ba9194417edd91f04c569ae4d1f89e53a1897f3da8f745e8c05dd6ffd
benchmark/prd_3_1_v1/candidates/segmentation_core_stress_v1/masks/core/shoe/SEGCORE1_0279.png,1399,0789eb94a28960caf7999964bc32bcf4c3d17a46077ac3cc5ea5a2c39f67eb79
benchmark/prd_3_1_v1/candidates/segmentation_core_stress_v1/masks/core/shoe/SEGCORE1_0280.png,1938,72f1051001aebc33bd0b5940ce144fb4f44aea771a7b950d7e69ce23129b86b7
benchmark/prd_3_1_v1/candidates/segmentation_core_stress_v1/masks/core/shoe/SEGCORE1_0281.png,1076,ff04d6957d35131f568b3eccbb62a12744920fbc990152b2802946cc44a574ff
benchmark/prd_3_1_v1/candidates/segmentation_core_stress_v1/masks/core/shoe/SEGCORE1_0282.png,2020,3fcb0cb96c9b100bd2292cad1495c9a064f3b23e1f07237412fc7f65c92ea207
benchmark/prd_3_1_v1/candidates/segmentation_core_stress_v1/masks/core/shoe/SEGCORE1_0283.png,1127,20ba131754fce79a80410edc5ee285ba737c305985e9873a119601f4b1083d7e
benchmark/prd_3_1_v1/candidates/segmentation_core_stress_v1/masks/core/shoe/SEGCORE1_0284.png,2209,fe6da94af8c79a1e07b3806ec137248802eba86968b9a5cde5721e993ae7f796
benchmark/prd_3_1_v1/candidates/segmentation_core_stress_v1/masks/core/shoe/SEGCORE1_0285.png,1115,701fc34e5f939956d671ce3555cec6d83eadbbdbeb5badbd4dd01cb73c09ea75
benchmark/prd_3_1_v1/candidates/segmentation_core_stress_v1/masks/core/shoe/SEGCORE1_0286.png,1631,262ad6942e614597ae5606bcff49268ed4eb1bcb69888d9c011c874885afb80b
benchmark/prd_3_1_v1/candidates/segmentation_core_stress_v1/masks/core/shoe/SEGCORE1_0287.png,1243,9bbce0323bbd8078ac3173744b51795d7dba3ae3324cab2a78e040e9fb3f2c6a
benchmark/prd_3_1_v1/candidates/segmentation_core_stress_v1/masks/core/shoe/SEGCORE1_0288.png,1317,2a4ff03aa0433a45994625c212dee8368520fb633cf113d2d647c504f70665ab
benchmark/prd_3_1_v1/candidates/segmentation_core_stress_v1/masks/core/shoe/SEGCORE1_0289.png,1231,a4ee1dfbb2f2f801b14ccbce2ffc464d6dcac0e7252ba551ce99cb91297494be
benchmark/prd_3_1_v1/candidates/segmentation_core_stress_v1/masks/core/shoe/SEGCORE1_0290.png,1421,891ba9736609d70380136acbcc926801a1f6634180ed0891a5feb3ec3e90b233
benchmark/prd_3_1_v1/candidates/segmentation_core_stress_v1/masks/core/shoe/SEGCORE1_0291.png,1012,a7bded1cb8b825d0c84b7e8256ca20545110efaa45b6634561a67ffa657ec749
benchmark/prd_3_1_v1/candidates/segmentation_core_stress_v1/masks/core/shoe/SEGCORE1_0292.png,1674,c8253d6703087f742d5cc8ae64dee17b9e6dce015787602b66c184437742c455
benchmark/prd_3_1_v1/candidates/segmentation_core_stress_v1/masks/core/shoe/SEGCORE1_0293.png,1314,62376f5125c19c92430a30b865302245a52e36407a8b0ae20967eceb1738395b
benchmark/prd_3_1_v1/candidates/segmentation_core_stress_v1/masks/core/shoe/SEGCORE1_0294.png,1480,642e4ce0ca60171d0b68551c2fb5c0d256f028024dd8565e5bf9ef5a72c7ddb2
benchmark/prd_3_1_v1/candidates/segmentation_core_stress_v1/masks/core/shoe/SEGCORE1_0295.png,1242,f871e7114816833ffc945f4ce9a4384b72269aa9f7730838a46a20ce9435c4c2
benchmark/prd_3_1_v1/candidates/segmentation_core_stress_v1/masks/core/shoe/SEGCORE1_0296.png,1709,8a07d5536f87481a3f1c679ae12ac9b560420c4146df3778d9bbc49698d0e17b
benchmark/prd_3_1_v1/candidates/segmentation_core_stress_v1/masks/core/shoe/SEGCORE1_0297.png,1442,cf7dece4b9741b67526ce537743775e7d7f37debb6cbf9632ca789126d2bfb3b
benchmark/prd_3_1_v1/candidates/segmentation_core_stress_v1/masks/core/shoe/SEGCORE1_0298.png,1604,128d4a88b9d80acb6c740b4608d1cbc805e870a1d058203752e088856705d397
benchmark/prd_3_1_v1/candidates/segmentation_core_stress_v1/masks/core/shoe/SEGCORE1_0299.png,1384,72d49173706d88d63d63c638a94c46d42848b165b593e8bcb5656f789ac1d77e
benchmark/prd_3_1_v1/candidates/segmentation_core_stress_v1/masks/core/shoe/SEGCORE1_0300.png,1206,5408e3673545862977973f0e557f33a00819faf2c5ca13a5638bb4143ff6c102
benchmark/prd_3_1_v1/candidates/segmentation_core_stress_v1/masks/core/shoe/SEGCORE1_0301.png,1741,a0e128514b46c54f5351641cc986b882d47b4ced855a9ff899d9b811eb844c8b
benchmark/prd_3_1_v1/candidates/segmentation_core_stress_v1/masks/core/shoe/SEGCORE1_0302.png,1429,e09d05713ef3527d55122ee54b907e5ea4e84b1eb96c2e6ba69a9f03b6d04fe8
benchmark/prd_3_1_v1/candidates/segmentation_core_stress_v1/masks/core/shoe/SEGCORE1_0303.png,1040,e4d748e69b5b5aedc0267f8012d2179bf346d7998b6ebc5eba6d6b850d5fb8a3
benchmark/prd_3_1_v1/candidates/segmentation_core_stress_v1/masks/core/shoe/SEGCORE1_0304.png,1263,a0684fee59f09029c5cb0d9c4a374aae28c588bd59d8bb3eb814b0aec2788704
benchmark/prd_3_1_v1/candidates/segmentation_core_stress_v1/masks/core/shoe/SEGCORE1_0305.png,1136,13b09142a8125f694708e7d5c836c925a3c07b2182e2dd18567328a1c72e121f
benchmark/prd_3_1_v1/candidates/segmentation_core_stress_v1/masks/core/shoe/SEGCORE1_0306.png,2147,20a3a9e85d71670119126e62b0fa023cf3d0ad2bdc8c6efb59bd0b7eeb4e3908
benchmark/prd_3_1_v1/candidates/segmentation_core_stress_v1/masks/core/shoe/SEGCORE1_0307.png,1418,219284b1be464eecfffee7d3eed1daa27a55d1b917083db38d286300d79f52e1
benchmark/prd_3_1_v1/candidates/segmentation_core_stress_v1/masks/core/shoe/SEGCORE1_0308.png,1474,7ad23bc2fc8ceb161d89121838ef630149fe8b99b0bc15b7d375e2d6db593fc3
benchmark/prd_3_1_v1/candidates/segmentation_core_stress_v1/masks/core/shoe/SEGCORE1_0309.png,977,3cba2c2d9d5095b705aa8bddba2a51d25948b1f89d6402edc3e90bf245e71386
benchmark/prd_3_1_v1/candidates/segmentation_core_stress_v1/masks/core/shoe/SEGCORE1_0310.png,1167,7b3c178f7462ba892bfbf1e9bb14bb28f6e3b69bc0733be580ee1ef2f7e900ec
benchmark/prd_3_1_v1/candidates/segmentation_core_stress_v1/masks/core/shoe/SEGCORE1_0311.png,1163,0a067fcba0eff5594250809ad3a896e3732ce0383a1d9b3c00c709685947771b
benchmark/prd_3_1_v1/candidates/segmentation_core_stress_v1/masks/core/shoe/SEGCORE1_0312.png,1719,a6889085fd876ac72bbadd0466d3af9fbfd116e022fe4784acc825423d77f47a
benchmark/prd_3_1_v1/candidates/segmentation_core_stress_v1/masks/core/shoe/SEGCORE1_0313.png,1082,73dece3c33829a9f69e6d843ad9246c8b1ae0a6febb84bcf5a112c2e2c85b39c
benchmark/prd_3_1_v1/candidates/segmentation_core_stress_v1/masks/core/shoe/SEGCORE1_0314.png,1695,313af8e7009d196c8489b0d664aba65aa5e81a24e7517b6e796c818fb29fcc72
benchmark/prd_3_1_v1/candidates/segmentation_core_stress_v1/masks/core/shoe/SEGCORE1_0315.png,1175,3e6ebbacf4d6070fb29843c2185fa8633110fb2c4b609885975203abba7a5610
benchmark/prd_3_1_v1/candidates/segmentation_core_stress_v1/masks/core/shoe/SEGCORE1_0316.png,1452,fdfaf2991ae05e00ad4e1e520563fcc6540e26a5fe43d6a0c6796b9078248fd6
benchmark/prd_3_1_v1/candidates/segmentation_core_stress_v1/masks/core/shoe/SEGCORE1_0317.png,1101,7c64b61e4da5b1e342db6a6ff7c71c2e24154c1e4e9348c94f0719058c0417d1
benchmark/prd_3_1_v1/candidates/segmentation_core_stress_v1/masks/core/shoe/SEGCORE1_0318.png,1435,8d095f01a9e36863ea1b96fe55fe72154e470d4d95524015ac3f0bc91109a765
benchmark/prd_3_1_v1/candidates/segmentation_core_stress_v1/masks/core/shoe/SEGCORE1_0319.png,1106,02ab2c3cf73e66ceb86dc02282d8c983b840a8d7b5338f6edab3939a86c1905b
benchmark/prd_3_1_v1/candidates/segmentation_core_stress_v1/masks/core/shoe/SEGCORE1_0320.png,1517,ed6acdd02bad7cde6ff9e4f467ac83719d778341e6cef0083b61a15d7df1a02d
benchmark/prd_3_1_v1/candidates/segmentation_core_stress_v1/masks/core/shoe/SEGCORE1_0321.png,1098,fa31ce6a51c945ba947426df1eb05089869c1e7e8c727c7aa555a8b7ba2b8b01
benchmark/prd_3_1_v1/candidates/segmentation_core_stress_v1/masks/core/shoe/SEGCORE1_0322.png,1740,650604c7fa57da141fd5098c5762852e2b8336bddf509ae70348dafbcd9d27b6
benchmark/prd_3_1_v1/candidates/segmentation_core_stress_v1/masks/core/shoe/SEGCORE1_0323.png,1228,f87ff4d70368bbad5cf25ad9c6e20e342fea36c10a63bd5d5e59eb16dd898bf0
benchmark/prd_3_1_v1/candidates/segmentation_core_stress_v1/masks/core/shoe/SEGCORE1_0324.png,1494,614bd529712a818c5bf2a45d934341f319ec8e47eafec0ab4ee0c01296f60388
benchmark/prd_3_1_v1/candidates/segmentation_core_stress_v1/masks/core/shoe/SEGCORE1_0325.png,1397,65ccd761eeac86be06e305e336f51c8d0a74601e81cf967f4a0ddcc007fb5a93
benchmark/prd_3_1_v1/candidates/segmentation_core_stress_v1/masks/core/shoe/SEGCORE1_0326.png,1434,1a52a770d95033f9dc16f02668eb8c38f3d42d82ed271f8118953d8ae93bd4f0
benchmark/prd_3_1_v1/candidates/segmentation_core_stress_v1/masks/core/shoe/SEGCORE1_0327.png,1294,eca2073c4976285ce3af06058f51285ddd1479d358f2a618d4f3a8c725c42daa
benchmark/prd_3_1_v1/candidates/segmentation_core_stress_v1/masks/core/shoe/SEGCORE1_0328.png,2009,75bf2bec698645c48ce17b20527a668b314e77e642961d810a6487f59647e5d0
benchmark/prd_3_1_v1/candidates/segmentation_core_stress_v1/masks/core/shoe/SEGCORE1_0329.png,1259,4d7c62be65d3bed4cf8ed79d436eae4676f53a0c239c791598c6412d0fe1b6ee
benchmark/prd_3_1_v1/candidates/segmentation_core_stress_v1/masks/core/shoe/SEGCORE1_0330.png,1476,5bb8a84c12cb5e73642a575a049d9f82bb473252f9c14019a8ebdcd4e89552bd
benchmark/prd_3_1_v1/candidates/segmentation_core_stress_v1/masks/core/skirt/SEGCORE1_0111.png,657,8fa7b46975acd8a688b472a0fa46b13e99d56b89aa691aaf3a2c86a7b306e4de
benchmark/prd_3_1_v1/candidates/segmentation_core_stress_v1/masks/core/skirt/SEGCORE1_0112.png,741,b548fb4c5297f43f764b72c682f6b06474fa276f550a21ce103bc36f275d8105
benchmark/prd_3_1_v1/candidates/segmentation_core_stress_v1/masks/core/skirt/SEGCORE1_0113.png,2183,a237029973c3e8b9eadd0a84f98831e8a78d5c7069c45279d97d01a191422f99
benchmark/prd_3_1_v1/candidates/segmentation_core_stress_v1/masks/core/skirt/SEGCORE1_0114.png,1340,0afb3c2537f1da22cab7c1085c23670c719bda6d74c7c4bbbfb4aa5517618d91
benchmark/prd_3_1_v1/candidates/segmentation_core_stress_v1/masks/core/skirt/SEGCORE1_0115.png,721,8885c2e0111a0babfdf368421ff63a14bd2c62765b40ff924709619a833e1018
benchmark/prd_3_1_v1/candidates/segmentation_core_stress_v1/masks/core/skirt/SEGCORE1_0116.png,3038,3dc8e071425192a6a743e4a5723fc03663966a1d294f7e73db09260fda87c835
benchmark/prd_3_1_v1/candidates/segmentation_core_stress_v1/masks/core/skirt/SEGCORE1_0117.png,1188,0ca3baf42e9d560845641bd0ba7fa630d1a0253b31728b4cf18252cb74c9a4d9
benchmark/prd_3_1_v1/candidates/segmentation_core_stress_v1/masks/core/skirt/SEGCORE1_0118.png,598,866cccb57d677d42d3702a11a7c5d3a468736637b4f935f72a75d65646324faa
benchmark/prd_3_1_v1/candidates/segmentation_core_stress_v1/masks/core/skirt/SEGCORE1_0119.png,2477,c6a908c2c6f570cc38a163ba5bb273172f42483c7ab857cb89cde92eaed65170
benchmark/prd_3_1_v1/candidates/segmentation_core_stress_v1/masks/core/skirt/SEGCORE1_0120.png,2109,3111aa10ecf46f73cdabfe27f5abb43abf769102adccee9846414b0308f83611
benchmark/prd_3_1_v1/candidates/segmentation_core_stress_v1/masks/core/skirt/SEGCORE1_0121.png,999,dc98fd39e58edda3edc57ba21506356fa43ebd108f6ba907c1b175afb6504f2c
benchmark/prd_3_1_v1/candidates/segmentation_core_stress_v1/masks/core/skirt/SEGCORE1_0122.png,1906,6db4689e822d2a78bf73adcf6d2e4e4d1f3d62bb1716c78171d25fdaf414640e
benchmark/prd_3_1_v1/candidates/segmentation_core_stress_v1/masks/core/skirt/SEGCORE1_0123.png,865,e66737895e884f251b31e134e6b6ce637cbddba4a01cb4586408bee8ae887e30
benchmark/prd_3_1_v1/candidates/segmentation_core_stress_v1/masks/core/skirt/SEGCORE1_0124.png,1247,54b962b66bf8e6198730b5558b4017626bb6520723c6679c1448d31e11fe61f5
benchmark/prd_3_1_v1/candidates/segmentation_core_stress_v1/masks/core/skirt/SEGCORE1_0125.png,2079,971d537a16f8c93732eacc04582286d66b42fe25333d1bec5ab50be45afefae9
benchmark/prd_3_1_v1/candidates/segmentation_core_stress_v1/masks/core/skirt/SEGCORE1_0126.png,1302,4b06f2c68b0e1bfd3c7e2c60608637cf3b6427b6c6415c775672225c848ccb82
benchmark/prd_3_1_v1/candidates/segmentation_core_stress_v1/masks/core/skirt/SEGCORE1_0127.png,972,7a40a8a268c6e15b6291810d67f40c763670fd84280101271d8369805ded0835
benchmark/prd_3_1_v1/candidates/segmentation_core_stress_v1/masks/core/skirt/SEGCORE1_0128.png,1399,0feae977281393e54c58e6de9f4422cfa8b8cb0e06d9ec8375a8d66162d2e6d4
benchmark/prd_3_1_v1/candidates/segmentation_core_stress_v1/masks/core/skirt/SEGCORE1_0129.png,1633,322b5c2fe1d56ab4ba9ecf5f1446076c0ff73f395a39ed5a2096ebd85427fae5
benchmark/prd_3_1_v1/candidates/segmentation_core_stress_v1/masks/core/skirt/SEGCORE1_0130.png,592,da14d97ae03b90ea6df07452257cb3a8783e7f1c02eaf9e131a0f82a299c7d07
benchmark/prd_3_1_v1/candidates/segmentation_core_stress_v1/masks/core/skirt/SEGCORE1_0131.png,2046,0f66586d56bbf204e09ad2f9276ae56d3388c5151d1b546a3f494fb2ff4fbc0c
benchmark/prd_3_1_v1/candidates/segmentation_core_stress_v1/masks/core/skirt/SEGCORE1_0132.png,1223,5ede53e5c14017e0405c8284ea8c2243f0361b0cd9f597a7d72c692ec186c354
benchmark/prd_3_1_v1/candidates/segmentation_core_stress_v1/masks/core/skirt/SEGCORE1_0133.png,1579,d9a5cd075120651800c2ae3526958b87f7a522ffb596df18ca64a503faf7d256
benchmark/prd_3_1_v1/candidates/segmentation_core_stress_v1/masks/core/skirt/SEGCORE1_0134.png,2400,de9ba42c1fa7d89af4e25c56fb198a7366476511ece4f36a83fd2dc1aea98a71
benchmark/prd_3_1_v1/candidates/segmentation_core_stress_v1/masks/core/skirt/SEGCORE1_0135.png,1194,85cf85ce74582928522e5124c475091d5a3cc92af7eb4e1a0e3fc9a923f3e9ed
benchmark/prd_3_1_v1/candidates/segmentation_core_stress_v1/masks/core/skirt/SEGCORE1_0136.png,1083,ea4e2deaca2916e773c0e0312f3a9ce67a01db3165d6c973abe98f9400421d6f
benchmark/prd_3_1_v1/candidates/segmentation_core_stress_v1/masks/core/skirt/SEGCORE1_0137.png,1252,3aeeb878552a0dbaf91b4025603e7fb2720ef0e8c9f435195bd332c23fbe5e6f
benchmark/prd_3_1_v1/candidates/segmentation_core_stress_v1/masks/core/skirt/SEGCORE1_0138.png,863,48e4797e81bdcc2ccbc703b0947caf930eee396217cba9befbe0f2db84173d5a
benchmark/prd_3_1_v1/candidates/segmentation_core_stress_v1/masks/core/skirt/SEGCORE1_0139.png,756,74a8e1b6712a580fb418657dc18e96974e9f6ebd0d5c0f2d0828a0b1929606e3
benchmark/prd_3_1_v1/candidates/segmentation_core_stress_v1/masks/core/skirt/SEGCORE1_0140.png,1222,edf702639b33910fcfcb962a8b09f15df81a8f7d7d4a423ae06482e09dc3af57
benchmark/prd_3_1_v1/candidates/segmentation_core_stress_v1/masks/core/skirt/SEGCORE1_0141.png,1582,d95a5d07b148fa9a4482936230697dfaa75346e9c5b33a3a5e449b83773fe892
benchmark/prd_3_1_v1/candidates/segmentation_core_stress_v1/masks/core/skirt/SEGCORE1_0142.png,1538,ac16a62f4d03c74fd7d43dc4eb97b9a5c7696581573a9127e5ad18dfe6c68cdd
benchmark/prd_3_1_v1/candidates/segmentation_core_stress_v1/masks/core/skirt/SEGCORE1_0143.png,1645,20ab6d3329f8c92fc8338a4154d497c897c0284a034215f5cc1e21234f8fe648
benchmark/prd_3_1_v1/candidates/segmentation_core_stress_v1/masks/core/skirt/SEGCORE1_0144.png,1483,192378b979d7ac433ecd47e916bff56344121e7c88c5fcf611dee718f9714762
benchmark/prd_3_1_v1/candidates/segmentation_core_stress_v1/masks/core/skirt/SEGCORE1_0145.png,897,4ec9eca2da654159ebbeddbcef2cb1ec4a1a462950aa278f5e6b7739478bd245
benchmark/prd_3_1_v1/candidates/segmentation_core_stress_v1/masks/core/skirt/SEGCORE1_0146.png,1950,952ea2e693e104b805b1f414443bfb3a0af86359a05ff90d6febe04766adffba
benchmark/prd_3_1_v1/candidates/segmentation_core_stress_v1/masks/core/skirt/SEGCORE1_0147.png,1385,ed50b8a43507fbb6a7b33a95baa96d5377baf9f56a8a52c1418f64f0ac0ad71f
benchmark/prd_3_1_v1/candidates/segmentation_core_stress_v1/masks/core/skirt/SEGCORE1_0148.png,858,18a42d2a033f8f5b0290fe895c98c4b8aab2e08d7088f1a01f74a30ffe2b0f7a
benchmark/prd_3_1_v1/candidates/segmentation_core_stress_v1/masks/core/skirt/SEGCORE1_0149.png,1291,085e19bb59a6198151ae4f7922449f845444e1dbb1ca8453864548991fcf6d44
benchmark/prd_3_1_v1/candidates/segmentation_core_stress_v1/masks/core/skirt/SEGCORE1_0150.png,1097,b643d7cba65d4c69182ba6df2b688cf44673f04340fc4b51255faf4644f282b0
benchmark/prd_3_1_v1/candidates/segmentation_core_stress_v1/masks/core/skirt/SEGCORE1_0151.png,1133,804b100c15f3a5a4d1fde2325cc7133fee45c4ff7bf85b18c93fb23099d3f3d7
benchmark/prd_3_1_v1/candidates/segmentation_core_stress_v1/masks/core/skirt/SEGCORE1_0152.png,2298,5ec406050f367bb399d392543e00341d33629178dcacf9daa20b03776b2bc11b
benchmark/prd_3_1_v1/candidates/segmentation_core_stress_v1/masks/core/skirt/SEGCORE1_0153.png,1686,116bf4fec13dfc19d8db9ebae6c96ce9ae1fcf04ac382d16c4488a7b33545347
benchmark/prd_3_1_v1/candidates/segmentation_core_stress_v1/masks/core/skirt/SEGCORE1_0154.png,568,2c7cef8238d1c2c52b9e6a4ff3e6cdeffeffc307b0471161ba57f173c0993113
benchmark/prd_3_1_v1/candidates/segmentation_core_stress_v1/masks/core/skirt/SEGCORE1_0155.png,1339,5ebe0fb16a3e6d5784afb6cd6893a9abe7fc06f5ee0d3ab303a3132ac08196d9
benchmark/prd_3_1_v1/candidates/segmentation_core_stress_v1/masks/core/skirt/SEGCORE1_0156.png,777,4e5730ca290545d6244d6bd605447cbc990281b4155d7b9f293a3e048dc65af4
benchmark/prd_3_1_v1/candidates/segmentation_core_stress_v1/masks/core/skirt/SEGCORE1_0157.png,625,638139f6bd2bc0148c1cf39cd5ea2f9f45a02d479c1fe01c428ea616e559d803
benchmark/prd_3_1_v1/candidates/segmentation_core_stress_v1/masks/core/skirt/SEGCORE1_0158.png,1998,4cb9cc723da5477185eb82b7ba602bdf23ab2bade02e4962da56fbdf64765156
benchmark/prd_3_1_v1/candidates/segmentation_core_stress_v1/masks/core/skirt/SEGCORE1_0159.png,1959,465b606ea995043fba745d88ee109534113ca4880ba78261f1d060c83d902043
benchmark/prd_3_1_v1/candidates/segmentation_core_stress_v1/masks/core/skirt/SEGCORE1_0160.png,1047,2a7636f2035b50112d40a7a3801d7392d8640969862cf58caab51bc1e3653d53
benchmark/prd_3_1_v1/candidates/segmentation_core_stress_v1/masks/core/skirt/SEGCORE1_0161.png,1918,0b5181a5b51fda80d89c1ea553e35edebc86048e9a67c4896b97b1b8082ddd3c
benchmark/prd_3_1_v1/candidates/segmentation_core_stress_v1/masks/core/skirt/SEGCORE1_0162.png,1593,875bb36401eb4b4e2326f6c35c25701da1fc195d1aa7837f063ce2dcccee1f9f
benchmark/prd_3_1_v1/candidates/segmentation_core_stress_v1/masks/core/skirt/SEGCORE1_0163.png,675,f8132f965457a01df02605e030bf48127d7068897793a953f7e8e6129dbf1cea
benchmark/prd_3_1_v1/candidates/segmentation_core_stress_v1/masks/core/skirt/SEGCORE1_0164.png,3113,2efbef673cd38e061f12361b2c5ad7bf5f873c8b745379f50eaddb282a1f4713
benchmark/prd_3_1_v1/candidates/segmentation_core_stress_v1/masks/core/skirt/SEGCORE1_0165.png,1376,bb0494706f288d2d5266e06a66365a374d97d26aef9582ace1daec661557ebcd
benchmark/prd_3_1_v1/candidates/segmentation_core_stress_v1/masks/core/top/SEGCORE1_0001.png,1867,2cb4c7a23a39f1395425eb945b888d1e6f7c7a460ab1b139b31a7324a62e02a0
benchmark/prd_3_1_v1/candidates/segmentation_core_stress_v1/masks/core/top/SEGCORE1_0002.png,693,acf568ea717e612339b27fa934f846fc99fdf282164d6d2e10a764e18af8d2f1
benchmark/prd_3_1_v1/candidates/segmentation_core_stress_v1/masks/core/top/SEGCORE1_0003.png,1712,084a9a1ca12a9b1dbf40f40583e8f7bce441c241d6bebc1aec02436f8d683dbf
benchmark/prd_3_1_v1/candidates/segmentation_core_stress_v1/masks/core/top/SEGCORE1_0004.png,2833,d9e02a30f260a6e1bd35f5a65edcb00e285286429d790f63bb244ace8023f17c
benchmark/prd_3_1_v1/candidates/segmentation_core_stress_v1/masks/core/top/SEGCORE1_0005.png,648,14c1d0c10445a26bede5f023f91a0838d722a74bfd4b69bc31504cd6de752de1
benchmark/prd_3_1_v1/candidates/segmentation_core_stress_v1/masks/core/top/SEGCORE1_0006.png,697,f8a9614a18b5216d8ff1b24b3d29926d19fc0bbe632cf92e48cbb043c788cc76
benchmark/prd_3_1_v1/candidates/segmentation_core_stress_v1/masks/core/top/SEGCORE1_0007.png,1484,be1015c860fb4a20736621cb92d6324031428a8c085b18452a517bb2a8d3bf04
benchmark/prd_3_1_v1/candidates/segmentation_core_stress_v1/masks/core/top/SEGCORE1_0008.png,3933,e3d563e8793983abc8a9cab7e64eb5a4ce1c58e9b85053685a63e031acb66cea
benchmark/prd_3_1_v1/candidates/segmentation_core_stress_v1/masks/core/top/SEGCORE1_0009.png,2551,25dec197bc546c1e4ae0943fc51039c9bee4e1e0c2278bf4fc38f6938821596c
benchmark/prd_3_1_v1/candidates/segmentation_core_stress_v1/masks/core/top/SEGCORE1_0010.png,2090,eb83126f85c9366a636ec807db83f925a702eebe85c96988e0aa785699efc799
benchmark/prd_3_1_v1/candidates/segmentation_core_stress_v1/masks/core/top/SEGCORE1_0011.png,2115,ece3bb81256b43fa19fa6a1631067dda960fdd6c7ad9876549ed4d09c4ceac84
benchmark/prd_3_1_v1/candidates/segmentation_core_stress_v1/masks/core/top/SEGCORE1_0012.png,1518,e1364de8018e0c13343401f1dd26b76dcb911f874ee2afdbc62426a42f19d8aa
benchmark/prd_3_1_v1/candidates/segmentation_core_stress_v1/masks/core/top/SEGCORE1_0013.png,1940,ce4430fa2049896226435de6a2b8d96a78c5c889224314ca698b6665ca25e449
benchmark/prd_3_1_v1/candidates/segmentation_core_stress_v1/masks/core/top/SEGCORE1_0014.png,1545,0c305cee9e4b929272a56da696ed47d821a2e0e40a1fbf8e7e2032afc6b710fa
benchmark/prd_3_1_v1/candidates/segmentation_core_stress_v1/masks/core/top/SEGCORE1_0015.png,1487,d3199081d0eca3482f043bdeb86538b4b1dc3b56676f91ab7092db1d2bd87272
benchmark/prd_3_1_v1/candidates/segmentation_core_stress_v1/masks/core/top/SEGCORE1_0016.png,1271,3da2050f8e561eb4ccfee9b6b11409735e9201bb92a0088099a8420d74705acf
benchmark/prd_3_1_v1/candidates/segmentation_core_stress_v1/masks/core/top/SEGCORE1_0017.png,723,1fab4f7af10c8ca993463e06876c17df7c1e1b53f61081dec15f9ac0d08fad57
benchmark/prd_3_1_v1/candidates/segmentation_core_stress_v1/masks/core/top/SEGCORE1_0018.png,618,06f9dfcc510c2a711d39f64aeb8fcd038d1189ebfc64abb06c97c3c9ad8ef100
benchmark/prd_3_1_v1/candidates/segmentation_core_stress_v1/masks/core/top/SEGCORE1_0019.png,1473,508af43f57d3809b577ae940e4a105c40e2c511387a4d86f5e0ca229b69b7098
benchmark/prd_3_1_v1/candidates/segmentation_core_stress_v1/masks/core/top/SEGCORE1_0020.png,1568,cc0ef731bd18eb0bac35c670bfa34bfb54349febe0e44cfa23b5ccbf18f6d659
benchmark/prd_3_1_v1/candidates/segmentation_core_stress_v1/masks/core/top/SEGCORE1_0021.png,1147,435f9c104122b06a5c6a70763d461469efcf362bcffbebe5af57c7b719369801
benchmark/prd_3_1_v1/candidates/segmentation_core_stress_v1/masks/core/top/SEGCORE1_0022.png,1462,71d5fabaf8c618486eeba8a0339fa1beaeebd27162630708e3b63ff8726aa056
benchmark/prd_3_1_v1/candidates/segmentation_core_stress_v1/masks/core/top/SEGCORE1_0023.png,709,5c19d5fabe7492fe82217785cce3d173c0b56a82af687712c52867585316bb27
benchmark/prd_3_1_v1/candidates/segmentation_core_stress_v1/masks/core/top/SEGCORE1_0024.png,1333,6950e93ac3a12b4585e8301b8a312c276ba6669eb2947cd14962a19cd5934bb4
benchmark/prd_3_1_v1/candidates/segmentation_core_stress_v1/masks/core/top/SEGCORE1_0025.png,2138,42bbdd03d27a8cddb4ad742d4e851b5357d15a238b75a473a09ef80e84d5f981
benchmark/prd_3_1_v1/candidates/segmentation_core_stress_v1/masks/core/top/SEGCORE1_0026.png,1446,763d27a476ebdb3f3c5edbbd8a7d30e8f6602ccf7e0cf8a14962ed1f392db945
benchmark/prd_3_1_v1/candidates/segmentation_core_stress_v1/masks/core/top/SEGCORE1_0027.png,1148,d352a3b45706bd22587208bf708718353c5a2db8f03158f12a382a60121a845a
benchmark/prd_3_1_v1/candidates/segmentation_core_stress_v1/masks/core/top/SEGCORE1_0028.png,2991,b3ffbda37aaa9ce6f65d0d6afb183b0b07778b68db453776474bb7f1ea557daa
benchmark/prd_3_1_v1/candidates/segmentation_core_stress_v1/masks/core/top/SEGCORE1_0029.png,1232,99c54ddc40d618781fb8d0b7f3ce0b40945d587948f1c46ca29b62b040c25fc5
benchmark/prd_3_1_v1/candidates/segmentation_core_stress_v1/masks/core/top/SEGCORE1_0030.png,895,e54e640db59afbd6287345b9a5584f02243b5ba72ce41957c3994ee5addb5a48
benchmark/prd_3_1_v1/candidates/segmentation_core_stress_v1/masks/core/top/SEGCORE1_0031.png,774,ee798f34e2086d6b9b76dac0495aad0883adb51e7a101d86f05c44b3a56a2542
benchmark/prd_3_1_v1/candidates/segmentation_core_stress_v1/masks/core/top/SEGCORE1_0032.png,3966,fe6689d00d0c1000055a0007f121572ecd6565f06b7f2653647664cbc36c9fd8
benchmark/prd_3_1_v1/candidates/segmentation_core_stress_v1/masks/core/top/SEGCORE1_0033.png,794,9b7575895899ec8a3b9224313aed65ae77c0cf7428c603e6fb4d4c2f41fa4cbd
benchmark/prd_3_1_v1/candidates/segmentation_core_stress_v1/masks/core/top/SEGCORE1_0034.png,2902,d96d3d096847910c25ee480fc9095b9c355c6bef0ff2310e661dd80a73aa73d3
benchmark/prd_3_1_v1/candidates/segmentation_core_stress_v1/masks/core/top/SEGCORE1_0035.png,952,c3f85f2847359614a749f601bac0f7f6534dc0b66d816fe7de0ca46819d7a916
benchmark/prd_3_1_v1/candidates/segmentation_core_stress_v1/masks/core/top/SEGCORE1_0036.png,1669,39fb5ef962bed2f77587922cfff52161ab8bae20c14e7895d259f72918c401f6
benchmark/prd_3_1_v1/candidates/segmentation_core_stress_v1/masks/core/top/SEGCORE1_0037.png,2451,7c13f62681115a5978fcd44a5caf0e02cc9ebf3116bf6adefd5e9a12d7e549fe
benchmark/prd_3_1_v1/candidates/segmentation_core_stress_v1/masks/core/top/SEGCORE1_0038.png,1369,997a90cdc9c0ae2e68399a2f86e2b050e7924109de4c69f33fbe5f6419c69a04
benchmark/prd_3_1_v1/candidates/segmentation_core_stress_v1/masks/core/top/SEGCORE1_0039.png,1442,872523b18a59be22771642c8efc973effa725b26beec213d43e36896e95c1635
benchmark/prd_3_1_v1/candidates/segmentation_core_stress_v1/masks/core/top/SEGCORE1_0040.png,2568,38a0f8e9e41c1574005ad46993b216b60c12400d687935c5912849c8ece4a697
benchmark/prd_3_1_v1/candidates/segmentation_core_stress_v1/masks/core/top/SEGCORE1_0041.png,790,0bb56ca34cf197c17ba99a6e6807fbba90d8fef8b6be525a1d4d808f46caa569
benchmark/prd_3_1_v1/candidates/segmentation_core_stress_v1/masks/core/top/SEGCORE1_0042.png,907,ef9d2a9662b4088e83dd5a2fb9ca4e506e535b35e289111656cc3b72915676ef
benchmark/prd_3_1_v1/candidates/segmentation_core_stress_v1/masks/core/top/SEGCORE1_0043.png,694,da9e993760734cfc2a98f78a4192d70593a85231452404ceaca9a497775f9c19
benchmark/prd_3_1_v1/candidates/segmentation_core_stress_v1/masks/core/top/SEGCORE1_0044.png,1759,f25ab16ceed583730f0707a198e808401d537a4f4e331c43b55ac98e7c858da3
benchmark/prd_3_1_v1/candidates/segmentation_core_stress_v1/masks/core/top/SEGCORE1_0045.png,1292,9210586bbcdcbcc1f2fd930504a7c038fcde6ee523a755b7db9e3ba144172352
benchmark/prd_3_1_v1/candidates/segmentation_core_stress_v1/masks/core/top/SEGCORE1_0046.png,2203,316b6ff04fc6fa9c9c9ece3db5bb661ac3890ad03a2e8cf50ddf72f31973364b
benchmark/prd_3_1_v1/candidates/segmentation_core_stress_v1/masks/core/top/SEGCORE1_0047.png,2199,7af0ca96408981fb337ae2bb07fd42dd2fe94725594bf6d13d501e986f924783
benchmark/prd_3_1_v1/candidates/segmentation_core_stress_v1/masks/core/top/SEGCORE1_0048.png,1436,bf1a9378314d15724455eab882ff5d23222b8d42e16d8c318d0738000c55c8e3
benchmark/prd_3_1_v1/candidates/segmentation_core_stress_v1/masks/core/top/SEGCORE1_0049.png,3604,b39ee9ed58e4946d3570543b11852f741887acfc37ddd59194a023525cbf22bf
benchmark/prd_3_1_v1/candidates/segmentation_core_stress_v1/masks/core/top/SEGCORE1_0050.png,720,671064a645ca0fa3ad83642017600f65ae024c2f775030499f4dfcf48dc16dda
benchmark/prd_3_1_v1/candidates/segmentation_core_stress_v1/masks/core/top/SEGCORE1_0051.png,1629,0e18cc190687211c20b950093cd3e6ad2f27d9d293453c158ca1ef98fd2289d2
benchmark/prd_3_1_v1/candidates/segmentation_core_stress_v1/masks/core/top/SEGCORE1_0052.png,3535,5a99d5f9c321cec215df9032b2d225d9ee512a61d85893a2de1e5ae4cab257c9
benchmark/prd_3_1_v1/candidates/segmentation_core_stress_v1/masks/core/top/SEGCORE1_0053.png,1122,80ba95e26578dbf329f5668495ee13e5fc419f38f69d920efc80beba00c4b48d
benchmark/prd_3_1_v1/candidates/segmentation_core_stress_v1/masks/core/top/SEGCORE1_0054.png,972,3fd6c4b8ef55fae87da03173b8950fe1f1e49d6e3f292e4710028755781dd23b
benchmark/prd_3_1_v1/candidates/segmentation_core_stress_v1/masks/core/top/SEGCORE1_0055.png,2189,e60f6a8c3cf874545e70fdf64ee6416d4e71f75d3ccffa06b69f9f847e4ff3a6
benchmark/prd_3_1_v1/candidates/segmentation_core_stress_v1/masks/stress/accessory/SEGSTR1_0071.png,841,e53105830770102cfa2db9fc44672ea5b596d8b30d2d4956214bb63fc25b68c1
benchmark/prd_3_1_v1/candidates/segmentation_core_stress_v1/masks/stress/accessory/SEGSTR1_0072.png,839,21fd41425d6ad5a13cb764c15d0406d24553d703cdad9d41fdad30a66a0d74f7
benchmark/prd_3_1_v1/candidates/segmentation_core_stress_v1/masks/stress/accessory/SEGSTR1_0073.png,987,e922e69570b3c26d3fc8fe772b39bf7e29fc1f4514619c728a1cfece2b937b99
benchmark/prd_3_1_v1/candidates/segmentation_core_stress_v1/masks/stress/accessory/SEGSTR1_0074.png,829,8827268d72805a76d2025b3fd39b7fcbbefada77faf9004a2db3045f2c720563
benchmark/prd_3_1_v1/candidates/segmentation_core_stress_v1/masks/stress/accessory/SEGSTR1_0075.png,1003,9c5124db1b2555e84884206489003ef0896320c3a343337fa3c2858962674e11
benchmark/prd_3_1_v1/candidates/segmentation_core_stress_v1/masks/stress/accessory/SEGSTR1_0076.png,785,409c4c5bc1334003183b846f7e78637f682829a797bfe4ef102c89a9fbe18589
benchmark/prd_3_1_v1/candidates/segmentation_core_stress_v1/masks/stress/accessory/SEGSTR1_0077.png,835,8909305634c86cc318dd4d1674e2d9c37ce364ce62a71ac5f8ce089baa8a3cc8
benchmark/prd_3_1_v1/candidates/segmentation_core_stress_v1/masks/stress/accessory/SEGSTR1_0078.png,843,bae6165cea142f52020723826d43610e0c3c81f809bbfdb6fa3cd2f3e7958eba
benchmark/prd_3_1_v1/candidates/segmentation_core_stress_v1/masks/stress/accessory/SEGSTR1_0079.png,852,2ff3ee67586ab2494edf58ba49d2bc22a83f0d739db4d2a6f8eaf66678d9d4c8
benchmark/prd_3_1_v1/candidates/segmentation_core_stress_v1/masks/stress/accessory/SEGSTR1_0080.png,854,a141ee9cb486e918769e72f2f4e93e25cec731f08c01107721d5dcc613fd672a
benchmark/prd_3_1_v1/candidates/segmentation_core_stress_v1/masks/stress/bag/SEGSTR1_0061.png,1076,14854b6f4c69dec97f8ada54527b0b1ac2b399600e8424250e2b3685567b4ee8
benchmark/prd_3_1_v1/candidates/segmentation_core_stress_v1/masks/stress/bag/SEGSTR1_0062.png,1149,ab3c9769f03cd1663c0ae53f6db1b92d537e3887f1d949155565de5bac4b57f8
benchmark/prd_3_1_v1/candidates/segmentation_core_stress_v1/masks/stress/bag/SEGSTR1_0063.png,1199,4ef8c33a49c2e4d50090694326f4ed8f5cbbe368ea602a3e234ca013503e18c4
benchmark/prd_3_1_v1/candidates/segmentation_core_stress_v1/masks/stress/bag/SEGSTR1_0064.png,985,7491140b51f1ad385b5cd75184b5b0e3f4a3617ee60222ba312d123f8ff0d7b6
benchmark/prd_3_1_v1/candidates/segmentation_core_stress_v1/masks/stress/bag/SEGSTR1_0065.png,1488,e57fbf7996c6d83eaa469a271584fd6ac7fe3152325690f1eeca867e04318390
benchmark/prd_3_1_v1/candidates/segmentation_core_stress_v1/masks/stress/bag/SEGSTR1_0066.png,1648,7064e681df185ecefc3038de95c0bea7c0a0e178fb51153a7a00331323e880e1
benchmark/prd_3_1_v1/candidates/segmentation_core_stress_v1/masks/stress/bag/SEGSTR1_0067.png,1450,6cdca2fae585ec4f89c4a334f760080d0741ddb3f329e39e77b6ad641c5076b8
benchmark/prd_3_1_v1/candidates/segmentation_core_stress_v1/masks/stress/bag/SEGSTR1_0068.png,1515,fe20a899ace31b0930f7c4d9c8e024b5fbd30b9cf6b4446da34a085c725ea30d
benchmark/prd_3_1_v1/candidates/segmentation_core_stress_v1/masks/stress/bag/SEGSTR1_0069.png,2341,65125b5f67a6cde6903d327eead29079239e3564b7c336e7faf54711cce25d7e
benchmark/prd_3_1_v1/candidates/segmentation_core_stress_v1/masks/stress/bag/SEGSTR1_0070.png,2414,e71daae41016c464cffcc8be4d4d361866df02935c6ccf7972d020238d6aa26e
benchmark/prd_3_1_v1/candidates/segmentation_core_stress_v1/masks/stress/dress/SEGSTR1_0041.png,489,6998a8a31b66f73622517f0d38a28f0a0a2b8b64f132cb6035f72960d26df989
benchmark/prd_3_1_v1/candidates/segmentation_core_stress_v1/masks/stress/dress/SEGSTR1_0042.png,650,d09949e0e897ec7fdad00737f860e0217cb02cae86a67d776939765683f21607
benchmark/prd_3_1_v1/candidates/segmentation_core_stress_v1/masks/stress/dress/SEGSTR1_0043.png,1004,071971641b4b03bba8f16e943611ca9a70f14e294432e6c10c164bf2d294c30b
benchmark/prd_3_1_v1/candidates/segmentation_core_stress_v1/masks/stress/dress/SEGSTR1_0044.png,888,5ff7f5c05701d86843c57de3e0a4f44211f21dffa9389f06e0ceec2308576bf0
benchmark/prd_3_1_v1/candidates/segmentation_core_stress_v1/masks/stress/dress/SEGSTR1_0045.png,661,fbe308ef0138d9486b8fe5905da34a00e9ab949d0c38d184eab7fcbffb161689
benchmark/prd_3_1_v1/candidates/segmentation_core_stress_v1/masks/stress/dress/SEGSTR1_0046.png,597,806003f08b19e24d59c777c41fef6689c7fa11bcc97e9a0cafe4560c74d701f9
benchmark/prd_3_1_v1/candidates/segmentation_core_stress_v1/masks/stress/dress/SEGSTR1_0047.png,1706,fd9213a77fad1c4614956629d7ab21ef58832ad390993bd7252b2b4f4f351e11
benchmark/prd_3_1_v1/candidates/segmentation_core_stress_v1/masks/stress/dress/SEGSTR1_0048.png,653,ba5e9dea9dc96cab8d40e81ef2bb6289705d8033beacb5349ae5063eb2ddbd8c
benchmark/prd_3_1_v1/candidates/segmentation_core_stress_v1/masks/stress/dress/SEGSTR1_0049.png,752,5644659241779c9b43584a7b514a66c0223a2bd994ac25978a3e6f2c3bb61c18
benchmark/prd_3_1_v1/candidates/segmentation_core_stress_v1/masks/stress/dress/SEGSTR1_0050.png,750,af3f09ae664b44a4ccca98044f1c59e53acc75b8d0746f1a351e46d81fd397e1
benchmark/prd_3_1_v1/candidates/segmentation_core_stress_v1/masks/stress/outerwear/SEGSTR1_0031.png,823,5da8675fc1d0515f1562870e6d700747e126f9dfdb37b99fd1b63ffcc99bcc44
benchmark/prd_3_1_v1/candidates/segmentation_core_stress_v1/masks/stress/outerwear/SEGSTR1_0032.png,348,bcc02681cc3f49589de4944a8c8bc06cebf2ea60724f04a2cf07f013df92d4f0
benchmark/prd_3_1_v1/candidates/segmentation_core_stress_v1/masks/stress/outerwear/SEGSTR1_0033.png,444,fe46f5af5c58343dd3b2824d3c457bfff6de254b98b105174b26f27aff86a0c9
benchmark/prd_3_1_v1/candidates/segmentation_core_stress_v1/masks/stress/outerwear/SEGSTR1_0034.png,177,8e6e6ce0ea0c63d461b95e88ade8b55e6b7f29d973b9dc55e8d2d231375e0881
benchmark/prd_3_1_v1/candidates/segmentation_core_stress_v1/masks/stress/outerwear/SEGSTR1_0035.png,284,72cdcb4ef4ce8e0f09468f613a439100d81add21707abdd368ee7d85a219060d
benchmark/prd_3_1_v1/candidates/segmentation_core_stress_v1/masks/stress/outerwear/SEGSTR1_0036.png,260,72bf1c2f76c5519cf13a7419810161e590b4f0c0062604c7949309fd5e527e89
benchmark/prd_3_1_v1/candidates/segmentation_core_stress_v1/masks/stress/outerwear/SEGSTR1_0037.png,234,8cd8dca3c85de2ef399774256f4376bf240b6b407717a01101045c24d4c9e131
benchmark/prd_3_1_v1/candidates/segmentation_core_stress_v1/masks/stress/outerwear/SEGSTR1_0038.png,710,57c61f8d71c68e2ef471b25ca3c51a08e7135814a4a3346f46e3e4b05c4964a0
benchmark/prd_3_1_v1/candidates/segmentation_core_stress_v1/masks/stress/outerwear/SEGSTR1_0039.png,1412,681ac19b84b4f3f26df3b66bb8dc909b47c946f5fe324f74c2c78bf483398313
benchmark/prd_3_1_v1/candidates/segmentation_core_stress_v1/masks/stress/outerwear/SEGSTR1_0040.png,1284,8d6414782c0567b95528f10ea9b78f71642a801fa43aeb36ae6a93ac3b211ea9
benchmark/prd_3_1_v1/candidates/segmentation_core_stress_v1/masks/stress/pants/SEGSTR1_0011.png,953,0902352778a56347bc9757d1ba0fe798336ecbfef3a0c38add55c32dc72cc528
benchmark/prd_3_1_v1/candidates/segmentation_core_stress_v1/masks/stress/pants/SEGSTR1_0012.png,858,7d3974ec4225835f91aa8778838a814dffe553cc7a26445deb8d709c46a77920
benchmark/prd_3_1_v1/candidates/segmentation_core_stress_v1/masks/stress/pants/SEGSTR1_0013.png,634,0edc1fe35f9fdd6fcec74fe172e96393e231797487a9eeb2a2185960fe423b81
benchmark/prd_3_1_v1/candidates/segmentation_core_stress_v1/masks/stress/pants/SEGSTR1_0014.png,849,65f94b67b59be832192a933f189c16416ecb4e87ab95f1a9f563c64300101d0b
benchmark/prd_3_1_v1/candidates/segmentation_core_stress_v1/masks/stress/pants/SEGSTR1_0015.png,761,1fb2ba932f66eb02568215cdca806a81316e82ac8942898d59eae548817ed691
benchmark/prd_3_1_v1/candidates/segmentation_core_stress_v1/masks/stress/pants/SEGSTR1_0016.png,476,951886a9986186f0142aeb653458a9288b3b8d466dc437a6860b0dfd7190c5b1
benchmark/prd_3_1_v1/candidates/segmentation_core_stress_v1/masks/stress/pants/SEGSTR1_0017.png,1197,517edb127291e18053f10edcef4326c1ea69b834b7d1e79eea64e9118bb9e7ee
benchmark/prd_3_1_v1/candidates/segmentation_core_stress_v1/masks/stress/pants/SEGSTR1_0018.png,553,4e2f04b35c1517c1d2e86118b76f4e93f0653551062a0e94d5af98e5e5172a35
benchmark/prd_3_1_v1/candidates/segmentation_core_stress_v1/masks/stress/pants/SEGSTR1_0019.png,655,d5f0afc112e32ee118129bdc18df46038a9e3f5511ede4252554bb4db2c690bb
benchmark/prd_3_1_v1/candidates/segmentation_core_stress_v1/masks/stress/pants/SEGSTR1_0020.png,1450,55345cffe5e82fa5ae9bc6682034b2b6a9784e0a26ff38144295f5b7f76d0f8b
benchmark/prd_3_1_v1/candidates/segmentation_core_stress_v1/masks/stress/shoe/SEGSTR1_0051.png,842,865dd40189ea026a9c11ff08ab26e1e61c92b4c698068d5e0aea5f73e882a90c
benchmark/prd_3_1_v1/candidates/segmentation_core_stress_v1/masks/stress/shoe/SEGSTR1_0052.png,822,66cdb6a1efdca5ada4697be90f4be8926fb79a75cade1f0b6ea971ae81ea20fa
benchmark/prd_3_1_v1/candidates/segmentation_core_stress_v1/masks/stress/shoe/SEGSTR1_0053.png,836,d8b802d50457ad3e208ef99600a1b4a929c13f60c14a9edb4c1b5f26409e080c
benchmark/prd_3_1_v1/candidates/segmentation_core_stress_v1/masks/stress/shoe/SEGSTR1_0054.png,841,0a9df92d5c3ef2a16209f7d88ebf2b2d091d20101e925ce80beadca018f81efd
benchmark/prd_3_1_v1/candidates/segmentation_core_stress_v1/masks/stress/shoe/SEGSTR1_0055.png,837,68e96dadb592da2a81f1505abc519603e5e0222a834a0cd5e954dcc679c92739
benchmark/prd_3_1_v1/candidates/segmentation_core_stress_v1/masks/stress/shoe/SEGSTR1_0056.png,835,e7767754f14580db6deacfe7d45bb36ca6e6b981f7818f6ae6d9d683a49da686
benchmark/prd_3_1_v1/candidates/segmentation_core_stress_v1/masks/stress/shoe/SEGSTR1_0057.png,871,8d75391f656f765f2a8bc4814cf8036540269875d4a4c27c14532052979f2737
benchmark/prd_3_1_v1/candidates/segmentation_core_stress_v1/masks/stress/shoe/SEGSTR1_0058.png,854,57c883690de625615edbcf98473481845e72f7546639771c00a60af51ee86f00
benchmark/prd_3_1_v1/candidates/segmentation_core_stress_v1/masks/stress/shoe/SEGSTR1_0059.png,931,5c5da2eb5cdf8409f30f28edeb662297cb2799990629c5c4bdad5da9cbce0d0f
benchmark/prd_3_1_v1/candidates/segmentation_core_stress_v1/masks/stress/shoe/SEGSTR1_0060.png,827,a8b3c097d55c9b1babec3ca40cc1821b421c1c7884b6724a19dce1ef643461ec
benchmark/prd_3_1_v1/candidates/segmentation_core_stress_v1/masks/stress/skirt/SEGSTR1_0021.png,1103,9ffd7bedeb6ff3be4086008e0f1d50cf19cff9a832164eb994e903996ecfc171
benchmark/prd_3_1_v1/candidates/segmentation_core_stress_v1/masks/stress/skirt/SEGSTR1_0022.png,1095,73bf5d3e34a9a90d83e509e177163391618e2cf65af4ebbe2df58dab70cf3642
benchmark/prd_3_1_v1/candidates/segmentation_core_stress_v1/masks/stress/skirt/SEGSTR1_0023.png,535,0c2c20366d72076299c7648b25f7e2f64da868633f285c0e4e1de2ac2c6bda7e
benchmark/prd_3_1_v1/candidates/segmentation_core_stress_v1/masks/stress/skirt/SEGSTR1_0024.png,448,8301199ec53207d4213c78670cf22b8caf045ba279e0afc8a8316fcfc865f1a4
benchmark/prd_3_1_v1/candidates/segmentation_core_stress_v1/masks/stress/skirt/SEGSTR1_0025.png,681,3a2db17186ff72b03d345e02f4c38e4037d3499028e226247ea973b04c32b876
benchmark/prd_3_1_v1/candidates/segmentation_core_stress_v1/masks/stress/skirt/SEGSTR1_0026.png,910,206a5f9638deaeeb62912c9af2c9570926eaf2d0927422f077995c46d65a05ae
benchmark/prd_3_1_v1/candidates/segmentation_core_stress_v1/masks/stress/skirt/SEGSTR1_0027.png,746,b92233b9be7c34e289b7b55f33c8eb8ce481719a5a553f21e22b470d2b902490
benchmark/prd_3_1_v1/candidates/segmentation_core_stress_v1/masks/stress/skirt/SEGSTR1_0028.png,684,516af56faf8c052b5d427f0a5124c97a2cc941d2bc0aa1954d7c41ada62241f2
benchmark/prd_3_1_v1/candidates/segmentation_core_stress_v1/masks/stress/skirt/SEGSTR1_0029.png,687,774d13507ee10aebee6443aa95e962453ba7ca673396d5c7756736728b7553c2
benchmark/prd_3_1_v1/candidates/segmentation_core_stress_v1/masks/stress/skirt/SEGSTR1_0030.png,648,75dabe10f05178ee20ecb164260f7b58a1d56375acce7c833772b9adcc22c8e7
benchmark/prd_3_1_v1/candidates/segmentation_core_stress_v1/masks/stress/top/SEGSTR1_0001.png,549,aade97059d8915b1b2119ef9e3b330a5405fa62345c72a63948d7fd7b56e51a7
benchmark/prd_3_1_v1/candidates/segmentation_core_stress_v1/masks/stress/top/SEGSTR1_0002.png,951,897e8070cbac3753af92c37929764b4439c4bf498f650d6a31d45c3f7241b22a
benchmark/prd_3_1_v1/candidates/segmentation_core_stress_v1/masks/stress/top/SEGSTR1_0003.png,725,1bf2a65975bb100dc0ea4115398d0926888b0234d6515c2c27029702a02e53e7
benchmark/prd_3_1_v1/candidates/segmentation_core_stress_v1/masks/stress/top/SEGSTR1_0004.png,783,5a8d7dd8fdbe93dccf89ad59890921631ca7f7189a89fdc406f3ebd684d589d6
benchmark/prd_3_1_v1/candidates/segmentation_core_stress_v1/masks/stress/top/SEGSTR1_0005.png,776,65104d96a11cd7feda4ce79c9904308ef83997836bc8f37bc20ae5a80ba0a6d5
benchmark/prd_3_1_v1/candidates/segmentation_core_stress_v1/masks/stress/top/SEGSTR1_0006.png,769,d6d37935119ae361b635948395f0324e3a3c9ed160a2ba7e7bbef40682914818
benchmark/prd_3_1_v1/candidates/segmentation_core_stress_v1/masks/stress/top/SEGSTR1_0007.png,794,1f3598bbb7a02db47b21c1ac8e7f27985ebd32808f9b821d120d05f18fc84acf
benchmark/prd_3_1_v1/candidates/segmentation_core_stress_v1/masks/stress/top/SEGSTR1_0008.png,594,ef2e2a64229b77fc1a500971e23dc333e1a09109204718bddc5d5579f43a7d32
benchmark/prd_3_1_v1/candidates/segmentation_core_stress_v1/masks/stress/top/SEGSTR1_0009.png,626,92ea4bddf6ae30a1a23b5caa57fb90a7968869718b50be1ded7470ddae7c8ae8
benchmark/prd_3_1_v1/candidates/segmentation_core_stress_v1/masks/stress/top/SEGSTR1_0010.png,631,930b9fc9a6458164f8c73239ce809a989acf44d9e6bfcfc178236107727133c6
benchmark/prd_3_1_v1/candidates/segmentation_core_stress_v1/overlays/core/accessory/SEGCORE1_0386.jpg,14834,76c560c3d9637ab80a3fe45b15ae0697e1455640408d8b5502aee46e61bb1170
benchmark/prd_3_1_v1/candidates/segmentation_core_stress_v1/overlays/core/accessory/SEGCORE1_0387.jpg,3639,124ac8ba65de6c01041fe5fc486b4cc14f09cb660719c2127890a69e024cff12
benchmark/prd_3_1_v1/candidates/segmentation_core_stress_v1/overlays/core/accessory/SEGCORE1_0388.jpg,3818,b5a1ad532e5bc4e3cd3385b6962f65f6f24044948edc4f5edc8a8b3b648607ef
benchmark/prd_3_1_v1/candidates/segmentation_core_stress_v1/overlays/core/accessory/SEGCORE1_0389.jpg,5418,09cd955a362370fd633725e56316c2250eb6bcd511d4a7ce542754202e7e98b0
benchmark/prd_3_1_v1/candidates/segmentation_core_stress_v1/overlays/core/accessory/SEGCORE1_0390.jpg,35790,a307ecc973b69fa1ccc630669f857c4e27fca22209e84731dfd09d1e0a06bfa7
benchmark/prd_3_1_v1/candidates/segmentation_core_stress_v1/overlays/core/accessory/SEGCORE1_0391.jpg,7780,296509e7ab02303a9af36d0cf58f1a6c79a38636c9ccf8fff3b0b1bd2f0ba273
benchmark/prd_3_1_v1/candidates/segmentation_core_stress_v1/overlays/core/accessory/SEGCORE1_0392.jpg,77093,7adc9d979a205a3714af00c1fb62327b172d41681ec021dc7fae24ee2ce17e15
benchmark/prd_3_1_v1/candidates/segmentation_core_stress_v1/overlays/core/accessory/SEGCORE1_0393.jpg,3285,5988a0b240f78baf0407f6d7f8eb3a296a8a3a181941176c144415fad80d3da4
benchmark/prd_3_1_v1/candidates/segmentation_core_stress_v1/overlays/core/accessory/SEGCORE1_0394.jpg,17288,5c6416d018e685d6c682bf39301ce33496b7ddb6b9b6cc645b9a21687415379b
benchmark/prd_3_1_v1/candidates/segmentation_core_stress_v1/overlays/core/accessory/SEGCORE1_0395.jpg,119733,30be4e161e7a9644fd7668845f4f673cef1ac413b4665a7e2794f546cf350e6a
benchmark/prd_3_1_v1/candidates/segmentation_core_stress_v1/overlays/core/accessory/SEGCORE1_0396.jpg,7870,0df5c84b596bc3e5e9e9a0e69af066bd42bb3bcb132e26dc5efed50b191cad67
benchmark/prd_3_1_v1/candidates/segmentation_core_stress_v1/overlays/core/accessory/SEGCORE1_0397.jpg,3780,8fc353ffd85af0821dc442929126545bbe1ce3b7b6ffac76e76d76909c975856
benchmark/prd_3_1_v1/candidates/segmentation_core_stress_v1/overlays/core/accessory/SEGCORE1_0398.jpg,9326,e59e9b3ffab11d5b6d8529b335020fa23e8646e2dec536f20324d8b5717d8f8a
benchmark/prd_3_1_v1/candidates/segmentation_core_stress_v1/overlays/core/accessory/SEGCORE1_0399.jpg,18645,08bc452d1b03202de4b38854290823c1928e6f204f9a41a70440875360cd7eba
benchmark/prd_3_1_v1/candidates/segmentation_core_stress_v1/overlays/core/accessory/SEGCORE1_0400.jpg,4957,ef10c740c97f8b1ebfaabe1811403e43cfb850449569ffc37246d455d3acff91
benchmark/prd_3_1_v1/candidates/segmentation_core_stress_v1/overlays/core/accessory/SEGCORE1_0401.jpg,8916,f1f136c6c94c1f7c9cdd00542736499ff7be97784356045e267421ee6487693b
benchmark/prd_3_1_v1/candidates/segmentation_core_stress_v1/overlays/core/accessory/SEGCORE1_0402.jpg,4984,5876b256c993eed8f6dcd609e092e9c29a629a47509e9d0d262d885d84cc2d3b
benchmark/prd_3_1_v1/candidates/segmentation_core_stress_v1/overlays/core/accessory/SEGCORE1_0403.jpg,29182,1d40e0efd64c933d2fc819ac82abc3d3328301492b232ba4a1097b24d5cd29f1
benchmark/prd_3_1_v1/candidates/segmentation_core_stress_v1/overlays/core/accessory/SEGCORE1_0404.jpg,4704,ae1ee1b7c2383615d57310b3de35f658c506375c2388ce9ba123dc4e913ea959
benchmark/prd_3_1_v1/candidates/segmentation_core_stress_v1/overlays/core/accessory/SEGCORE1_0405.jpg,4962,d1cbfef760abbbe5dfc062f2263e2f3d31a72fb07ecc863299a7ec7d2f0f6e19
benchmark/prd_3_1_v1/candidates/segmentation_core_stress_v1/overlays/core/accessory/SEGCORE1_0406.jpg,9883,1290abbbe18f6079dd875547c68d7dfa82f435ef77d3bdd1bc1dac4c60a649e9
benchmark/prd_3_1_v1/candidates/segmentation_core_stress_v1/overlays/core/accessory/SEGCORE1_0407.jpg,14184,b146dd51b3da59c2b7360cda38770928b99bfe5c9e8518da802f85cd2c8a2de9
benchmark/prd_3_1_v1/candidates/segmentation_core_stress_v1/overlays/core/accessory/SEGCORE1_0408.jpg,3619,5b67a093e03e579a73ab5012381d050c97cd2e009683f3d334ad00d0cb34b8f1
benchmark/prd_3_1_v1/candidates/segmentation_core_stress_v1/overlays/core/accessory/SEGCORE1_0409.jpg,4320,75bb9454741be389bf699fe502cd2b0a033c10efbb98183ec6b79b98a69f17b1
benchmark/prd_3_1_v1/candidates/segmentation_core_stress_v1/overlays/core/accessory/SEGCORE1_0410.jpg,3560,1d0ea7c5115d574f9953d8b059adc2a9d876c2cfae4e54f16132d9d70881feed
benchmark/prd_3_1_v1/candidates/segmentation_core_stress_v1/overlays/core/accessory/SEGCORE1_0411.jpg,80372,6cea7f3a917f3ae188ace06b7938a13c28acbf3098d2aca8fe0984d836d5ebb7
benchmark/prd_3_1_v1/candidates/segmentation_core_stress_v1/overlays/core/accessory/SEGCORE1_0412.jpg,4323,52da6de8bbd491e7f448d4fc29a827d555d058f199b25987dea99efd53d666e3
benchmark/prd_3_1_v1/candidates/segmentation_core_stress_v1/overlays/core/accessory/SEGCORE1_0413.jpg,15024,e4ad5800cef3f320decdeb82386f1a31944dd25b15bcb8adccdc6bd1b5a2ce82
benchmark/prd_3_1_v1/candidates/segmentation_core_stress_v1/overlays/core/accessory/SEGCORE1_0414.jpg,41262,0c7fc6ea325fbf1bd182c34a3fe9f46483bc0b5568572784cb0b2c776d78a160
benchmark/prd_3_1_v1/candidates/segmentation_core_stress_v1/overlays/core/accessory/SEGCORE1_0415.jpg,5601,0eea8107ba1ec8c379dc5015f8a0ac8a6e41fc68fa5e480d9938dfb8cab3fc8e
benchmark/prd_3_1_v1/candidates/segmentation_core_stress_v1/overlays/core/accessory/SEGCORE1_0416.jpg,7736,a59085c5c612e760e78f7c82aea5460ab423354b0aec3406f202f98d1b729277
benchmark/prd_3_1_v1/candidates/segmentation_core_stress_v1/overlays/core/accessory/SEGCORE1_0417.jpg,10665,1701bfe164e6892cd5525ee18f372340ef37212bf9c5f86522a0a54fc32532be
benchmark/prd_3_1_v1/candidates/segmentation_core_stress_v1/overlays/core/accessory/SEGCORE1_0418.jpg,4177,9c45ba40f39de2a5a455a6ff66f8d7cf3ba15ec7448f2c26ee8984a0373ed168
benchmark/prd_3_1_v1/candidates/segmentation_core_stress_v1/overlays/core/accessory/SEGCORE1_0419.jpg,6802,2f30466bade0df639e7fe43f373688d1febdd2b9f9b7e06676522b0c596263ea
benchmark/prd_3_1_v1/candidates/segmentation_core_stress_v1/overlays/core/accessory/SEGCORE1_0420.jpg,6378,90df24fcbff6e5fd597440a557c71864d5b9c3d833b279d96f267b6ebb21371c
benchmark/prd_3_1_v1/candidates/segmentation_core_stress_v1/overlays/core/accessory/SEGCORE1_0421.jpg,33773,51124e677ac9ff98c26845006977634c8e858b86c7b864dbe5e16d565812fcf9
benchmark/prd_3_1_v1/candidates/segmentation_core_stress_v1/overlays/core/accessory/SEGCORE1_0422.jpg,4452,888921c7701c35263d3ca3eb29c0b99f1de0d1872c9e29964cef54270d5877a3
benchmark/prd_3_1_v1/candidates/segmentation_core_stress_v1/overlays/core/accessory/SEGCORE1_0423.jpg,10447,5e5b43f033b81d9e6727e6bc0a6517fc439a312b7f89bdebc2d8e98d2db64d3e
benchmark/prd_3_1_v1/candidates/segmentation_core_stress_v1/overlays/core/accessory/SEGCORE1_0424.jpg,10110,d99b0988ef37b3214ea8db96760c67686e9fa590ed6997f7d79d9fb2050ce202
benchmark/prd_3_1_v1/candidates/segmentation_core_stress_v1/overlays/core/accessory/SEGCORE1_0425.jpg,3515,6ad04f37c3f2d0d99320ee95b34446bf5e208fa28d24e2a93e2861e092dad1e2
benchmark/prd_3_1_v1/candidates/segmentation_core_stress_v1/overlays/core/accessory/SEGCORE1_0426.jpg,6023,9d32350e444c1fe90125db45ed5843695b687c5e4510849707d9e6fe8a570793
benchmark/prd_3_1_v1/candidates/segmentation_core_stress_v1/overlays/core/accessory/SEGCORE1_0427.jpg,69671,c3d6485d0da5631228be01d74a3565b092d3ca69af972d79bceb22b90c68a906
benchmark/prd_3_1_v1/candidates/segmentation_core_stress_v1/overlays/core/accessory/SEGCORE1_0428.jpg,12251,0d40a403a0cf324c5aa6bc7d63209484431025c6e4f0c2225cf8338bc6e3115c
benchmark/prd_3_1_v1/candidates/segmentation_core_stress_v1/overlays/core/accessory/SEGCORE1_0429.jpg,5649,7cf9e9750893e3d84542ff65cb972a55c408fb0157ab617587db49edc6c8165c
benchmark/prd_3_1_v1/candidates/segmentation_core_stress_v1/overlays/core/accessory/SEGCORE1_0430.jpg,7364,23004a772b28c506c3148467dbd32343702ea4e59be7875d52027d9001a6ed91
benchmark/prd_3_1_v1/candidates/segmentation_core_stress_v1/overlays/core/accessory/SEGCORE1_0431.jpg,15389,5929ce13a67164721aab34347d10b068681a94e8f55f4f002632823cab73effb
benchmark/prd_3_1_v1/candidates/segmentation_core_stress_v1/overlays/core/accessory/SEGCORE1_0432.jpg,5484,a766aa04cf991a3bcb7b5472bbe37727075ca86d518e491b95142bb7edb7ef10
benchmark/prd_3_1_v1/candidates/segmentation_core_stress_v1/overlays/core/accessory/SEGCORE1_0433.jpg,12834,3d710d461147df5cc0436cddf54ee884554394e470004a0bf86e09e37533aea0
benchmark/prd_3_1_v1/candidates/segmentation_core_stress_v1/overlays/core/accessory/SEGCORE1_0434.jpg,4023,2aa7fd5750d0893221c2283c38103635bf796e5b862bce3ee5359629ff00aa48
benchmark/prd_3_1_v1/candidates/segmentation_core_stress_v1/overlays/core/accessory/SEGCORE1_0435.jpg,35277,02f95783bf9686c40ab9a7fa2775b371d3bec92dd5f366b773c18f5146685ed5
benchmark/prd_3_1_v1/candidates/segmentation_core_stress_v1/overlays/core/accessory/SEGCORE1_0436.jpg,4636,fc685b09635c27ca28c635eaff28d26592b74dc0f7c88bf3f94be7f9181898c6
benchmark/prd_3_1_v1/candidates/segmentation_core_stress_v1/overlays/core/accessory/SEGCORE1_0437.jpg,9750,e872b663942221fe13802580900969ad47417694c9fcd9b4290e5abc1581f72e
benchmark/prd_3_1_v1/candidates/segmentation_core_stress_v1/overlays/core/accessory/SEGCORE1_0438.jpg,4116,a6c376eed61c595c3b955dae9e038223edad472fabf529236db8b691a5bd6105
benchmark/prd_3_1_v1/candidates/segmentation_core_stress_v1/overlays/core/accessory/SEGCORE1_0439.jpg,5418,3ae1d79718a831463dd3c86ac9d6671561856454b74b96b4cce1fcae1550eafe
benchmark/prd_3_1_v1/candidates/segmentation_core_stress_v1/overlays/core/accessory/SEGCORE1_0440.jpg,32033,fa03838f6d15154147f8e0ed9b671fe4d7b2bfefbbc9f2725fa288e7fc763b8c
benchmark/prd_3_1_v1/candidates/segmentation_core_stress_v1/overlays/core/bag/SEGCORE1_0331.jpg,4135,1efb0f8d20c781ef8375f1a04f72a572b500cd93a5db31e1fab8a2963670d665
benchmark/prd_3_1_v1/candidates/segmentation_core_stress_v1/overlays/core/bag/SEGCORE1_0332.jpg,17347,4a5b46ec64c1a78d636ee6fc76536ca40ffb0d88c7a311142c5b5fa33fac254f
benchmark/prd_3_1_v1/candidates/segmentation_core_stress_v1/overlays/core/bag/SEGCORE1_0333.jpg,86264,e2e184aa9cd5add205a3b1272cf6ff25612fb3cc47e66b9fd96b90381a0d3a12
benchmark/prd_3_1_v1/candidates/segmentation_core_stress_v1/overlays/core/bag/SEGCORE1_0334.jpg,3583,8dc426940c5e6b98c2e74fce3042d9a1a1e2ffb493581097dd9985375a4880b2
benchmark/prd_3_1_v1/candidates/segmentation_core_stress_v1/overlays/core/bag/SEGCORE1_0335.jpg,8686,fc09d365c45b119212a57b853327b98b5d8a7987ad5653830dd7e3998335dc39
benchmark/prd_3_1_v1/candidates/segmentation_core_stress_v1/overlays/core/bag/SEGCORE1_0336.jpg,32219,c7985366138bfe74e0ecd5adbf7d44aae2b877f1e66ead1ce057cb608a270455
benchmark/prd_3_1_v1/candidates/segmentation_core_stress_v1/overlays/core/bag/SEGCORE1_0337.jpg,3475,e7c4032bdc3a9c1993a928d046352627ffa69dcb631e71beca4c8a118c94c3bf
benchmark/prd_3_1_v1/candidates/segmentation_core_stress_v1/overlays/core/bag/SEGCORE1_0338.jpg,29528,5e6c722f062c36e8a227730b3a15711af6317af46550fe10ed6d54c44820fd56
benchmark/prd_3_1_v1/candidates/segmentation_core_stress_v1/overlays/core/bag/SEGCORE1_0339.jpg,68369,696e234a523f0dd07552c512073d2a2b319b8190fbb955829bffa7b08dad7e32
benchmark/prd_3_1_v1/candidates/segmentation_core_stress_v1/overlays/core/bag/SEGCORE1_0340.jpg,5573,48ee683a3b2bc38dc1d676ce9217f11ac1b7e4497caa34370f7efa24da3b70bb
benchmark/prd_3_1_v1/candidates/segmentation_core_stress_v1/overlays/core/bag/SEGCORE1_0341.jpg,25314,08cf16517855c6196247b5ba992ae8e0f58c157b3d6328152f7f98c659be26de
benchmark/prd_3_1_v1/candidates/segmentation_core_stress_v1/overlays/core/bag/SEGCORE1_0342.jpg,32720,400f355be9272eca1442b47d68997683185062aeb539c2000c982c047dcb9ed5
benchmark/prd_3_1_v1/candidates/segmentation_core_stress_v1/overlays/core/bag/SEGCORE1_0343.jpg,5223,ede0e62f2b55016596cd32f9fbb7cc9f1476686676140271fa44a772f9e9c9b4
benchmark/prd_3_1_v1/candidates/segmentation_core_stress_v1/overlays/core/bag/SEGCORE1_0344.jpg,6906,b80f0999f7cd4eb2bafc6b953f03aaac5f66c5a211dc4b2c1e5bc6f05cd7e29f
benchmark/prd_3_1_v1/candidates/segmentation_core_stress_v1/overlays/core/bag/SEGCORE1_0345.jpg,29564,88e5431bb07373a73024b8523f1840427c57f990cd7b0dfddf6a31e5f0ba6247
benchmark/prd_3_1_v1/candidates/segmentation_core_stress_v1/overlays/core/bag/SEGCORE1_0346.jpg,8601,ef1b3af46ee85182a5a2276c516f0373c90acb9b79e1c771ddf5372c32d92935
benchmark/prd_3_1_v1/candidates/segmentation_core_stress_v1/overlays/core/bag/SEGCORE1_0347.jpg,20007,4371ce33f2088a360fa257031860be67fa7a6af3cc738897c5c926458eda8b9b
benchmark/prd_3_1_v1/candidates/segmentation_core_stress_v1/overlays/core/bag/SEGCORE1_0348.jpg,36318,665703fa0419addd6c896f4a543ee6461d7ca3f0f598fb6eacc84f588cdec56c
benchmark/prd_3_1_v1/candidates/segmentation_core_stress_v1/overlays/core/bag/SEGCORE1_0349.jpg,8577,e26290f9e58dd2eed26fa70441bb9ada8864d601942ce74ba1110e6e2d5911d2
benchmark/prd_3_1_v1/candidates/segmentation_core_stress_v1/overlays/core/bag/SEGCORE1_0350.jpg,17211,a247d954612c8799cdfd9ea845f2d78b9f3c0f515137b812d4751ab6c1f5c368
benchmark/prd_3_1_v1/candidates/segmentation_core_stress_v1/overlays/core/bag/SEGCORE1_0351.jpg,35706,2dc909049124203db28a34f6447e512042d87f807fc6746f0c54ac9e236bf0c1
benchmark/prd_3_1_v1/candidates/segmentation_core_stress_v1/overlays/core/bag/SEGCORE1_0352.jpg,6335,d34be1d72e2aecce8c8a8254f9e71a9d34b93542f10acebdee1c03e58f20014d
benchmark/prd_3_1_v1/candidates/segmentation_core_stress_v1/overlays/core/bag/SEGCORE1_0353.jpg,27315,070980006ae08e1f565a0362e0fc27cebbeeb69e39ff7b0ca2044f59e783f284
benchmark/prd_3_1_v1/candidates/segmentation_core_stress_v1/overlays/core/bag/SEGCORE1_0354.jpg,29647,806472fadee5a43f4a63d6e2b96867a1457dd4df52c951cc7d5164cc03212800
benchmark/prd_3_1_v1/candidates/segmentation_core_stress_v1/overlays/core/bag/SEGCORE1_0355.jpg,5213,299d00eb17b4e9cf9138bb05772f85388278100feca40c6bb87f10bec3f9fb59
benchmark/prd_3_1_v1/candidates/segmentation_core_stress_v1/overlays/core/bag/SEGCORE1_0356.jpg,21136,8d204e6c08bfc971b6f4d15d3e77f06a7a2a645d57d1c65db58e97456488b81b
benchmark/prd_3_1_v1/candidates/segmentation_core_stress_v1/overlays/core/bag/SEGCORE1_0357.jpg,39437,e4e4ef75b57342f3efa18652b7b11fd7568d75897400030c3d18d2926cc4c655
benchmark/prd_3_1_v1/candidates/segmentation_core_stress_v1/overlays/core/bag/SEGCORE1_0358.jpg,5168,6abaee46c268cbfae3132c53166da9604bc756f8f3f4b5e66999728403649f38
benchmark/prd_3_1_v1/candidates/segmentation_core_stress_v1/overlays/core/bag/SEGCORE1_0359.jpg,17193,996aa9bc33fced7c76498a723113c02b7e738c658d644f532b8fb228ab4a1fd6
benchmark/prd_3_1_v1/candidates/segmentation_core_stress_v1/overlays/core/bag/SEGCORE1_0360.jpg,28297,84709f9b2408ab0c9c2e2db715311f9ab4753a720486c430796edc45ccca782a
benchmark/prd_3_1_v1/candidates/segmentation_core_stress_v1/overlays/core/bag/SEGCORE1_0361.jpg,5540,714ea7a4dbd0c97cc9a96e194eb1009910a78e11775741da7ba771ae414ee36b
benchmark/prd_3_1_v1/candidates/segmentation_core_stress_v1/overlays/core/bag/SEGCORE1_0362.jpg,6877,1faf19c430e821a5a7d89cfa89f3246a4757fe98c500f870d8d79244118c1686
benchmark/prd_3_1_v1/candidates/segmentation_core_stress_v1/overlays/core/bag/SEGCORE1_0363.jpg,6335,cc3998a94cb2cac77abd3292cba06783ba6840158c1b0527cc491f28fbccaba3
benchmark/prd_3_1_v1/candidates/segmentation_core_stress_v1/overlays/core/bag/SEGCORE1_0364.jpg,12052,201423a168fc81ab6857ace0f177d8b7c72c5f9405bd676809d3745f6f953485
benchmark/prd_3_1_v1/candidates/segmentation_core_stress_v1/overlays/core/bag/SEGCORE1_0365.jpg,7166,b09a74d48c9c0e8c11e63d28b0101d3b900d1b5a06577c55bd7f599d2c6c7c33
benchmark/prd_3_1_v1/candidates/segmentation_core_stress_v1/overlays/core/bag/SEGCORE1_0366.jpg,25914,37f4aa3df7f7d4d681916cfbcf24637b72c1aa1b89d106afb744a525715f986d
benchmark/prd_3_1_v1/candidates/segmentation_core_stress_v1/overlays/core/bag/SEGCORE1_0367.jpg,32540,aebd94beaa80b9490f6e7edfcf36de9a6f491f56cf244692c4daa17aba1de459
benchmark/prd_3_1_v1/candidates/segmentation_core_stress_v1/overlays/core/bag/SEGCORE1_0368.jpg,14005,a344f6df21961912be3f746e2116058a21d52b09a88d2be554fac3b7c34025db
benchmark/prd_3_1_v1/candidates/segmentation_core_stress_v1/overlays/core/bag/SEGCORE1_0369.jpg,10768,9b1b7659b355d09a54ca9d3b1b25a4910a66db42c9b361c625cdda87902c2b6a
benchmark/prd_3_1_v1/candidates/segmentation_core_stress_v1/overlays/core/bag/SEGCORE1_0370.jpg,14727,2f9729ffc713dd9f690808d076c8a5da008af7b7d7b8d36508cb2ae4c16c042b
benchmark/prd_3_1_v1/candidates/segmentation_core_stress_v1/overlays/core/bag/SEGCORE1_0371.jpg,6877,d1dbce76eeb3a557e7aadf17610d255af0a4dacb0e167538f9098964e89b9f84
benchmark/prd_3_1_v1/candidates/segmentation_core_stress_v1/overlays/core/bag/SEGCORE1_0372.jpg,17346,e5177b7d5c9f9a612bcb90fd2a53590e336a7e34c61024a6d04293301f7fafce
benchmark/prd_3_1_v1/candidates/segmentation_core_stress_v1/overlays/core/bag/SEGCORE1_0373.jpg,15140,dbc8efdfc39dff71b710dd9b4634ad9d85eeec737d5a96247370ef51128c4fcd
benchmark/prd_3_1_v1/candidates/segmentation_core_stress_v1/overlays/core/bag/SEGCORE1_0374.jpg,10047,82e6546d6c6ec30b09ee14f6312fca4154e1924ef9f8020078cda7eca14fc573
benchmark/prd_3_1_v1/candidates/segmentation_core_stress_v1/overlays/core/bag/SEGCORE1_0375.jpg,21826,c17c76978215734af8c81df284b2395745e5135af794c5616c6b066d72c3f1c6
benchmark/prd_3_1_v1/candidates/segmentation_core_stress_v1/overlays/core/bag/SEGCORE1_0376.jpg,14800,d8aaee8aaabcc2aab7b5f108420384e14a5578ca6cd566d09697c701bd3f0aa0
benchmark/prd_3_1_v1/candidates/segmentation_core_stress_v1/overlays/core/bag/SEGCORE1_0377.jpg,19333,944fc808a396ac8248d39ae55b3fa95727e8cf16d33224fc4a664bc2e443399a
benchmark/prd_3_1_v1/candidates/segmentation_core_stress_v1/overlays/core/bag/SEGCORE1_0378.jpg,10471,94a4cda309ee75df3d9dcc681aa9348a403435076922498c46bc5c3ef35c3c3b
benchmark/prd_3_1_v1/candidates/segmentation_core_stress_v1/overlays/core/bag/SEGCORE1_0379.jpg,15730,8813c426e616f572cfc72a8e1e2dad47ae11ddf651f6660091cfd644c5f03cdb
benchmark/prd_3_1_v1/candidates/segmentation_core_stress_v1/overlays/core/bag/SEGCORE1_0380.jpg,14670,be1191fb41d9823f7877af53492d3a823f2927aaaebc5321b965d11b9274a289
benchmark/prd_3_1_v1/candidates/segmentation_core_stress_v1/overlays/core/bag/SEGCORE1_0381.jpg,8877,4563a36a564f2dcae1d868789b6f3f4954bdfd9f63c01cf2168d244f2d1446ef
benchmark/prd_3_1_v1/candidates/segmentation_core_stress_v1/overlays/core/bag/SEGCORE1_0382.jpg,11470,f3b2718d6312f3d5ffc5e38253d0ebf7a54bb4f2ab75a03ef100215c0eb2c10e
benchmark/prd_3_1_v1/candidates/segmentation_core_stress_v1/overlays/core/bag/SEGCORE1_0383.jpg,18365,02eb4e5ddbfe19782e7d7d1fb1f68e5edc6ba470c4bd97bbf3fbdc3d12e99baa
benchmark/prd_3_1_v1/candidates/segmentation_core_stress_v1/overlays/core/bag/SEGCORE1_0384.jpg,11320,84c4390058486a5395c69ce37b4188973eca1b89e57ef6ff44b6804dbadf3cce
benchmark/prd_3_1_v1/candidates/segmentation_core_stress_v1/overlays/core/bag/SEGCORE1_0385.jpg,18000,5e4687038e35bc89898d8670c1fb0b6760979acb9af9acc2bcd090a1a568e461
benchmark/prd_3_1_v1/candidates/segmentation_core_stress_v1/overlays/core/dress/SEGCORE1_0221.jpg,47287,8eb344f695b32f49b98d1c90c69c707906fb70fdf876b72c5ca59d947d5c517f
benchmark/prd_3_1_v1/candidates/segmentation_core_stress_v1/overlays/core/dress/SEGCORE1_0222.jpg,15078,c64a6ee20cdf01a7a45b093e726cf176fb45ea06d128dc6f5f86ee04df2e20f2
benchmark/prd_3_1_v1/candidates/segmentation_core_stress_v1/overlays/core/dress/SEGCORE1_0223.jpg,17745,a0613431c3b0a866f1ca90949aacb5d4484eed24d3b1744ed78c4ba4cc69967a
benchmark/prd_3_1_v1/candidates/segmentation_core_stress_v1/overlays/core/dress/SEGCORE1_0224.jpg,24440,2a57ddc726537ffa01b7f2f72da203cc3895401ffa21a87fecdcf2b627a6efc7
benchmark/prd_3_1_v1/candidates/segmentation_core_stress_v1/overlays/core/dress/SEGCORE1_0225.jpg,14862,9ccf5d0b2790da02ebd82705aee7a96bdb64d794c890f34ba21b600e63b92f08
benchmark/prd_3_1_v1/candidates/segmentation_core_stress_v1/overlays/core/dress/SEGCORE1_0226.jpg,4419,b9132b5164a18436960737c37a2df4874cef1aad7b29962d124106990a2b0a68
benchmark/prd_3_1_v1/candidates/segmentation_core_stress_v1/overlays/core/dress/SEGCORE1_0227.jpg,30561,9161ea2f459fae6064976709a268ba7df93b63878f1dee19e84ca2ecd5dee5af
benchmark/prd_3_1_v1/candidates/segmentation_core_stress_v1/overlays/core/dress/SEGCORE1_0228.jpg,3484,e20584b9b7639eb7e73b083eb38277db4f3f5756606da0e3bac576ff7685622c
benchmark/prd_3_1_v1/candidates/segmentation_core_stress_v1/overlays/core/dress/SEGCORE1_0229.jpg,76396,a5376799ff5866362e25a697162383c8b6f80efe8b4144a0bdebfa0e97b57db8
benchmark/prd_3_1_v1/candidates/segmentation_core_stress_v1/overlays/core/dress/SEGCORE1_0230.jpg,77147,6434af529a59209e404881e8cb7260c8e53dbb545635eb72d9432a95dd8fdcde
benchmark/prd_3_1_v1/candidates/segmentation_core_stress_v1/overlays/core/dress/SEGCORE1_0231.jpg,5627,55d063c69fde49442786b7c3c00f3ec970335c8bcda544a8fe1b5eb2290cb20e
benchmark/prd_3_1_v1/candidates/segmentation_core_stress_v1/overlays/core/dress/SEGCORE1_0232.jpg,4997,930d2410797de759b51bd92d50fc0d7bb6bb87180d55dedc45b15ab458f8126f
benchmark/prd_3_1_v1/candidates/segmentation_core_stress_v1/overlays/core/dress/SEGCORE1_0233.jpg,113903,82940d27f6099b2db6a075b408c45ef84a77f3fbc6608911c4a561dde6f38786
benchmark/prd_3_1_v1/candidates/segmentation_core_stress_v1/overlays/core/dress/SEGCORE1_0234.jpg,9107,de6ec56769ace25bf9b9a803f343e842e8c9d5a55a7c48a144f52e49e80b575b
benchmark/prd_3_1_v1/candidates/segmentation_core_stress_v1/overlays/core/dress/SEGCORE1_0235.jpg,72172,43ce3915b08aa4d6bdd0ea14bc043e3629435a777e28af4f9f3fe16bc87aa3fc
benchmark/prd_3_1_v1/candidates/segmentation_core_stress_v1/overlays/core/dress/SEGCORE1_0236.jpg,26595,96dd26407640dbfa2b660b766e9020288da77bafdb04836eec4c26d590abf91a
benchmark/prd_3_1_v1/candidates/segmentation_core_stress_v1/overlays/core/dress/SEGCORE1_0237.jpg,13803,cde869068040b261b530882fa0dbd29b8411b98dc5f8ad24816c62c8ed60981a
benchmark/prd_3_1_v1/candidates/segmentation_core_stress_v1/overlays/core/dress/SEGCORE1_0238.jpg,6230,09328c84fe286843f9cfa45a18f81f2f76be5443cc1e413ee42502aa513d828c
benchmark/prd_3_1_v1/candidates/segmentation_core_stress_v1/overlays/core/dress/SEGCORE1_0239.jpg,9076,441c11bee66b9b01577c9db470bd67b8741b16d0ce4be45cb157f14ba333b02e
benchmark/prd_3_1_v1/candidates/segmentation_core_stress_v1/overlays/core/dress/SEGCORE1_0240.jpg,6433,ff1e2fb06d2102e2c6a873319e7a596b1fbd6423cd029045f57d493128ca7b36
benchmark/prd_3_1_v1/candidates/segmentation_core_stress_v1/overlays/core/dress/SEGCORE1_0241.jpg,44931,925045db17ae7736609a83eb4a9e9005c881d57389366d163fade136f49eac7d
benchmark/prd_3_1_v1/candidates/segmentation_core_stress_v1/overlays/core/dress/SEGCORE1_0242.jpg,34483,cb450a0f833d170dd477362696f10f4c70cc69b44334d7757fb63ff025c56c65
benchmark/prd_3_1_v1/candidates/segmentation_core_stress_v1/overlays/core/dress/SEGCORE1_0243.jpg,3847,fd6a12c69e2434f46c160d8b4ce7e976d688ee62869858084311a1dafd2f9c32
benchmark/prd_3_1_v1/candidates/segmentation_core_stress_v1/overlays/core/dress/SEGCORE1_0244.jpg,11356,27fd473226e85b473ab771ccdf47ec8208cc0f9d6f35e0cc97f8b54b9d748b86
benchmark/prd_3_1_v1/candidates/segmentation_core_stress_v1/overlays/core/dress/SEGCORE1_0245.jpg,34101,a143a134d53fd9551fe41246303cbc946a8dc22ac7d7babb4ca61b7c4570c55d
benchmark/prd_3_1_v1/candidates/segmentation_core_stress_v1/overlays/core/dress/SEGCORE1_0246.jpg,33350,ae9328cbf6cde30db2ba0e6ac02a53807117b1881a97e577bff223139c72dc6d
benchmark/prd_3_1_v1/candidates/segmentation_core_stress_v1/overlays/core/dress/SEGCORE1_0247.jpg,110973,93d70c3526e49a0724ef715f74adce876f3bc30f5f71845b37882a25c54643f2
benchmark/prd_3_1_v1/candidates/segmentation_core_stress_v1/overlays/core/dress/SEGCORE1_0248.jpg,21196,f1d388a78c997c8fb5569480e70671c17b1cbc3b51e98ab3db369c5125fc0e33
benchmark/prd_3_1_v1/candidates/segmentation_core_stress_v1/overlays/core/dress/SEGCORE1_0249.jpg,29028,34a14b3a5902e5010ebbc0ed61c07612a93ddecc935842c94a811d5c1d6d3754
benchmark/prd_3_1_v1/candidates/segmentation_core_stress_v1/overlays/core/dress/SEGCORE1_0250.jpg,3423,9cb2ad705a874be0e547cb87f27738d47845c26e0872fc6f997ca4954ca97c4a
benchmark/prd_3_1_v1/candidates/segmentation_core_stress_v1/overlays/core/dress/SEGCORE1_0251.jpg,14608,daf3140ea189885dc299e1d75910b1c7d844c8410d9bf15e8d612e0744907d9c
benchmark/prd_3_1_v1/candidates/segmentation_core_stress_v1/overlays/core/dress/SEGCORE1_0252.jpg,3857,67840e149f96b5bd97962ac52ba6f33e0c1acc3198b2b52552aa70d7a143a505
benchmark/prd_3_1_v1/candidates/segmentation_core_stress_v1/overlays/core/dress/SEGCORE1_0253.jpg,51065,bbecd9c302441280d2557667836c8281e5440628c711df66b6f67153dc9269be
benchmark/prd_3_1_v1/candidates/segmentation_core_stress_v1/overlays/core/dress/SEGCORE1_0254.jpg,65334,f2b7a861c271f5a513c255744aa66ba2fb537749d1b6b353ff7ce2f0dcf3c326
benchmark/prd_3_1_v1/candidates/segmentation_core_stress_v1/overlays/core/dress/SEGCORE1_0255.jpg,8819,555c67d63f939776ed1f603441f77dbcd3a52001b64f9e21ae46cd764837fb18
benchmark/prd_3_1_v1/candidates/segmentation_core_stress_v1/overlays/core/dress/SEGCORE1_0256.jpg,3755,47e634f1daabcf30f7ae23980dc5952177bdaa29d79c545dddaf845b467c3058
benchmark/prd_3_1_v1/candidates/segmentation_core_stress_v1/overlays/core/dress/SEGCORE1_0257.jpg,69430,97a08e191ddfc550f93bd61ef456fc312df996fcd64e2ffaac234366c144d370
benchmark/prd_3_1_v1/candidates/segmentation_core_stress_v1/overlays/core/dress/SEGCORE1_0258.jpg,15113,32beaa55cbf6674b4cfd026fc4a0f5e05d8b61cbfb93d2beba249a502ffa3916
benchmark/prd_3_1_v1/candidates/segmentation_core_stress_v1/overlays/core/dress/SEGCORE1_0259.jpg,50288,0ae011f199e2c9042fb410ec8c0b67b79459dc17466066ace94299199c3f0b0f
benchmark/prd_3_1_v1/candidates/segmentation_core_stress_v1/overlays/core/dress/SEGCORE1_0260.jpg,13809,163f7f57c30b4cbec7983ef7ad74309cbb9c96f60112681552284340289e75ca
benchmark/prd_3_1_v1/candidates/segmentation_core_stress_v1/overlays/core/dress/SEGCORE1_0261.jpg,10521,a6cf5f46de3f9c8c7c2522259b6fec2eac066f726913bf8838fb8ca6054d8c46
benchmark/prd_3_1_v1/candidates/segmentation_core_stress_v1/overlays/core/dress/SEGCORE1_0262.jpg,28644,b9fb8df267e1306607ebc65af6e57a27be2e4492dfe99736dcddc3bc5bcc638d
benchmark/prd_3_1_v1/candidates/segmentation_core_stress_v1/overlays/core/dress/SEGCORE1_0263.jpg,3552,28d9db3409b82627bcb379236d1e880e45d8cd0fbce62fbf5ca3d81db34b7a0b
benchmark/prd_3_1_v1/candidates/segmentation_core_stress_v1/overlays/core/dress/SEGCORE1_0264.jpg,35702,87f40aa554deaa6dfdd3a49c2a094abdee8487142208333bcee0677595622271
benchmark/prd_3_1_v1/candidates/segmentation_core_stress_v1/overlays/core/dress/SEGCORE1_0265.jpg,54371,da51dde1d3176423c688d636773aaf0cd96fcd718493379d1a38252d24e97297
benchmark/prd_3_1_v1/candidates/segmentation_core_stress_v1/overlays/core/dress/SEGCORE1_0266.jpg,4276,433085b90801ac36d112ff6ef34f5b0570e7e961e4fbf083e67f4503503ce671
benchmark/prd_3_1_v1/candidates/segmentation_core_stress_v1/overlays/core/dress/SEGCORE1_0267.jpg,4111,14f2f3dbb0e4612cf5a51fff7e2d0dfe6cd700155939e9582d936513f6a5a1b7
benchmark/prd_3_1_v1/candidates/segmentation_core_stress_v1/overlays/core/dress/SEGCORE1_0268.jpg,19775,182c9b05e20968465b6cfe602776e059d95310b86859c6cecdf72cee9bee5e54
benchmark/prd_3_1_v1/candidates/segmentation_core_stress_v1/overlays/core/dress/SEGCORE1_0269.jpg,26835,fe7694987f3b3e8a0baabe067dfc75daf1bb582a7d9bd8589451127182de0417
benchmark/prd_3_1_v1/candidates/segmentation_core_stress_v1/overlays/core/dress/SEGCORE1_0270.jpg,63774,8f82dec0a6d03410d905fc346416bde8bece3fded714eea7cf163698f6a1b35e
benchmark/prd_3_1_v1/candidates/segmentation_core_stress_v1/overlays/core/dress/SEGCORE1_0271.jpg,13826,576f1410e38d9e51eee6cae07f85a2cea4f7828eeccb2be508031eedcee6c729
benchmark/prd_3_1_v1/candidates/segmentation_core_stress_v1/overlays/core/dress/SEGCORE1_0272.jpg,23132,c32d374bb7fde1cc98191628be55b235534f7505b0a744d02a0a005566ab59ab
benchmark/prd_3_1_v1/candidates/segmentation_core_stress_v1/overlays/core/dress/SEGCORE1_0273.jpg,16827,2934cc438ee94245722337370f229bcaaab4157fd653842836c8d7eaa8f57146
benchmark/prd_3_1_v1/candidates/segmentation_core_stress_v1/overlays/core/dress/SEGCORE1_0274.jpg,8393,d5cdb28f64b03f4f7ffbeec4a041706b7cb5bd999581d495b56584a58a993287
benchmark/prd_3_1_v1/candidates/segmentation_core_stress_v1/overlays/core/dress/SEGCORE1_0275.jpg,79042,780168d70874cb6b2522c28e77d7e6afccbb5cd873b019ceae4f0bdf39e61eff
benchmark/prd_3_1_v1/candidates/segmentation_core_stress_v1/overlays/core/outerwear/SEGCORE1_0166.jpg,83010,05d086e2e35c97398813adc4f1127d83420e41657e031745782ea8f8519f2dad
benchmark/prd_3_1_v1/candidates/segmentation_core_stress_v1/overlays/core/outerwear/SEGCORE1_0167.jpg,14904,366a51ca3fc4d360d1d77f61496f0fe7ce834a1b2399b819627f62851d2fd486
benchmark/prd_3_1_v1/candidates/segmentation_core_stress_v1/overlays/core/outerwear/SEGCORE1_0168.jpg,5281,0aa89ced16fc249b5c6366787f6e40d9a2f3fb6e43fbe2bdfb000d3b1aa79cea
benchmark/prd_3_1_v1/candidates/segmentation_core_stress_v1/overlays/core/outerwear/SEGCORE1_0169.jpg,64750,dee5f67b3c8bfeaa1e15a8cf45ce1586cc83112e0c5009308665a6f1c5f7d396
benchmark/prd_3_1_v1/candidates/segmentation_core_stress_v1/overlays/core/outerwear/SEGCORE1_0170.jpg,16555,c2e97dafcbe8d44e07ac18c79bc19488f36dc30f1a8a2a3e46c814ef7dc43eb6
benchmark/prd_3_1_v1/candidates/segmentation_core_stress_v1/overlays/core/outerwear/SEGCORE1_0171.jpg,64274,979650438985778a2503688839ed478ffd0e6e08c04873b3f49a0d777af0412c
benchmark/prd_3_1_v1/candidates/segmentation_core_stress_v1/overlays/core/outerwear/SEGCORE1_0172.jpg,13727,2fbd2c5ce110c27ad82a49a30b085c1d06947d6b3b93e8db41d44c5c1be669c3
benchmark/prd_3_1_v1/candidates/segmentation_core_stress_v1/overlays/core/outerwear/SEGCORE1_0173.jpg,7482,7e1c1bf4d43e0a3ab4c8eb2610aeb5a36c675f4b419b7c78d2e542fd35a7c736
benchmark/prd_3_1_v1/candidates/segmentation_core_stress_v1/overlays/core/outerwear/SEGCORE1_0174.jpg,28116,1ea52cf11af9eb8105f4ebbea68336712ef4a71c7c67ac9c5c9d06b35100330f
benchmark/prd_3_1_v1/candidates/segmentation_core_stress_v1/overlays/core/outerwear/SEGCORE1_0175.jpg,12221,f51df5bbfd0dd7df82b6da478564b5b5ff2dbcfdf38ab57987b3dcec6747e019
benchmark/prd_3_1_v1/candidates/segmentation_core_stress_v1/overlays/core/outerwear/SEGCORE1_0176.jpg,44058,84a8b75589687fdad7e912a210370942a899640e0c351482623dc306510c8aff
benchmark/prd_3_1_v1/candidates/segmentation_core_stress_v1/overlays/core/outerwear/SEGCORE1_0177.jpg,15928,70d15036e5e64d546144d420e94a4f20e15d856abf6c899807771cd220d2b397
benchmark/prd_3_1_v1/candidates/segmentation_core_stress_v1/overlays/core/outerwear/SEGCORE1_0178.jpg,5459,ee8cdc4d8482165729a55af4e3313b791cda9916efe27125ab73eedef5e037c5
benchmark/prd_3_1_v1/candidates/segmentation_core_stress_v1/overlays/core/outerwear/SEGCORE1_0179.jpg,39802,d63b57bc6873b06b451475667b3a5a379f14f0806e316c049c1817d938f3dd44
benchmark/prd_3_1_v1/candidates/segmentation_core_stress_v1/overlays/core/outerwear/SEGCORE1_0180.jpg,35629,36a0364e5bec6a337646bcc2b7a4219f44df3e253e5bc2f3232e8f342d3d3542
benchmark/prd_3_1_v1/candidates/segmentation_core_stress_v1/overlays/core/outerwear/SEGCORE1_0181.jpg,58525,c5b4941f8ae042b0b5d9fcd2a175e783486853d41b58d5c3f35796d6eeb72f15
benchmark/prd_3_1_v1/candidates/segmentation_core_stress_v1/overlays/core/outerwear/SEGCORE1_0182.jpg,9967,e6ba83959becbd22193b3aaf6ac95c988896aaf5e52accec99366d2c428c3169
benchmark/prd_3_1_v1/candidates/segmentation_core_stress_v1/overlays/core/outerwear/SEGCORE1_0183.jpg,5081,acf545758fc7fba28c44b986cddd4bbab6ba07bfba4a4d193739e3e7c89a4e58
benchmark/prd_3_1_v1/candidates/segmentation_core_stress_v1/overlays/core/outerwear/SEGCORE1_0184.jpg,35301,2022a56ddea2ded31869481f8d966910205c6b1a8148691490da7c3f2150d355
benchmark/prd_3_1_v1/candidates/segmentation_core_stress_v1/overlays/core/outerwear/SEGCORE1_0185.jpg,23168,dbcc00a493c2b10210b63aac1415596ea13a934d1be9f1458b7b73419479ca71
benchmark/prd_3_1_v1/candidates/segmentation_core_stress_v1/overlays/core/outerwear/SEGCORE1_0186.jpg,20792,b467deca9f160ce0c5117362393af81cc6c2edd02448ba05d84a7a8140d1a76a
benchmark/prd_3_1_v1/candidates/segmentation_core_stress_v1/overlays/core/outerwear/SEGCORE1_0187.jpg,42903,8a82060ac3484f269c04e370cf24990101e0bfab78d92f8cf3955f4e10b8e647
benchmark/prd_3_1_v1/candidates/segmentation_core_stress_v1/overlays/core/outerwear/SEGCORE1_0188.jpg,4723,b5cb6a6276ae9874e7c9c09ebd83d1fe2f22205ee96bd2beb8b67528a63c76d4
benchmark/prd_3_1_v1/candidates/segmentation_core_stress_v1/overlays/core/outerwear/SEGCORE1_0189.jpg,46570,88d3348b1e2a9ad584d9139bbc70149bcfff0d53caa13cb4eede7875a3299de6
benchmark/prd_3_1_v1/candidates/segmentation_core_stress_v1/overlays/core/outerwear/SEGCORE1_0190.jpg,23639,734fda3be9741139b864f54212a164753488faf4eb659dd1d8113269eb58a305
benchmark/prd_3_1_v1/candidates/segmentation_core_stress_v1/overlays/core/outerwear/SEGCORE1_0191.jpg,20459,a40eba7b3b21c40999edeb05726586c05ea8a309c7ba15282fe0c41a6d27c35e
benchmark/prd_3_1_v1/candidates/segmentation_core_stress_v1/overlays/core/outerwear/SEGCORE1_0192.jpg,15396,89f96b7a3971e7188b342a6e1b02d1ac3c039a32f04c84f887c9a673f8e41d14
benchmark/prd_3_1_v1/candidates/segmentation_core_stress_v1/overlays/core/outerwear/SEGCORE1_0193.jpg,6131,baeb8689ef1d5bb851cd4280c723d1e528cd5eb5921c0dd7f7d850d3eeb978fc
benchmark/prd_3_1_v1/candidates/segmentation_core_stress_v1/overlays/core/outerwear/SEGCORE1_0194.jpg,77510,d890c53803babd2b1b03e6cfe73266f103ccbde38467d87aee69a2e322554532
benchmark/prd_3_1_v1/candidates/segmentation_core_stress_v1/overlays/core/outerwear/SEGCORE1_0195.jpg,12768,3ddb52946b3226e53da2eb56bc341c2001f4fabc016f229df48acc90a617e8eb
benchmark/prd_3_1_v1/candidates/segmentation_core_stress_v1/overlays/core/outerwear/SEGCORE1_0196.jpg,142459,1710a7f442043aa750c9925d61bf10ad61cc444bd739b36e7e2902207b1f0a04
benchmark/prd_3_1_v1/candidates/segmentation_core_stress_v1/overlays/core/outerwear/SEGCORE1_0197.jpg,25709,472c993f8c600aa2cebb370c3ce7c807a643fac9c3200fe60ac7a7d539cd8b95
benchmark/prd_3_1_v1/candidates/segmentation_core_stress_v1/overlays/core/outerwear/SEGCORE1_0198.jpg,3014,c45f7f772a8963560e7db5f369b2cba2dbba9ebb29de038cb9fb2b2487f92e98
benchmark/prd_3_1_v1/candidates/segmentation_core_stress_v1/overlays/core/outerwear/SEGCORE1_0199.jpg,25375,c4435ccf5741cb033f584f093e49a25bd51da8acab80cc70d366aa06802a0ee4
benchmark/prd_3_1_v1/candidates/segmentation_core_stress_v1/overlays/core/outerwear/SEGCORE1_0200.jpg,18112,7f9082438500b87c0fd2a6a31f7d8d0cbba4cd50c584dabcd5dcf42ca8c1dc5b
benchmark/prd_3_1_v1/candidates/segmentation_core_stress_v1/overlays/core/outerwear/SEGCORE1_0201.jpg,123011,ff1e019e449e862d41da28f251f9f8c377b32fb8daf335659558808e62c59097
benchmark/prd_3_1_v1/candidates/segmentation_core_stress_v1/overlays/core/outerwear/SEGCORE1_0202.jpg,22381,08838aa5da8c8dcc7758f3eb56bb221ec3b19ec68c34c5baae0e652fba597c99
benchmark/prd_3_1_v1/candidates/segmentation_core_stress_v1/overlays/core/outerwear/SEGCORE1_0203.jpg,4925,6cbbc9b804c473565014950301980d74f0ede920f2b88e30c2a37ed1cd519252
benchmark/prd_3_1_v1/candidates/segmentation_core_stress_v1/overlays/core/outerwear/SEGCORE1_0204.jpg,71609,16df8decdd77fe10f21f2780d018b75fe56be12ffaa5e8b36aff9c8f7a829d93
benchmark/prd_3_1_v1/candidates/segmentation_core_stress_v1/overlays/core/outerwear/SEGCORE1_0205.jpg,19593,2e19f906e69a21a006cc55adf4c55d2f0d10a06986c5680a814de53cfe7db8a7
benchmark/prd_3_1_v1/candidates/segmentation_core_stress_v1/overlays/core/outerwear/SEGCORE1_0206.jpg,102118,9b3780182fc54a0273136a6217d9a2c26733f61dd724aff8f2639641fe0c8023
benchmark/prd_3_1_v1/candidates/segmentation_core_stress_v1/overlays/core/outerwear/SEGCORE1_0207.jpg,21544,7f1e159c23e4766826ee3d10ae51bf15cc178c044ffc88b855155af3f55f76e3
benchmark/prd_3_1_v1/candidates/segmentation_core_stress_v1/overlays/core/outerwear/SEGCORE1_0208.jpg,5240,ede486000fc32c9a9d2c0f649e467fdb4afccf42f48cd45e3f330ebbfbc4e2a8
benchmark/prd_3_1_v1/candidates/segmentation_core_stress_v1/overlays/core/outerwear/SEGCORE1_0209.jpg,74839,d58225b50df87ea4b7ca0ccbb1bd1bfe98bf47518c4640e582b98cfbeec7e1ec
benchmark/prd_3_1_v1/candidates/segmentation_core_stress_v1/overlays/core/outerwear/SEGCORE1_0210.jpg,14249,4ccf6b3ed34ba95f19e9c3680e7cd21451ec7ecadf0f8918d55d9d2a587edfc1
benchmark/prd_3_1_v1/candidates/segmentation_core_stress_v1/overlays/core/outerwear/SEGCORE1_0211.jpg,19111,21957310f84742c0ac958e1f7b799f67460927c0f15ea112eb20abea72d5a874
benchmark/prd_3_1_v1/candidates/segmentation_core_stress_v1/overlays/core/outerwear/SEGCORE1_0212.jpg,16372,05e5f02abd727b0a1d5f2a434b4ccdc64cbb04674ead362f3078eed39eb5eb8c
benchmark/prd_3_1_v1/candidates/segmentation_core_stress_v1/overlays/core/outerwear/SEGCORE1_0213.jpg,4178,317921693dd6140405932dc80b6e99a1596e5a79996f4bceaca1c0248bc4fe52
benchmark/prd_3_1_v1/candidates/segmentation_core_stress_v1/overlays/core/outerwear/SEGCORE1_0214.jpg,38669,06f477a11b7dc6d568cf2e8e82e271572b535c89a25046162ecbe7e375880e1e
benchmark/prd_3_1_v1/candidates/segmentation_core_stress_v1/overlays/core/outerwear/SEGCORE1_0215.jpg,32833,19f2998c63c690c34698c8329bf40ef3ed5ac0ddc685358c89c69e3bbfac3d0c
benchmark/prd_3_1_v1/candidates/segmentation_core_stress_v1/overlays/core/outerwear/SEGCORE1_0216.jpg,47865,5cd2cfdf9816824c4dfd537666ddbd4165687703318bd347e6928292e0d64e72
benchmark/prd_3_1_v1/candidates/segmentation_core_stress_v1/overlays/core/outerwear/SEGCORE1_0217.jpg,21982,ce95049cdc19dab606160f8c01a3b7841dd1b5d88b5c2021ffb0dad9415466ed
benchmark/prd_3_1_v1/candidates/segmentation_core_stress_v1/overlays/core/outerwear/SEGCORE1_0218.jpg,4423,cbc7e48ed5818cc2ca23a381215fcaaa4790f8ca86f68f3326b0891029d50b81
benchmark/prd_3_1_v1/candidates/segmentation_core_stress_v1/overlays/core/outerwear/SEGCORE1_0219.jpg,89751,8967d1316c9c52c0b3a265cf514352c633f9f4b8312da43a525617d41d066c06
benchmark/prd_3_1_v1/candidates/segmentation_core_stress_v1/overlays/core/outerwear/SEGCORE1_0220.jpg,15326,ff4d342b5ff9aeb33a8899b8c1b0bfa96d4eea8e6d7697c31a193254f07b2569
benchmark/prd_3_1_v1/candidates/segmentation_core_stress_v1/overlays/core/pants/SEGCORE1_0056.jpg,29750,8f050d66c34e981eb108eece68df85deb37ab875bff97bf597abd339b71ed8e3
benchmark/prd_3_1_v1/candidates/segmentation_core_stress_v1/overlays/core/pants/SEGCORE1_0057.jpg,33031,3e8f92c4b46370acee10b155ae6fa6f265367398c80043546e9ef4b57c94d68f
benchmark/prd_3_1_v1/candidates/segmentation_core_stress_v1/overlays/core/pants/SEGCORE1_0058.jpg,6419,66a1c495b7b3f1580725cb3d09b4ecf4cc92e676bf3320f7f34ca906af707c5d
benchmark/prd_3_1_v1/candidates/segmentation_core_stress_v1/overlays/core/pants/SEGCORE1_0059.jpg,5319,a2f3b7fc933f22312b6ce1381b8352eec2a455371c4c404fa3e90e70ae061611
benchmark/prd_3_1_v1/candidates/segmentation_core_stress_v1/overlays/core/pants/SEGCORE1_0060.jpg,11155,338545775e79862cae8998385acbc39338f49940fefb1edd40b90ba8e4906009
benchmark/prd_3_1_v1/candidates/segmentation_core_stress_v1/overlays/core/pants/SEGCORE1_0061.jpg,47141,3669e83e94b0329d0d550f8ae90ce9e0fb012df559b8a11eb6d063d8c81c7863
benchmark/prd_3_1_v1/candidates/segmentation_core_stress_v1/overlays/core/pants/SEGCORE1_0062.jpg,37455,09e0f9ea7f7338c644f60dfcf26ba39ba1ea35bbc5b9f2ba10fbe7e35044dd8a
benchmark/prd_3_1_v1/candidates/segmentation_core_stress_v1/overlays/core/pants/SEGCORE1_0063.jpg,33001,f3b4568f0304e5a3ebd7777a51160f9d1d35d5632e8d3fd980c5c36f0d2fa8dd
benchmark/prd_3_1_v1/candidates/segmentation_core_stress_v1/overlays/core/pants/SEGCORE1_0064.jpg,4050,b943806a1e194face9a91abac4887718beb03fd9a76439e778f5358c657546bc
benchmark/prd_3_1_v1/candidates/segmentation_core_stress_v1/overlays/core/pants/SEGCORE1_0065.jpg,6729,7ccf656db35141c4df3b5491e64ddef977af05779f8eb7caac9b8f5b8a658f7b
benchmark/prd_3_1_v1/candidates/segmentation_core_stress_v1/overlays/core/pants/SEGCORE1_0066.jpg,17652,fa1ff5ad20635bb82b3a45268f700ad2e8f1b346f4e5400bd01bb4826885aca2
benchmark/prd_3_1_v1/candidates/segmentation_core_stress_v1/overlays/core/pants/SEGCORE1_0067.jpg,27186,51afc19f6c976a58511ea61199ca8d151dd5596da8a2596aa1c99c5fba537ec7
benchmark/prd_3_1_v1/candidates/segmentation_core_stress_v1/overlays/core/pants/SEGCORE1_0068.jpg,13987,b62831bdfc689b3f2c3d4072293fadf550bbc5a71f0e64c60027a83d7322538c
benchmark/prd_3_1_v1/candidates/segmentation_core_stress_v1/overlays/core/pants/SEGCORE1_0069.jpg,22394,cc23c9726396f8ee34e9bc4ced54376a61fe531fe162b336853848f480138481
benchmark/prd_3_1_v1/candidates/segmentation_core_stress_v1/overlays/core/pants/SEGCORE1_0070.jpg,4080,6b80c05bdf3877a690a405cc49b4336540b4b40f78c01bb14b4f865f7f8f80ab
benchmark/prd_3_1_v1/candidates/segmentation_core_stress_v1/overlays/core/pants/SEGCORE1_0071.jpg,8153,37ba86e3f7ccf47d0eb3fa08cf65bca0808718407aa9b9e4eff580a19541d7c6
benchmark/prd_3_1_v1/candidates/segmentation_core_stress_v1/overlays/core/pants/SEGCORE1_0072.jpg,28032,cbe0584e07dee851e63765a702304de7dd76fb2064a3662cde08e9b37451015e
benchmark/prd_3_1_v1/candidates/segmentation_core_stress_v1/overlays/core/pants/SEGCORE1_0073.jpg,12025,871c763e8d1bc83b59ccceb79bd34117b8ce071d31b7437a2d545fb8419eae1b
benchmark/prd_3_1_v1/candidates/segmentation_core_stress_v1/overlays/core/pants/SEGCORE1_0074.jpg,13689,81c7a1e5e92f0ee087bf74727c2e451f9fc1708151abf50527df40f3c5b0ce4c
benchmark/prd_3_1_v1/candidates/segmentation_core_stress_v1/overlays/core/pants/SEGCORE1_0075.jpg,35945,e387b28b652e1d196bc880f24606d453077c4e8923a033ffba9fad812b861c4a
benchmark/prd_3_1_v1/candidates/segmentation_core_stress_v1/overlays/core/pants/SEGCORE1_0076.jpg,6891,4d7bdaf14ae7ee3af5e0759ab1d301cfcbeff659644dcd862553f20be6485400
benchmark/prd_3_1_v1/candidates/segmentation_core_stress_v1/overlays/core/pants/SEGCORE1_0077.jpg,4667,5a62070c2e9a8926f7d65d41f242c2125b0acedf64fba88dbec90b4d7a1c4af8
benchmark/prd_3_1_v1/candidates/segmentation_core_stress_v1/overlays/core/pants/SEGCORE1_0078.jpg,17763,e6a12294de998fb15e2a33291103fe0c626703e2d29f34dd40548875e2e50cad
benchmark/prd_3_1_v1/candidates/segmentation_core_stress_v1/overlays/core/pants/SEGCORE1_0079.jpg,13695,28c15d5466197ae89b567229bfe3ac929ae95d3c1192a406aa33bd6e698f8bd6
benchmark/prd_3_1_v1/candidates/segmentation_core_stress_v1/overlays/core/pants/SEGCORE1_0080.jpg,67714,e30c060f83ccc5d9b3a8a9d794a5bc7a2f0d884510478010b0789f91449da314
benchmark/prd_3_1_v1/candidates/segmentation_core_stress_v1/overlays/core/pants/SEGCORE1_0081.jpg,32041,4622512a69e847d3187019cb11a057b670b00a99189ee68d6fc0f8a0bccf6fd5
benchmark/prd_3_1_v1/candidates/segmentation_core_stress_v1/overlays/core/pants/SEGCORE1_0082.jpg,8479,ad5a8a34853b3d3af4cfb92eac4966b0c3ad45e95bb569c05458e447d0286b31
benchmark/prd_3_1_v1/candidates/segmentation_core_stress_v1/overlays/core/pants/SEGCORE1_0083.jpg,2459,38f0c3c4725870d6f14bd6d0c7b4ba7622fb3f6a10bf96ff5cdccfaaaad29ca0
benchmark/prd_3_1_v1/candidates/segmentation_core_stress_v1/overlays/core/pants/SEGCORE1_0084.jpg,9028,7687db005954969cefa1efffad944be52480948b6fd22e4b173be240fd54aeff
benchmark/prd_3_1_v1/candidates/segmentation_core_stress_v1/overlays/core/pants/SEGCORE1_0085.jpg,9947,bdb94ec740d444622b90142020cfecbc63b818b40b9a3c3d9d97ccb6e78d575e
benchmark/prd_3_1_v1/candidates/segmentation_core_stress_v1/overlays/core/pants/SEGCORE1_0086.jpg,20059,c7c1325fef23c49b690c0c75227ae76ec0105403cf17b3f6e65c35c547d48eba
benchmark/prd_3_1_v1/candidates/segmentation_core_stress_v1/overlays/core/pants/SEGCORE1_0087.jpg,58411,4066a18b5d0d202c811a1deb7aa772c615ca7f3d698370cfcc630f60f51f99eb
benchmark/prd_3_1_v1/candidates/segmentation_core_stress_v1/overlays/core/pants/SEGCORE1_0088.jpg,5748,af15176b5c049b484ef3939fd4b853dcca9643ce02452bdc27d194da7e7fc077
benchmark/prd_3_1_v1/candidates/segmentation_core_stress_v1/overlays/core/pants/SEGCORE1_0089.jpg,7832,f1aaa5a4b819efec6d0d96d84b58936663970f21c8041b8eddc8ce5178a64e9b
benchmark/prd_3_1_v1/candidates/segmentation_core_stress_v1/overlays/core/pants/SEGCORE1_0090.jpg,7367,2bb4c1ac393ede7f5dd32f4aac846a4d5db65444d9dea1b8372a1a6e8e64aa55
benchmark/prd_3_1_v1/candidates/segmentation_core_stress_v1/overlays/core/pants/SEGCORE1_0091.jpg,17372,5c609485af2e6853189126272992a398373cc8e7c43bea28f0c8bf4e43c71979
benchmark/prd_3_1_v1/candidates/segmentation_core_stress_v1/overlays/core/pants/SEGCORE1_0092.jpg,12655,24b68053374e8ff47dc9545f458b544752c1e43d6721ea694c6e7205e015c7ab
benchmark/prd_3_1_v1/candidates/segmentation_core_stress_v1/overlays/core/pants/SEGCORE1_0093.jpg,22458,e3b7420a70723b75d73c69b26e711bc00be60ba695e4c1cb2ce63e530a5bea11
benchmark/prd_3_1_v1/candidates/segmentation_core_stress_v1/overlays/core/pants/SEGCORE1_0094.jpg,6182,37e78c71e25a3a5616d4c5f20b35d9cb060cb2259b626ceb6d5810b9650e3b63
benchmark/prd_3_1_v1/candidates/segmentation_core_stress_v1/overlays/core/pants/SEGCORE1_0095.jpg,3338,5bfc08f3a132c696160324508921d7008506cdd7bd8e96225a1f33481f5e9a23
benchmark/prd_3_1_v1/candidates/segmentation_core_stress_v1/overlays/core/pants/SEGCORE1_0096.jpg,12156,8b03de65a7667cea4f23580aebcc483d6fa04de74cf48f05e6e5b162714446cc
benchmark/prd_3_1_v1/candidates/segmentation_core_stress_v1/overlays/core/pants/SEGCORE1_0097.jpg,19499,049890460d747335f87a388e555c6c43ebdf179d8a8e0517663072c3a97ec3a2
benchmark/prd_3_1_v1/candidates/segmentation_core_stress_v1/overlays/core/pants/SEGCORE1_0098.jpg,26417,002501202e8441098792f023fca39e0a8e87ffaf52592d06ce535073376f83de
benchmark/prd_3_1_v1/candidates/segmentation_core_stress_v1/overlays/core/pants/SEGCORE1_0099.jpg,18511,26de298d21b18a68b119b3183a1b1fb3e32673050fa686c5af79dd5f605f21b5
benchmark/prd_3_1_v1/candidates/segmentation_core_stress_v1/overlays/core/pants/SEGCORE1_0100.jpg,6820,c58f53ca729b31468aa09a3cf12b9e413861e7f1a174a0092fe047b7821bfbb1
benchmark/prd_3_1_v1/candidates/segmentation_core_stress_v1/overlays/core/pants/SEGCORE1_0101.jpg,4200,4789bbdb6e3aabd9f3e4703cec647a7bb9335e2ab8343b92a0d6d186cca0e77c
benchmark/prd_3_1_v1/candidates/segmentation_core_stress_v1/overlays/core/pants/SEGCORE1_0102.jpg,36945,fc38976d16aed64e035a7f942c11cb86e150d9ce4e2a3ee742bf3dac33d148ad
benchmark/prd_3_1_v1/candidates/segmentation_core_stress_v1/overlays/core/pants/SEGCORE1_0103.jpg,16956,cd89ecb07ed14149cd5a57d8a059284511e9a5a3fbad58592f181d5644717b1c
benchmark/prd_3_1_v1/candidates/segmentation_core_stress_v1/overlays/core/pants/SEGCORE1_0104.jpg,23355,345e93ce4f329c65ff92500e65b9f922ac01d15998c28eedb0dc15338868fd85
benchmark/prd_3_1_v1/candidates/segmentation_core_stress_v1/overlays/core/pants/SEGCORE1_0105.jpg,24170,ab075ff7ed0e7f0e6a9bd1175688573b94f364cda01783a939268141a8defc43
benchmark/prd_3_1_v1/candidates/segmentation_core_stress_v1/overlays/core/pants/SEGCORE1_0106.jpg,6568,538be234f9cb2773243ad61cd0670514da670c25e124d9f908e43c987e049527
benchmark/prd_3_1_v1/candidates/segmentation_core_stress_v1/overlays/core/pants/SEGCORE1_0107.jpg,5218,b48f638d1c62a2198b4c0fd5c7c6348f4d56f62f076ca2d3aae51ddf1fffc3d7
benchmark/prd_3_1_v1/candidates/segmentation_core_stress_v1/overlays/core/pants/SEGCORE1_0108.jpg,23141,ddeeda1faa1862d8d217cdb3a7c16e767c0a194f2781e736a22db0ab3b5fdc75
benchmark/prd_3_1_v1/candidates/segmentation_core_stress_v1/overlays/core/pants/SEGCORE1_0109.jpg,12403,636540aba8f54a7dd96dbc8aa01f6a9cc3d5b26a5870f224661c0339dc076d8e
benchmark/prd_3_1_v1/candidates/segmentation_core_stress_v1/overlays/core/pants/SEGCORE1_0110.jpg,24920,50507e02fc3f36526153a7b2b5390586a6d0a93654c120c8effe0fa22676a05c
benchmark/prd_3_1_v1/candidates/segmentation_core_stress_v1/overlays/core/shoe/SEGCORE1_0276.jpg,12312,7be5393beef25ca712dd23a0baa65b3ecaa076fc2c7e03cc3d1fbecfea67e3a1
benchmark/prd_3_1_v1/candidates/segmentation_core_stress_v1/overlays/core/shoe/SEGCORE1_0277.jpg,4204,aeb2cfc43979c563c98b3a4f068493a540b9b1e3b9e2896cf6ef55a87a19a4a2
benchmark/prd_3_1_v1/candidates/segmentation_core_stress_v1/overlays/core/shoe/SEGCORE1_0278.jpg,7640,02ac7cb40e2c2780394954822a2c72be92cdfcdc60bececf88ea2dc009791231
benchmark/prd_3_1_v1/candidates/segmentation_core_stress_v1/overlays/core/shoe/SEGCORE1_0279.jpg,3959,b0f44f0b4488d4853855edb08b2a90450b604e942544e66ab9f0f4734d73b8ff
benchmark/prd_3_1_v1/candidates/segmentation_core_stress_v1/overlays/core/shoe/SEGCORE1_0280.jpg,10941,d96f7542440e377d64e0b64b66f4079c9d533da6bc3b00c4761d0edfc05f5277
benchmark/prd_3_1_v1/candidates/segmentation_core_stress_v1/overlays/core/shoe/SEGCORE1_0281.jpg,2888,70bc07c63c8643e68a867b27538835bb8dd42551b5fcfe39086325aae19dfe59
benchmark/prd_3_1_v1/candidates/segmentation_core_stress_v1/overlays/core/shoe/SEGCORE1_0282.jpg,15427,f652ee4a78e123ed17dbf5b07ba1a6e7615247ad9ab90cfedc7b5a8259da9508
benchmark/prd_3_1_v1/candidates/segmentation_core_stress_v1/overlays/core/shoe/SEGCORE1_0283.jpg,3260,17a028bbac8de73c7e0a3f7e4844ceaf783a1ec30c2dfc13324a1d02b96dd2f2
benchmark/prd_3_1_v1/candidates/segmentation_core_stress_v1/overlays/core/shoe/SEGCORE1_0284.jpg,21080,308ed657a179c30d92b44a2fa260e0d15c7928e2ddb9f6aabc0775507df43a34
benchmark/prd_3_1_v1/candidates/segmentation_core_stress_v1/overlays/core/shoe/SEGCORE1_0285.jpg,3274,6434a9d5968309086b6220fb72712a269e185b1a2a55b82a228ff7d415b3c6de
benchmark/prd_3_1_v1/candidates/segmentation_core_stress_v1/overlays/core/shoe/SEGCORE1_0286.jpg,7858,03102104f4296bf8621f6bf42cd067f71719cbcef4e3fc668abbaf93a1c99dca
benchmark/prd_3_1_v1/candidates/segmentation_core_stress_v1/overlays/core/shoe/SEGCORE1_0287.jpg,4149,c9f427718f1b6ee13b6ff5c867783419e2e8c934585ba7330846a4b1fe04eae8
benchmark/prd_3_1_v1/candidates/segmentation_core_stress_v1/overlays/core/shoe/SEGCORE1_0288.jpg,6558,4c9bc09f28452fa99b8f5168251316d375f10adc3b12fa501f3da127a07ea7ce
benchmark/prd_3_1_v1/candidates/segmentation_core_stress_v1/overlays/core/shoe/SEGCORE1_0289.jpg,3295,5b4198046ae8c42353f27fcd4dc0c3e988a9053c9d0b8de94a39ac419c2f1bdd
benchmark/prd_3_1_v1/candidates/segmentation_core_stress_v1/overlays/core/shoe/SEGCORE1_0290.jpg,6777,abc28d1e8eeae07b4b05730fa3d61003cbde572b83edf9a0dac3cf88e284b235
benchmark/prd_3_1_v1/candidates/segmentation_core_stress_v1/overlays/core/shoe/SEGCORE1_0291.jpg,3525,13807cbcab1292c824aa0e7e2f6a5a983bebd67459473dcd365f016205bac5d8
benchmark/prd_3_1_v1/candidates/segmentation_core_stress_v1/overlays/core/shoe/SEGCORE1_0292.jpg,6367,14f52ce392100bf73ac32c6c2d0667e365a0e0a6606a243b74cc142854061764
benchmark/prd_3_1_v1/candidates/segmentation_core_stress_v1/overlays/core/shoe/SEGCORE1_0293.jpg,4860,37bb4ac88be6434a7a086403738eea92756f7477b38b724218ed387b9536cd55
benchmark/prd_3_1_v1/candidates/segmentation_core_stress_v1/overlays/core/shoe/SEGCORE1_0294.jpg,7731,b6dc6d7dd8b101fdcfa76f74d1524aa3967ffcd3041287ab33d1952ba1a347fd
benchmark/prd_3_1_v1/candidates/segmentation_core_stress_v1/overlays/core/shoe/SEGCORE1_0295.jpg,6652,b40697a573e6d8947c6694a042cbe8c37f500939844d21fa251db10f82b2a9c0
benchmark/prd_3_1_v1/candidates/segmentation_core_stress_v1/overlays/core/shoe/SEGCORE1_0296.jpg,9686,8f29e0550a5091599ccf0c527f13a86e5a590b684621f6827b3cdc5925c4865c
benchmark/prd_3_1_v1/candidates/segmentation_core_stress_v1/overlays/core/shoe/SEGCORE1_0297.jpg,8294,0ee584a4aeb12509a28d559b7c823176db559492d13f5e470c36d14c5e989a9d
benchmark/prd_3_1_v1/candidates/segmentation_core_stress_v1/overlays/core/shoe/SEGCORE1_0298.jpg,7805,16e47dfd903dd8833ef30e1fc95f7ece128b6b58c4de5b6a43eb670dbb8cc2af
benchmark/prd_3_1_v1/candidates/segmentation_core_stress_v1/overlays/core/shoe/SEGCORE1_0299.jpg,6467,23f982bbe33698a79db362692fcbb45de72668e23d46e4c8b3158283899f4cff
benchmark/prd_3_1_v1/candidates/segmentation_core_stress_v1/overlays/core/shoe/SEGCORE1_0300.jpg,5136,95d81017935817d8b9235f14caa725456cdedb310873cd2daf846c58bd01678c
benchmark/prd_3_1_v1/candidates/segmentation_core_stress_v1/overlays/core/shoe/SEGCORE1_0301.jpg,4753,7bdd9b99e521075f0f3b33c049bda7369bbab0e8f214aff575d498bcc179fc3c
benchmark/prd_3_1_v1/candidates/segmentation_core_stress_v1/overlays/core/shoe/SEGCORE1_0302.jpg,6268,430d787bf8330894fd09d369949018fe3879e9b2820fccdd167552148b57bf92
benchmark/prd_3_1_v1/candidates/segmentation_core_stress_v1/overlays/core/shoe/SEGCORE1_0303.jpg,2747,23a654fe1567668df44f7b7ccb73350957c35eecce56ebeb70b10cca8fbef743
benchmark/prd_3_1_v1/candidates/segmentation_core_stress_v1/overlays/core/shoe/SEGCORE1_0304.jpg,8182,a8052799507808203ad8d0f29ec92b149a4747f827a61775047169e5b1e416c2
benchmark/prd_3_1_v1/candidates/segmentation_core_stress_v1/overlays/core/shoe/SEGCORE1_0305.jpg,3199,c416959eb2c965782a76f38834ce3e775c000194368a86a7713e06658fc98653
benchmark/prd_3_1_v1/candidates/segmentation_core_stress_v1/overlays/core/shoe/SEGCORE1_0306.jpg,9021,2e4d6c12516cd6ebc8066c65c9a4e9c0fceab28f29117613a9986958b1be96a5
benchmark/prd_3_1_v1/candidates/segmentation_core_stress_v1/overlays/core/shoe/SEGCORE1_0307.jpg,5641,ec26ab3a2ca95c2ae9b32d82338fdad45eccfe84f076f4177119c02df06a5c95
benchmark/prd_3_1_v1/candidates/segmentation_core_stress_v1/overlays/core/shoe/SEGCORE1_0308.jpg,9773,2de3a9e11b3976b0362714fac9a01d883a753254ff5cd040fb3665f5b8eaf825
benchmark/prd_3_1_v1/candidates/segmentation_core_stress_v1/overlays/core/shoe/SEGCORE1_0309.jpg,2922,053772714b57272cab4f29d5c06d3538753a44f3637cc00078a67ebfc8ba85e4
benchmark/prd_3_1_v1/candidates/segmentation_core_stress_v1/overlays/core/shoe/SEGCORE1_0310.jpg,6881,bd3a4402020ae6a46392ca00b898b939005a0a0080280f61366d6ecc86ac9814
benchmark/prd_3_1_v1/candidates/segmentation_core_stress_v1/overlays/core/shoe/SEGCORE1_0311.jpg,3798,f0d0e14edbd9ca0ec4051f2e74944d771e7e68595bae029c1d6f8da0cdca20d5
benchmark/prd_3_1_v1/candidates/segmentation_core_stress_v1/overlays/core/shoe/SEGCORE1_0312.jpg,9395,e0e9cd30738d69712e5c6095bd0ecf707a38f603a3045c30e870a42a299d0ceb
benchmark/prd_3_1_v1/candidates/segmentation_core_stress_v1/overlays/core/shoe/SEGCORE1_0313.jpg,2984,7e66fa884b33fae1b1ce4754c4f8646fddb06d55aeb307fbdaa7eec0837355b3
benchmark/prd_3_1_v1/candidates/segmentation_core_stress_v1/overlays/core/shoe/SEGCORE1_0314.jpg,9417,df2399cc82824767f204cd8026e7c8c090f4a7e8f037176fcca01faebc889268
benchmark/prd_3_1_v1/candidates/segmentation_core_stress_v1/overlays/core/shoe/SEGCORE1_0315.jpg,3117,3f0958d2d7b276e116d1c10207553f31ce1e4ee28db713b012dec6b9e3051366
benchmark/prd_3_1_v1/candidates/segmentation_core_stress_v1/overlays/core/shoe/SEGCORE1_0316.jpg,9150,e89422113fa7b9f8c4c2399a45bcec674bdd51ad0a3b429cd3bd6e8a6175f355
benchmark/prd_3_1_v1/candidates/segmentation_core_stress_v1/overlays/core/shoe/SEGCORE1_0317.jpg,3054,e69f923563ef6432bf6ff973c13dd76213ae2d64a7bad0bb24ad620d7e59e418
benchmark/prd_3_1_v1/candidates/segmentation_core_stress_v1/overlays/core/shoe/SEGCORE1_0318.jpg,9150,7e19ba70ff66380f61f63ecdb6faaf7ff3817f77c64b53801af2deb9cb36fdb0
benchmark/prd_3_1_v1/candidates/segmentation_core_stress_v1/overlays/core/shoe/SEGCORE1_0319.jpg,2802,1a3e9777333fa6d31c187446244a1d5c765f9654acfea8bdbbf5fd241e0f568b
benchmark/prd_3_1_v1/candidates/segmentation_core_stress_v1/overlays/core/shoe/SEGCORE1_0320.jpg,7811,55abec79a57b11bb337fdfd2a831a43d601dd808060ea6f1c70bf6ec450d57a4
benchmark/prd_3_1_v1/candidates/segmentation_core_stress_v1/overlays/core/shoe/SEGCORE1_0321.jpg,3906,1b9ff13ef9c14769056bdf6f329c32b87cac84d077a5f5fe52294931e5e4392b
benchmark/prd_3_1_v1/candidates/segmentation_core_stress_v1/overlays/core/shoe/SEGCORE1_0322.jpg,10380,650ac16d872b989c8c412909c039564240482814aa7aa999697bcb34f6bab55f
benchmark/prd_3_1_v1/candidates/segmentation_core_stress_v1/overlays/core/shoe/SEGCORE1_0323.jpg,3359,f498e39f8fd55b65467e7578377b99bc80af9fb63a114223bd3eb858401d7837
benchmark/prd_3_1_v1/candidates/segmentation_core_stress_v1/overlays/core/shoe/SEGCORE1_0324.jpg,7316,0612c7ce70b9a42cec16f17275fdb36d2eaa26d19f46498938d9fde29b07ff85
benchmark/prd_3_1_v1/candidates/segmentation_core_stress_v1/overlays/core/shoe/SEGCORE1_0325.jpg,5082,3db60f36eece11c2956d6daef627ef6f3f068069b095bcddf2256d691781f0c9
benchmark/prd_3_1_v1/candidates/segmentation_core_stress_v1/overlays/core/shoe/SEGCORE1_0326.jpg,9260,2be98e991f893c4c4349fb7523e1a89a423ce282e6e69f483d8eace16a3acc57
benchmark/prd_3_1_v1/candidates/segmentation_core_stress_v1/overlays/core/shoe/SEGCORE1_0327.jpg,5083,c7460889c9248693cc80673dbd50bade6968cf5ea0e1ed3fc650f40dfa447111
benchmark/prd_3_1_v1/candidates/segmentation_core_stress_v1/overlays/core/shoe/SEGCORE1_0328.jpg,10826,4462cbe532b5a12859eecac4387ed81b21af3481054a7c1895260f884b711393
benchmark/prd_3_1_v1/candidates/segmentation_core_stress_v1/overlays/core/shoe/SEGCORE1_0329.jpg,4550,625fc9a366ad742de2b163fbd3f821dcae6e30455915a6df69c7f11f92a89a18
benchmark/prd_3_1_v1/candidates/segmentation_core_stress_v1/overlays/core/shoe/SEGCORE1_0330.jpg,9667,f1604de496166fcc7ab149983923d4890925267afbee8fed5a6cc6b9df255aa1
benchmark/prd_3_1_v1/candidates/segmentation_core_stress_v1/overlays/core/skirt/SEGCORE1_0111.jpg,4387,cbafa48b76eb5c09469feb55155fd2856665b347726c3c72f82d834654a1e6b5
benchmark/prd_3_1_v1/candidates/segmentation_core_stress_v1/overlays/core/skirt/SEGCORE1_0112.jpg,3872,d5ce6aac9ef6d45bba2244a45fc6460dd4e547b96ea412521519c7ec666614e4
benchmark/prd_3_1_v1/candidates/segmentation_core_stress_v1/overlays/core/skirt/SEGCORE1_0113.jpg,36732,04d5e440ac9065cc0b3bcf3a82e206dc4664e93dc0b8b01623fb2feaf246f391
benchmark/prd_3_1_v1/candidates/segmentation_core_stress_v1/overlays/core/skirt/SEGCORE1_0114.jpg,10549,1aba2a0b77f90974fa4337a4761a63daa6f8bade41d14dd2e2c51d3b13b451ac
benchmark/prd_3_1_v1/candidates/segmentation_core_stress_v1/overlays/core/skirt/SEGCORE1_0115.jpg,3376,04fded50ef5b1c3d50c48f391f6f92b44fada2738761a58b1df935a9f4f920c0
benchmark/prd_3_1_v1/candidates/segmentation_core_stress_v1/overlays/core/skirt/SEGCORE1_0116.jpg,51613,f50552ef1797b1242538b98f365c58eae6962342e91e2629f657881202ae26d3
benchmark/prd_3_1_v1/candidates/segmentation_core_stress_v1/overlays/core/skirt/SEGCORE1_0117.jpg,13759,82f03692317dfbe4a3927dc57eefe59716f283be31689e81d214e0cebc74ed6f
benchmark/prd_3_1_v1/candidates/segmentation_core_stress_v1/overlays/core/skirt/SEGCORE1_0118.jpg,4091,3e54545a94b80ae3841dff861aa3f6a3576674daf34faa116ee33ed98776cae4
benchmark/prd_3_1_v1/candidates/segmentation_core_stress_v1/overlays/core/skirt/SEGCORE1_0119.jpg,60408,8d37a14b83523174962d233d561bd584080713feb8a10fb87616df79ddf37977
benchmark/prd_3_1_v1/candidates/segmentation_core_stress_v1/overlays/core/skirt/SEGCORE1_0120.jpg,47644,4181b6081a534e89ab51934266ef05df1eb6f10ae4e29ea59de392bb42f451bd
benchmark/prd_3_1_v1/candidates/segmentation_core_stress_v1/overlays/core/skirt/SEGCORE1_0121.jpg,5895,7436613e9fb546ce1dd71415d4506d1ee932a24a960bcd6f9e002c17607d7f5b
benchmark/prd_3_1_v1/candidates/segmentation_core_stress_v1/overlays/core/skirt/SEGCORE1_0122.jpg,25457,ab62a96fb8cf565f390930cec98f0d270685a7a04a4bb0f8b042a4a4b8893854
benchmark/prd_3_1_v1/candidates/segmentation_core_stress_v1/overlays/core/skirt/SEGCORE1_0123.jpg,9128,4c9b3b8323660f6d3f9d84bded49125ac5d522d2309e42aa5a8eda23c8a89867
benchmark/prd_3_1_v1/candidates/segmentation_core_stress_v1/overlays/core/skirt/SEGCORE1_0124.jpg,7516,a785b13cd73e89cc2e004bc23fe717bf61b3a2d750bce4368e39ac2c2c6168ce
benchmark/prd_3_1_v1/candidates/segmentation_core_stress_v1/overlays/core/skirt/SEGCORE1_0125.jpg,38526,b5db1554587bdbadb690e2db3d83b8fa27c5cd0c187e428eb8bc9c596e21dd17
benchmark/prd_3_1_v1/candidates/segmentation_core_stress_v1/overlays/core/skirt/SEGCORE1_0126.jpg,10706,e48e4bc561b39d7e9e6702c2a574201ac77957f1f857a6abfe50c4dd9d8e4292
benchmark/prd_3_1_v1/candidates/segmentation_core_stress_v1/overlays/core/skirt/SEGCORE1_0127.jpg,5594,2600f3dba50aa706cc2d0dfa1b1a3af5501398f4b34ea849c00062b265a5a598
benchmark/prd_3_1_v1/candidates/segmentation_core_stress_v1/overlays/core/skirt/SEGCORE1_0128.jpg,27618,1e56d066b932752dcaa98fc371277b460855761ae43d50f72288b2a383d8daf7
benchmark/prd_3_1_v1/candidates/segmentation_core_stress_v1/overlays/core/skirt/SEGCORE1_0129.jpg,29886,b5c0395dce434a40438049eb65383482820999533acf1297749fb1e30ef0ebaf
benchmark/prd_3_1_v1/candidates/segmentation_core_stress_v1/overlays/core/skirt/SEGCORE1_0130.jpg,3042,3613a6d078162625a6bfcf7e5f5ee9ca6dce60b0d4184422d0861335057aef02
benchmark/prd_3_1_v1/candidates/segmentation_core_stress_v1/overlays/core/skirt/SEGCORE1_0131.jpg,41415,4e189bc65cab04eddb6bf26d912bd0514f86ab6994874e57f029132f658e7110
benchmark/prd_3_1_v1/candidates/segmentation_core_stress_v1/overlays/core/skirt/SEGCORE1_0132.jpg,14278,cbd787a6a5ed502eece686498b2a24fb37742ea74d7c8b913fbb0f8dc16bc279
benchmark/prd_3_1_v1/candidates/segmentation_core_stress_v1/overlays/core/skirt/SEGCORE1_0133.jpg,8479,972ecdef879ebf029fc7f8fdd332c9f7cc5581d95925d31080195322c92c94c2
benchmark/prd_3_1_v1/candidates/segmentation_core_stress_v1/overlays/core/skirt/SEGCORE1_0134.jpg,40425,0efcb4a70ba2678316ea63987317644bcbb7a90763debda400eb838c01f97f69
benchmark/prd_3_1_v1/candidates/segmentation_core_stress_v1/overlays/core/skirt/SEGCORE1_0135.jpg,10595,6d38f975cc42bd96e0f39045db6b37765c88bba3cb78c03b497ef31ff3c617a3
benchmark/prd_3_1_v1/candidates/segmentation_core_stress_v1/overlays/core/skirt/SEGCORE1_0136.jpg,6198,cc113fa27a0ed0cb688cd48706f2894f802c4124aa5b1357999be90e88994aed
benchmark/prd_3_1_v1/candidates/segmentation_core_stress_v1/overlays/core/skirt/SEGCORE1_0137.jpg,25022,384e4f4269db6908435234689d091d16abe76e062360900e8748c68ecaed05bf
benchmark/prd_3_1_v1/candidates/segmentation_core_stress_v1/overlays/core/skirt/SEGCORE1_0138.jpg,9491,525f88a1f6d668d5b7fd3762df2223e5594290d4223f0e744d2a67f09bac591f
benchmark/prd_3_1_v1/candidates/segmentation_core_stress_v1/overlays/core/skirt/SEGCORE1_0139.jpg,3898,52ccf4cbed869d92a84eef5339e25ba5fe4a2ebec28b9c59147b8833f5494577
benchmark/prd_3_1_v1/candidates/segmentation_core_stress_v1/overlays/core/skirt/SEGCORE1_0140.jpg,32321,6c59c390062c0f12b76ec593c11799f103d5e2ef0bbfb350cb4267944959c409
benchmark/prd_3_1_v1/candidates/segmentation_core_stress_v1/overlays/core/skirt/SEGCORE1_0141.jpg,10526,3010f5288c9cd8c87c6c6cc120454e75e15a0afb71b65914e3f93adf1b985a06
benchmark/prd_3_1_v1/candidates/segmentation_core_stress_v1/overlays/core/skirt/SEGCORE1_0142.jpg,7171,bc8c89c1ffe49d19b4d54544b3d5a5c8202b33053b52d9fb474c9461508c422f
benchmark/prd_3_1_v1/candidates/segmentation_core_stress_v1/overlays/core/skirt/SEGCORE1_0143.jpg,22096,de296ce6e6623d8cd31612ee45a0bd00de0ca5528d4e83e0f666d3f7a434ee95
benchmark/prd_3_1_v1/candidates/segmentation_core_stress_v1/overlays/core/skirt/SEGCORE1_0144.jpg,20338,dcf838a3d21514b32ef30e5ba6c53d71b25a54ef3689ded4d3e1987af8495865
benchmark/prd_3_1_v1/candidates/segmentation_core_stress_v1/overlays/core/skirt/SEGCORE1_0145.jpg,5716,67b64af7d49e56d98800e37c74b3044f6116ab4c6bf3134b267ff788d6cd9adc
benchmark/prd_3_1_v1/candidates/segmentation_core_stress_v1/overlays/core/skirt/SEGCORE1_0146.jpg,58429,f6669d8642ec6636c8c16668d20e8c59e415c0d3d7981a7ad2a1014cc60712f5
benchmark/prd_3_1_v1/candidates/segmentation_core_stress_v1/overlays/core/skirt/SEGCORE1_0147.jpg,10162,a4a1063c893f555ee42d8f5d250a157094cbf14566f4795e3d8b3dfa43dbf926
benchmark/prd_3_1_v1/candidates/segmentation_core_stress_v1/overlays/core/skirt/SEGCORE1_0148.jpg,3213,47dcf9f9ed26ee8b5c672eaa14599568e3200458434cdce7eac481d6a46a619a
benchmark/prd_3_1_v1/candidates/segmentation_core_stress_v1/overlays/core/skirt/SEGCORE1_0149.jpg,24459,7aecd50244bd6e91864f9ced44c54ce2fd2bae523616a926b8d66981c66210dd
benchmark/prd_3_1_v1/candidates/segmentation_core_stress_v1/overlays/core/skirt/SEGCORE1_0150.jpg,10337,a81ecc674307b3355248d78c4f21bfd01c41035d06f167d41e9689117e31b61b
benchmark/prd_3_1_v1/candidates/segmentation_core_stress_v1/overlays/core/skirt/SEGCORE1_0151.jpg,6448,d3624caab68dede886682c2e58c0f0acdea7aa7557599d62e9f2b8fcbbc66460
benchmark/prd_3_1_v1/candidates/segmentation_core_stress_v1/overlays/core/skirt/SEGCORE1_0152.jpg,47080,7e1a95b0eee9ae5ef28bb627cc99a72f206ef03bbfd45c9439c29d9236b0a316
benchmark/prd_3_1_v1/candidates/segmentation_core_stress_v1/overlays/core/skirt/SEGCORE1_0153.jpg,16081,c24b1fb303b45b7016431435442d2757a6c3a2ca2201b3b27f2abed18221ed47
benchmark/prd_3_1_v1/candidates/segmentation_core_stress_v1/overlays/core/skirt/SEGCORE1_0154.jpg,2457,0f2ac1687d3e125a10fd0dc01e9ad0e9a418110eb5b2247b8b1156729b94c6d6
benchmark/prd_3_1_v1/candidates/segmentation_core_stress_v1/overlays/core/skirt/SEGCORE1_0155.jpg,16409,6cbbc23f26b8de902d6df39a113d046af59fde1d0eafcfaf7faeba91ecbd2372
benchmark/prd_3_1_v1/candidates/segmentation_core_stress_v1/overlays/core/skirt/SEGCORE1_0156.jpg,8096,494eaf3b57c20617934fd3e149a6d79e1e74a012a102f5d4d333fd4eea792d14
benchmark/prd_3_1_v1/candidates/segmentation_core_stress_v1/overlays/core/skirt/SEGCORE1_0157.jpg,3611,d52c9e9cf2db22dbc8d422d5131bc34e17b28e7ccfdbaf5206a6862167f8d921
benchmark/prd_3_1_v1/candidates/segmentation_core_stress_v1/overlays/core/skirt/SEGCORE1_0158.jpg,36694,e6d0fed69c178dae8c9b5a9d595966a27ad5ec969a51734d3e89113b552d1df9
benchmark/prd_3_1_v1/candidates/segmentation_core_stress_v1/overlays/core/skirt/SEGCORE1_0159.jpg,24309,648562a422d14c6fc0f7be5729a3e77090d1c461374ac0cb79e920a76aa56a7a
benchmark/prd_3_1_v1/candidates/segmentation_core_stress_v1/overlays/core/skirt/SEGCORE1_0160.jpg,5685,8ca4072da6c499cd9c2f017d5850f79b849a96f06048cc48085ec6ff9fd65580
benchmark/prd_3_1_v1/candidates/segmentation_core_stress_v1/overlays/core/skirt/SEGCORE1_0161.jpg,52051,753d95d5d49db39adc57cc0e09733718b2b2fba4b84934f3cbb56e284bfc013c
benchmark/prd_3_1_v1/candidates/segmentation_core_stress_v1/overlays/core/skirt/SEGCORE1_0162.jpg,19301,0ae2c8e5f1969fff6bbf7c79f95508d6eee5b8bd1f01ab86a96554ba6fc054d0
benchmark/prd_3_1_v1/candidates/segmentation_core_stress_v1/overlays/core/skirt/SEGCORE1_0163.jpg,3826,1dc8d8d31e29f74de090887e7e23273436250febe7308aa5cb1d897e70cadf36
benchmark/prd_3_1_v1/candidates/segmentation_core_stress_v1/overlays/core/skirt/SEGCORE1_0164.jpg,56412,e21b20b2351be55778779ae9a608275c0a9ffdc41fe6da461f471986f9a82d07
benchmark/prd_3_1_v1/candidates/segmentation_core_stress_v1/overlays/core/skirt/SEGCORE1_0165.jpg,12098,b5aea0f309544140796b466db9bfc123282ab386fd1b18976df2f42d02fe05a2
benchmark/prd_3_1_v1/candidates/segmentation_core_stress_v1/overlays/core/top/SEGCORE1_0001.jpg,20899,4490c43ea818aac58d754793a4254382fc0f4b6fd183847cb849fe74765c979c
benchmark/prd_3_1_v1/candidates/segmentation_core_stress_v1/overlays/core/top/SEGCORE1_0002.jpg,2519,795b0ef2c7dcd33745e629447100f08b278ee33b948d69f63664abfaec287b5f
benchmark/prd_3_1_v1/candidates/segmentation_core_stress_v1/overlays/core/top/SEGCORE1_0003.jpg,22058,1dd757aa98de6dde563c5fb3e5abb80d9dbcb4aa10d00828d4ea6c85949a526b
benchmark/prd_3_1_v1/candidates/segmentation_core_stress_v1/overlays/core/top/SEGCORE1_0004.jpg,42068,9630fc591a9a5b84b916eac6e699e6ebea3e816f437aa96bb9d61207b31e9c46
benchmark/prd_3_1_v1/candidates/segmentation_core_stress_v1/overlays/core/top/SEGCORE1_0005.jpg,3640,c8f05e1afc7aac326309c304ceccf3c34afb64b49c6ef10bfd0e43428908e458
benchmark/prd_3_1_v1/candidates/segmentation_core_stress_v1/overlays/core/top/SEGCORE1_0006.jpg,3945,727907ffaa5c4e7367d2181efde065afdc08ea7f9fd6d2a334a36c8e2f900886
benchmark/prd_3_1_v1/candidates/segmentation_core_stress_v1/overlays/core/top/SEGCORE1_0007.jpg,7358,944db31cff4f5addaa45efad34ee94db408719dda5895f4d48850c925eafd35b
benchmark/prd_3_1_v1/candidates/segmentation_core_stress_v1/overlays/core/top/SEGCORE1_0008.jpg,35255,8b880981283322cb8b1e627c520ca3f5f50067ef721158b2ed71a7b5c0fe4da2
benchmark/prd_3_1_v1/candidates/segmentation_core_stress_v1/overlays/core/top/SEGCORE1_0009.jpg,39434,edaf650b9668c0cc2e19b2a83ccacd2f89da3d0b52f91ca72b1174bcb805dfbd
benchmark/prd_3_1_v1/candidates/segmentation_core_stress_v1/overlays/core/top/SEGCORE1_0010.jpg,39974,a9c04d84d872452dcae8e274e8e46e49a500dee0ef0d3f64d4960d87cde97600
benchmark/prd_3_1_v1/candidates/segmentation_core_stress_v1/overlays/core/top/SEGCORE1_0011.jpg,10128,802ce17958ee795d0c5bd66d918ecce0fb8c36b390b33ccdc80b81f1415c5fb5
benchmark/prd_3_1_v1/candidates/segmentation_core_stress_v1/overlays/core/top/SEGCORE1_0012.jpg,17501,cbc3881b1ebc283223d75019d39be4fd77d2b21ddc0d38c9a79f95e218f3e8b7
benchmark/prd_3_1_v1/candidates/segmentation_core_stress_v1/overlays/core/top/SEGCORE1_0013.jpg,33488,89462fe62eb3bfd1b729fedfee6772cc253b64e3283951c6cc65791f875ad03e
benchmark/prd_3_1_v1/candidates/segmentation_core_stress_v1/overlays/core/top/SEGCORE1_0014.jpg,8806,ccc2c4678872458fd91b5b0a9dfc1b6afbcc3431ce73486d3ffbdb438e1f6777
benchmark/prd_3_1_v1/candidates/segmentation_core_stress_v1/overlays/core/top/SEGCORE1_0015.jpg,18844,23a97b027ad45520bc5b6f338160961d9f6b7e2396ac4fe74237888cfa887ffd
benchmark/prd_3_1_v1/candidates/segmentation_core_stress_v1/overlays/core/top/SEGCORE1_0016.jpg,26088,620e857967d8eae77ca98753b3ae3f082976822eadeec8f7dd87cad27db3be71
benchmark/prd_3_1_v1/candidates/segmentation_core_stress_v1/overlays/core/top/SEGCORE1_0017.jpg,4298,1098db34aa0dd9a10f9fe69ef6f1408a859756e7af3c4b2e983580a5b7ec9e31
benchmark/prd_3_1_v1/candidates/segmentation_core_stress_v1/overlays/core/top/SEGCORE1_0018.jpg,3459,0e18a7346d87c4cb0c80927f2ee9c7d8f91e2dc054f56885b65615cc04144ed0
benchmark/prd_3_1_v1/candidates/segmentation_core_stress_v1/overlays/core/top/SEGCORE1_0019.jpg,9532,1c2591f13488bd66175ea3c79efb8cf22fb38402cdc1709ec89233654aae6730
benchmark/prd_3_1_v1/candidates/segmentation_core_stress_v1/overlays/core/top/SEGCORE1_0020.jpg,30841,af4ecac51f95647cac9b2000b96663828261575a71e5189078a7f0000650620d
benchmark/prd_3_1_v1/candidates/segmentation_core_stress_v1/overlays/core/top/SEGCORE1_0021.jpg,11896,aca798611613406a1cf32fd0dc9e7dd35e07581ae8fc50c92b2de8d76f27e8df
benchmark/prd_3_1_v1/candidates/segmentation_core_stress_v1/overlays/core/top/SEGCORE1_0022.jpg,13694,a91a96304436da6c58a8f3c15d20fa3603831af4578d32d74844e65fd08761af
benchmark/prd_3_1_v1/candidates/segmentation_core_stress_v1/overlays/core/top/SEGCORE1_0023.jpg,5783,9747178d70fe521facebd3b22c35f4915a9771c4864a04c4ddfaba9071bbae32
benchmark/prd_3_1_v1/candidates/segmentation_core_stress_v1/overlays/core/top/SEGCORE1_0024.jpg,8004,7d2c7aad94be41437ad399437d7307a50622f451d0ddc35e7dbddf03adefb18b
benchmark/prd_3_1_v1/candidates/segmentation_core_stress_v1/overlays/core/top/SEGCORE1_0025.jpg,37947,99c06035b4d48618e7de39745cc28488ebc8dc529dc73b0f8e31a2b794749143
benchmark/prd_3_1_v1/candidates/segmentation_core_stress_v1/overlays/core/top/SEGCORE1_0026.jpg,10250,66ca83515a91facdfbb9b0b68c7afa824479157a8bb900aee11ad8b9b5b0ce13
benchmark/prd_3_1_v1/candidates/segmentation_core_stress_v1/overlays/core/top/SEGCORE1_0027.jpg,10391,f9be752e2b44b1cd47a74bfa8381343743b997575969b5e1ac72f6b70868491c
benchmark/prd_3_1_v1/candidates/segmentation_core_stress_v1/overlays/core/top/SEGCORE1_0028.jpg,60924,c4017e1061ca97ea89d66ee19c73b307b6961403bc8dae5ebed6218dff352888
benchmark/prd_3_1_v1/candidates/segmentation_core_stress_v1/overlays/core/top/SEGCORE1_0029.jpg,5086,96ad7ad1d4f500d1b7b567d4a3ff4c93c1b082683ed0973a20c4e657ea22312e
benchmark/prd_3_1_v1/candidates/segmentation_core_stress_v1/overlays/core/top/SEGCORE1_0030.jpg,5749,af303e230c78105c7bba3fe5d8c50dd2c4cefd84828a3388f5da86ea4c9d4549
benchmark/prd_3_1_v1/candidates/segmentation_core_stress_v1/overlays/core/top/SEGCORE1_0031.jpg,4071,8924f1a28445f1ae94ab150b5d4462ed130b6a3fd4ed3c63c80fe4013fb7833f
benchmark/prd_3_1_v1/candidates/segmentation_core_stress_v1/overlays/core/top/SEGCORE1_0032.jpg,100750,57697e5a2601fb093e018f92f83e2c2aae454b8ded47b9b64b4e8ae7901c070d
benchmark/prd_3_1_v1/candidates/segmentation_core_stress_v1/overlays/core/top/SEGCORE1_0033.jpg,10023,80b6b41f092a8257aab70aa34b23c6bf116086a32f1a00fe3275be0be941916c
benchmark/prd_3_1_v1/candidates/segmentation_core_stress_v1/overlays/core/top/SEGCORE1_0034.jpg,55463,165815809c05f69411ae3923944e4e9018085db6acfb2a27a582aff500e4bea5
benchmark/prd_3_1_v1/candidates/segmentation_core_stress_v1/overlays/core/top/SEGCORE1_0035.jpg,6291,f170b5c36b26a93f9d9aee3e30aff471de57fb369a2f4ac3f920941e6f52557b
benchmark/prd_3_1_v1/candidates/segmentation_core_stress_v1/overlays/core/top/SEGCORE1_0036.jpg,11671,4f43550e20fe02a51644cd5029100065e50e4b3190bc37c38f5bc896db8194e9
benchmark/prd_3_1_v1/candidates/segmentation_core_stress_v1/overlays/core/top/SEGCORE1_0037.jpg,29192,05a6e209d460f35223b2ae91b44e04316221e270082839f722e5e70dc0b78b21
benchmark/prd_3_1_v1/candidates/segmentation_core_stress_v1/overlays/core/top/SEGCORE1_0038.jpg,7883,defc9eae0ef11ec480577eb1a83cbe85558ad72a4ec2ef5644e2f0ea209b0358
benchmark/prd_3_1_v1/candidates/segmentation_core_stress_v1/overlays/core/top/SEGCORE1_0039.jpg,12570,fd2140462ebbbbd98afabaca61b1c9b3ee3ad32f6f7acde3087feefa966e139d
benchmark/prd_3_1_v1/candidates/segmentation_core_stress_v1/overlays/core/top/SEGCORE1_0040.jpg,49940,37e16297d72f729f8c9f4b2b5c7bebb44d33745b98610ded6c16cf0f2d1b5a5a
benchmark/prd_3_1_v1/candidates/segmentation_core_stress_v1/overlays/core/top/SEGCORE1_0041.jpg,4025,c9d5070455ca42e9bbdc368e077a94de5d869a126814716d3ff24bb3a868ff94
benchmark/prd_3_1_v1/candidates/segmentation_core_stress_v1/overlays/core/top/SEGCORE1_0042.jpg,5309,b21e11c8c98b69edbfd7a3116f031158751f485ae81c3714aa37be1905936713
benchmark/prd_3_1_v1/candidates/segmentation_core_stress_v1/overlays/core/top/SEGCORE1_0043.jpg,3914,99babe3a78a6fa9cb973560a25ecd18c0fea21ed2dba7357f480dfd162b04a5d
benchmark/prd_3_1_v1/candidates/segmentation_core_stress_v1/overlays/core/top/SEGCORE1_0044.jpg,19943,ec2c7cda0ac81c7fb64ba1448515bf970cb89f2bd7aec1c408145312290ddf60
benchmark/prd_3_1_v1/candidates/segmentation_core_stress_v1/overlays/core/top/SEGCORE1_0045.jpg,15294,b1848795bca3b0d8d148ee010ef054e0f0b31d6cb43a5e5a8fd6bf88e5abdbae
benchmark/prd_3_1_v1/candidates/segmentation_core_stress_v1/overlays/core/top/SEGCORE1_0046.jpg,38304,3ca887fd55776758e9f32c68138331b8c0d782cda81b583353b7e93d5d8fec6e
benchmark/prd_3_1_v1/candidates/segmentation_core_stress_v1/overlays/core/top/SEGCORE1_0047.jpg,26021,723fad4d7e1a86acb737f5cebb52fc8ebb37a97f2160bfe423bb6dbd4802ef62
benchmark/prd_3_1_v1/candidates/segmentation_core_stress_v1/overlays/core/top/SEGCORE1_0048.jpg,12116,f5c04a87b7f4b2e3ca39066fc93b8b5ae56adee3b436925789c868a42e8af66b
benchmark/prd_3_1_v1/candidates/segmentation_core_stress_v1/overlays/core/top/SEGCORE1_0049.jpg,54209,0f0d395dd61edd9fa1473595256e438dc7969afff4155d304feb70727567b902
benchmark/prd_3_1_v1/candidates/segmentation_core_stress_v1/overlays/core/top/SEGCORE1_0050.jpg,4848,2b6a529ae3f474f87c8e95769dfb3ab9b21d840e5a5ee2253ded318c2ae85468
benchmark/prd_3_1_v1/candidates/segmentation_core_stress_v1/overlays/core/top/SEGCORE1_0051.jpg,22123,717189cb41dc21f3de9b17f0b5a2ae2476626d97607eecab88b0b6dc8f4ce190
benchmark/prd_3_1_v1/candidates/segmentation_core_stress_v1/overlays/core/top/SEGCORE1_0052.jpg,71006,a1fb5311a0e3f2fb3813767b22f22cae6c12e8b85596809004f356947f34fe2d
benchmark/prd_3_1_v1/candidates/segmentation_core_stress_v1/overlays/core/top/SEGCORE1_0053.jpg,6024,652a0b5f9f7adc503fa07cf48e24132ce1ae4c9a492fc64e88c40ea515d5de15
benchmark/prd_3_1_v1/candidates/segmentation_core_stress_v1/overlays/core/top/SEGCORE1_0054.jpg,6189,e2eb170484893c9a2edbba68dd2e75176e40bd5c010a8b452ea5c868a9c558ac
benchmark/prd_3_1_v1/candidates/segmentation_core_stress_v1/overlays/core/top/SEGCORE1_0055.jpg,12999,c61242a88358f879f791d570076b45bc412571e6ac879e30ac20f3d45474305c
benchmark/prd_3_1_v1/candidates/segmentation_core_stress_v1/overlays/stress/accessory/SEGSTR1_0071.jpg,974,96a982a9cbb7f05b0d735099742b8e2e380cda89184bc84dd795523a14c71a3f
benchmark/prd_3_1_v1/candidates/segmentation_core_stress_v1/overlays/stress/accessory/SEGSTR1_0072.jpg,1084,cf150763287bf73183d59eb1c9aa428964fcfcda9eb74e4d073ae1f7ad525793
benchmark/prd_3_1_v1/candidates/segmentation_core_stress_v1/overlays/stress/accessory/SEGSTR1_0073.jpg,1082,16d78a5d7bfa092610fa727a76579866c07f57d14ba72daffbc740772659f6fd
benchmark/prd_3_1_v1/candidates/segmentation_core_stress_v1/overlays/stress/accessory/SEGSTR1_0074.jpg,1171,121c2c58e67bccb9194386552d06f65ef4821de24b425b528966167b5cf1c2dc
benchmark/prd_3_1_v1/candidates/segmentation_core_stress_v1/overlays/stress/accessory/SEGSTR1_0075.jpg,1172,8c1976bf8068d0182f4120c57f9f3584bc3cdf3edc9766ee3acab22dd24ec4f1
benchmark/prd_3_1_v1/candidates/segmentation_core_stress_v1/overlays/stress/accessory/SEGSTR1_0076.jpg,1056,722a374a17192fdb3c4075d601de1e53f99a44cc0166388e980cfec07616a6dd
benchmark/prd_3_1_v1/candidates/segmentation_core_stress_v1/overlays/stress/accessory/SEGSTR1_0077.jpg,1159,598cc3a2e1a02f39b119a8348c260a9dbad203e19d04acd7c2a4de4d5858dcfb
benchmark/prd_3_1_v1/candidates/segmentation_core_stress_v1/overlays/stress/accessory/SEGSTR1_0078.jpg,1150,31f9676b0c766417c39eff0f37be6c9c1d9f47de8eea63f0382213e82442a367
benchmark/prd_3_1_v1/candidates/segmentation_core_stress_v1/overlays/stress/accessory/SEGSTR1_0079.jpg,1142,d19853a11d48b7d3959c594ae8dd78c4aff33b36bc17aeef1c9f15b346343af9
benchmark/prd_3_1_v1/candidates/segmentation_core_stress_v1/overlays/stress/accessory/SEGSTR1_0080.jpg,1307,afe7cda51417378053cc191d0a17446c7e84b1c26774bdbe71a77905e1384073
benchmark/prd_3_1_v1/candidates/segmentation_core_stress_v1/overlays/stress/bag/SEGSTR1_0061.jpg,2418,f327c6b6d84b8aaec2ae2c694cc6a11490e35c377f4e173c05d3691c84e61fa2
benchmark/prd_3_1_v1/candidates/segmentation_core_stress_v1/overlays/stress/bag/SEGSTR1_0062.jpg,2860,228f49b66ce9a7f6f2dff8eeb6a3c859b2b5f7bf01346fd5a45979913e178e9c
benchmark/prd_3_1_v1/candidates/segmentation_core_stress_v1/overlays/stress/bag/SEGSTR1_0063.jpg,3658,9f604461db997dced0cbf2e6bce8e12aeb11ab36cce9018579fab46d762910cf
benchmark/prd_3_1_v1/candidates/segmentation_core_stress_v1/overlays/stress/bag/SEGSTR1_0064.jpg,3194,9eb855c80fd686e66ed065d5a966c65a1ec8f761a8ce5a5525117626f75805dc
benchmark/prd_3_1_v1/candidates/segmentation_core_stress_v1/overlays/stress/bag/SEGSTR1_0065.jpg,6677,ce12d13d8c32d3e8799dde9b745e36cf76df77a76dffc239e651324a3fcc6e30
benchmark/prd_3_1_v1/candidates/segmentation_core_stress_v1/overlays/stress/bag/SEGSTR1_0066.jpg,9335,ab3af999b2312347b979f96819630d959c73d1837abe39fe368b1b2c6c33e844
benchmark/prd_3_1_v1/candidates/segmentation_core_stress_v1/overlays/stress/bag/SEGSTR1_0067.jpg,8264,c15399cdd39d2be324b93f54ed4fb1d54bdae32bde9bb85625d7487f17c7638c
benchmark/prd_3_1_v1/candidates/segmentation_core_stress_v1/overlays/stress/bag/SEGSTR1_0068.jpg,8925,60649defd384b799501f22d99c3e6341b8771510d42eb3abb88ac15c88227640
benchmark/prd_3_1_v1/candidates/segmentation_core_stress_v1/overlays/stress/bag/SEGSTR1_0069.jpg,15952,8a6ff17e3c708e6cbd8fc47e68e4fe78c11de9750d2f13ac3f369a281e6ceedc
benchmark/prd_3_1_v1/candidates/segmentation_core_stress_v1/overlays/stress/bag/SEGSTR1_0070.jpg,30896,1acf6f3912b85e944734016a590ddeb4095e0b978d981666a6228c9c4922b02c
benchmark/prd_3_1_v1/candidates/segmentation_core_stress_v1/overlays/stress/dress/SEGSTR1_0041.jpg,1648,87d74462591a68320fd74197df3420a732f18aae5697b2ffd48348229e3459b5
benchmark/prd_3_1_v1/candidates/segmentation_core_stress_v1/overlays/stress/dress/SEGSTR1_0042.jpg,2636,443289f64de56c22b324385d9ae1c1c73be754f789642ee00965af4bbbaab2fa
benchmark/prd_3_1_v1/candidates/segmentation_core_stress_v1/overlays/stress/dress/SEGSTR1_0043.jpg,3418,3262b3a36b2d99164665b662843f266041db15e857286fe0e21dfaf03e9ee37d
benchmark/prd_3_1_v1/candidates/segmentation_core_stress_v1/overlays/stress/dress/SEGSTR1_0044.jpg,2977,021f652c9027437a065810147db6a4315a00213ecb3a6979021f00fa805ff937
benchmark/prd_3_1_v1/candidates/segmentation_core_stress_v1/overlays/stress/dress/SEGSTR1_0045.jpg,2930,7d84cb22036a159a87c362d5b4d586e3d9567d7ff6756a7759a0fcb6e1013d34
benchmark/prd_3_1_v1/candidates/segmentation_core_stress_v1/overlays/stress/dress/SEGSTR1_0046.jpg,2572,edc1d12659552daf24f12609391c1a005f84310e2646639a1fb0f93d0e1cfb49
benchmark/prd_3_1_v1/candidates/segmentation_core_stress_v1/overlays/stress/dress/SEGSTR1_0047.jpg,6401,f4b79780c1355b258408eae220408130df659a2006fa326f8f4b6957f793ed3a
benchmark/prd_3_1_v1/candidates/segmentation_core_stress_v1/overlays/stress/dress/SEGSTR1_0048.jpg,2896,87f3bafed5be873f2650151e56592f17d3f4ab50870975df7d01af1c477b5a03
benchmark/prd_3_1_v1/candidates/segmentation_core_stress_v1/overlays/stress/dress/SEGSTR1_0049.jpg,3201,d48abb7a4fcec50fe0b9801c5b58c2982a696336b8155ee226eaaedb6972608a
benchmark/prd_3_1_v1/candidates/segmentation_core_stress_v1/overlays/stress/dress/SEGSTR1_0050.jpg,3395,b6ef08ba40945b3a9b46796136d013105279b09e72b9bbf49e4ffffa98ef4f44
benchmark/prd_3_1_v1/candidates/segmentation_core_stress_v1/overlays/stress/outerwear/SEGSTR1_0031.jpg,4192,dbc52950da9eef50e1a3687def0537f4e44c32e5704ff56bbff1e1254361a91f
benchmark/prd_3_1_v1/candidates/segmentation_core_stress_v1/overlays/stress/outerwear/SEGSTR1_0032.jpg,2522,bd8c040909f33e9a8f957dc4dbc08c9f4e2aa9a671759c7f3c9761450e77b319
benchmark/prd_3_1_v1/candidates/segmentation_core_stress_v1/overlays/stress/outerwear/SEGSTR1_0033.jpg,3034,59dd4ef9fcc893e2fd7adcd20211f87e903b2d3a2483d98ceb67f2467ebfcea7
benchmark/prd_3_1_v1/candidates/segmentation_core_stress_v1/overlays/stress/outerwear/SEGSTR1_0034.jpg,1794,58c36e297d0966008c399b8d88a4012c82a380ab62ee0428962dc784de30f9fa
benchmark/prd_3_1_v1/candidates/segmentation_core_stress_v1/overlays/stress/outerwear/SEGSTR1_0035.jpg,2700,1329b1ae45d9b23665c70ca8e9b5586111b12c8cd5a83368b39795bec149501e
benchmark/prd_3_1_v1/candidates/segmentation_core_stress_v1/overlays/stress/outerwear/SEGSTR1_0036.jpg,2744,d8c8b0f79892d5edfb5ecc09e1f6d8e4baf2146bf00f8cb7c905b4a91692e95e
benchmark/prd_3_1_v1/candidates/segmentation_core_stress_v1/overlays/stress/outerwear/SEGSTR1_0037.jpg,2686,94b95302eb75dec7945edca82efbf49723883e3872f09a654192b3fb259860b7
benchmark/prd_3_1_v1/candidates/segmentation_core_stress_v1/overlays/stress/outerwear/SEGSTR1_0038.jpg,4385,7b420ea40ccb780d50782620b5b548ff389272158c0fbe505cb458ad842a8adc
benchmark/prd_3_1_v1/candidates/segmentation_core_stress_v1/overlays/stress/outerwear/SEGSTR1_0039.jpg,7180,49d9d4cb1ef7a7410848f832b4185484b33c693d4f7df2aac677d551556fd073
benchmark/prd_3_1_v1/candidates/segmentation_core_stress_v1/overlays/stress/outerwear/SEGSTR1_0040.jpg,8010,e81958047de6ec10dbdf4d7747eeb3a300c2c09caf37d8e1b8d7ba8f2cf35606
benchmark/prd_3_1_v1/candidates/segmentation_core_stress_v1/overlays/stress/pants/SEGSTR1_0011.jpg,1598,ba1ac2b18bdbcece33993a154570468e8bd97fbe502f73ca632e83edba80f3b7
benchmark/prd_3_1_v1/candidates/segmentation_core_stress_v1/overlays/stress/pants/SEGSTR1_0012.jpg,2028,b9a214fb6fef81c33f5432acd2ecb3186a399ab6248bd5d6c61a1b1fe2366eba
benchmark/prd_3_1_v1/candidates/segmentation_core_stress_v1/overlays/stress/pants/SEGSTR1_0013.jpg,1844,3a6963b08f9f97049297e45b6aa5b38d7582731ced6411c6d62f432a1249a9de
benchmark/prd_3_1_v1/candidates/segmentation_core_stress_v1/overlays/stress/pants/SEGSTR1_0014.jpg,1860,1b5a2d6108d67d61de3e2def6c344965bc71e3f63b261e2dbde1bea198b6dd2c
benchmark/prd_3_1_v1/candidates/segmentation_core_stress_v1/overlays/stress/pants/SEGSTR1_0015.jpg,1550,9e8a50d748683152fcc6efb45e62fcdb56ad2a3c30fb29b4e2fbd4ce07f65712
benchmark/prd_3_1_v1/candidates/segmentation_core_stress_v1/overlays/stress/pants/SEGSTR1_0016.jpg,1717,1978f2ced9f8e080a311ce5a6302b32072c35337328cd1fe2c87438d3f362c74
benchmark/prd_3_1_v1/candidates/segmentation_core_stress_v1/overlays/stress/pants/SEGSTR1_0017.jpg,2575,c44f9a9ea2ecbc71faf1bdeb136b7888d9e60727c40295253946296a43e92458
benchmark/prd_3_1_v1/candidates/segmentation_core_stress_v1/overlays/stress/pants/SEGSTR1_0018.jpg,1808,478f94552847e2f12b7ee779b682ea18d8f7c41308e5b2b4b5b5deb476de1c33
benchmark/prd_3_1_v1/candidates/segmentation_core_stress_v1/overlays/stress/pants/SEGSTR1_0019.jpg,2151,c8401b57b61ce90973515a903dfd77bdba1a9dca2d7426d3b37a34a98bbcc95f
benchmark/prd_3_1_v1/candidates/segmentation_core_stress_v1/overlays/stress/pants/SEGSTR1_0020.jpg,2915,99d780e129ebecbb01448bf5b7065c622b4ff577281c3810c989e8568e1e0365
benchmark/prd_3_1_v1/candidates/segmentation_core_stress_v1/overlays/stress/shoe/SEGSTR1_0051.jpg,1032,a9e6f27fe432f7542f47d1cd651d7ee31bc585019018368156eb4d0a7c50bd37
benchmark/prd_3_1_v1/candidates/segmentation_core_stress_v1/overlays/stress/shoe/SEGSTR1_0052.jpg,1112,2945c42222a57d4ffe3b7d6e594c0ec63eadf4dc6ede0d793c8e133d55b1e957
benchmark/prd_3_1_v1/candidates/segmentation_core_stress_v1/overlays/stress/shoe/SEGSTR1_0053.jpg,1203,b7c36df4820e52b316c1bc62807cd4d0c8ba2a02a71e57b98a8ca37badb5a658
benchmark/prd_3_1_v1/candidates/segmentation_core_stress_v1/overlays/stress/shoe/SEGSTR1_0054.jpg,969,13e0b96316467fd93ee910d411afb3ba367666cdc90e12b69895dddefea0b470
benchmark/prd_3_1_v1/candidates/segmentation_core_stress_v1/overlays/stress/shoe/SEGSTR1_0055.jpg,1112,a346432f7ef7f7ad80693dca4d8150639a3a64cba2db4ab30cc4cfe1f5c2fdec
benchmark/prd_3_1_v1/candidates/segmentation_core_stress_v1/overlays/stress/shoe/SEGSTR1_0056.jpg,1190,823718f8db756fce96826a79f15985a47fb8a931836bf90653c7575a95b7fb26
benchmark/prd_3_1_v1/candidates/segmentation_core_stress_v1/overlays/stress/shoe/SEGSTR1_0057.jpg,1157,b5d3184ce85a53148963995bc05318a6165599883e5e0735572384be2cab6b8a
benchmark/prd_3_1_v1/candidates/segmentation_core_stress_v1/overlays/stress/shoe/SEGSTR1_0058.jpg,1280,bad3445fa529412775e8700bad9f23b68f07de63e208a3520274ae5e250886f2
benchmark/prd_3_1_v1/candidates/segmentation_core_stress_v1/overlays/stress/shoe/SEGSTR1_0059.jpg,1247,ab6629e377b6d933a50975a602662b50d9ad4bd5f2872ce65ceaefa2b2833c7a
benchmark/prd_3_1_v1/candidates/segmentation_core_stress_v1/overlays/stress/shoe/SEGSTR1_0060.jpg,1120,b8c06d39b3323c402be8d0f8caf2df1bd6f78314107ab1e341f8c1d5fa42089b
benchmark/prd_3_1_v1/candidates/segmentation_core_stress_v1/overlays/stress/skirt/SEGSTR1_0021.jpg,1909,0585a1a3342be7157825430e676693491e3ccf2b52a32e5950779086555936f2
benchmark/prd_3_1_v1/candidates/segmentation_core_stress_v1/overlays/stress/skirt/SEGSTR1_0022.jpg,1940,5d9b9bfc03f6f0c6557efc9656d88f56c2740a8ba7df18328b551096fd0b706f
benchmark/prd_3_1_v1/candidates/segmentation_core_stress_v1/overlays/stress/skirt/SEGSTR1_0023.jpg,1596,91720bd76d31df06da37aee8cedf2911385731f73fcfecf4487fa70c1f080e32
benchmark/prd_3_1_v1/candidates/segmentation_core_stress_v1/overlays/stress/skirt/SEGSTR1_0024.jpg,1573,7821d8807f53492ac01667b1a23ecf5c88ea8d2bd5c2ef6555f61a3c328180f8
benchmark/prd_3_1_v1/candidates/segmentation_core_stress_v1/overlays/stress/skirt/SEGSTR1_0025.jpg,2424,9762050eee078b223eb947ede88cf80133c49629a47e2d1b2d4c479ca720e0ae
benchmark/prd_3_1_v1/candidates/segmentation_core_stress_v1/overlays/stress/skirt/SEGSTR1_0026.jpg,2883,55509fd4a99e3a68c635692693a4a7a8a8cc8f8792ada6e03ad3e037b4b79238
benchmark/prd_3_1_v1/candidates/segmentation_core_stress_v1/overlays/stress/skirt/SEGSTR1_0027.jpg,2893,6abf07a70dbc4e5ffab488ed3c972ccc5361c8ddce45878b2799333533266cc1
benchmark/prd_3_1_v1/candidates/segmentation_core_stress_v1/overlays/stress/skirt/SEGSTR1_0028.jpg,2828,3d59ae4e15b0923edbfccb17d25721128ebf87bef92b0a6b3309526af2ab191b
benchmark/prd_3_1_v1/candidates/segmentation_core_stress_v1/overlays/stress/skirt/SEGSTR1_0029.jpg,2663,ff103ff3f57775e6375c5d54ed9a2b328f238332f462ccd8d23127cc798a3470
benchmark/prd_3_1_v1/candidates/segmentation_core_stress_v1/overlays/stress/skirt/SEGSTR1_0030.jpg,2736,689b95b88403929b937d7534a95f71c095e5bc03a979f1f4f373770330f00f42
benchmark/prd_3_1_v1/candidates/segmentation_core_stress_v1/overlays/stress/top/SEGSTR1_0001.jpg,1411,255bd056bca38cee45e025aa5ca5fa207b1afa081531e9c1b7a143c3dba26d06
benchmark/prd_3_1_v1/candidates/segmentation_core_stress_v1/overlays/stress/top/SEGSTR1_0002.jpg,2335,c411a9a584f58b173d70123c92df51ea6f72465ed22aee7c6d114cd769c0a194
benchmark/prd_3_1_v1/candidates/segmentation_core_stress_v1/overlays/stress/top/SEGSTR1_0003.jpg,2162,40902aeb74177731c5252d0cf73cf21b1b42ab66e779d4a184b7ae9c1a8eaefb
benchmark/prd_3_1_v1/candidates/segmentation_core_stress_v1/overlays/stress/top/SEGSTR1_0004.jpg,1889,47677bb01fb66431d747bfbbf586b4e2e3f5605ba75717a30f2e672df506b179
benchmark/prd_3_1_v1/candidates/segmentation_core_stress_v1/overlays/stress/top/SEGSTR1_0005.jpg,1765,7b2d9e21a9e753f5e2e52503b5b3159eec08c024bf50b1cd53fb1a48feab882d
benchmark/prd_3_1_v1/candidates/segmentation_core_stress_v1/overlays/stress/top/SEGSTR1_0006.jpg,1924,8c77a3162bd1bfe0ac5cae1cf25b5255b07d365c73c59a32711148d4591f4d2a
benchmark/prd_3_1_v1/candidates/segmentation_core_stress_v1/overlays/stress/top/SEGSTR1_0007.jpg,2645,efd75b0d6133f69a65c4e0a500f332f9c3860d9b2bfcea310afba061eef697a1
benchmark/prd_3_1_v1/candidates/segmentation_core_stress_v1/overlays/stress/top/SEGSTR1_0008.jpg,1888,7119e23895dcc145a5c564b09f76c3b1774361e5fc049a63110304c48b019dff
benchmark/prd_3_1_v1/candidates/segmentation_core_stress_v1/overlays/stress/top/SEGSTR1_0009.jpg,1945,59585dca8aa19d95003bf2aba81f7dbf2672bd05b480f7c64cf5950d21e403e9
benchmark/prd_3_1_v1/candidates/segmentation_core_stress_v1/overlays/stress/top/SEGSTR1_0010.jpg,2008,aefd90f0654db7661d725553a4c6cb60d9492b9fee09a13f9c14ef82f8ed9249
benchmark/prd_3_1_v1/candidates/segmentation_core_stress_v1/pool_summary.csv,1020,372c61f39d4b1c13b73218998b89684f64e953605c1184c6eb46bc04c838dafb
benchmark/prd_3_1_v1/candidates/segmentation_core_stress_v1/qc/automated_gt_qc_summary.csv,862,5c5b73ee204f075d76fee510b76a460979c9205f923c059aae3a345f22f3d649
benchmark/prd_3_1_v1/candidates/segmentation_core_stress_v1/qc/automated_gt_qc_summary.txt,1804,a487c5c6b421aa7d88660a5460178ec696a62d5993c06b801e6545c84b355f2a
benchmark/prd_3_1_v1/candidates/segmentation_core_stress_v1/qc/automated_gt_qc_v1.csv,316274,412fed8d6e381fa3ef73adc55c0cac79c09e1728a79e58347f29c76b452b76cf
benchmark/prd_3_1_v1/candidates/segmentation_core_stress_v1/qc/automated_gt_qc_v2.csv,334792,a84fdfe8fe6edec085af387761a68a3d8be8c78767218f6ccc5fe5f7353ed232
benchmark/prd_3_1_v1/candidates/segmentation_core_stress_v1/qc/automated_gt_qc_v2_summary.csv,817,c4473f21e5fe6142df67795ebd93c91c401dfab2e74922c461859043258ab7b3
benchmark/prd_3_1_v1/candidates/segmentation_core_stress_v1/qc/automated_gt_qc_v2_summary.txt,2556,67e0094e6bbaa821c88a5bb75e2d0919ed9f6ae07a247ceae7b7014ccd9eb47b
benchmark/prd_3_1_v1/candidates/segmentation_core_stress_v1/qc/human_review_priority_v1.csv,316274,52378b8cfcedbde6a888eb624a90629bd0c0557e02642d92a452867e40041ae1
benchmark/prd_3_1_v1/candidates/segmentation_core_stress_v1/qc/human_review_priority_v2.csv,334792,7a95030c1d8c46b204547766c8808ae002a2bec0338070e4fe152b157143c7a0
benchmark/prd_3_1_v1/candidates/segmentation_core_stress_v1/review_checklist_v1.csv,129587,133e7afcb92bf235697006e988edd7efac144107242d585c8c6edcb6192d99aa
benchmark/prd_3_1_v1/candidates/segmentation_core_stress_v1/stress_review_pool_v1.csv,41623,2b40bee88decc12dee161461a71debd17dd2be7fc8e4bbbfb0c073dbed497213
benchmark/prd_3_1_v1/candidates/segmentation_core_stress_v1/summary.txt,1735,b2bf58d05923c96bbd664e472278459be9aadbcf2aad76b3b7ba34f83ecf95ca
benchmark/prd_3_1_v1/candidates/segmentation_review_pool_v1/candidate_pool_summary.csv,836,8029cbb7bf0efc169c9fa5bf5c3e74db18d6cea41c232e10b73b7b66645c1713
benchmark/prd_3_1_v1/candidates/segmentation_review_pool_v1/contact_sheets/accessory.jpg,386260,8ef041924ff01405efcc3177786a4a1a3c86492c18508c227898e9bb7264a0e2
benchmark/prd_3_1_v1/candidates/segmentation_review_pool_v1/contact_sheets/bag.jpg,510111,69e2a6c50849affa852965431fab85db7b4f8f3d31e9c5ece50bb7c41254d658
benchmark/prd_3_1_v1/candidates/segmentation_review_pool_v1/contact_sheets/dress.jpg,576963,17cdb415c6550028ed7781257fafa225390f4e20b9c1e2f8cea37a06587b18b2
benchmark/prd_3_1_v1/candidates/segmentation_review_pool_v1/contact_sheets/outerwear.jpg,696668,faf9fab6d28c95e41eccc12f6e520e926e5d8d99c552a57385370d88e7f20959
benchmark/prd_3_1_v1/candidates/segmentation_review_pool_v1/contact_sheets/pants.jpg,555075,42ca29d7b52f3732d583a7f9f53228df62dca67326ab2b3e44318541b9841ed1
benchmark/prd_3_1_v1/candidates/segmentation_review_pool_v1/contact_sheets/shoe.jpg,325074,eabf12b5b1e747da3510bfeba469e4acdbfc57bacf69b42b9279b84da2f18e4c
benchmark/prd_3_1_v1/candidates/segmentation_review_pool_v1/contact_sheets/skirt.jpg,614451,8c2c6ab2aa02f724d03a443e79d42c7a95dd374b46376a94cbc58151e6e50eb5
benchmark/prd_3_1_v1/candidates/segmentation_review_pool_v1/contact_sheets/top.jpg,662420,235e4e170c745fa3ea104754955fb2dfbfb03e1d72f085ca379b35a0a8f971eb
benchmark/prd_3_1_v1/candidates/segmentation_review_pool_v1/segmentation_review_checklist_v1.csv,69203,8e11aef24fe6680dea4a45f01aeb080120d846d947572be08fdc9089285df7f4
benchmark/prd_3_1_v1/candidates/segmentation_review_pool_v1/segmentation_review_pool_v1.csv,156347,052b5351779074ae661507c1460fed56c691d4298b6a6846c1bf934ac4d7cdfe
benchmark/prd_3_1_v1/candidates/segmentation_review_pool_v1/summary.txt,1839,e4da995861f96517811d02fef254fd56be467025314fbc966332f4b5efb28870
benchmark/prd_3_1_v1/docs/ANNOTATION_GUIDELINE.md,1870,5eef9f38e524e3f532574e774d6bb059df2de0cc68599951007a914dcccd0479
benchmark/prd_3_1_v1/docs/BENCHMARK_WORKFLOW.md,754,5bcacab6a35c0f51a582de5cc149af7def265875418f0fcbca0813a323e20a8d
benchmark/prd_3_1_v1/docs/CURRENT_DIAGNOSTIC_SNAPSHOT.md,1620,b1325b33833fbe5a04dab62e6d4c6d0fa46255d405f0edd286ad8bb42142c9cc
benchmark/prd_3_1_v1/docs/FAILURE_ANALYSIS_STANDARD.md,1059,fa4f80e3e45f5cbf52419d6e5651c7da6dfdae9537c162cd7a66d4363a57f786
benchmark/prd_3_1_v1/docs/NEXT_BUILD_ORDER.md,1191,7db19518034544d5279bb6b648527ed309af6fe2fc3f5e5ff0d904e57e614ffd
benchmark/prd_3_1_v1/freeze_v1/FINAL_CORE_FREEZE_REPORT_v1.md,2153,243938fdcdf5863ddb2dfa088621954eae5089bd0370bf81016a8477a97db440
benchmark/prd_3_1_v1/freeze_v1/FREEZE_CHECKLIST_v1.md,1892,bd8b53646c3e08f91df0ab73f244b3a4f26d1063ac20fc5671599fc8ae8c18ff
benchmark/prd_3_1_v1/freeze_v1/FREEZE_CHECKLIST_v1_completed.md,1909,6bea2eb8f5142c3652eb8ec9aab4aed0834a2eb9e84b215f7cd377f11f425310
benchmark/prd_3_1_v1/freeze_v1/core_final_distribution_v1.csv,1332,29e2241488bab09f224bce2d09efc01beaf7361b7083b99bc35cc6efded5e27e
benchmark/prd_3_1_v1/freeze_v1/core_final_review_template_v1.csv,174928,5d06fc3032aa368c2782a5a954b9a1dc4786b0c61684fa11fb8fd3a5fde6e1e0
benchmark/prd_3_1_v1/freeze_v1/core_pre_freeze_summary_v1.csv,654,8e815c15d5a13e2c35c102d282b7aa833746491f0388d9440cf84d12a4d87442
benchmark/prd_3_1_v1/freeze_v1/coverage_review_v1/contact_sheets/accessory_01.jpg,415283,cbcb002bc6a00b1e3b862175e84d80635e147fb87da92e616867481ffdb2b085
benchmark/prd_3_1_v1/freeze_v1/coverage_review_v1/contact_sheets/accessory_02.jpg,413534,3fa4bb302d54c0f1c6f1172fc572e23068154e10f6e2922bb9442f77dee1009f
benchmark/prd_3_1_v1/freeze_v1/coverage_review_v1/contact_sheets/accessory_03.jpg,428303,51017127d5d3c700fc43120fcc4527f971db489b26836a328732ebd4afa5f2f4
benchmark/prd_3_1_v1/freeze_v1/coverage_review_v1/contact_sheets/accessory_04.jpg,496880,88d9a4cc3ba56ce48089cc85dddc4685d7169d1d2afb7827cfcde9fde14b9566
benchmark/prd_3_1_v1/freeze_v1/coverage_review_v1/contact_sheets/accessory_05.jpg,520462,815133295a51bf12c5c9a866990c8ab298a3c4f092d8eb3c9f889d77cfd71162
benchmark/prd_3_1_v1/freeze_v1/coverage_review_v1/contact_sheets/accessory_06.jpg,273087,fb3af6ca83c04fcdd14754dacc99f47bd3397bad01f7562242d43249de2a9734
benchmark/prd_3_1_v1/freeze_v1/coverage_review_v1/contact_sheets/bag_01.jpg,422481,182305d2dbdedece0bb84d1ecae335b61df071b1d9171fe8971e1b47780e4fb2
benchmark/prd_3_1_v1/freeze_v1/coverage_review_v1/contact_sheets/bag_02.jpg,486726,090acc98b2ac18684f4908def1c77d895c9911b68834cc8dd42523b0f1b669ac
benchmark/prd_3_1_v1/freeze_v1/coverage_review_v1/contact_sheets/bag_03.jpg,476598,e083f1d973e9564ca78c55d483efd1e77d44ed72ce6c5e374fc50317818e9ba1
benchmark/prd_3_1_v1/freeze_v1/coverage_review_v1/contact_sheets/bag_04.jpg,498993,958fefaa559ee8b418f1b6763cc2409644cdc41629358e6ead98d69027e1810a
benchmark/prd_3_1_v1/freeze_v1/coverage_review_v1/contact_sheets/bag_05.jpg,521744,cecdc7c418e5331ff20c8fec63c695e0e3f463afc6a06bd6d91ea940b4c13635
benchmark/prd_3_1_v1/freeze_v1/coverage_review_v1/contact_sheets/bag_06.jpg,240898,33a3b559fe612f7ddc1c255171397cb88a88ad17e99154632956cd150ebd98bd
benchmark/prd_3_1_v1/freeze_v1/coverage_review_v1/contact_sheets/dress_01.jpg,416294,c1f08517d38cd5334fabc798e23e8261517b1b9cb125cb561864babbee27f465
benchmark/prd_3_1_v1/freeze_v1/coverage_review_v1/contact_sheets/dress_02.jpg,441892,48ab9dc23d7b9c1d030fdc7b27ed3fdf6b77222ed99359b14253119eb16d5095
benchmark/prd_3_1_v1/freeze_v1/coverage_review_v1/contact_sheets/dress_03.jpg,500287,2702bcbb5e6194872582923d80c86c5fa6c34adb08e6f1c3e715a5510d60047a
benchmark/prd_3_1_v1/freeze_v1/coverage_review_v1/contact_sheets/dress_04.jpg,486113,bf6b5a60801ee792df438b4b995e43c82485a4b1bca83bfe0ca463912214b91c
benchmark/prd_3_1_v1/freeze_v1/coverage_review_v1/contact_sheets/dress_05.jpg,525542,b9bd489f4647ddef5745974ff02e79e56cfab2da446104caa941fb9a2f3ce06d
benchmark/prd_3_1_v1/freeze_v1/coverage_review_v1/contact_sheets/dress_06.jpg,282460,68e03b2976d93eb61b30e1896d83bec7b0724bfe6d4ae2a4056834397ac9de2b
benchmark/prd_3_1_v1/freeze_v1/coverage_review_v1/contact_sheets/outerwear_01.jpg,447172,5a5d2f6d1dd81691cfddc31bb06749c7ed0b169ef296ac500b597465c42bea7f
benchmark/prd_3_1_v1/freeze_v1/coverage_review_v1/contact_sheets/outerwear_02.jpg,559556,08b33d571ebc86fb6e6e9bcd7ec3b4c3b859f61d8419cad7b190f893fc96b2cd
benchmark/prd_3_1_v1/freeze_v1/coverage_review_v1/contact_sheets/outerwear_03.jpg,536081,ca404855f32b132001fa44fbf906fe7c2c36bf1ea058a91b33a9484b1c391954
benchmark/prd_3_1_v1/freeze_v1/coverage_review_v1/contact_sheets/outerwear_04.jpg,524715,445023a4e7da5a5c0589373be381eb3e56670b9ccc8dff4dba6ea121f74b508d
benchmark/prd_3_1_v1/freeze_v1/coverage_review_v1/contact_sheets/outerwear_05.jpg,518079,a7c364c312756a095f78685cdc52f6c0f14cb76b49d6a6ab26b4ee551cebce28
benchmark/prd_3_1_v1/freeze_v1/coverage_review_v1/contact_sheets/outerwear_06.jpg,232034,4dee847df03fae74220caa40bd49ab8c5ff6060a3c061c7f572c4cc9583995dd
benchmark/prd_3_1_v1/freeze_v1/coverage_review_v1/contact_sheets/pants_01.jpg,429101,1c80459badc9fc93d7d1a12bac613febc99bdf48a2800790921031bb13a7fb66
benchmark/prd_3_1_v1/freeze_v1/coverage_review_v1/contact_sheets/pants_02.jpg,453004,390cbdeaff4fe1a9f65edb33e6211b98dba75f5efa7c60719f5e49d32a34d4ca
benchmark/prd_3_1_v1/freeze_v1/coverage_review_v1/contact_sheets/pants_03.jpg,490013,a51a64c6da0a2cba2f6df2bbef8af7c3234ca6019f8e32ba35044738574c5683
benchmark/prd_3_1_v1/freeze_v1/coverage_review_v1/contact_sheets/pants_04.jpg,474688,fe829123eec5f72f2ff7872990959a306c36aed8481b01167e18336585c8c627
benchmark/prd_3_1_v1/freeze_v1/coverage_review_v1/contact_sheets/pants_05.jpg,498234,a1e5f9f57dbb94f94c538d004201735d6c46f4aa56e08af56e22ba46cba08fa6
benchmark/prd_3_1_v1/freeze_v1/coverage_review_v1/contact_sheets/pants_06.jpg,262710,76965df0013d376769289aad4d50dbc8c84ebd918684f33722c5cb118ddd47f2
benchmark/prd_3_1_v1/freeze_v1/coverage_review_v1/contact_sheets/shoe_01.jpg,396581,5ea6ddd3447cad8341e3a724fde39d2bb88dae38a7349460f75afa9f0001b908
benchmark/prd_3_1_v1/freeze_v1/coverage_review_v1/contact_sheets/shoe_02.jpg,412096,80a7043418b6ab89ba31194de4711af3257aa4727a39fb1ff09112231460f981
benchmark/prd_3_1_v1/freeze_v1/coverage_review_v1/contact_sheets/shoe_03.jpg,401357,9b837b6a5c497156590eaf16e79ac7246b9f3fc56df9402f2cac57ecc849c88c
benchmark/prd_3_1_v1/freeze_v1/coverage_review_v1/contact_sheets/shoe_04.jpg,449997,ab5bad8098b286cd75491c8129d8e9db3eaa6983d64b96056732cbfe667e26f3
benchmark/prd_3_1_v1/freeze_v1/coverage_review_v1/contact_sheets/shoe_05.jpg,469930,8b7da1f6954057401ba3ce501a5c874b00b73ecbe70f30b4be1fbcb9d255d986
benchmark/prd_3_1_v1/freeze_v1/coverage_review_v1/contact_sheets/shoe_06.jpg,306273,188455464e5f0d8f7c34c7423c399471c9507547fbf44e5a0702462b0853dc6f
benchmark/prd_3_1_v1/freeze_v1/coverage_review_v1/contact_sheets/skirt_01.jpg,431234,61e9f89e6a002832e4b7f9c7d4640d72c686ec02dfa317ef2df56827da1ed114
benchmark/prd_3_1_v1/freeze_v1/coverage_review_v1/contact_sheets/skirt_02.jpg,408856,5f91813823478f18f49329980deb7d21c0580995bc626e7c94b86dee3b02aa0b
benchmark/prd_3_1_v1/freeze_v1/coverage_review_v1/contact_sheets/skirt_03.jpg,540513,a686ddc83b036ea990a095b170262b200db8ad9f90684a76e9dbb804f75e7b43
benchmark/prd_3_1_v1/freeze_v1/coverage_review_v1/contact_sheets/skirt_04.jpg,479346,5f8fe36173bbb31e28740f9ec807e29ac58e6e35c86e4432fbbc67010722b122
benchmark/prd_3_1_v1/freeze_v1/coverage_review_v1/contact_sheets/skirt_05.jpg,550082,4b0aef14535e27c8481e0d0ae8bd1ed7bede4f0344f410f333bb96b33a2e4d6a
benchmark/prd_3_1_v1/freeze_v1/coverage_review_v1/contact_sheets/skirt_06.jpg,294703,65d651931c6901192800544d8bb8cfbf760aacd14ea3c731ce83a539d427909c
benchmark/prd_3_1_v1/freeze_v1/coverage_review_v1/contact_sheets/top_01.jpg,477684,215938d40a93936d19b3ed747d11d2d7faec930964eb1f22b4a49b204eac17ab
benchmark/prd_3_1_v1/freeze_v1/coverage_review_v1/contact_sheets/top_02.jpg,432296,c93bcd8cd3af1109332b6ae2089298616d6206b421f3fad12883dc6b9d41ab36
benchmark/prd_3_1_v1/freeze_v1/coverage_review_v1/contact_sheets/top_03.jpg,547039,682e4b3a41078da38aae62bbf5aafa57a4bd9fb1b0c5f5aeb08883633bbe4052
benchmark/prd_3_1_v1/freeze_v1/coverage_review_v1/contact_sheets/top_04.jpg,490749,506e9f740bc098d5ff13052b45507238aab7e1aefd3ed53acb8dc48266e26a5d
benchmark/prd_3_1_v1/freeze_v1/coverage_review_v1/contact_sheets/top_05.jpg,542741,4a8e9704dabd2d16b51bd651c76e39f9ec8c2dc32f1ce595e731f1d87b042897
benchmark/prd_3_1_v1/freeze_v1/coverage_review_v1/contact_sheets/top_06.jpg,252712,d84c3c431ac0cb17c3f4e3d23b7d1c757267e059d829d1c4fcffbf800cd3ed7a
benchmark/prd_3_1_v1/freeze_v1/coverage_review_v1/core_coverage_plan_v1.txt,1315,c9c78e99afe1a168e47e641d2fa5235ded6f8a63027bcb689e1e459167ce77cf
benchmark/prd_3_1_v1/freeze_v1/coverage_review_v1/core_coverage_review_v1.csv,169253,4a3cf53c150ea7db91cff333e0ec7a114be735f680cf38cebabe536627b64722
benchmark/prd_3_1_v1/freeze_v1/coverage_review_v1/core_fine_category_distribution_v1.csv,809,10e4bf80be63c1119e2400207adfeba01a0f8fa2f87b97e374a338d0a5569ed5
benchmark/prd_3_1_v1/freeze_v1/coverage_review_v1/core_size_quota_v1.csv,885,ea144a88f61be38dfe06996544a1b5e8294674606c7097d50707a62a4aed70d8
benchmark/prd_3_1_v1/freeze_v1/coverage_review_v1/scene_suggestions_v1/core_coverage_review_with_suggestions_v1.csv,228494,c77b89e48bf75f8af9fc4c7c8a65443e061af013a1c74a8484c678d83b5e44b2
benchmark/prd_3_1_v1/freeze_v1/coverage_review_v1/scene_suggestions_v1/coverage_suggestion_summary_v1.csv,1146,fc6e5f912cdb08a64dd16e56fae636233d279229b08954d395af891e69fc77b8
benchmark/prd_3_1_v1/freeze_v1/coverage_review_v1/scene_suggestions_v1/low_confidence_contact_sheets/accessory_01.jpg,305309,5c411aa55506be3109636946a57e3f9faf64e7206c7c761f135906afc957c1f2
benchmark/prd_3_1_v1/freeze_v1/coverage_review_v1/scene_suggestions_v1/low_confidence_contact_sheets/accessory_02.jpg,283507,56b276f14234c272fb201d527b93b9fc15aaf7dc7abf0d60e55eb5d2a7d2abe4
benchmark/prd_3_1_v1/freeze_v1/coverage_review_v1/scene_suggestions_v1/low_confidence_contact_sheets/accessory_03.jpg,278069,98a5510582b9ebadc848dcb7666632e47f8d071e6832c3a1c8f4daba833688b3
benchmark/prd_3_1_v1/freeze_v1/coverage_review_v1/scene_suggestions_v1/low_confidence_contact_sheets/bag_01.jpg,303409,bb59d6c32c66cb66789dd68856c170333b914ccf53f67725f78c38e5efec17ac
benchmark/prd_3_1_v1/freeze_v1/coverage_review_v1/scene_suggestions_v1/low_confidence_contact_sheets/bag_02.jpg,286948,ce66ed0ac0ef0a2bca5db44fdfa61312cd208fabf0cd2abc5e36a021dd0bb65d
benchmark/prd_3_1_v1/freeze_v1/coverage_review_v1/scene_suggestions_v1/low_confidence_contact_sheets/bag_03.jpg,310874,54a3fbc990775a0e021718133cfe8a08ce6aa4ed1021ce9e29ee6c9577c78d9c
benchmark/prd_3_1_v1/freeze_v1/coverage_review_v1/scene_suggestions_v1/low_confidence_contact_sheets/dress_01.jpg,310641,33914e87deb28c3e863d68e3e43e08078335e0f0fb54dcdcb5b2dd100ad504ea
benchmark/prd_3_1_v1/freeze_v1/coverage_review_v1/scene_suggestions_v1/low_confidence_contact_sheets/dress_02.jpg,296337,7187b743782d74442e5a9ea6822ec6f6b2754a69d3c068a86ba8352a1890d818
benchmark/prd_3_1_v1/freeze_v1/coverage_review_v1/scene_suggestions_v1/low_confidence_contact_sheets/dress_03.jpg,185954,817b4d23232e24a38e4bc7fbfa323c34c968130a0cc4227c195c739ed9f286f0
benchmark/prd_3_1_v1/freeze_v1/coverage_review_v1/scene_suggestions_v1/low_confidence_contact_sheets/outerwear_01.jpg,322643,ae0155ac9a10b6a400a4aee4efbc5c15e33f5ba38463ad5ded28e8e7710a2ccc
benchmark/prd_3_1_v1/freeze_v1/coverage_review_v1/scene_suggestions_v1/low_confidence_contact_sheets/outerwear_02.jpg,308161,ce9f5282247110a9fcb284e168376d4e0ad6e48fc62cfb2722be15abc463ae59
benchmark/prd_3_1_v1/freeze_v1/coverage_review_v1/scene_suggestions_v1/low_confidence_contact_sheets/outerwear_03.jpg,271696,bcde5bec82fe68997ccc3c7ee663633f30f63c7f4f7ac858b270d4c959b4725a
benchmark/prd_3_1_v1/freeze_v1/coverage_review_v1/scene_suggestions_v1/low_confidence_contact_sheets/pants_01.jpg,266461,4252280d205d6dc9235d921ba6c465a4518c7dffc965a79ba8c9f3afced92f35
benchmark/prd_3_1_v1/freeze_v1/coverage_review_v1/scene_suggestions_v1/low_confidence_contact_sheets/pants_02.jpg,250982,73f4fd83a70f59b24e31470efce53907ce865fbd0dafaa6e0fbe2ac45e8c76cd
benchmark/prd_3_1_v1/freeze_v1/coverage_review_v1/scene_suggestions_v1/low_confidence_contact_sheets/pants_03.jpg,115343,4d80c8a16366779c853255d2f9ae0314ed51799bcb976a7ef499e4b9f0699e9b
benchmark/prd_3_1_v1/freeze_v1/coverage_review_v1/scene_suggestions_v1/low_confidence_contact_sheets/shoe_01.jpg,246868,c7adb9f682dfb9c4c447c8c3dc09d42bba5947e333e2fa044c112841ef4116a6
benchmark/prd_3_1_v1/freeze_v1/coverage_review_v1/scene_suggestions_v1/low_confidence_contact_sheets/shoe_02.jpg,257211,f64c74d54d79157a02f8726541efd16d71e3a7a2accd1166a6defef5f8493071
benchmark/prd_3_1_v1/freeze_v1/coverage_review_v1/scene_suggestions_v1/low_confidence_contact_sheets/shoe_03.jpg,266321,2119c12e51dd40e7eaf5eaec7cc3ffed57ca6db74a6f50340fcbe0fe23be0c0d
benchmark/prd_3_1_v1/freeze_v1/coverage_review_v1/scene_suggestions_v1/low_confidence_contact_sheets/shoe_04.jpg,236446,2d985e63880601b86463dae46fc63d689ba07f05d3130732bb451c5c6c0585c9
benchmark/prd_3_1_v1/freeze_v1/coverage_review_v1/scene_suggestions_v1/low_confidence_contact_sheets/skirt_01.jpg,289322,3d139b1430437033e7adcec5cefebef90efdab233bb34b2601caba960d7ed378
benchmark/prd_3_1_v1/freeze_v1/coverage_review_v1/scene_suggestions_v1/low_confidence_contact_sheets/skirt_02.jpg,334438,1ecfbb28300f1f1d686f21207ea00d2a779bd1f921c13eb69401c42b88e04d82
benchmark/prd_3_1_v1/freeze_v1/coverage_review_v1/scene_suggestions_v1/low_confidence_contact_sheets/skirt_03.jpg,334541,fbfa11440daa573084250589d8c7ef376f798d6ef61efd78b279b2a52b5ac611
benchmark/prd_3_1_v1/freeze_v1/coverage_review_v1/scene_suggestions_v1/low_confidence_contact_sheets/skirt_04.jpg,105398,4dafabbd9faeeea7d921c98b06421a1c6606fb20c413b58086fc386d21796d94
benchmark/prd_3_1_v1/freeze_v1/coverage_review_v1/scene_suggestions_v1/low_confidence_contact_sheets/top_01.jpg,308559,151c9d8d1a8d3a8a9b0161109adec9fc08d14741f07b62a4ec627d4db78d6948
benchmark/prd_3_1_v1/freeze_v1/coverage_review_v1/scene_suggestions_v1/low_confidence_contact_sheets/top_02.jpg,311701,d9fcf24c8b994efea419707e9674793ae3d8c9aa51323a847a49de4669979807
benchmark/prd_3_1_v1/freeze_v1/coverage_review_v1/scene_suggestions_v1/low_confidence_contact_sheets/top_03.jpg,300463,78f42b451b3937f3fb1789f97e45d572f8e17371174a858f81c40bd63cedf2b9
benchmark/prd_3_1_v1/freeze_v1/coverage_review_v1/scene_suggestions_v1/low_confidence_contact_sheets/top_04.jpg,100999,04f8d01f6427138686c5addb203f6f1b0a45454cc7219be49aaf5945013b2c7c
benchmark/prd_3_1_v1/freeze_v1/coverage_review_v1/scene_suggestions_v1/low_confidence_review_v1.csv,101844,f45a4485a57f42ec2579ea7093c5551c5d43d2d4a7915a988cd673b159bdaa07
benchmark/prd_3_1_v1/freeze_v1/coverage_review_v1/scene_suggestions_v1/run_info.txt,782,0a33538e6948dee8615ba47d6ca634ae3ff205a5038126df648007d4a6be69a3
benchmark/prd_3_1_v1/freeze_v1/provisional_selection_v1/PROVISIONAL_SELECTION_NOTES.md,1412,e37884dbd0704fa0dac7884fececab295234e49e637e97419946c35c51fca221
benchmark/prd_3_1_v1/freeze_v1/provisional_selection_v1/high_confidence_spotcheck_v1.csv,9420,7bfd3f0186c1e2558f2fcc5de760db66e1e4adcb93f6e954dd397fdcd3d4bd76
benchmark/prd_3_1_v1/freeze_v1/provisional_selection_v1/human_scene_reviews/core_scene_coverage_human_summary_v1.csv,322,55604411c5a7990eaffec24c377ab13f09d1930bd1139bd648139491127e0208
benchmark/prd_3_1_v1/freeze_v1/provisional_selection_v1/human_scene_reviews/core_scene_human_review_400_summary_v1.txt,595,61e3082e2b3e391c756c28518091b689ca1dbe8e0c9091389964242a21a509d1
benchmark/prd_3_1_v1/freeze_v1/provisional_selection_v1/human_scene_reviews/core_scene_human_review_400_v1.csv,86973,290977e50c135d5dc4344eef335e6975ff416cc9dd558d5a0761e7f9a90db38c
benchmark/prd_3_1_v1/freeze_v1/provisional_selection_v1/human_scene_reviews/high_confidence_scene_spotcheck_human_v1.csv,12070,b00513d42ead26fa3701074fac970d27bde4c081ba6d2287d10fab522753c4ca
benchmark/prd_3_1_v1/freeze_v1/provisional_selection_v1/human_scene_reviews/minority_scene_human_review_decisions_v1.csv,52675,ec0d505eacce341f05f54eeaa93baa0b51774f77c3c89ca3c9c8dea50066344b
benchmark/prd_3_1_v1/freeze_v1/provisional_selection_v1/human_scene_reviews/scene_human_review_summary_v1.txt,1364,2d38e58dfc7cdf0f16589a2eca5dd093af483648f08349d8bed8bfc48f892404
benchmark/prd_3_1_v1/freeze_v1/provisional_selection_v1/human_scene_reviews/scene_low_conf_human_review_v1.csv,32784,17e51783cd3bf77ccf1deebbf74c10e2cd2d964b24bdbd30a178c7460b317f23
benchmark/prd_3_1_v1/freeze_v1/provisional_selection_v1/minority_scene_review_v1/contact_sheets/minority_scene_01.jpg,290581,4289e298b7aae92e80acfe5429ba799fa8ea60841892e683ceb74229b7c7f8b5
benchmark/prd_3_1_v1/freeze_v1/provisional_selection_v1/minority_scene_review_v1/contact_sheets/minority_scene_02.jpg,345339,580420ff269170f507c6dab4b8ec2d4c7f2908edab4872a2c3e8234ddb397b34
benchmark/prd_3_1_v1/freeze_v1/provisional_selection_v1/minority_scene_review_v1/contact_sheets/minority_scene_03.jpg,281081,0135f89b48179e459dc7c76455e692f1c22f6e7438e2474e417121b161fdcfad
benchmark/prd_3_1_v1/freeze_v1/provisional_selection_v1/minority_scene_review_v1/contact_sheets/minority_scene_04.jpg,329849,0c32c2091c1689bb238ff34e320291f3fac67f63de0a5780c1c683bb6a465882
benchmark/prd_3_1_v1/freeze_v1/provisional_selection_v1/minority_scene_review_v1/contact_sheets/minority_scene_05.jpg,320186,2aebcb147bfb35cf3c088d75f64de7d0566234225f232127909f3f731431f638
benchmark/prd_3_1_v1/freeze_v1/provisional_selection_v1/minority_scene_review_v1/contact_sheets/minority_scene_06.jpg,286729,9efd63a859893f1c27079013d86a4b20710e3c1fa5cbe453274a0326a1fb6f5e
benchmark/prd_3_1_v1/freeze_v1/provisional_selection_v1/minority_scene_review_v1/contact_sheets/minority_scene_07.jpg,295057,0db4bf89a2b0abd280605d7fd3b4717e2475c57c4af0179041620efb5cadbc95
benchmark/prd_3_1_v1/freeze_v1/provisional_selection_v1/minority_scene_review_v1/contact_sheets/minority_scene_08.jpg,314327,e9f5b439b4efa38650f9d0af117f0def99f7cf844492aaa214ec9c48b1c4dbcc
benchmark/prd_3_1_v1/freeze_v1/provisional_selection_v1/minority_scene_review_v1/contact_sheets/minority_scene_09.jpg,311807,3fb6558534812c7e50744c298b3a485ea8aa9d9a2c99f63f01a2eb84dca110ad
benchmark/prd_3_1_v1/freeze_v1/provisional_selection_v1/minority_scene_review_v1/contact_sheets/minority_scene_10.jpg,88869,c4613bf890813efe2ac71d0113e87c01bd4a7af8e105ae4c05ceb4c284f5e798
benchmark/prd_3_1_v1/freeze_v1/provisional_selection_v1/minority_scene_review_v1/minority_scene_review_summary.txt,588,61ff3905c20e688bc5d760b6fd5c4933aea16dc9fe249cdab9cff8526d6ca0d7
benchmark/prd_3_1_v1/freeze_v1/provisional_selection_v1/minority_scene_review_v1/minority_scene_review_v1.csv,42749,ad45bee3b07c6f9e7f385487c28877212b6fd5a9093cec398e43b1ef843e54b8
benchmark/prd_3_1_v1/freeze_v1/provisional_selection_v1/provisional_core_400_v1.csv,217663,23d59c4e9ac424004b0d112aee0def1f62e240d756dfae4776fe3902db8ace33
benchmark/prd_3_1_v1/freeze_v1/provisional_selection_v1/provisional_not_selected_v1.csv,20029,bd92a412bed3052f09d85bf49384b3a4d1d07dd5d6fe877bd99c67e89108c795
benchmark/prd_3_1_v1/freeze_v1/provisional_selection_v1/provisional_selection_summary_v1.csv,2630,c24e65049f8d0262564538de13e3532494564d33c5bb8dcb4998308b224f364d
benchmark/prd_3_1_v1/freeze_v1/provisional_selection_v1/review_contact_sheets/scene_low_conf_01.jpg,304561,de978e485ecc9a144085bb9ae47828793067647f5ed30889aed31c69f60b2ddf
benchmark/prd_3_1_v1/freeze_v1/provisional_selection_v1/review_contact_sheets/scene_low_conf_02.jpg,264636,3287f7ce512895e3a9c5be04a19d304a7d7ba5a2d7e3e5990fe4f931d0ef1400
benchmark/prd_3_1_v1/freeze_v1/provisional_selection_v1/review_contact_sheets/scene_low_conf_03.jpg,280078,11ead0c81a6a1db12f8098c86efbe35b2aff53dbb08d7d43a19f018453624b6b
benchmark/prd_3_1_v1/freeze_v1/provisional_selection_v1/review_contact_sheets/scene_low_conf_04.jpg,274579,85d6c407b9e90e007d3639f8047eb30a0342511f4305d461a9dbbe24a7053d4d
benchmark/prd_3_1_v1/freeze_v1/provisional_selection_v1/review_contact_sheets/scene_low_conf_05.jpg,335691,69c36e305da8cb243798c34a0c18b3e802fda1b03fa2d339ba625a29478c3190
benchmark/prd_3_1_v1/freeze_v1/provisional_selection_v1/review_contact_sheets/scene_low_conf_06.jpg,203424,c2710e826d349b01c4099d7b26799da418298e526190e9dd43b28508df479933
benchmark/prd_3_1_v1/freeze_v1/provisional_selection_v1/review_contact_sheets/spotcheck_01.jpg,351261,4eece52f0cd340c268199f3cf4ea0b9a18cf8bfd72d51d579719ff90be880e26
benchmark/prd_3_1_v1/freeze_v1/provisional_selection_v1/review_contact_sheets/spotcheck_02.jpg,286216,89c5e1c29c2ca0f42e704047676b3e4322d6ae76c53d17533533e362bea13bb0
benchmark/prd_3_1_v1/freeze_v1/provisional_selection_v1/selected_scene_review_v1.csv,25556,65c81f68105e8a7ec48abb7db529ee5882a51d2cad58708f0f34ea5cf46e9cde
benchmark/prd_3_1_v1/manifests/attribute_test_v1.csv,260,384f796e520b9d6de0bcf8e5ca0be2ba4191e9118abf822a324670320f0afdd3
benchmark/prd_3_1_v1/manifests/end_to_end_test_v1.csv,168,2a18b9b780def5baad111cf3e10a34891868cc9bebf0d36f34eebc022ae03f65
benchmark/prd_3_1_v1/manifests/grounding_test_v1.csv,271,795ac49b17d4858eac572e01cf1e5059f25056815a5b1f3a95160fb2c717fc75
benchmark/prd_3_1_v1/manifests/segmentation_test_v1.csv,285993,c83204aca87c9c4dee304b774fd459bf5a18a2d1d65f0a3a9a79b92721224b89
benchmark/prd_3_1_v1/schemas/attribute_schema.json,1804,2778fc9175d7fbf412fee9a3f3a3e0099a49a31db8a01554430cc4025852c149
benchmark/prd_3_1_v1/schemas/category_schema.json,699,fafe269d704ca799e413b9a8d359d91931d14c6997cbdeb48423aca0ebb5da6c
benchmark/prd_3_1_v1/schemas/failure_taxonomy.json,891,81d26437ce0241652a7dafc25b9a7de0c88852d490cdace84074e2017eceee9e
benchmark/prd_3_1_v1/schemas/fashionpedia_to_prd_mapping_v1.json,1356,c335afe2019e0467140560202f709ba463973d38feb0579e6197b979ea59281c
benchmark/prd_3_1_v1/schemas/local_region_schema.json,771,2cf9aeba8d7fd8d6bd7ec47258eb9219f1369f6cd1906797dbb61597c7d5255f
benchmark/prd_3_1_v1/templates/acceptance_report_v1.csv,386,765cb14a2362ed764b6476d1b61e35b05d93bf3d7fc8eef035e3281678881d7d
benchmark/prd_3_1_v1/templates/per_instance_failure_review_v1.csv,133,5854fa4900021ec29ec2edd06809a8dd9dae5afbe7a69454613b6893bf03f6d7
benchmark/prd_3_1_v1/templates/regression_comparison_v1.csv,127,2c7c3108d032f4921783db8d00280a92a9220ff5f502c50064cc73344e2e7cbe
benchmark/prd_3_1_v1/templates/run_metadata_v1.json,767,d1f121e5854813f14e51f86f55407fe503f948ccf4c7ec4c8f63ffc9af6c5ece
reports/.gitkeep,0,e3b0c44298fc1c149afbf4c8996fb92427ae41e4649b934ca495991b7852b855
reports/category_coverage_v1/prd_3_1_1_category_coverage_v1.csv,136,fa34d33f9be321b83e2e5ef8fa2ec82b4d5a54f6605acc74ffdc37fd07e0d846
reports/category_coverage_v1/prd_3_1_1_category_gap_report_v1.md,1357,db59f570482523c77787e6d3d2456fac73b7755215e6145f3ab1253708dfd72d
reports/core_part_detector_final_summary.md,4878,e5d352bdd029d0ff002d1938717d5e95e54d172fb2f5678cee6a5756cda839e2
reports/core_part_detector_final_summary.xlsx,15939,0c328fad9e5ee3a6962885ebea4405c4ea2d93f647d731ae481cf5f3a5cfa05b
reports/daily/2026-09-17_3.1_progress_summary.md,2684,226057ad9bc1f6f608e82d7e42cf576fb82197f960dab960e698e4cafcbf4293
reports/environment/gpu_server_config_2026-09-21.txt,1376,40d6d71522368e511431c2ad97b9bd079fb5d4613c3b855e2cc0649d20fc308f
reports/environment/maskrcnn_8class_experiment_config_v1.txt,1762,46e26822c2c4e0d3bf1e3d7d31a2f4b46bd6ed1b25ab7fb1fd712c1f2ce0fb87
reports/evaluation_sampling/eval_group_1_100.csv,4828,450057fd0ed97d2d6ed8e4cc673336cbcd649fa1df2a0015dda20f3f5e2d4bd1
reports/evaluation_sampling/eval_group_2_100.csv,4828,992646c2187a183e29e04a9e5c7ea2b59aeb8d9fcb7cf40e3bb0044438801fda
reports/evaluation_sampling/eval_group_3_100.csv,4828,7d9098987a723fbb823abe39c505501309cff2d9055ca2dceea2c74a99fd438a
reports/evaluation_sampling/eval_pool_300.csv,14628,7293f397be13a15e149450c3bd806f4bee4bb97e80988772479a6ecf4bc2ff0d
reports/evaluation_sampling/grounding_presence_annotations.csv,16803,7657bed067de8a5a22c5da72999e68a2ed63344a629da53ec3d7438e547f76a4
reports/evaluation_sampling/group1_presence_annotations.csv,2361,dc2b45c58d4e2f69c7aa8997581b5c89bf5fe1b5ca8f09fc6404875435c9ba11
reports/grounding_evaluation_summary.md,180,c8ac33f5f428cc8c262187b42244be1e09f9b5ad9162672f8ba3e5b51075ed14
reports/grounding_failure_analysis/failure_analysis_summary.md,3278,f814969a7d5f06369b132f9578ccaf23cd1045343f84a0bcae3d356b44048ed6
reports/grounding_failure_analysis/failure_by_error_type.csv,303,f0a1cc09f7eb316d536683b172a56b8c8be5c3ba3165a3638affb83491113518
reports/grounding_failure_analysis/failure_by_scale_group.csv,224,1c22f6465f4d6efa7b1ed2e87caa0b6b219686f7148665745bc49a9909bdc312
reports/grounding_failure_analysis/failure_by_target.csv,224,1133960bdbd1ddf56845fc65f55920459af11c9780e8904ecf1996e8f3dea295
reports/grounding_failure_analysis/failure_cases.csv,9213,8ab9f80333b82f036da066eb356c02a081bf2a1d5b1e8d486665792d5884e93f
reports/grounding_group_evaluation/bbox_quality_details.csv,79746,cac4e67dd43d42d14c9206b98221e3353e2d888d26968f2f67f95ee4a6d7e7b8
reports/grounding_group_evaluation/bbox_quality_summary.csv,4505,65abe1f7c522d7c6006c227b0638e4436e3604631bd5d17805d2b5de04aba867
reports/grounding_group_evaluation/manual_localization_audit.csv,6322,3461cbf5b1000ac4e334eab9e0fd4932ad44a38158d1fcd33b409a83a08b663b
reports/grounding_group_evaluation/manual_localization_audit_reviewed.csv,9145,b61e63396b462fc2978f5f8f6f771cfbcb3f1cab1aae48f487b65dae8323f7e2
reports/grounding_visibility_filtering/filtered.csv,5714,cc892f82b0e9b6b173be27b0217819c782ddd8955a8a7666048e86a238957a8b
reports/prd_3_1_v1/core_regression_v2_balanced_v1/error_cases.csv,7727,fa4dab73c5e1e46d423162349263d6179fa9cc921c2aa590065db8e52f0dbf39
reports/prd_3_1_v1/core_regression_v2_balanced_v1/evaluation_summary.txt,1279,a8c83835e1b0da764ea556cfbedb569c37f87e61c18a48623a27805358052e58
reports/prd_3_1_v1/core_regression_v2_balanced_v1/per_class_metrics.csv,1191,fcca42ad8ae6f10a1a33602c45440ddb9a418fd892dfeb0926debc6874bfcaff
reports/prd_3_1_v1/core_regression_v2_balanced_v1/per_gt_results.csv,12806,5895156f9ee3c9e9c18c90b258d9f8ca7ed7785f53b733b844d3175c8d004a69
reports/prd_3_1_v1/core_regression_v2_balanced_v1/per_image_timing.csv,3312,869a4937663a737f0606b1bea1f819ceecc014322215bd202807868fc2ecdd1a
reports/prd_3_1_v1/core_regression_v2_balanced_v1/per_source_metrics.csv,676,614e42de12b493ae60947ede0d3b87865e00af8e5744d78202780f0568b5d2cc
reports/prd_3_1_v1/core_regression_v2_balanced_v1/visualizations/img_000.jpg,40645,b1b2adde267b8b9d566acfa1fc65468a836632b7ee9bad51f5dac651fa2f0601
reports/prd_3_1_v1/core_regression_v2_balanced_v1/visualizations/img_001.jpg,73731,03221da5fe4af4065d47f4a98cc20226d4b227d914bcff9b370ba90a347fe821
reports/prd_3_1_v1/core_regression_v2_balanced_v1/visualizations/img_002.jpg,35580,9f5893afd6c08acf6b6234e68f1d69f12eeacf39344b91a9ce7532927a6783e6
reports/prd_3_1_v1/core_regression_v2_balanced_v1/visualizations/img_003.jpg,69138,1983422275abb9b49cba9a459603ea2aead319a63693b51ab88a4cedd9c55db7
reports/prd_3_1_v1/core_regression_v2_balanced_v1/visualizations/img_004.jpg,48748,440528445b966f37c825cd5f3cf862e992c70ae7dbacc4bc28c6d793614c3c89
reports/prd_3_1_v1/core_regression_v2_balanced_v1/visualizations/img_005.jpg,52460,634224af125a186e88ff157d915f69f660888928306f27ea5ff9a4fdbf36eda9
reports/prd_3_1_v1/core_regression_v2_balanced_v1/visualizations/img_006.jpg,94617,8ccd1a748f367a161a759c6d58c73dc0e30a2e0dc22f5c62774887dd9e1e0852
reports/prd_3_1_v1/core_regression_v2_balanced_v1/visualizations/img_007.jpg,69867,84f503dc4eff4bc46ca155caf4b958553ea9a167acda0bf845b912f7740bde81
reports/prd_3_1_v1/core_regression_v2_balanced_v1/visualizations/img_008.jpg,70151,1a0be7c5e85e0aa889e91894abcde44d409c9af9b347d81f6133282fa267e060
reports/prd_3_1_v1/core_regression_v2_balanced_v1/visualizations/img_009.jpg,32664,7db679f8bc196b0d40598fa2d3a62283f931253fa30ae6f085498ebb39f3c4a4
reports/prd_3_1_v1/core_regression_v2_balanced_v1/visualizations/img_010.jpg,121905,9dbb98c3a564c85a20e5d5b0c6eee46050982b06b901b69c8e0857a05e1d782e
reports/prd_3_1_v1/core_regression_v2_balanced_v1/visualizations/img_011.jpg,90699,515cf0cd7be1e3fa34dec32277c233a60016179a8195a78e098a5461a64026f2
reports/prd_3_1_v1/core_regression_v2_balanced_v1/visualizations/img_012.jpg,123695,39fbdba60ca82b63e055109981ed34900cc851ed3b284ea233efc26911d80254
reports/prd_3_1_v1/core_regression_v2_balanced_v1/visualizations/img_013.jpg,160165,61c736f9ac84360a5611d410501553fc59b6b709b19486f4ddf1e802759ec7d4
reports/prd_3_1_v1/core_regression_v2_balanced_v1/visualizations/img_014.jpg,149589,9e5f2e120c6a2101a0a1b7324ea355567bbf42891311e99022c970c586290a25
reports/prd_3_1_v1/core_regression_v2_balanced_v1/visualizations/img_015.jpg,40811,c35522ca2ac55506f2b57d57fd78b23291fc0a467a09f0ddd65fdd50d3c93192
reports/prd_3_1_v1/core_regression_v2_balanced_v1/visualizations/img_016.jpg,84843,651cd66b5f9137d4bb808bdd85df9dce589103d1c486ed6095a5af58adbda9aa
reports/prd_3_1_v1/core_regression_v2_balanced_v1/visualizations/img_017.jpg,118983,c586df1fdb7f12e8e6e926a7b91f354614ad2e73440a4297f7465dd3754827a2
reports/prd_3_1_v1/core_regression_v2_balanced_v1/visualizations/img_018.jpg,88625,c7dd112e431b28d6f06f5735b8c8d231bbdb939718c7e49ccbd8a174bdc50afc
reports/prd_3_1_v1/core_regression_v2_balanced_v1/visualizations/img_019.jpg,227678,341bb718b190cfacecbfdf07a0128ac4ec9c422912d825c9450521df55c9c3ee
reports/prd_3_1_v1/core_regression_v2_balanced_v1/visualizations/img_020.jpg,87946,afe3d22425c6fce85f2ba69a48ebdd41f82b9451a419733955e7577d8e1b3829
reports/prd_3_1_v1/core_regression_v2_balanced_v1/visualizations/img_021.jpg,124472,def0258bc3721d3b5a8e2ba5c0465925669aeee0964730ba014f926047bd9e21
reports/prd_3_1_v1/core_regression_v2_balanced_v1/visualizations/img_022.jpg,78768,0a8542067a13dae5ba2998ca1757cc67f38b7348dfc6c35261810b0b18172918
reports/prd_3_1_v1/core_regression_v2_balanced_v1/visualizations/img_023.jpg,131260,55acc8583d13c8218dee027e4c4f7d3084d4d5d7a06af62474b2d9f41674b9ff
reports/prd_3_1_v1/core_regression_v2_balanced_v1/visualizations/img_024.jpg,94992,6044d1c69fd22240d39f19e84bed44ba54ba81d7f30c3e58bb5ba8d9a756ed57
reports/prd_3_1_v1/core_regression_v2_balanced_v1/visualizations/img_025.jpg,80370,fad5aedbc14c276a1e160da81dfa259c835bd03288d404fcf4bc1933ae1953e7
reports/prd_3_1_v1/core_regression_v2_balanced_v1/visualizations/img_026.jpg,296541,7bb8c141204b77ec195cd7682251ac2b54c145b96276a59c2a6aa4c761dabd57
reports/prd_3_1_v1/core_regression_v2_balanced_v1/visualizations/img_027.jpg,172919,82a12ad74b68de46ba5db12658f21acf7288cabc7ce7852c42cfb2edbeeccea2
reports/prd_3_1_v1/core_regression_v2_balanced_v1/visualizations/img_028.jpg,152350,a4f91846a7c627eb17b936138f4c6689619e2fce7e74e2d349051aee6c2169eb
reports/prd_3_1_v1/core_regression_v2_balanced_v1/visualizations/img_029.jpg,115036,4c959bb8b6cca307fbc5861f3a6c82b104f3a80dd2f98e47e1f923506504ea1e
reports/prd_3_1_v1/core_regression_v2_balanced_v1/visualizations/img_030.jpg,94575,2a1eb08f10c6aa107d71efbbfce707b355d07d2a38be598ceb1d9f42a2949cce
reports/prd_3_1_v1/core_regression_v2_balanced_v1/visualizations/img_031.jpg,142501,60bee3c7b6a3b9d4eaaa1e92f26920ca287495e9342bee41bac754475dbc07b3
reports/prd_3_1_v1/core_regression_v2_balanced_v1_evalfix/ERROR_DIAGNOSIS_AND_V3_PLAN_v1.md,10282,29db0dee384ae29cfebdc4fc3a2c899c6d0f5dce5139b3ac65ceaf311f929b9a
reports/prd_3_1_v1/core_regression_v2_balanced_v1_evalfix/error_analysis_priority_v1.csv,20086,27d7f4495edcfe5d91a58956021bbf85a36da1083add7a328d410ca4e70eb83d
reports/prd_3_1_v1/core_regression_v2_balanced_v1_evalfix/error_cases.csv,62498,b97a8ac0b7e8ecd81e33b51b82c060c01a3adae29bc4fbeb44abb3143c45852d
reports/prd_3_1_v1/core_regression_v2_balanced_v1_evalfix/error_diagnostics_v1/accessory_by_fine_category.csv,586,e6f6c5b3a2fbe457ae05af14cf356a981ab17aa3c9da728388038ac315dd06e7
reports/prd_3_1_v1/core_regression_v2_balanced_v1_evalfix/error_diagnostics_v1/by_area_bin.csv,389,0b9ddfff8735c16a388e24ddd303d8883f4cd4d95de4b41014d2801c23a67cae
reports/prd_3_1_v1/core_regression_v2_balanced_v1_evalfix/error_diagnostics_v1/by_class.csv,424,aa2697852064121dcb469386f83c6457b4f8d3277a0deaf1ef3abd7a25090644
reports/prd_3_1_v1/core_regression_v2_balanced_v1_evalfix/error_diagnostics_v1/by_class_area.csv,1669,14bfb892eeb0b3eff100184e7ff4ed41fb9ee00447f40eacf6b28c0dce9a95c7
reports/prd_3_1_v1/core_regression_v2_balanced_v1_evalfix/error_diagnostics_v1/by_occlusion.csv,303,abd80ff315a5bd6546a625d38a0da77767428aee8d7da4c63c48e74da684c947
reports/prd_3_1_v1/core_regression_v2_balanced_v1_evalfix/error_diagnostics_v1/by_scene_type.csv,443,352bb14993baef7ed81ab9ea56bbb195c65fd215028893dcc45bec73ae2bcf47
reports/prd_3_1_v1/core_regression_v2_balanced_v1_evalfix/error_diagnostics_v1/by_small_object.csv,323,5174fc835e2f878f48e793bbdf630555b43178c31e56b5b916d15b49212b7ba2
reports/prd_3_1_v1/core_regression_v2_balanced_v1_evalfix/error_diagnostics_v1/by_visibility.csv,325,ebabfaab777e23307ce86ff278f5a8b6da26eeee40a579693f4927f6ecde9e7c
reports/prd_3_1_v1/core_regression_v2_balanced_v1_evalfix/evaluation_summary.txt,1591,9e6e4969465ce27cd5bceece6ffefb6173e17e478583033db51db7bd0acac53c
reports/prd_3_1_v1/core_regression_v2_balanced_v1_evalfix/per_class_metrics.csv,1363,e12d25ede5e3d9d571695ce7ae71513444891f0eda99ca6198c42cec86b5c29e
reports/prd_3_1_v1/core_regression_v2_balanced_v1_evalfix/per_gt_results.csv,81542,139828fbf6c48c8c0f7849e6d6076c43ac6d286a7c79a91d9ad9bf2aac077bb9
reports/prd_3_1_v1/core_regression_v2_balanced_v1_evalfix/per_image_timing.csv,40772,1f755f61a6dc799cdf3bb0a93ce58932f6916048901f934efbfa44f22e01c906
reports/prd_3_1_v1/core_regression_v2_balanced_v1_evalfix/per_source_metrics.csv,664,2c2727246ffceb368b2a3204cdc4d351d4136ebea341f1a35d806ca70082a0bb
reports/prd_3_1_v1/core_regression_v3_a1_highres_v1/error_cases.csv,96778,6f681ea585ab8e6eb10c44f12c412bbf4aca3abfe7f178443432ae44836b0fdb
reports/prd_3_1_v1/core_regression_v3_a1_highres_v1/evaluation_summary.txt,1592,8259e382bd767817808f06ab3cd938f203518586d36740daa75759dcbca21a0a
reports/prd_3_1_v1/core_regression_v3_a1_highres_v1/per_class_metrics.csv,1354,1937440b767b33acc3087e86148cc2194f761e0a0629e30653e0b91328a4a337
reports/prd_3_1_v1/core_regression_v3_a1_highres_v1/per_gt_results.csv,123779,e4cc54bed2ef3648bde3d238ffea9cc787d131466b6cf46fffa969c0b5a0ad10
reports/prd_3_1_v1/core_regression_v3_a1_highres_v1/per_image_timing.csv,40753,eda0d1128a1ccc0d251a205be7ad8bb34a8a9ae78a1f65142c06082bbd27dc68
reports/prd_3_1_v1/core_regression_v3_a1_highres_v1/per_source_metrics.csv,667,b7d550d04c1cbdf6baa3ed7433cd5bb7a39ea4ec7f388a87ba8e8254232809bb
reports/prd_3_1_v1/core_regression_v3_a1_highres_v1/visualizations/img_000.jpg,64847,4572a36fc0cf12ea7ff05d2a4befcbf0f8ce67bb0a75f82e841a782eb7bd9171
reports/prd_3_1_v1/core_regression_v3_a1_highres_v1/visualizations/img_001.jpg,209638,a2d3fea41b78ab3ce83f765e9275a04444c044e8360d4991b8825e02da4eb963
reports/prd_3_1_v1/core_regression_v3_a1_highres_v1/visualizations/img_002.jpg,200932,1466e904558397c25a1fb6c255d2a325b36a529aea720541e771c44fbbb19b1f
reports/prd_3_1_v1/core_regression_v3_a1_highres_v1/visualizations/img_003.jpg,46653,c968d2fe54d2c6896aee8b14668c55531ab2876c6946e73a654d85cb840034be
reports/prd_3_1_v1/core_regression_v3_a1_highres_v1/visualizations/img_004.jpg,68413,fd661f49d0efd5245f8606c6b85ca23416a5b1353a797c69ea2cd501b8854067
reports/prd_3_1_v1/core_regression_v3_a1_highres_v1/visualizations/img_005.jpg,47882,1da240207e702f7e5ecee1a0f2a5f6749109ab9fcf64f05b1789971d6fc7aea5
reports/prd_3_1_v1/core_regression_v3_a1_highres_v1/visualizations/img_006.jpg,65825,263ea75ff05622ddea5aacb248168ef437611973f67cebbcf2f44c3a20eea8e7
reports/prd_3_1_v1/core_regression_v3_a1_highres_v1/visualizations/img_007.jpg,145309,d1706ac8c181f3531044ad6d24abedfed843fb78af4a92b58b8a35db6caac400
reports/prd_3_1_v1/core_regression_v3_a1_highres_v1/visualizations/img_008.jpg,63020,5b3f68727ed2d1551261f153d95875a9d1bb75c60d6a2678c6b50328b8b5d5db
reports/prd_3_1_v1/core_regression_v3_a1_highres_v1/visualizations/img_009.jpg,79011,43e0cd763071f188070ac3c8def5f9e21395f7f20b68cd84d1d8ee83a006415a
reports/prd_3_1_v1/core_regression_v3_a1_highres_v1/visualizations/img_010.jpg,115792,d610c96a9f3e40e33d7992298fef76831b74ae9046d92571b9b6540a685347a4
reports/prd_3_1_v1/core_regression_v3_a1_highres_v1/visualizations/img_011.jpg,167596,5409adf03f922a4d2cb68e6e1e9de47eba91d3596cf835bae609c8f91148cf4d
reports/prd_3_1_v1/core_regression_v3_a1_highres_v1/visualizations/img_012.jpg,74799,254bd74d18ba876b65c2f8b89b82f3b8ac7e9ec3dc06ee09715f5b72be8769c9
reports/prd_3_1_v1/core_regression_v3_a1_highres_v1/visualizations/img_013.jpg,58994,fe0f9793103ed718e73d366f298d9b85d9701a18c7745490f2329e9b0d8e7bd0
reports/prd_3_1_v1/core_regression_v3_a1_highres_v1/visualizations/img_014.jpg,64779,83f3b8e90b09a2f82d456f58e0dfa9e2c1a28894b495331cbf4417c46efdb333
reports/prd_3_1_v1/core_regression_v3_a1_highres_v1/visualizations/img_015.jpg,249103,2adf5c017f88881311d3d4a3affa48d22b83b6142680f68234624d04299facf1
reports/prd_3_1_v1/core_regression_v3_a1_highres_v1/visualizations/img_016.jpg,63013,ae37808926e4c6dd0de42f9cbeba00c9e63cf5e049cc8d27e33098cf9abe8603
reports/prd_3_1_v1/core_regression_v3_a1_highres_v1/visualizations/img_017.jpg,122745,6a78bbf80fe4225aa3ecf32835e3bccec23f7bc70eed4691081f02c98f4b20bc
reports/prd_3_1_v1/core_regression_v3_a1_highres_v1/visualizations/img_018.jpg,124419,9d88756dcc1ff2370daed281fecde0446c3b63651d69cca0ff8f1f1817333541
reports/prd_3_1_v1/core_regression_v3_a1_highres_v1/visualizations/img_019.jpg,115764,02ff457ba032c4097fa93cf4be7cb4a101225ef6bdc3eaefcc07838837c40448
reports/prd_3_1_v1/core_regression_v3_a1_highres_v1/visualizations/img_020.jpg,53939,6f0b0b096fc30a3978cc2d52fc93be314b12179b3a2a9aff6cdc5885996ad615
reports/prd_3_1_v1/core_regression_v3_a1_highres_v1/visualizations/img_021.jpg,69253,1b59b9cf8eb1f0e6d981b82894146a085f6e661f6fb68a73789954a7d29acc80
reports/prd_3_1_v1/core_regression_v3_a1_highres_v1/visualizations/img_022.jpg,131048,f919d28015b0173682434c724178b99af281318ff60b95e1525307d6ddca9141
reports/prd_3_1_v1/core_regression_v3_a1_highres_v1/visualizations/img_023.jpg,115367,c2d59e398071e359ce0cade99129c496d98e3eaf0de016284eb42e3af1dc644c
reports/prd_3_1_v1/core_regression_v3_a1_highres_v1/visualizations/img_024.jpg,85532,2ba24996b3431e19899ae4256e462771c4eb9319a44ae51952d344fe14207bd1
reports/prd_3_1_v1/core_regression_v3_a1_highres_v1/visualizations/img_025.jpg,62883,38e22f6fbcc7a0c7208879afb594690bc14edb8c58ae18e17074180d62674d1b
reports/prd_3_1_v1/core_regression_v3_a1_highres_v1/visualizations/img_026.jpg,99069,162a3f3d8a3e120e38b323f40a3f99e156c104d237dee4d3e43030289a408b9c
reports/prd_3_1_v1/core_regression_v3_a1_highres_v1/visualizations/img_027.jpg,80736,cfe460011c45936e0d2b0dbf3eb6e7e38445569490a5a6e7a7b65ac86dd35965
reports/prd_3_1_v1/core_regression_v3_a1_highres_v1/visualizations/img_028.jpg,70675,943d0083ddce493060bf8d693e22111f312902cfdd758f3ccbcc475dbe94f75e
reports/prd_3_1_v1/core_regression_v3_a1_highres_v1/visualizations/img_029.jpg,46219,3adc449f8f0a6e85d558a680541533cad1a7281f97ca6a1d00c3cbd48327f737
reports/prd_3_1_v1/core_regression_v3_a1_highres_v1/visualizations/img_030.jpg,109237,3e496130b10332e377160c37b862165daa2e83bbf245b0c071ac979f0891f0b9
reports/prd_3_1_v1/core_regression_v3_a1_highres_v1/visualizations/img_031.jpg,121282,bff2fdc60985697bc4491f096274b83810ab0bf239a1e433925543b46cb05475
reports/prd_3_1_v1/core_regression_v3_a1_highres_v1/visualizations/img_032.jpg,182030,1ba2a776b82a97c4a00fb59a83d80840827311a1ab71894d1f8c4cc5dfc263b2
reports/prd_3_1_v1/core_regression_v3_a1_highres_v1/visualizations/img_033.jpg,75532,401c3f38e77b7a449979fcb266870b8c2c336938d5f85419e4df57a78d205796
reports/prd_3_1_v1/core_regression_v3_a1_highres_v1/visualizations/img_034.jpg,124305,a6d0c4a0feefe56041edb423282a0f30f4a6871a2b57d3f69c48ca9d2192f640
reports/prd_3_1_v1/core_regression_v3_a1_highres_v1/visualizations/img_035.jpg,148051,6b13dc85808c230cb903af9aebf99c82475732bcd07f228aae305a8c15039ad2
reports/prd_3_1_v1/core_regression_v3_a1_highres_v1/visualizations/img_036.jpg,101798,4c12bc605dec7ac4570d4559a4c62f581a7bc1c6664c59533596c068b94e0e22
reports/prd_3_1_v1/core_regression_v3_a1_highres_v1/visualizations/img_037.jpg,85046,16acfd1259551660d55d0a407034c9e345f097aa199e6ad886b41f23ef281f58
reports/prd_3_1_v1/core_regression_v3_a1_highres_v1/visualizations/img_038.jpg,32297,4a5925f22361b390c3025fce43da1b4509bb156e7df2aaeb6c7dee8987b97dcc
reports/prd_3_1_v1/core_regression_v3_a1_highres_v1/visualizations/img_039.jpg,109538,60697375cee9f2bc87bc77724a4d1b25b0d99f95270ae8072fa24c11c5e3f399
reports/prd_3_1_v1/core_regression_v3_a1_highres_v1/visualizations/img_040.jpg,59716,f377eda9f11bbc13cb26f2e63caca317d22fc6949c41b64f51ffcf81595be337
reports/prd_3_1_v1/core_regression_v3_a1_highres_v1/visualizations/img_041.jpg,83623,c4ad07d4af2f681d3db097c64d0f43625f582f7cca9d9a54307d7a71eae38920
reports/prd_3_1_v1/core_regression_v3_a1_highres_v1/visualizations/img_042.jpg,99474,c30111884176eeeda18b6a031a0ce269e4f47973726236ebddf4b19b45dc5787
reports/prd_3_1_v1/core_regression_v3_a1_highres_v1/visualizations/img_043.jpg,55449,b71a9edb3abaf4b9ac64a1eff885383a75521d021a750cd8cec6d458c6bd536f
reports/prd_3_1_v1/core_regression_v3_a1_highres_v1/visualizations/img_044.jpg,116219,3a3832456c740172745fab89f4502de3f157e9d8e398e25ece80dbcc691c1f9f
reports/prd_3_1_v1/core_regression_v3_a1_highres_v1/visualizations/img_045.jpg,84147,fb99ecf270002a655cfb8e7d82cf7bb24819596da156a79cbce7788a28af191e
reports/prd_3_1_v1/core_regression_v3_a1_highres_v1/visualizations/img_046.jpg,67949,abc858da8c3a04a2b19b2a80e15a580e67008ae46222c74b3a1255573970cc93
reports/prd_3_1_v1/core_regression_v3_a1_highres_v1/visualizations/img_047.jpg,86096,7b89f2e6abbfc157080b64ac0a90d3e06bb1e62014b4a00118ba1cf90c1ac2f2
reports/prd_3_1_v1/core_regression_v3_a1_highres_v1/visualizations/img_048.jpg,98841,efba6bf9b221bb5d10fc8bd7d6f2c7b9a2a7ca9f8fb7a054588239489131b754
reports/prd_3_1_v1/core_regression_v3_a1_highres_v1/visualizations/img_049.jpg,94188,b5dc659849b22e42dfd54ab60888ff465f202ec4b4a99e1f446dd5665abf5807
reports/prd_3_1_v1/core_regression_v3_a1_highres_v1/visualizations/img_050.jpg,31581,d711bdabbd8ffd4bef04c490c14c09aae58844bc376440f94c694b35b343dbff
reports/prd_3_1_v1/core_regression_v3_a1_highres_v1/visualizations/img_051.jpg,131904,74101ea12efa8501749338b1c09b4c761f515e0b287509953e89129262bf81e5
reports/prd_3_1_v1/core_regression_v3_a1_highres_v1/visualizations/img_052.jpg,100413,8c4396dcfbadc6b7b7548048400766aa653f8cc2f9ca632bf532e4593d586412
reports/prd_3_1_v1/core_regression_v3_a1_highres_v1/visualizations/img_053.jpg,39943,d7d7482fe8cc99c8073458d7082629b38b60478849dc67d5e59d43748de41d95
reports/prd_3_1_v1/core_regression_v3_a1_highres_v1/visualizations/img_054.jpg,94378,efad2730b461fcd5f2a99d17968496747bb36091bf91ca71117476c139987369
reports/prd_3_1_v1/core_regression_v3_a1_highres_v1/visualizations/img_055.jpg,63270,758a51e03671bb3f264ea34b953ef86064e71b1317b7ababb8bbf098026cbac0
reports/prd_3_1_v1/core_regression_v3_a1_highres_v1/visualizations/img_056.jpg,65616,60bae197ef7fa7bac6c5a508b0daf37739f0f4acdba1f6afa5eac2b32cafefc9
reports/prd_3_1_v1/core_regression_v3_a1_highres_v1/visualizations/img_057.jpg,82511,e75b6c73bf41ba5a8fc3594e5b1e372342f5a9c081b1e451f22f5e9b04cdfcde
reports/prd_3_1_v1/core_regression_v3_a1_highres_v1/visualizations/img_058.jpg,94771,781d836b07183c1d2414f2cb7d6b0ecb088c188fbc29dfc7183a8deed51b6b18
reports/prd_3_1_v1/core_regression_v3_a1_highres_v1/visualizations/img_059.jpg,78066,941a678041c8883175046f3e472c5070d65f84e67808ef5be6617039c8dc39dd
reports/prd_3_1_v1/core_regression_v3_a1_highres_v1/visualizations/img_060.jpg,120637,4f334db6a257658a7617f2aa733fbb8ddab5a103fd991c9ccce4537003fb9d50
reports/prd_3_1_v1/core_regression_v3_a1_highres_v1/visualizations/img_061.jpg,100756,bab3dea5f54ac782b44a7319d8d5f5d0ff86eb4a1554842ad7a24e49dc6479ae
reports/prd_3_1_v1/core_regression_v3_a1_highres_v1/visualizations/img_062.jpg,89694,64e64ae43c187a09824be0dd23dfa06ce1cbf5d1c1a817977a045b08dd27ac9f
reports/prd_3_1_v1/core_regression_v3_a1_highres_v1/visualizations/img_063.jpg,37522,ce36932dd72c000f14b38f6830ea256532a6c6b63f5b07bb399677c8059b8da9
reports/prd_3_1_v1/core_regression_v3_a1_highres_v1/visualizations/img_064.jpg,58056,65d17b9418e6a98a9bfeb65db0901a32e47338822d48fd4b55a0a480beef7121
reports/prd_3_1_v1/core_regression_v3_a1_highres_v1/visualizations/img_065.jpg,77918,9ea50552b05890b274f92cbed6b8902413e9f3fac7eb83f61c86ead9efc2237d
reports/prd_3_1_v1/core_regression_v3_a1_highres_v1/visualizations/img_066.jpg,178947,6f207c12a1c9ea9119d5a28eb827791b4756b52fefde7749afdf671dddeafa75
reports/prd_3_1_v1/core_regression_v3_a1_highres_v1/visualizations/img_067.jpg,76737,d8fa4cfa7350395e919d88312e569237e1304e37fb44aa71947bf6b6144d7b49
reports/prd_3_1_v1/core_regression_v3_a1_highres_v1/visualizations/img_068.jpg,41078,3b3eb790bc7739aed9b18b500a9b735e4bf55a731591b9b8ec1c07b189c548e6
reports/prd_3_1_v1/core_regression_v3_a1_highres_v1/visualizations/img_069.jpg,59931,7f85b373d05b7e108af57be9933855d568535ca8029e52b85eb893e642d80425
reports/prd_3_1_v1/core_regression_v3_a1_highres_v1/visualizations/img_070.jpg,94317,36c39eb2bde704dbadb2c767e64124d7bfc38d03770adaf3e03eff6d66bbf0c4
reports/prd_3_1_v1/core_regression_v3_a1_highres_v1/visualizations/img_071.jpg,71836,c66aaade6aee281c30fd65d55558f1f0293e4c7fb1b14665e39fad55899f6a0f
reports/prd_3_1_v1/core_regression_v3_a1_highres_v1/visualizations/img_072.jpg,69029,623821bdd67fb9546f402013e07057c1e401f86203ffff85a1e131fda3f105e3
reports/prd_3_1_v1/core_regression_v3_a1_highres_v1/visualizations/img_073.jpg,246617,f797e7b540c735aa464e74bb44d3b83de7532231064d8cf7d27d1bb245b95e16
reports/prd_3_1_v1/core_regression_v3_a1_highres_v1/visualizations/img_074.jpg,60464,d5eb0c18fd787d88cda3b8a2b313d30fbd581e262fd611647870779bc63779b6
reports/prd_3_1_v1/core_regression_v3_a1_highres_v1/visualizations/img_075.jpg,51103,34c75c4f3df0ea597aff2d743ad2fbd369405a96abc2c38021b174ac252d4a0a
reports/prd_3_1_v1/core_regression_v3_a1_highres_v1/visualizations/img_076.jpg,100173,27cb772f67294e8fcdec5f2a7b2eba666bebccbc08ed4cf88e9822bb9e4fd769
reports/prd_3_1_v1/core_regression_v3_a1_highres_v1/visualizations/img_077.jpg,36043,877a4114a4f40aaf817d31a4ef23025e4bf574e500552d56f58a1421de3169b9
reports/prd_3_1_v1/core_regression_v3_a1_highres_v1/visualizations/img_078.jpg,108475,3fdc4c29864bc6fa569360441dcf54d6deb2bd4351ba74775b2bcb27c3a5b399
reports/prd_3_1_v1/core_regression_v3_a1_highres_v1/visualizations/img_079.jpg,36143,b7f256efac878ca221a92d1c971adbbed8b28998c183e39fde24883e8f87fac5
reports/prd_3_1_v1/core_regression_v3_a1_highres_v1/visualizations/img_080.jpg,94468,38f332908ed90d107ecd5ba1e7bca987a42ceb23472bf60fa633c7a6ef3c4c7f
reports/prd_3_1_v1/core_regression_v3_a1_highres_v1/visualizations/img_081.jpg,111524,0911019efe3d5c2a4a40e16135dffe05f7bcf31c42b6251f93865cc9983f2045
reports/prd_3_1_v1/core_regression_v3_a1_highres_v1/visualizations/img_082.jpg,313925,b8808d6b74286cb31b08e4fe7966dab42dea927bed4530c5266eb47a5795c9d6
reports/prd_3_1_v1/core_regression_v3_a1_highres_v1/visualizations/img_083.jpg,98557,e1cce0e13229265b8135c7e171e5b8725d6e6a16bfbb3ea54a437ce556af718c
reports/prd_3_1_v1/core_regression_v3_a1_highres_v1/visualizations/img_084.jpg,93023,88997beaf575fb478d32b84d11a7d7a64224a07582b0f69444df9989e7397489
reports/prd_3_1_v1/core_regression_v3_a1_highres_v1/visualizations/img_085.jpg,65037,c2867085be80aa5980851b757453786f7823fe59fce0327bf5b109a382bc5eb7
reports/prd_3_1_v1/core_regression_v3_a1_highres_v1/visualizations/img_086.jpg,63193,030988512ae9bc1e2d1a350508ca1ff97e9f016e923c9a86ee7d626db6d9dd0a
reports/prd_3_1_v1/core_regression_v3_a1_highres_v1/visualizations/img_087.jpg,54044,8edd4eae72025529eea9cdf51bbea79f4fe8dc741bdabf2611d98f00cbf04446
reports/prd_3_1_v1/core_regression_v3_a1_highres_v1/visualizations/img_088.jpg,34129,dce7205dfb70c85b9b2c31e6c4c4b3b53e67b21429251fb3b993bd22febf7158
reports/prd_3_1_v1/core_regression_v3_a1_highres_v1/visualizations/img_089.jpg,124877,9c4364b678904806ebeb5c8b715c86f9674647d37c637f63219b03acdedc9398
reports/prd_3_1_v1/core_regression_v3_a1_highres_v1/visualizations/img_090.jpg,99069,1bf069bc7fa62fec4d00336b6fe2f533ca5301ec8343c0bf6d0cc5500c8ed9c9
reports/prd_3_1_v1/core_regression_v3_a1_highres_v1/visualizations/img_091.jpg,45771,d2e09eed843be490f7ea4c3153459eecdb8a508750d92cd66a91c460ff69037b
reports/prd_3_1_v1/core_regression_v3_a1_highres_v1/visualizations/img_092.jpg,59449,f036d932d3e5178363b44737845ac37853f9de16a6ae0a22455da48911b3b6d5
reports/prd_3_1_v1/core_regression_v3_a1_highres_v1/visualizations/img_093.jpg,53499,2e9268e650550e1d63a06c4294ce113a429209e2421e7c0e9aaa58a30996f019
reports/prd_3_1_v1/core_regression_v3_a1_highres_v1/visualizations/img_094.jpg,70145,793b822386080cac37dba24810a35591c332510a627558ba4968e881d2b6ffbc
reports/prd_3_1_v1/core_regression_v3_a1_highres_v1/visualizations/img_095.jpg,202497,65970fd72cd068a71e56746d92ecb718f38bff0af04a37aa1adb83e17d6ba37c
reports/prd_3_1_v1/core_regression_v3_a1_highres_v1/visualizations/img_096.jpg,73447,585f49492a53a60149798f0de6136a9190221b7ca4db2cc58cd091a351129883
reports/prd_3_1_v1/core_regression_v3_a1_highres_v1/visualizations/img_097.jpg,113833,6fbb141a7ef854684cf91a203804a7c49e0ca8a3a3d5bfd55672a46bc01160a9
reports/prd_3_1_v1/core_regression_v3_a1_highres_v1/visualizations/img_098.jpg,110186,cb20d53352da80588820f3e1a4652ec0e50a63740ea7a9a17c3191e9b26a27fd
reports/prd_3_1_v1/core_regression_v3_a1_highres_v1/visualizations/img_099.jpg,42182,bf52d6a920654ac166ab465d7913c3672a05490224f891e30459184ff2b01f52
reports/prd_3_1_v1/core_regression_v3_a1_highres_v1/visualizations/img_100.jpg,71679,4ca4f028e2e7a7cb119e0417da15abcac09517d2bb6d00f5c8adc5caa2bd79d9
reports/prd_3_1_v1/core_regression_v3_a1_highres_v1/visualizations/img_101.jpg,118629,ac0c906aa56cb1d7644bef0982c7f6e4b26278bee97097fe872934543dfb6623
reports/prd_3_1_v1/core_regression_v3_a1_highres_v1/visualizations/img_102.jpg,132996,c8dc58335451c147ffe7a719051a2c58119f9d45802a04f2ff00916ba33fbd31
reports/prd_3_1_v1/core_regression_v3_a1_highres_v1/visualizations/img_103.jpg,68102,324b4df33d7463a258ae66353c98cda7bd7daa2a2a11ddbc60ed108b4ff82fa7
reports/prd_3_1_v1/core_regression_v3_a1_highres_v1/visualizations/img_104.jpg,70536,03879f12c3be123f6ce21ea407752054a028f307cb70c83baa90a372b64a04aa
reports/prd_3_1_v1/core_regression_v3_a1_highres_v1/visualizations/img_105.jpg,127489,ecce59a47b63b988ce57e3ccb2be05bed42d4afba908a0adcc872fe0a50feab5
reports/prd_3_1_v1/core_regression_v3_a1_highres_v1/visualizations/img_106.jpg,152514,5733e51b635cb699857d5e88907ab6db2ebfc1f48857135e85fae9840e7fa3f5
reports/prd_3_1_v1/core_regression_v3_a1_highres_v1/visualizations/img_107.jpg,37463,46ae32b329117f1fd9d2d55b108c6b0e9a2b21506168dd72c7822c360542546d
reports/prd_3_1_v1/core_regression_v3_a1_highres_v1/visualizations/img_108.jpg,144489,4bb66400b632a22e9e8f9d81f00c82ef841bfdd3d55d2d4161cf282f96ee9b14
reports/prd_3_1_v1/core_regression_v3_a1_highres_v1/visualizations/img_109.jpg,193195,3d5e532ccf8635cf3f292225c0bcc3396a820231602435478c89941c8e9ac320
reports/prd_3_1_v1/core_regression_v3_a1_highres_v1/visualizations/img_110.jpg,160133,b3ce984e1bade7857a50bb0ba21869e1c8f1d0235b3be71f087792a6f54e449a
reports/prd_3_1_v1/core_regression_v3_a1_highres_v1/visualizations/img_111.jpg,116404,c9a630baac4335bee55d1750bc75195ccc56097b305badd84ff7c3c53536874b
reports/prd_3_1_v1/core_regression_v3_a1_highres_v1/visualizations/img_112.jpg,48508,d1af3af82c876889d512dcc28b58c264f70c124d6deb8c398816c0fdd714dfe3
reports/prd_3_1_v1/core_regression_v3_a1_highres_v1/visualizations/img_113.jpg,171915,ad6489294523902d63025b06ada832938f54a3866972ce0dc310a128ce7d3af6
reports/prd_3_1_v1/core_regression_v3_a1_highres_v1/visualizations/img_114.jpg,107922,2d8dd2de75f7f527949a553dc9e3a8d14552a7f455b6a3d85d9cab47a5a3ede6
reports/prd_3_1_v1/core_regression_v3_a1_highres_v1/visualizations/img_115.jpg,99822,589c75c2fe24fdfe8523ff83be35cc94c3c16b317d5b67401f619a2177ace71f
reports/prd_3_1_v1/core_regression_v3_a1_highres_v1/visualizations/img_116.jpg,44310,d2e28b3b8ceca716dcbe3ebf251c6a2bb94fb578e510e719cce20261cc03c5c3
reports/prd_3_1_v1/core_regression_v3_a1_highres_v1/visualizations/img_117.jpg,99665,80d3e9a53180341dca8bf2e4c76de2fe3dc7f0e6452d6789421ea63a788c323a
reports/prd_3_1_v1/core_regression_v3_a1_highres_v1/visualizations/img_118.jpg,68845,28db7ab9769aaa903ae1cdcf283ff1a515ede94994654dfcf06387611664e750
reports/prd_3_1_v1/core_regression_v3_a1_highres_v1/visualizations/img_119.jpg,73726,39cfe226e6cabc74ec2d492923125f702384869f9d89838480bfff25e7d6bcd8
reports/prd_3_1_v1/core_regression_v3_a1_highres_v1/visualizations/img_120.jpg,84236,8032ee359c7c2e82184f48f0ecc810bb526895ace03fc1cb8d9d312a15c6ce97
reports/prd_3_1_v1/core_regression_v3_a1_highres_v1/visualizations/img_121.jpg,47113,108fef1157e99399ce522e339deda31de8ac25528fdc504d559ce02408fda8c4
reports/prd_3_1_v1/core_regression_v3_a1_highres_v1/visualizations/img_122.jpg,70990,7bcb5197bdd9e1db1febcc8a14339e268530225f42059215a9a941a301277998
reports/prd_3_1_v1/core_regression_v3_a1_highres_v1/visualizations/img_123.jpg,115597,8a04a81ba209b6e95f56f3114c72610af883bba2bdefb7837d61a42efe65837e
reports/prd_3_1_v1/core_regression_v3_a1_highres_v1/visualizations/img_124.jpg,180611,50cfde48faf3c2b65bdd35581758aa68219616da45be8fd261892863304d984b
reports/prd_3_1_v1/core_regression_v3_a1_highres_v1/visualizations/img_125.jpg,112430,049223981453660115df67d017fd2fd364086806420620df3bcd46f7c4a70598
reports/prd_3_1_v1/core_regression_v3_a1_highres_v1/visualizations/img_126.jpg,95431,78a5150f0a8b47345bcad874300d195ffed4d2b9af5b87902db29364d55266ae
reports/prd_3_1_v1/core_regression_v3_a1_highres_v1/visualizations/img_127.jpg,68398,ad8929cacbe85a8d87b3ca49f81b17e831da8e7ae421c6865dcc592febaa14c5
reports/prd_3_1_v1/core_regression_v3_a1_highres_v1/visualizations/img_128.jpg,35202,c769ad806611d00a334a63f5748773fb9b311af00e3804ad1cdca3e6fbae6234
reports/prd_3_1_v1/core_regression_v3_a1_highres_v1/visualizations/img_129.jpg,144749,bf3e7efeec502445639791fa519f4b578354659610830fe209314f8eda296f74
reports/prd_3_1_v1/core_regression_v3_a1_highres_v1/visualizations/img_130.jpg,177606,744d21eaadba43569a6ea0f15d2a4a321b2fe335bf324992c2a7106b410c0342
reports/prd_3_1_v1/core_regression_v3_a1_highres_v1/visualizations/img_131.jpg,106995,01f1e7e638b89faddf85116d124a51c06e437cc9147713902f56acbf6f543d68
reports/prd_3_1_v1/core_regression_v3_a1_highres_v1/visualizations/img_132.jpg,63446,8903ef4c96ab4cacfd92cdf0ce3d7391ded2850259a983ceb30eca186450759e
reports/prd_3_1_v1/core_regression_v3_a1_highres_v1/visualizations/img_133.jpg,134784,09ccb27f24f80a5fcd64a30e6022810649addc4b85e3f34c650b8189c8996c55
reports/prd_3_1_v1/core_regression_v3_a1_highres_v1/visualizations/img_134.jpg,160002,2cd75005de8f61e0e783399088fb055e5a16fc55a228906fb35e03131b771df5
reports/prd_3_1_v1/core_regression_v3_a1_highres_v1/visualizations/img_135.jpg,145957,9b78f32a709d927293b29de9a224627aeb641398d2d47f29645e7d0db15e2e6a
reports/prd_3_1_v1/core_regression_v3_a1_highres_v1/visualizations/img_136.jpg,90200,d002d5869cf10d4fbc022f03e02fa4c4aefe9dd4aa46e12b7b9b43cbe1f215e0
reports/prd_3_1_v1/core_regression_v3_a1_highres_v1/visualizations/img_137.jpg,70064,ea23dcdad9052fe79065b9f60bfd0aa5593e9781fede9de359e38bea8d520ba1
reports/prd_3_1_v1/core_regression_v3_a1_highres_v1/visualizations/img_138.jpg,171325,6d68ec73f08da4093f897fb9a324e9a9b3717ccbdde45f8daab842cf02b1f7d3
reports/prd_3_1_v1/core_regression_v3_a1_highres_v1/visualizations/img_139.jpg,47246,51e8462e8803f5c53504fdd5aad1eef2f07e08a17b56f934bec96969249f3758
reports/prd_3_1_v1/core_regression_v3_a1_highres_v1/visualizations/img_140.jpg,270341,500eb42b445d6f42a8361a8eb8e10494efb1bf1beb5ea16d350269b6a0ec8d36
reports/prd_3_1_v1/core_regression_v3_a1_highres_v1/visualizations/img_141.jpg,87682,147ace55d89e5c6a5ab4dd7dbcb72e9843fd4cfa0a13e9fd58db0a2191306b4d
reports/prd_3_1_v1/core_regression_v3_a1_highres_v1/visualizations/img_142.jpg,84358,5ec96bb0519b29dcf6431eb32c53755398592819b7fe22c1b6f843c0ec6579de
reports/prd_3_1_v1/core_regression_v3_a1_highres_v1/visualizations/img_143.jpg,74891,e2444807b53e43f8cb972f0bd4b37e575fdf87a2342217da2287cff873b2c885
reports/prd_3_1_v1/core_regression_v3_a1_highres_v1/visualizations/img_144.jpg,105010,d63785123ddd9fbf98cc41ecc0f9a4b935f1934b0c5fbd98f9d4fcae211d061d
reports/prd_3_1_v1/core_regression_v3_a1_highres_v1/visualizations/img_145.jpg,102249,0a5338898ac8224b7870f07192605caca0323a3b69f81e58159edf97928f1d48
reports/prd_3_1_v1/core_regression_v3_a1_highres_v1/visualizations/img_146.jpg,64975,9329da33e730f2f43f205305fbad22750100fa56040a86de25ddb9d424a1476b
reports/prd_3_1_v1/core_regression_v3_a1_highres_v1/visualizations/img_147.jpg,45694,1cfc7226c9bdb2334e4b8d69ac6d307db3c75a703896dc104acb8f438263a486
reports/prd_3_1_v1/core_regression_v3_a1_highres_v1/visualizations/img_148.jpg,107463,fff64dbcbd8d3f67567c36b547eabda4c400cfe1f95b2ea749666d7dd13ac9fc
reports/prd_3_1_v1/core_regression_v3_a1_highres_v1/visualizations/img_149.jpg,83503,43fa4178335026632f7a773fa5ddc4653f4c7e20844bd4f97cd4cf11b3f50117
reports/prd_3_1_v1/core_regression_v3_a1_highres_v1/visualizations/img_150.jpg,81931,9a816a3fa336e5c296294f1b0fa4cfd6bb2f02c68894445199d3f4da7f4ceb6c
reports/prd_3_1_v1/core_regression_v3_a1_highres_v1/visualizations/img_151.jpg,84665,90518aee21e30d0dd00cb347be59cfe67f535cbf14d8e85c2623dba085c1f223
reports/prd_3_1_v1/core_regression_v3_a1_highres_v1/visualizations/img_152.jpg,238006,e40892f29706c1261adb008821616cd2285355b7c499e47a87c5e5357a1e0c1e
reports/prd_3_1_v1/core_regression_v3_a1_highres_v1/visualizations/img_153.jpg,69050,d7e73f8e4060da1b954511ceaa85c38e19c9f01219d040aae6005291cfdae068
reports/prd_3_1_v1/core_regression_v3_a1_highres_v1/visualizations/img_154.jpg,78265,0c57af46143e35b723336a63c8977a17a3351c8187d08d0125fc4e0a509c547d
reports/prd_3_1_v1/core_regression_v3_a1_highres_v1/visualizations/img_155.jpg,54910,920cea77e234ddee77d474a7b1c87101eee6ade1ecc89e5011f3b9aa6c5ece2f
reports/prd_3_1_v1/core_regression_v3_a1_highres_v1/visualizations/img_156.jpg,60695,2313f5ac382d0fdda359e8db190d8954932ffd559273b5be06ee47dc6b9f28df
reports/prd_3_1_v1/core_regression_v3_a1_highres_v1/visualizations/img_157.jpg,147243,da0ab5b5f2449635a922002bab8d39816bdb397191b4a1635cc726fef2a4aa2d
reports/prd_3_1_v1/core_regression_v3_a1_highres_v1/visualizations/img_158.jpg,55096,ff01aeb0140a191d5d353a5910b3eeffe771abe982f572a04ac347123edb0f93
reports/prd_3_1_v1/core_regression_v3_a1_highres_v1/visualizations/img_159.jpg,74009,56d649643db21e6fde46908827f524e962bd2c6c1176a71f7bcc708ef0dd3306
reports/prd_3_1_v1/core_regression_v3_a1_highres_v1/visualizations/img_160.jpg,72220,483e3be72fdef254fb0dda3f786e14de91b317db45f81945d52b92cf3047d354
reports/prd_3_1_v1/core_regression_v3_a1_highres_v1/visualizations/img_161.jpg,90762,36381e0f37ea16c626d715e8bf65955c817070f77af19609305fc8264d8a1512
reports/prd_3_1_v1/core_regression_v3_a1_highres_v1/visualizations/img_162.jpg,75583,865c45bfd1f5204c53df05ff82169f77522033c94b9f5805d2923989d5085cc7
reports/prd_3_1_v1/core_regression_v3_a1_highres_v1/visualizations/img_163.jpg,124889,bf2cd29c223291bd7b65f85af13efdf89a9656991781e9cee360b4506531a904
reports/prd_3_1_v1/core_regression_v3_a1_highres_v1/visualizations/img_164.jpg,143678,22b352f9af555873955b350cb7039e0e926e63c0846dd732e081237e430f1035
reports/prd_3_1_v1/core_regression_v3_a1_highres_v1/visualizations/img_165.jpg,86434,1835008958a0638677207d2e74bb564b878f77cc139825f5cec80424ef73b6bc
reports/prd_3_1_v1/core_regression_v3_a1_highres_v1/visualizations/img_166.jpg,95259,9aa4d9a3fa365b0ef9bff2e9850b3a8df303c82728aefde8d2a3a790f3d81b56
reports/prd_3_1_v1/core_regression_v3_a1_highres_v1/visualizations/img_167.jpg,52653,313ef3f9c95f10d1b155c9c837766680a201d56f8b900118bc6fdf91d339086b
reports/prd_3_1_v1/core_regression_v3_a1_highres_v1/visualizations/img_168.jpg,72548,c7e8b69dc1c7fd2b3978dd0321315f7eba3af99dbda094e0bc49057ccf6c27d4
reports/prd_3_1_v1/core_regression_v3_a1_highres_v1/visualizations/img_169.jpg,77696,6c096fe3525d41641179fac6215c08aef6713cfe964ea510c4eac2a334ae9caa
reports/prd_3_1_v1/core_regression_v3_a1_highres_v1/visualizations/img_170.jpg,68084,73cd668858824a1c6d3273f760b11a31b4e264f68be9bdde4b476878614d383a
reports/prd_3_1_v1/core_regression_v3_a1_highres_v1/visualizations/img_171.jpg,60066,85ced7fd6405987ca82e5b7de1d2c314b493aea1317efe411dd3c78183441082
reports/prd_3_1_v1/core_regression_v3_a1_highres_v1/visualizations/img_172.jpg,100336,488aa0efb3bc2de4b50ddeaccd68054c5ce5d86a2cd6bcf291fabe811262acb8
reports/prd_3_1_v1/core_regression_v3_a1_highres_v1/visualizations/img_173.jpg,128538,1d6c040a1cdb293463e486076446603a081d777724e61456266c2a90dbecac8c
reports/prd_3_1_v1/core_regression_v3_a1_highres_v1/visualizations/img_174.jpg,71491,aa793b4df14af92024c067d67e23d0e1d4d775c5ee094dfdb213848d47282ded
reports/prd_3_1_v1/core_regression_v3_a1_highres_v1/visualizations/img_175.jpg,59922,8f0fab0c8e4513b5592644374c91e2e85d0841d3c51f31511790594a53613cab
reports/prd_3_1_v1/core_regression_v3_a1_highres_v1/visualizations/img_176.jpg,115385,a51884dcfd906e5183e0de45969455e9dab2a59d6fee6cdcbf4cc529d0b5a6dd
reports/prd_3_1_v1/core_regression_v3_a1_highres_v1/visualizations/img_177.jpg,131221,16085680dbff460aaca7df9c0db99c87685c4d0b61d5214a0fca8228649a7832
reports/prd_3_1_v1/core_regression_v3_a1_highres_v1/visualizations/img_178.jpg,153630,0686a1c51752079d3b872cc1b76a964ed207ca33a29397e176e8a2080226eb9f
reports/prd_3_1_v1/core_regression_v3_a1_highres_v1/visualizations/img_179.jpg,98676,05946dcc7e8de8e70dbcfa42390def69c422e6509cef653a236de6b7bdc47bcf
reports/prd_3_1_v1/core_regression_v3_a1_highres_v1/visualizations/img_180.jpg,65387,7184168321663ba07e0d05da4530823ee1fae3784e97dc4980e019c891e3ca4b
reports/prd_3_1_v1/core_regression_v3_a1_highres_v1/visualizations/img_181.jpg,166084,9f9c0d804e4fc037f477e1b18bbce226e65cf2c2dcc0229a23b9387dfac9727f
reports/prd_3_1_v1/core_regression_v3_a1_highres_v1/visualizations/img_182.jpg,57346,0339feed2c85a9156cd8176b0c6fe65bc1f628de5cfb66f09684b594c3313409
reports/prd_3_1_v1/core_regression_v3_a1_highres_v1/visualizations/img_183.jpg,67307,126843f848148f1e4a93b0a4a15c9cf80e7570a82063c755de0d0501c03409dd
reports/prd_3_1_v1/core_regression_v3_a1_highres_v1/visualizations/img_184.jpg,54710,1df349f30782c2320562850f447ab4f4e0c78ea78af0784a4de1d526f392d1cc
reports/prd_3_1_v1/core_regression_v3_a1_highres_v1/visualizations/img_185.jpg,45223,d8fb6350db8e6a268ffef812882aad9d3f23d1770a79bab3755d266d1f25db5d
reports/prd_3_1_v1/core_regression_v3_a1_highres_v1/visualizations/img_186.jpg,90317,53ed8690f5613f033f66548b01b0684623993d879265b4e7f75f4c849ef3a23a
reports/prd_3_1_v1/core_regression_v3_a1_highres_v1/visualizations/img_187.jpg,191201,49254033b795c9c315d5fc5f5c7b7e707741a8884ff3035a0f7ae2df2f7dda21
reports/prd_3_1_v1/core_regression_v3_a1_highres_v1/visualizations/img_188.jpg,105687,c60a86536d5cd16985512ae6b5911b8cc1dbcf215419d62d32d4c84f29d9074f
reports/prd_3_1_v1/core_regression_v3_a1_highres_v1/visualizations/img_189.jpg,141188,a80fd11124fc7a153134f2caa052652f9a1b13dea5e8d9131ee1e201dda43de7
reports/prd_3_1_v1/core_regression_v3_a1_highres_v1/visualizations/img_190.jpg,50778,c95b814821014d2b8ace7e5810b763b8ad280f20369669be9e571df380efd8af
reports/prd_3_1_v1/core_regression_v3_a1_highres_v1/visualizations/img_191.jpg,88745,a16a9ff009524350c8270041a019666c9adb48f7564e12f30b2cd5329f0a2160
reports/prd_3_1_v1/core_regression_v3_a1_highres_v1/visualizations/img_192.jpg,55566,c7f3f1061590340d8001fa585072c15b079eef417130a01f5f48c8f4111dc746
reports/prd_3_1_v1/core_regression_v3_a1_highres_v1/visualizations/img_193.jpg,156198,4e7c833aba56eb38753338ad85acd50fcf4f8ac8ebc73758884e705b920b8f2e
reports/prd_3_1_v1/core_regression_v3_a1_highres_v1/visualizations/img_194.jpg,70553,4132a6eb10d69c3bf3a88d4ca773ceae920a95d2575e3ff2ee3bf2a1e1b27a67
reports/prd_3_1_v1/core_regression_v3_a1_highres_v1/visualizations/img_195.jpg,55512,44488d955646ff7e7a959d877e67c76c3aebd4fe7f8b83a0c70df2012f988571
reports/prd_3_1_v1/core_regression_v3_a1_highres_v1/visualizations/img_196.jpg,109904,17c91f82ad699e9e215b65c5ccee89515561a77c879aafe6ef6105c9d8ce1dc3
reports/prd_3_1_v1/core_regression_v3_a1_highres_v1/visualizations/img_197.jpg,42692,9e44db65c669f6b1c812782131af5288d3752b71849bb7ae1a58ec104607fae0
reports/prd_3_1_v1/core_regression_v3_a1_highres_v1/visualizations/img_198.jpg,83257,1683ad8392b6791f328f36c3409f31c16a41d67851316b6ff4fccba6d362beee
reports/prd_3_1_v1/core_regression_v3_a1_highres_v1/visualizations/img_199.jpg,60069,3113aa5ea0b5877583cb5232ca4a9473fa080f04cc0f9535871b6e142a0a8ba4
reports/prd_3_1_v1/core_regression_v3_a1_highres_v1/visualizations/img_200.jpg,49076,edb24a2d47585d42edba36fc17083f639420da38ca2482a71746fdd05675e40f
reports/prd_3_1_v1/core_regression_v3_a1_highres_v1/visualizations/img_201.jpg,217989,678bb616a3631825d3afc08555924b1f8cf079e7bc35f9431e244f43d1550697
reports/prd_3_1_v1/core_regression_v3_a1_highres_v1/visualizations/img_202.jpg,121789,9464535d3621db5e41e4f4003685170c15e15f759488b7545ff530545b5ff2d2
reports/prd_3_1_v1/core_regression_v3_a1_highres_v1/visualizations/img_203.jpg,120326,c4294e002c51a62b67fc2933512a92901ea3cd36ae9affd81e356823fd6b5b9d
reports/prd_3_1_v1/core_regression_v3_a1_highres_v1/visualizations/img_204.jpg,177528,4330afc6d6d76b98e28e9620dc8b37a83ce61f9d055c8f9d5f6c30fec14df0b8
reports/prd_3_1_v1/core_regression_v3_a1_highres_v1/visualizations/img_205.jpg,102947,c0be003194c766ab5d005f84c900163d5ba19726b4e5acd394b73d2770c2d445
reports/prd_3_1_v1/core_regression_v3_a1_highres_v1/visualizations/img_206.jpg,78464,36ec60a827d9405a7661b70bee34377b73b9d81e1b3c0bee1a86d77235ff7ae4
reports/prd_3_1_v1/core_regression_v3_a1_highres_v1/visualizations/img_207.jpg,220813,a2f44629f7eb53875246f11e02e67cf502c99d0028efd68477fa6b36079f1b3d
reports/prd_3_1_v1/core_regression_v3_a1_highres_v1/visualizations/img_208.jpg,41463,f777d5c2ea331e631a4535afb0d2bea0a20decde215cfa252974484e0c34c09a
reports/prd_3_1_v1/core_regression_v3_a1_highres_v1/visualizations/img_209.jpg,63270,a21677a1d640e017af92ca0599977191c240f28ea36e91df20b5c3078a69b273
reports/prd_3_1_v1/core_regression_v3_a1_highres_v1/visualizations/img_210.jpg,153496,218d7aec9747bd3e6746253ac401688b2afc3179b0320c803d47389b6649b379
reports/prd_3_1_v1/core_regression_v3_a1_highres_v1/visualizations/img_211.jpg,119380,31d49fbfeb980aa9c0fa73e2f2960acbf63fe58e031c2ae3b778d9e0e7c124a8
reports/prd_3_1_v1/core_regression_v3_a1_highres_v1/visualizations/img_212.jpg,81879,7c70eb866b89aa89f23f4f97c9a10e1a070afbf4eedfb9184dcdc137f1b1cfd1
reports/prd_3_1_v1/core_regression_v3_a1_highres_v1/visualizations/img_213.jpg,91461,bf0b079695c2448e343356eef12711eaba3b7ac55552335c2c6c53b3cff370cc
reports/prd_3_1_v1/core_regression_v3_a1_highres_v1/visualizations/img_214.jpg,45193,8277ab8d93692a7eaf268955d11a249b7e368c2aaf2d2d135059dfac85a1bb80
reports/prd_3_1_v1/core_regression_v3_a1_highres_v1/visualizations/img_215.jpg,69730,98be2025e2789ee40baa91ee12151b18f67b5e0d4e4f4fd38c400c9c5ae44762
reports/prd_3_1_v1/core_regression_v3_a1_highres_v1/visualizations/img_216.jpg,91229,bc5bada0df35560831ef80242afad03ae3b4d8a3bb0d2e1cff4136ff8691a341
reports/prd_3_1_v1/core_regression_v3_a1_highres_v1/visualizations/img_217.jpg,35995,4f300226ba18ad719e57eaaa4d0bbc6a1e1bdc897977ae08dddde80da4b4ea19
reports/prd_3_1_v1/core_regression_v3_a1_highres_v1/visualizations/img_218.jpg,52724,a04cdd97ffa8d9683234e087ce42721334f2f964dd6a26433876f8b15195a235
reports/prd_3_1_v1/core_regression_v3_a1_highres_v1/visualizations/img_219.jpg,43163,72350c8c6c4b769d2cd619f1478526fb8aeed3e7e5923fb403081e6586fae770
reports/prd_3_1_v1/core_regression_v3_a1_highres_v1/visualizations/img_220.jpg,49185,78121e108952f4e7bdbb39ece84d3ba0aee1986ba6e4ddc0d5d93d362e4c2949
reports/prd_3_1_v1/core_regression_v3_a1_highres_v1/visualizations/img_221.jpg,59999,2a34e1f16917d60d673df0ada526ea9230d803ffb431136f40aed49782d9f066
reports/prd_3_1_v1/core_regression_v3_a1_highres_v1/visualizations/img_222.jpg,61447,a26ece8d1afb440b725a4d33a8b0aca15eedfc6a22ad042ef3b9559152cf630e
reports/prd_3_1_v1/core_regression_v3_a1_highres_v1/visualizations/img_223.jpg,90380,0a083fd94889e7f69b717a9331b8387ccd038311803b7bc248a159d9f9b6b37d
reports/prd_3_1_v1/core_regression_v3_a1_highres_v1/visualizations/img_224.jpg,66558,2af3dd2f879ffd0c249961dc60c8ed466880c3c34a664848b48048fd293f5a34
reports/prd_3_1_v1/core_regression_v3_a1_highres_v1/visualizations/img_225.jpg,97437,0a604879c641cac4118a1ec85dd0dbd00f61ffe4c4142bef8d26b6bab7bf7f7b
reports/prd_3_1_v1/core_regression_v3_a1_highres_v1/visualizations/img_226.jpg,98784,9c4b77297ede67c913be8a146bfb32a3d7fe2b483104e6ed01b738c9c9e29d42
reports/prd_3_1_v1/core_regression_v3_a1_highres_v1/visualizations/img_227.jpg,41946,783ab5ac32319f5c6e25a35a9cddd265043466315c4d811807a30505d4304e20
reports/prd_3_1_v1/core_regression_v3_a1_highres_v1/visualizations/img_228.jpg,162530,2f1dd1e75bc9469ffc9989f63ad6d1c6c4c1f22f3694fc6689183602cd006304
reports/prd_3_1_v1/core_regression_v3_a1_highres_v1/visualizations/img_229.jpg,153898,14c1d021e5689af37882b55135609b000280fbdbc5ddf4e347c923ea67708774
reports/prd_3_1_v1/core_regression_v3_a1_highres_v1/visualizations/img_230.jpg,72322,6f9114c7d017b0ef13525021905f978336338ab7a7b56ab449712f23b28f16b7
reports/prd_3_1_v1/core_regression_v3_a1_highres_v1/visualizations/img_231.jpg,101923,c2ada2d7ab6ef97eb107030435382f62ada33d0f738783745cc096b5e976fb60
reports/prd_3_1_v1/core_regression_v3_a1_highres_v1/visualizations/img_232.jpg,110363,3d62bc623941d830f058a4a372818ab74fef0cc1df6be97d97909ade57f37f70
reports/prd_3_1_v1/core_regression_v3_a1_highres_v1/visualizations/img_233.jpg,52572,0272a2ff2f269603169e6ec6dac482e2a8c05cd725a05e25cfc5b2693cad754e
reports/prd_3_1_v1/core_regression_v3_a1_highres_v1/visualizations/img_234.jpg,120147,f9459edb8409b22010520f70f7873ff19323c2f4df66318099ed4f0383ea82bf
reports/prd_3_1_v1/core_regression_v3_a1_highres_v1/visualizations/img_235.jpg,95537,9719c570ed5107684d184d1bc153256ec946867bb620d7dcfbe3eb353f88d93c
reports/prd_3_1_v1/core_regression_v3_a1_highres_v1/visualizations/img_236.jpg,117877,240f1be1667f26fc63e7217597b5482de57b18da818085cd02eb46b3cc7c9652
reports/prd_3_1_v1/core_regression_v3_a1_highres_v1/visualizations/img_237.jpg,91293,453ff83e0b764447499afc94522692a094ca4ebadd4e0db7322e78dfe5fd8609
reports/prd_3_1_v1/core_regression_v3_a1_highres_v1/visualizations/img_238.jpg,70195,8c45a0a9264455a33e8ae1cd9774e8c8503e43a8e45b2c94aaf51b572b34f4aa
reports/prd_3_1_v1/core_regression_v3_a1_highres_v1/visualizations/img_239.jpg,53191,0604acf67c087ee01c6763cb1769cb1723b2500fb845382294d1e073cdc0370e
reports/prd_3_1_v1/core_regression_v3_a1_highres_v1/visualizations/img_240.jpg,140673,f737b95fdb98ce9e359db2cf129bace5cb4c80b08285abd1587afd42cf6fee5b
reports/prd_3_1_v1/core_regression_v3_a1_highres_v1/visualizations/img_241.jpg,76865,763e41343f66e428865bcaf7b741c45b10e05a148506cc691896827a11f22e9a
reports/prd_3_1_v1/core_regression_v3_a1_highres_v1/visualizations/img_242.jpg,99949,ff88a7c70095027ab5a8741547a1afd93832fe5328f77ab071f403ffe0e43bf5
reports/prd_3_1_v1/core_regression_v3_a1_highres_v1/visualizations/img_243.jpg,81427,73d6c57e589cb6a0bf91f0655fc4e27c42e2724e66742edb74a5e13fa465f463
reports/prd_3_1_v1/core_regression_v3_a1_highres_v1/visualizations/img_244.jpg,145123,77896589d50e1ac01154e720cca03791a38014de34e5ec56df885cbe6e4174ff
reports/prd_3_1_v1/core_regression_v3_a1_highres_v1/visualizations/img_245.jpg,94126,9cb35ffc2bb09db5781d164679dccbccc518ab3095761020edbd2c1feea034e9
reports/prd_3_1_v1/core_regression_v3_a1_highres_v1/visualizations/img_246.jpg,110677,9390e4c34e18a419d48531db35df5aadcb35f84d8bda81a79efae5ad3fa4b1c5
reports/prd_3_1_v1/core_regression_v3_a1_highres_v1/visualizations/img_247.jpg,79122,08ff1b7df25def2a3578033467b2a202f6e53761f59b008b158f57a08bea262b
reports/prd_3_1_v1/core_regression_v3_a1_highres_v1/visualizations/img_248.jpg,70171,52ce771ee3ed463c35c0e2728dce6072f08625e8e39a67d30ff88deb87da7c76
reports/prd_3_1_v1/core_regression_v3_a1_highres_v1/visualizations/img_249.jpg,115427,6a4ab6b642fd7a1baf15142f7ba49154231c9ac167e0e1cf7f559770f5179cb0
reports/prd_3_1_v1/core_regression_v3_a1_highres_v1/visualizations/img_250.jpg,122567,9d2f09efe98c9c68a170cc1c059e5d8150d4a9a615aa17018d796492411462c1
reports/prd_3_1_v1/core_regression_v3_a1_highres_v1/visualizations/img_251.jpg,54945,3ec4e9fc81c743961248fdb5579fdf51cb5183d175ebc23c69c53d94a6b91cef
reports/prd_3_1_v1/core_regression_v3_a1_highres_v1/visualizations/img_252.jpg,141755,fa5d176ae440e37b1f7ba77cba33af7d16caf21fa50a1f7eb63bdb44f261b8e7
reports/prd_3_1_v1/core_regression_v3_a1_highres_v1/visualizations/img_253.jpg,180466,a46e834e7ed295e3632a51607c3163dc2acaa7f24e2865c6f386d085d4cdefc2
reports/prd_3_1_v1/core_regression_v3_a1_highres_v1/visualizations/img_254.jpg,53504,633ee1c383d03d60b941b4108a723574feaf00278cabc746d6d05dee634f7266
reports/prd_3_1_v1/core_regression_v3_a1_highres_v1/visualizations/img_255.jpg,114850,10c5d0a5c175a32c6d6d7aa9c5a426a49143422f9ddcfafd75d7aef0df3521f4
reports/prd_3_1_v1/core_regression_v3_a1_highres_v1/visualizations/img_256.jpg,97129,cc658796a53c45e3f19badc3dc79025ed7679fc2181e176d8ae69489f9a8c303
reports/prd_3_1_v1/core_regression_v3_a1_highres_v1/visualizations/img_257.jpg,132603,7380e3ccf03b3e0ae2106d506e935761776c2e8421061c4ab322e843350425fd
reports/prd_3_1_v1/core_regression_v3_a1_highres_v1/visualizations/img_258.jpg,169163,f27953122fb87a47ab1e7fdfbece3c9b3e181891d3502c226da7cbcfba6c69b2
reports/prd_3_1_v1/core_regression_v3_a1_highres_v1/visualizations/img_259.jpg,102650,64c207f44a7099555ab11e2d453db31cec4d70b9bdc0f3bf30e5a5bd0414e966
reports/prd_3_1_v1/core_regression_v3_a1_highres_v1/visualizations/img_260.jpg,164578,35ba81f78a8cf9b2d691e12dde36f5f087fac9f017fc53c679f91fae4dd34924
reports/prd_3_1_v1/core_regression_v3_a1_highres_v1/visualizations/img_261.jpg,81793,83b83ddea885ab12754dcf6d73e997d6fe9d2d01fc34e00d5503dbbba9f6b8f4
reports/prd_3_1_v1/core_regression_v3_a1_highres_v1/visualizations/img_262.jpg,95404,e3c93074a90db4b95de97487309e5fd42924a4d89eeca30514472192dea7113e
reports/prd_3_1_v1/core_regression_v3_a1_highres_v1/visualizations/img_263.jpg,191119,b810f60814c07e46f7767deeb93beae22279b1ba9d84a832e3393e92fae5e8fb
reports/prd_3_1_v1/core_regression_v3_a1_highres_v1/visualizations/img_264.jpg,74836,4e551b48a0fe6696e238be126a3d31f3df434376d8ae22d16c92f678b9bbcfa7
reports/prd_3_1_v1/core_regression_v3_a1_highres_v1/visualizations/img_265.jpg,129795,f9dc4ca1ca61a9049daee8ffa679b59324a94e23aa04c928bd4e1efa9498c590
reports/prd_3_1_v1/core_regression_v3_a1_highres_v1/visualizations/img_266.jpg,113412,3474cb6cd60590296d28d5ce258383b46e3ee464331572f52cd51f3d5c7917c5
reports/prd_3_1_v1/core_regression_v3_a1_highres_v1/visualizations/img_267.jpg,157835,c8e642b822ff837f0026736ed2f1fbd784d4237f2a57033053b2207a47bd8855
reports/prd_3_1_v1/core_regression_v3_a1_highres_v1/visualizations/img_268.jpg,199539,eb525586a3bde04edd8e309ff92900fa6d254c3a159ad5e69f125609f1ca772f
reports/prd_3_1_v1/core_regression_v3_a1_highres_v1/visualizations/img_269.jpg,108855,689dbfe6f9893af2186f221a50b9d97c41d18e53e4a9b7862577521339e35107
reports/prd_3_1_v1/core_regression_v3_a1_highres_v1/visualizations/img_270.jpg,98088,f087b1419cfbfb25783784471f492f7249f50b48d40ebc404c805d6c919ae51d
reports/prd_3_1_v1/core_regression_v3_a1_highres_v1/visualizations/img_271.jpg,150034,211d7727927d34f8398726597aace218638c99507aea072f9b913a3ba75dc93a
reports/prd_3_1_v1/core_regression_v3_a1_highres_v1/visualizations/img_272.jpg,57902,2eee486160acc1c8dcdd1046455dfeb5f8b1b3e96e3b47cfd646404916f159ab
reports/prd_3_1_v1/core_regression_v3_a1_highres_v1/visualizations/img_273.jpg,74674,86241d02b139530322bd2517258b29740f352e4c95f2672d1800002d55db8560
reports/prd_3_1_v1/core_regression_v3_a1_highres_v1/visualizations/img_274.jpg,97935,7ad8c64633d8269aeb9272032d3f20b7856cd3960c710c24ac8a1f2021e4d620
reports/prd_3_1_v1/core_regression_v3_a1_highres_v1/visualizations/img_275.jpg,144566,6fde07fc2774e7842a5e0c2cd931abbbfd0fd6f620de603ae7e0d71c6742f97f
reports/prd_3_1_v1/core_regression_v3_a1_highres_v1/visualizations/img_276.jpg,186509,89d9e7da9d2ccbfeb75a96168af6d279bfebbc321295241e4b2012a69ef9cb0a
reports/prd_3_1_v1/core_regression_v3_a1_highres_v1/visualizations/img_277.jpg,82061,228a17fea377e06b9b19c2232f660e1716e2112f7d40c6fe6d3f835ceed7c6e6
reports/prd_3_1_v1/core_regression_v3_a1_highres_v1/visualizations/img_278.jpg,89683,ee0cc8fcdfa0121c1629f0a1b71e267629a318364cbd53da58ac6aedff537f50
reports/prd_3_1_v1/core_regression_v3_a1_highres_v1/visualizations/img_279.jpg,91619,ce2739c03c78c58502837b27276739661be9aafac937fdadfae366adac3c9f32
reports/prd_3_1_v1/core_regression_v3_a1_highres_v1/visualizations/img_280.jpg,71394,520fa2cc9bc28f0bea49744eeff7b0f7dec5cdb11a3107cd431b87987adf3dab
reports/prd_3_1_v1/core_regression_v3_a1_highres_v1/visualizations/img_281.jpg,67507,60872a9a613500b50f5a569bfcb16d909afd24b00e0f1d122d484c7f17810b14
reports/prd_3_1_v1/core_regression_v3_a1_highres_v1/visualizations/img_282.jpg,132027,2cd1d26c3a140b8eade1d7f5b7eb827f00b9ecfa3b5c60b970ab3d6e0fcc1bbc
reports/prd_3_1_v1/core_regression_v3_a1_highres_v1/visualizations/img_283.jpg,82293,c9701e8d13d5a9d781d6e8635e42c5affee1350271c4f45ff289f15da6b2d02a
reports/prd_3_1_v1/core_regression_v3_a1_highres_v1/visualizations/img_284.jpg,93582,bfc708c8e394d39b2eef7967257fc36d708ec82cca7d15861f650ecf4d358fe8
reports/prd_3_1_v1/core_regression_v3_a1_highres_v1/visualizations/img_285.jpg,87553,a82ac52816f240234bad0cd9c8f51d3e763eec1d3e82d8a39bbfddcda0012edb
reports/prd_3_1_v1/core_regression_v3_a1_highres_v1/visualizations/img_286.jpg,168398,0c46e7418a8bc5a2f081095999132084330a61eca008c4da0bc60d1ebb5fc2a9
reports/prd_3_1_v1/core_regression_v3_a1_highres_v1/visualizations/img_287.jpg,86347,9eea8ec4066f484f7fbe58a484c253ada208db25da5d2d64a9e878fe277d1126
reports/prd_3_1_v1/core_regression_v3_a1_highres_v1/visualizations/img_288.jpg,121554,73695818ea07181eb640f6dcd74cc1d5f708a928ce935f41547c7add6db19abc
reports/prd_3_1_v1/core_regression_v3_a1_highres_v1/visualizations/img_289.jpg,134275,231a2adcec0b33dce89972309ad22b97914f4317fd79775535f447bb8b308f53
reports/prd_3_1_v1/core_regression_v3_a1_highres_v1/visualizations/img_290.jpg,76121,dcfdb685f8ac46827f9c433caf7631fd29b0cd5c59df232273f4fbfa0c42d617
reports/prd_3_1_v1/core_regression_v3_a1_highres_v1/visualizations/img_291.jpg,81267,29b78e85c6137dc415a638a1278d9fde80a1f3d450bda027a02444b8a30e8e42
reports/prd_3_1_v1/core_regression_v3_a1_highres_v1/visualizations/img_292.jpg,85100,b79f02b8ef129cdb1a8ab32f10cb6597a0a8f0368ccde260d146306797d9d9c9
reports/prd_3_1_v1/core_regression_v3_a1_highres_v1/visualizations/img_293.jpg,104612,29da58a6eca0d39cb295d1c2ebafd15901b3d26c2533ab578b04e1e8cf24bbc7
reports/prd_3_1_v1/core_regression_v3_a1_highres_v1/visualizations/img_294.jpg,133440,c15e791a36806270cfd7ae67c3a407fe6942de93c7ef93513c46d3c943c28deb
reports/prd_3_1_v1/core_regression_v3_a1_highres_v1/visualizations/img_295.jpg,82915,3d1a9b9e4de5a22b758d61e236203917179b78a32fcd8cac77f6efdf2710a538
reports/prd_3_1_v1/core_regression_v3_a1_highres_v1/visualizations/img_296.jpg,235302,7d6b95af8e1c9d2ea3f09d2b61e2caf35bfb8bf9dad12d3175c23dd0924ceac9
reports/prd_3_1_v1/core_regression_v3_a1_highres_v1/visualizations/img_297.jpg,86870,2e12a178e1f8653d4abdd568f8af240c715145953a75e35ca2dd8bca5183a3c9
reports/prd_3_1_v1/core_regression_v3_a1_highres_v1/visualizations/img_298.jpg,116502,e991fac0a52d92ba7cf2b023e1e239be3476b5145bc25f83afd357f1215dd617
reports/prd_3_1_v1/core_regression_v3_a1_highres_v1/visualizations/img_299.jpg,87829,87e596dd1e2352e4cf7fd76c073afa555cab50ad50881560adeb163668ed015a
reports/prd_3_1_v1/core_regression_v3_a1_highres_v1/visualizations/img_300.jpg,76821,441d65987e6d3a651b2b4eae547089591fa02d45e55d45a637ff5ba62ef1ee4b
reports/prd_3_1_v1/core_regression_v3_a1_highres_v1/visualizations/img_301.jpg,212442,06555b4c458c0501f54d8b204540d694b95dcb7947da0b468845d812892bddba
reports/prd_3_1_v1/core_regression_v3_a1_highres_v1/visualizations/img_302.jpg,139645,f8e8f780d9af7e9af06eff778c2d073235bfea69af9571d2f17ca78c2b8e303e
reports/prd_3_1_v1/core_regression_v3_a1_highres_v1/visualizations/img_303.jpg,84873,0719ac5ba270c5706982e1a4b7f3957096b822219c2871e70e71827bf43de295
reports/prd_3_1_v1/core_regression_v3_a1_highres_v1/visualizations/img_304.jpg,63800,2ed01b67dbfd456e458b009cf99506a283d045dc16093f5df6fb025fbe012b42
reports/prd_3_1_v1/core_regression_v3_a1_highres_v1/visualizations/img_305.jpg,162121,40aa3d25b196c976c70c4571249cd14517aad29a76f1f09b0230bcaa605418dc
reports/prd_3_1_v1/core_regression_v3_a1_highres_v1/visualizations/img_306.jpg,146507,520694de2fb7a1ca741ec261f923681e655cb1203fb606e7033a8c915c40b6c4
reports/prd_3_1_v1/core_regression_v3_a1_highres_v1/visualizations/img_307.jpg,149291,6076553872fabceac504b8358e4019904eeb24d76de707dc6c37d3bf7badbfdd
reports/prd_3_1_v1/core_regression_v3_a1_highres_v1/visualizations/img_308.jpg,122049,cc2d883c2403b591dcb7a700dd9bdaaa3df1d1caa54a353853ffc0807e7a33ad
reports/prd_3_1_v1/core_regression_v3_a1_highres_v1/visualizations/img_309.jpg,80930,5017390dd0a5c4d03f92ee96daeeef6a7a68774f2d3cfed26878e85ab2a3d9b1
reports/prd_3_1_v1/core_regression_v3_a1_highres_v1/visualizations/img_310.jpg,153841,59c42e1067d9130b120a513e16d6c1a89bc42161cb88993af32f41b01ea78c17
reports/prd_3_1_v1/core_regression_v3_a1_highres_v1/visualizations/img_311.jpg,81683,2820bd158fa6bdf4d990f93e614a501236f71ae119daf481d9e0eee9d189e522
reports/prd_3_1_v1/core_regression_v3_a1_highres_v1/visualizations/img_312.jpg,100075,702e29e51b722868fdef3e4e911cccdb048959e9f67860456d7db3b64db4d9e9
reports/prd_3_1_v1/core_regression_v3_a1_highres_v1/visualizations/img_313.jpg,96562,11363e80cdc6d5498cb3aa878a1cc7e954b934badcbc59921b2948b6a8a5541a
reports/prd_3_1_v1/core_regression_v3_a1_highres_v1/visualizations/img_314.jpg,129501,44a5c2200ee4215efe5379c595c791bc6ae7bbba519754df7ef58bdb50103a61
reports/prd_3_1_v1/core_regression_v3_a1_highres_v1/visualizations/img_315.jpg,188607,290c677ff1118d7b19d7b18a1f5f743c395815037c7b6a8e518001215c471cb6
reports/prd_3_1_v1/core_regression_v3_a1_highres_v1/visualizations/img_316.jpg,148914,850b96709dc46c6a2a52406a79e6f06210853794b424e71fa2179dbbf0753e35
reports/prd_3_1_v1/core_regression_v3_a1_highres_v1/visualizations/img_317.jpg,107189,e12bccb1f0b2e09e3a6e189ebc75ec2824918a1d962f06a91a242234db7613b2
reports/prd_3_1_v1/core_regression_v3_a1_highres_v1/visualizations/img_318.jpg,88435,e5298a63225b1b609f56ed91bfca340fdd0578ac6a730dc377e787d9bf0bd162
reports/prd_3_1_v1/core_regression_v3_a1_highres_v1/visualizations/img_319.jpg,112959,c2a9263028367eb38400624ccc53129adee9c8258441a0e614aa3a957edac15f
reports/prd_3_1_v1/core_regression_v3_a1_highres_v1/visualizations/img_320.jpg,284302,13b405907343e554900acdc399eae1232e0ff6b1c23047039a23a309928a1f79
reports/prd_3_1_v1/core_regression_v3_a1_highres_v1/visualizations/img_321.jpg,238511,8435177a9811eb6ceaf5c4c3e35a0cfc2d2fd2811b77eb945be2a856e0175838
reports/prd_3_1_v1/core_regression_v3_a1_highres_v1/visualizations/img_322.jpg,114295,6d1feb1291c138df0d989ca258566784e34cc0de18f7d0d098946cfcd77a7da1
reports/prd_3_1_v1/core_regression_v3_a1_highres_v1/visualizations/img_323.jpg,213184,d9301cb85923901f910da3afd4ae37806e51654d407d9622c2121fde57c62a2b
reports/prd_3_1_v1/core_regression_v3_a1_highres_v1/visualizations/img_324.jpg,90053,4b73e0c0ac59a527e4d74ef034781f1eee0d69b7be68e70fc92c27802694bed6
reports/prd_3_1_v1/core_regression_v3_a1_highres_v1/visualizations/img_325.jpg,156498,e31eb7d6f2fd516c08f66a5ce754be23c95facf4fc14923c90ba8c8bedf6941c
reports/prd_3_1_v1/core_regression_v3_a1_highres_v1/visualizations/img_326.jpg,119737,96269a57ed99798f3c2c2601f20a3026967e18d215d61b18ff71a4a2f12a02cd
reports/prd_3_1_v1/core_regression_v3_a1_highres_v1/visualizations/img_327.jpg,67493,897fdcc47218e989baf76921e936172394c5a1367134ccb84ecc4038f786c390
reports/prd_3_1_v1/core_regression_v3_a1_highres_v1/visualizations/img_328.jpg,72259,9547f529952845c16f532640d0d443b4228eae7fac360b2ad7ae69d08299c3e6
reports/prd_3_1_v1/core_regression_v3_a1_highres_v1/visualizations/img_329.jpg,153313,91d75764fb920d5fa74604bd6c8fa3603d9819127322a27ddf6887e7d0e2e186
reports/prd_3_1_v1/core_regression_v3_a1_highres_v1/visualizations/img_330.jpg,116502,b77002565828edc1537b9792bef82b41e8d196449dce4b82202c46d513ad593c
reports/prd_3_1_v1/core_regression_v3_a1_highres_v1/visualizations/img_331.jpg,56617,b1c69b7b3ea7fe16c2cdf09599d8454fb8385a31cf0cd01c39ef56b1cd41a35b
reports/prd_3_1_v1/core_regression_v3_a1_highres_v1/visualizations/img_332.jpg,130134,33ec17ad6cf32d51b31d54011697090728e3ba080b55d6fb72107e0c883172b2
reports/prd_3_1_v1/core_regression_v3_a1_highres_v1/visualizations/img_333.jpg,136540,41977cf7ae2a5ade1f871aab4e2b4ecae768f33bd12556d3ea76a96de943c71c
reports/prd_3_1_v1/core_regression_v3_a1_highres_v1/visualizations/img_334.jpg,100183,dbfc16db9a84d14198461bd851a9181e55287ce9a55575002cd8716ae7cf4f9a
reports/prd_3_1_v1/core_regression_v3_a1_highres_v1/visualizations/img_335.jpg,86012,3871cef1f6e0407a98aba541e4cc1431886451fad375ea7af1c23678fc69f866
reports/prd_3_1_v1/core_regression_v3_a1_highres_v1/visualizations/img_336.jpg,104508,2f7880c41c8774656df4bc38dc6e77112ea37e08cba4fd29b45e979b6731271d
reports/prd_3_1_v1/core_regression_v3_a1_highres_v1/visualizations/img_337.jpg,86190,a4197c91812b8ce2c8c63e6ee7962bba8546dd19a4050645b0b7e2f16a2e9472
reports/prd_3_1_v1/core_regression_v3_a1_highres_v1/visualizations/img_338.jpg,112632,916102ba49ee97d4aa87ccf4e8da5b23f3dee76386ed13ddbf30d73d788f3254
reports/prd_3_1_v1/core_regression_v3_a1_highres_v1/visualizations/img_339.jpg,131307,a465ca53cf53687a133417b2b078154e39d37b95903d19456372ef583d5f3107
reports/prd_3_1_v1/core_regression_v3_a1_highres_v1/visualizations/img_340.jpg,186808,a6bd8b93979427df7c93877a2b504b2209167c1d228b1b31305dfbe7af0ce019
reports/prd_3_1_v1/core_regression_v3_a1_highres_v1/visualizations/img_341.jpg,95604,a8a1b6fbffc893bee20ec57e928a914d57866e1a9a59c929abee2f474f585b28
reports/prd_3_1_v1/core_regression_v3_a1_highres_v1/visualizations/img_342.jpg,89996,70e27b2936e546c0bd5c6bb9361783d74010d198629a1ff971beef263e5c49ce
reports/prd_3_1_v1/core_regression_v3_a1_highres_v1/visualizations/img_343.jpg,118008,0e656cfae20325ff859aed1480ef5fb2c64299d845483f68d1341ba282e5444e
reports/prd_3_1_v1/core_regression_v3_a1_highres_v1/visualizations/img_344.jpg,100700,5939f43d51f6ac6c6f4f573ac0d09c4b1d9e418abe1c6082eb06566b88daa116
reports/prd_3_1_v1/core_regression_v3_a1_highres_v1/visualizations/img_345.jpg,86009,f973c4e39ee9526f0357e56df57bd439842787a5d376ef7e71bdcf5686146ec9
reports/prd_3_1_v1/core_regression_v3_a1_highres_v1/visualizations/img_346.jpg,80108,edec1cf1f904dbf636313950b0ebe914359c79873b620eedb2323606d98ee5bc
reports/prd_3_1_v1/core_regression_v3_a1_highres_v1/visualizations/img_347.jpg,92063,13a24be2f81bc3e39758fc7b951845978277066bfaa19f10f2bffc7ce0c85496
reports/prd_3_1_v1/core_regression_v3_a1_highres_v1/visualizations/img_348.jpg,121638,e24d4728f51e8152cec9f9e0ac8dd94b3445f044b5a44edc7fa0b06a54b43c1e
reports/prd_3_1_v1/core_regression_v3_a1_highres_v1/visualizations/img_349.jpg,238614,4efd56a0e758337bceaedcaf34094d4527c5eacb4965a7891bc66c4de487bef9
reports/prd_3_1_v1/core_regression_v3_a1_highres_v1/visualizations/img_350.jpg,90726,a547ea927c0276b2b5c236db4afd973c563a0b41fdfee5c514a6710ca64fca77
reports/prd_3_1_v1/core_regression_v3_a1_highres_v1/visualizations/img_351.jpg,77088,249e59e9583701a058c3b42ec1b2b57be0f570e358716574a37e6febd0a69a23
reports/prd_3_1_v1/core_regression_v3_a1_highres_v1/visualizations/img_352.jpg,105398,6ced352905252b5500cd68d06bc3a53556f2f3e5b56af4baa40cd17c61fbe70d
reports/prd_3_1_v1/core_regression_v3_a1_highres_v1/visualizations/img_353.jpg,106468,820047d3a21b0eac9889399b4a83515338a83e62f8270e5fb040d0bbc8521a03
reports/prd_3_1_v1/core_regression_v3_a1_highres_v1/visualizations/img_354.jpg,91617,3246151fa747969b6820490125d500a376afaf7ba28382e0def539ae1e875caa
reports/prd_3_1_v1/core_regression_v3_a1_highres_v1/visualizations/img_355.jpg,95295,2ad6a0662e639d367dbf6d0da63513af776b328fe4842521500e9737cbfc8c7c
reports/prd_3_1_v1/core_regression_v3_a1_highres_v1/visualizations/img_356.jpg,129707,e3c171cdb802cc73e0f4e94f5e912e33e994ae6f6fde1837cda223cc4548f4bd
reports/prd_3_1_v1/core_regression_v3_a1_highres_v1/visualizations/img_357.jpg,167805,59d145fdbc18e1d09d3d53e42f8c973182fb1e024f562225a1a3a85d89de7382
reports/prd_3_1_v1/core_regression_v3_a1_highres_v1/visualizations/img_358.jpg,120762,ae99957b123fe708631374e1bc1859d3311cf48bfc95206aa8a139b2d00ea2dc
reports/prd_3_1_v1/core_regression_v3_a1_highres_v1/visualizations/img_359.jpg,86769,7e674d83d9758c03d77f24ec6c419edabb06496181310c27c5af6f23bac10510
reports/prd_3_1_v1/core_regression_v3_a1_highres_v1/visualizations/img_360.jpg,194612,e9b461c9b4cc328da0abdafa5e1eb15fedde9ef847dd3460ab2c65aae7e5eb0f
reports/prd_3_1_v1/core_regression_v3_a1_highres_v1/visualizations/img_361.jpg,84266,850b7d596c694ff47b6303e624e2028e7c6c935e7f329aaed8a4f4010db79994
reports/prd_3_1_v1/core_regression_v3_a1_highres_v1/visualizations/img_362.jpg,136993,305ad0ef5f372c2d8bbb2727bc519933d1cf3de9f34fe688ccf8df6c60c56f3d
reports/prd_3_1_v1/core_regression_v3_a1_highres_v1/visualizations/img_363.jpg,140419,77289daea7db66ba776c8c75f18bce1538c75c91fd7d303c29f39c68da0b5831
reports/prd_3_1_v1/core_regression_v3_a1_highres_v1/visualizations/img_364.jpg,98370,0d9f92c6513b1252bf506116ea3b5eec0cbff42f8ca9e925f183d3dea041fa01
reports/prd_3_1_v1/core_regression_v3_a1_highres_v1/visualizations/img_365.jpg,89703,8da346423a1b0fb2c9966031f9711586b497724ead6edef9a6f46877b543d6b3
reports/prd_3_1_v1/core_regression_v3_a1_highres_v1/visualizations/img_366.jpg,104909,98327800e55616f2b17308e16019115cbc51ab8f1b3b9c842b7a4468155d9698
reports/prd_3_1_v1/core_regression_v3_a1_highres_v1/visualizations/img_367.jpg,239639,895e519cc8cac6642500fbb23518b6f7e3316f86eff52550cf8dbec373e0612d
reports/prd_3_1_v1/core_regression_v3_a1_highres_v1/visualizations/img_368.jpg,65848,7f3147b117c106014a948d70728b01fdfea633151ea34034eb1a96b55a392514
reports/prd_3_1_v1/core_regression_v3_a1_highres_v1/visualizations/img_369.jpg,111194,ef778a98a10e6b7283cb1851de381d2083beb85fc18f5600b758aea0dd8bc2b3
reports/prd_3_1_v1/core_regression_v3_a1_highres_v1/visualizations/img_370.jpg,168666,da59db295bcc9049588bf7408e4281ec5bd7706bf16cdbd0bb46a450e92eaf92
reports/prd_3_1_v1/core_regression_v3_a1_highres_v1/visualizations/img_371.jpg,88772,d8d4dee7326a8c9e5b5ab381086dd1ba001bd00a954a983ca3ca197d3965ad6b
reports/prd_3_1_v1/core_regression_v3_a1_highres_v1/visualizations/img_372.jpg,143128,02230355d50c83072b30e210f35d2ccf3c6999c36549fec79c374c014fb02820
reports/prd_3_1_v1/core_regression_v3_a1_highres_v1/visualizations/img_373.jpg,99247,f7eed09fef71c1152c7f8c50bffddc61b19067dcaad0e70197a3a6739befcccd
reports/prd_3_1_v1/core_regression_v3_a1_highres_v1/visualizations/img_374.jpg,81999,f64149cfa0aee5781b7e48c0fb69fa29e1334edafdeb4c1e45f8762269fc11f9
reports/prd_3_1_v1/core_regression_v3_a1_highres_v1/visualizations/img_375.jpg,125673,584619b216cdd106a676b0aa60aadca613d7b06b1c1402030cbce6fb967ea13b
reports/prd_3_1_v1/core_regression_v3_a1_highres_v1/visualizations/img_376.jpg,147470,3190b9aab85da9add0944fc8491e457868d08e6a118fdb67bd607b4631c0b1df
reports/prd_3_1_v1/core_regression_v3_a1_highres_v1/visualizations/img_377.jpg,123106,ea1c63aebd35e3a34813639e2bde40d34810fbaa0a88ee53fb16807c73275ddc
reports/prd_3_1_v1/core_regression_v3_a1_highres_v1/visualizations/img_378.jpg,106525,4d79fc5863d33d29d258d87342c980345ed6c672de13848886d71295c331d938
reports/prd_3_1_v1/core_regression_v3_a1_highres_v1/visualizations/img_379.jpg,109849,42298ad9c94934c337e264e4d4bd44d8e69d2c7ba67ad8f4f0e3bf2a61b0d359
reports/prd_3_1_v1/core_regression_v3_a1_highres_v1/visualizations/img_380.jpg,165037,e4c2ab93543097e735027d3478763825dd67f1757721a0cc9d8d95086daf6139
reports/prd_3_1_v1/core_regression_v3_a1_highres_v1/visualizations/img_381.jpg,101454,7bbc9ab39512b8e723362370e961fb12ae2e9a535c2cc9e3963e982cf3ff0f1c
reports/prd_3_1_v1/core_regression_v3_a1_highres_v1/visualizations/img_382.jpg,128655,5c1b01cb668df32a817a1ab1e11d571560c75a1ff2236d147103f1b4be336ea9
reports/prd_3_1_v1/core_regression_v3_a1_highres_v1/visualizations/img_383.jpg,183134,5969611c209166aa56c258a022b882d96223157c2cb863a996cef6a0d6291db7
reports/prd_3_1_v1/core_regression_v3_a1_highres_v1/visualizations/img_384.jpg,85090,85ba04b629460a3ef8c057dd272b043f1e0dac71fcc0f37facaa215e94320b78
reports/prd_3_1_v1/core_regression_v3_a1_highres_v1/visualizations/img_385.jpg,95183,05c7aaeda2a607ef90cfdcdee3e0d4910595d5752778fdd8460a8b0a69303ee3
reports/prd_3_1_v1/core_regression_v3_a1_highres_v1/visualizations/img_386.jpg,105939,1baf117d0f3b599833e5698c7b80053e62659e6e8495b3235a44e9346447744d
reports/prd_3_1_v1/core_regression_v3_a1_highres_v1/visualizations/img_387.jpg,135615,90e10f81455659dbe6a54754f235393624aca5aea90047c2efd8c2433740e7a8
reports/prd_3_1_v1/core_regression_v3_a1_highres_v1/visualizations/img_388.jpg,127400,5404ece6edbbea6a739feefbcaa5c21375210880cf8df715fbd198d3cf4d443f
reports/prd_3_1_v1/core_regression_v3_a1_highres_v1/visualizations/img_389.jpg,63742,c23a3e1b5686da4b0e817e78dfae7d29e3fab3acfa72d9bcfeb3524b4ff27c91
reports/prd_3_1_v1/core_regression_v3_a1_highres_v1/visualizations/img_390.jpg,116358,39daa7fc1c7d6d8e5f6c9bb3eeff90f336d1f45061e4527f83d3895537adbf61
reports/prd_3_1_v1/core_regression_v3_a1_highres_v1/visualizations/img_391.jpg,113944,b16b849de882bd839398ad2e81da5e046746cf12de950714e82af4cb65df5c19
reports/prd_3_1_v1/core_regression_v3_a1_highres_v1/visualizations/img_392.jpg,222188,940ea18ec0a522e9310eac2512b69b258aaf202caa6375f92650805ab0dee3d0
reports/prd_3_1_v1/core_regression_v3_a1_highres_v1/visualizations/img_393.jpg,99499,d0722bf72ef2b7ee939cca5ebbbf83d9c67de5c2ae65f3707e7ba9a462a312d9
reports/prd_3_1_v1/core_regression_v3_a1_highres_v1/visualizations/img_394.jpg,78720,25f966334898a18d722f0e57fa68904435ba9b47970325c00fe6eadcdc3dd06c
reports/prd_3_1_v1/core_regression_v3_a1_highres_v1/visualizations/img_395.jpg,69149,61627e43b7c2228596af402e53f7158ec9763ebf38f4fccbce74cc7621950a1e
reports/prd_3_1_v1/core_regression_v3_a1_highres_v1/visualizations/img_396.jpg,134613,c462b18149867ab5a80c798a5df5fbd947ced3722d19d627b7cc5a38ee96c64a
reports/prd_3_1_v1/core_regression_v3_a1_highres_v1/visualizations/img_397.jpg,73435,d954017f5066f1a02d4edaba06469d3dea04d417cbcc4a9629df0c8a5c4fe886
reports/prd_3_1_v1/core_regression_v3_a1_highres_v1/visualizations/img_398.jpg,127188,0f6a05d1edfb2e8e025e09677a8a99bd11649e5adaf621892c0e5913e834dce6
reports/prd_3_1_v1/core_regression_v3_a1_highres_v1/visualizations/img_399.jpg,123096,ceeba15f2bcec5b497ccb67a5df1855acbd102bd2bf3c92f70902cac0eefeb97
reports/prd_3_1_v1/core_regression_v3_a2_smallanchors_v1/error_cases.csv,94984,b85cd5c2ae8e3abd1509d4db324323112b5fce7e2cc499301545ca7a000134b9
reports/prd_3_1_v1/core_regression_v3_a2_smallanchors_v1/error_diagnostics_v1/by_area_bin.csv,310,611acad2400cd295718d81bd6cc7dff127179dbda7c2e47dd80d0d4a34d543fd
reports/prd_3_1_v1/core_regression_v3_a2_smallanchors_v1/error_diagnostics_v1/by_small_object.csv,263,f1b5c533f60430cc42e901d3161563ebd7b247ced3f35273127bfbefb706683e
reports/prd_3_1_v1/core_regression_v3_a2_smallanchors_v1/evaluation_summary.txt,1597,8b7ab703754452127c698af1f33970b9571ebd522c30fdd835fcf6df1c79bb39
reports/prd_3_1_v1/core_regression_v3_a2_smallanchors_v1/per_class_metrics.csv,1378,0405573edcf669a6cd44dda60efe45f2d14be7c84c233a4e13cc05f8b2e5c017
reports/prd_3_1_v1/core_regression_v3_a2_smallanchors_v1/per_gt_results.csv,126089,09d3d0e72e60c0225c51fbad8d2e33bd9bbca77fcfec667d0cab0785404f3363
reports/prd_3_1_v1/core_regression_v3_a2_smallanchors_v1/per_image_timing.csv,40772,4750a8ec76f41f52026f957d7bd0e7e7fb0158de5a260a9485fe1239a7c8d507
reports/prd_3_1_v1/core_regression_v3_a2_smallanchors_v1/per_source_metrics.csv,652,b55a929a07646384889d0172061eec4a0b7453467baa87810024b277ef44a960
reports/prd_3_1_v1/core_regression_v3_a2_smallanchors_v1/visualizations/img_000.jpg,64814,902a17a78ec57e53f0072bb481ffc5435bdad13ec85424a076455ec1ffcdf696
reports/prd_3_1_v1/core_regression_v3_a2_smallanchors_v1/visualizations/img_001.jpg,209638,a2d3fea41b78ab3ce83f765e9275a04444c044e8360d4991b8825e02da4eb963
reports/prd_3_1_v1/core_regression_v3_a2_smallanchors_v1/visualizations/img_002.jpg,198561,d4881a261b3e1891bdb436253d99cdff9f7a58875c2cda86d824ffd1e7ef6d3c
reports/prd_3_1_v1/core_regression_v3_a2_smallanchors_v1/visualizations/img_003.jpg,55873,7881c60b90cb62584f0fe171b7616a58483dfe4564c42c2f1e06a2b107a072cd
reports/prd_3_1_v1/core_regression_v3_a2_smallanchors_v1/visualizations/img_004.jpg,68038,aa7edbf19221683ee9945a4d487aeb536ef44fe18abad53817ecb4f1054122f7
reports/prd_3_1_v1/core_regression_v3_a2_smallanchors_v1/visualizations/img_005.jpg,48635,c632a7deb1d035d7511065b0e76e6de3b20b0906cbfd2421b1be3323bd585791
reports/prd_3_1_v1/core_regression_v3_a2_smallanchors_v1/visualizations/img_006.jpg,65825,263ea75ff05622ddea5aacb248168ef437611973f67cebbcf2f44c3a20eea8e7
reports/prd_3_1_v1/core_regression_v3_a2_smallanchors_v1/visualizations/img_007.jpg,145080,069e3b24564a77d4817c6e497f2afa637fdda96594345b3c8889ea5f41d3949f
reports/prd_3_1_v1/core_regression_v3_a2_smallanchors_v1/visualizations/img_008.jpg,63020,5b3f68727ed2d1551261f153d95875a9d1bb75c60d6a2678c6b50328b8b5d5db
reports/prd_3_1_v1/core_regression_v3_a2_smallanchors_v1/visualizations/img_009.jpg,85554,dea2d1c59b1c53d50ecd920ed666fc432bd9b9c6d91f854d45c6f0650e1158d9
reports/prd_3_1_v1/core_regression_v3_a2_smallanchors_v1/visualizations/img_010.jpg,115348,c88cdf6b25c325dcefb9eb2f182cd277f3e5498ceb8894721098744eb241eab2
reports/prd_3_1_v1/core_regression_v3_a2_smallanchors_v1/visualizations/img_011.jpg,167596,5409adf03f922a4d2cb68e6e1e9de47eba91d3596cf835bae609c8f91148cf4d
reports/prd_3_1_v1/core_regression_v3_a2_smallanchors_v1/visualizations/img_012.jpg,74799,254bd74d18ba876b65c2f8b89b82f3b8ac7e9ec3dc06ee09715f5b72be8769c9
reports/prd_3_1_v1/core_regression_v3_a2_smallanchors_v1/visualizations/img_013.jpg,60255,1b96fa1cd1c9aa4e63ffcb33e496719df8bcdf3dd0e004dd5c9de132fd72143d
reports/prd_3_1_v1/core_regression_v3_a2_smallanchors_v1/visualizations/img_014.jpg,67153,d250e2590e3726985cc93d0797aa23619a5e161882587f44b7df150c1cd3b87f
reports/prd_3_1_v1/core_regression_v3_a2_smallanchors_v1/visualizations/img_015.jpg,251255,727a8047f0ab7083dee277464defb332312ff365d1b07d94ecc37b12c45f5085
reports/prd_3_1_v1/core_regression_v3_a2_smallanchors_v1/visualizations/img_016.jpg,57940,7e89f3127790388cfdafca07d9ef26fb65b2fdc1dd25b4d9c57fe8b4a0c4faaa
reports/prd_3_1_v1/core_regression_v3_a2_smallanchors_v1/visualizations/img_017.jpg,124848,294837ee57fe9e24b17617905fd64d99b83980fa02d918a0bd4baf36458f3e2f
reports/prd_3_1_v1/core_regression_v3_a2_smallanchors_v1/visualizations/img_018.jpg,122013,54d60c44e98d46213d80a5769fb635309ff60320635a899f058499359afa676b
reports/prd_3_1_v1/core_regression_v3_a2_smallanchors_v1/visualizations/img_019.jpg,115705,c98610ccee31123b9f5b145492f146fba37893decbc89ca7f590d4ce1e5da9e2
reports/prd_3_1_v1/core_regression_v3_a2_smallanchors_v1/visualizations/img_020.jpg,54459,9694ecfcf7a25afa2df401ff6577ecd391383ef9fdd3fbded61acdcb1149c783
reports/prd_3_1_v1/core_regression_v3_a2_smallanchors_v1/visualizations/img_021.jpg,69253,1b59b9cf8eb1f0e6d981b82894146a085f6e661f6fb68a73789954a7d29acc80
reports/prd_3_1_v1/core_regression_v3_a2_smallanchors_v1/visualizations/img_022.jpg,131840,37bbace46a70fac66d37bf3249dd5c41f7f5b54ccf3a707229cbaf0fa2ecbe44
reports/prd_3_1_v1/core_regression_v3_a2_smallanchors_v1/visualizations/img_023.jpg,115367,c2d59e398071e359ce0cade99129c496d98e3eaf0de016284eb42e3af1dc644c
reports/prd_3_1_v1/core_regression_v3_a2_smallanchors_v1/visualizations/img_024.jpg,87338,6fc8092b1663104a1cdff8e2f04d3ca13dc9cda4de8001ec2469a1057a71aa6d
reports/prd_3_1_v1/core_regression_v3_a2_smallanchors_v1/visualizations/img_025.jpg,63801,4f68dce0ce85aafd6a771f15e55565bc9efd483c19821cc5842bf91af93e0252
reports/prd_3_1_v1/core_regression_v3_a2_smallanchors_v1/visualizations/img_026.jpg,98087,6b8801940f2892ed226c8b846cb2be68631160b68375bb40cf9bfcbce30aa94e
reports/prd_3_1_v1/core_regression_v3_a2_smallanchors_v1/visualizations/img_027.jpg,82468,bfa91e4aad907a668865525114c79923fe8d12db13fc4b6535596ea0289d3254
reports/prd_3_1_v1/core_regression_v3_a2_smallanchors_v1/visualizations/img_028.jpg,70804,88489615ed839044d6c999b6e79dafc4677e15028a79d272db50dc60324a2387
reports/prd_3_1_v1/core_regression_v3_a2_smallanchors_v1/visualizations/img_029.jpg,46674,9d8c8a552baacdc7bf1c504ece12c93e2b6fc42c55c5468f5a7f95afc735862b
reports/prd_3_1_v1/core_regression_v3_a2_smallanchors_v1/visualizations/img_030.jpg,110039,2d5c999fe47f3dacba289571224eb6e633355610f0987b05a7585c832625a88c
reports/prd_3_1_v1/core_regression_v3_a2_smallanchors_v1/visualizations/img_031.jpg,121282,bff2fdc60985697bc4491f096274b83810ab0bf239a1e433925543b46cb05475
reports/prd_3_1_v1/core_regression_v3_a2_smallanchors_v1/visualizations/img_032.jpg,182570,10b837f75d3f6cc1a4cc8486b68732bb014f325c555ae5d25df72a624a976f93
reports/prd_3_1_v1/core_regression_v3_a2_smallanchors_v1/visualizations/img_033.jpg,75532,401c3f38e77b7a449979fcb266870b8c2c336938d5f85419e4df57a78d205796
reports/prd_3_1_v1/core_regression_v3_a2_smallanchors_v1/visualizations/img_034.jpg,124488,fe12dd985698cdc158fd0c13c09ffff355b870efc7d511d48577a319f6337caa
reports/prd_3_1_v1/core_regression_v3_a2_smallanchors_v1/visualizations/img_035.jpg,145024,5cf34a6f908ab6418c1e380ad801103494844ee7aa275b0592502b608ff5d3a3
reports/prd_3_1_v1/core_regression_v3_a2_smallanchors_v1/visualizations/img_036.jpg,105072,7705a59dcdd21c0a33aa63acb2339a9fd193f6b65e588293e3e34cb1082bc7ca
reports/prd_3_1_v1/core_regression_v3_a2_smallanchors_v1/visualizations/img_037.jpg,86151,2ba567a044caad3191582fe1afc87c5f37dfca0087b57fe42328c590d3100f91
reports/prd_3_1_v1/core_regression_v3_a2_smallanchors_v1/visualizations/img_038.jpg,32296,0eb1944d9edae05d93485c3213b50f9a236e718f9529ef9635178d285885b2d0
reports/prd_3_1_v1/core_regression_v3_a2_smallanchors_v1/visualizations/img_039.jpg,110375,1c8501a8acbb7966ac1c57268cedde839f7c9a988b072bc1fc8cd4302ec0eb9d
reports/prd_3_1_v1/core_regression_v3_a2_smallanchors_v1/visualizations/img_040.jpg,69422,d78db9dec9575dc5b52451fccd7ac5bdd2c007c99e35691b6d796bd646ff0c7f
reports/prd_3_1_v1/core_regression_v3_a2_smallanchors_v1/visualizations/img_041.jpg,79310,c4630325e635ad12fd10f6a3a732ee12c1da8159991cc4a68f2b726f081acd65
reports/prd_3_1_v1/core_regression_v3_a2_smallanchors_v1/visualizations/img_042.jpg,99865,815b0f577a4560b91c5a7f4a810f0dc6ebf26773ff2b3ce2b89223715b6b3f7f
reports/prd_3_1_v1/core_regression_v3_a2_smallanchors_v1/visualizations/img_043.jpg,56076,d869d3399cb528604e77f41488ae7c9aa38ee4a0c9d7e0902d44bb2ed235f407
reports/prd_3_1_v1/core_regression_v3_a2_smallanchors_v1/visualizations/img_044.jpg,115080,5704236ac4e06bee86f8139644c8d2e80f413b48c269675c3d0f12dcdb8804dd
reports/prd_3_1_v1/core_regression_v3_a2_smallanchors_v1/visualizations/img_045.jpg,84147,fb99ecf270002a655cfb8e7d82cf7bb24819596da156a79cbce7788a28af191e
reports/prd_3_1_v1/core_regression_v3_a2_smallanchors_v1/visualizations/img_046.jpg,65921,6f3164d12da6ef7d2c322a04e162611020a81a788efb89773d0b529c5fdc5881
reports/prd_3_1_v1/core_regression_v3_a2_smallanchors_v1/visualizations/img_047.jpg,90839,c0d6423e4d60df9d4ce85769d8240fa5c7fa9e369c45bdc68049b63cc53b1877
reports/prd_3_1_v1/core_regression_v3_a2_smallanchors_v1/visualizations/img_048.jpg,95949,89701e037ecf65e726379020ff51fcce0fd0dbeb83bf16982049f879a1228241
reports/prd_3_1_v1/core_regression_v3_a2_smallanchors_v1/visualizations/img_049.jpg,94455,e0bd5e4138c21dbc40b9afc43d131f1462dfec26022802939870db16482ea277
reports/prd_3_1_v1/core_regression_v3_a2_smallanchors_v1/visualizations/img_050.jpg,30388,e242865cc755c0bb62bb53f81d5b6880405a76921ef036860a3a5b3ca64d8915
reports/prd_3_1_v1/core_regression_v3_a2_smallanchors_v1/visualizations/img_051.jpg,127438,d3a8a2429b386e14a2c5beffc851756e850acdf2eece9012bcc8ef6520d61167
reports/prd_3_1_v1/core_regression_v3_a2_smallanchors_v1/visualizations/img_052.jpg,100413,8c4396dcfbadc6b7b7548048400766aa653f8cc2f9ca632bf532e4593d586412
reports/prd_3_1_v1/core_regression_v3_a2_smallanchors_v1/visualizations/img_053.jpg,39943,d7d7482fe8cc99c8073458d7082629b38b60478849dc67d5e59d43748de41d95
reports/prd_3_1_v1/core_regression_v3_a2_smallanchors_v1/visualizations/img_054.jpg,98563,a8cb0e30859693e0c868146cf7deb99106a002dd39569cde09bebfe3054c4f44
reports/prd_3_1_v1/core_regression_v3_a2_smallanchors_v1/visualizations/img_055.jpg,63270,758a51e03671bb3f264ea34b953ef86064e71b1317b7ababb8bbf098026cbac0
reports/prd_3_1_v1/core_regression_v3_a2_smallanchors_v1/visualizations/img_056.jpg,65192,9409357c06095ae9d0225a115b95336e8c4fe5913b45cd76418f4fc69de4e63f
reports/prd_3_1_v1/core_regression_v3_a2_smallanchors_v1/visualizations/img_057.jpg,82917,75a98f90e153ae59333a23247094a39e644a2fa14b0259c3e60031f62705d51f
reports/prd_3_1_v1/core_regression_v3_a2_smallanchors_v1/visualizations/img_058.jpg,93651,09d6b08f336ef0dca4d0e0a4055719e070603c7bc7c007947a07df44d0c10cee
reports/prd_3_1_v1/core_regression_v3_a2_smallanchors_v1/visualizations/img_059.jpg,78158,37755a23f7967a28d18464ed608c1bf22dfadfc8c1987320df784f0b69446e3b
reports/prd_3_1_v1/core_regression_v3_a2_smallanchors_v1/visualizations/img_060.jpg,121103,416a1ec398157cd446d29760f3337c07a8935b58ffad902154cd8fc02097e705
reports/prd_3_1_v1/core_regression_v3_a2_smallanchors_v1/visualizations/img_061.jpg,90531,485adfd1e0bb8b18e642f1588a3de44824482d51425761aac32e5f0e3b032a9a
reports/prd_3_1_v1/core_regression_v3_a2_smallanchors_v1/visualizations/img_062.jpg,90616,d47cdac0b4ee74a8bddfcd172e645283e041738ff9ade1710d0eced57b4d060d
reports/prd_3_1_v1/core_regression_v3_a2_smallanchors_v1/visualizations/img_063.jpg,38691,26363b024d35d66f60e5f961f37e78429e4247fd1b68fc0883da110500aabfba
reports/prd_3_1_v1/core_regression_v3_a2_smallanchors_v1/visualizations/img_064.jpg,58897,822e28cf3c595e1c3afe8216322ea1cddfe22cc4294bcfae7fc505ca90523bad
reports/prd_3_1_v1/core_regression_v3_a2_smallanchors_v1/visualizations/img_065.jpg,78806,8895e6dab14f9c6e2201df81d2e2d15a6d950213d3631d1b190fd9623cb7e3f9
reports/prd_3_1_v1/core_regression_v3_a2_smallanchors_v1/visualizations/img_066.jpg,184329,20adc75b8994fcbff4fb713b9426a060226bbffdab8cb6d06dbe9794ac35251d
reports/prd_3_1_v1/core_regression_v3_a2_smallanchors_v1/visualizations/img_067.jpg,76737,d8fa4cfa7350395e919d88312e569237e1304e37fb44aa71947bf6b6144d7b49
reports/prd_3_1_v1/core_regression_v3_a2_smallanchors_v1/visualizations/img_068.jpg,41078,3b3eb790bc7739aed9b18b500a9b735e4bf55a731591b9b8ec1c07b189c548e6
reports/prd_3_1_v1/core_regression_v3_a2_smallanchors_v1/visualizations/img_069.jpg,56501,7a43bd64250f2c6878742903809ccffbe4b7758cc495adc331dc32b248f13373
reports/prd_3_1_v1/core_regression_v3_a2_smallanchors_v1/visualizations/img_070.jpg,82993,8bc936598e8775533771543c2ca7bb1385cdd046255db8526a846777a48f90a1
reports/prd_3_1_v1/core_regression_v3_a2_smallanchors_v1/visualizations/img_071.jpg,66221,2639c3e39d1500c49255d61e0d80545a65aeac74f673c8dfc919a19bcbb1bd17
reports/prd_3_1_v1/core_regression_v3_a2_smallanchors_v1/visualizations/img_072.jpg,65941,f27fd51dc1e8139e590ce95be2436fafd209d47915ce9277f5c47df3ace456e2
reports/prd_3_1_v1/core_regression_v3_a2_smallanchors_v1/visualizations/img_073.jpg,244013,cbc82a09cb91aaa84cce9252e3b02b5e0df4a8eeea24f904b5e252fee25ae9f0
reports/prd_3_1_v1/core_regression_v3_a2_smallanchors_v1/visualizations/img_074.jpg,54083,956c3e947f42cb2232dfb89fc10357a66d11e2037fc359f6756091aea139f563
reports/prd_3_1_v1/core_regression_v3_a2_smallanchors_v1/visualizations/img_075.jpg,56099,b0cf982f9ae24d66ac3fc4d098ea3a12f915d4ceeca0e8df0a65d2526f81061d
reports/prd_3_1_v1/core_regression_v3_a2_smallanchors_v1/visualizations/img_076.jpg,98921,635d1886d4b851c7da8ad701851f45c435dc6f8d2b8c2f513dad7394950628a8
reports/prd_3_1_v1/core_regression_v3_a2_smallanchors_v1/visualizations/img_077.jpg,36012,d297139a857c70a636e23613ddd8c5c6c03985ba5b310515d3c44b18faceb13e
reports/prd_3_1_v1/core_regression_v3_a2_smallanchors_v1/visualizations/img_078.jpg,108475,3fdc4c29864bc6fa569360441dcf54d6deb2bd4351ba74775b2bcb27c3a5b399
reports/prd_3_1_v1/core_regression_v3_a2_smallanchors_v1/visualizations/img_079.jpg,36143,b7f256efac878ca221a92d1c971adbbed8b28998c183e39fde24883e8f87fac5
reports/prd_3_1_v1/core_regression_v3_a2_smallanchors_v1/visualizations/img_080.jpg,94468,38f332908ed90d107ecd5ba1e7bca987a42ceb23472bf60fa633c7a6ef3c4c7f
reports/prd_3_1_v1/core_regression_v3_a2_smallanchors_v1/visualizations/img_081.jpg,111937,83aa74189d1b09c4481304f766590d2914dc3279307c08c6ce612f852b4c677b
reports/prd_3_1_v1/core_regression_v3_a2_smallanchors_v1/visualizations/img_082.jpg,314793,7f55751fe9bd878031df80ba4bda1983fe9dea8ac4b7b558cbe4349a0639294c
reports/prd_3_1_v1/core_regression_v3_a2_smallanchors_v1/visualizations/img_083.jpg,99815,ec44b52980f4a0f4f12412ff03664a3c4659c829c22282b8f81d76ce9aec6b8b
reports/prd_3_1_v1/core_regression_v3_a2_smallanchors_v1/visualizations/img_084.jpg,95123,e9e21a69584d120b413668ec3a3fda17995a95a945c026e8d0c25a6e3f67ab27
reports/prd_3_1_v1/core_regression_v3_a2_smallanchors_v1/visualizations/img_085.jpg,64747,8beac9d84d6841242c4d41c3fe5a9dc8a7cb716d2aeaa063d16bf19c7448e6c8
reports/prd_3_1_v1/core_regression_v3_a2_smallanchors_v1/visualizations/img_086.jpg,63867,909bb1439886481168980f9b781094443b5641cbd6041acd1874809daf6be477
reports/prd_3_1_v1/core_regression_v3_a2_smallanchors_v1/visualizations/img_087.jpg,56234,990ffcb340cf119d0569c1a6828aa3123c619c2c857b1af4657b5c7927b16955
reports/prd_3_1_v1/core_regression_v3_a2_smallanchors_v1/visualizations/img_088.jpg,34129,dce7205dfb70c85b9b2c31e6c4c4b3b53e67b21429251fb3b993bd22febf7158
reports/prd_3_1_v1/core_regression_v3_a2_smallanchors_v1/visualizations/img_089.jpg,125616,f1674d634e5d9d1ed3d4a88faa896c9d504743c2d7d6c804636495b768bab4fc
reports/prd_3_1_v1/core_regression_v3_a2_smallanchors_v1/visualizations/img_090.jpg,99069,1bf069bc7fa62fec4d00336b6fe2f533ca5301ec8343c0bf6d0cc5500c8ed9c9
reports/prd_3_1_v1/core_regression_v3_a2_smallanchors_v1/visualizations/img_091.jpg,46932,02795e9cf28f043643f78d17b0bac014422091be294a0c1d1ef18fdeb4f6fe14
reports/prd_3_1_v1/core_regression_v3_a2_smallanchors_v1/visualizations/img_092.jpg,61511,bfacac2a34a1fff9f930d068659eca3d5cdb968d181d4e4276793a448fbc8408
reports/prd_3_1_v1/core_regression_v3_a2_smallanchors_v1/visualizations/img_093.jpg,53499,2e9268e650550e1d63a06c4294ce113a429209e2421e7c0e9aaa58a30996f019
reports/prd_3_1_v1/core_regression_v3_a2_smallanchors_v1/visualizations/img_094.jpg,70846,ab1335a1f04efa022b9f0a53fea805b6c5316dba94f539551f3ca4f112d352f1
reports/prd_3_1_v1/core_regression_v3_a2_smallanchors_v1/visualizations/img_095.jpg,203288,d504ef1800c9f7f0fa2533ca0717aad40e032bf43b887ab42d130bba45a3d35c
reports/prd_3_1_v1/core_regression_v3_a2_smallanchors_v1/visualizations/img_096.jpg,74366,3b84ab4d78f06a8f6404c6a0255334507a29318e4c54ab716bef9e321d9a260a
reports/prd_3_1_v1/core_regression_v3_a2_smallanchors_v1/visualizations/img_097.jpg,111762,dee7f83e76afca40f42bd3432abac2659c4d13259ca9e0f2e18f177afc17a03b
reports/prd_3_1_v1/core_regression_v3_a2_smallanchors_v1/visualizations/img_098.jpg,109913,c9349658a30b9e5d7094c35ba1e4f3112a2004683f40c2ded61aed9da1e63c6f
reports/prd_3_1_v1/core_regression_v3_a2_smallanchors_v1/visualizations/img_099.jpg,46053,48ff0355d0f97374ffc9bf220e2b8086dac88547d01f378efd5f5bc751fb8f62
reports/prd_3_1_v1/core_regression_v3_a2_smallanchors_v1/visualizations/img_100.jpg,83247,e42bb1448ebf4852ba1d2e314e7bf1d3b0a2ca6774d3f99a0155aa971623ccb6
reports/prd_3_1_v1/core_regression_v3_a2_smallanchors_v1/visualizations/img_101.jpg,114228,de1cba6489118f6ee0845d26fb7224e8cd1649a463e96d3dc3deed0ca1cd7e60
reports/prd_3_1_v1/core_regression_v3_a2_smallanchors_v1/visualizations/img_102.jpg,132768,da1777e9aeb4a067420f14ae1f5d90af2e8245629ce78627cc0039872bb66e26
reports/prd_3_1_v1/core_regression_v3_a2_smallanchors_v1/visualizations/img_103.jpg,61477,04f2a8333c8fca13aa7a4dbb5dd8d99d255149d30cee820a10491e119d9976b3
reports/prd_3_1_v1/core_regression_v3_a2_smallanchors_v1/visualizations/img_104.jpg,70009,5b18ee829a7a69633af2311e5ae3249e4439e925c3dd9407919d57661c284e5d
reports/prd_3_1_v1/core_regression_v3_a2_smallanchors_v1/visualizations/img_105.jpg,129580,ca174a8c7c657dfe05e3c900dff1f0cb6ce91f0efe3a7cf2a8b4fdb16f1cd0e4
reports/prd_3_1_v1/core_regression_v3_a2_smallanchors_v1/visualizations/img_106.jpg,155407,f5f9e5953b94d03e8a196e143f6a5eda7dd7c8143a415b30e13e6c1a87041cb4
reports/prd_3_1_v1/core_regression_v3_a2_smallanchors_v1/visualizations/img_107.jpg,40387,1433ff95163695e9890df7991e808678d2db95b87026bb8d9234651fa276b7a2
reports/prd_3_1_v1/core_regression_v3_a2_smallanchors_v1/visualizations/img_108.jpg,148460,267f50a425f00752b8d62dcd5d322cd0cd0d3aac66a3196a1b0240f55b8ec9f7
reports/prd_3_1_v1/core_regression_v3_a2_smallanchors_v1/visualizations/img_109.jpg,193033,cb2c69f94951cbb9511bd21fb869550bd64064afd87a25df123ff3246156f946
reports/prd_3_1_v1/core_regression_v3_a2_smallanchors_v1/visualizations/img_110.jpg,155194,0d1eec73d9ba10bc5392ed1707aeafcee8e3b63be896a11406c5970c21912591
reports/prd_3_1_v1/core_regression_v3_a2_smallanchors_v1/visualizations/img_111.jpg,119976,f29a54a84065d314295e585b94615a5caf479e3658f2efff7e26a5f8cb463aad
reports/prd_3_1_v1/core_regression_v3_a2_smallanchors_v1/visualizations/img_112.jpg,49282,2a815fbe0b314ea2d6757a26dab485a5eb2ee8434280e675aadd20dd010e8886
reports/prd_3_1_v1/core_regression_v3_a2_smallanchors_v1/visualizations/img_113.jpg,171910,16feb2b9279dcfcd2fa14f87f8f6bbbf49468244881c02952e4eb5ebbd9be64b
reports/prd_3_1_v1/core_regression_v3_a2_smallanchors_v1/visualizations/img_114.jpg,107922,2d8dd2de75f7f527949a553dc9e3a8d14552a7f455b6a3d85d9cab47a5a3ede6
reports/prd_3_1_v1/core_regression_v3_a2_smallanchors_v1/visualizations/img_115.jpg,99822,589c75c2fe24fdfe8523ff83be35cc94c3c16b317d5b67401f619a2177ace71f
reports/prd_3_1_v1/core_regression_v3_a2_smallanchors_v1/visualizations/img_116.jpg,43487,94637273c92264fbed7f86315d009790f2329f42041a66f2046a6419a689d79b
reports/prd_3_1_v1/core_regression_v3_a2_smallanchors_v1/visualizations/img_117.jpg,99536,0365263a1a6ee5b2b664d1daa81fe3b3efbeca24fbf0ff933a34305df1bd5db7
reports/prd_3_1_v1/core_regression_v3_a2_smallanchors_v1/visualizations/img_118.jpg,67660,e1d5bf43bb893a1cb7d3cd7e2e98b70a57c2d681f562c6e8e7bb6cff4b102b88
reports/prd_3_1_v1/core_regression_v3_a2_smallanchors_v1/visualizations/img_119.jpg,77221,dbb8b16640cd53ecab0d55f7500913f0987854ed335ff97a91a8e80a1977adc1
reports/prd_3_1_v1/core_regression_v3_a2_smallanchors_v1/visualizations/img_120.jpg,85953,a45d591922040992f6c361233357b46889cc756622a9560685106e1c52b80bb8
reports/prd_3_1_v1/core_regression_v3_a2_smallanchors_v1/visualizations/img_121.jpg,47113,108fef1157e99399ce522e339deda31de8ac25528fdc504d559ce02408fda8c4
reports/prd_3_1_v1/core_regression_v3_a2_smallanchors_v1/visualizations/img_122.jpg,73163,43b6595e8505d08b258289cb38cb642a06db96de0b8a0e54f302c3ac7a911e5c
reports/prd_3_1_v1/core_regression_v3_a2_smallanchors_v1/visualizations/img_123.jpg,116561,61ea4d8c24592f36f53e688f9a59d00c2e6bdf3dc4075f145557a09ac32cb7db
reports/prd_3_1_v1/core_regression_v3_a2_smallanchors_v1/visualizations/img_124.jpg,182215,07ea89da0197b6d17f69aeaa3f4a8f4c93088f6de899caf559a6b0f23a59a07e
reports/prd_3_1_v1/core_regression_v3_a2_smallanchors_v1/visualizations/img_125.jpg,113466,37d6f928a8ec8676a44320fb8c375845ed3cfee3ae78e8d56a26b58198128672
reports/prd_3_1_v1/core_regression_v3_a2_smallanchors_v1/visualizations/img_126.jpg,97254,9b6510c8ce1cbc1584e707636ba29a301e5f930b200dd1b7dc7375a880a7c5a3
reports/prd_3_1_v1/core_regression_v3_a2_smallanchors_v1/visualizations/img_127.jpg,69415,4b39e5c5a5e541bd1be767cdebf6044c5fd0802ec6536621479463f1e9517009
reports/prd_3_1_v1/core_regression_v3_a2_smallanchors_v1/visualizations/img_128.jpg,38384,e6ecc5f1acffa0b8b4aa033bdd229bbf9abd96c41746ad2775308db7b3932ecc
reports/prd_3_1_v1/core_regression_v3_a2_smallanchors_v1/visualizations/img_129.jpg,145635,3ef37a5f1bc3fef3e1492714737f04c2505a0c4d190cd7eb307be9e92ac73b25
reports/prd_3_1_v1/core_regression_v3_a2_smallanchors_v1/visualizations/img_130.jpg,170210,7dab1a4874accfbb6bb33fc3eeb577fbadfe9a727195901cfac9e63d06a985cc
reports/prd_3_1_v1/core_regression_v3_a2_smallanchors_v1/visualizations/img_131.jpg,107686,f12453f883e4293fdb518d89c9a428081012c20d54abd9c660fcee99fff8b3c5
reports/prd_3_1_v1/core_regression_v3_a2_smallanchors_v1/visualizations/img_132.jpg,63446,8903ef4c96ab4cacfd92cdf0ce3d7391ded2850259a983ceb30eca186450759e
reports/prd_3_1_v1/core_regression_v3_a2_smallanchors_v1/visualizations/img_133.jpg,134025,02fa2cc2fe70ef88b5a1bbabbbd2a525bfbe6d3eb02a24bda290a9a12bccac4e
reports/prd_3_1_v1/core_regression_v3_a2_smallanchors_v1/visualizations/img_134.jpg,157240,c9bc5b74077d52d7dc1b69cea77f1dbe15196484c8cf88c688e31b3327bece39
reports/prd_3_1_v1/core_regression_v3_a2_smallanchors_v1/visualizations/img_135.jpg,146993,7e8d2fa95c4aebd684e67c77fe7bc4191b9cac4e5d8dea961d6e097857b977a6
reports/prd_3_1_v1/core_regression_v3_a2_smallanchors_v1/visualizations/img_136.jpg,90200,d002d5869cf10d4fbc022f03e02fa4c4aefe9dd4aa46e12b7b9b43cbe1f215e0
reports/prd_3_1_v1/core_regression_v3_a2_smallanchors_v1/visualizations/img_137.jpg,71379,f0af12b0f8df3118e73d52b88db9aaeca45ce4443234becc584617ee7275f48b
reports/prd_3_1_v1/core_regression_v3_a2_smallanchors_v1/visualizations/img_138.jpg,171325,6d68ec73f08da4093f897fb9a324e9a9b3717ccbdde45f8daab842cf02b1f7d3
reports/prd_3_1_v1/core_regression_v3_a2_smallanchors_v1/visualizations/img_139.jpg,47091,fa307822b0e92654cbca7acedd2273bc130adabb3c5eb62a75100a2dc6d158c3
reports/prd_3_1_v1/core_regression_v3_a2_smallanchors_v1/visualizations/img_140.jpg,270658,b2eb775e139d9c59c404f239fa8dfd2b407917bf52a64c54e996bdd247680a0f
reports/prd_3_1_v1/core_regression_v3_a2_smallanchors_v1/visualizations/img_141.jpg,87696,88e8a0bc5aa91797ea8af07d8721609a9680f506712aa696845c97f90e978682
reports/prd_3_1_v1/core_regression_v3_a2_smallanchors_v1/visualizations/img_142.jpg,87928,4a159cc2c0c0cd4899f76ccd096ccad9f0a51bb3784fbd0c9aba2942daa9a7d5
reports/prd_3_1_v1/core_regression_v3_a2_smallanchors_v1/visualizations/img_143.jpg,77558,eb38a82f08e3d38467cc8e002c93fc532b28fa9a75edceacf844841bf9ed3849
reports/prd_3_1_v1/core_regression_v3_a2_smallanchors_v1/visualizations/img_144.jpg,106429,10d6941ad49b7c943a1feb641624dd1849c9344989403d99e4835739e99e3071
reports/prd_3_1_v1/core_regression_v3_a2_smallanchors_v1/visualizations/img_145.jpg,102976,8222d769d8c677e6bbd7152d314ed64828b60c06651cb6f79cad43bc978e48c8
reports/prd_3_1_v1/core_regression_v3_a2_smallanchors_v1/visualizations/img_146.jpg,67593,e9e970361bf441d40f3b4bd531e958b721f6e51fa837fe97ad43935679aa166e
reports/prd_3_1_v1/core_regression_v3_a2_smallanchors_v1/visualizations/img_147.jpg,45694,1cfc7226c9bdb2334e4b8d69ac6d307db3c75a703896dc104acb8f438263a486
reports/prd_3_1_v1/core_regression_v3_a2_smallanchors_v1/visualizations/img_148.jpg,105050,d821e21459887c3c9c8fc1e521cf9f2cb7edd334666493200d05950d4bf38ff1
reports/prd_3_1_v1/core_regression_v3_a2_smallanchors_v1/visualizations/img_149.jpg,81456,130aa111ba0b03fd14047e9ad1ce71bb8185a8464c10026b74bce77f4ede51cd
reports/prd_3_1_v1/core_regression_v3_a2_smallanchors_v1/visualizations/img_150.jpg,83502,ce04c96657ae1b5e4791fc17d2ab17d531de3710c6da8fabb0c3e0a6911a659d
reports/prd_3_1_v1/core_regression_v3_a2_smallanchors_v1/visualizations/img_151.jpg,84746,5c83b17713fe6b1b4593eb01148bcf14ddd3ed42dd55708badfaca971c4a8153
reports/prd_3_1_v1/core_regression_v3_a2_smallanchors_v1/visualizations/img_152.jpg,234854,5b8ebb7928fbf999a72c87b36cdf7b834561f36d640fe3c0738f2f371baaa565
reports/prd_3_1_v1/core_regression_v3_a2_smallanchors_v1/visualizations/img_153.jpg,69000,19ac5532cdfc74741007b540290523ce4981306d526134f85462611701522f97
reports/prd_3_1_v1/core_regression_v3_a2_smallanchors_v1/visualizations/img_154.jpg,78265,0c57af46143e35b723336a63c8977a17a3351c8187d08d0125fc4e0a509c547d
reports/prd_3_1_v1/core_regression_v3_a2_smallanchors_v1/visualizations/img_155.jpg,54159,f5420375265fccb68d853595957be4ac64c9edc8ec3d82765f0ee3b13c89f3f4
reports/prd_3_1_v1/core_regression_v3_a2_smallanchors_v1/visualizations/img_156.jpg,63338,e2e42d298c741457c68106e298b6ba233d4f7d3a7490d702a9bc738a4a1f39ba
reports/prd_3_1_v1/core_regression_v3_a2_smallanchors_v1/visualizations/img_157.jpg,147243,da0ab5b5f2449635a922002bab8d39816bdb397191b4a1635cc726fef2a4aa2d
reports/prd_3_1_v1/core_regression_v3_a2_smallanchors_v1/visualizations/img_158.jpg,53220,20445b6b528d385c5b68ce95ae04f3ddf6ae27fae2c6a448faf0cff7d2560801
reports/prd_3_1_v1/core_regression_v3_a2_smallanchors_v1/visualizations/img_159.jpg,75553,a3d3a988a1af4e640cb268c029de2f38dbb87212c3eed5b0fbf2b7977a84c0cf
reports/prd_3_1_v1/core_regression_v3_a2_smallanchors_v1/visualizations/img_160.jpg,75723,4722ecc429211b09976dfd90fe9c3b88860da3a87892680fc76339022957c88c
reports/prd_3_1_v1/core_regression_v3_a2_smallanchors_v1/visualizations/img_161.jpg,87526,aff4f8976dc73f3821d83a40430af05590d6e83325bfebcb0059297401916946
reports/prd_3_1_v1/core_regression_v3_a2_smallanchors_v1/visualizations/img_162.jpg,74331,4f78bd0c5ec688a7f0280d7ada414e9b17b28cbd915b65500380e9c6dcd294e3
reports/prd_3_1_v1/core_regression_v3_a2_smallanchors_v1/visualizations/img_163.jpg,126230,cc99c7e825be8a82dc70a1e8f29148dea4023c46b7315d77e1c68ef70106bd92
reports/prd_3_1_v1/core_regression_v3_a2_smallanchors_v1/visualizations/img_164.jpg,141188,1327b90a0c35fd5eca8fec7661946f53a4ad2de58a197be42de0c7c3ac5044a7
reports/prd_3_1_v1/core_regression_v3_a2_smallanchors_v1/visualizations/img_165.jpg,79483,bca5575c624f9456e0168bd56c143fab1fa04fb06fdda3c87bf37881a3b9900b
reports/prd_3_1_v1/core_regression_v3_a2_smallanchors_v1/visualizations/img_166.jpg,101297,f3035c1865250d56d1038b7c6572595d1299c8cc6c20a003c9302f0ce6ccf8a7
reports/prd_3_1_v1/core_regression_v3_a2_smallanchors_v1/visualizations/img_167.jpg,52653,313ef3f9c95f10d1b155c9c837766680a201d56f8b900118bc6fdf91d339086b
reports/prd_3_1_v1/core_regression_v3_a2_smallanchors_v1/visualizations/img_168.jpg,72548,c7e8b69dc1c7fd2b3978dd0321315f7eba3af99dbda094e0bc49057ccf6c27d4
reports/prd_3_1_v1/core_regression_v3_a2_smallanchors_v1/visualizations/img_169.jpg,78756,b327152eaa6d85a6643a753413c1a39555314d198063d57498a5b8789f321b05
reports/prd_3_1_v1/core_regression_v3_a2_smallanchors_v1/visualizations/img_170.jpg,68084,73cd668858824a1c6d3273f760b11a31b4e264f68be9bdde4b476878614d383a
reports/prd_3_1_v1/core_regression_v3_a2_smallanchors_v1/visualizations/img_171.jpg,56795,7154da591eb5d31d9721108214385ed8b22dd1f25ca4ce6cb05612114378ddcb
reports/prd_3_1_v1/core_regression_v3_a2_smallanchors_v1/visualizations/img_172.jpg,100297,ff5705092027719b80329d6ec79e91f8b107e832921aa9a1c79f314dd3e1c0b6
reports/prd_3_1_v1/core_regression_v3_a2_smallanchors_v1/visualizations/img_173.jpg,131274,765427cd82a6e4b28567fca2d0b5ae6aec3864d4cd44621ecfc298501a289e13
reports/prd_3_1_v1/core_regression_v3_a2_smallanchors_v1/visualizations/img_174.jpg,72493,1e6467d8935de7bd3baa9ace322a8074d47829a0af2393b27fcba6e60884049e
reports/prd_3_1_v1/core_regression_v3_a2_smallanchors_v1/visualizations/img_175.jpg,57589,1dc574aecf04dc348862505c0de56634f7dc9ee878847f2f21fa094783ee5f18
reports/prd_3_1_v1/core_regression_v3_a2_smallanchors_v1/visualizations/img_176.jpg,116509,b3a57db336cf257eb46ca5f5f58ab4e8f856cc155a6343ac85ce635dfe735e78
reports/prd_3_1_v1/core_regression_v3_a2_smallanchors_v1/visualizations/img_177.jpg,123351,3e41a4edaa6758680bf915b6fa82f7ec6356a290a0b0ce202dfe921a3c03ddd2
reports/prd_3_1_v1/core_regression_v3_a2_smallanchors_v1/visualizations/img_178.jpg,151444,aabd202f9ce860d1fc51682f78944985b5716d89da5e8291e3282234b949b868
reports/prd_3_1_v1/core_regression_v3_a2_smallanchors_v1/visualizations/img_179.jpg,101796,ef511b2581aaf8bb2eecbd039c46ea8904cd7424c66143b404deed99ca649e35
reports/prd_3_1_v1/core_regression_v3_a2_smallanchors_v1/visualizations/img_180.jpg,66439,eb6b0132e0d25a0fc34d832d6321defb777026360967179e580b6f606fa91874
reports/prd_3_1_v1/core_regression_v3_a2_smallanchors_v1/visualizations/img_181.jpg,170008,c6f163f2d63df017dfb3683b524ddb63855e0467357f4a2c83c81fbda0b6299e
reports/prd_3_1_v1/core_regression_v3_a2_smallanchors_v1/visualizations/img_182.jpg,57346,0339feed2c85a9156cd8176b0c6fe65bc1f628de5cfb66f09684b594c3313409
reports/prd_3_1_v1/core_regression_v3_a2_smallanchors_v1/visualizations/img_183.jpg,66992,d25831309ff4a9e6f8d9dfe09c96c9f138b9691ea870af509f718db93719ef17
reports/prd_3_1_v1/core_regression_v3_a2_smallanchors_v1/visualizations/img_184.jpg,55375,6b74791aab5c4a2fe34c43ca73b5d5857e155f0d8ea8c7a46a31e51a5685d509
reports/prd_3_1_v1/core_regression_v3_a2_smallanchors_v1/visualizations/img_185.jpg,44261,53721035741d61b04b355758526f3cd4bf70e1b013941b887b1a11ce76565bc3
reports/prd_3_1_v1/core_regression_v3_a2_smallanchors_v1/visualizations/img_186.jpg,89012,966a157bcc0f5603ca2384e0352dbef1978183b147abbdfd82b913aae3894e33
reports/prd_3_1_v1/core_regression_v3_a2_smallanchors_v1/visualizations/img_187.jpg,188034,2791f5f0458d9de948b18c2ea7adec66a0f38cc224ebf689774fb3368022e97d
reports/prd_3_1_v1/core_regression_v3_a2_smallanchors_v1/visualizations/img_188.jpg,105813,0246094b495c125f255c0e1621a09217f89752bc21fe5665b8e2f9479a31bb73
reports/prd_3_1_v1/core_regression_v3_a2_smallanchors_v1/visualizations/img_189.jpg,130650,864a661a679617eb573cbcbd78beb85d6cb4c72d88da2d484b1d151525c2ca7f
reports/prd_3_1_v1/core_regression_v3_a2_smallanchors_v1/visualizations/img_190.jpg,50778,c95b814821014d2b8ace7e5810b763b8ad280f20369669be9e571df380efd8af
reports/prd_3_1_v1/core_regression_v3_a2_smallanchors_v1/visualizations/img_191.jpg,88159,9c42107c758c15ee3261ef5ba8fc5687ac56b1041e1fbef31484ef73bff81a26
reports/prd_3_1_v1/core_regression_v3_a2_smallanchors_v1/visualizations/img_192.jpg,55566,c7f3f1061590340d8001fa585072c15b079eef417130a01f5f48c8f4111dc746
reports/prd_3_1_v1/core_regression_v3_a2_smallanchors_v1/visualizations/img_193.jpg,156420,2978590a42d89513619f69f14fbc6052073099124fc4861a2e3bdb817a6da235
reports/prd_3_1_v1/core_regression_v3_a2_smallanchors_v1/visualizations/img_194.jpg,71562,f96dcdaed90e326dd42a281ea3be90f514458b13ba75417fb314c9489127e7f5
reports/prd_3_1_v1/core_regression_v3_a2_smallanchors_v1/visualizations/img_195.jpg,54265,735f556dfd5370ab2f4f7e6194e47a6e6d6413637bed3e92ff8220d9b444a1d5
reports/prd_3_1_v1/core_regression_v3_a2_smallanchors_v1/visualizations/img_196.jpg,109291,436b72eb694605078fec5513c22ada70e273094f28d5a8f18a71bf0d82795dfc
reports/prd_3_1_v1/core_regression_v3_a2_smallanchors_v1/visualizations/img_197.jpg,41761,a8d4079d155249e5ea37d9c0e60e7960d04e1072b1518101aa958e908222c96e
reports/prd_3_1_v1/core_regression_v3_a2_smallanchors_v1/visualizations/img_198.jpg,84136,672349fd88cd2a135f1f6abe7e4d2282b0488fb054cb0ecafcf09ffeb3c25526
reports/prd_3_1_v1/core_regression_v3_a2_smallanchors_v1/visualizations/img_199.jpg,61003,35b87605cd614ee117f068ca822b8e6068b22d492ad46eecd045051aef00b611
reports/prd_3_1_v1/core_regression_v3_a2_smallanchors_v1/visualizations/img_200.jpg,48650,6007607ff1d95d7e8949ea303705767b53f1553de9ee98d8bf0526127e264cf3
reports/prd_3_1_v1/core_regression_v3_a2_smallanchors_v1/visualizations/img_201.jpg,211701,0f172ce2c1a3df4be89b41c457bb73621a9a9564c36bd85b6e65a07844e89ef5
reports/prd_3_1_v1/core_regression_v3_a2_smallanchors_v1/visualizations/img_202.jpg,118733,84958842b0e9bfadd2ed5048f0ba1c476b985765dff1310ed07f867a90340e18
reports/prd_3_1_v1/core_regression_v3_a2_smallanchors_v1/visualizations/img_203.jpg,120635,83b02439619028fad8bc8518aefafe21566f05a6d6644416d600d2742025bbbf
reports/prd_3_1_v1/core_regression_v3_a2_smallanchors_v1/visualizations/img_204.jpg,177338,3bbc8496911e9401a26b5cf921b4337b97bae72273b932d8be4509f0f41ad70a
reports/prd_3_1_v1/core_regression_v3_a2_smallanchors_v1/visualizations/img_205.jpg,108926,3e8a1b046e2aa8e16d05da10b5f2a6b7c320255bf890e4b01135e698c56cd295
reports/prd_3_1_v1/core_regression_v3_a2_smallanchors_v1/visualizations/img_206.jpg,78241,8101f469030cca0fa1adbf95915f603259be3cca484f8460c5295ea7284471dc
reports/prd_3_1_v1/core_regression_v3_a2_smallanchors_v1/visualizations/img_207.jpg,221246,08d9e8093f7ad80ca211b4f6f643b989df0520d56589743c6e997a19a2d4378c
reports/prd_3_1_v1/core_regression_v3_a2_smallanchors_v1/visualizations/img_208.jpg,41463,f777d5c2ea331e631a4535afb0d2bea0a20decde215cfa252974484e0c34c09a
reports/prd_3_1_v1/core_regression_v3_a2_smallanchors_v1/visualizations/img_209.jpg,63030,ac27ecf8d3d2b7b3a219cb8d7e05e03a37e008bee79185a5a125f4800d8761bc
reports/prd_3_1_v1/core_regression_v3_a2_smallanchors_v1/visualizations/img_210.jpg,151571,6f1fd4d3c7f900b086d1028c3edd9596e4ea9fd1631e3c4a625ee460f30703fb
reports/prd_3_1_v1/core_regression_v3_a2_smallanchors_v1/visualizations/img_211.jpg,117188,0fd0a0648b5ca817050b7112078c380b45f71777dfced18bf82d337e0b0ee68c
reports/prd_3_1_v1/core_regression_v3_a2_smallanchors_v1/visualizations/img_212.jpg,82517,d6ad205e7d4a20f2d637058e184f3c922caede2e0f2933eb4a439358ad068d3f
reports/prd_3_1_v1/core_regression_v3_a2_smallanchors_v1/visualizations/img_213.jpg,96482,c691f3deaaf938bf0dad7b408ab2c673f6816cc1a8037f8e36ddc8d04af653a7
reports/prd_3_1_v1/core_regression_v3_a2_smallanchors_v1/visualizations/img_214.jpg,45193,8277ab8d93692a7eaf268955d11a249b7e368c2aaf2d2d135059dfac85a1bb80
reports/prd_3_1_v1/core_regression_v3_a2_smallanchors_v1/visualizations/img_215.jpg,69428,be40c7616eb0b9f440c74f91871381a5ed324097c6d3807c849834207118c2e0
reports/prd_3_1_v1/core_regression_v3_a2_smallanchors_v1/visualizations/img_216.jpg,91229,bc5bada0df35560831ef80242afad03ae3b4d8a3bb0d2e1cff4136ff8691a341
reports/prd_3_1_v1/core_regression_v3_a2_smallanchors_v1/visualizations/img_217.jpg,36951,641102de6df5bf0a51600e8a4588e7ff4e17e17551146cbb98cb124aaeb3e2cf
reports/prd_3_1_v1/core_regression_v3_a2_smallanchors_v1/visualizations/img_218.jpg,53207,7f7394db8c447951e66472d054e108257ed3491a241367bd346b2ae6320bb240
reports/prd_3_1_v1/core_regression_v3_a2_smallanchors_v1/visualizations/img_219.jpg,44742,40b79dc7e6a96c08ff20533a61a93a536b6cdab7e8c76e31dd11ba10a86af7c5
reports/prd_3_1_v1/core_regression_v3_a2_smallanchors_v1/visualizations/img_220.jpg,49185,78121e108952f4e7bdbb39ece84d3ba0aee1986ba6e4ddc0d5d93d362e4c2949
reports/prd_3_1_v1/core_regression_v3_a2_smallanchors_v1/visualizations/img_221.jpg,61388,b2572937f817fac5d08dd5838368faa383d91dbcf7db2723a9a1409d7c5630c8
reports/prd_3_1_v1/core_regression_v3_a2_smallanchors_v1/visualizations/img_222.jpg,62048,33719d4fac427c24f71e403ba166eaa9528602859741ee72f0bd8b37e2a705da
reports/prd_3_1_v1/core_regression_v3_a2_smallanchors_v1/visualizations/img_223.jpg,89273,6f032e49ea27f172c627a219920e7a949370271ac09f87ee538936d87a184782
reports/prd_3_1_v1/core_regression_v3_a2_smallanchors_v1/visualizations/img_224.jpg,70287,dea60b2d59fd7745dcc4f88ad06826ad93d6cb0a426db384ce881fc9ffa14f92
reports/prd_3_1_v1/core_regression_v3_a2_smallanchors_v1/visualizations/img_225.jpg,97437,0a604879c641cac4118a1ec85dd0dbd00f61ffe4c4142bef8d26b6bab7bf7f7b
reports/prd_3_1_v1/core_regression_v3_a2_smallanchors_v1/visualizations/img_226.jpg,96930,db228aaf457e26262c0df13e2fa0e473d6d9e6f6465031c8a40ba68d566cb3ce
reports/prd_3_1_v1/core_regression_v3_a2_smallanchors_v1/visualizations/img_227.jpg,41946,783ab5ac32319f5c6e25a35a9cddd265043466315c4d811807a30505d4304e20
reports/prd_3_1_v1/core_regression_v3_a2_smallanchors_v1/visualizations/img_228.jpg,161849,5c6c21fb69e5371903c7339db6165599f4fbfac7403f61f1959a8a8ae27d8d77
reports/prd_3_1_v1/core_regression_v3_a2_smallanchors_v1/visualizations/img_229.jpg,157942,551b8db80863b369f89a127c81968df5c2ed3e16cd74fa4e618a4b26fd0d21a7
reports/prd_3_1_v1/core_regression_v3_a2_smallanchors_v1/visualizations/img_230.jpg,73793,6549f9ce63f0d85d0125f703b0aa2afe0cfc9b3e306abb7162b0214806040099
reports/prd_3_1_v1/core_regression_v3_a2_smallanchors_v1/visualizations/img_231.jpg,101945,86727990c2f8f2d2ec765b1cb102b287cb41ef8805c457077f159d4830336622
reports/prd_3_1_v1/core_regression_v3_a2_smallanchors_v1/visualizations/img_232.jpg,110437,b3b70d90fc81ab49712ee43d9c69953225525d03d1177ace751cf809191b40a1
reports/prd_3_1_v1/core_regression_v3_a2_smallanchors_v1/visualizations/img_233.jpg,52572,0272a2ff2f269603169e6ec6dac482e2a8c05cd725a05e25cfc5b2693cad754e
reports/prd_3_1_v1/core_regression_v3_a2_smallanchors_v1/visualizations/img_234.jpg,120900,b21a76467f855d943a2b729d2fee7ce8d5f8edc8a59ed21ecd3934ed6875871b
reports/prd_3_1_v1/core_regression_v3_a2_smallanchors_v1/visualizations/img_235.jpg,95497,c465efcfd97df63bf811b85175feeaf28c9541afb6d5cc36845f2785ce946a12
reports/prd_3_1_v1/core_regression_v3_a2_smallanchors_v1/visualizations/img_236.jpg,117877,240f1be1667f26fc63e7217597b5482de57b18da818085cd02eb46b3cc7c9652
reports/prd_3_1_v1/core_regression_v3_a2_smallanchors_v1/visualizations/img_237.jpg,89113,f1df46d9818d7ce97133d4be96ed5c6d6f16cd8c9494e09da153863c64a2f11a
reports/prd_3_1_v1/core_regression_v3_a2_smallanchors_v1/visualizations/img_238.jpg,70019,022b3b87fea889b7fc1c48507b687f58317b69d00221d236021c428aac5de88c
reports/prd_3_1_v1/core_regression_v3_a2_smallanchors_v1/visualizations/img_239.jpg,45189,89b36ace4988d8221caabe1237cead47a90da140d6765082b510a9ca2249162f
reports/prd_3_1_v1/core_regression_v3_a2_smallanchors_v1/visualizations/img_240.jpg,140673,f737b95fdb98ce9e359db2cf129bace5cb4c80b08285abd1587afd42cf6fee5b
reports/prd_3_1_v1/core_regression_v3_a2_smallanchors_v1/visualizations/img_241.jpg,76077,d559250c4ad70e6b4a0f900694c76f88aa24caff7fbf805bca9ebe6b144a6820
reports/prd_3_1_v1/core_regression_v3_a2_smallanchors_v1/visualizations/img_242.jpg,96873,8b05797e2336da42ab0015e725cbc5b1a6185f80171f414983485fcac974db18
reports/prd_3_1_v1/core_regression_v3_a2_smallanchors_v1/visualizations/img_243.jpg,77897,f80571a686cd3f96e810a860b6e9a7efa742d258a646e0bc31f42406399861fd
reports/prd_3_1_v1/core_regression_v3_a2_smallanchors_v1/visualizations/img_244.jpg,142277,1506763bf2fc3416ce4f88e385bef1d89d115c0c89c159a2aa0a495494b832a1
reports/prd_3_1_v1/core_regression_v3_a2_smallanchors_v1/visualizations/img_245.jpg,94224,5efcb31bb4a225bc71f475a6b37345c1456382f244deef9010dbfa2fa779f119
reports/prd_3_1_v1/core_regression_v3_a2_smallanchors_v1/visualizations/img_246.jpg,105823,f51e6555771e44f9af41a98f9cb65df951ef817f056600662ec51649763835be
reports/prd_3_1_v1/core_regression_v3_a2_smallanchors_v1/visualizations/img_247.jpg,77785,de76958ad359b93ee209700eb421132f4391b55bf098272521a8c7c2ce95666d
reports/prd_3_1_v1/core_regression_v3_a2_smallanchors_v1/visualizations/img_248.jpg,71176,a9a2d50a48e6372c74236f5f4b81bb54fc903316c16a08ade8dac8d44a056831
reports/prd_3_1_v1/core_regression_v3_a2_smallanchors_v1/visualizations/img_249.jpg,119094,f362d43d243aa89c79a1ae1428b59818ad3f4c0410d6d83f6664c4313ef36a2f
reports/prd_3_1_v1/core_regression_v3_a2_smallanchors_v1/visualizations/img_250.jpg,122505,614fc8823d09a5d8f820d9a2b32dd84e69baf7fe3e7169fd4c56a533d15ebd4e
reports/prd_3_1_v1/core_regression_v3_a2_smallanchors_v1/visualizations/img_251.jpg,53352,871657f30da528421f0eac55327974771affaca678a35f0c48fc2470d3dc5d4c
reports/prd_3_1_v1/core_regression_v3_a2_smallanchors_v1/visualizations/img_252.jpg,142752,e781897f5d1e89a91cd4a7b6d0dadadd0c1921bcd9d4f12d33c6f0882fb91699
reports/prd_3_1_v1/core_regression_v3_a2_smallanchors_v1/visualizations/img_253.jpg,181414,59bc49bf66eb27919812373c6809a529fdf953e87f910ca4f2b301e4c26b7612
reports/prd_3_1_v1/core_regression_v3_a2_smallanchors_v1/visualizations/img_254.jpg,58793,54efe69b9e02fd85ee118c446b613ec2fc53eb96ad876047bf0e4b6a815a95ef
reports/prd_3_1_v1/core_regression_v3_a2_smallanchors_v1/visualizations/img_255.jpg,118732,979469439e01826167e414daf092b3349a570435f809c0a297a9a4b87efdfe31
reports/prd_3_1_v1/core_regression_v3_a2_smallanchors_v1/visualizations/img_256.jpg,97947,63fe3c3356916bb3f8734c6f2ae111f9bf80ab90df75f26ba59b5e78ebbec51e
reports/prd_3_1_v1/core_regression_v3_a2_smallanchors_v1/visualizations/img_257.jpg,130958,ab5b809a0463de74f5fa9a9d3c8fce3a6862ab278f2baf52f179147b68ef4854
reports/prd_3_1_v1/core_regression_v3_a2_smallanchors_v1/visualizations/img_258.jpg,172435,1f1840f5fbdf351d9d168420310fa6c2fa897091971630f0efb7858bf3c4ac12
reports/prd_3_1_v1/core_regression_v3_a2_smallanchors_v1/visualizations/img_259.jpg,103133,575aaf232bab66cb59b60f4344a56e14a2a1cb99d690d79bfcbdefb37e9c84c9
reports/prd_3_1_v1/core_regression_v3_a2_smallanchors_v1/visualizations/img_260.jpg,165916,7cf41554ea5268f166ab993f0c10e712d50b7ede2dc9c55bb70d1cd6b2c4b180
reports/prd_3_1_v1/core_regression_v3_a2_smallanchors_v1/visualizations/img_261.jpg,81342,be8f44a852a902f904cc32569f48e6ffb6854ee9eba2c887d913cef3164a6f38
reports/prd_3_1_v1/core_regression_v3_a2_smallanchors_v1/visualizations/img_262.jpg,94685,7821d24cbbade48f8a64551908fa72e38d8c2212391397df224e02ef53d7faa3
reports/prd_3_1_v1/core_regression_v3_a2_smallanchors_v1/visualizations/img_263.jpg,193916,c6b1a6119fc26df2569b17636e8019f82077855ab2798854bc65c876e1173956
reports/prd_3_1_v1/core_regression_v3_a2_smallanchors_v1/visualizations/img_264.jpg,74152,c4c3fdabd66b052a2b3ee8bf06ee52347f997bbd5f157687fc5be269a87b12e2
reports/prd_3_1_v1/core_regression_v3_a2_smallanchors_v1/visualizations/img_265.jpg,130324,6700031d3bddcc80203d00b49616dd42124a78a3cdd8f216d591274702091042
reports/prd_3_1_v1/core_regression_v3_a2_smallanchors_v1/visualizations/img_266.jpg,113088,faf0ebad8cad4af36243b1d291b811a21b663d9550dc364b04a6d3147e219c75
reports/prd_3_1_v1/core_regression_v3_a2_smallanchors_v1/visualizations/img_267.jpg,159558,206e9dd2e4a5eb184d114b8ed24de21fbd581a5e39c0ce23193484fc2fe6f20b
reports/prd_3_1_v1/core_regression_v3_a2_smallanchors_v1/visualizations/img_268.jpg,200977,6693cffc1a6e08171f64f42e710bdafd72ef82d91c63817909a178ca6fbcaaae
reports/prd_3_1_v1/core_regression_v3_a2_smallanchors_v1/visualizations/img_269.jpg,108261,6f7f746c207870111982a644f46489983fd6f5facc20425a9828c54ed04c5ee6
reports/prd_3_1_v1/core_regression_v3_a2_smallanchors_v1/visualizations/img_270.jpg,98963,18eb8ec916e10f7a37a0f3d06115e6840db0e1b99eaa9920d412881368e881ee
reports/prd_3_1_v1/core_regression_v3_a2_smallanchors_v1/visualizations/img_271.jpg,155262,de23fc35e19392c56e2e00083c2738750aa213b44d39145a029360480bb70fa7
reports/prd_3_1_v1/core_regression_v3_a2_smallanchors_v1/visualizations/img_272.jpg,64220,78b17549f020e1cda319c4474fd3b59b2541ab130e0db9241ae4ab4bedd74d66
reports/prd_3_1_v1/core_regression_v3_a2_smallanchors_v1/visualizations/img_273.jpg,74674,86241d02b139530322bd2517258b29740f352e4c95f2672d1800002d55db8560
reports/prd_3_1_v1/core_regression_v3_a2_smallanchors_v1/visualizations/img_274.jpg,98903,e09399548f6743b9368e5f4ecc258fdeb42d437405d1259ee5a34adc3d4a1440
reports/prd_3_1_v1/core_regression_v3_a2_smallanchors_v1/visualizations/img_275.jpg,141910,230705e47e23e1a5cd5948ebc4347439b015ca60692247d24c64d71c7ab0b46e
reports/prd_3_1_v1/core_regression_v3_a2_smallanchors_v1/visualizations/img_276.jpg,185198,0f8b620c968221585b485148b11d6c2655619244b76dd2f0de85d1ed140971d6
reports/prd_3_1_v1/core_regression_v3_a2_smallanchors_v1/visualizations/img_277.jpg,78895,1a7aee2d3c7bcb087f45d850786114efabdb4a28dfdd44eb026ea3759e882559
reports/prd_3_1_v1/core_regression_v3_a2_smallanchors_v1/visualizations/img_278.jpg,95923,a49c1072ad286618b6f4d2805aa196308eb60b349a7fac60576af00403560dbd
reports/prd_3_1_v1/core_regression_v3_a2_smallanchors_v1/visualizations/img_279.jpg,97917,9a209e65e3e548f75e8a0418d6ca18bdb85ac3a950eebd2f905f0f88864c606b
reports/prd_3_1_v1/core_regression_v3_a2_smallanchors_v1/visualizations/img_280.jpg,76522,cd20deb358131ffbf9bee19974f0c19fbb043a308404519d0003aadc74f0ff56
reports/prd_3_1_v1/core_regression_v3_a2_smallanchors_v1/visualizations/img_281.jpg,66513,1c7fe603ff78fd047fe431a49177222b0e51c92c439035a7d01882aebd99f7a0
reports/prd_3_1_v1/core_regression_v3_a2_smallanchors_v1/visualizations/img_282.jpg,133639,018fa1cbcfd5efaa1e692a348f82309d98c15fed38c721bea4c5d3b52fbbf0f2
reports/prd_3_1_v1/core_regression_v3_a2_smallanchors_v1/visualizations/img_283.jpg,82670,c8b0a893fa0542c580e7e5171a84213b3f3d4ad507b102e2de6c2fadca11f9cd
reports/prd_3_1_v1/core_regression_v3_a2_smallanchors_v1/visualizations/img_284.jpg,95838,310d7f748e920081f8d69d4188853a2bb9ed7652dbb0af1f55ee138a7fda2b75
reports/prd_3_1_v1/core_regression_v3_a2_smallanchors_v1/visualizations/img_285.jpg,89006,af50705089f80bc69a14b2d87101a0ac0d36a260ad88063ab1db661e4c5a424e
reports/prd_3_1_v1/core_regression_v3_a2_smallanchors_v1/visualizations/img_286.jpg,168689,c0d3b687ba33b2d7161b02e292262faf30b2364bc029e93d899d23de9bc085ca
reports/prd_3_1_v1/core_regression_v3_a2_smallanchors_v1/visualizations/img_287.jpg,85892,7f0dba3bc7bb52ef1ad7564391ae0a641c46eeab2ed068e6d72b109d63b7a544
reports/prd_3_1_v1/core_regression_v3_a2_smallanchors_v1/visualizations/img_288.jpg,121034,196544db69c03fe56d3b23d64d55b853360c83e3d6cbd86ee20711a3c7570bcd
reports/prd_3_1_v1/core_regression_v3_a2_smallanchors_v1/visualizations/img_289.jpg,139017,f0626ebbca7335f4ba663aa186a39ea1898ed1e5ab9a1d5b34fb2b08c44ae28a
reports/prd_3_1_v1/core_regression_v3_a2_smallanchors_v1/visualizations/img_290.jpg,76549,ec203d2573d25c55f431c6c37325a00dcbf2b5e2e02ca65dc21cdcefe771d5c9
reports/prd_3_1_v1/core_regression_v3_a2_smallanchors_v1/visualizations/img_291.jpg,81442,f2360d91715b33da3ca3d422d74357af3e86e8ff741dab5263498b898b601ede
reports/prd_3_1_v1/core_regression_v3_a2_smallanchors_v1/visualizations/img_292.jpg,85158,5e09f7d45ac31e26dfe962e7d999b24d9dc93f611bddde0c843af46f83043dfc
reports/prd_3_1_v1/core_regression_v3_a2_smallanchors_v1/visualizations/img_293.jpg,104612,29da58a6eca0d39cb295d1c2ebafd15901b3d26c2533ab578b04e1e8cf24bbc7
reports/prd_3_1_v1/core_regression_v3_a2_smallanchors_v1/visualizations/img_294.jpg,135426,4b6b2063c876ccc3e575fa202ba9879346225ec6944b60da49fc40f651a45be1
reports/prd_3_1_v1/core_regression_v3_a2_smallanchors_v1/visualizations/img_295.jpg,82915,3d1a9b9e4de5a22b758d61e236203917179b78a32fcd8cac77f6efdf2710a538
reports/prd_3_1_v1/core_regression_v3_a2_smallanchors_v1/visualizations/img_296.jpg,234097,252b98d1124ba54cf9a7980b703c2d8b0b3dab787aa76c07f4f538a1169dc03b
reports/prd_3_1_v1/core_regression_v3_a2_smallanchors_v1/visualizations/img_297.jpg,83299,d2e1fe47d70a100a10c0173f96a4a320770e627d8cf2d56fa02e5db0fb9979e8
reports/prd_3_1_v1/core_regression_v3_a2_smallanchors_v1/visualizations/img_298.jpg,114702,5c79027c8aba0590507195ab252590fa60372f397f0fa85fc8998f1a8f1e48b9
reports/prd_3_1_v1/core_regression_v3_a2_smallanchors_v1/visualizations/img_299.jpg,86672,c3032fbdee0a3848a973f83d14f45e88064c92c6f71ad484821737336898c178
reports/prd_3_1_v1/core_regression_v3_a2_smallanchors_v1/visualizations/img_300.jpg,75077,580702eacd77033de6a4a6aa9ff6ec205e8be7a7bc2f2779a7b05556d83fdf9f
reports/prd_3_1_v1/core_regression_v3_a2_smallanchors_v1/visualizations/img_301.jpg,216044,97474747e651ef921fb3c316b75c9a8d9a642f26d110dbe0d156c173dc522e53
reports/prd_3_1_v1/core_regression_v3_a2_smallanchors_v1/visualizations/img_302.jpg,141834,cf0363184264a4f429df28be2801b0e4d6a7d536575fa3cf4232f855aba28856
reports/prd_3_1_v1/core_regression_v3_a2_smallanchors_v1/visualizations/img_303.jpg,78466,cbfbc487abf002d46c10a5aa7fa1d513ecfab680a810594bf196a735627a1dc1
reports/prd_3_1_v1/core_regression_v3_a2_smallanchors_v1/visualizations/img_304.jpg,62244,e58467c2738e290d7ebef9081998d85a5f0218a8fb306134dde65967fff3cb1c
reports/prd_3_1_v1/core_regression_v3_a2_smallanchors_v1/visualizations/img_305.jpg,163688,e92fdcd25a3a83c09fbcce50630b8f4df546f6947e12767c6eac55d29649e0a7
reports/prd_3_1_v1/core_regression_v3_a2_smallanchors_v1/visualizations/img_306.jpg,146507,520694de2fb7a1ca741ec261f923681e655cb1203fb606e7033a8c915c40b6c4
reports/prd_3_1_v1/core_regression_v3_a2_smallanchors_v1/visualizations/img_307.jpg,149362,9b664c3bb3cbfafd7c8ff819f58944ffde5a2195f9ed07946f1a2d0cddab64f3
reports/prd_3_1_v1/core_regression_v3_a2_smallanchors_v1/visualizations/img_308.jpg,120648,be03b0419544063d758b786c0a1424cbeb57beb2d5293f23b5110982d1b5749c
reports/prd_3_1_v1/core_regression_v3_a2_smallanchors_v1/visualizations/img_309.jpg,79895,efc66221781f100a47b5641d87ad374685894713f3f60e2d200850998736cc02
reports/prd_3_1_v1/core_regression_v3_a2_smallanchors_v1/visualizations/img_310.jpg,153237,25c1109f4039b63d8fb489bfcd13074abdaeb0655ab08ef00acc76db2d811798
reports/prd_3_1_v1/core_regression_v3_a2_smallanchors_v1/visualizations/img_311.jpg,81534,b168e9e680b8b59011b8183e25816dacd3097061eaaf896a72c298e8b0ee1eed
reports/prd_3_1_v1/core_regression_v3_a2_smallanchors_v1/visualizations/img_312.jpg,102537,c568dbf9929d6929529cfb57739ff5e228c6ddda2a3537092b0a812dfc065e07
reports/prd_3_1_v1/core_regression_v3_a2_smallanchors_v1/visualizations/img_313.jpg,105178,58bce5a3ad7695247faf2d7cb48bffe34ac3183bd89f18fc558e220566c0dcf8
reports/prd_3_1_v1/core_regression_v3_a2_smallanchors_v1/visualizations/img_314.jpg,130318,ef069d58ee4ac73e56c80983b3e117ca5d89d93afb5c0506b677b93f707e4aca
reports/prd_3_1_v1/core_regression_v3_a2_smallanchors_v1/visualizations/img_315.jpg,193459,ed4e74df39585803428d65c240b98288d8ebb85d127f347250d7e7af3d80ffdd
reports/prd_3_1_v1/core_regression_v3_a2_smallanchors_v1/visualizations/img_316.jpg,148893,767670328fc0d3fb0d0387d95ad45c510383c38820a167725468132f1edabf93
reports/prd_3_1_v1/core_regression_v3_a2_smallanchors_v1/visualizations/img_317.jpg,109328,d2f12351451de466c5fbb88fd4a6ce096ea1d02dc0a4170666cbabee166dc3cc
reports/prd_3_1_v1/core_regression_v3_a2_smallanchors_v1/visualizations/img_318.jpg,83732,0190b2d369b179534485f754a3e5188a223e7816ad08d5a466feb0650ee0c923
reports/prd_3_1_v1/core_regression_v3_a2_smallanchors_v1/visualizations/img_319.jpg,113158,9e97f208acd18efcec014f96e85dd7db179f20575080a2e8faa40fdbbceaed73
reports/prd_3_1_v1/core_regression_v3_a2_smallanchors_v1/visualizations/img_320.jpg,286245,e55dcf9cacb84933ecde3ddba3196b323f8f641cc179a49b69a7b842f2943e93
reports/prd_3_1_v1/core_regression_v3_a2_smallanchors_v1/visualizations/img_321.jpg,235517,569c42652c2e549f88f89719a679e54364e18c66e0719ecce8d6bd3876fb6af8
reports/prd_3_1_v1/core_regression_v3_a2_smallanchors_v1/visualizations/img_322.jpg,116284,bdef4d19db3c54eb870750d2cc9107141b09108e24ce1133cfa84ba5439f2cb3
reports/prd_3_1_v1/core_regression_v3_a2_smallanchors_v1/visualizations/img_323.jpg,215574,bc44708ea2b733869f33080f73d8f9d63ada9d3fe3db057fe5216e5fc6f1bae2
reports/prd_3_1_v1/core_regression_v3_a2_smallanchors_v1/visualizations/img_324.jpg,90916,f6cf3fff93b68e1f0b56755b8fb8c5c4573a8eda8b72218929f118232aec7de1
reports/prd_3_1_v1/core_regression_v3_a2_smallanchors_v1/visualizations/img_325.jpg,151088,3a9da52bbe7e18c7ebf5464167a6938eae54879c969b60bb0520632488af0d1d
reports/prd_3_1_v1/core_regression_v3_a2_smallanchors_v1/visualizations/img_326.jpg,118954,90a30b4aef3c0f319e247659be439b7ba3bc3edededf0660f0a7d47b6061571e
reports/prd_3_1_v1/core_regression_v3_a2_smallanchors_v1/visualizations/img_327.jpg,66999,83fdd1be11f44b9752d6c569a85dbfd0faabee7d63a63942c38c9a71511d7258
reports/prd_3_1_v1/core_regression_v3_a2_smallanchors_v1/visualizations/img_328.jpg,72259,9547f529952845c16f532640d0d443b4228eae7fac360b2ad7ae69d08299c3e6
reports/prd_3_1_v1/core_regression_v3_a2_smallanchors_v1/visualizations/img_329.jpg,153491,31f244ed24d96738d37fac5af21a9e9a1bac6853efc067ca64a9172072ffbad8
reports/prd_3_1_v1/core_regression_v3_a2_smallanchors_v1/visualizations/img_330.jpg,116882,a51b2a580b9b5225a1360dc09cbf4811aab2e9a78e2a2701805f1b88997ae614
reports/prd_3_1_v1/core_regression_v3_a2_smallanchors_v1/visualizations/img_331.jpg,56617,b1c69b7b3ea7fe16c2cdf09599d8454fb8385a31cf0cd01c39ef56b1cd41a35b
reports/prd_3_1_v1/core_regression_v3_a2_smallanchors_v1/visualizations/img_332.jpg,129897,9fc5ae2bab542143f91ea620912b4a29a70b031d9354098596761f38d6754298
reports/prd_3_1_v1/core_regression_v3_a2_smallanchors_v1/visualizations/img_333.jpg,136540,41977cf7ae2a5ade1f871aab4e2b4ecae768f33bd12556d3ea76a96de943c71c
reports/prd_3_1_v1/core_regression_v3_a2_smallanchors_v1/visualizations/img_334.jpg,105469,179553352564bc807bb25ce5953a60bfa5f562b30e450f893484e37e5a4e38fc
reports/prd_3_1_v1/core_regression_v3_a2_smallanchors_v1/visualizations/img_335.jpg,89773,d0770e6f71f84e0e873679a18ed163c164794a14f8b7efe09ac0bd42d4cd9ec5
reports/prd_3_1_v1/core_regression_v3_a2_smallanchors_v1/visualizations/img_336.jpg,104408,75624a02958c7716bea6f34e221005e65f35dadb9cd5915d10e006d710a0ff67
reports/prd_3_1_v1/core_regression_v3_a2_smallanchors_v1/visualizations/img_337.jpg,84126,2a6ad1cce3d5d8b7d37964822cb026c03dbf816b8c068b808f6d93dbeb7eab28
reports/prd_3_1_v1/core_regression_v3_a2_smallanchors_v1/visualizations/img_338.jpg,110418,c9873984b581f3f78b2b5efefe7068a73b139345438e55fc4d8dd0f15998f39b
reports/prd_3_1_v1/core_regression_v3_a2_smallanchors_v1/visualizations/img_339.jpg,131139,9bbbff936b94c220284b8ec18b2f1bf5459c01de94c6689193cadc617f692250
reports/prd_3_1_v1/core_regression_v3_a2_smallanchors_v1/visualizations/img_340.jpg,195160,87a167dd467ffc2183fe1c8d710f2539e8a6f255b815f1a2799940268cbec892
reports/prd_3_1_v1/core_regression_v3_a2_smallanchors_v1/visualizations/img_341.jpg,97084,dbb1bf3cfdd8ae3d5e878478104689d4cd2273005a4fa3be59cf2fd992e87682
reports/prd_3_1_v1/core_regression_v3_a2_smallanchors_v1/visualizations/img_342.jpg,92122,48780fd7d45d238e354591885ab08d33cd5b631ad54f0f347eee472e78d1e368
reports/prd_3_1_v1/core_regression_v3_a2_smallanchors_v1/visualizations/img_343.jpg,117387,27f5cbaf3e4b6e3391c0ea17e2abc5f3cc2666fd0abaab244d6225e13378f810
reports/prd_3_1_v1/core_regression_v3_a2_smallanchors_v1/visualizations/img_344.jpg,101656,36009af6e6c19af32c1f5b1e2f7e4f4820151905beb68f5298c1f973c9f0c3d7
reports/prd_3_1_v1/core_regression_v3_a2_smallanchors_v1/visualizations/img_345.jpg,94236,3516bae46698a5303b4b3b8d6cb7ca886db59946cc1f7454e60d3635d64520c1
reports/prd_3_1_v1/core_regression_v3_a2_smallanchors_v1/visualizations/img_346.jpg,79892,f6a94829638f6e66f6511db9cf03a4ea7a0261014d2ad3ce335e4539fb9146b1
reports/prd_3_1_v1/core_regression_v3_a2_smallanchors_v1/visualizations/img_347.jpg,92063,13a24be2f81bc3e39758fc7b951845978277066bfaa19f10f2bffc7ce0c85496
reports/prd_3_1_v1/core_regression_v3_a2_smallanchors_v1/visualizations/img_348.jpg,124271,d64858349f538f8e1630f8de5f220b00fb8306820d149bb17c795a607f34365c
reports/prd_3_1_v1/core_regression_v3_a2_smallanchors_v1/visualizations/img_349.jpg,240188,c743f71e48cd2a99b94c7a3ff75abf93bbc15b1c83d7bf07486bc463d8108edf
reports/prd_3_1_v1/core_regression_v3_a2_smallanchors_v1/visualizations/img_350.jpg,90955,1d8a1ce425819c27ff555f307a6e5c7fd88799487e00be1263144e8ba0dfa52b
reports/prd_3_1_v1/core_regression_v3_a2_smallanchors_v1/visualizations/img_351.jpg,74348,663d909b503650361722fc58e01b848b271b03996234e045ba1bcacea1dd137b
reports/prd_3_1_v1/core_regression_v3_a2_smallanchors_v1/visualizations/img_352.jpg,115652,c382a459ba8cc0980ec6f171348d9453bf06ac27ec3013e774092f7727344def
reports/prd_3_1_v1/core_regression_v3_a2_smallanchors_v1/visualizations/img_353.jpg,107647,1630485bae62a801390b9038981f23a6eb3195de2789ff5ae24bf3a4f78c66f7
reports/prd_3_1_v1/core_regression_v3_a2_smallanchors_v1/visualizations/img_354.jpg,97312,82e3ca99ad48182f03c347ef16a5cb91029956f53842c937822461a01ede19ec
reports/prd_3_1_v1/core_regression_v3_a2_smallanchors_v1/visualizations/img_355.jpg,90330,d35a3e0a0b6f451548e5c7e74aa7fd06ec90d6618831d42fa9a94d0ea8bf73f7
reports/prd_3_1_v1/core_regression_v3_a2_smallanchors_v1/visualizations/img_356.jpg,129707,e3c171cdb802cc73e0f4e94f5e912e33e994ae6f6fde1837cda223cc4548f4bd
reports/prd_3_1_v1/core_regression_v3_a2_smallanchors_v1/visualizations/img_357.jpg,167979,8899eeb2283c116efc4b1e607654c08ddd5cab12d5f71c555e005cdecf9359eb
reports/prd_3_1_v1/core_regression_v3_a2_smallanchors_v1/visualizations/img_358.jpg,119288,99423491772dba211e518b4a0bd01173c88f9205616521882c6319d445ee0071
reports/prd_3_1_v1/core_regression_v3_a2_smallanchors_v1/visualizations/img_359.jpg,86694,4a412f10daf39ee0d0284dbe2a52c19c4b4f139b4c0828ed331a472c1faebffc
reports/prd_3_1_v1/core_regression_v3_a2_smallanchors_v1/visualizations/img_360.jpg,195008,b1533e953de608bf9e217fd893bb63f9d636b0f7b2106f3f2380ec775495e659
reports/prd_3_1_v1/core_regression_v3_a2_smallanchors_v1/visualizations/img_361.jpg,92409,8352840605b0a2af70b039221c682abc5509a0ed359738788ad687b29d1f8eca
reports/prd_3_1_v1/core_regression_v3_a2_smallanchors_v1/visualizations/img_362.jpg,137906,314dc65be22abf4ff694918537e5012dec8e15184d720fdfc3055eef51c9990b
reports/prd_3_1_v1/core_regression_v3_a2_smallanchors_v1/visualizations/img_363.jpg,140132,2aa588342538d741d5a8a9a45a241d215e24cd7e0d6decc83294a62149248095
reports/prd_3_1_v1/core_regression_v3_a2_smallanchors_v1/visualizations/img_364.jpg,103356,fc804bebd0917ed7ddc1d2433642fd7207a3913d97dc7710ce624c890c700a0a
reports/prd_3_1_v1/core_regression_v3_a2_smallanchors_v1/visualizations/img_365.jpg,90005,788b0cf58d3b19125e80b90b062e3090848b61ef15eae5d06aa405a3c0dbe20d
reports/prd_3_1_v1/core_regression_v3_a2_smallanchors_v1/visualizations/img_366.jpg,106920,d7b413dfc3e48ec83e2d88e675bd823fd685a5ecac73c122d7a8a6cbb30e7c6d
reports/prd_3_1_v1/core_regression_v3_a2_smallanchors_v1/visualizations/img_367.jpg,243010,30aeaa970c148969acf521348580c10a3447f384c0d4ccdbb9f9631dbae7b320
reports/prd_3_1_v1/core_regression_v3_a2_smallanchors_v1/visualizations/img_368.jpg,69652,2bbe37fa25c03073bca116ef4c7d4a0b5971c163149cc658d1d3b9c254023933
reports/prd_3_1_v1/core_regression_v3_a2_smallanchors_v1/visualizations/img_369.jpg,111001,d190869f5ccbe0ef864239f524031df96db5496220babd20c836c85c1468df7b
reports/prd_3_1_v1/core_regression_v3_a2_smallanchors_v1/visualizations/img_370.jpg,169912,2e7bdbad9e4e1b9c080b1bbd1f77c938a7313885f43f461efeb62ead7f91782c
reports/prd_3_1_v1/core_regression_v3_a2_smallanchors_v1/visualizations/img_371.jpg,88511,b3e0b2ceee26e421e452fb03e13b939b415a08427c83841f995799ae3a968362
reports/prd_3_1_v1/core_regression_v3_a2_smallanchors_v1/visualizations/img_372.jpg,145515,c3bcd9a6cc61fd02244cd3e08a8153694b411358bb857aa698a1188a8ea93094
reports/prd_3_1_v1/core_regression_v3_a2_smallanchors_v1/visualizations/img_373.jpg,101435,f21b961edbd25ee2f84bb8bf82c56b319bc8d7bca37cf7be61e907b494ebffbb
reports/prd_3_1_v1/core_regression_v3_a2_smallanchors_v1/visualizations/img_374.jpg,86583,baf565f09d0ac927bd6eee46b5b7b789119318385cffdff64b36742f12c8834c
reports/prd_3_1_v1/core_regression_v3_a2_smallanchors_v1/visualizations/img_375.jpg,121839,a6bc8714c1e2d35ddbf5d4ba1d46840f8c34731618a633d75dc4f9ad968b5b12
reports/prd_3_1_v1/core_regression_v3_a2_smallanchors_v1/visualizations/img_376.jpg,149873,62c2306c26f2f7a487d17f7999fc5cc1b67f85c9f61194cf42b6dfa7d9048c3b
reports/prd_3_1_v1/core_regression_v3_a2_smallanchors_v1/visualizations/img_377.jpg,125277,ad36210f4c0867700f0789cc6566c5a834b9e5123da94f13c254aa61d0980373
reports/prd_3_1_v1/core_regression_v3_a2_smallanchors_v1/visualizations/img_378.jpg,108286,30a5e8908015286caac4339b5eb8105a499920e6449ca8e2f06910279f7dc408
reports/prd_3_1_v1/core_regression_v3_a2_smallanchors_v1/visualizations/img_379.jpg,115080,4a10e5e4b393319de390df490489696e1fcfaa37948d768bfd5dd11602cabc44
reports/prd_3_1_v1/core_regression_v3_a2_smallanchors_v1/visualizations/img_380.jpg,165069,2a55dd0ea14869188479b6269ea31ffbe97cd8b38b5e1f497e86a40d2744f576
reports/prd_3_1_v1/core_regression_v3_a2_smallanchors_v1/visualizations/img_381.jpg,102186,ccf9a0128356e572f74e890708f356b51a8b455aec368f6a1c8ea061a23da96e
reports/prd_3_1_v1/core_regression_v3_a2_smallanchors_v1/visualizations/img_382.jpg,128655,5c1b01cb668df32a817a1ab1e11d571560c75a1ff2236d147103f1b4be336ea9
reports/prd_3_1_v1/core_regression_v3_a2_smallanchors_v1/visualizations/img_383.jpg,183134,5969611c209166aa56c258a022b882d96223157c2cb863a996cef6a0d6291db7
reports/prd_3_1_v1/core_regression_v3_a2_smallanchors_v1/visualizations/img_384.jpg,84526,7a8995975f4ff0aa9dabc55cbc02d0d16d674c3ad8c308890ee38643fa3e4293
reports/prd_3_1_v1/core_regression_v3_a2_smallanchors_v1/visualizations/img_385.jpg,94907,de97f45f5790182713b3032fbefe8bcdda3683f5285702a6b69c342cd78bed0a
reports/prd_3_1_v1/core_regression_v3_a2_smallanchors_v1/visualizations/img_386.jpg,103286,6e48af5995fc7d80afd56b27e9958bd1fd1d0d3fc412e874246aa8abe82bf9db
reports/prd_3_1_v1/core_regression_v3_a2_smallanchors_v1/visualizations/img_387.jpg,127373,c254e4aec8be2dcfb346bdb91b84a2eed0a24365c843c9aea33ec319e41608a2
reports/prd_3_1_v1/core_regression_v3_a2_smallanchors_v1/visualizations/img_388.jpg,123341,17e1a90e8ee1c931ddca298d3384a6451d3620bea6b57d334447ffd1c33e8a35
reports/prd_3_1_v1/core_regression_v3_a2_smallanchors_v1/visualizations/img_389.jpg,63122,e9d54e5b52def024218a75b22fb48c0a559d60535864c91690e7feb5192f8a02
reports/prd_3_1_v1/core_regression_v3_a2_smallanchors_v1/visualizations/img_390.jpg,111805,75eb2f643e52a7dd88a0607be423c181bfc4e49e21b0ae259f37fd7b3171daf8
reports/prd_3_1_v1/core_regression_v3_a2_smallanchors_v1/visualizations/img_391.jpg,115171,ea1c4305e1bec6793d87a9a377b806d8ab4fd64bbfb5828ba068d03866d6b2a6
reports/prd_3_1_v1/core_regression_v3_a2_smallanchors_v1/visualizations/img_392.jpg,223806,5ac6469bcee225df8001bd49287e84349182f7d6f3cad566ed831cd9c021b78b
reports/prd_3_1_v1/core_regression_v3_a2_smallanchors_v1/visualizations/img_393.jpg,100599,a7d05e0dc6b79571e1f647c62154d0d6980346f4919885cf06703ccd29db76e3
reports/prd_3_1_v1/core_regression_v3_a2_smallanchors_v1/visualizations/img_394.jpg,80151,cb38b713cc1d37882054311a1c91eb2a6bf34ccf54fc8b23d2973d1ae0952d09
reports/prd_3_1_v1/core_regression_v3_a2_smallanchors_v1/visualizations/img_395.jpg,69149,61627e43b7c2228596af402e53f7158ec9763ebf38f4fccbce74cc7621950a1e
reports/prd_3_1_v1/core_regression_v3_a2_smallanchors_v1/visualizations/img_396.jpg,127086,f8a851d14d33b553ae72688d1ff2edfd5aef0926f40389d7e420a8ffbd3c4b17
reports/prd_3_1_v1/core_regression_v3_a2_smallanchors_v1/visualizations/img_397.jpg,70433,34888c4e1e4e6ae03983634e64a0eebeb24c34250c8422ae82fbda3b3544ac60
reports/prd_3_1_v1/core_regression_v3_a2_smallanchors_v1/visualizations/img_398.jpg,128397,8603f8f4bb3871af57f41f0ac1fa61d45729051afe764670f56ce4448e5dc5b6
reports/prd_3_1_v1/core_regression_v3_a2_smallanchors_v1/visualizations/img_399.jpg,128738,8ffde6cbfd2ea329200276aed000f0a2db248d08cd03d1840874ca53409dedea
reports/prd_3_1_v1/core_regression_v3_a2b_p2small_v1/error_cases.csv,92669,c6df1b947b92d2d9d95e742e9b481ceaa6fcbfd92851fad2db5f4e0f2251d7d7
reports/prd_3_1_v1/core_regression_v3_a2b_p2small_v1/error_diagnostics_v1/by_area_bin.csv,318,77a96113b6c94e9b4742fa34afa37e11115d5d442c8d1abeb2e27208c3ff6ee6
reports/prd_3_1_v1/core_regression_v3_a2b_p2small_v1/error_diagnostics_v1/by_small_object.csv,264,6a63b04f3229690263c536eb6a1d73621318c34e00c05ba1dad96b9f984932f2
reports/prd_3_1_v1/core_regression_v3_a2b_p2small_v1/evaluation_summary.txt,1593,aff2d7de8f8fce2c081c25dc860f1e59884f5305b96eccc1547eb337b493694c
reports/prd_3_1_v1/core_regression_v3_a2b_p2small_v1/per_class_metrics.csv,1350,7c32d1015f79ad484f21fcc7beff3c20b6735a4858b21fb58bf43d8185896f23
reports/prd_3_1_v1/core_regression_v3_a2b_p2small_v1/per_gt_results.csv,124527,409ed590b3e2d790c1d4836f29a752177920a203331134c78e61ad36db0da61e
reports/prd_3_1_v1/core_regression_v3_a2b_p2small_v1/per_image_timing.csv,40755,0094a05d5ddb893ffc54b334884efb93944d2c63ec98cbb1b7a22dc4b17ec544
reports/prd_3_1_v1/core_regression_v3_a2b_p2small_v1/per_source_metrics.csv,667,790468da811093f00edac8028ad41924569a28e5f99f2416e3fa8d85ef3004e1
reports/prd_3_1_v1/core_regression_v3_a2b_p2small_v1/visualizations/img_000.jpg,64916,760d43184fc877bda00a2def30e7a072d45593ced17c2045515419d6ee304978
reports/prd_3_1_v1/core_regression_v3_a2b_p2small_v1/visualizations/img_001.jpg,209638,a2d3fea41b78ab3ce83f765e9275a04444c044e8360d4991b8825e02da4eb963
reports/prd_3_1_v1/core_regression_v3_a2b_p2small_v1/visualizations/img_002.jpg,198153,084a3447d7d9ee1cba2fd039981f7e43443d435797b253f41c3e903d2fe2e4b8
reports/prd_3_1_v1/core_regression_v3_a2b_p2small_v1/visualizations/img_003.jpg,49007,35cc5c8d6f9bd0e47653f6267e5ea642078912b7ef54fd3db0954315612188d7
reports/prd_3_1_v1/core_regression_v3_a2b_p2small_v1/visualizations/img_004.jpg,64136,eac5a72f0d0c70eb24357f6f77d6acf170a7101e177056df603a154e4e856c90
reports/prd_3_1_v1/core_regression_v3_a2b_p2small_v1/visualizations/img_005.jpg,49380,0ef6193b5c1f08afcf97eff9f8c8a8a4cf77530f0fe6fe84f0f3f687b992cecf
reports/prd_3_1_v1/core_regression_v3_a2b_p2small_v1/visualizations/img_006.jpg,65825,263ea75ff05622ddea5aacb248168ef437611973f67cebbcf2f44c3a20eea8e7
reports/prd_3_1_v1/core_regression_v3_a2b_p2small_v1/visualizations/img_007.jpg,151095,a01eb6cb21a6838bd342e8fe36dfe5ddce2550a480592a0c903b7a5122fcaf8a
reports/prd_3_1_v1/core_regression_v3_a2b_p2small_v1/visualizations/img_008.jpg,63020,5b3f68727ed2d1551261f153d95875a9d1bb75c60d6a2678c6b50328b8b5d5db
reports/prd_3_1_v1/core_regression_v3_a2b_p2small_v1/visualizations/img_009.jpg,81042,3ac3544817c6633f9cadf300f9a562032bc32b76cf441d1a2687e5298afc886e
reports/prd_3_1_v1/core_regression_v3_a2b_p2small_v1/visualizations/img_010.jpg,115693,ba6af198e521d8a6b25f6e3206b23e46c8f29b65322fbf25286712f393c2cf86
reports/prd_3_1_v1/core_regression_v3_a2b_p2small_v1/visualizations/img_011.jpg,171443,927447e75a1b428d9daae0fce03fc54c162b88fe7e9ea2441dc106b2d63517ea
reports/prd_3_1_v1/core_regression_v3_a2b_p2small_v1/visualizations/img_012.jpg,77395,fb1da42e7e0a6a833ce41238645035a963a04a73ad7cf66baaade0b639f5c992
reports/prd_3_1_v1/core_regression_v3_a2b_p2small_v1/visualizations/img_013.jpg,60876,aeeecc8c3073598d9afc93ab3abcf0beeebd574f0dbbda109f6ad0b26425874b
reports/prd_3_1_v1/core_regression_v3_a2b_p2small_v1/visualizations/img_014.jpg,69412,8362fc4dccd0b9a49ecfc6f2c15c748e1f51a7cdda3440f72232e9ef30673402
reports/prd_3_1_v1/core_regression_v3_a2b_p2small_v1/visualizations/img_015.jpg,249103,2adf5c017f88881311d3d4a3affa48d22b83b6142680f68234624d04299facf1
reports/prd_3_1_v1/core_regression_v3_a2b_p2small_v1/visualizations/img_016.jpg,62270,3257c24928bef137932cf9340111624472d8a455b1e6161f8805b87ef8d7268c
reports/prd_3_1_v1/core_regression_v3_a2b_p2small_v1/visualizations/img_017.jpg,126482,41f9a58beba542eff2537f58ff915da1702f0cb9afeecbd4705a8d221447cb2b
reports/prd_3_1_v1/core_regression_v3_a2b_p2small_v1/visualizations/img_018.jpg,116781,5b0d32c0391df494dfc5876cd027d7f3c7d9ad93d233ca7582a8218d4475d3f1
reports/prd_3_1_v1/core_regression_v3_a2b_p2small_v1/visualizations/img_019.jpg,115720,636844276b75c2a69e7a8620b9d7b684f2b33cb86607429292f4dea06cc9c2ac
reports/prd_3_1_v1/core_regression_v3_a2b_p2small_v1/visualizations/img_020.jpg,52132,915372ef0d07d2e090e952590ce1039182c6c9e4144864c82f68a17b403c3c6a
reports/prd_3_1_v1/core_regression_v3_a2b_p2small_v1/visualizations/img_021.jpg,69253,1b59b9cf8eb1f0e6d981b82894146a085f6e661f6fb68a73789954a7d29acc80
reports/prd_3_1_v1/core_regression_v3_a2b_p2small_v1/visualizations/img_022.jpg,131113,1f517bcf2f5696f72791d50b58665f6ced65ed9c0103512680f326d8e2b1b7ed
reports/prd_3_1_v1/core_regression_v3_a2b_p2small_v1/visualizations/img_023.jpg,115367,c2d59e398071e359ce0cade99129c496d98e3eaf0de016284eb42e3af1dc644c
reports/prd_3_1_v1/core_regression_v3_a2b_p2small_v1/visualizations/img_024.jpg,88734,af4f243ca157cd1d32a18d946fdc2f4ee45eb57b469143d9b5b61f66617fecb5
reports/prd_3_1_v1/core_regression_v3_a2b_p2small_v1/visualizations/img_025.jpg,63491,78c594209bd649d6921015e86c33362250ae6e6c33ca2be281d417e8e86505f3
reports/prd_3_1_v1/core_regression_v3_a2b_p2small_v1/visualizations/img_026.jpg,94895,986af02d773378f4cff3a1bbc60f8f7a7e8ad960bee6cd3b3a1fbf3cf4ce3262
reports/prd_3_1_v1/core_regression_v3_a2b_p2small_v1/visualizations/img_027.jpg,80736,cfe460011c45936e0d2b0dbf3eb6e7e38445569490a5a6e7a7b65ac86dd35965
reports/prd_3_1_v1/core_regression_v3_a2b_p2small_v1/visualizations/img_028.jpg,70604,9bd48aedf3a1a064a69240c9b7c3c094797a0aff2b1d3a2932555a22e22a8965
reports/prd_3_1_v1/core_regression_v3_a2b_p2small_v1/visualizations/img_029.jpg,46701,4fb66b666d9f8afe9936618f3b4ee855b48056ec9de11c54e0774010d22be858
reports/prd_3_1_v1/core_regression_v3_a2b_p2small_v1/visualizations/img_030.jpg,109237,3e496130b10332e377160c37b862165daa2e83bbf245b0c071ac979f0891f0b9
reports/prd_3_1_v1/core_regression_v3_a2b_p2small_v1/visualizations/img_031.jpg,121282,bff2fdc60985697bc4491f096274b83810ab0bf239a1e433925543b46cb05475
reports/prd_3_1_v1/core_regression_v3_a2b_p2small_v1/visualizations/img_032.jpg,182720,0b0e26c22165ebf9bc2c4448eededaf3a0380692ef809166ee3f6d51f32122e4
reports/prd_3_1_v1/core_regression_v3_a2b_p2small_v1/visualizations/img_033.jpg,84845,3f5dde3d3d6879e16bc4c686cd3a2cc633bc2ea22ce10871b53b20c1f0ccc0ba
reports/prd_3_1_v1/core_regression_v3_a2b_p2small_v1/visualizations/img_034.jpg,124804,52207130a86d8ce03208289cdf4bafcf3c5e2a94ce5d523118152a1e2cf49efc
reports/prd_3_1_v1/core_regression_v3_a2b_p2small_v1/visualizations/img_035.jpg,145024,5cf34a6f908ab6418c1e380ad801103494844ee7aa275b0592502b608ff5d3a3
reports/prd_3_1_v1/core_regression_v3_a2b_p2small_v1/visualizations/img_036.jpg,108295,6aa6412ab5fb4f0f9e19510c8d22f749c3cd5eb73c280368a13dc90828fefaed
reports/prd_3_1_v1/core_regression_v3_a2b_p2small_v1/visualizations/img_037.jpg,84966,aceb8cc006c784265aec5f8d71936eda86a1aec4a9bba8bcbac6fd7034c327ff
reports/prd_3_1_v1/core_regression_v3_a2b_p2small_v1/visualizations/img_038.jpg,32110,b8e868c666483734ef4cf0846fd6ac4bb9099fcc7ead69d4ea8098934e09bf2a
reports/prd_3_1_v1/core_regression_v3_a2b_p2small_v1/visualizations/img_039.jpg,110325,6d09cbc5abb63d4377d21c7a84b639fd2e3d302627beabdb53de2e0856132593
reports/prd_3_1_v1/core_regression_v3_a2b_p2small_v1/visualizations/img_040.jpg,66576,c3b132714ec3172e07b006faf8db02ff8e699c92a12d5cc96e96c6c4607e9c67
reports/prd_3_1_v1/core_regression_v3_a2b_p2small_v1/visualizations/img_041.jpg,78660,e14fa511e2ffa08893d2d85c1315af7a85c29c65d9caaa2b78e3ea84c4631bc3
reports/prd_3_1_v1/core_regression_v3_a2b_p2small_v1/visualizations/img_042.jpg,99220,49b42a2ee16187f1e9c4041f1245e128d684c27c838827184814c27af0be81e9
reports/prd_3_1_v1/core_regression_v3_a2b_p2small_v1/visualizations/img_043.jpg,54491,41e57693d406a71e8dc7f9c8c9bfd3997f6446a7cb99242acc2716c37928fca8
reports/prd_3_1_v1/core_regression_v3_a2b_p2small_v1/visualizations/img_044.jpg,113117,cb452485ddf143b30e78f0e4f2f6c64da7f1498827b22b533689f7921092ef1b
reports/prd_3_1_v1/core_regression_v3_a2b_p2small_v1/visualizations/img_045.jpg,84147,fb99ecf270002a655cfb8e7d82cf7bb24819596da156a79cbce7788a28af191e
reports/prd_3_1_v1/core_regression_v3_a2b_p2small_v1/visualizations/img_046.jpg,65921,6f3164d12da6ef7d2c322a04e162611020a81a788efb89773d0b529c5fdc5881
reports/prd_3_1_v1/core_regression_v3_a2b_p2small_v1/visualizations/img_047.jpg,89795,211e6e35708ff92c51a5ef1f6115e5e5e8da93fed91eb43e54fbfc38eb194098
reports/prd_3_1_v1/core_regression_v3_a2b_p2small_v1/visualizations/img_048.jpg,96088,3ba9dd4a18d96bbb9652f85fbbd6095a88bde9f77eca3c7ae0e74a177ff3214d
reports/prd_3_1_v1/core_regression_v3_a2b_p2small_v1/visualizations/img_049.jpg,96136,3477440c9836d853ab46ea33124aa5f3726330c33556bbcceee6f48508f36087
reports/prd_3_1_v1/core_regression_v3_a2b_p2small_v1/visualizations/img_050.jpg,29586,9c6cfdac10fea51c7b67239659b8e11509fce7d6fcb0bb3d9ecd415f7b4d1a54
reports/prd_3_1_v1/core_regression_v3_a2b_p2small_v1/visualizations/img_051.jpg,126136,102bf575e538cb5961ff3dc1d6ab263faf8c8510a780b742f0c2cbce0d88db46
reports/prd_3_1_v1/core_regression_v3_a2b_p2small_v1/visualizations/img_052.jpg,100413,8c4396dcfbadc6b7b7548048400766aa653f8cc2f9ca632bf532e4593d586412
reports/prd_3_1_v1/core_regression_v3_a2b_p2small_v1/visualizations/img_053.jpg,39943,d7d7482fe8cc99c8073458d7082629b38b60478849dc67d5e59d43748de41d95
reports/prd_3_1_v1/core_regression_v3_a2b_p2small_v1/visualizations/img_054.jpg,99153,1342956751915e30e902ce18b76ecdca0689d7e1e11dd668f72b9b174869b119
reports/prd_3_1_v1/core_regression_v3_a2b_p2small_v1/visualizations/img_055.jpg,64512,790fb19d96f298b40180e34a8c9d5798b5b4bfbd3df7a095857d5b256336e43f
reports/prd_3_1_v1/core_regression_v3_a2b_p2small_v1/visualizations/img_056.jpg,64016,c1ee704f2d7809e07fb32329e3feabba26f8e838aabb0d7dc34913f0e430d937
reports/prd_3_1_v1/core_regression_v3_a2b_p2small_v1/visualizations/img_057.jpg,84161,7ed712c9e0029e119c1009340e8e262e5495ab2da12462bc1adecc0f8c145933
reports/prd_3_1_v1/core_regression_v3_a2b_p2small_v1/visualizations/img_058.jpg,90474,59e7c36ca2c2282b019111023861a5b3150590b73f8e25f8cc6b1e2dfda1d606
reports/prd_3_1_v1/core_regression_v3_a2b_p2small_v1/visualizations/img_059.jpg,78744,0b1a8acea60c25b87b57bfc7c72fb573dce15ef0c96aff923df8113f244a18ad
reports/prd_3_1_v1/core_regression_v3_a2b_p2small_v1/visualizations/img_060.jpg,121800,c61066f877b885b506d1f08cc8e231019fe56b8f2196aa60ba4e89085d59d9af
reports/prd_3_1_v1/core_regression_v3_a2b_p2small_v1/visualizations/img_061.jpg,93061,b39f798d647b089c87f8fe831097dad100e7bab6d4bd4ee730bfe53f05efee56
reports/prd_3_1_v1/core_regression_v3_a2b_p2small_v1/visualizations/img_062.jpg,86779,6108b00ad70f092e2676b32bd296366bd60b6e6712ef8b14d10a4b4a1ff3d542
reports/prd_3_1_v1/core_regression_v3_a2b_p2small_v1/visualizations/img_063.jpg,39136,f5d01042c77852d348cbab1eed5503f2bc97334ac8b10dafe25ebb8243947f9a
reports/prd_3_1_v1/core_regression_v3_a2b_p2small_v1/visualizations/img_064.jpg,57622,777307a54cebf3d5039dbaf49905d776d65075de840f204b8f5a447ba54c8b82
reports/prd_3_1_v1/core_regression_v3_a2b_p2small_v1/visualizations/img_065.jpg,78648,35e922e4ad02b0b956f8ace9583e41de57b21fbcf625dc56e210889318e72dcc
reports/prd_3_1_v1/core_regression_v3_a2b_p2small_v1/visualizations/img_066.jpg,185857,4f4b063625e84ac82f6adb8eae99c5bacc49959baf8f3b674666d121ebaf4e41
reports/prd_3_1_v1/core_regression_v3_a2b_p2small_v1/visualizations/img_067.jpg,76737,d8fa4cfa7350395e919d88312e569237e1304e37fb44aa71947bf6b6144d7b49
reports/prd_3_1_v1/core_regression_v3_a2b_p2small_v1/visualizations/img_068.jpg,41078,3b3eb790bc7739aed9b18b500a9b735e4bf55a731591b9b8ec1c07b189c548e6
reports/prd_3_1_v1/core_regression_v3_a2b_p2small_v1/visualizations/img_069.jpg,61468,e4fed62d1736e58342566ec0c8e6098003ee902fb2369f0def1b568f075a3a19
reports/prd_3_1_v1/core_regression_v3_a2b_p2small_v1/visualizations/img_070.jpg,87982,f637da82d9619a44687ec13a11d166e1b1d6e211b410ceebb75ce01068d2761b
reports/prd_3_1_v1/core_regression_v3_a2b_p2small_v1/visualizations/img_071.jpg,68075,6b53517fa1f9d493c5ef95cd06fcf4479417dde32713369ebf2aaaf42f432912
reports/prd_3_1_v1/core_regression_v3_a2b_p2small_v1/visualizations/img_072.jpg,67694,0da4efaefb8d6b6439c8edc2f99480faece0f7e85648a47815f9f6a6e139af91
reports/prd_3_1_v1/core_regression_v3_a2b_p2small_v1/visualizations/img_073.jpg,243421,76147e0311fe90f15916faf41188e8ded78ca5e14cc79054109c42155691a0ce
reports/prd_3_1_v1/core_regression_v3_a2b_p2small_v1/visualizations/img_074.jpg,59969,6adf6df53907fd1104b679842cfcbf1e2c517b6437e5ab1276fea5988cac63dd
reports/prd_3_1_v1/core_regression_v3_a2b_p2small_v1/visualizations/img_075.jpg,60135,1ca59010bebf3c76979a5504bf4c68aad4098283f72b7636142a530cd674b613
reports/prd_3_1_v1/core_regression_v3_a2b_p2small_v1/visualizations/img_076.jpg,99881,319638e7e9c01850edb02074d5b6fd4ef8a8950ecfa47052a0285e1d5841594e
reports/prd_3_1_v1/core_regression_v3_a2b_p2small_v1/visualizations/img_077.jpg,35972,47b12ffc45bdbea7a558e13ed0984db7f78d059b6571c54bc172801581291591
reports/prd_3_1_v1/core_regression_v3_a2b_p2small_v1/visualizations/img_078.jpg,108475,3fdc4c29864bc6fa569360441dcf54d6deb2bd4351ba74775b2bcb27c3a5b399
reports/prd_3_1_v1/core_regression_v3_a2b_p2small_v1/visualizations/img_079.jpg,36143,b7f256efac878ca221a92d1c971adbbed8b28998c183e39fde24883e8f87fac5
reports/prd_3_1_v1/core_regression_v3_a2b_p2small_v1/visualizations/img_080.jpg,94468,38f332908ed90d107ecd5ba1e7bca987a42ceb23472bf60fa633c7a6ef3c4c7f
reports/prd_3_1_v1/core_regression_v3_a2b_p2small_v1/visualizations/img_081.jpg,111919,625e7d28aa74f2ab394d18d804ba75193561327b46e2f8e85a3a7dcc371e516a
reports/prd_3_1_v1/core_regression_v3_a2b_p2small_v1/visualizations/img_082.jpg,313925,b8808d6b74286cb31b08e4fe7966dab42dea927bed4530c5266eb47a5795c9d6
reports/prd_3_1_v1/core_regression_v3_a2b_p2small_v1/visualizations/img_083.jpg,98557,e1cce0e13229265b8135c7e171e5b8725d6e6a16bfbb3ea54a437ce556af718c
reports/prd_3_1_v1/core_regression_v3_a2b_p2small_v1/visualizations/img_084.jpg,93023,88997beaf575fb478d32b84d11a7d7a64224a07582b0f69444df9989e7397489
reports/prd_3_1_v1/core_regression_v3_a2b_p2small_v1/visualizations/img_085.jpg,65714,b1ab53b967046e335f16f1f6691c469f6daff9580e1e2baf768f0d2daa47fe6c
reports/prd_3_1_v1/core_regression_v3_a2b_p2small_v1/visualizations/img_086.jpg,64502,8269585337c53a33f06302aca7ebfe224f836a43313c016ebec0083a92eebdc6
reports/prd_3_1_v1/core_regression_v3_a2b_p2small_v1/visualizations/img_087.jpg,53534,1e39c7acfb057fdab3e1314376d15b228762e0f3439a4c3fd62b78bd5e4b57b5
reports/prd_3_1_v1/core_regression_v3_a2b_p2small_v1/visualizations/img_088.jpg,34129,dce7205dfb70c85b9b2c31e6c4c4b3b53e67b21429251fb3b993bd22febf7158
reports/prd_3_1_v1/core_regression_v3_a2b_p2small_v1/visualizations/img_089.jpg,124877,9c4364b678904806ebeb5c8b715c86f9674647d37c637f63219b03acdedc9398
reports/prd_3_1_v1/core_regression_v3_a2b_p2small_v1/visualizations/img_090.jpg,100606,699b11fea9d6786bb6eb864ce117f57e6f4adcabcc801689dc3b0e281ee36c97
reports/prd_3_1_v1/core_regression_v3_a2b_p2small_v1/visualizations/img_091.jpg,46815,e5917918caa73f6a9d71debd4148fe71299412d31cd74ff5c63990fc96de048c
reports/prd_3_1_v1/core_regression_v3_a2b_p2small_v1/visualizations/img_092.jpg,59182,a0fdcbeb4c0e3312e3835a530df955cc9ce5ada95e016eabdcb2f05709c19c5f
reports/prd_3_1_v1/core_regression_v3_a2b_p2small_v1/visualizations/img_093.jpg,53499,2e9268e650550e1d63a06c4294ce113a429209e2421e7c0e9aaa58a30996f019
reports/prd_3_1_v1/core_regression_v3_a2b_p2small_v1/visualizations/img_094.jpg,74215,c70272063e9279f816517451579f065b6176e14fb3163b795a45e700f010a562
reports/prd_3_1_v1/core_regression_v3_a2b_p2small_v1/visualizations/img_095.jpg,202497,65970fd72cd068a71e56746d92ecb718f38bff0af04a37aa1adb83e17d6ba37c
reports/prd_3_1_v1/core_regression_v3_a2b_p2small_v1/visualizations/img_096.jpg,71634,065b7ec414c0cb39b3d5eff95a0d4c80fd9b17913dc23fb783e66e4ac486ffa8
reports/prd_3_1_v1/core_regression_v3_a2b_p2small_v1/visualizations/img_097.jpg,112694,e3337bdef361218e5f524c65b338bcf91fe7c17929881b5fc9e14dbdb21cede9
reports/prd_3_1_v1/core_regression_v3_a2b_p2small_v1/visualizations/img_098.jpg,109433,ec86ea7f03dd3144445765b9064ff011a9b97d6cc2767e247fa07a67060ca3f2
reports/prd_3_1_v1/core_regression_v3_a2b_p2small_v1/visualizations/img_099.jpg,45694,d81e93a3f0f10b58ea83558449d9107997d4c5b09ace09f92d47221d3d533723
reports/prd_3_1_v1/core_regression_v3_a2b_p2small_v1/visualizations/img_100.jpg,71670,83fecf62f6a8e2ed81b7ed5350e715ec9497ea883910cc2e10177d2c0332d5aa
reports/prd_3_1_v1/core_regression_v3_a2b_p2small_v1/visualizations/img_101.jpg,113873,f4e11ca82267a0d173312e50729615087eac5fd918785e96c38940332ec5cd75
reports/prd_3_1_v1/core_regression_v3_a2b_p2small_v1/visualizations/img_102.jpg,129323,5f57578fdd013843ed61a3135df700286529ca8e1317badb29e80ca780f05ff5
reports/prd_3_1_v1/core_regression_v3_a2b_p2small_v1/visualizations/img_103.jpg,60709,0788ff5675b6fb1a4f4228221bc197914c4f444513d689563de3e1d84c7abce9
reports/prd_3_1_v1/core_regression_v3_a2b_p2small_v1/visualizations/img_104.jpg,71238,e15b431f12e641044872dc93ec2aa3c4b108ee7f748adc5a92fe4cec969d1ef0
reports/prd_3_1_v1/core_regression_v3_a2b_p2small_v1/visualizations/img_105.jpg,127489,ecce59a47b63b988ce57e3ccb2be05bed42d4afba908a0adcc872fe0a50feab5
reports/prd_3_1_v1/core_regression_v3_a2b_p2small_v1/visualizations/img_106.jpg,155782,5c07981f39ee73664be60a49570c291b629894902fd3714c1c46c77387f31636
reports/prd_3_1_v1/core_regression_v3_a2b_p2small_v1/visualizations/img_107.jpg,40381,124e4e7f1b3ab34af45e9afeb69bf6d8da8ce3b1d694333ab8b76012bcd700f3
reports/prd_3_1_v1/core_regression_v3_a2b_p2small_v1/visualizations/img_108.jpg,139736,0c994d70f9758aac17f69cc383d0ba6a4993da590098ea070505bb9961af0cb3
reports/prd_3_1_v1/core_regression_v3_a2b_p2small_v1/visualizations/img_109.jpg,194226,36a43aefee2fd3f013012d3725ed6d8200e9642d170d3acbffd09703595cbf55
reports/prd_3_1_v1/core_regression_v3_a2b_p2small_v1/visualizations/img_110.jpg,157937,00cacf5dcb9ea0128dff1d1c7f9ae139d51926e4573e37784369a018a75e21e9
reports/prd_3_1_v1/core_regression_v3_a2b_p2small_v1/visualizations/img_111.jpg,119976,f6e64d35a22359acb8d971bcd518a7b14794b87dd06a37e81d27fd4b86fc0cad
reports/prd_3_1_v1/core_regression_v3_a2b_p2small_v1/visualizations/img_112.jpg,48508,d1af3af82c876889d512dcc28b58c264f70c124d6deb8c398816c0fdd714dfe3
reports/prd_3_1_v1/core_regression_v3_a2b_p2small_v1/visualizations/img_113.jpg,168203,a81a8404980790d4a8ad0b97dacb483d7c98b65decc65ff0ca73739966bc9ba6
reports/prd_3_1_v1/core_regression_v3_a2b_p2small_v1/visualizations/img_114.jpg,107922,2d8dd2de75f7f527949a553dc9e3a8d14552a7f455b6a3d85d9cab47a5a3ede6
reports/prd_3_1_v1/core_regression_v3_a2b_p2small_v1/visualizations/img_115.jpg,99822,589c75c2fe24fdfe8523ff83be35cc94c3c16b317d5b67401f619a2177ace71f
reports/prd_3_1_v1/core_regression_v3_a2b_p2small_v1/visualizations/img_116.jpg,45034,4cb7ce3479fdbfa9f7e67aa2d53fc969c2df97932a7f60784a03e657d9823f1f
reports/prd_3_1_v1/core_regression_v3_a2b_p2small_v1/visualizations/img_117.jpg,100281,b24fc1f879f41c4b0d37b547287566afce36b24156ddeae7916b114cb5ae35ce
reports/prd_3_1_v1/core_regression_v3_a2b_p2small_v1/visualizations/img_118.jpg,67115,f777babc8ce27f2b2fb8e3ef23b50a0e8c758e65c18d84e289417c9900dee12d
reports/prd_3_1_v1/core_regression_v3_a2b_p2small_v1/visualizations/img_119.jpg,73726,39cfe226e6cabc74ec2d492923125f702384869f9d89838480bfff25e7d6bcd8
reports/prd_3_1_v1/core_regression_v3_a2b_p2small_v1/visualizations/img_120.jpg,83133,96cd2f6289692b853ac5a5fca03f23969b26069b27d307cad94eb65f987229db
reports/prd_3_1_v1/core_regression_v3_a2b_p2small_v1/visualizations/img_121.jpg,47113,108fef1157e99399ce522e339deda31de8ac25528fdc504d559ce02408fda8c4
reports/prd_3_1_v1/core_regression_v3_a2b_p2small_v1/visualizations/img_122.jpg,73639,4eb9d46d7dd1516fbdf8a0dd0d446946a146606f0918e336ede3fecc32d045ca
reports/prd_3_1_v1/core_regression_v3_a2b_p2small_v1/visualizations/img_123.jpg,112416,e2042e99bec15e52c93936e54afbb58fb6a95bc519ede5460ff42632ff49e5a0
reports/prd_3_1_v1/core_regression_v3_a2b_p2small_v1/visualizations/img_124.jpg,181774,c050a521a6aa6353d8b5ab984f9bdeff786cec53f13412b7ff15c61ae214bc37
reports/prd_3_1_v1/core_regression_v3_a2b_p2small_v1/visualizations/img_125.jpg,114224,90ab045c82936d987d699452146f6b54913e19fc5e9c761fdb450d1243eb656f
reports/prd_3_1_v1/core_regression_v3_a2b_p2small_v1/visualizations/img_126.jpg,95579,02a5c9f0a59869fa0362eb04f25a906b5f03a4ee225ce3491ce54d8fce5d0159
reports/prd_3_1_v1/core_regression_v3_a2b_p2small_v1/visualizations/img_127.jpg,68398,ad8929cacbe85a8d87b3ca49f81b17e831da8e7ae421c6865dcc592febaa14c5
reports/prd_3_1_v1/core_regression_v3_a2b_p2small_v1/visualizations/img_128.jpg,35767,97f7e0311f7e1b4e0cf858a4a6a076c3802cd1e911a157c92b467814b0635e4e
reports/prd_3_1_v1/core_regression_v3_a2b_p2small_v1/visualizations/img_129.jpg,145420,d7b774642ccdd725fb5c6060b3082c1935e042e9ea38f94ada12f91de18eca04
reports/prd_3_1_v1/core_regression_v3_a2b_p2small_v1/visualizations/img_130.jpg,178166,121d9a9b9d5cb0c8854922cee71bce9fafaa3e45c6fc477399909c914ac83192
reports/prd_3_1_v1/core_regression_v3_a2b_p2small_v1/visualizations/img_131.jpg,106995,01f1e7e638b89faddf85116d124a51c06e437cc9147713902f56acbf6f543d68
reports/prd_3_1_v1/core_regression_v3_a2b_p2small_v1/visualizations/img_132.jpg,63446,8903ef4c96ab4cacfd92cdf0ce3d7391ded2850259a983ceb30eca186450759e
reports/prd_3_1_v1/core_regression_v3_a2b_p2small_v1/visualizations/img_133.jpg,134025,02fa2cc2fe70ef88b5a1bbabbbd2a525bfbe6d3eb02a24bda290a9a12bccac4e
reports/prd_3_1_v1/core_regression_v3_a2b_p2small_v1/visualizations/img_134.jpg,156119,ae6f0ac3307a2bc13fb4e6a0f9d4f2783ff353debc93ec95dfb6bfe5d0955821
reports/prd_3_1_v1/core_regression_v3_a2b_p2small_v1/visualizations/img_135.jpg,146766,6afd0a804713728fa57cf2422001db7cc69697c5b545e20467d71a666b77b94b
reports/prd_3_1_v1/core_regression_v3_a2b_p2small_v1/visualizations/img_136.jpg,91161,028c3b17cb00a12fa6ccf996b8d7d98aab19c4b1993129c89e2dc891c8fd5085
reports/prd_3_1_v1/core_regression_v3_a2b_p2small_v1/visualizations/img_137.jpg,70064,ea23dcdad9052fe79065b9f60bfd0aa5593e9781fede9de359e38bea8d520ba1
reports/prd_3_1_v1/core_regression_v3_a2b_p2small_v1/visualizations/img_138.jpg,175934,32ada3e4ae010a1396165a7ed506496245f3257ff86ece22999feb6500a3e8bb
reports/prd_3_1_v1/core_regression_v3_a2b_p2small_v1/visualizations/img_139.jpg,47155,b455345be977024ab29ea3b7a443dd25cf65dee8b1693d6ca0c14b3f22d15445
reports/prd_3_1_v1/core_regression_v3_a2b_p2small_v1/visualizations/img_140.jpg,271244,61ab35154558555c53e26a0989b80ce9cae3982417f8c321993b5cc514f7008d
reports/prd_3_1_v1/core_regression_v3_a2b_p2small_v1/visualizations/img_141.jpg,86510,eff4bfc3016fa6190890ef94928249b59fa1187018d54a9dcf6c4aa02c909d9d
reports/prd_3_1_v1/core_regression_v3_a2b_p2small_v1/visualizations/img_142.jpg,84481,595043e98dc3a8711e5b44bcb697caf7f5e3500a999ea4a8e2c32d1d10fce98d
reports/prd_3_1_v1/core_regression_v3_a2b_p2small_v1/visualizations/img_143.jpg,75943,43445e295bc1a9d5184d97c8cd62e130858a11af303a597a0ae4cabba7c4f44c
reports/prd_3_1_v1/core_regression_v3_a2b_p2small_v1/visualizations/img_144.jpg,105010,d63785123ddd9fbf98cc41ecc0f9a4b935f1934b0c5fbd98f9d4fcae211d061d
reports/prd_3_1_v1/core_regression_v3_a2b_p2small_v1/visualizations/img_145.jpg,102249,0a5338898ac8224b7870f07192605caca0323a3b69f81e58159edf97928f1d48
reports/prd_3_1_v1/core_regression_v3_a2b_p2small_v1/visualizations/img_146.jpg,67536,209c778464cdeac5d29b9e11b6462828af5765054824c50dd09713cbf597363a
reports/prd_3_1_v1/core_regression_v3_a2b_p2small_v1/visualizations/img_147.jpg,45694,1cfc7226c9bdb2334e4b8d69ac6d307db3c75a703896dc104acb8f438263a486
reports/prd_3_1_v1/core_regression_v3_a2b_p2small_v1/visualizations/img_148.jpg,102914,945cffebab342c8062a582eeba8b77c3714e988a4447e91c824c3a262c150982
reports/prd_3_1_v1/core_regression_v3_a2b_p2small_v1/visualizations/img_149.jpg,83706,cca2d36605351beba5471ac407f51cffa068576016647050f7f321fd8d174ed9
reports/prd_3_1_v1/core_regression_v3_a2b_p2small_v1/visualizations/img_150.jpg,82805,9d1c297007808bad46e28eda51e1330b0acd75c08c2ed749b5c29ba443fc2c50
reports/prd_3_1_v1/core_regression_v3_a2b_p2small_v1/visualizations/img_151.jpg,84909,90d8a4dbf5ab544498e617dba519759ad827e0c444d765e1e4c4a02af31ac54e
reports/prd_3_1_v1/core_regression_v3_a2b_p2small_v1/visualizations/img_152.jpg,236455,fa332c77fe866debf12403080948a76b2d2073c6d28ab9ed15c09c4584928966
reports/prd_3_1_v1/core_regression_v3_a2b_p2small_v1/visualizations/img_153.jpg,68374,1005a0ad9b8b0a0bd76d32a74cf52278db49da9ae34bbbbae2739574859c0e18
reports/prd_3_1_v1/core_regression_v3_a2b_p2small_v1/visualizations/img_154.jpg,78775,4fc13e7e5c838482504e1f2f9d5049d730c89801ae8bd357d094aa9d9eebb7d9
reports/prd_3_1_v1/core_regression_v3_a2b_p2small_v1/visualizations/img_155.jpg,55815,4c0f5fb183a4aef99cf7df412a4a37e176b765c11eee1aef0ffbd52971aef0d3
reports/prd_3_1_v1/core_regression_v3_a2b_p2small_v1/visualizations/img_156.jpg,63541,bcadc7648057aad3f6ff3d8674ca995d6b5d6f94b64e44c1d4be60a33d8a2073
reports/prd_3_1_v1/core_regression_v3_a2b_p2small_v1/visualizations/img_157.jpg,147243,da0ab5b5f2449635a922002bab8d39816bdb397191b4a1635cc726fef2a4aa2d
reports/prd_3_1_v1/core_regression_v3_a2b_p2small_v1/visualizations/img_158.jpg,49480,c3844ba96049a7ee619b455937f0eb29dab4bcddc766d0771e65be7b0c139840
reports/prd_3_1_v1/core_regression_v3_a2b_p2small_v1/visualizations/img_159.jpg,74042,56052d08bd8537c85ec3b86c0be5ca73894e4bdcd509820e5a1111a4ffda5616
reports/prd_3_1_v1/core_regression_v3_a2b_p2small_v1/visualizations/img_160.jpg,79895,fd0dc459e9a50535e5c8671008a9d2e739026be079b1415282db79259375917a
reports/prd_3_1_v1/core_regression_v3_a2b_p2small_v1/visualizations/img_161.jpg,87361,80919d3976ed80398a150f106e86976a09bb5f31c51e66fa2e63a76ddc43f5ef
reports/prd_3_1_v1/core_regression_v3_a2b_p2small_v1/visualizations/img_162.jpg,75766,b6fb2126792190b0e3b7667cc3640482599cc5b9ca35061dea549fdcb7f55926
reports/prd_3_1_v1/core_regression_v3_a2b_p2small_v1/visualizations/img_163.jpg,122780,8716c0a294666c99ac6e20f14a4082ae4234632a0cdfbae6148f6f25eeb617f6
reports/prd_3_1_v1/core_regression_v3_a2b_p2small_v1/visualizations/img_164.jpg,145495,072918534585d066f907ff7eaddd776483da2458d8e8733144d282cce9a2b661
reports/prd_3_1_v1/core_regression_v3_a2b_p2small_v1/visualizations/img_165.jpg,79371,54f7e7938d9376c74972a5886bf49db3286319d2b36391fc1e0768c8e7183d80
reports/prd_3_1_v1/core_regression_v3_a2b_p2small_v1/visualizations/img_166.jpg,94826,31eb9f8c26b44c8513a9ce8010ed5eac1812607d399f4ea2be06013487e76a79
reports/prd_3_1_v1/core_regression_v3_a2b_p2small_v1/visualizations/img_167.jpg,52653,313ef3f9c95f10d1b155c9c837766680a201d56f8b900118bc6fdf91d339086b
reports/prd_3_1_v1/core_regression_v3_a2b_p2small_v1/visualizations/img_168.jpg,72548,c7e8b69dc1c7fd2b3978dd0321315f7eba3af99dbda094e0bc49057ccf6c27d4
reports/prd_3_1_v1/core_regression_v3_a2b_p2small_v1/visualizations/img_169.jpg,77702,d7026b92e63cb08d1c4190435391fe05990dc1b41279b654c9ce3cfa224c62c3
reports/prd_3_1_v1/core_regression_v3_a2b_p2small_v1/visualizations/img_170.jpg,69019,a558337a31ce5a51926b1de498ad9054c8086f13723236129556e3b2f53d49d5
reports/prd_3_1_v1/core_regression_v3_a2b_p2small_v1/visualizations/img_171.jpg,60986,5bf7919616393de3ef931368350bdf7e706b416cc10623f78541e3be21d77424
reports/prd_3_1_v1/core_regression_v3_a2b_p2small_v1/visualizations/img_172.jpg,100345,09753f2b9f0cbb72b778463659fa4cf16537e5b4c2fd3e7f53a9e6147bc9a064
reports/prd_3_1_v1/core_regression_v3_a2b_p2small_v1/visualizations/img_173.jpg,132252,fae055d70af73d7ba0dc5feb4af454f0a748756bd801a94dc9e6830df3faf2a2
reports/prd_3_1_v1/core_regression_v3_a2b_p2small_v1/visualizations/img_174.jpg,71322,130fc81dca344ff46fd0218cec48a5db06c7928a267a1f8210f90fe57e65ea30
reports/prd_3_1_v1/core_regression_v3_a2b_p2small_v1/visualizations/img_175.jpg,58542,22d1aaa8f6a95bb87f02048a72cd109f4137bad8b4e600983d41f494585a1dee
reports/prd_3_1_v1/core_regression_v3_a2b_p2small_v1/visualizations/img_176.jpg,114047,0f5dd07b557ab705cabad1a32d908f413f29a0fcd81526bc415b693b518a64af
reports/prd_3_1_v1/core_regression_v3_a2b_p2small_v1/visualizations/img_177.jpg,122806,255c2ba711945bba949ecd137cc03cd343df10f1eeb214f3327b73c431eb2c1b
reports/prd_3_1_v1/core_regression_v3_a2b_p2small_v1/visualizations/img_178.jpg,151520,f021bb2141df81b924abc3fbd97005c3bb7956a0df2c8d14bff3c8c3b491b285
reports/prd_3_1_v1/core_regression_v3_a2b_p2small_v1/visualizations/img_179.jpg,99703,dec68d3024fcc16c2637110bfb57f6cd381be339ca491ee47bf1561b2d4ccb19
reports/prd_3_1_v1/core_regression_v3_a2b_p2small_v1/visualizations/img_180.jpg,65475,4cb349970303b0e39cdd42801f6c022908e8ba8c0480c2194f2e4ea50c4376cf
reports/prd_3_1_v1/core_regression_v3_a2b_p2small_v1/visualizations/img_181.jpg,170582,c58f670f2fc129b2834fb169fcee8f9207794336378ab5762eb6d123a81c96ee
reports/prd_3_1_v1/core_regression_v3_a2b_p2small_v1/visualizations/img_182.jpg,57346,0339feed2c85a9156cd8176b0c6fe65bc1f628de5cfb66f09684b594c3313409
reports/prd_3_1_v1/core_regression_v3_a2b_p2small_v1/visualizations/img_183.jpg,65734,d85db7cd4e39c53592e050fddc779070bcacf4268d1bf8f4c0fb58780f4ab1b0
reports/prd_3_1_v1/core_regression_v3_a2b_p2small_v1/visualizations/img_184.jpg,54370,184703ab1f1fd7fb3b56483b3b6d6140fcbe12b67e628c4ea0a74ff2d98c20e8
reports/prd_3_1_v1/core_regression_v3_a2b_p2small_v1/visualizations/img_185.jpg,44261,53721035741d61b04b355758526f3cd4bf70e1b013941b887b1a11ce76565bc3
reports/prd_3_1_v1/core_regression_v3_a2b_p2small_v1/visualizations/img_186.jpg,91067,847d49e6812c6c81283b680642be88f62bca151fe34856b3d54c7c9a0a253ddf
reports/prd_3_1_v1/core_regression_v3_a2b_p2small_v1/visualizations/img_187.jpg,193819,917189edbcea15baea5a1a0fa6f341d813422297c57804f119e8143603090b79
reports/prd_3_1_v1/core_regression_v3_a2b_p2small_v1/visualizations/img_188.jpg,105674,c957c3c679b05915c727c9ff644856fca8887b81cfb8384e142effc4a57af1d3
reports/prd_3_1_v1/core_regression_v3_a2b_p2small_v1/visualizations/img_189.jpg,130326,5e0c3c5ab2ba1a90977f5fa15b5b8c4beec12d35534636df20a72af50a78a807
reports/prd_3_1_v1/core_regression_v3_a2b_p2small_v1/visualizations/img_190.jpg,54259,1357052cf53ffda0b4868c68d40d35bba809d3c4ba38cc22d39db3e0ebf1ab6d
reports/prd_3_1_v1/core_regression_v3_a2b_p2small_v1/visualizations/img_191.jpg,88145,00db0928f7084563b8887b5c1da4441d5c20305c861538948052407fb7828026
reports/prd_3_1_v1/core_regression_v3_a2b_p2small_v1/visualizations/img_192.jpg,59197,048266b0fb15c7a88adcc20684fb244bee4728ca39fe1f16bf4dac6f6cc82efb
reports/prd_3_1_v1/core_regression_v3_a2b_p2small_v1/visualizations/img_193.jpg,159618,2ca1b79b0c5595255c532ca7d5bd96ca40c58c5fd617c5f78d4407f083ddb344
reports/prd_3_1_v1/core_regression_v3_a2b_p2small_v1/visualizations/img_194.jpg,71469,681720433b0371ecd943f83c3affa6de5794da721e0c33cadfbac09e515e5cc6
reports/prd_3_1_v1/core_regression_v3_a2b_p2small_v1/visualizations/img_195.jpg,54314,a07423c0ea38ba742d2c8e22173422356b8e9119f06262e8a3a071ecd73473ae
reports/prd_3_1_v1/core_regression_v3_a2b_p2small_v1/visualizations/img_196.jpg,110069,eb5ba01a5330ede064f67e62aff61b076b63ac029476474570c49499dadb1387
reports/prd_3_1_v1/core_regression_v3_a2b_p2small_v1/visualizations/img_197.jpg,39245,5d5701fb247f9c513dd59dd5348457f1b451a4d80dc5deada20f4796c7d4f52c
reports/prd_3_1_v1/core_regression_v3_a2b_p2small_v1/visualizations/img_198.jpg,86495,400583b20c615609a344f215731e6cc349b58ef2c88823e21d6b9ee09a019f49
reports/prd_3_1_v1/core_regression_v3_a2b_p2small_v1/visualizations/img_199.jpg,60767,1ec5bc82c525c3856bf6de499e31f127e6d7e77fd1e7f3419aaf04e6abf54a8e
reports/prd_3_1_v1/core_regression_v3_a2b_p2small_v1/visualizations/img_200.jpg,45990,f235c49e6790a3223ec9a27925489b9c4b9799182448fdcb354b3a5ad158e4ab
reports/prd_3_1_v1/core_regression_v3_a2b_p2small_v1/visualizations/img_201.jpg,214383,ef3d72bc99427d6c3d566204893cd3e9d91cec4c5f0fc520d694f0a7633b3a2b
reports/prd_3_1_v1/core_regression_v3_a2b_p2small_v1/visualizations/img_202.jpg,118452,868667e95f2098d5ea981d169566593d101befdeca8feeb4f61a855cb7bad7c6
reports/prd_3_1_v1/core_regression_v3_a2b_p2small_v1/visualizations/img_203.jpg,118180,3334d26988da9b7cdcba610404d0da2be08af3f2d048e285f4a98e68278e24fd
reports/prd_3_1_v1/core_regression_v3_a2b_p2small_v1/visualizations/img_204.jpg,176783,c8780a1f89d73f1cee2ac54e43fdc7d4f7b6287215b95289cd136b483ae2d9ba
reports/prd_3_1_v1/core_regression_v3_a2b_p2small_v1/visualizations/img_205.jpg,100874,7b558b04cc7130a1da2a7cb3552c7f51b888b0991b7dae6ce48664424daf4593
reports/prd_3_1_v1/core_regression_v3_a2b_p2small_v1/visualizations/img_206.jpg,78564,a82a56eae1d5ea3dc778b9111e84aa169e255eb8e14204427286b6d5cec203bb
reports/prd_3_1_v1/core_regression_v3_a2b_p2small_v1/visualizations/img_207.jpg,217267,85558e74e477c1bc72ba70a2b9e404cf3347373354e2cf0bebae10e461c1533c
reports/prd_3_1_v1/core_regression_v3_a2b_p2small_v1/visualizations/img_208.jpg,41463,f777d5c2ea331e631a4535afb0d2bea0a20decde215cfa252974484e0c34c09a
reports/prd_3_1_v1/core_regression_v3_a2b_p2small_v1/visualizations/img_209.jpg,62547,d334b83ce4269f651cfd12b25b77d86a5dd97fa465809129520bfc6bef2b7173
reports/prd_3_1_v1/core_regression_v3_a2b_p2small_v1/visualizations/img_210.jpg,151480,870a1daccf702fa41f761f4444ecd4a9b1249b258b89e388720601ecc7dbd4c1
reports/prd_3_1_v1/core_regression_v3_a2b_p2small_v1/visualizations/img_211.jpg,118059,4fec2f76f8ea8f67b7308224351ad1e4975b9345398dc73d8a23ec7d60752855
reports/prd_3_1_v1/core_regression_v3_a2b_p2small_v1/visualizations/img_212.jpg,81879,7c70eb866b89aa89f23f4f97c9a10e1a070afbf4eedfb9184dcdc137f1b1cfd1
reports/prd_3_1_v1/core_regression_v3_a2b_p2small_v1/visualizations/img_213.jpg,93760,20072d2ed938cc8b4fd67fe2f1c230d416d919390e4205f0f1b1b77b8557c301
reports/prd_3_1_v1/core_regression_v3_a2b_p2small_v1/visualizations/img_214.jpg,45193,8277ab8d93692a7eaf268955d11a249b7e368c2aaf2d2d135059dfac85a1bb80
reports/prd_3_1_v1/core_regression_v3_a2b_p2small_v1/visualizations/img_215.jpg,76121,b520bc7281ac48a2255349008efff28154f226beb3569b6e11fb2f88217f176e
reports/prd_3_1_v1/core_regression_v3_a2b_p2small_v1/visualizations/img_216.jpg,91229,bc5bada0df35560831ef80242afad03ae3b4d8a3bb0d2e1cff4136ff8691a341
reports/prd_3_1_v1/core_regression_v3_a2b_p2small_v1/visualizations/img_217.jpg,36998,30e91ec3e99a9700168d7de9e1eb256f4ac8e964084703ae3e3841bb44eed16b
reports/prd_3_1_v1/core_regression_v3_a2b_p2small_v1/visualizations/img_218.jpg,52724,a04cdd97ffa8d9683234e087ce42721334f2f964dd6a26433876f8b15195a235
reports/prd_3_1_v1/core_regression_v3_a2b_p2small_v1/visualizations/img_219.jpg,47384,a9d5e514dc4a3b305b48cfcec39d341a77eab9997b2d4abf45fc6c9e0505f051
reports/prd_3_1_v1/core_regression_v3_a2b_p2small_v1/visualizations/img_220.jpg,49185,78121e108952f4e7bdbb39ece84d3ba0aee1986ba6e4ddc0d5d93d362e4c2949
reports/prd_3_1_v1/core_regression_v3_a2b_p2small_v1/visualizations/img_221.jpg,59999,2a34e1f16917d60d673df0ada526ea9230d803ffb431136f40aed49782d9f066
reports/prd_3_1_v1/core_regression_v3_a2b_p2small_v1/visualizations/img_222.jpg,61447,a26ece8d1afb440b725a4d33a8b0aca15eedfc6a22ad042ef3b9559152cf630e
reports/prd_3_1_v1/core_regression_v3_a2b_p2small_v1/visualizations/img_223.jpg,89239,70c9db57e6c70810126ed3a7f1f616d85481badf16904dd9f61b630632e3fff0
reports/prd_3_1_v1/core_regression_v3_a2b_p2small_v1/visualizations/img_224.jpg,66558,2af3dd2f879ffd0c249961dc60c8ed466880c3c34a664848b48048fd293f5a34
reports/prd_3_1_v1/core_regression_v3_a2b_p2small_v1/visualizations/img_225.jpg,97437,0a604879c641cac4118a1ec85dd0dbd00f61ffe4c4142bef8d26b6bab7bf7f7b
reports/prd_3_1_v1/core_regression_v3_a2b_p2small_v1/visualizations/img_226.jpg,100578,61442d6984f214dadae62d82483e14a3d43ab541b290205ca0b64723b3c5f9bf
reports/prd_3_1_v1/core_regression_v3_a2b_p2small_v1/visualizations/img_227.jpg,41946,783ab5ac32319f5c6e25a35a9cddd265043466315c4d811807a30505d4304e20
reports/prd_3_1_v1/core_regression_v3_a2b_p2small_v1/visualizations/img_228.jpg,166541,5955880d4dc326be54b3d18faa23a95b6f5b51c26fc12196b55345a0f0afc97f
reports/prd_3_1_v1/core_regression_v3_a2b_p2small_v1/visualizations/img_229.jpg,145496,101ce9d720f649b142759c856cc53e1f62899793b28bb86087c487738d4e8d48
reports/prd_3_1_v1/core_regression_v3_a2b_p2small_v1/visualizations/img_230.jpg,72322,6f9114c7d017b0ef13525021905f978336338ab7a7b56ab449712f23b28f16b7
reports/prd_3_1_v1/core_regression_v3_a2b_p2small_v1/visualizations/img_231.jpg,100246,f99f1a3752ff8c9cf90e434c20315029bac1fa55b8cea50e98f2ce7d9c9dc168
reports/prd_3_1_v1/core_regression_v3_a2b_p2small_v1/visualizations/img_232.jpg,106265,afa316b3a322f962059fed46a55b9aad8e2ef0cc5562879011160fd5598934a0
reports/prd_3_1_v1/core_regression_v3_a2b_p2small_v1/visualizations/img_233.jpg,52572,0272a2ff2f269603169e6ec6dac482e2a8c05cd725a05e25cfc5b2693cad754e
reports/prd_3_1_v1/core_regression_v3_a2b_p2small_v1/visualizations/img_234.jpg,121145,f8fa27992e2acb537632bcbfbb30bc655596c543b7cbf9db6d3088d2e4acd00f
reports/prd_3_1_v1/core_regression_v3_a2b_p2small_v1/visualizations/img_235.jpg,98282,087b460a4b7273aa7cc023918cff9d4ac437e5e427c7e26d7e918c1b60d380f2
reports/prd_3_1_v1/core_regression_v3_a2b_p2small_v1/visualizations/img_236.jpg,119341,763516cd15d0a03f2b66c0126b7583ae8c52ee72f288bb35d05e945fe5ebadb7
reports/prd_3_1_v1/core_regression_v3_a2b_p2small_v1/visualizations/img_237.jpg,91249,23da7a1a90696b1d21a3c5c36de1a67a34795ef73d70a507b731eecddaa2ecea
reports/prd_3_1_v1/core_regression_v3_a2b_p2small_v1/visualizations/img_238.jpg,70079,2832bbb1cd71f5138e2530ada2d5e941a26218d2fd62ab8c8f70bc7bb6cd6037
reports/prd_3_1_v1/core_regression_v3_a2b_p2small_v1/visualizations/img_239.jpg,48275,75742628c35120c0e28a86b43c12e27fe3f5d4f684200b7ebcabfccfef93ce2a
reports/prd_3_1_v1/core_regression_v3_a2b_p2small_v1/visualizations/img_240.jpg,140673,f737b95fdb98ce9e359db2cf129bace5cb4c80b08285abd1587afd42cf6fee5b
reports/prd_3_1_v1/core_regression_v3_a2b_p2small_v1/visualizations/img_241.jpg,76537,77e3621463b0f152ead7d8fd118cdf3074f9af9657c0ad5122398050e400b8c1
reports/prd_3_1_v1/core_regression_v3_a2b_p2small_v1/visualizations/img_242.jpg,98369,6b29b68f52363c04c3695d5ff261756e86f7a0b6e751609264d30f1a701cb3eb
reports/prd_3_1_v1/core_regression_v3_a2b_p2small_v1/visualizations/img_243.jpg,80083,ae0ed9dd0b9f06a434198573f34b56abff6fa28645aeb07407c918607bd7d2e5
reports/prd_3_1_v1/core_regression_v3_a2b_p2small_v1/visualizations/img_244.jpg,143265,ab53e045235e5c31c7ed5102c7967b0cf36aff35f9002d0ca6c9abbe478f71b4
reports/prd_3_1_v1/core_regression_v3_a2b_p2small_v1/visualizations/img_245.jpg,94346,7f68cd25dc1f9d1ac73dd902b4377311d5f92d4881fe11b582577df65f7b52ff
reports/prd_3_1_v1/core_regression_v3_a2b_p2small_v1/visualizations/img_246.jpg,110684,ce1f7c905cdfb900de68d51b1bae0763c61c598ece50dc990f19058b3d6a564b
reports/prd_3_1_v1/core_regression_v3_a2b_p2small_v1/visualizations/img_247.jpg,77044,460f170e6eabf0fd44dd579935b22a6624b65864fea6bd8607947174c2db2b4a
reports/prd_3_1_v1/core_regression_v3_a2b_p2small_v1/visualizations/img_248.jpg,70919,95627e557217f4ce6020a654c1169c187a3c0cb5bb91aab4dd9543eb5def13f6
reports/prd_3_1_v1/core_regression_v3_a2b_p2small_v1/visualizations/img_249.jpg,111275,baa26eeb7bff78ed6084cd523ced9d99989124b067b18a767781d77206c549f0
reports/prd_3_1_v1/core_regression_v3_a2b_p2small_v1/visualizations/img_250.jpg,119535,98a2f0e9f206d46d1cfcbbbe01926357c69e1f242e64b80bee21b2188c5f0f03
reports/prd_3_1_v1/core_regression_v3_a2b_p2small_v1/visualizations/img_251.jpg,53352,871657f30da528421f0eac55327974771affaca678a35f0c48fc2470d3dc5d4c
reports/prd_3_1_v1/core_regression_v3_a2b_p2small_v1/visualizations/img_252.jpg,142105,996d6c9165303962a0366eb9396a02e3095f0186877926a90d57f5cbf465d362
reports/prd_3_1_v1/core_regression_v3_a2b_p2small_v1/visualizations/img_253.jpg,181111,7a997058d17825032cbc9688596288dbb5e61a8f08819657c7cc2ae21a203dae
reports/prd_3_1_v1/core_regression_v3_a2b_p2small_v1/visualizations/img_254.jpg,53504,633ee1c383d03d60b941b4108a723574feaf00278cabc746d6d05dee634f7266
reports/prd_3_1_v1/core_regression_v3_a2b_p2small_v1/visualizations/img_255.jpg,119084,f8f1f3b1dd3710641f437355e942cf67a46f8bd349bc2beae31e1d92f90c2123
reports/prd_3_1_v1/core_regression_v3_a2b_p2small_v1/visualizations/img_256.jpg,96892,bd730720291219607cb6cc3f4a52bdd22eca1bb0a8ba7fbfc5885cf725729a16
reports/prd_3_1_v1/core_regression_v3_a2b_p2small_v1/visualizations/img_257.jpg,132162,8f2b4d457c1babe14305283dca3ad095852101c966578f142ee562b2bb2f0844
reports/prd_3_1_v1/core_regression_v3_a2b_p2small_v1/visualizations/img_258.jpg,171287,f483c8771620fb53f9b4f7ee2d11c8d503bd97796966cd176aff993651bd3811
reports/prd_3_1_v1/core_regression_v3_a2b_p2small_v1/visualizations/img_259.jpg,102565,ec65a6584f58eb9ae148320cdf36752e3fa821659346a08fec8682ea5d17e21a
reports/prd_3_1_v1/core_regression_v3_a2b_p2small_v1/visualizations/img_260.jpg,166685,7b46ce02aeef8fa2088b113673720d06e65dae144fb8be5bde995399fb4be1a3
reports/prd_3_1_v1/core_regression_v3_a2b_p2small_v1/visualizations/img_261.jpg,81145,ed0b71fa55867dd27fe03d349967bd4518b9327ddb5c9ee5008240cfb0bc6a56
reports/prd_3_1_v1/core_regression_v3_a2b_p2small_v1/visualizations/img_262.jpg,98149,1b19fe68ae01a6161c57faa3738814b4630172ec70fe498733ce4456074a0ecf
reports/prd_3_1_v1/core_regression_v3_a2b_p2small_v1/visualizations/img_263.jpg,194228,592b2a6e58b52586496bd361e884ab888cac258f28468dc507fef948d1c2665f
reports/prd_3_1_v1/core_regression_v3_a2b_p2small_v1/visualizations/img_264.jpg,74374,215f0dcad1a4be3811b93d39c10f7a9881e77816e8b973edc1315cd35fae1146
reports/prd_3_1_v1/core_regression_v3_a2b_p2small_v1/visualizations/img_265.jpg,130475,3cd0f2313f890a5b0585f9f0028c747185e8d1b8ed47c4e397b919f11dfd2b21
reports/prd_3_1_v1/core_regression_v3_a2b_p2small_v1/visualizations/img_266.jpg,117022,09dd460dc378d8cff86ecc30b8fa4a63f0600735b5852b6e9b684e461c7da047
reports/prd_3_1_v1/core_regression_v3_a2b_p2small_v1/visualizations/img_267.jpg,161219,eaffb0880ebd6c787c265ad1495578add19bbeb559ac4b43c854cb8d87e607be
reports/prd_3_1_v1/core_regression_v3_a2b_p2small_v1/visualizations/img_268.jpg,201192,c1bb966c5f5d4c6a0260930383f4d8dd39a7073e939914b3f4419289b76b5c39
reports/prd_3_1_v1/core_regression_v3_a2b_p2small_v1/visualizations/img_269.jpg,109029,e4d63aa775a2cbf2fa43b9ea56bb7d6f385093d4e4a06c05f8b29531bcde307a
reports/prd_3_1_v1/core_regression_v3_a2b_p2small_v1/visualizations/img_270.jpg,96710,a6dd1920b67aee5e87cbd1b417c7664f79a5f31650f6ed5a321690f51da52b56
reports/prd_3_1_v1/core_regression_v3_a2b_p2small_v1/visualizations/img_271.jpg,153658,92ce734460ad922ed3b2203f271871205e1d1d9e92a76a03e858b69bda58aac5
reports/prd_3_1_v1/core_regression_v3_a2b_p2small_v1/visualizations/img_272.jpg,62547,250f3b698b6eaa74c800b23e281000d0122912fbabf38fa054433e572735bec6
reports/prd_3_1_v1/core_regression_v3_a2b_p2small_v1/visualizations/img_273.jpg,74674,86241d02b139530322bd2517258b29740f352e4c95f2672d1800002d55db8560
reports/prd_3_1_v1/core_regression_v3_a2b_p2small_v1/visualizations/img_274.jpg,102178,82a10a1ed8ee2db3953616769665cf96977de8552233b1333c37bf74d7573fcc
reports/prd_3_1_v1/core_regression_v3_a2b_p2small_v1/visualizations/img_275.jpg,148132,bcfcb2072dfe1412e836528c673f3298fcf6a358f54c64ce625de5db4636d0eb
reports/prd_3_1_v1/core_regression_v3_a2b_p2small_v1/visualizations/img_276.jpg,186754,575e7ec78bd9f5e14af07185e8d13a57efe32c267656e04327061ccedac584e5
reports/prd_3_1_v1/core_regression_v3_a2b_p2small_v1/visualizations/img_277.jpg,77165,ce96b9b6c38efddabc4b8f6e41755cd53412a93ab9c8ce554a2119ff1fcd3919
reports/prd_3_1_v1/core_regression_v3_a2b_p2small_v1/visualizations/img_278.jpg,89987,dbf3a6c62fa4ecf178c078a3bef3d5389644e278b721097cb88ed92813df2836
reports/prd_3_1_v1/core_regression_v3_a2b_p2small_v1/visualizations/img_279.jpg,91219,38d84cdfdad0cfc950c17985fba6ea74f2b4c3774d38ab642ae096e21bb34106
reports/prd_3_1_v1/core_regression_v3_a2b_p2small_v1/visualizations/img_280.jpg,76295,5c1bfab57b0a6e955562cb469a996a5f16fdb7d5decf1d5a72f9e5b91eac2e3e
reports/prd_3_1_v1/core_regression_v3_a2b_p2small_v1/visualizations/img_281.jpg,67432,1418833d761d14822ab9173f97846f117808bb58cf73310de65f08eb9008dfc5
reports/prd_3_1_v1/core_regression_v3_a2b_p2small_v1/visualizations/img_282.jpg,133599,53162b4a7774b94c554b11e46430eeb69575df73db6dfc1051e432eb8a5a0350
reports/prd_3_1_v1/core_regression_v3_a2b_p2small_v1/visualizations/img_283.jpg,84850,3f7d9f75f0d060ca6be73652844773d62b953d4f67db8b51393ef8a700f1acb4
reports/prd_3_1_v1/core_regression_v3_a2b_p2small_v1/visualizations/img_284.jpg,94104,5b6911274035b9558e096b273ad78ac7b0f52121632980ff4b05feed0d021e10
reports/prd_3_1_v1/core_regression_v3_a2b_p2small_v1/visualizations/img_285.jpg,88983,bb02b4b257fff51dda372a471015999284a556d929a2d226791aad99fbb66c8a
reports/prd_3_1_v1/core_regression_v3_a2b_p2small_v1/visualizations/img_286.jpg,168867,31041bf9c521716f14cd3b687e8417c6e7c64e4655f31b0055894a1bd1b50180
reports/prd_3_1_v1/core_regression_v3_a2b_p2small_v1/visualizations/img_287.jpg,84108,0f3f155bb9b9c793581421f9b76251b185cad70fac996ce0167e1e3f71f22c5e
reports/prd_3_1_v1/core_regression_v3_a2b_p2small_v1/visualizations/img_288.jpg,121620,ff5ab7c7a239952b581acb972c671e73a312d66281a7f57a78a3895891eb6171
reports/prd_3_1_v1/core_regression_v3_a2b_p2small_v1/visualizations/img_289.jpg,134275,231a2adcec0b33dce89972309ad22b97914f4317fd79775535f447bb8b308f53
reports/prd_3_1_v1/core_regression_v3_a2b_p2small_v1/visualizations/img_290.jpg,76652,39f2a4742c775af7f9b9e58f5480221409ead8b6c626880b1847c09002ae4394
reports/prd_3_1_v1/core_regression_v3_a2b_p2small_v1/visualizations/img_291.jpg,80933,80793119ec1c0e51c4168262bbf3fa631c4015e82f7490a0c53f3eece5732b94
reports/prd_3_1_v1/core_regression_v3_a2b_p2small_v1/visualizations/img_292.jpg,85406,89c821e25f338bdbc282efe45721e77f77fb105ee041187b14df58c0870cbc55
reports/prd_3_1_v1/core_regression_v3_a2b_p2small_v1/visualizations/img_293.jpg,105885,f6c6aa36247e25e5e0e511205943790d1c673d9a95b8d88291c7bf9614c1c2ff
reports/prd_3_1_v1/core_regression_v3_a2b_p2small_v1/visualizations/img_294.jpg,134299,1b451e7d406425f7e8663483aceae318c535147901ab4fcd1400a23186d34c9e
reports/prd_3_1_v1/core_regression_v3_a2b_p2small_v1/visualizations/img_295.jpg,85502,230155acd84faf292a226df3c4ac2905383af622267e86563e24f1da5fc84e1c
reports/prd_3_1_v1/core_regression_v3_a2b_p2small_v1/visualizations/img_296.jpg,234708,ec4b8e56e0da8d6b01fe037169816acbbd1cdd2c7978fbcd6b85d195a83693f7
reports/prd_3_1_v1/core_regression_v3_a2b_p2small_v1/visualizations/img_297.jpg,82864,50ab4f14b9516346b119f75550657f5ad3b2fc8d844aaddee72273bac09b1d77
reports/prd_3_1_v1/core_regression_v3_a2b_p2small_v1/visualizations/img_298.jpg,117597,33cea95ef4bf9b87cac4a3e9f7cbd0b2b09dffcbadc43859d7e69c356459c642
reports/prd_3_1_v1/core_regression_v3_a2b_p2small_v1/visualizations/img_299.jpg,87432,bb566fd76c93dc2ad671185042c2056aedd64b03e01d78fc18c61c504315f1dd
reports/prd_3_1_v1/core_regression_v3_a2b_p2small_v1/visualizations/img_300.jpg,76200,23b077625b870240b4fb3cd120ee8c1f1d58730eaf897d6aded3c0f6a918622f
reports/prd_3_1_v1/core_regression_v3_a2b_p2small_v1/visualizations/img_301.jpg,219018,108dd21d3f4f60acb764ffe8e81770dc37dfb85366510bf9562d2221b6287b7c
reports/prd_3_1_v1/core_regression_v3_a2b_p2small_v1/visualizations/img_302.jpg,142492,d0194a1a813eedfcfd7686c946c0aff17dc0b91a0dc1e2e1989b5d73ab7acbbb
reports/prd_3_1_v1/core_regression_v3_a2b_p2small_v1/visualizations/img_303.jpg,82638,9103fe5bd717f6b6aa1851cd97009eeb1e2c239919560506a24904b448299854
reports/prd_3_1_v1/core_regression_v3_a2b_p2small_v1/visualizations/img_304.jpg,60586,8fa200b4c71e3c9b646a04d05559dc42ecfb2a99cfcd016d288faa4f379a5087
reports/prd_3_1_v1/core_regression_v3_a2b_p2small_v1/visualizations/img_305.jpg,162521,4c0ce48edf944cc58e0977cedbfd820bf17017d0a09529fc108f5d6a9de81b5d
reports/prd_3_1_v1/core_regression_v3_a2b_p2small_v1/visualizations/img_306.jpg,146507,520694de2fb7a1ca741ec261f923681e655cb1203fb606e7033a8c915c40b6c4
reports/prd_3_1_v1/core_regression_v3_a2b_p2small_v1/visualizations/img_307.jpg,148461,2455f1244417e9f0154db7a71402d746781fac3f898cd4810a73ed9f69f621f4
reports/prd_3_1_v1/core_regression_v3_a2b_p2small_v1/visualizations/img_308.jpg,122430,463ae2684c89f69ed6d96f3e79393b325aa4e39cb7228868cf78176dcc823f42
reports/prd_3_1_v1/core_regression_v3_a2b_p2small_v1/visualizations/img_309.jpg,78028,ac51ea5ef376a20a458ab0244e16a94b3bf0728f2c91ce77fb3346fd69fcdeb1
reports/prd_3_1_v1/core_regression_v3_a2b_p2small_v1/visualizations/img_310.jpg,155931,cde1df13b440fcd89551c67965844db709c165f60c26565d0c91c39f58eb0fdb
reports/prd_3_1_v1/core_regression_v3_a2b_p2small_v1/visualizations/img_311.jpg,86537,2f3184e8e0db9821b2099d2ae0e6283bfcae35795363f13e8cb1f28d3671d441
reports/prd_3_1_v1/core_regression_v3_a2b_p2small_v1/visualizations/img_312.jpg,102715,e136758b932c005eb9042de09e9597c64cfdf518f4a3f2ed118d7fb52672586c
reports/prd_3_1_v1/core_regression_v3_a2b_p2small_v1/visualizations/img_313.jpg,100809,c2d36a366a48b5a7e0dbcb2b8cf9e13d54506e9ed04a07051209697d100d9d1d
reports/prd_3_1_v1/core_regression_v3_a2b_p2small_v1/visualizations/img_314.jpg,130290,dbf529556353c85702e5270662e3f4f349da042f5ceb4b6c110cd50fca5ecd2a
reports/prd_3_1_v1/core_regression_v3_a2b_p2small_v1/visualizations/img_315.jpg,190325,19997acc35b888f9b846613cc5c51a2d3d3881712c5c31f266c904e3aaa5e65d
reports/prd_3_1_v1/core_regression_v3_a2b_p2small_v1/visualizations/img_316.jpg,144380,73a223b7af518d4a2b33cb5fd0671c1e70e31bb483f0a54dbf83d28aa69e2057
reports/prd_3_1_v1/core_regression_v3_a2b_p2small_v1/visualizations/img_317.jpg,108794,0f6b07b26b6a11fddc4f9e6fcdf10f796d107267db25e3b14c16d03d5c41a67c
reports/prd_3_1_v1/core_regression_v3_a2b_p2small_v1/visualizations/img_318.jpg,93514,addd0263e5a436ae76973a8adcaeb3f146b4cbf3cefb4a758d5ec786b036a49a
reports/prd_3_1_v1/core_regression_v3_a2b_p2small_v1/visualizations/img_319.jpg,113024,919b3c70057f68d6d49395ae1c9601a0b52221e842d976909fcf157d82a32400
reports/prd_3_1_v1/core_regression_v3_a2b_p2small_v1/visualizations/img_320.jpg,284302,13b405907343e554900acdc399eae1232e0ff6b1c23047039a23a309928a1f79
reports/prd_3_1_v1/core_regression_v3_a2b_p2small_v1/visualizations/img_321.jpg,231963,c5ba0e0dafc578ce5eb697d71562f229e5392bb73dace825b6969a1c031e71b7
reports/prd_3_1_v1/core_regression_v3_a2b_p2small_v1/visualizations/img_322.jpg,115021,17e0cafb646e62ae36eea731e6e718dbe98c8606758d02f5b6e845440bb480d1
reports/prd_3_1_v1/core_regression_v3_a2b_p2small_v1/visualizations/img_323.jpg,216207,606416a93d3abe5f98cd9932c5624bc8f327fb6a358e6cad36b9f6141c117e4a
reports/prd_3_1_v1/core_regression_v3_a2b_p2small_v1/visualizations/img_324.jpg,90053,4b73e0c0ac59a527e4d74ef034781f1eee0d69b7be68e70fc92c27802694bed6
reports/prd_3_1_v1/core_regression_v3_a2b_p2small_v1/visualizations/img_325.jpg,151192,770b0094939394c0726efec40f582d977eb2bf836504a7e523676c0eab752e76
reports/prd_3_1_v1/core_regression_v3_a2b_p2small_v1/visualizations/img_326.jpg,122108,9755d1e05d84cddb375cc95e38843c60bb3976cdcfd9403905d50a8f3fe7442f
reports/prd_3_1_v1/core_regression_v3_a2b_p2small_v1/visualizations/img_327.jpg,66085,e3cfb1685d1fcfa6e74b6ab7dce03bf70d4a960aff98fc90156b66f526c4d644
reports/prd_3_1_v1/core_regression_v3_a2b_p2small_v1/visualizations/img_328.jpg,72259,9547f529952845c16f532640d0d443b4228eae7fac360b2ad7ae69d08299c3e6
reports/prd_3_1_v1/core_regression_v3_a2b_p2small_v1/visualizations/img_329.jpg,154014,b3926cb42f5346b763ed4f4948704a13b166b87f82d5eede30c27ec864c0ed6a
reports/prd_3_1_v1/core_regression_v3_a2b_p2small_v1/visualizations/img_330.jpg,119029,5bd77dae4548c476cbb4f14a7e0f6ac91579123b24ea1d2dc2b9a19404cecc43
reports/prd_3_1_v1/core_regression_v3_a2b_p2small_v1/visualizations/img_331.jpg,56617,b1c69b7b3ea7fe16c2cdf09599d8454fb8385a31cf0cd01c39ef56b1cd41a35b
reports/prd_3_1_v1/core_regression_v3_a2b_p2small_v1/visualizations/img_332.jpg,129981,02650657293b719661769b574abd6dd9634494e76bf00f8342f4e471b0c73b19
reports/prd_3_1_v1/core_regression_v3_a2b_p2small_v1/visualizations/img_333.jpg,139848,427eb7fc05647a1466a5301ef7fc09cc37cd9b6a22e8d5e4ca332e555a5b3c66
reports/prd_3_1_v1/core_regression_v3_a2b_p2small_v1/visualizations/img_334.jpg,99280,a8a7dfc73e04fd925e319d08ab8971f505ffd209a841196438baff562c415052
reports/prd_3_1_v1/core_regression_v3_a2b_p2small_v1/visualizations/img_335.jpg,86012,3871cef1f6e0407a98aba541e4cc1431886451fad375ea7af1c23678fc69f866
reports/prd_3_1_v1/core_regression_v3_a2b_p2small_v1/visualizations/img_336.jpg,104701,e1add77b6e038873f1772aa58bb193d47d896fbcbd4c926126eb15f2831ab088
reports/prd_3_1_v1/core_regression_v3_a2b_p2small_v1/visualizations/img_337.jpg,85115,ea731477cb07d67eb5fe0dbc5dcd77c1de37ec600409b9f51ca0427a9e9b3be0
reports/prd_3_1_v1/core_regression_v3_a2b_p2small_v1/visualizations/img_338.jpg,115085,d271cc1b292c42f9c5a8dae39ad4015f4d20b9db53c72e55ea89d67516e4c6f5
reports/prd_3_1_v1/core_regression_v3_a2b_p2small_v1/visualizations/img_339.jpg,128551,20c12b3e9f80b2284f2d0598cfa9d22edd84dc6846f7dc74930dacf472f88070
reports/prd_3_1_v1/core_regression_v3_a2b_p2small_v1/visualizations/img_340.jpg,205239,10a0e631ef5f27d29fded87fd9aa97c82db0da53b960f628f6302b1320ea9ebc
reports/prd_3_1_v1/core_regression_v3_a2b_p2small_v1/visualizations/img_341.jpg,102025,7067fb3c09eeed0b0db589ee60815dcb25f01d84c9ba2da15cb7d4d5346543a1
reports/prd_3_1_v1/core_regression_v3_a2b_p2small_v1/visualizations/img_342.jpg,92916,4840840bf22f0c7a20f08620618b44d7eb52a98a46d3ba6a8bb90a66b80159fa
reports/prd_3_1_v1/core_regression_v3_a2b_p2small_v1/visualizations/img_343.jpg,113703,63b6ff5f51b548cc127b090fb34080797fde00e3262b14ddf45690c4c112d4a7
reports/prd_3_1_v1/core_regression_v3_a2b_p2small_v1/visualizations/img_344.jpg,103617,fd4e74b0a72937634749965afa334578d2bf1eef12e4eb831b38255f9589eb37
reports/prd_3_1_v1/core_regression_v3_a2b_p2small_v1/visualizations/img_345.jpg,87731,fdf9e1deebbfda3b54ac2c5262645c05db4be318290a563dc350f02154b649a2
reports/prd_3_1_v1/core_regression_v3_a2b_p2small_v1/visualizations/img_346.jpg,78971,f5a91b861f1da73192b8335a8e7c669c6bcae589f93dd205f1504091c226d9b6
reports/prd_3_1_v1/core_regression_v3_a2b_p2small_v1/visualizations/img_347.jpg,92063,13a24be2f81bc3e39758fc7b951845978277066bfaa19f10f2bffc7ce0c85496
reports/prd_3_1_v1/core_regression_v3_a2b_p2small_v1/visualizations/img_348.jpg,129077,a179f0e31ec00491011a325013043384056ebba02f9b95ba41b820b19acc2abd
reports/prd_3_1_v1/core_regression_v3_a2b_p2small_v1/visualizations/img_349.jpg,243133,a21535cdadb4f525d43ec9ee7ca6ac8cc681696c979dcfd83bfc2c330f200265
reports/prd_3_1_v1/core_regression_v3_a2b_p2small_v1/visualizations/img_350.jpg,91017,552b143dd13c4f46c5a101e80aa1ef85bf8a5e8736ad1c1356d8604b393c1156
reports/prd_3_1_v1/core_regression_v3_a2b_p2small_v1/visualizations/img_351.jpg,69181,f0ebdf9aa9f019ffd40c213f720afb1686d6c004fc68bd606ef605bfb56b2fcf
reports/prd_3_1_v1/core_regression_v3_a2b_p2small_v1/visualizations/img_352.jpg,106446,08e46be810cef8f3a59a27a0d8792a567fbd362e0c5e2d6508f6793de224d64d
reports/prd_3_1_v1/core_regression_v3_a2b_p2small_v1/visualizations/img_353.jpg,106934,c00127a09248cbac4cabb1487b321f325f053644661c1b73e51019cc7f24bcdf
reports/prd_3_1_v1/core_regression_v3_a2b_p2small_v1/visualizations/img_354.jpg,91535,122c2223bbc2a1f3ebe9ecdd4659d4d8cfeacbf16f5052d60dfa4b0ee47b7e80
reports/prd_3_1_v1/core_regression_v3_a2b_p2small_v1/visualizations/img_355.jpg,87012,e713fda79c5250f42e64b037ad640c8bafbc3ecb9e731e3e55b905087f0fb2e8
reports/prd_3_1_v1/core_regression_v3_a2b_p2small_v1/visualizations/img_356.jpg,129707,e3c171cdb802cc73e0f4e94f5e912e33e994ae6f6fde1837cda223cc4548f4bd
reports/prd_3_1_v1/core_regression_v3_a2b_p2small_v1/visualizations/img_357.jpg,160556,df6cd606b1577690ed1dc00b5d86d4c5eeb0e7781fb2caf53e08f0d621099b1e
reports/prd_3_1_v1/core_regression_v3_a2b_p2small_v1/visualizations/img_358.jpg,119288,99423491772dba211e518b4a0bd01173c88f9205616521882c6319d445ee0071
reports/prd_3_1_v1/core_regression_v3_a2b_p2small_v1/visualizations/img_359.jpg,89715,a6f078da6470bd71377aa06c4dcb8d2d12296f6ea6e95a2a2fc12e97df0d4a85
reports/prd_3_1_v1/core_regression_v3_a2b_p2small_v1/visualizations/img_360.jpg,194959,01070e96086965a7e4dcb709bc935fa954155fc7abbfd491558836bc35fcd90b
reports/prd_3_1_v1/core_regression_v3_a2b_p2small_v1/visualizations/img_361.jpg,90445,15a1e906b28f73086cd49761455fb5ca1f4a8f15a5609961550e888d33876ea0
reports/prd_3_1_v1/core_regression_v3_a2b_p2small_v1/visualizations/img_362.jpg,132843,ace1367dbf6c086442739f3210404669c329746f56d9acc5c1dc33087efa84f8
reports/prd_3_1_v1/core_regression_v3_a2b_p2small_v1/visualizations/img_363.jpg,143341,0ecc7f1a48bb49fa2aa06c0011d446b7d1f15d854303e9bfd8e7145b2353f4cc
reports/prd_3_1_v1/core_regression_v3_a2b_p2small_v1/visualizations/img_364.jpg,99640,4ef5dc3b700333b005f0649a2bcb3b9429041808a2c513aed9d837810f2b2b0d
reports/prd_3_1_v1/core_regression_v3_a2b_p2small_v1/visualizations/img_365.jpg,89217,ce92abdaefe8938339860350b2aeab1d76aff3b2fa9afcb6adf89bbaaf5403c5
reports/prd_3_1_v1/core_regression_v3_a2b_p2small_v1/visualizations/img_366.jpg,105866,836e99dd2d630c2b35283c551897ce2c9c68248419ca79e1eef940b2cfc579c7
reports/prd_3_1_v1/core_regression_v3_a2b_p2small_v1/visualizations/img_367.jpg,244623,fe736158d360e9cab9a3b5109538bf2c9943217e4fc64af2d7df05930532c89c
reports/prd_3_1_v1/core_regression_v3_a2b_p2small_v1/visualizations/img_368.jpg,71188,14d5ce334e69929ba8be14be579a26e5d5622573865544d0e0509378e7e3dd0b
reports/prd_3_1_v1/core_regression_v3_a2b_p2small_v1/visualizations/img_369.jpg,110963,55a92b0c88e49cfc5225dd2c51c08c6af37c617f1c3e5ea718de9b1b45a9df22
reports/prd_3_1_v1/core_regression_v3_a2b_p2small_v1/visualizations/img_370.jpg,170272,7758fc90af138e67127e0550fb60fcf4622fabe7b455b61297a9652071fb03da
reports/prd_3_1_v1/core_regression_v3_a2b_p2small_v1/visualizations/img_371.jpg,91183,1aef9342f3deb7ca3d30c84eb4d379df707cf3de9dd9791623e45608685a47ca
reports/prd_3_1_v1/core_regression_v3_a2b_p2small_v1/visualizations/img_372.jpg,151152,5f35c021953b101641c0d527bc00262105a281f6100235e5b23d72194d35ab2f
reports/prd_3_1_v1/core_regression_v3_a2b_p2small_v1/visualizations/img_373.jpg,100760,e1df48e9a33f5bb1948a91d0f022e030edc5ca1157ce406cf7cf1d85bd8dba4b
reports/prd_3_1_v1/core_regression_v3_a2b_p2small_v1/visualizations/img_374.jpg,84479,5db5c4c44290c382253fd3b02b1f769c2c3413770e5e1c0420462418a3cbccc3
reports/prd_3_1_v1/core_regression_v3_a2b_p2small_v1/visualizations/img_375.jpg,126360,6db1df321a73d7c0ce8cefb12b080129c722001ebe33ced4d0e96379e7972f8a
reports/prd_3_1_v1/core_regression_v3_a2b_p2small_v1/visualizations/img_376.jpg,150377,4e120c368c693a8be011731694bc9d7ff63a484d0dc1759715cc26ecfbe34fc4
reports/prd_3_1_v1/core_regression_v3_a2b_p2small_v1/visualizations/img_377.jpg,125288,293d8aae3804221766fc78a8d2391e72e062116088fbd57fa833b6e6e88619b2
reports/prd_3_1_v1/core_regression_v3_a2b_p2small_v1/visualizations/img_378.jpg,107848,70fab518105436298f8ae86cf0f4ea6106914575879b0856f09d45ecc3cb06ad
reports/prd_3_1_v1/core_regression_v3_a2b_p2small_v1/visualizations/img_379.jpg,113593,677f35f36053c2af240efad804758728832a9b621ec80df78dcaee80485d959f
reports/prd_3_1_v1/core_regression_v3_a2b_p2small_v1/visualizations/img_380.jpg,165052,4e3271507ee86b28e6a528639efe96cafe538b0ebdbb151d5c14a4e4c5e35c9f
reports/prd_3_1_v1/core_regression_v3_a2b_p2small_v1/visualizations/img_381.jpg,101454,fdf0d3a4b0fd76dd1d548228c437b43de2beb25a5cbb196a0132939255259421
reports/prd_3_1_v1/core_regression_v3_a2b_p2small_v1/visualizations/img_382.jpg,128655,5c1b01cb668df32a817a1ab1e11d571560c75a1ff2236d147103f1b4be336ea9
reports/prd_3_1_v1/core_regression_v3_a2b_p2small_v1/visualizations/img_383.jpg,183134,5969611c209166aa56c258a022b882d96223157c2cb863a996cef6a0d6291db7
reports/prd_3_1_v1/core_regression_v3_a2b_p2small_v1/visualizations/img_384.jpg,84267,e74b15312f5d597ae0e31a406a9db57b7c8f9ffefd008651772b9e07f6919be7
reports/prd_3_1_v1/core_regression_v3_a2b_p2small_v1/visualizations/img_385.jpg,91656,65cab8ec044230e973d3afbfcde0d1bd426b52425b06ce01af6feacdeebb5ccd
reports/prd_3_1_v1/core_regression_v3_a2b_p2small_v1/visualizations/img_386.jpg,104990,75647ff6f133d4c305c1977155ca68f5337ce9214ed5626064df1a65073022e4
reports/prd_3_1_v1/core_regression_v3_a2b_p2small_v1/visualizations/img_387.jpg,130833,29ceccd116d87e6a428608a0b1189814e10277c6bebcb6feab791093d6548f26
reports/prd_3_1_v1/core_regression_v3_a2b_p2small_v1/visualizations/img_388.jpg,130881,9afb83de7725c5ddf359f6b7b714fc01e941cb345a3a97d0231661af8c221100
reports/prd_3_1_v1/core_regression_v3_a2b_p2small_v1/visualizations/img_389.jpg,63122,e9d54e5b52def024218a75b22fb48c0a559d60535864c91690e7feb5192f8a02
reports/prd_3_1_v1/core_regression_v3_a2b_p2small_v1/visualizations/img_390.jpg,111805,75eb2f643e52a7dd88a0607be423c181bfc4e49e21b0ae259f37fd7b3171daf8
reports/prd_3_1_v1/core_regression_v3_a2b_p2small_v1/visualizations/img_391.jpg,117033,a83cd0fd52f4448c7001ba56d9bee86907c0a5d4a4f0e9a244f3fa135500199c
reports/prd_3_1_v1/core_regression_v3_a2b_p2small_v1/visualizations/img_392.jpg,221576,d180ba5ca9d444d710b9e1b7f285590a5e4be97de6e7b07cf006f41a41dc2fb4
reports/prd_3_1_v1/core_regression_v3_a2b_p2small_v1/visualizations/img_393.jpg,101645,654465861445b3d5f095cd9adb5e24f3c97912c119c6a70573fcdef741d81c83
reports/prd_3_1_v1/core_regression_v3_a2b_p2small_v1/visualizations/img_394.jpg,80258,15199058bc28d0b3e4cfa316c7023ab2547efd2496afb6f4be8c7c2c38c147bd
reports/prd_3_1_v1/core_regression_v3_a2b_p2small_v1/visualizations/img_395.jpg,69149,61627e43b7c2228596af402e53f7158ec9763ebf38f4fccbce74cc7621950a1e
reports/prd_3_1_v1/core_regression_v3_a2b_p2small_v1/visualizations/img_396.jpg,131373,26088859fd2d8e1cfbad691b04cd5a78cbb425b89291424b762efeeaacce9589
reports/prd_3_1_v1/core_regression_v3_a2b_p2small_v1/visualizations/img_397.jpg,70433,34888c4e1e4e6ae03983634e64a0eebeb24c34250c8422ae82fbda3b3544ac60
reports/prd_3_1_v1/core_regression_v3_a2b_p2small_v1/visualizations/img_398.jpg,125783,ad53e73bf5dab3113024076ff5620fa2c9407e7be067d9d308880b7a06229878
reports/prd_3_1_v1/core_regression_v3_a2b_p2small_v1/visualizations/img_399.jpg,125581,f3ccb1cb49152fb9718bb911d14c2dd3df2650b8566a25895b2db0c5bb0a014e
reports/prd_3_1_v1/core_regression_v3_a3_smallsampling_v1/error_cases.csv,103910,f7c31a53ab3ac56bfa3493b8cfed63930903a33987e9eb568daf02ef696d2d5b
reports/prd_3_1_v1/core_regression_v3_a3_smallsampling_v1/evaluation_summary.txt,1598,8de8cd1ae024d8d3fc2f5103c439885076792e77801b5a6ba59ad77054f79702
reports/prd_3_1_v1/core_regression_v3_a3_smallsampling_v1/per_class_metrics.csv,1295,3d2a29ce74d2b9120dff383549af4b2622b773755e34d58e64cd358d8b8cc5fd
reports/prd_3_1_v1/core_regression_v3_a3_smallsampling_v1/per_gt_results.csv,124680,d5574c3f3fa5be69a3e76abc9a65bc739a6f9d282477fbfae4cfa8202b97d72f
reports/prd_3_1_v1/core_regression_v3_a3_smallsampling_v1/per_image_timing.csv,40767,0376bce8a5c0a7048d1ba94c60d3fcca31d91a28c510bd0e646c1b3116a66947
reports/prd_3_1_v1/core_regression_v3_a3_smallsampling_v1/per_source_metrics.csv,682,ef783569d1ec9a7306d60f137669462dfdcd48143348f8b09840537adf02423b
reports/prd_3_1_v1/core_regression_v3_a3_smallsampling_v1/visualizations/img_000.jpg,63978,4cb0f3ac916d891c89de8f952a1565583797187aeff7d7d7c06059997f25b64e
reports/prd_3_1_v1/core_regression_v3_a3_smallsampling_v1/visualizations/img_001.jpg,209638,a2d3fea41b78ab3ce83f765e9275a04444c044e8360d4991b8825e02da4eb963
reports/prd_3_1_v1/core_regression_v3_a3_smallsampling_v1/visualizations/img_002.jpg,200410,af76dcae6f8841e0a0f8f0017df448be779aca51cc0e4091af12283c64d11d28
reports/prd_3_1_v1/core_regression_v3_a3_smallsampling_v1/visualizations/img_003.jpg,49742,532cd3ca186df93b0a12cba61b0a0c60b2c9fc1d3b361d4acd2946a5998808f5
reports/prd_3_1_v1/core_regression_v3_a3_smallsampling_v1/visualizations/img_004.jpg,65710,1c6233076be2df4f570db7515ca8366b76f0d001c2b7d9dbd19e25afcb79ad7e
reports/prd_3_1_v1/core_regression_v3_a3_smallsampling_v1/visualizations/img_005.jpg,47905,35919423a98fed207a20180e9c4a165d45ccc9a5d612cd5ab3092969272ddc77
reports/prd_3_1_v1/core_regression_v3_a3_smallsampling_v1/visualizations/img_006.jpg,65825,263ea75ff05622ddea5aacb248168ef437611973f67cebbcf2f44c3a20eea8e7
reports/prd_3_1_v1/core_regression_v3_a3_smallsampling_v1/visualizations/img_007.jpg,145171,bfd21e9870190f54ba0c0c450630861766f90c0712fb121a22b7a953ba4d8c5c
reports/prd_3_1_v1/core_regression_v3_a3_smallsampling_v1/visualizations/img_008.jpg,65638,102ce548e66b2b5a149c2aeb77c5712bd1b92094ae4bda6073dffe4db4ba921c
reports/prd_3_1_v1/core_regression_v3_a3_smallsampling_v1/visualizations/img_009.jpg,79011,43e0cd763071f188070ac3c8def5f9e21395f7f20b68cd84d1d8ee83a006415a
reports/prd_3_1_v1/core_regression_v3_a3_smallsampling_v1/visualizations/img_010.jpg,115348,c88cdf6b25c325dcefb9eb2f182cd277f3e5498ceb8894721098744eb241eab2
reports/prd_3_1_v1/core_regression_v3_a3_smallsampling_v1/visualizations/img_011.jpg,167596,5409adf03f922a4d2cb68e6e1e9de47eba91d3596cf835bae609c8f91148cf4d
reports/prd_3_1_v1/core_regression_v3_a3_smallsampling_v1/visualizations/img_012.jpg,74799,254bd74d18ba876b65c2f8b89b82f3b8ac7e9ec3dc06ee09715f5b72be8769c9
reports/prd_3_1_v1/core_regression_v3_a3_smallsampling_v1/visualizations/img_013.jpg,60531,d44babab813f728b04280ac7a80f5db0fcea00bc552b775723500797a07ffb32
reports/prd_3_1_v1/core_regression_v3_a3_smallsampling_v1/visualizations/img_014.jpg,63390,a54b4938ea72e5eeafc54752bad4e977ceb47e3a25e6c7e55c99b4fc312bb08d
reports/prd_3_1_v1/core_regression_v3_a3_smallsampling_v1/visualizations/img_015.jpg,249103,2adf5c017f88881311d3d4a3affa48d22b83b6142680f68234624d04299facf1
reports/prd_3_1_v1/core_regression_v3_a3_smallsampling_v1/visualizations/img_016.jpg,60418,923a4e3fe6323a81c77ad825e99053aeb2c784662b250181c8759c9f4b041768
reports/prd_3_1_v1/core_regression_v3_a3_smallsampling_v1/visualizations/img_017.jpg,122082,f812c53b199b2452ca6f2881b11bc26a7c80931db92fecd9459a3abf87f59760
reports/prd_3_1_v1/core_regression_v3_a3_smallsampling_v1/visualizations/img_018.jpg,115840,c8993265dbc12ab3731edef320ff33005665a3401636095d7e9e1242f93e0fcd
reports/prd_3_1_v1/core_regression_v3_a3_smallsampling_v1/visualizations/img_019.jpg,118253,4f6dde27213df02f0b2480fad6e0f53b4f78a0d127c778f8e371dff64381b18d
reports/prd_3_1_v1/core_regression_v3_a3_smallsampling_v1/visualizations/img_020.jpg,54251,091cca88551019fb7a29e37323c400bf08531ae3aaf8c1eb0fdd150b16f3ef52
reports/prd_3_1_v1/core_regression_v3_a3_smallsampling_v1/visualizations/img_021.jpg,69253,1b59b9cf8eb1f0e6d981b82894146a085f6e661f6fb68a73789954a7d29acc80
reports/prd_3_1_v1/core_regression_v3_a3_smallsampling_v1/visualizations/img_022.jpg,131770,1d35af03e61ebd703d154fa9c88aef267cad7ff902eda98a09818f69f0352439
reports/prd_3_1_v1/core_regression_v3_a3_smallsampling_v1/visualizations/img_023.jpg,115367,c2d59e398071e359ce0cade99129c496d98e3eaf0de016284eb42e3af1dc644c
reports/prd_3_1_v1/core_regression_v3_a3_smallsampling_v1/visualizations/img_024.jpg,86832,da13155025b06de491aaeffdfc3345cd9a78423ca933598cce535ed3b479179b
reports/prd_3_1_v1/core_regression_v3_a3_smallsampling_v1/visualizations/img_025.jpg,60475,11183dc39f948828a4434796629bb4999e13c19b20d8014e56b72222e281d1de
reports/prd_3_1_v1/core_regression_v3_a3_smallsampling_v1/visualizations/img_026.jpg,98069,a7b962ca486fefbaa55946a21638281dcd9c4aff16fab6ada15eb4873d46548a
reports/prd_3_1_v1/core_regression_v3_a3_smallsampling_v1/visualizations/img_027.jpg,82347,bcbf233506fa60cb649c44a73564fda9732cff6f042cb6bd0b22d99a005ef9a0
reports/prd_3_1_v1/core_regression_v3_a3_smallsampling_v1/visualizations/img_028.jpg,67088,d6c7dfe11d2fe8de9678b809ae4d1e4949f189f105c9ec8afde61ee1cc4292a0
reports/prd_3_1_v1/core_regression_v3_a3_smallsampling_v1/visualizations/img_029.jpg,46682,1a0e03fc443c3ec24d070beb55fedd19c5357c10dcbb38d7b61064317d7be912
reports/prd_3_1_v1/core_regression_v3_a3_smallsampling_v1/visualizations/img_030.jpg,109982,a102a8e835a2a0c6d6468cb7573a2d920a9ddfbb1b94d28138ea5a433b0d5734
reports/prd_3_1_v1/core_regression_v3_a3_smallsampling_v1/visualizations/img_031.jpg,121282,bff2fdc60985697bc4491f096274b83810ab0bf239a1e433925543b46cb05475
reports/prd_3_1_v1/core_regression_v3_a3_smallsampling_v1/visualizations/img_032.jpg,182259,e9f9b3bd3037bbf8da5603fa75bf6992cd7ee5b2608715898feeb207b9903e45
reports/prd_3_1_v1/core_regression_v3_a3_smallsampling_v1/visualizations/img_033.jpg,75532,401c3f38e77b7a449979fcb266870b8c2c336938d5f85419e4df57a78d205796
reports/prd_3_1_v1/core_regression_v3_a3_smallsampling_v1/visualizations/img_034.jpg,122825,dbae764bfd3744d794654d9dc6e58520494d5e8efc56fb4a94b4dc864ab6fe16
reports/prd_3_1_v1/core_regression_v3_a3_smallsampling_v1/visualizations/img_035.jpg,145024,5cf34a6f908ab6418c1e380ad801103494844ee7aa275b0592502b608ff5d3a3
reports/prd_3_1_v1/core_regression_v3_a3_smallsampling_v1/visualizations/img_036.jpg,104229,b24082b9931617db9a879ffbaf2527a59e35ef6e630ec88fadb2e0c650b21d00
reports/prd_3_1_v1/core_regression_v3_a3_smallsampling_v1/visualizations/img_037.jpg,81081,845b7c557544bffab15ebfecf23df662125b1fed594bc213583d83298177e3c1
reports/prd_3_1_v1/core_regression_v3_a3_smallsampling_v1/visualizations/img_038.jpg,29162,bf93229de9774a3f26d97790d48fff978e44697b6cd1c01b8421a043590adf30
reports/prd_3_1_v1/core_regression_v3_a3_smallsampling_v1/visualizations/img_039.jpg,112060,ed08c7f0acf278f8d28628f520b125471fb2fc189f087f09d023d893339e1b0e
reports/prd_3_1_v1/core_regression_v3_a3_smallsampling_v1/visualizations/img_040.jpg,63602,cefdd17e924232a8b303c7d5bf19dfa51c18b1372f42cee2d80a55fec04b2906
reports/prd_3_1_v1/core_regression_v3_a3_smallsampling_v1/visualizations/img_041.jpg,79019,8f3a70b231b0ac641f73f2afe26d78c85a4a5e0590cae26e094b30d5863ce950
reports/prd_3_1_v1/core_regression_v3_a3_smallsampling_v1/visualizations/img_042.jpg,97635,2d350e37bcefc540fc1bb5593617973b318104192b17ed53313da7f35a8118e0
reports/prd_3_1_v1/core_regression_v3_a3_smallsampling_v1/visualizations/img_043.jpg,49146,9e4573d990f5eb80b1028855ed73ec2575d2f06c869cb2be0c6064403161e648
reports/prd_3_1_v1/core_regression_v3_a3_smallsampling_v1/visualizations/img_044.jpg,117483,298fd1c017a3ff980945b21cc80b9e91e059f517d1c8898ec2f0b5c15b978316
reports/prd_3_1_v1/core_regression_v3_a3_smallsampling_v1/visualizations/img_045.jpg,85256,0edac9b7c35b74fb01f227ce826ed09890655bb94743693ec320259835ee63aa
reports/prd_3_1_v1/core_regression_v3_a3_smallsampling_v1/visualizations/img_046.jpg,65921,6f3164d12da6ef7d2c322a04e162611020a81a788efb89773d0b529c5fdc5881
reports/prd_3_1_v1/core_regression_v3_a3_smallsampling_v1/visualizations/img_047.jpg,89679,a5d2d06d7a2a0b9757ab4068039d790b96f97a02016f006b07c4cc693a0a9dd7
reports/prd_3_1_v1/core_regression_v3_a3_smallsampling_v1/visualizations/img_048.jpg,95969,6eed01e423ee9197a41d7cc61ef44c6991f68391fc85b723f1fcdb2ede764906
reports/prd_3_1_v1/core_regression_v3_a3_smallsampling_v1/visualizations/img_049.jpg,93805,11aadc48bedf5a4d385f1cf19451fdb0593955e9dd8b7a20ace2895b943f7279
reports/prd_3_1_v1/core_regression_v3_a3_smallsampling_v1/visualizations/img_050.jpg,30256,70cbea15d87eba6c23280d5f19a8437a3d67b06431e9a8e225abdae20660ca7e
reports/prd_3_1_v1/core_regression_v3_a3_smallsampling_v1/visualizations/img_051.jpg,136502,f40f1224ca85a0e59cf33f83cfedb0ac29176fd1b71d7d96c38736f183f0eeb1
reports/prd_3_1_v1/core_regression_v3_a3_smallsampling_v1/visualizations/img_052.jpg,100413,8c4396dcfbadc6b7b7548048400766aa653f8cc2f9ca632bf532e4593d586412
reports/prd_3_1_v1/core_regression_v3_a3_smallsampling_v1/visualizations/img_053.jpg,39943,d7d7482fe8cc99c8073458d7082629b38b60478849dc67d5e59d43748de41d95
reports/prd_3_1_v1/core_regression_v3_a3_smallsampling_v1/visualizations/img_054.jpg,98970,aeb5d8f5dc18bdad4c3cefc847dd011b5c8f324f574891a8e3ce625cbf069f0b
reports/prd_3_1_v1/core_regression_v3_a3_smallsampling_v1/visualizations/img_055.jpg,63270,758a51e03671bb3f264ea34b953ef86064e71b1317b7ababb8bbf098026cbac0
reports/prd_3_1_v1/core_regression_v3_a3_smallsampling_v1/visualizations/img_056.jpg,67306,e005bb389f8915aec727e3eef2099af9f8190d84da23fbf0fae7281a4615cca7
reports/prd_3_1_v1/core_regression_v3_a3_smallsampling_v1/visualizations/img_057.jpg,85727,8affeb46af4176de1c2b73c0c17424de7a170cf509808d1a4999a6f817052517
reports/prd_3_1_v1/core_regression_v3_a3_smallsampling_v1/visualizations/img_058.jpg,92432,e667aaee5ab7d131be218c2cf82e500a72fde78e60cc81e226b2c7f29a89b386
reports/prd_3_1_v1/core_regression_v3_a3_smallsampling_v1/visualizations/img_059.jpg,75018,04df0be3ba01c6187cbec83c760bb276ab0e1ab3ddcf4e910bd277c0fd21913d
reports/prd_3_1_v1/core_regression_v3_a3_smallsampling_v1/visualizations/img_060.jpg,121956,5d769040fcfb5b8fb034d52313e326cfd641006a94a4f894f075382274895091
reports/prd_3_1_v1/core_regression_v3_a3_smallsampling_v1/visualizations/img_061.jpg,95729,9194bd54c32b18d31516fb9e168df1def3152229867fb59e545d7eb9ba3bab7c
reports/prd_3_1_v1/core_regression_v3_a3_smallsampling_v1/visualizations/img_062.jpg,94230,19e578ce3e29945effebaac7014b2beab92864be57e2406bec8a1de20b88936f
reports/prd_3_1_v1/core_regression_v3_a3_smallsampling_v1/visualizations/img_063.jpg,37930,298798d4e1ecb178abf75fce0fbfd4448b19b44a5aa4a941327d29a8dcd38f1f
reports/prd_3_1_v1/core_regression_v3_a3_smallsampling_v1/visualizations/img_064.jpg,57188,e06d554a3be913a9c1a2b83ee7be1b401258f7baa29c7bc3a8fb6b45dfac54e4
reports/prd_3_1_v1/core_regression_v3_a3_smallsampling_v1/visualizations/img_065.jpg,78810,d6477077e58addbd7bd04d171593f30699c1839cb21862a4297339699d7eb607
reports/prd_3_1_v1/core_regression_v3_a3_smallsampling_v1/visualizations/img_066.jpg,182373,2e210b51a4b849f7b91934b92d7ab5f5900b9b1f1e49b2bb610ada4009434563
reports/prd_3_1_v1/core_regression_v3_a3_smallsampling_v1/visualizations/img_067.jpg,76737,d8fa4cfa7350395e919d88312e569237e1304e37fb44aa71947bf6b6144d7b49
reports/prd_3_1_v1/core_regression_v3_a3_smallsampling_v1/visualizations/img_068.jpg,41078,3b3eb790bc7739aed9b18b500a9b735e4bf55a731591b9b8ec1c07b189c548e6
reports/prd_3_1_v1/core_regression_v3_a3_smallsampling_v1/visualizations/img_069.jpg,56215,53f5bab8f6231686f41c57720d7275d510400d6bcc89d03e708c6a80ce717f3e
reports/prd_3_1_v1/core_regression_v3_a3_smallsampling_v1/visualizations/img_070.jpg,87242,a2cec5c72cf920c2fe39de757b2c7934fc6d51f1cd5b5630dc596bc3ed6c9638
reports/prd_3_1_v1/core_regression_v3_a3_smallsampling_v1/visualizations/img_071.jpg,65086,63ec8d7eb78b561c947bec3a1c668e45ec393bcc9fcc4aa58104b5c0bc0fe383
reports/prd_3_1_v1/core_regression_v3_a3_smallsampling_v1/visualizations/img_072.jpg,64066,7ee99aec78b2cdec2bef9a9e94d53d3928e5dbbd548f9ba9c36b68156fc9859c
reports/prd_3_1_v1/core_regression_v3_a3_smallsampling_v1/visualizations/img_073.jpg,244719,4246a884bf9e1000898f1e2db36829243873d5722467a6f72f82f0203588696f
reports/prd_3_1_v1/core_regression_v3_a3_smallsampling_v1/visualizations/img_074.jpg,57201,eff2fb23bda322bf84f01bb5eb24268086c46eec68da9fea7de94dc73fe2dd03
reports/prd_3_1_v1/core_regression_v3_a3_smallsampling_v1/visualizations/img_075.jpg,51103,34c75c4f3df0ea597aff2d743ad2fbd369405a96abc2c38021b174ac252d4a0a
reports/prd_3_1_v1/core_regression_v3_a3_smallsampling_v1/visualizations/img_076.jpg,100240,0991c2b2a9e06ae7812c4684579664dbee21fe27f3793b40f985c05a678566a4
reports/prd_3_1_v1/core_regression_v3_a3_smallsampling_v1/visualizations/img_077.jpg,36073,3adf601f7134151c883eaa447077e5dfd9fecc46cf9dc6c318257df95edc6e92
reports/prd_3_1_v1/core_regression_v3_a3_smallsampling_v1/visualizations/img_078.jpg,108475,3fdc4c29864bc6fa569360441dcf54d6deb2bd4351ba74775b2bcb27c3a5b399
reports/prd_3_1_v1/core_regression_v3_a3_smallsampling_v1/visualizations/img_079.jpg,36143,b7f256efac878ca221a92d1c971adbbed8b28998c183e39fde24883e8f87fac5
reports/prd_3_1_v1/core_regression_v3_a3_smallsampling_v1/visualizations/img_080.jpg,94468,38f332908ed90d107ecd5ba1e7bca987a42ceb23472bf60fa633c7a6ef3c4c7f
reports/prd_3_1_v1/core_regression_v3_a3_smallsampling_v1/visualizations/img_081.jpg,111524,0911019efe3d5c2a4a40e16135dffe05f7bcf31c42b6251f93865cc9983f2045
reports/prd_3_1_v1/core_regression_v3_a3_smallsampling_v1/visualizations/img_082.jpg,313925,b8808d6b74286cb31b08e4fe7966dab42dea927bed4530c5266eb47a5795c9d6
reports/prd_3_1_v1/core_regression_v3_a3_smallsampling_v1/visualizations/img_083.jpg,101764,4b0736ba4c8e5b9478e548823973357ca8047e2dc196672dcf2f760bb19a3131
reports/prd_3_1_v1/core_regression_v3_a3_smallsampling_v1/visualizations/img_084.jpg,93023,88997beaf575fb478d32b84d11a7d7a64224a07582b0f69444df9989e7397489
reports/prd_3_1_v1/core_regression_v3_a3_smallsampling_v1/visualizations/img_085.jpg,64724,0f3d9d27ba886845050f9ca6a13ad93d6ca08f2d32bca89fba13c743a8f26f6d
reports/prd_3_1_v1/core_regression_v3_a3_smallsampling_v1/visualizations/img_086.jpg,64447,73b1fc49cca03e0486868fb6f28dc1ab1257fc7cd4d841d9138813ad2127a5e3
reports/prd_3_1_v1/core_regression_v3_a3_smallsampling_v1/visualizations/img_087.jpg,52946,7064d66aa2c61546faf8cb2ad2740201d5a7cd1f4cac7c7bca1530a1376b1f3b
reports/prd_3_1_v1/core_regression_v3_a3_smallsampling_v1/visualizations/img_088.jpg,34129,dce7205dfb70c85b9b2c31e6c4c4b3b53e67b21429251fb3b993bd22febf7158
reports/prd_3_1_v1/core_regression_v3_a3_smallsampling_v1/visualizations/img_089.jpg,125753,8e9741cc379dac267d1150e5703eaf0bed41d62c092abc94b7617c291fe01b81
reports/prd_3_1_v1/core_regression_v3_a3_smallsampling_v1/visualizations/img_090.jpg,100105,320bb0bbb4923cd9ee6f65320fb3f07852e0b573b1619093b591a8cb03bf03f4
reports/prd_3_1_v1/core_regression_v3_a3_smallsampling_v1/visualizations/img_091.jpg,47497,726e9a982c5b4e77e2b0c238b7cd6d1bf8d3e6f3faf2af635e1d5ce972ad30af
reports/prd_3_1_v1/core_regression_v3_a3_smallsampling_v1/visualizations/img_092.jpg,56631,e5b9a272392118ce939968e05905b7c6078546ead1a4cc21acae2922c09fe7fb
reports/prd_3_1_v1/core_regression_v3_a3_smallsampling_v1/visualizations/img_093.jpg,53499,2e9268e650550e1d63a06c4294ce113a429209e2421e7c0e9aaa58a30996f019
reports/prd_3_1_v1/core_regression_v3_a3_smallsampling_v1/visualizations/img_094.jpg,74106,f20dcd9bd341dbb5689da910a699c3448f5452868637d6c9631a28adb4fe37d4
reports/prd_3_1_v1/core_regression_v3_a3_smallsampling_v1/visualizations/img_095.jpg,202497,65970fd72cd068a71e56746d92ecb718f38bff0af04a37aa1adb83e17d6ba37c
reports/prd_3_1_v1/core_regression_v3_a3_smallsampling_v1/visualizations/img_096.jpg,71121,db5e8f094d189b61be744cba5f36cd16de1d59bfee0f10887896b4614ffe923d
reports/prd_3_1_v1/core_regression_v3_a3_smallsampling_v1/visualizations/img_097.jpg,111894,a8fb7127032427461e56c59ba43e2b11a2871813dd31c98173f6b92c1e9c3237
reports/prd_3_1_v1/core_regression_v3_a3_smallsampling_v1/visualizations/img_098.jpg,108602,93f419f3a5856c7e3a3f4c79baad84d54ff5c64efcfb91f79f07390722eebe0c
reports/prd_3_1_v1/core_regression_v3_a3_smallsampling_v1/visualizations/img_099.jpg,42814,c1b849c479621114cc223a1388bf896e1d3f3f3de42253e8c61336aa72aeadf8
reports/prd_3_1_v1/core_regression_v3_a3_smallsampling_v1/visualizations/img_100.jpg,74025,614cb4b186e929a4ed5914b7674c2a869843e6235dfabee4bc81bd46f77d6098
reports/prd_3_1_v1/core_regression_v3_a3_smallsampling_v1/visualizations/img_101.jpg,117858,678cf8d46bf7ad506c17ddbefe9595870b3e91a99abc593aaf54bc5ba91d5c82
reports/prd_3_1_v1/core_regression_v3_a3_smallsampling_v1/visualizations/img_102.jpg,128025,e1803fc3a5f3779d35fa224f0a0ed6b090c9ee94a883a708b3ca17596067a2f8
reports/prd_3_1_v1/core_regression_v3_a3_smallsampling_v1/visualizations/img_103.jpg,68018,0e66874963a12cd4cf7e6771587fe1cb364db02cf68b270aa46f976075bcf2b8
reports/prd_3_1_v1/core_regression_v3_a3_smallsampling_v1/visualizations/img_104.jpg,68839,40598d3597c7338a018ef458bd3b9b6c751043bcce814ccf930dafc1760c30b9
reports/prd_3_1_v1/core_regression_v3_a3_smallsampling_v1/visualizations/img_105.jpg,129672,e2d7920261bc39f37f3c866a9c63c394907153ac936e0247eb2915d32858237c
reports/prd_3_1_v1/core_regression_v3_a3_smallsampling_v1/visualizations/img_106.jpg,152508,afe4df3347f70b6d22cbe3e944fe89b2f781d2dc6baa1fc97d52beb1706b864a
reports/prd_3_1_v1/core_regression_v3_a3_smallsampling_v1/visualizations/img_107.jpg,37141,eec727b3f5c8fa1ec78f9012f242239ceab1388c7cf1f1e70c954b265ede48d9
reports/prd_3_1_v1/core_regression_v3_a3_smallsampling_v1/visualizations/img_108.jpg,135862,327f76c7e82e8693cae49b8bb7670765ad6e7cb4562a12780e6c3665d6e29ba1
reports/prd_3_1_v1/core_regression_v3_a3_smallsampling_v1/visualizations/img_109.jpg,191868,39fb782903e2b560b15ef9144ee4d7b1fabfc5de2909acf6a895837f3dac8180
reports/prd_3_1_v1/core_regression_v3_a3_smallsampling_v1/visualizations/img_110.jpg,157698,fb8cbdfcc4737a4ce0c8ffe593863bd5993aecafc6cea6d9c97a1e7b0bf42203
reports/prd_3_1_v1/core_regression_v3_a3_smallsampling_v1/visualizations/img_111.jpg,116404,c9a630baac4335bee55d1750bc75195ccc56097b305badd84ff7c3c53536874b
reports/prd_3_1_v1/core_regression_v3_a3_smallsampling_v1/visualizations/img_112.jpg,49717,aefb0332731bbfd42fad59ad7a90d1dca13e2e0e9a4dbdd3b91f8dcde2bddd1b
reports/prd_3_1_v1/core_regression_v3_a3_smallsampling_v1/visualizations/img_113.jpg,171015,fec68b69aca465757f4607b09b270e21d5e3c1a3a7c571ffb5229e3947cdcf72
reports/prd_3_1_v1/core_regression_v3_a3_smallsampling_v1/visualizations/img_114.jpg,107922,2d8dd2de75f7f527949a553dc9e3a8d14552a7f455b6a3d85d9cab47a5a3ede6
reports/prd_3_1_v1/core_regression_v3_a3_smallsampling_v1/visualizations/img_115.jpg,99822,589c75c2fe24fdfe8523ff83be35cc94c3c16b317d5b67401f619a2177ace71f
reports/prd_3_1_v1/core_regression_v3_a3_smallsampling_v1/visualizations/img_116.jpg,45201,a02d620846e714a731b60c5181341d5ef750dbb4aa022471709089c4c93a58b5
reports/prd_3_1_v1/core_regression_v3_a3_smallsampling_v1/visualizations/img_117.jpg,98892,5f7cd14e82e843bda2aee2d5cc0a7b21dc0f8d21fc3bc08da65080c724ea0f74
reports/prd_3_1_v1/core_regression_v3_a3_smallsampling_v1/visualizations/img_118.jpg,67746,0febf6f35452338bb7bedcebdf23762b08379cab209da601649c446a8d24a06c
reports/prd_3_1_v1/core_regression_v3_a3_smallsampling_v1/visualizations/img_119.jpg,73726,39cfe226e6cabc74ec2d492923125f702384869f9d89838480bfff25e7d6bcd8
reports/prd_3_1_v1/core_regression_v3_a3_smallsampling_v1/visualizations/img_120.jpg,84134,494803ad6b2f9dd842cfb1855a79a526ad5f8dc55a2f2f914fa550ef94f13899
reports/prd_3_1_v1/core_regression_v3_a3_smallsampling_v1/visualizations/img_121.jpg,47113,108fef1157e99399ce522e339deda31de8ac25528fdc504d559ce02408fda8c4
reports/prd_3_1_v1/core_regression_v3_a3_smallsampling_v1/visualizations/img_122.jpg,71778,a0e4c675b9460b5b5a93b84378af0753fb1179930dc85d5d86f30f206f655be3
reports/prd_3_1_v1/core_regression_v3_a3_smallsampling_v1/visualizations/img_123.jpg,117139,415c3aadc79e501c8d6388c7493f6d3602725b10dade70aba0b80cbad8f0e5e5
reports/prd_3_1_v1/core_regression_v3_a3_smallsampling_v1/visualizations/img_124.jpg,181213,a30e1b830a494cf8445bb8f4bd904ac32d332dd5e185c2183688c46d4ca963a6
reports/prd_3_1_v1/core_regression_v3_a3_smallsampling_v1/visualizations/img_125.jpg,110571,c0ac830ca5d6ec8a0fa3b04cee771573c36fafe32d768d67f1462ddd3efa9b86
reports/prd_3_1_v1/core_regression_v3_a3_smallsampling_v1/visualizations/img_126.jpg,96920,585c1cced7ed4848e6fabc901ad0a121fd0a8253959cd48825d5ed4080c863a5
reports/prd_3_1_v1/core_regression_v3_a3_smallsampling_v1/visualizations/img_127.jpg,68398,ad8929cacbe85a8d87b3ca49f81b17e831da8e7ae421c6865dcc592febaa14c5
reports/prd_3_1_v1/core_regression_v3_a3_smallsampling_v1/visualizations/img_128.jpg,37938,78f909a18094dc383982602d7a2c30655f6c4876bb7f45cfe42aa89fd28240d6
reports/prd_3_1_v1/core_regression_v3_a3_smallsampling_v1/visualizations/img_129.jpg,143707,a74b4313c505a982882251adbe621d258cfe619713bff7647f9a1776eebbdb2e
reports/prd_3_1_v1/core_regression_v3_a3_smallsampling_v1/visualizations/img_130.jpg,173092,56f23ae0bd2340804f9ec0fd13f5d8f3fc4e8179f5725a0ecfecf84d37be5c7f
reports/prd_3_1_v1/core_regression_v3_a3_smallsampling_v1/visualizations/img_131.jpg,106995,01f1e7e638b89faddf85116d124a51c06e437cc9147713902f56acbf6f543d68
reports/prd_3_1_v1/core_regression_v3_a3_smallsampling_v1/visualizations/img_132.jpg,63446,8903ef4c96ab4cacfd92cdf0ce3d7391ded2850259a983ceb30eca186450759e
reports/prd_3_1_v1/core_regression_v3_a3_smallsampling_v1/visualizations/img_133.jpg,134025,02fa2cc2fe70ef88b5a1bbabbbd2a525bfbe6d3eb02a24bda290a9a12bccac4e
reports/prd_3_1_v1/core_regression_v3_a3_smallsampling_v1/visualizations/img_134.jpg,155107,25232579210c6842c96e0c607cd82558191852475ce77e276c96239b7d44fe2c
reports/prd_3_1_v1/core_regression_v3_a3_smallsampling_v1/visualizations/img_135.jpg,146968,bfb3a8f41e804991f104027e02fb2ac146594a9d730517c1a212436e5814e06a
reports/prd_3_1_v1/core_regression_v3_a3_smallsampling_v1/visualizations/img_136.jpg,90729,4f031af851ac6da1fecc2b3ad9f13375f5ca2ab1e62b99f563940fcb7faf9b5c
reports/prd_3_1_v1/core_regression_v3_a3_smallsampling_v1/visualizations/img_137.jpg,70064,ea23dcdad9052fe79065b9f60bfd0aa5593e9781fede9de359e38bea8d520ba1
reports/prd_3_1_v1/core_regression_v3_a3_smallsampling_v1/visualizations/img_138.jpg,171325,6d68ec73f08da4093f897fb9a324e9a9b3717ccbdde45f8daab842cf02b1f7d3
reports/prd_3_1_v1/core_regression_v3_a3_smallsampling_v1/visualizations/img_139.jpg,46287,5feb481b7c396408baef62268a237f64449244ede25efda535e673e999c57e04
reports/prd_3_1_v1/core_regression_v3_a3_smallsampling_v1/visualizations/img_140.jpg,270281,1c80cbb6bcf543d530e09ad7191b6fd7a9e5a16e5458d3f8e1e00d8cdb94364b
reports/prd_3_1_v1/core_regression_v3_a3_smallsampling_v1/visualizations/img_141.jpg,86510,eff4bfc3016fa6190890ef94928249b59fa1187018d54a9dcf6c4aa02c909d9d
reports/prd_3_1_v1/core_regression_v3_a3_smallsampling_v1/visualizations/img_142.jpg,84405,885c5d662f3bbc81837fe714f2cb2575aee0c317241ef7c46dd41c59386dfbf0
reports/prd_3_1_v1/core_regression_v3_a3_smallsampling_v1/visualizations/img_143.jpg,73103,bca08c2d651ccd9356d6ce2c16912b22569e8360d65f2a451903d09e35b5c662
reports/prd_3_1_v1/core_regression_v3_a3_smallsampling_v1/visualizations/img_144.jpg,105010,d63785123ddd9fbf98cc41ecc0f9a4b935f1934b0c5fbd98f9d4fcae211d061d
reports/prd_3_1_v1/core_regression_v3_a3_smallsampling_v1/visualizations/img_145.jpg,102963,47d216bfaa2b24384e52afdf87aa73babcef2efa5020f212e17bc719df71e890
reports/prd_3_1_v1/core_regression_v3_a3_smallsampling_v1/visualizations/img_146.jpg,68974,05ed1ab36cceaa38fb5bf5c5ab59399b95df4558b676f64fc89b64ef7c0529ab
reports/prd_3_1_v1/core_regression_v3_a3_smallsampling_v1/visualizations/img_147.jpg,45694,1cfc7226c9bdb2334e4b8d69ac6d307db3c75a703896dc104acb8f438263a486
reports/prd_3_1_v1/core_regression_v3_a3_smallsampling_v1/visualizations/img_148.jpg,106970,b75ea77006e0dab9b79108f1b113f89957b721bce03b7af454def3770184add9
reports/prd_3_1_v1/core_regression_v3_a3_smallsampling_v1/visualizations/img_149.jpg,84455,c3dcfe84b9b1a8d149df625af31f0f5f1bd74c8f844a6985ac0ca654f04feb0b
reports/prd_3_1_v1/core_regression_v3_a3_smallsampling_v1/visualizations/img_150.jpg,81931,9a816a3fa336e5c296294f1b0fa4cfd6bb2f02c68894445199d3f4da7f4ceb6c
reports/prd_3_1_v1/core_regression_v3_a3_smallsampling_v1/visualizations/img_151.jpg,86045,aef86b87fc56c10fdc2b7e0c45c86163e4a5fcfb3bebc9432b970f44f59daebf
reports/prd_3_1_v1/core_regression_v3_a3_smallsampling_v1/visualizations/img_152.jpg,234914,e1db96fc16355d14c16f6f534a59c07fd3802e7f9078492b15e7c2367faef2c7
reports/prd_3_1_v1/core_regression_v3_a3_smallsampling_v1/visualizations/img_153.jpg,66659,5e0ee75435aad9f6697661529a40c05496fa6f5b27f182b0f1dd5543fe357c1e
reports/prd_3_1_v1/core_regression_v3_a3_smallsampling_v1/visualizations/img_154.jpg,78265,0c57af46143e35b723336a63c8977a17a3351c8187d08d0125fc4e0a509c547d
reports/prd_3_1_v1/core_regression_v3_a3_smallsampling_v1/visualizations/img_155.jpg,54169,5ae513e4fa024ae86fe185eb04720020dd1d5d37d7a598f723dd29f07a8c2554
reports/prd_3_1_v1/core_regression_v3_a3_smallsampling_v1/visualizations/img_156.jpg,60695,2313f5ac382d0fdda359e8db190d8954932ffd559273b5be06ee47dc6b9f28df
reports/prd_3_1_v1/core_regression_v3_a3_smallsampling_v1/visualizations/img_157.jpg,147243,da0ab5b5f2449635a922002bab8d39816bdb397191b4a1635cc726fef2a4aa2d
reports/prd_3_1_v1/core_regression_v3_a3_smallsampling_v1/visualizations/img_158.jpg,49480,c3844ba96049a7ee619b455937f0eb29dab4bcddc766d0771e65be7b0c139840
reports/prd_3_1_v1/core_regression_v3_a3_smallsampling_v1/visualizations/img_159.jpg,74153,ffbcfdc7ddc04d5795ebfc92bbf605e7f4d53ac29f39f9e2d2619afbfbc14c5f
reports/prd_3_1_v1/core_regression_v3_a3_smallsampling_v1/visualizations/img_160.jpg,81907,f1577f09bf53bd698f2e2e259bd99cd22d4de60615cd94c5a07d5b91378e6355
reports/prd_3_1_v1/core_regression_v3_a3_smallsampling_v1/visualizations/img_161.jpg,86922,e8aaccd13879afdb8c138a923ae583adddb40fb1e864b8efb946fe14f0b35502
reports/prd_3_1_v1/core_regression_v3_a3_smallsampling_v1/visualizations/img_162.jpg,75050,097a5b860c30b33c9d3dcf6ec33ddd49b37fa9ba03f1843c472339e3390a30cb
reports/prd_3_1_v1/core_regression_v3_a3_smallsampling_v1/visualizations/img_163.jpg,126598,c5e120377571f3adf9ceba9dd1bc4674460fc81fa94e94ecfb4b4e31b0069fe2
reports/prd_3_1_v1/core_regression_v3_a3_smallsampling_v1/visualizations/img_164.jpg,137909,d00519d85ad6b3a424932a9204641ed299ce157aff2686bcfb9ed645efe124a1
reports/prd_3_1_v1/core_regression_v3_a3_smallsampling_v1/visualizations/img_165.jpg,79681,799f5e7f78c04f7581391377a6626072db914e60a9c1d991914fc0d7a43933c1
reports/prd_3_1_v1/core_regression_v3_a3_smallsampling_v1/visualizations/img_166.jpg,101800,cdd10d2e3b2774b43c52b2dc12963e90ece216bbb342fa1d5e6e37658c5ccfd4
reports/prd_3_1_v1/core_regression_v3_a3_smallsampling_v1/visualizations/img_167.jpg,52653,313ef3f9c95f10d1b155c9c837766680a201d56f8b900118bc6fdf91d339086b
reports/prd_3_1_v1/core_regression_v3_a3_smallsampling_v1/visualizations/img_168.jpg,72548,c7e8b69dc1c7fd2b3978dd0321315f7eba3af99dbda094e0bc49057ccf6c27d4
reports/prd_3_1_v1/core_regression_v3_a3_smallsampling_v1/visualizations/img_169.jpg,79069,786dbdeaf90f637f72ed730e05f876a3e9ce54e902966f46d73eeb29b5f87e25
reports/prd_3_1_v1/core_regression_v3_a3_smallsampling_v1/visualizations/img_170.jpg,69027,38c0bc20750a225b4bf53b489a69592c7c3f5449528d868b147b05c558535d33
reports/prd_3_1_v1/core_regression_v3_a3_smallsampling_v1/visualizations/img_171.jpg,65018,f5500c04eac3617834dbb6f30239ce694152e99799601238d00f909efce9d824
reports/prd_3_1_v1/core_regression_v3_a3_smallsampling_v1/visualizations/img_172.jpg,100279,297f881615448ad72df4e5b53e797d342cdb5844b6d847b48eeae841839f50d4
reports/prd_3_1_v1/core_regression_v3_a3_smallsampling_v1/visualizations/img_173.jpg,130259,38e579efdb31c5b5b4393f81874bf4ea3de3809806a0a72ae5032593bc4baac9
reports/prd_3_1_v1/core_regression_v3_a3_smallsampling_v1/visualizations/img_174.jpg,72722,6bbc2792538d58c5f478f63ae05d65c6a3aa695bd015d7b4274860f9a9994efe
reports/prd_3_1_v1/core_regression_v3_a3_smallsampling_v1/visualizations/img_175.jpg,57011,316302bc532a2c2913aa3eef6973742a054f2476296a69b6ec10913c589301cc
reports/prd_3_1_v1/core_regression_v3_a3_smallsampling_v1/visualizations/img_176.jpg,114575,095137b6c9bee41db57c18608b72e02d2c0542dbff36065b4ca5a3bfadfdc76b
reports/prd_3_1_v1/core_regression_v3_a3_smallsampling_v1/visualizations/img_177.jpg,122867,c5ebcdb47bd997a8f7cc5860683e6f55e0caf0e3eb515f343cdd2d310af22451
reports/prd_3_1_v1/core_regression_v3_a3_smallsampling_v1/visualizations/img_178.jpg,147514,1af7e77460be642aead47a77e21079a00df63fda2da5b592add668ecd28891ed
reports/prd_3_1_v1/core_regression_v3_a3_smallsampling_v1/visualizations/img_179.jpg,99587,02e6c483b037ac77aa0bb67eab96d76bdaf89cfcc0d22f8020e0d31f25d70414
reports/prd_3_1_v1/core_regression_v3_a3_smallsampling_v1/visualizations/img_180.jpg,63798,e2d347a27cf859a5eb0cc1db99549fbe4b1757233f87a7c2157d3997ab01986f
reports/prd_3_1_v1/core_regression_v3_a3_smallsampling_v1/visualizations/img_181.jpg,165354,97740ddf822ac34dd8ab1b91d415b0bd017a13d501d0795fe6a2fff73b4cea95
reports/prd_3_1_v1/core_regression_v3_a3_smallsampling_v1/visualizations/img_182.jpg,57346,0339feed2c85a9156cd8176b0c6fe65bc1f628de5cfb66f09684b594c3313409
reports/prd_3_1_v1/core_regression_v3_a3_smallsampling_v1/visualizations/img_183.jpg,65734,d85db7cd4e39c53592e050fddc779070bcacf4268d1bf8f4c0fb58780f4ab1b0
reports/prd_3_1_v1/core_regression_v3_a3_smallsampling_v1/visualizations/img_184.jpg,57171,9a5e2ecc9ede482ebf43d02cd3ed5e8947f5c7032c9da953d4e68b0984989afc
reports/prd_3_1_v1/core_regression_v3_a3_smallsampling_v1/visualizations/img_185.jpg,45281,bdb41915901db08a2dad54212d02724c4a6a38643d140a4b13904e983fe4e1c3
reports/prd_3_1_v1/core_regression_v3_a3_smallsampling_v1/visualizations/img_186.jpg,89012,966a157bcc0f5603ca2384e0352dbef1978183b147abbdfd82b913aae3894e33
reports/prd_3_1_v1/core_regression_v3_a3_smallsampling_v1/visualizations/img_187.jpg,189909,f951c02e61ad77a5dc640d0f2b478af237c0787ff1fa29d41bae652c9e655393
reports/prd_3_1_v1/core_regression_v3_a3_smallsampling_v1/visualizations/img_188.jpg,108942,db9c7ebb07c8e30f1f1d4363c780ab81d498d6307dcb1ccc1f7ec15f9cd0f25a
reports/prd_3_1_v1/core_regression_v3_a3_smallsampling_v1/visualizations/img_189.jpg,130797,8d41a826218106ec6e143f29c4c6c7c87c1964b5e16d61e545d1c87e875a1352
reports/prd_3_1_v1/core_regression_v3_a3_smallsampling_v1/visualizations/img_190.jpg,50778,c95b814821014d2b8ace7e5810b763b8ad280f20369669be9e571df380efd8af
reports/prd_3_1_v1/core_regression_v3_a3_smallsampling_v1/visualizations/img_191.jpg,84854,e4589a3cd09b6920095874bc6626a45f4cf8a60c7e39d9e6aee52c2a12fcee16
reports/prd_3_1_v1/core_regression_v3_a3_smallsampling_v1/visualizations/img_192.jpg,55566,c7f3f1061590340d8001fa585072c15b079eef417130a01f5f48c8f4111dc746
reports/prd_3_1_v1/core_regression_v3_a3_smallsampling_v1/visualizations/img_193.jpg,158149,8b88f49eb0d851ed2dcef13eda3c97893f42cc28f4deb6c3d05ed75ad912dbb0
reports/prd_3_1_v1/core_regression_v3_a3_smallsampling_v1/visualizations/img_194.jpg,70553,4132a6eb10d69c3bf3a88d4ca773ceae920a95d2575e3ff2ee3bf2a1e1b27a67
reports/prd_3_1_v1/core_regression_v3_a3_smallsampling_v1/visualizations/img_195.jpg,55253,d7727cc358ebed12055da1028c4c16511ac8ad709dc50ba6a8cb8456d793772f
reports/prd_3_1_v1/core_regression_v3_a3_smallsampling_v1/visualizations/img_196.jpg,108420,97eb74a6fef200ed9ee62599e31587c452f46bb74fbc72a357c6c4fc4b34c54b
reports/prd_3_1_v1/core_regression_v3_a3_smallsampling_v1/visualizations/img_197.jpg,40046,bb4a0fdca217061a364aa8ec041efb11ed8b9409e92d97d0ff396ea83c47114f
reports/prd_3_1_v1/core_regression_v3_a3_smallsampling_v1/visualizations/img_198.jpg,77410,1832af55b11900a80cf8bcfb63b873ab647b4a89dd9c60d4af8de769800ec508
reports/prd_3_1_v1/core_regression_v3_a3_smallsampling_v1/visualizations/img_199.jpg,61553,4f7a11902076d74eb8b77d82e5e74f66f13a617a9092ab0d7f4074d418191a97
reports/prd_3_1_v1/core_regression_v3_a3_smallsampling_v1/visualizations/img_200.jpg,41338,37755f385bbcc4e43d25dea8d560e4e7c9b89abd1841f9864c68d611c0a36354
reports/prd_3_1_v1/core_regression_v3_a3_smallsampling_v1/visualizations/img_201.jpg,214318,d488f08cd8c32226490fcbf449a0a71dbafec9417ef17e845de23df959d4924d
reports/prd_3_1_v1/core_regression_v3_a3_smallsampling_v1/visualizations/img_202.jpg,116666,38f7d7811a019a0dfcb944f6599dbb48b86bba1ead6142dee0b5cee2f119f68d
reports/prd_3_1_v1/core_regression_v3_a3_smallsampling_v1/visualizations/img_203.jpg,118741,278cfa89c9737e096cc41cf9a2d2c5f82f892d7903cba41fa21c015455232a42
reports/prd_3_1_v1/core_regression_v3_a3_smallsampling_v1/visualizations/img_204.jpg,176167,d8fa96ba038cacbaf31f276b79f5e931458b961c0fb6a34ea9a32fd1a8826575
reports/prd_3_1_v1/core_regression_v3_a3_smallsampling_v1/visualizations/img_205.jpg,101694,71e92728dcf62abbabd9a00efd6aad4ef70547b386e6fc7e53ecf230e2d60e19
reports/prd_3_1_v1/core_regression_v3_a3_smallsampling_v1/visualizations/img_206.jpg,73768,16d2a92dcd2c1b309a5e06a79be49dfecbc0e3ab35e6a813130b58eba394c8c4
reports/prd_3_1_v1/core_regression_v3_a3_smallsampling_v1/visualizations/img_207.jpg,215432,541b05c9f8036355f6e949e346770a392c8a1e973a135fb27c82ad91f026d08e
reports/prd_3_1_v1/core_regression_v3_a3_smallsampling_v1/visualizations/img_208.jpg,41463,f777d5c2ea331e631a4535afb0d2bea0a20decde215cfa252974484e0c34c09a
reports/prd_3_1_v1/core_regression_v3_a3_smallsampling_v1/visualizations/img_209.jpg,60756,4e91ddf4bef945ffc5cf2d58f99b277953592d5ece0c80b381c13c20784401d4
reports/prd_3_1_v1/core_regression_v3_a3_smallsampling_v1/visualizations/img_210.jpg,151199,57589010e55d862c29186a0bad0a4a7c124a6eb446b4f99f2585bccecc0fa597
reports/prd_3_1_v1/core_regression_v3_a3_smallsampling_v1/visualizations/img_211.jpg,114194,d24a62febeaf186f3688ef977e478d90aef14b91cb4aed60800123169ad09aee
reports/prd_3_1_v1/core_regression_v3_a3_smallsampling_v1/visualizations/img_212.jpg,81879,7c70eb866b89aa89f23f4f97c9a10e1a070afbf4eedfb9184dcdc137f1b1cfd1
reports/prd_3_1_v1/core_regression_v3_a3_smallsampling_v1/visualizations/img_213.jpg,86299,2623ad8ede9226214ce74a17fcb4cadb93b1b88d3d81e651cce844071acba157
reports/prd_3_1_v1/core_regression_v3_a3_smallsampling_v1/visualizations/img_214.jpg,45193,8277ab8d93692a7eaf268955d11a249b7e368c2aaf2d2d135059dfac85a1bb80
reports/prd_3_1_v1/core_regression_v3_a3_smallsampling_v1/visualizations/img_215.jpg,68620,f8c0c4f83621b7ff6ebb7ccc3b8e151e08bc38ab84c90aecfdce5a8de86a01e9
reports/prd_3_1_v1/core_regression_v3_a3_smallsampling_v1/visualizations/img_216.jpg,91229,bc5bada0df35560831ef80242afad03ae3b4d8a3bb0d2e1cff4136ff8691a341
reports/prd_3_1_v1/core_regression_v3_a3_smallsampling_v1/visualizations/img_217.jpg,34857,2e3c09c135eedc10a902e7a3adc78dbcea26444c9e4d3a1f6ccadeefee99f154
reports/prd_3_1_v1/core_regression_v3_a3_smallsampling_v1/visualizations/img_218.jpg,52724,a04cdd97ffa8d9683234e087ce42721334f2f964dd6a26433876f8b15195a235
reports/prd_3_1_v1/core_regression_v3_a3_smallsampling_v1/visualizations/img_219.jpg,44291,98c66c295c0841d9e75d7d0e86cb5627f2de47ba46e51ffbeb8abc1fbdbc80bc
reports/prd_3_1_v1/core_regression_v3_a3_smallsampling_v1/visualizations/img_220.jpg,49185,78121e108952f4e7bdbb39ece84d3ba0aee1986ba6e4ddc0d5d93d362e4c2949
reports/prd_3_1_v1/core_regression_v3_a3_smallsampling_v1/visualizations/img_221.jpg,60960,62debfab52d7ea029b7ef826e0cc4b029f1d7f167c9c2b73aee099a3238dda88
reports/prd_3_1_v1/core_regression_v3_a3_smallsampling_v1/visualizations/img_222.jpg,61953,cf063fee438e3fd45e91d22a3f6f490f247a506fef2eca81df244b01fe4a2060
reports/prd_3_1_v1/core_regression_v3_a3_smallsampling_v1/visualizations/img_223.jpg,88305,edfccc73e12630ee18a636c378bdd4fc5e5632bc8ea8c3f676f189be6d7196db
reports/prd_3_1_v1/core_regression_v3_a3_smallsampling_v1/visualizations/img_224.jpg,68151,e4e37db84fa196ac8d7b2ac489184b9e3491b6d2981f08552520bd90cb028a41
reports/prd_3_1_v1/core_regression_v3_a3_smallsampling_v1/visualizations/img_225.jpg,97437,0a604879c641cac4118a1ec85dd0dbd00f61ffe4c4142bef8d26b6bab7bf7f7b
reports/prd_3_1_v1/core_regression_v3_a3_smallsampling_v1/visualizations/img_226.jpg,90151,c7846c7ca167b421553208adeef3fb9742277d950a3f65bc0e9cd5b804c3e9ce
reports/prd_3_1_v1/core_regression_v3_a3_smallsampling_v1/visualizations/img_227.jpg,41946,783ab5ac32319f5c6e25a35a9cddd265043466315c4d811807a30505d4304e20
reports/prd_3_1_v1/core_regression_v3_a3_smallsampling_v1/visualizations/img_228.jpg,152686,cdabb8d47c014777074aaf7f7e07e897839442682725d3f3d49af167d188051b
reports/prd_3_1_v1/core_regression_v3_a3_smallsampling_v1/visualizations/img_229.jpg,145124,7f493e96b7236670f0cede72a4a4d6244f6b87ab521cca65383899734918b040
reports/prd_3_1_v1/core_regression_v3_a3_smallsampling_v1/visualizations/img_230.jpg,72997,685e174491b2048c23cc226267f2e63921ecbb8e754a7e4d685e216691c87983
reports/prd_3_1_v1/core_regression_v3_a3_smallsampling_v1/visualizations/img_231.jpg,101977,79a9c0c4dcba3d0660888525bfd38d0b95a7791e136c79e2d16fef6578b8d6fa
reports/prd_3_1_v1/core_regression_v3_a3_smallsampling_v1/visualizations/img_232.jpg,106083,0acb5e0cef90213311b9b052151b31adf6ccb0123ead120bfb5222c96fbd118d
reports/prd_3_1_v1/core_regression_v3_a3_smallsampling_v1/visualizations/img_233.jpg,52572,0272a2ff2f269603169e6ec6dac482e2a8c05cd725a05e25cfc5b2693cad754e
reports/prd_3_1_v1/core_regression_v3_a3_smallsampling_v1/visualizations/img_234.jpg,122171,9f09ef0d651af5e86e95a3bb053e8d60532c567cf122436e87807b41129996a2
reports/prd_3_1_v1/core_regression_v3_a3_smallsampling_v1/visualizations/img_235.jpg,96682,b9c73e30cf3e7b6032ffff2662189660badd6b9baeb112018a9dfeb7c32113e3
reports/prd_3_1_v1/core_regression_v3_a3_smallsampling_v1/visualizations/img_236.jpg,117877,240f1be1667f26fc63e7217597b5482de57b18da818085cd02eb46b3cc7c9652
reports/prd_3_1_v1/core_regression_v3_a3_smallsampling_v1/visualizations/img_237.jpg,89008,7ae8f19821ea067f15bfb427076e465fd52b32d59a9bf092c92a2c6e9d930062
reports/prd_3_1_v1/core_regression_v3_a3_smallsampling_v1/visualizations/img_238.jpg,67707,28dcbf5b5cb80fd359271171837845606fac3d2a0b34f9d667c46ccc322660cd
reports/prd_3_1_v1/core_regression_v3_a3_smallsampling_v1/visualizations/img_239.jpg,45423,7c5bdb6d107f6aca1855a8d32cfb2e5f568d11d8e288abe639d04256350b4f31
reports/prd_3_1_v1/core_regression_v3_a3_smallsampling_v1/visualizations/img_240.jpg,140673,f737b95fdb98ce9e359db2cf129bace5cb4c80b08285abd1587afd42cf6fee5b
reports/prd_3_1_v1/core_regression_v3_a3_smallsampling_v1/visualizations/img_241.jpg,76990,9923218fa21a5a2a5459da516387eb4fe35ab637132e34549c45ba46d6e2ee67
reports/prd_3_1_v1/core_regression_v3_a3_smallsampling_v1/visualizations/img_242.jpg,94712,d3e2c515545a4dd99a35123075f63680d6473f924addce5ed664fde50fc867c1
reports/prd_3_1_v1/core_regression_v3_a3_smallsampling_v1/visualizations/img_243.jpg,78597,4594080d0f5da693a0177c0fa1b284dced26e8c48d35c253f4e94a28a37acf19
reports/prd_3_1_v1/core_regression_v3_a3_smallsampling_v1/visualizations/img_244.jpg,143840,fc61aec2a65d0653a193ad87b98aac6a4b479e84a6857ae73dfa79e956f364fa
reports/prd_3_1_v1/core_regression_v3_a3_smallsampling_v1/visualizations/img_245.jpg,93850,7939be0a8aaffc12cda80fa8c35306836f3717371691ef955e5f9ade5dc9ec5e
reports/prd_3_1_v1/core_regression_v3_a3_smallsampling_v1/visualizations/img_246.jpg,104328,08dbb3290a82c07afc46ff7cc1d24eda0c15ce59a1c39c69c39f2d87a3b9fe12
reports/prd_3_1_v1/core_regression_v3_a3_smallsampling_v1/visualizations/img_247.jpg,77044,460f170e6eabf0fd44dd579935b22a6624b65864fea6bd8607947174c2db2b4a
reports/prd_3_1_v1/core_regression_v3_a3_smallsampling_v1/visualizations/img_248.jpg,70171,52ce771ee3ed463c35c0e2728dce6072f08625e8e39a67d30ff88deb87da7c76
reports/prd_3_1_v1/core_regression_v3_a3_smallsampling_v1/visualizations/img_249.jpg,108794,18862886bec64ecc120e34f46c2136b8a92fd2d4113c81c6a428025826480a0e
reports/prd_3_1_v1/core_regression_v3_a3_smallsampling_v1/visualizations/img_250.jpg,118783,f207b3d9b0f505d610818d689a3f44fb03dc80e9893d23d339c9b79b2942aec8
reports/prd_3_1_v1/core_regression_v3_a3_smallsampling_v1/visualizations/img_251.jpg,53352,871657f30da528421f0eac55327974771affaca678a35f0c48fc2470d3dc5d4c
reports/prd_3_1_v1/core_regression_v3_a3_smallsampling_v1/visualizations/img_252.jpg,141757,b9d38a78e2184178a50f80d88d86a3c27144950ee969c8275e0293a703943b39
reports/prd_3_1_v1/core_regression_v3_a3_smallsampling_v1/visualizations/img_253.jpg,180466,a46e834e7ed295e3632a51607c3163dc2acaa7f24e2865c6f386d085d4cdefc2
reports/prd_3_1_v1/core_regression_v3_a3_smallsampling_v1/visualizations/img_254.jpg,55604,ca27a8f1d8d679386fdd8c14a08710a6522623c1ef9d34514b4b5df9bf25e6a7
reports/prd_3_1_v1/core_regression_v3_a3_smallsampling_v1/visualizations/img_255.jpg,116619,fd73e3fae6768870783d5694489cafe73fe7d40be16d60e2f0edb2f9a4325736
reports/prd_3_1_v1/core_regression_v3_a3_smallsampling_v1/visualizations/img_256.jpg,95928,60e6291b8f58533e1da0ef59f9dfa47383f560639be1b6929e7a152236aeb3af
reports/prd_3_1_v1/core_regression_v3_a3_smallsampling_v1/visualizations/img_257.jpg,130958,ab5b809a0463de74f5fa9a9d3c8fce3a6862ab278f2baf52f179147b68ef4854
reports/prd_3_1_v1/core_regression_v3_a3_smallsampling_v1/visualizations/img_258.jpg,173582,5c06568d26244f4c678e8104275dba5275841d2092da2cfd0e132fdb0cd163e2
reports/prd_3_1_v1/core_regression_v3_a3_smallsampling_v1/visualizations/img_259.jpg,103041,bba3c498633310662da083480b4ba3bce51506b4fb351aac2c439441bcd917aa
reports/prd_3_1_v1/core_regression_v3_a3_smallsampling_v1/visualizations/img_260.jpg,162440,4f62bc5963019facbd111afd9d9106911ada48e97b24bab0f1954b7f02bd1ca8
reports/prd_3_1_v1/core_regression_v3_a3_smallsampling_v1/visualizations/img_261.jpg,82131,ede8f0df3e52e05b6392a609bf2c14f16191f22dd6c800898f85e4c90fec1342
reports/prd_3_1_v1/core_regression_v3_a3_smallsampling_v1/visualizations/img_262.jpg,96601,cc721088c6dfce55d77a86f8769b011fa5dbdc0d1f6a0a1a1a7b4d99a3249ebb
reports/prd_3_1_v1/core_regression_v3_a3_smallsampling_v1/visualizations/img_263.jpg,188301,64a3ba9d83f3f4ed4eba3171f913d9ea537dc52d6d87401dea48dcfa5da61756
reports/prd_3_1_v1/core_regression_v3_a3_smallsampling_v1/visualizations/img_264.jpg,74355,b22da634122a6695247d1d1f0e97087b679264d2b987d611378a1d3c08a700c9
reports/prd_3_1_v1/core_regression_v3_a3_smallsampling_v1/visualizations/img_265.jpg,130462,0d697e903acf527190c47e2327c2dc41b9689c4095e76f0b9885d1b7708cc2f2
reports/prd_3_1_v1/core_regression_v3_a3_smallsampling_v1/visualizations/img_266.jpg,112082,b707151de8e9cb1c35950760130087e82738efe722e5037edb5488ee2a77146b
reports/prd_3_1_v1/core_regression_v3_a3_smallsampling_v1/visualizations/img_267.jpg,155345,98216874e10a09ba77b5c0283691a6dc6d3963ed0be262d2a63f2df0014ffa90
reports/prd_3_1_v1/core_regression_v3_a3_smallsampling_v1/visualizations/img_268.jpg,196506,802a6a2004e637b6f633bab978e93aa3c0f7ca8c59a1931ec8f20304f8dd73c2
reports/prd_3_1_v1/core_regression_v3_a3_smallsampling_v1/visualizations/img_269.jpg,108485,a6cf18832623301653cee92904f7fa91e489e54024bbf3c0c94c1246e5929f3d
reports/prd_3_1_v1/core_regression_v3_a3_smallsampling_v1/visualizations/img_270.jpg,94754,c57148e4e2e4da607896ace75933ada95c7e5c351252078825673ddb7f4c91aa
reports/prd_3_1_v1/core_regression_v3_a3_smallsampling_v1/visualizations/img_271.jpg,150034,211d7727927d34f8398726597aace218638c99507aea072f9b913a3ba75dc93a
reports/prd_3_1_v1/core_regression_v3_a3_smallsampling_v1/visualizations/img_272.jpg,61640,2c2f83c0d773a5d7bd253bdf9fdea30b6883e655d262fd006df63a972f235292
reports/prd_3_1_v1/core_regression_v3_a3_smallsampling_v1/visualizations/img_273.jpg,74674,86241d02b139530322bd2517258b29740f352e4c95f2672d1800002d55db8560
reports/prd_3_1_v1/core_regression_v3_a3_smallsampling_v1/visualizations/img_274.jpg,98811,86917677dee8f69a34297a5d2f8b4816195053355cc26657923711af215a46f9
reports/prd_3_1_v1/core_regression_v3_a3_smallsampling_v1/visualizations/img_275.jpg,140207,48567f1b5e3fa37131cb9487568b3325965fb3ed9b54d6b64ac978577a422f37
reports/prd_3_1_v1/core_regression_v3_a3_smallsampling_v1/visualizations/img_276.jpg,181925,9b5b41230ad6bbb4526d07f481e08b5c44790f561ec82c6c867620415b5e19ab
reports/prd_3_1_v1/core_regression_v3_a3_smallsampling_v1/visualizations/img_277.jpg,80508,6779c8a4d700c47702d7f887c2f356732a7f1a1db2a63cc21e4abb885c0c87b7
reports/prd_3_1_v1/core_regression_v3_a3_smallsampling_v1/visualizations/img_278.jpg,88170,6264acf39c299f50f6ca2e7910c94b85e5a5c33b5f562dced4e6058a5f8620d7
reports/prd_3_1_v1/core_regression_v3_a3_smallsampling_v1/visualizations/img_279.jpg,93331,dfe47c9512f3b6043e29199530469d094e4ed49841849506627f2992b4f91ec4
reports/prd_3_1_v1/core_regression_v3_a3_smallsampling_v1/visualizations/img_280.jpg,75553,45e83d1e31cfbbfc553d49b4eb7c4714a80bb5716233279124357754c6199691
reports/prd_3_1_v1/core_regression_v3_a3_smallsampling_v1/visualizations/img_281.jpg,66513,1c7fe603ff78fd047fe431a49177222b0e51c92c439035a7d01882aebd99f7a0
reports/prd_3_1_v1/core_regression_v3_a3_smallsampling_v1/visualizations/img_282.jpg,133776,b0dc4fb6966bf803a6c314b166e36e84aadd2ed2d0fc325e54f760d6d0dfbcb2
reports/prd_3_1_v1/core_regression_v3_a3_smallsampling_v1/visualizations/img_283.jpg,82373,66b4025eb02eb7897e3b69692841b4e3b204005f855c2593995ba24359025d6d
reports/prd_3_1_v1/core_regression_v3_a3_smallsampling_v1/visualizations/img_284.jpg,92030,b56216edf946ff0554f07959c12120e68700e0f7dd5252b8ed29911a865624e3
reports/prd_3_1_v1/core_regression_v3_a3_smallsampling_v1/visualizations/img_285.jpg,89089,16f3f16eefcad60524562455de916d43697a5644e9de387b39990b32457f1fe0
reports/prd_3_1_v1/core_regression_v3_a3_smallsampling_v1/visualizations/img_286.jpg,167551,dc4825c41bf498835c76c4f5302e6fc910efef2a0c004c973dc1fcd071b4c7d9
reports/prd_3_1_v1/core_regression_v3_a3_smallsampling_v1/visualizations/img_287.jpg,86740,934f4f2c2133803db347f7104d90d2415cbcf576b4846496f79d08e9cd68db21
reports/prd_3_1_v1/core_regression_v3_a3_smallsampling_v1/visualizations/img_288.jpg,123896,290031543acf99656b809be2f1c3390512f2ffa6dd4d054121926e3888993553
reports/prd_3_1_v1/core_regression_v3_a3_smallsampling_v1/visualizations/img_289.jpg,136643,1a499669d68e9860bd7b5ebfe7284ebc948e01d8fcada7292fcbcb861ab4ee6f
reports/prd_3_1_v1/core_regression_v3_a3_smallsampling_v1/visualizations/img_290.jpg,79044,39580fdccc3013dd1cc20f2575236338dbe695f23b9ead6ed6ddebcd45bde20f
reports/prd_3_1_v1/core_regression_v3_a3_smallsampling_v1/visualizations/img_291.jpg,80931,3faf73879dccd3caedb926586a6c9fce57f88960c5861465dd0dc30adcd0c04b
reports/prd_3_1_v1/core_regression_v3_a3_smallsampling_v1/visualizations/img_292.jpg,84732,e9254ca62576e9bba38be380f7bad9669078898bfee7c184fa4baad0291cea47
reports/prd_3_1_v1/core_regression_v3_a3_smallsampling_v1/visualizations/img_293.jpg,104612,29da58a6eca0d39cb295d1c2ebafd15901b3d26c2533ab578b04e1e8cf24bbc7
reports/prd_3_1_v1/core_regression_v3_a3_smallsampling_v1/visualizations/img_294.jpg,133540,e6c5e9a51e69acbe64302c1ddf3181f016d98fceff46eb578ed56222f0a19038
reports/prd_3_1_v1/core_regression_v3_a3_smallsampling_v1/visualizations/img_295.jpg,82915,3d1a9b9e4de5a22b758d61e236203917179b78a32fcd8cac77f6efdf2710a538
reports/prd_3_1_v1/core_regression_v3_a3_smallsampling_v1/visualizations/img_296.jpg,232162,09de96f80723e2e44ec114ea5a8606a83643d9d1cccea64c0b62e457205f396a
reports/prd_3_1_v1/core_regression_v3_a3_smallsampling_v1/visualizations/img_297.jpg,83305,b434e65f7be5825de61b108abb05f13a8e629997d253015f968cbc11b0ba0043
reports/prd_3_1_v1/core_regression_v3_a3_smallsampling_v1/visualizations/img_298.jpg,114725,26d8f4088386697ad450f5118bd01454790e622ab5502302a47c4fac70320ef9
reports/prd_3_1_v1/core_regression_v3_a3_smallsampling_v1/visualizations/img_299.jpg,86085,7e23dcb7996d92cde2a30247ba4dedbe51cb43e6bd12c9e1f4013cc922b2603b
reports/prd_3_1_v1/core_regression_v3_a3_smallsampling_v1/visualizations/img_300.jpg,74862,1a508723ea95baeab7da8a493235b1b4c82fd4ccb295efdb6a7d9250f637d98a
reports/prd_3_1_v1/core_regression_v3_a3_smallsampling_v1/visualizations/img_301.jpg,219568,713f54be0010414db9f8f8e5e7997d0bdc1c19a9ff2dc26f1dc3c0a663e816b0
reports/prd_3_1_v1/core_regression_v3_a3_smallsampling_v1/visualizations/img_302.jpg,140616,f95ed7abbf93e39954304f9d25b3a75b5a7fc2aa35bed42939d8e40e0af5722e
reports/prd_3_1_v1/core_regression_v3_a3_smallsampling_v1/visualizations/img_303.jpg,71174,d3999376872ef5161c7fa53c2b97563d5a0cd87aad654a8297b969b684aa0b37
reports/prd_3_1_v1/core_regression_v3_a3_smallsampling_v1/visualizations/img_304.jpg,57681,6bd54e9b3070659668f64c7cfd8d011c704acc0f0c0c3392b15f7d0cbb77ad3e
reports/prd_3_1_v1/core_regression_v3_a3_smallsampling_v1/visualizations/img_305.jpg,157419,72e16aa8a5fc98ab5475e6ecdb8e1ab17f8fddf48ac051756a9964a6a056a93a
reports/prd_3_1_v1/core_regression_v3_a3_smallsampling_v1/visualizations/img_306.jpg,146507,520694de2fb7a1ca741ec261f923681e655cb1203fb606e7033a8c915c40b6c4
reports/prd_3_1_v1/core_regression_v3_a3_smallsampling_v1/visualizations/img_307.jpg,148461,2455f1244417e9f0154db7a71402d746781fac3f898cd4810a73ed9f69f621f4
reports/prd_3_1_v1/core_regression_v3_a3_smallsampling_v1/visualizations/img_308.jpg,120648,be03b0419544063d758b786c0a1424cbeb57beb2d5293f23b5110982d1b5749c
reports/prd_3_1_v1/core_regression_v3_a3_smallsampling_v1/visualizations/img_309.jpg,76460,32adbeb8bda61d4f29eb65f2f13d13f8c5a061c0f1777aea7487f254a9bf9c1b
reports/prd_3_1_v1/core_regression_v3_a3_smallsampling_v1/visualizations/img_310.jpg,154064,8516e897366518de062ad468a09c2293b9e269f8f16f3f0e2bc558e74ca6af9f
reports/prd_3_1_v1/core_regression_v3_a3_smallsampling_v1/visualizations/img_311.jpg,82073,9326a984baa69453b63551120e799c443659b598bae33462df7157f3c2f86e42
reports/prd_3_1_v1/core_regression_v3_a3_smallsampling_v1/visualizations/img_312.jpg,102242,7c00e9a3dc05052935a7fc60ed18ffc550e4cd7eefb03af8ff93b496e0ad29ba
reports/prd_3_1_v1/core_regression_v3_a3_smallsampling_v1/visualizations/img_313.jpg,97836,517f9530783545fe123227f40e9e78fa776375c5595144edbb1f2ba315cc39b7
reports/prd_3_1_v1/core_regression_v3_a3_smallsampling_v1/visualizations/img_314.jpg,130376,3f80206e23f16faabe51ff62208b12825eb24cf7311eb1e5d30a8d2f0279d4fd
reports/prd_3_1_v1/core_regression_v3_a3_smallsampling_v1/visualizations/img_315.jpg,187082,9178f2e242e0a5a996fc10c4d4b4e0679579461d0960647f40d70823e0e77d57
reports/prd_3_1_v1/core_regression_v3_a3_smallsampling_v1/visualizations/img_316.jpg,145523,af2ae439297bd88d5f05bb381e3b1f3d15b8248ea56224bc4d53659e7072816b
reports/prd_3_1_v1/core_regression_v3_a3_smallsampling_v1/visualizations/img_317.jpg,103008,0adb98991bdbe9c14571895d32b18887e5b84e600b8ac7a014a0bb3a3432cb02
reports/prd_3_1_v1/core_regression_v3_a3_smallsampling_v1/visualizations/img_318.jpg,84616,27b9603c1ae0c786b9f65fc7de7da425107cd4aa63ed701ffb72abfeb2701a08
reports/prd_3_1_v1/core_regression_v3_a3_smallsampling_v1/visualizations/img_319.jpg,112407,9411344ec99faa224d9f75d20b06f037ea40319e493b4e2975555b0fc50da3b8
reports/prd_3_1_v1/core_regression_v3_a3_smallsampling_v1/visualizations/img_320.jpg,289065,8c33785a49ab19b69827175a44a176a0cd53969f39ee56fb5322ebca1e807c71
reports/prd_3_1_v1/core_regression_v3_a3_smallsampling_v1/visualizations/img_321.jpg,233106,ae3f83445fe356bad80e97b48ba28df40e922cdda9485622eee4dc2171fd17a9
reports/prd_3_1_v1/core_regression_v3_a3_smallsampling_v1/visualizations/img_322.jpg,115287,cc758c8a64f62a504ab3e5a51e7a0e6e7c073f3a0e9bd355f934cefe4d16049d
reports/prd_3_1_v1/core_regression_v3_a3_smallsampling_v1/visualizations/img_323.jpg,217681,3887fc800a6ef954985288f461276c1686410ea418c602ffd0f65d5da057054c
reports/prd_3_1_v1/core_regression_v3_a3_smallsampling_v1/visualizations/img_324.jpg,90053,4b73e0c0ac59a527e4d74ef034781f1eee0d69b7be68e70fc92c27802694bed6
reports/prd_3_1_v1/core_regression_v3_a3_smallsampling_v1/visualizations/img_325.jpg,142933,acefa7c1acd3d758d87ddf651ff762b0fcf38301e63eb97aa6db7f6678b918fb
reports/prd_3_1_v1/core_regression_v3_a3_smallsampling_v1/visualizations/img_326.jpg,114301,f75fd415754713fbc797151d8f14a3f9bb0287149def4ee8fe002c6b201a9a46
reports/prd_3_1_v1/core_regression_v3_a3_smallsampling_v1/visualizations/img_327.jpg,66066,610fffcafdd0d2a0b3054fac4bf9f6ccb751529bae454c1250b6bb62a20dc836
reports/prd_3_1_v1/core_regression_v3_a3_smallsampling_v1/visualizations/img_328.jpg,72259,9547f529952845c16f532640d0d443b4228eae7fac360b2ad7ae69d08299c3e6
reports/prd_3_1_v1/core_regression_v3_a3_smallsampling_v1/visualizations/img_329.jpg,147445,2af4e7630e5e0114a49f91c9af95aa02eb88220181455e013d215b63871b0226
reports/prd_3_1_v1/core_regression_v3_a3_smallsampling_v1/visualizations/img_330.jpg,116679,a4841df3e0debc1a98e7fef94f48a299f4dfdc9b10299320a395681ea833b755
reports/prd_3_1_v1/core_regression_v3_a3_smallsampling_v1/visualizations/img_331.jpg,56617,b1c69b7b3ea7fe16c2cdf09599d8454fb8385a31cf0cd01c39ef56b1cd41a35b
reports/prd_3_1_v1/core_regression_v3_a3_smallsampling_v1/visualizations/img_332.jpg,130188,c6a7755cfcfe68319e263f17c89024487f3571e107297be758162e2eab38eaca
reports/prd_3_1_v1/core_regression_v3_a3_smallsampling_v1/visualizations/img_333.jpg,137208,9bdeca4d62503aaddd6f2b49b3a48c6ec45071837758553eaa9c84c6db097795
reports/prd_3_1_v1/core_regression_v3_a3_smallsampling_v1/visualizations/img_334.jpg,102083,c5184ad95f8f2a3a5fe3eea2c907fc38334496959f29651f67741b93f69c1054
reports/prd_3_1_v1/core_regression_v3_a3_smallsampling_v1/visualizations/img_335.jpg,91769,fb40586106a2525a48be459746c9a69e1fe6aabd1d82961ade3bee4068b6e79f
reports/prd_3_1_v1/core_regression_v3_a3_smallsampling_v1/visualizations/img_336.jpg,104734,d0875c69db12f6e458cb14031ae4233ee384ef9e0c9b24d9a7896cdc4a136da9
reports/prd_3_1_v1/core_regression_v3_a3_smallsampling_v1/visualizations/img_337.jpg,82989,2f043e2aca9e4d73d9c467b7c444d0e11760c066d1dbc9e70cd5ef99f0e1e296
reports/prd_3_1_v1/core_regression_v3_a3_smallsampling_v1/visualizations/img_338.jpg,104395,c8dcd40f46071523df8ad84d3a08c10ecb6479e1247db8a6acd2eab068ee75e4
reports/prd_3_1_v1/core_regression_v3_a3_smallsampling_v1/visualizations/img_339.jpg,132227,b3775f0cec536d9fb09e2c064312e53e1b84be1757af464037f710d74571522e
reports/prd_3_1_v1/core_regression_v3_a3_smallsampling_v1/visualizations/img_340.jpg,201714,167657383c60ce4b1409da9c36569ad5e8047d8543fcfc468cc8aaab1d00cf5c
reports/prd_3_1_v1/core_regression_v3_a3_smallsampling_v1/visualizations/img_341.jpg,97027,a904394dc9ff62ad2d1fb24582b2ef86a7247bf88dc19c982cecc7e6ea3edfde
reports/prd_3_1_v1/core_regression_v3_a3_smallsampling_v1/visualizations/img_342.jpg,89760,9b7a36003d4d5f017ef485f27a27f18e79fc61c85830943d50440ef3d457d694
reports/prd_3_1_v1/core_regression_v3_a3_smallsampling_v1/visualizations/img_343.jpg,113753,d18d047e147f4681d7a8898c1dda3485d69297c221f92f6fe1f7ca4820c20279
reports/prd_3_1_v1/core_regression_v3_a3_smallsampling_v1/visualizations/img_344.jpg,106517,541aaa23215a5753da7fdedcc46d06ab0ff210f1ac3ce372074989109f499df9
reports/prd_3_1_v1/core_regression_v3_a3_smallsampling_v1/visualizations/img_345.jpg,89607,78499a0cf22086bc59437eba2bf18348147c04341163313300687e1441f6904c
reports/prd_3_1_v1/core_regression_v3_a3_smallsampling_v1/visualizations/img_346.jpg,79818,00599e7ef3fe080fdedb5b2e404afcfa5ff38d118dd75d870129c146dabec1d5
reports/prd_3_1_v1/core_regression_v3_a3_smallsampling_v1/visualizations/img_347.jpg,93351,98e7926f3ca80abf7c4676190ce721486038f9dfb6906bb0f2eebcb85fdccfe4
reports/prd_3_1_v1/core_regression_v3_a3_smallsampling_v1/visualizations/img_348.jpg,124059,5d410b0b7041b7e416464c6a09f7ae8c9e2ed01755f09297d3213711c11a6e56
reports/prd_3_1_v1/core_regression_v3_a3_smallsampling_v1/visualizations/img_349.jpg,238447,3c5891f4588627a4f2279cb722ee88e8954d709e812f1df0d6d4e82a9905b464
reports/prd_3_1_v1/core_regression_v3_a3_smallsampling_v1/visualizations/img_350.jpg,86179,1c6183b4f41f3833feb766315b5288f95fafa347ac552a85cf93cccf9b4ad0a5
reports/prd_3_1_v1/core_regression_v3_a3_smallsampling_v1/visualizations/img_351.jpg,73726,07a098b60fbf64321d0d3ae5915fff86e574e6330ea73bbdfefc95ffa9b6e543
reports/prd_3_1_v1/core_regression_v3_a3_smallsampling_v1/visualizations/img_352.jpg,104797,14833d967fa5fb7718a7d3863359f3b0b5d5fc9ffc2f96ead5bda8fd0c60d14a
reports/prd_3_1_v1/core_regression_v3_a3_smallsampling_v1/visualizations/img_353.jpg,106467,e3ac77fd64e1db034d846c2e43b3e1778105755081a3a6124d6605041383b94e
reports/prd_3_1_v1/core_regression_v3_a3_smallsampling_v1/visualizations/img_354.jpg,88462,b3a2e3e5789673ccc2f16f2dafb4f725a48e9cfcf0af217d8f913b9fa60c2869
reports/prd_3_1_v1/core_regression_v3_a3_smallsampling_v1/visualizations/img_355.jpg,87876,17c559939343dec6dea2b09a1601dce2a4e9b1ea2ae8134c4ba276e468fe8d42
reports/prd_3_1_v1/core_regression_v3_a3_smallsampling_v1/visualizations/img_356.jpg,129707,e3c171cdb802cc73e0f4e94f5e912e33e994ae6f6fde1837cda223cc4548f4bd
reports/prd_3_1_v1/core_regression_v3_a3_smallsampling_v1/visualizations/img_357.jpg,159653,7989cc818fc8cd6f0ff0ac784c1093467bf391db09722f985f34148ca7da864b
reports/prd_3_1_v1/core_regression_v3_a3_smallsampling_v1/visualizations/img_358.jpg,120544,10a5892c75d743ae791296839d3e3da3980931eb2cf6bdfcdafb2106aa5ffeb6
reports/prd_3_1_v1/core_regression_v3_a3_smallsampling_v1/visualizations/img_359.jpg,86802,b0c740d16c3c53aafe3a026319684bb6758a090953f4f29f2fe8a9b3e96e2ba9
reports/prd_3_1_v1/core_regression_v3_a3_smallsampling_v1/visualizations/img_360.jpg,195049,9fef45e0db31bd517db663fef80bc7afbf87834db5bf2a0e9f7b7f477f7633bc
reports/prd_3_1_v1/core_regression_v3_a3_smallsampling_v1/visualizations/img_361.jpg,83268,85dae8fd40c02093e0da91df945683103f628f80718badef8787d191c1ffcb2c
reports/prd_3_1_v1/core_regression_v3_a3_smallsampling_v1/visualizations/img_362.jpg,132013,283135cd437c294013f81644e69aec65330c7239ecc4353ddbed21e58d5890d4
reports/prd_3_1_v1/core_regression_v3_a3_smallsampling_v1/visualizations/img_363.jpg,140009,e0a118b76629032312706955c064b485be56416ac9e36314df94d5f9a7ac3496
reports/prd_3_1_v1/core_regression_v3_a3_smallsampling_v1/visualizations/img_364.jpg,99630,05494a682ab382f3f0788acc0a21a6879b1fd6ffb61b07ab67c5f7a3523815b1
reports/prd_3_1_v1/core_regression_v3_a3_smallsampling_v1/visualizations/img_365.jpg,89453,fc802ca2ba59116aa7b0cea2731f4c80bf6eb87cbd7bdb28ef8c5b673a9df9fe
reports/prd_3_1_v1/core_regression_v3_a3_smallsampling_v1/visualizations/img_366.jpg,105486,bfd8705cf363a7a341d3af531b8e1d63c026ecddf37f2c6d52f718c93979d933
reports/prd_3_1_v1/core_regression_v3_a3_smallsampling_v1/visualizations/img_367.jpg,239639,895e519cc8cac6642500fbb23518b6f7e3316f86eff52550cf8dbec373e0612d
reports/prd_3_1_v1/core_regression_v3_a3_smallsampling_v1/visualizations/img_368.jpg,68089,c6666c71b4b39b055b9b9ea2fd2a9efb6819333be2f91a3ee637778fe5205fcf
reports/prd_3_1_v1/core_regression_v3_a3_smallsampling_v1/visualizations/img_369.jpg,110970,83cfac185b0414c3553eb17748b50daf10f12175efd9b8a9cdf473c5cf72036a
reports/prd_3_1_v1/core_regression_v3_a3_smallsampling_v1/visualizations/img_370.jpg,168730,e0bc95a9d766e33a3ae165dc85878d7d0f466562ea50e848f2bd62ce3562bb88
reports/prd_3_1_v1/core_regression_v3_a3_smallsampling_v1/visualizations/img_371.jpg,92635,4152a9f4cbd407a15e4bf20ff02a399f519026c17c1210d405700491cd857d67
reports/prd_3_1_v1/core_regression_v3_a3_smallsampling_v1/visualizations/img_372.jpg,143079,64e9cc9a1a41bd5ed32a4e199c35d079a86cb65e51a164e96dd22761b45a7545
reports/prd_3_1_v1/core_regression_v3_a3_smallsampling_v1/visualizations/img_373.jpg,101165,a4bda90b8b4030aa6d89296f1fc60567a7f2a1b822a30ee2b23a96a3c9a062a6
reports/prd_3_1_v1/core_regression_v3_a3_smallsampling_v1/visualizations/img_374.jpg,76053,27eab4cc632e2210f19db921a3f2850f112bceb359282ad856e40a5dfbe734ea
reports/prd_3_1_v1/core_regression_v3_a3_smallsampling_v1/visualizations/img_375.jpg,112382,a72ba3122723c8423beb3bf77149f7a877ee05de2f5dfd96d2fd3bc5d40f2b8e
reports/prd_3_1_v1/core_regression_v3_a3_smallsampling_v1/visualizations/img_376.jpg,147476,f19e4ee4299884209b89fcc2b1aaa5370009cfb0461e74f0a3b23ea946de11d4
reports/prd_3_1_v1/core_regression_v3_a3_smallsampling_v1/visualizations/img_377.jpg,123106,ea1c63aebd35e3a34813639e2bde40d34810fbaa0a88ee53fb16807c73275ddc
reports/prd_3_1_v1/core_regression_v3_a3_smallsampling_v1/visualizations/img_378.jpg,100956,236d889e64b2a0cdedf3025264f428a32ef8bfd99364b0bda59dc8e679896281
reports/prd_3_1_v1/core_regression_v3_a3_smallsampling_v1/visualizations/img_379.jpg,110288,856b933773b93b0445177fdc24921d69ca87042e3b52019d87ccc4d116e1d913
reports/prd_3_1_v1/core_regression_v3_a3_smallsampling_v1/visualizations/img_380.jpg,164957,bbe2e9bb98c4efb213ee505d28035abcd004a34dfa2dc048652b3b1862cbd59c
reports/prd_3_1_v1/core_regression_v3_a3_smallsampling_v1/visualizations/img_381.jpg,101824,dd89be4430ae11bee3cc3292f42e62553e616354a5c0c51092246f1143446aa6
reports/prd_3_1_v1/core_regression_v3_a3_smallsampling_v1/visualizations/img_382.jpg,128655,5c1b01cb668df32a817a1ab1e11d571560c75a1ff2236d147103f1b4be336ea9
reports/prd_3_1_v1/core_regression_v3_a3_smallsampling_v1/visualizations/img_383.jpg,190843,c86e4099e6c95129b3a1109f1c3c3ceeae9aff860fb2e1bf771352bc8b1a6724
reports/prd_3_1_v1/core_regression_v3_a3_smallsampling_v1/visualizations/img_384.jpg,83747,67fa4843b9f1da5b5c61afd0bd0f0ab7f5bf34a8cc04f6b3bb2615e5838e5a2b
reports/prd_3_1_v1/core_regression_v3_a3_smallsampling_v1/visualizations/img_385.jpg,94151,826893a71434f6be28c52263951ee79b4dd15be16a8cb14e56c601fb184288c4
reports/prd_3_1_v1/core_regression_v3_a3_smallsampling_v1/visualizations/img_386.jpg,103331,26ae922254c8623f4cd7b086c95537788b558150f33f1ef2e88c12af2909f810
reports/prd_3_1_v1/core_regression_v3_a3_smallsampling_v1/visualizations/img_387.jpg,127373,c254e4aec8be2dcfb346bdb91b84a2eed0a24365c843c9aea33ec319e41608a2
reports/prd_3_1_v1/core_regression_v3_a3_smallsampling_v1/visualizations/img_388.jpg,123341,17e1a90e8ee1c931ddca298d3384a6451d3620bea6b57d334447ffd1c33e8a35
reports/prd_3_1_v1/core_regression_v3_a3_smallsampling_v1/visualizations/img_389.jpg,63122,e9d54e5b52def024218a75b22fb48c0a559d60535864c91690e7feb5192f8a02
reports/prd_3_1_v1/core_regression_v3_a3_smallsampling_v1/visualizations/img_390.jpg,111805,75eb2f643e52a7dd88a0607be423c181bfc4e49e21b0ae259f37fd7b3171daf8
reports/prd_3_1_v1/core_regression_v3_a3_smallsampling_v1/visualizations/img_391.jpg,112626,111f18061b2c12c18f2a5c6d01ad4b44cf343bf6bf415277931dfbb85ba4060b
reports/prd_3_1_v1/core_regression_v3_a3_smallsampling_v1/visualizations/img_392.jpg,224655,73b77f6b77cefad2658f91bac2a3087379b1a8a646b6392c48c50a6a4f6ef5b6
reports/prd_3_1_v1/core_regression_v3_a3_smallsampling_v1/visualizations/img_393.jpg,99499,d0722bf72ef2b7ee939cca5ebbbf83d9c67de5c2ae65f3707e7ba9a462a312d9
reports/prd_3_1_v1/core_regression_v3_a3_smallsampling_v1/visualizations/img_394.jpg,80048,7ab612f54c9f4354367a396a417b42256df8402a8b249b555875605900b5fa0a
reports/prd_3_1_v1/core_regression_v3_a3_smallsampling_v1/visualizations/img_395.jpg,69149,61627e43b7c2228596af402e53f7158ec9763ebf38f4fccbce74cc7621950a1e
reports/prd_3_1_v1/core_regression_v3_a3_smallsampling_v1/visualizations/img_396.jpg,117370,2f8a1f282ca7d01998a06822e35f81ce7d019cc41315d1ce08af528eafb61938
reports/prd_3_1_v1/core_regression_v3_a3_smallsampling_v1/visualizations/img_397.jpg,70433,34888c4e1e4e6ae03983634e64a0eebeb24c34250c8422ae82fbda3b3544ac60
reports/prd_3_1_v1/core_regression_v3_a3_smallsampling_v1/visualizations/img_398.jpg,124467,80a467014ed0520aa14aa6e057ac7da423087899d0640f56793ff4d148b66a65
reports/prd_3_1_v1/core_regression_v3_a3_smallsampling_v1/visualizations/img_399.jpg,118007,15f4c9671f8499748b4c8ce9fba40b2778329854182826410856743ed5f37331
reports/prd_3_1_v1/core_regression_v3_b1_dataexp_v1/error_cases.csv,8248,9d57e3d3793d4a7df790602a17b80331feb75f62b678102298908c3dd252d61e
reports/prd_3_1_v1/core_regression_v3_b1_dataexp_v1/evaluation_summary.txt,1587,d8d6114d22c1e168c453e887c3adb3c68da5487276d3a19c162d194106c81069
reports/prd_3_1_v1/core_regression_v3_b1_dataexp_v1/per_class_metrics.csv,1141,1ff38a107dd8049a0661f2f5fc3c1b228090917a29751fdc0dc7042007ba6225
reports/prd_3_1_v1/core_regression_v3_b1_dataexp_v1/per_gt_results.csv,13479,41794204e0e293cde80356ab19a5f4f083f50a3ed1a140890b9083fc98abb501
reports/prd_3_1_v1/core_regression_v3_b1_dataexp_v1/per_image_timing.csv,3310,076f11103d6c45986ce9bd5a8660c80517a6c076932ab68269e4ae33b4e2d7e1
reports/prd_3_1_v1/core_regression_v3_b1_dataexp_v1/per_source_metrics.csv,667,d3580c4a774c88b270144a0de8db8b1d8194e467caa9e0d1b460a62471c1f34c
reports/prd_3_1_v1/core_regression_v3_b1_dataexp_v1/visualizations/img_000.jpg,42750,53e5e6110e55c16f8a36dde349f7d0c7a9f94690fada443661dfa36f5dbc1fda
reports/prd_3_1_v1/core_regression_v3_b1_dataexp_v1/visualizations/img_001.jpg,82054,e5843c2be1337f20bc499772bbaeefa2adb43cf95343fdeeb6cbaaedf80f4bfc
reports/prd_3_1_v1/core_regression_v3_b1_dataexp_v1/visualizations/img_002.jpg,34612,6fa61467de4cd987e6e3bfd3902613c9b6dc7d9324e5adda74c30997e1de5dae
reports/prd_3_1_v1/core_regression_v3_b1_dataexp_v1/visualizations/img_003.jpg,72598,abe192daec51a68d73f7d4ce52d4d7f75ad9128ffcd99fb18e0eaeae05d18715
reports/prd_3_1_v1/core_regression_v3_b1_dataexp_v1/visualizations/img_004.jpg,50893,5709920c6511f40fc5f58ccb5664d614cde93b8aae80ca954fe4c6f4335aba1f
reports/prd_3_1_v1/core_regression_v3_b1_dataexp_v1/visualizations/img_005.jpg,56264,456a0fd3705d5cf105f29877419a78bfd70c01f7090604809bae5bdd05bb58d1
reports/prd_3_1_v1/core_regression_v3_b1_dataexp_v1/visualizations/img_006.jpg,85929,fd3b558d55d8cb95d92ae1155c0c36c33012ff100ca82711bca7cd1f0b6f9157
reports/prd_3_1_v1/core_regression_v3_b1_dataexp_v1/visualizations/img_007.jpg,69730,17b01aeb1d6fc8713317f1de2318c23589a37f459e2933b5288ab70e5b6342ef
reports/prd_3_1_v1/core_regression_v3_b1_dataexp_v1/visualizations/img_008.jpg,71018,3be7170647889108a96391dd8fb21a4c28e4ce8361fc5a4e604de908d775e435
reports/prd_3_1_v1/core_regression_v3_b1_dataexp_v1/visualizations/img_009.jpg,37945,4cf76a689a0a3fbf77ab18c80fdde83bcb8c33842239599388f68aa84bdcc74a
reports/prd_3_1_v1/core_regression_v3_b1_dataexp_v1/visualizations/img_010.jpg,121978,149a18a2e525ee377c476a9e43f9c870f8f6e41fd0e86260ab9b4990c86246f2
reports/prd_3_1_v1/core_regression_v3_b1_dataexp_v1/visualizations/img_011.jpg,88953,a0c16c62a8694a729c6fe6aefd09d0257bdee9d4c176457af2fd5d5f685021ac
reports/prd_3_1_v1/core_regression_v3_b1_dataexp_v1/visualizations/img_012.jpg,123695,39fbdba60ca82b63e055109981ed34900cc851ed3b284ea233efc26911d80254
reports/prd_3_1_v1/core_regression_v3_b1_dataexp_v1/visualizations/img_013.jpg,155897,6d6e34f94775788bf84020aa044abdb115011d2ed2249971de49d2b7cdf822cf
reports/prd_3_1_v1/core_regression_v3_b1_dataexp_v1/visualizations/img_014.jpg,150215,1495421a25721d0b5df146add6fb6c4d700797b6c89f4ab46e59b850c6b72f31
reports/prd_3_1_v1/core_regression_v3_b1_dataexp_v1/visualizations/img_015.jpg,40811,c35522ca2ac55506f2b57d57fd78b23291fc0a467a09f0ddd65fdd50d3c93192
reports/prd_3_1_v1/core_regression_v3_b1_dataexp_v1/visualizations/img_016.jpg,84068,fe00080029cf6b0572ba59c532c297f0081375ab434d37ab33825bbc55b045be
reports/prd_3_1_v1/core_regression_v3_b1_dataexp_v1/visualizations/img_017.jpg,112935,ccbd0ea032c8eb7cdb48e404d050bc4b6f44756e1dd5ca5b3946a5053da7c83a
reports/prd_3_1_v1/core_regression_v3_b1_dataexp_v1/visualizations/img_018.jpg,90692,2ebcbb6e0673f4ebd3e0f5aa71b637dc90cf2f39debc67b0857d337235072368
reports/prd_3_1_v1/core_regression_v3_b1_dataexp_v1/visualizations/img_019.jpg,223730,981a7597e5b3fc1ffdcf6b51b92991609fc0e1d0d5442177c89905f224835f23
reports/prd_3_1_v1/core_regression_v3_b1_dataexp_v1/visualizations/img_020.jpg,92508,4d2dc511736feb9682b0d7e53fa58e1248527d068491895fd5a3eed4dfdd1d2a
reports/prd_3_1_v1/core_regression_v3_b1_dataexp_v1/visualizations/img_021.jpg,122578,74358523f889ec9a888df7ea63f137eb56c0576fa31cacf613f8724b9415a3a6
reports/prd_3_1_v1/core_regression_v3_b1_dataexp_v1/visualizations/img_022.jpg,83519,fbde2aad7c4a46c58d423f1f911692a5ecc02753db23ce04d4c8760ee86da390
reports/prd_3_1_v1/core_regression_v3_b1_dataexp_v1/visualizations/img_023.jpg,128060,f4bb7e620b976bba1146e31626665e8156fb12f07711b9612e49f53e35e9730a
reports/prd_3_1_v1/core_regression_v3_b1_dataexp_v1/visualizations/img_024.jpg,100740,0e3c89e85cd743aaf22199ad979b1b8460050a679a0ef6a674167970883cb313
reports/prd_3_1_v1/core_regression_v3_b1_dataexp_v1/visualizations/img_025.jpg,81504,5c77ebd8e79020f2877c77713d5d6028849d9e3752ac1a3205a46e9ee4fbf4b0
reports/prd_3_1_v1/core_regression_v3_b1_dataexp_v1/visualizations/img_026.jpg,296907,dc196b676cce5e6c09c0c6f8d4122fc7ae2e0412f87773548a43709967a72a59
reports/prd_3_1_v1/core_regression_v3_b1_dataexp_v1/visualizations/img_027.jpg,173640,2034e7fc2fbec13a403db1bfcf503caad340e3d13bce874084a100e2bb7afbd1
reports/prd_3_1_v1/core_regression_v3_b1_dataexp_v1/visualizations/img_028.jpg,152545,4e53ebd2cb2989fea68c4e3cdb3cae3bcc091cf9118d7fccc029913bb0848d4c
reports/prd_3_1_v1/core_regression_v3_b1_dataexp_v1/visualizations/img_029.jpg,115565,5dbf8fefaf4a07e9e16fdcb9bbdca45d362185d053b30fb897f401dbe46b1692
reports/prd_3_1_v1/core_regression_v3_b1_dataexp_v1/visualizations/img_030.jpg,91913,3fd79c2be144d802578306c7828d6b305c480236e97fc2a62a0ad8ea5bb6a95c
reports/prd_3_1_v1/core_regression_v3_b1_dataexp_v1/visualizations/img_031.jpg,146329,38fd56a820cbc2c4ef7d128ff6c1d66d73beee07b85bcffcabb1e9b95aedb96b
reports/prd_3_1_v1/core_regression_v3_b1_dataexp_v1/visualizations/img_032.jpg,184602,4adf2d5ee5cbf1f535c052d1389f399d746dbb652f681dae1ad4b2f933c9a7ca
reports/prd_3_1_v1/core_regression_v3_b1_dataexp_v1/visualizations/img_033.jpg,75532,401c3f38e77b7a449979fcb266870b8c2c336938d5f85419e4df57a78d205796
reports/prd_3_1_v1/core_regression_v3_b1_dataexp_v1/visualizations/img_034.jpg,124718,08a2c6861aeb3a98a36b60627505445cbb1d384688eca790978110f87ce8293e
reports/prd_3_1_v1/core_regression_v3_b1_dataexp_v1/visualizations/img_035.jpg,145024,5cf34a6f908ab6418c1e380ad801103494844ee7aa275b0592502b608ff5d3a3
reports/prd_3_1_v1/core_regression_v3_b1_dataexp_v1/visualizations/img_036.jpg,105100,89a12aae53faa7f932aa0de8550559ce73f1d7b727fa741134ee9a1ab3659d78
reports/prd_3_1_v1/core_regression_v3_b1_dataexp_v1/visualizations/img_037.jpg,83430,12729f1650d73c748d3df97ab46caf3b456aa7a575d9317463774957844a2658
reports/prd_3_1_v1/core_regression_v3_b1_dataexp_v1/visualizations/img_038.jpg,32600,ef26b8908210b7a9757aa45d25dff4bd158809786f3c69a1f9794c868d07cc89
reports/prd_3_1_v1/core_regression_v3_b1_dataexp_v1/visualizations/img_039.jpg,112438,a25a25123d1b734224f14c1ba2e39304b4c52e4b2b670c03c096bbf993f9371b
reports/prd_3_1_v1/core_regression_v3_b1_dataexp_v1/visualizations/img_040.jpg,68670,e43c9e47b35497f4caa0d51b661dc4893933641d6c95542607bdad71beae81e3
reports/prd_3_1_v1/core_regression_v3_b1_dataexp_v1/visualizations/img_041.jpg,82734,743f6be1742793c5637752baa5fd19b3995bd86048834df37055565b17174d1b
reports/prd_3_1_v1/core_regression_v3_b1_dataexp_v1/visualizations/img_042.jpg,99016,7b01b3c29f2f015d48fd05dc8725aab53244cc5be34bcbbb1e6622a8acb0604f
reports/prd_3_1_v1/core_regression_v3_b1_dataexp_v1/visualizations/img_043.jpg,52093,630716d2d8f341e6382df2a20afbdf39f954a8668acaadeb29e3a8ddcc6bd315
reports/prd_3_1_v1/core_regression_v3_b1_dataexp_v1/visualizations/img_044.jpg,116006,fb80309c736f51a80dd6bb23883766bf0cf7a4de66110b44d93dad7e3e24cbae
reports/prd_3_1_v1/core_regression_v3_b1_dataexp_v1/visualizations/img_045.jpg,86304,7678d40a1fc776bbc8e9af0ac2fc1b31cd3a682199722a310fc09f98243d3329
reports/prd_3_1_v1/core_regression_v3_b1_dataexp_v1/visualizations/img_046.jpg,67127,965f1c6f30eabacb897d55fa713412401049f3b6bc6b3c1954c9180331d10122
reports/prd_3_1_v1/core_regression_v3_b1_dataexp_v1/visualizations/img_047.jpg,86096,7b89f2e6abbfc157080b64ac0a90d3e06bb1e62014b4a00118ba1cf90c1ac2f2
reports/prd_3_1_v1/core_regression_v3_b1_dataexp_v1/visualizations/img_048.jpg,100282,1ca09ed51b7c2ca864e27dbf0a69ac02a292e1f13d75e57d169bbdf4dc864723
reports/prd_3_1_v1/core_regression_v3_b1_dataexp_v1/visualizations/img_049.jpg,91249,132bc8f737723ef9e9bae0ce58f41523852686fe95acee450738b21e37a78d11
reports/prd_3_1_v1/core_regression_v3_b1_dataexp_v1/visualizations/img_050.jpg,29586,9c6cfdac10fea51c7b67239659b8e11509fce7d6fcb0bb3d9ecd415f7b4d1a54
reports/prd_3_1_v1/core_regression_v3_b1_dataexp_v1/visualizations/img_051.jpg,126254,2743eb56112a4d110da34f64e83bdedf30eb8736ff177d184af336a3dd83acb7
reports/prd_3_1_v1/core_regression_v3_b1_dataexp_v1/visualizations/img_052.jpg,100413,8c4396dcfbadc6b7b7548048400766aa653f8cc2f9ca632bf532e4593d586412
reports/prd_3_1_v1/core_regression_v3_b1_dataexp_v1/visualizations/img_053.jpg,39943,d7d7482fe8cc99c8073458d7082629b38b60478849dc67d5e59d43748de41d95
reports/prd_3_1_v1/core_regression_v3_b1_dataexp_v1/visualizations/img_054.jpg,98316,a5dfc74b42d22f6588fe0c3376f8ce5dcba59d7924f66afc4f3e8ef9a868e72d
reports/prd_3_1_v1/core_regression_v3_b1_dataexp_v1/visualizations/img_055.jpg,63270,758a51e03671bb3f264ea34b953ef86064e71b1317b7ababb8bbf098026cbac0
reports/prd_3_1_v1/core_regression_v3_b1_dataexp_v1/visualizations/img_056.jpg,69293,c185e1a7d48e2c9dd0d566e709fa1e1b5315f139ba6355aa74afae229f210947
reports/prd_3_1_v1/core_regression_v3_b1_dataexp_v1/visualizations/img_057.jpg,83740,4b51f78f7e86b2d5548f283ff8fe53b0867ae476d38cc74ba21ebd02cad60922
reports/prd_3_1_v1/core_regression_v3_b1_dataexp_v1/visualizations/img_058.jpg,96666,1d613b0a1934ce621be3bbd4b42881a3f52acd92c1dc9d867588f67b01a95687
reports/prd_3_1_v1/core_regression_v3_b1_dataexp_v1/visualizations/img_059.jpg,78265,f639aae96d2426b1859d44803f0af6ca8fa3d7b768421baab8f9fffbb8487e60
reports/prd_3_1_v1/core_regression_v3_b1_dataexp_v1/visualizations/img_060.jpg,123889,e6e128c856de512ecbccd261cad0729b867c98d0e4051a0ff6628d35f1f7cf45
reports/prd_3_1_v1/core_regression_v3_b1_dataexp_v1/visualizations/img_061.jpg,92554,176b403b6408b79e3b89cd91fa7f3d5ff5d8db0badc1b254eedc9ed54ccc56d4
reports/prd_3_1_v1/core_regression_v3_b1_dataexp_v1/visualizations/img_062.jpg,91761,d8cd89c7d93deb8f9e30fd7cd705ac386ffcc8f1c95b49f04872da7c77f2a387
reports/prd_3_1_v1/core_regression_v3_b1_dataexp_v1/visualizations/img_063.jpg,40419,976eb88b8d348a92fb841fbccc50788ee608bc1cf9760c818b170055d8a49840
reports/prd_3_1_v1/core_regression_v3_b1_dataexp_v1/visualizations/img_064.jpg,56451,bd2404f72b5910489cd3c44a9e8fbf6feee2cfd5d3b1713b9c2fa27add8f5b8d
reports/prd_3_1_v1/core_regression_v3_b1_dataexp_v1/visualizations/img_065.jpg,82015,5a38f7205a60290a4542fb2fc3ba9722ed9c7431eadd6459c9e75a386435fc1e
reports/prd_3_1_v1/core_regression_v3_b1_dataexp_v1/visualizations/img_066.jpg,181858,f005cb6b80b644ec75d794ad05ea9bcc741fa09697d3ebc723f23db0b559db4a
reports/prd_3_1_v1/core_regression_v3_b1_dataexp_v1/visualizations/img_067.jpg,76737,d8fa4cfa7350395e919d88312e569237e1304e37fb44aa71947bf6b6144d7b49
reports/prd_3_1_v1/core_regression_v3_b1_dataexp_v1/visualizations/img_068.jpg,46961,cf0eff68351e0db8dab1ed5ee49ff6cab439c0f93a86ea25bc570120e6d8c61a
reports/prd_3_1_v1/core_regression_v3_b1_dataexp_v1/visualizations/img_069.jpg,59505,a7e558a021e0ae29f3bdd3d59c7e8cd027d035071e1f5a1bb878cbfae8971635
reports/prd_3_1_v1/core_regression_v3_b1_dataexp_v1/visualizations/img_070.jpg,80630,2d81e2f50872a0308cdd8895d18f54174cff7c047d224de52e38f71de2a36009
reports/prd_3_1_v1/core_regression_v3_b1_dataexp_v1/visualizations/img_071.jpg,67644,861038380f673edcdd378091997331fabbe7db1ca046472376c90c20d5bc19f9
reports/prd_3_1_v1/core_regression_v3_b1_dataexp_v1/visualizations/img_072.jpg,64679,7de7b6e825a5c64eab793b84b1665714d0303d202a1fb319e2eb4ccd7466cc24
reports/prd_3_1_v1/core_regression_v3_b1_dataexp_v1/visualizations/img_073.jpg,247903,e7df23d11a7a24a226c50743df8e632321eff4110bb65ee9924a5d4a5559a4ea
reports/prd_3_1_v1/core_regression_v3_b1_dataexp_v1/visualizations/img_074.jpg,57443,b6e95dda4c3e28a45da70fb1d09764544bd5140e2da0799018ae4a125e83198c
reports/prd_3_1_v1/core_regression_v3_b1_dataexp_v1/visualizations/img_075.jpg,51103,34c75c4f3df0ea597aff2d743ad2fbd369405a96abc2c38021b174ac252d4a0a
reports/prd_3_1_v1/core_regression_v3_b1_dataexp_v1/visualizations/img_076.jpg,98921,635d1886d4b851c7da8ad701851f45c435dc6f8d2b8c2f513dad7394950628a8
reports/prd_3_1_v1/core_regression_v3_b1_dataexp_v1/visualizations/img_077.jpg,35979,0e43537aba390850547a3ea665244fc9d734e69aecfbf4745bbf5f9e33f465a5
reports/prd_3_1_v1/core_regression_v3_b1_dataexp_v1/visualizations/img_078.jpg,108475,3fdc4c29864bc6fa569360441dcf54d6deb2bd4351ba74775b2bcb27c3a5b399
reports/prd_3_1_v1/core_regression_v3_b1_dataexp_v1/visualizations/img_079.jpg,36143,b7f256efac878ca221a92d1c971adbbed8b28998c183e39fde24883e8f87fac5
reports/prd_3_1_v1/core_regression_v3_b1_dataexp_v1/visualizations/img_080.jpg,96475,15d17960a0dcfce6b7df76cca20353077f127d0a1efd0711097890f97b6d311e
reports/prd_3_1_v1/core_regression_v3_b1_dataexp_v1/visualizations/img_081.jpg,111524,0911019efe3d5c2a4a40e16135dffe05f7bcf31c42b6251f93865cc9983f2045
reports/prd_3_1_v1/core_regression_v3_b1_dataexp_v1/visualizations/img_082.jpg,313925,b8808d6b74286cb31b08e4fe7966dab42dea927bed4530c5266eb47a5795c9d6
reports/prd_3_1_v1/core_regression_v3_b1_dataexp_v1/visualizations/img_083.jpg,100041,a839035dc2145b096b2921d010b43f729a58375a42158726291d3856f8d54f4e
reports/prd_3_1_v1/core_regression_v3_b1_dataexp_v1/visualizations/img_084.jpg,97197,69d50e22df8742de06ed825aac36337189cd0c2afee3a28f69ae6f31f0b182b5
reports/prd_3_1_v1/core_regression_v3_b1_dataexp_v1/visualizations/img_085.jpg,64281,c2bc25d7b90f7d20b5f40d7e58bd3cb80e18a5826d81b495d005dfd821a5f9c2
reports/prd_3_1_v1/core_regression_v3_b1_dataexp_v1/visualizations/img_086.jpg,64836,918a1cb1d78d3fb2871ac8288e5436c145e0db64212513ffc8919b2bc5b21507
reports/prd_3_1_v1/core_regression_v3_b1_dataexp_v1/visualizations/img_087.jpg,52864,fe62de020abe487ae68b87f2a7c5930424cd5dddd6c72fa678d66113b910b195
reports/prd_3_1_v1/core_regression_v3_b1_dataexp_v1/visualizations/img_088.jpg,34129,dce7205dfb70c85b9b2c31e6c4c4b3b53e67b21429251fb3b993bd22febf7158
reports/prd_3_1_v1/core_regression_v3_b1_dataexp_v1/visualizations/img_089.jpg,124877,9c4364b678904806ebeb5c8b715c86f9674647d37c637f63219b03acdedc9398
reports/prd_3_1_v1/core_regression_v3_b1_dataexp_v1/visualizations/img_090.jpg,99460,5aff0544bfa90842f4f911fda0cb568dbcd8353a171d1956e9d100118ce59226
reports/prd_3_1_v1/core_regression_v3_b1_dataexp_v1/visualizations/img_091.jpg,45771,d2e09eed843be490f7ea4c3153459eecdb8a508750d92cd66a91c460ff69037b
reports/prd_3_1_v1/core_regression_v3_b1_dataexp_v1/visualizations/img_092.jpg,61962,58821c88dc6e3ba711ddb8898e009e452d062d98ee87b145b159858769af55dc
reports/prd_3_1_v1/core_regression_v3_b1_dataexp_v1/visualizations/img_093.jpg,53499,2e9268e650550e1d63a06c4294ce113a429209e2421e7c0e9aaa58a30996f019
reports/prd_3_1_v1/core_regression_v3_b1_dataexp_v1/visualizations/img_094.jpg,66065,9f6f7c1069609d69af9b74600a32665672003b2e1a643e5a0381f942876881ca
reports/prd_3_1_v1/core_regression_v3_b1_dataexp_v1/visualizations/img_095.jpg,202497,65970fd72cd068a71e56746d92ecb718f38bff0af04a37aa1adb83e17d6ba37c
reports/prd_3_1_v1/core_regression_v3_b1_dataexp_v1/visualizations/img_096.jpg,73343,21cd566be3bad6e98c6f3825b96364c57dc09c1cda06040abb0cc198c89f2ab7
reports/prd_3_1_v1/core_regression_v3_b1_dataexp_v1/visualizations/img_097.jpg,111802,e2979c9604544c6a889904bad0fa32c30c9b3f9155d0c61d767c0fa5ced1afeb
reports/prd_3_1_v1/core_regression_v3_b1_dataexp_v1/visualizations/img_098.jpg,108421,f0afa4826a57fad60ffa67ff314f85419821120c4b18ba07411f9c708399363e
reports/prd_3_1_v1/core_regression_v3_b1_dataexp_v1/visualizations/img_099.jpg,41266,1f75a1cacc505a4b4ea723f8c21fbb961b18dced9eacd562aa5dc98c453ac6fc
reports/prd_3_1_v1/core_regression_v3_b1_dataexp_v1/visualizations/img_100.jpg,76525,188a8b35dcc98c05247d63f1cb26a8ce71a481a7db7a51f13f8287464f14c791
reports/prd_3_1_v1/core_regression_v3_b1_dataexp_v1/visualizations/img_101.jpg,119435,4e9c4413cc336262ac86e9fb7b40c3ac49162d66616c2efe642b75590a978015
reports/prd_3_1_v1/core_regression_v3_b1_dataexp_v1/visualizations/img_102.jpg,131139,bc2c734b66ff10671548c60fa851c1b831e6bc1e5b2fe1ac259ff9ee6a277e60
reports/prd_3_1_v1/core_regression_v3_b1_dataexp_v1/visualizations/img_103.jpg,64968,35495c474179a5956a79ef36466fce2df7b3a81636cfedfc27de5b3b6fc644a5
reports/prd_3_1_v1/core_regression_v3_b1_dataexp_v1/visualizations/img_104.jpg,68210,5af1e2e0e146fd3bde16a8315b3636c34168110987c0cd697ee85a792c181ad3
reports/prd_3_1_v1/core_regression_v3_b1_dataexp_v1/visualizations/img_105.jpg,127489,ecce59a47b63b988ce57e3ccb2be05bed42d4afba908a0adcc872fe0a50feab5
reports/prd_3_1_v1/core_regression_v3_b1_dataexp_v1/visualizations/img_106.jpg,153479,93fe7c6382fcf1a29d5ad4714ebab63e4d7cb72277d4816f65b5b56ca413f250
reports/prd_3_1_v1/core_regression_v3_b1_dataexp_v1/visualizations/img_107.jpg,38409,e3fa1b3925676d787677f254f7912ae9532a343565dc60020a62c92ec29a5807
reports/prd_3_1_v1/core_regression_v3_b1_dataexp_v1/visualizations/img_108.jpg,139303,079916fa33283f7eb71346cd8d1f6c329392c57efbed81b46cdc907a9cb12299
reports/prd_3_1_v1/core_regression_v3_b1_dataexp_v1/visualizations/img_109.jpg,193373,534e346e85714e19dd61540466d443a1477f98cc07c6cb12d04f21e2fc3ddb6c
reports/prd_3_1_v1/core_regression_v3_b1_dataexp_v1/visualizations/img_110.jpg,158879,44f6c36895c3ee6d0dd0149678f1e75c215ff9cb2d7b45936b9ba9a9abc08acb
reports/prd_3_1_v1/core_regression_v3_b1_dataexp_v1/visualizations/img_111.jpg,119667,cbc5c37132f846f498514c1068ba105bd6483ce74eb43f429a1d95a338eee45b
reports/prd_3_1_v1/core_regression_v3_b1_dataexp_v1/visualizations/img_112.jpg,48508,d1af3af82c876889d512dcc28b58c264f70c124d6deb8c398816c0fdd714dfe3
reports/prd_3_1_v1/core_regression_v3_b1_dataexp_v1/visualizations/img_113.jpg,171781,2413d5ebae6570f61569e22dd62e3fbe85257e3de13951eb26680e8ac723a79b
reports/prd_3_1_v1/core_regression_v3_b1_dataexp_v1/visualizations/img_114.jpg,107922,2d8dd2de75f7f527949a553dc9e3a8d14552a7f455b6a3d85d9cab47a5a3ede6
reports/prd_3_1_v1/core_regression_v3_b1_dataexp_v1/visualizations/img_115.jpg,104225,414ea3ebdee95f7db1b4a1ba615c41ee8321bfe6cabd2e16935eea747fb71df9
reports/prd_3_1_v1/core_regression_v3_b1_dataexp_v1/visualizations/img_116.jpg,45524,44f48aa42d36bceb1f2a6e4e153fcab51880f8c598eb4ea0b8a501f4e15cb01b
reports/prd_3_1_v1/core_regression_v3_b1_dataexp_v1/visualizations/img_117.jpg,100071,8165105a0875d670d88dba044f74526994db8b6bee21d3d1e9fa55e751f79d56
reports/prd_3_1_v1/core_regression_v3_b1_dataexp_v1/visualizations/img_118.jpg,67284,ec09a8d111feb4a9136a8a04b2e2def178bdbc002e8fda83ac246048935f429a
reports/prd_3_1_v1/core_regression_v3_b1_dataexp_v1/visualizations/img_119.jpg,76075,58bb48da17d440ad8bed84493f92228475f6b644594d75d4f89826de7574607a
reports/prd_3_1_v1/core_regression_v3_b1_dataexp_v1/visualizations/img_120.jpg,87081,cc2c61c56b4e123f2b850bc2660aeabf4ded6c2637e8c766b1272883919ac52f
reports/prd_3_1_v1/core_regression_v3_b1_dataexp_v1/visualizations/img_121.jpg,51801,09c8ba98f486231ae09b8e2b04963846eecabac6955756cb397dbc4eca6581d6
reports/prd_3_1_v1/core_regression_v3_b1_dataexp_v1/visualizations/img_122.jpg,71574,3383264766ff1e6ea6dd5599db8aa344b7e35e88263676917a300b13f3b53002
reports/prd_3_1_v1/core_regression_v3_b1_dataexp_v1/visualizations/img_123.jpg,116936,c7cfb98f137dd88f268f2c3f82dadde65abe3fe157c934b90b79f4b13deb3c6c
reports/prd_3_1_v1/core_regression_v3_b1_dataexp_v1/visualizations/img_124.jpg,179176,5ec6b026d88499bb5e101c314991def9cd652a0ea67508e1e605890299196b36
reports/prd_3_1_v1/core_regression_v3_b1_dataexp_v1/visualizations/img_125.jpg,112368,9cdba3d47a1b47bed58357436cfe3595a8191888bcfb567a506148861c6774f8
reports/prd_3_1_v1/core_regression_v3_b1_dataexp_v1/visualizations/img_126.jpg,95821,e493e8371eb224c746e3f503a6be8a479fb8fb17053fd3ccefe31fa4f85695ba
reports/prd_3_1_v1/core_regression_v3_b1_dataexp_v1/visualizations/img_127.jpg,69040,2985b90b411a4f4f68553ddcd9c280c715782c29b060ab08b3234f3d4bff5b82
reports/prd_3_1_v1/core_regression_v3_b1_dataexp_v1/visualizations/img_128.jpg,38398,fca40b591f3901d97802d365e8d50db1634a238f6b36055f0034ce79043ed8c9
reports/prd_3_1_v1/core_regression_v3_b1_dataexp_v1/visualizations/img_129.jpg,145494,faa1e7582ec2233340d6aac849ca51a2d983a33a79c3b5559b197edd96c0f268
reports/prd_3_1_v1/core_regression_v3_b1_dataexp_v1/visualizations/img_130.jpg,179454,0e87aa05455d9b239259cc4527ee60a27b409412fdd54c55a45d75f0b8d31f43
reports/prd_3_1_v1/core_regression_v3_b1_dataexp_v1/visualizations/img_131.jpg,106995,01f1e7e638b89faddf85116d124a51c06e437cc9147713902f56acbf6f543d68
reports/prd_3_1_v1/core_regression_v3_b1_dataexp_v1/visualizations/img_132.jpg,63446,8903ef4c96ab4cacfd92cdf0ce3d7391ded2850259a983ceb30eca186450759e
reports/prd_3_1_v1/core_regression_v3_b1_dataexp_v1/visualizations/img_133.jpg,134025,02fa2cc2fe70ef88b5a1bbabbbd2a525bfbe6d3eb02a24bda290a9a12bccac4e
reports/prd_3_1_v1/core_regression_v3_b1_dataexp_v1/visualizations/img_134.jpg,156331,02b4859f66f36e8c769a21aae28d3bf8efd6be1fcece65f90bbe9e68175bf5aa
reports/prd_3_1_v1/core_regression_v3_b1_dataexp_v1/visualizations/img_135.jpg,147623,3d4db2bdf2372b52e4a3020099fc320e99de180aef3454fc99d4b2922e25f10d
reports/prd_3_1_v1/core_regression_v3_b1_dataexp_v1/visualizations/img_136.jpg,90200,d002d5869cf10d4fbc022f03e02fa4c4aefe9dd4aa46e12b7b9b43cbe1f215e0
reports/prd_3_1_v1/core_regression_v3_b1_dataexp_v1/visualizations/img_137.jpg,70064,ea23dcdad9052fe79065b9f60bfd0aa5593e9781fede9de359e38bea8d520ba1
reports/prd_3_1_v1/core_regression_v3_b1_dataexp_v1/visualizations/img_138.jpg,171325,6d68ec73f08da4093f897fb9a324e9a9b3717ccbdde45f8daab842cf02b1f7d3
reports/prd_3_1_v1/core_regression_v3_b1_dataexp_v1/visualizations/img_139.jpg,46287,5feb481b7c396408baef62268a237f64449244ede25efda535e673e999c57e04
reports/prd_3_1_v1/core_regression_v3_b1_dataexp_v1/visualizations/img_140.jpg,272235,f5c19c0c6bd145f3d6106fabc17e9149039cac03966861bc16994d927f89b66d
reports/prd_3_1_v1/core_regression_v3_b1_dataexp_v1/visualizations/img_141.jpg,87414,1f31589b417270c9e78a97b3dde34a1bcc386f58f12912fb3536592ce811832c
reports/prd_3_1_v1/core_regression_v3_b1_dataexp_v1/visualizations/img_142.jpg,81134,b28ba4a8479ad837fdda18cf6b5f8c176f8d4c3024b917c8a812e05f8eacbc16
reports/prd_3_1_v1/core_regression_v3_b1_dataexp_v1/visualizations/img_143.jpg,78282,b40b19d166788bdfb8306acdd3eed835165f9fb50d37584ef4e086cc6dc3987a
reports/prd_3_1_v1/core_regression_v3_b1_dataexp_v1/visualizations/img_144.jpg,105010,d63785123ddd9fbf98cc41ecc0f9a4b935f1934b0c5fbd98f9d4fcae211d061d
reports/prd_3_1_v1/core_regression_v3_b1_dataexp_v1/visualizations/img_145.jpg,102249,0a5338898ac8224b7870f07192605caca0323a3b69f81e58159edf97928f1d48
reports/prd_3_1_v1/core_regression_v3_b1_dataexp_v1/visualizations/img_146.jpg,64975,9329da33e730f2f43f205305fbad22750100fa56040a86de25ddb9d424a1476b
reports/prd_3_1_v1/core_regression_v3_b1_dataexp_v1/visualizations/img_147.jpg,45694,1cfc7226c9bdb2334e4b8d69ac6d307db3c75a703896dc104acb8f438263a486
reports/prd_3_1_v1/core_regression_v3_b1_dataexp_v1/visualizations/img_148.jpg,111504,5c290b1331b216a4c7b0b93c3d5a61fa3290bcfa2a2617662643c5267731077d
reports/prd_3_1_v1/core_regression_v3_b1_dataexp_v1/visualizations/img_149.jpg,82314,c8e8727e78ddb8e88312deae532ebb086731f2e2c8f12b5a6bb72d3d716b57a9
reports/prd_3_1_v1/core_regression_v3_b1_dataexp_v1/visualizations/img_150.jpg,82563,e987d0fdf5ac6e80083c361fba033a1f921531a9fa648610629297906886f50c
reports/prd_3_1_v1/core_regression_v3_b1_dataexp_v1/visualizations/img_151.jpg,88248,4f0a44159504472bbfb3d09195d4a508a6fc16a930edf5594dff87640e132c52
reports/prd_3_1_v1/core_regression_v3_b1_dataexp_v1/visualizations/img_152.jpg,232893,7a0d4585c34549d607ac47cd2e86ff3a228b6b81e5927740a9e1314fe91d1ff7
reports/prd_3_1_v1/core_regression_v3_b1_dataexp_v1/visualizations/img_153.jpg,68608,cc2a1f552fa0a3e0a4d57fec821b52f6a6545ff9ec1b69802037c5bf19fb00ed
reports/prd_3_1_v1/core_regression_v3_b1_dataexp_v1/visualizations/img_154.jpg,78265,0c57af46143e35b723336a63c8977a17a3351c8187d08d0125fc4e0a509c547d
reports/prd_3_1_v1/core_regression_v3_b1_dataexp_v1/visualizations/img_155.jpg,55570,9131f86ee52fd30b7abb40c20071347f52956fdc7dac9fe282a890bf6598e578
reports/prd_3_1_v1/core_regression_v3_b1_dataexp_v1/visualizations/img_156.jpg,63129,8e1e718c6e08574edaeea823a710f65c693ec40baa1835690f2fab596e9e00ae
reports/prd_3_1_v1/core_regression_v3_b1_dataexp_v1/visualizations/img_157.jpg,150355,3827025b4f74fd8cb8e9f8d9b977e100db96155384b64ea4f5666d4935e6f8ef
reports/prd_3_1_v1/core_regression_v3_b1_dataexp_v1/visualizations/img_158.jpg,52938,17336479204309f76a248dceab7d8296659601f8009e0d39450ff59784c6cddb
reports/prd_3_1_v1/core_regression_v3_b1_dataexp_v1/visualizations/img_159.jpg,75146,7eba84f0e44e152dcad63925e1e343462e6ec9e75deea1c56b3fda1a22974305
reports/prd_3_1_v1/core_regression_v3_b1_dataexp_v1/visualizations/img_160.jpg,81007,323c2a77099d164e32610deb691120041ffc68ea7e5120a2b92d0e4d8692a4ae
reports/prd_3_1_v1/core_regression_v3_b1_dataexp_v1/visualizations/img_161.jpg,92759,d7f743eda00ec1e30853cb1612501aaac9d119b83e63a5d5b7f76f876de66f5b
reports/prd_3_1_v1/core_regression_v3_b1_dataexp_v1/visualizations/img_162.jpg,75048,81ecf7f1048632920954faef8c0fa7b8d97a6696dd19d0c36cd437d1d25d6a15
reports/prd_3_1_v1/core_regression_v3_b1_dataexp_v1/visualizations/img_163.jpg,122780,8716c0a294666c99ac6e20f14a4082ae4234632a0cdfbae6148f6f25eeb617f6
reports/prd_3_1_v1/core_regression_v3_b1_dataexp_v1/visualizations/img_164.jpg,140696,5cb21f9d4b7df11afd24b4d7ec1730c8eb1b63d9baf1be9d8fe0153b4e8af6a2
reports/prd_3_1_v1/core_regression_v3_b1_dataexp_v1/visualizations/img_165.jpg,84143,e5eec50934d87b2cf1e8eb788a46ecb5bbc74bbe0259a0e3b53cf48742c5e2e6
reports/prd_3_1_v1/core_regression_v3_b1_dataexp_v1/visualizations/img_166.jpg,94990,d235834794237b94bf384b5483c3b9eb7d56dd37aaa6a2daad54b4bedebcc409
reports/prd_3_1_v1/core_regression_v3_b1_dataexp_v1/visualizations/img_167.jpg,52653,313ef3f9c95f10d1b155c9c837766680a201d56f8b900118bc6fdf91d339086b
reports/prd_3_1_v1/core_regression_v3_b1_dataexp_v1/visualizations/img_168.jpg,72548,c7e8b69dc1c7fd2b3978dd0321315f7eba3af99dbda094e0bc49057ccf6c27d4
reports/prd_3_1_v1/core_regression_v3_b1_dataexp_v1/visualizations/img_169.jpg,77636,c23cf0f877689078d908802589ecf5b94c391a886fad08188ee1afb7067468d1
reports/prd_3_1_v1/core_regression_v3_b1_dataexp_v1/visualizations/img_170.jpg,69062,1cfaca191e8b4b5ae7cde4f81bc5b742858ea500b64f999b25b69a998c88ea23
reports/prd_3_1_v1/core_regression_v3_b1_dataexp_v1/visualizations/img_171.jpg,61043,f65723b986f9a44e8621cc37409ee9d697f54d081c9cdf066594daf3bc09c0e4
reports/prd_3_1_v1/core_regression_v3_b1_dataexp_v1/visualizations/img_172.jpg,100160,3acc9750a768db4a0812c98fb90d114280fb9d559fa1c673b1c909c4e6119542
reports/prd_3_1_v1/core_regression_v3_b1_dataexp_v1/visualizations/img_173.jpg,131608,892b1f15f818b3951a7477fe32196396b1d16ea6220cb82808bb9a225f9f8944
reports/prd_3_1_v1/core_regression_v3_b1_dataexp_v1/visualizations/img_174.jpg,72388,7d40505e4bc9f23aa905468594ff2e5c8c86c168f29b60d93eb59e8ea93e4e36
reports/prd_3_1_v1/core_regression_v3_b1_dataexp_v1/visualizations/img_175.jpg,68862,c4574d193111f8bb153358544cf2a7bc478596b8cacf5b89ff5613ecce3bfbd6
reports/prd_3_1_v1/core_regression_v3_b1_dataexp_v1/visualizations/img_176.jpg,115685,f7c15deee460559fd972d1fdb8f341bda99b614162479eab8fccba77293459b1
reports/prd_3_1_v1/core_regression_v3_b1_dataexp_v1/visualizations/img_177.jpg,123987,7dcce84b38b053c5a656e4a5d0fff030189273b12c9a8cb560c9d345842270e2
reports/prd_3_1_v1/core_regression_v3_b1_dataexp_v1/visualizations/img_178.jpg,153691,9487699f1b2ec92f77a0ccc9635be8e018a72d6cf37c88a35f97b2fe579619d2
reports/prd_3_1_v1/core_regression_v3_b1_dataexp_v1/visualizations/img_179.jpg,98252,6d08115a63869d801116009a7212c0586dd2acce0783239cdade9457e1306432
reports/prd_3_1_v1/core_regression_v3_b1_dataexp_v1/visualizations/img_180.jpg,68345,2d4f1444e125cfa2d8d433bb81188f7f7a92a93170d49f4d84b6e21926264dbc
reports/prd_3_1_v1/core_regression_v3_b1_dataexp_v1/visualizations/img_181.jpg,176739,fe4d7de167495e473282583c74d043822af8dba224c5f212811ee2b3ab0474f1
reports/prd_3_1_v1/core_regression_v3_b1_dataexp_v1/visualizations/img_182.jpg,57346,0339feed2c85a9156cd8176b0c6fe65bc1f628de5cfb66f09684b594c3313409
reports/prd_3_1_v1/core_regression_v3_b1_dataexp_v1/visualizations/img_183.jpg,69709,bb8a699d72c3978e81beeac63a309c7d112f0ea5a3e833d93373cf5b561283c7
reports/prd_3_1_v1/core_regression_v3_b1_dataexp_v1/visualizations/img_184.jpg,55398,a4374e9da528c16a7e5f7c2d597e0a3da7217c6e36b48978e5de7bca8763a469
reports/prd_3_1_v1/core_regression_v3_b1_dataexp_v1/visualizations/img_185.jpg,44977,dac051b276301eaabab4de2170fdb4eb2a542cf59da9165d6bc3fba776416ffa
reports/prd_3_1_v1/core_regression_v3_b1_dataexp_v1/visualizations/img_186.jpg,89012,966a157bcc0f5603ca2384e0352dbef1978183b147abbdfd82b913aae3894e33
reports/prd_3_1_v1/core_regression_v3_b1_dataexp_v1/visualizations/img_187.jpg,187446,63aa5a24471126a6e63cab392a6be4e96b84f65e0e8cbdeb59445f2188eb38d9
reports/prd_3_1_v1/core_regression_v3_b1_dataexp_v1/visualizations/img_188.jpg,106508,19a7312222aec252329cce067ad12047cf986d466b7cda93aa9742a4f5e04976
reports/prd_3_1_v1/core_regression_v3_b1_dataexp_v1/visualizations/img_189.jpg,130752,9ad7628836287777a11110acbfe071864cccf041ccdd0c074c7a89439fe6dc49
reports/prd_3_1_v1/core_regression_v3_b1_dataexp_v1/visualizations/img_190.jpg,50778,c95b814821014d2b8ace7e5810b763b8ad280f20369669be9e571df380efd8af
reports/prd_3_1_v1/core_regression_v3_b1_dataexp_v1/visualizations/img_191.jpg,87251,3c3c1cde4642f8fbff9f84d99ef569c3279dd6670698bb22fac0b3d028978ed5
reports/prd_3_1_v1/core_regression_v3_b1_dataexp_v1/visualizations/img_192.jpg,61111,bb97cbd919411f7092e5adb0c1de0e7fe6aed125db4afc8cf69a9d3c05f561ac
reports/prd_3_1_v1/core_regression_v3_b1_dataexp_v1/visualizations/img_193.jpg,155452,1d0f8df8fb305f0aaafe0ff637f9dc7a323f59a763158f12222592b97789ebd4
reports/prd_3_1_v1/core_regression_v3_b1_dataexp_v1/visualizations/img_194.jpg,71669,503d18e688646061f396289d3b40b19c002bfb5c935b1d571588cfb383e4cac0
reports/prd_3_1_v1/core_regression_v3_b1_dataexp_v1/visualizations/img_195.jpg,55019,4d25786740562d41e7314dce1a4953b20a1d0030b0d8980fe889a909f28d1994
reports/prd_3_1_v1/core_regression_v3_b1_dataexp_v1/visualizations/img_196.jpg,110001,01f13b0e6a86d853fd6876a86a26a9165892909e86e1d11ea1a3a3d2d4bd51b9
reports/prd_3_1_v1/core_regression_v3_b1_dataexp_v1/visualizations/img_197.jpg,39245,5d5701fb247f9c513dd59dd5348457f1b451a4d80dc5deada20f4796c7d4f52c
reports/prd_3_1_v1/core_regression_v3_b1_dataexp_v1/visualizations/img_198.jpg,78580,d818befb0f31898a9f75cd8494ed87a55eae4d6febc31e9a19cfab8489a9d20d
reports/prd_3_1_v1/core_regression_v3_b1_dataexp_v1/visualizations/img_199.jpg,62260,c658fa973b4cbf3eba03604be32da8bce72d0411ca14f97bf1dd4788769c70f6
reports/prd_3_1_v1/core_regression_v3_b1_dataexp_v1/visualizations/img_200.jpg,49907,82b2dbb993eb2697ed72557ed6401aea4dacefb59a1926c26dbcf9a6255c21f2
reports/prd_3_1_v1/core_regression_v3_b1_dataexp_v1/visualizations/img_201.jpg,215410,d9e68c9c79c3d7a22506b4d825e39eadd4b53630f6d0590f917304fefa1668c8
reports/prd_3_1_v1/core_regression_v3_b1_dataexp_v1/visualizations/img_202.jpg,117486,1ef894a7f7badf4365660ef3aa2564a1edba6f5371a048f54bbca44038943949
reports/prd_3_1_v1/core_regression_v3_b1_dataexp_v1/visualizations/img_203.jpg,119515,e289292797c3eea6926e9ef131bab8d3a42ac71f21cdb5955744b3ed9d893b5f
reports/prd_3_1_v1/core_regression_v3_b1_dataexp_v1/visualizations/img_204.jpg,176929,773cbe195f4fa7dde6c9e8cdb5dba6e6ceaf3cc75c96087e6d4f64e658f81d26
reports/prd_3_1_v1/core_regression_v3_b1_dataexp_v1/visualizations/img_205.jpg,102899,c50525e330d631d810e50f95db20d8534eebd4d986787884c23b7ec8df8a67c9
reports/prd_3_1_v1/core_regression_v3_b1_dataexp_v1/visualizations/img_206.jpg,78427,6ccbdda45f2862d1d04bfa654f8f5855fbdd746b967f31e04ff75bf4a4ca7e85
reports/prd_3_1_v1/core_regression_v3_b1_dataexp_v1/visualizations/img_207.jpg,219299,2a7e1c852b3ffd3a27112e51551c136bd4d973bdeebc31ae3b942970ac1abaec
reports/prd_3_1_v1/core_regression_v3_b1_dataexp_v1/visualizations/img_208.jpg,41463,f777d5c2ea331e631a4535afb0d2bea0a20decde215cfa252974484e0c34c09a
reports/prd_3_1_v1/core_regression_v3_b1_dataexp_v1/visualizations/img_209.jpg,62232,811bba4a38f51da9fc579b47cd4ef448cdc16a84687802fb80334a9356e66b18
reports/prd_3_1_v1/core_regression_v3_b1_dataexp_v1/visualizations/img_210.jpg,154615,c1ce05d8d083f8bce197fe6044fa0a64ca1fa0913f10c3bb05f5b52250af867d
reports/prd_3_1_v1/core_regression_v3_b1_dataexp_v1/visualizations/img_211.jpg,116966,2e9dbb91be3114f0b427912a0118a19768cf7b7e86c3e174f75cada504c5ab3e
reports/prd_3_1_v1/core_regression_v3_b1_dataexp_v1/visualizations/img_212.jpg,81879,7c70eb866b89aa89f23f4f97c9a10e1a070afbf4eedfb9184dcdc137f1b1cfd1
reports/prd_3_1_v1/core_regression_v3_b1_dataexp_v1/visualizations/img_213.jpg,89854,6ffabc48ec01937ce45c4809cb3c02a462986735e902896e35ff45a2b26a5e11
reports/prd_3_1_v1/core_regression_v3_b1_dataexp_v1/visualizations/img_214.jpg,45193,8277ab8d93692a7eaf268955d11a249b7e368c2aaf2d2d135059dfac85a1bb80
reports/prd_3_1_v1/core_regression_v3_b1_dataexp_v1/visualizations/img_215.jpg,65783,bbe9a331f065f8196070d6b87c2a83ca9d422d2a942248696f42f70162cd1708
reports/prd_3_1_v1/core_regression_v3_b1_dataexp_v1/visualizations/img_216.jpg,91229,bc5bada0df35560831ef80242afad03ae3b4d8a3bb0d2e1cff4136ff8691a341
reports/prd_3_1_v1/core_regression_v3_b1_dataexp_v1/visualizations/img_217.jpg,36027,07a285a0beabee4f628cec5992b4060b148e9e8dc93d072cb2b6e8f0f9727813
reports/prd_3_1_v1/core_regression_v3_b1_dataexp_v1/visualizations/img_218.jpg,52724,a04cdd97ffa8d9683234e087ce42721334f2f964dd6a26433876f8b15195a235
reports/prd_3_1_v1/core_regression_v3_b1_dataexp_v1/visualizations/img_219.jpg,43855,10775b78f2438eadb8f121a0da1964c8388df7e4e9ca716a9a74db44e74718ee
reports/prd_3_1_v1/core_regression_v3_b1_dataexp_v1/visualizations/img_220.jpg,49185,78121e108952f4e7bdbb39ece84d3ba0aee1986ba6e4ddc0d5d93d362e4c2949
reports/prd_3_1_v1/core_regression_v3_b1_dataexp_v1/visualizations/img_221.jpg,59999,2a34e1f16917d60d673df0ada526ea9230d803ffb431136f40aed49782d9f066
reports/prd_3_1_v1/core_regression_v3_b1_dataexp_v1/visualizations/img_222.jpg,62133,5b7ce4032459f6e3214cc9a237fc4f523d76760d2b0382c5ac0bed2a035913cd
reports/prd_3_1_v1/core_regression_v3_b1_dataexp_v1/visualizations/img_223.jpg,90227,f27071f6b1bd40b91e181614f3a93636f4ec23d247c453e05d7430d42ac9eb86
reports/prd_3_1_v1/core_regression_v3_b1_dataexp_v1/visualizations/img_224.jpg,66558,2af3dd2f879ffd0c249961dc60c8ed466880c3c34a664848b48048fd293f5a34
reports/prd_3_1_v1/core_regression_v3_b1_dataexp_v1/visualizations/img_225.jpg,97437,0a604879c641cac4118a1ec85dd0dbd00f61ffe4c4142bef8d26b6bab7bf7f7b
reports/prd_3_1_v1/core_regression_v3_b1_dataexp_v1/visualizations/img_226.jpg,95132,159ce618bf89d69890bcfca1a8f909ea91c8397e19f5fe6e7f5f3d11ac246081
reports/prd_3_1_v1/core_regression_v3_b1_dataexp_v1/visualizations/img_227.jpg,41946,783ab5ac32319f5c6e25a35a9cddd265043466315c4d811807a30505d4304e20
reports/prd_3_1_v1/core_regression_v3_b1_dataexp_v1/visualizations/img_228.jpg,159046,f2dfa0cf6deee1b11f87cae28305fa19f343e735aff8f2725ec02fe9b0b66fa8
reports/prd_3_1_v1/core_regression_v3_b1_dataexp_v1/visualizations/img_229.jpg,151388,ddc4ee056131eb65347985ddabde4e9b38e0c3c9664c4630ecb8b01d4de4aef1
reports/prd_3_1_v1/core_regression_v3_b1_dataexp_v1/visualizations/img_230.jpg,76180,3f5abd0a07ae1fc8944a60b61a6b8ee7fc6ca28ca41adbe3f93a8db887a29aeb
reports/prd_3_1_v1/core_regression_v3_b1_dataexp_v1/visualizations/img_231.jpg,100246,f99f1a3752ff8c9cf90e434c20315029bac1fa55b8cea50e98f2ce7d9c9dc168
reports/prd_3_1_v1/core_regression_v3_b1_dataexp_v1/visualizations/img_232.jpg,111425,d9900b0442dd635b9c19069472a370ad0242ba9793f9969dc694277bf5367595
reports/prd_3_1_v1/core_regression_v3_b1_dataexp_v1/visualizations/img_233.jpg,52572,0272a2ff2f269603169e6ec6dac482e2a8c05cd725a05e25cfc5b2693cad754e
reports/prd_3_1_v1/core_regression_v3_b1_dataexp_v1/visualizations/img_234.jpg,124053,e8442efd5c59c871555222e6537951259d4ffb05aebe66209a131e09b6a5ea94
reports/prd_3_1_v1/core_regression_v3_b1_dataexp_v1/visualizations/img_235.jpg,95437,08a106345a40f59fbc0f3eec7d02793d163c0695b656e4ce97c03d3ddfbff676
reports/prd_3_1_v1/core_regression_v3_b1_dataexp_v1/visualizations/img_236.jpg,120033,c64c1d6ec20b9cfb2eec3fa9dd9201da863aa0ff4da02e089719cb505a6b4cef
reports/prd_3_1_v1/core_regression_v3_b1_dataexp_v1/visualizations/img_237.jpg,89407,ec8a3ae074e8a03dcb73bc7a5decc5208d402f98c0811b5a82c143f4ec5b46e0
reports/prd_3_1_v1/core_regression_v3_b1_dataexp_v1/visualizations/img_238.jpg,69681,257eca2f3df05e85b47deaf346f933d24628218fafa497b30df7c77df4483f66
reports/prd_3_1_v1/core_regression_v3_b1_dataexp_v1/visualizations/img_239.jpg,47387,958bbaffebc958cb27507cf72425c3331f5cb80ffe192656b5b2b1beb12a935c
reports/prd_3_1_v1/core_regression_v3_b1_dataexp_v1/visualizations/img_240.jpg,140673,f737b95fdb98ce9e359db2cf129bace5cb4c80b08285abd1587afd42cf6fee5b
reports/prd_3_1_v1/core_regression_v3_b1_dataexp_v1/visualizations/img_241.jpg,75270,596ba2a5caccf5762ebc59de60743d77b2d84ec71c37ffa41aca068268797816
reports/prd_3_1_v1/core_regression_v3_b1_dataexp_v1/visualizations/img_242.jpg,95479,0dad45575fd81cfa62cc38508e308af60c6ac91bd5dadff11ce9ecd2eed6f3aa
reports/prd_3_1_v1/core_regression_v3_b1_dataexp_v1/visualizations/img_243.jpg,80027,36415f9b4bc356f18af33e448667e658403f52e3a138adfe00e4b7037e215708
reports/prd_3_1_v1/core_regression_v3_b1_dataexp_v1/visualizations/img_244.jpg,144467,ba30e755127289eebc914376ba24ffd93fa5b4a8422a6616f671e5fa51db8d93
reports/prd_3_1_v1/core_regression_v3_b1_dataexp_v1/visualizations/img_245.jpg,94684,10a5c5a94643f8960218166f022681076d1adf974c6d101941e00c0b7254b35b
reports/prd_3_1_v1/core_regression_v3_b1_dataexp_v1/visualizations/img_246.jpg,106107,d9e58bf51a5e263e6251d7b2dd3e79d016aa69d7e2a98c65c2e82fb7ce828164
reports/prd_3_1_v1/core_regression_v3_b1_dataexp_v1/visualizations/img_247.jpg,77044,460f170e6eabf0fd44dd579935b22a6624b65864fea6bd8607947174c2db2b4a
reports/prd_3_1_v1/core_regression_v3_b1_dataexp_v1/visualizations/img_248.jpg,70171,52ce771ee3ed463c35c0e2728dce6072f08625e8e39a67d30ff88deb87da7c76
reports/prd_3_1_v1/core_regression_v3_b1_dataexp_v1/visualizations/img_249.jpg,115541,23cb2f56404f5b74d85057e206ec0bd9baf3d9b0b125439722af50fe9411f839
reports/prd_3_1_v1/core_regression_v3_b1_dataexp_v1/visualizations/img_250.jpg,118783,f207b3d9b0f505d610818d689a3f44fb03dc80e9893d23d339c9b79b2942aec8
reports/prd_3_1_v1/core_regression_v3_b1_dataexp_v1/visualizations/img_251.jpg,60730,5d3246412640bd44e8348c57705bc5dc44a3c00efca6a99fb1c070a7f6e0faef
reports/prd_3_1_v1/core_regression_v3_b1_dataexp_v1/visualizations/img_252.jpg,144415,d019d75f228988df87ab261356a5d2115ab17be1508f983718ba207b57e16ae3
reports/prd_3_1_v1/core_regression_v3_b1_dataexp_v1/visualizations/img_253.jpg,183233,2fc41c8b7966ddd27efdda4d6868a92aa7659bd625df5fec835ebd982af8e752
reports/prd_3_1_v1/core_regression_v3_b1_dataexp_v1/visualizations/img_254.jpg,53504,633ee1c383d03d60b941b4108a723574feaf00278cabc746d6d05dee634f7266
reports/prd_3_1_v1/core_regression_v3_b1_dataexp_v1/visualizations/img_255.jpg,118507,93db967925db9ea17f94e71cdaff3eccd53cca81c37214bc1477816a4b667477
reports/prd_3_1_v1/core_regression_v3_b1_dataexp_v1/visualizations/img_256.jpg,99989,2d5a84601c6563be5dd637f1c324b09bf8b11fb2786a558d7ab0cbd690e01165
reports/prd_3_1_v1/core_regression_v3_b1_dataexp_v1/visualizations/img_257.jpg,135505,f2208be95a2ae4f06776e396c9f978ef19627aabdcea888f997c31d2e5fddc34
reports/prd_3_1_v1/core_regression_v3_b1_dataexp_v1/visualizations/img_258.jpg,172912,b5a69bd6664dfd50b9721df837f2cc2c4dd1fdcd2b92aebfd8911101306eb0ab
reports/prd_3_1_v1/core_regression_v3_b1_dataexp_v1/visualizations/img_259.jpg,107671,eb358b43ff27da5ad07fa48eb41aecbd6d54b4970bc5a9a4f7ec5d8daee55bdd
reports/prd_3_1_v1/core_regression_v3_b1_dataexp_v1/visualizations/img_260.jpg,169005,c425567aa441bc8483c600571d60b089ba27cfbdfe94e4d29f05216f82a39417
reports/prd_3_1_v1/core_regression_v3_b1_dataexp_v1/visualizations/img_261.jpg,79230,bcbedef74468f1a3b2c39211c112fb57dbe4a9bef8dc1f6e8cf4e48ca5b34599
reports/prd_3_1_v1/core_regression_v3_b1_dataexp_v1/visualizations/img_262.jpg,98951,c7f43adf1fe432859f6737e49686aec150f2e2d3b1cac551caf1edf54fb045b6
reports/prd_3_1_v1/core_regression_v3_b1_dataexp_v1/visualizations/img_263.jpg,191467,ec6c38492114a3ea0da60b619148367c8cbe56cb32d3bd8117306dbe697c1565
reports/prd_3_1_v1/core_regression_v3_b1_dataexp_v1/visualizations/img_264.jpg,78455,6039e03a5a4f5a9b1781fcb9ef42eedbcb1c2bc9a584d9abed8522f888512280
reports/prd_3_1_v1/core_regression_v3_b1_dataexp_v1/visualizations/img_265.jpg,131389,82d1c562d4ef9424a884ca6131cec4d59f2c8befd03cbd911f6e068799d32dfe
reports/prd_3_1_v1/core_regression_v3_b1_dataexp_v1/visualizations/img_266.jpg,115776,bd7e9ff9a0f9dd3e0dd35a8df51cbfb8f5dbf687cc2b20c68670586cc17f9632
reports/prd_3_1_v1/core_regression_v3_b1_dataexp_v1/visualizations/img_267.jpg,162905,93f17121fb803315b303b953ac5a4cb6a3ecd2d5a53376e0ebc5e95d0ca0c86b
reports/prd_3_1_v1/core_regression_v3_b1_dataexp_v1/visualizations/img_268.jpg,200931,6c38824d24034ffe4a3884316c01408b6cc8a09d4a2030a67964c670c5132025
reports/prd_3_1_v1/core_regression_v3_b1_dataexp_v1/visualizations/img_269.jpg,112030,e109a68a42df81a349fa14b68c85010a42617b16d6092d003673bcd8a84cc37a
reports/prd_3_1_v1/core_regression_v3_b1_dataexp_v1/visualizations/img_270.jpg,96397,c8cf9915ca47bdff0198b708a78c5c0228dca9e51b0348491540446a2d0a143b
reports/prd_3_1_v1/core_regression_v3_b1_dataexp_v1/visualizations/img_271.jpg,150034,211d7727927d34f8398726597aace218638c99507aea072f9b913a3ba75dc93a
reports/prd_3_1_v1/core_regression_v3_b1_dataexp_v1/visualizations/img_272.jpg,64982,0070d119698e5cb010ff672ebf817cb65703717c5df10fff7acef17d4978a1cb
reports/prd_3_1_v1/core_regression_v3_b1_dataexp_v1/visualizations/img_273.jpg,79303,773d57e5f94d53d5e86b393994ed256567fc93e49f3186b98a71976d0f3df104
reports/prd_3_1_v1/core_regression_v3_b1_dataexp_v1/visualizations/img_274.jpg,100065,6453d52d1ab2349aab4ecc0c3bbc9a2909e0f7431415deed4e57866d2109bfdf
reports/prd_3_1_v1/core_regression_v3_b1_dataexp_v1/visualizations/img_275.jpg,148544,8f1bea976224d5cb589b17716da90c1e02702871f0ab4979523caf4f94a9abb0
reports/prd_3_1_v1/core_regression_v3_b1_dataexp_v1/visualizations/img_276.jpg,184899,b89e5cf2c7f073de79f3669dd5fd836c001f6a714dc4f7c8a2a6301f21452f7a
reports/prd_3_1_v1/core_regression_v3_b1_dataexp_v1/visualizations/img_277.jpg,80928,77d3b15259ad41dc84314256c0adfa091d98b4b7e20d1d359e427069da3e19d2
reports/prd_3_1_v1/core_regression_v3_b1_dataexp_v1/visualizations/img_278.jpg,91715,6a79953e3180918bf58f3d12f0c3e2c059149029aa2d60504b28f7c3cc8e22c0
reports/prd_3_1_v1/core_regression_v3_b1_dataexp_v1/visualizations/img_279.jpg,97675,9743eb42f517d544213d472db1ce26bac65c3918c2ed66e40811f16e7a3d8299
reports/prd_3_1_v1/core_regression_v3_b1_dataexp_v1/visualizations/img_280.jpg,73909,429ac81ecf147ccb31927830145cb607030cc1e6782b496310b9800701348faa
reports/prd_3_1_v1/core_regression_v3_b1_dataexp_v1/visualizations/img_281.jpg,66513,1c7fe603ff78fd047fe431a49177222b0e51c92c439035a7d01882aebd99f7a0
reports/prd_3_1_v1/core_regression_v3_b1_dataexp_v1/visualizations/img_282.jpg,131786,a7d79d6ffd79112b5a4988cb6037604ca90af58fe3299b3c11448463547f685d
reports/prd_3_1_v1/core_regression_v3_b1_dataexp_v1/visualizations/img_283.jpg,91074,e3b5512eaa8f9957a4bb2296f1b558dee5b3096decabe676fb627b8272a98b07
reports/prd_3_1_v1/core_regression_v3_b1_dataexp_v1/visualizations/img_284.jpg,92030,b56216edf946ff0554f07959c12120e68700e0f7dd5252b8ed29911a865624e3
reports/prd_3_1_v1/core_regression_v3_b1_dataexp_v1/visualizations/img_285.jpg,94053,297ff31342dce781c8b695fd7a87bf97b5bb89cff8f76b31279e6b56910fd624
reports/prd_3_1_v1/core_regression_v3_b1_dataexp_v1/visualizations/img_286.jpg,170602,47fe9c2c2235bad3049698a505cff3ac80ab2bc3836e43155b8127d08173c44f
reports/prd_3_1_v1/core_regression_v3_b1_dataexp_v1/visualizations/img_287.jpg,87992,bb4e7d7f0c3192c96466766bb81e81ff589ea3f3242f9772ee51d3ffccbc12e9
reports/prd_3_1_v1/core_regression_v3_b1_dataexp_v1/visualizations/img_288.jpg,122907,cbcc9ff120cd2f931c82682550fa759d18472db941e842a6cdd13e95e0d80cf3
reports/prd_3_1_v1/core_regression_v3_b1_dataexp_v1/visualizations/img_289.jpg,139349,acc17ef668a10556b5bc1b433f86bcb0279f7e615c0a7bb2483866f855de7122
reports/prd_3_1_v1/core_regression_v3_b1_dataexp_v1/visualizations/img_290.jpg,79226,ea9b1f8f52b77f65a2df697edc130806572ae710d12286cd53810e46860f3bad
reports/prd_3_1_v1/core_regression_v3_b1_dataexp_v1/visualizations/img_291.jpg,85004,e233be1b2bcdce6f6d85a2f49012a53edb6c0936212929326c2390ed0b4dc3dc
reports/prd_3_1_v1/core_regression_v3_b1_dataexp_v1/visualizations/img_292.jpg,88528,77ed091e9eb859a98f137df742770c1d744dc345c0c0c216c98d3066290f27b7
reports/prd_3_1_v1/core_regression_v3_b1_dataexp_v1/visualizations/img_293.jpg,109442,08774b0e63392e4f01cd594a76c7c33dd723846d2a2e0c3b6dbb8ae572ab46b9
reports/prd_3_1_v1/core_regression_v3_b1_dataexp_v1/visualizations/img_294.jpg,132913,65834d9f7c27cfb3bdd8ff071f360fb708cb39f697f6a284843b6810db3de340
reports/prd_3_1_v1/core_regression_v3_b1_dataexp_v1/visualizations/img_295.jpg,88919,33c37a8842064c437f7d38620ceec96461e760d9ed41e2380f48dff084f99aed
reports/prd_3_1_v1/core_regression_v3_b1_dataexp_v1/visualizations/img_296.jpg,235658,f4426ea719e268df9158ba6ac834c2f6a6e1a72291cbbf776a58a07d820b87bb
reports/prd_3_1_v1/core_regression_v3_b1_dataexp_v1/visualizations/img_297.jpg,94075,e50ca11725ffe4ecd1d9244fc91340cd805c0fee9b4ed59771b81ea19715919a
reports/prd_3_1_v1/core_regression_v3_b1_dataexp_v1/visualizations/img_298.jpg,113844,b7fe5b9d19136d6c769f723435c50529565cb3938c09f88828ea775bf457fe30
reports/prd_3_1_v1/core_regression_v3_b1_dataexp_v1/visualizations/img_299.jpg,85014,f2aa3ddd775b7174840cf9c0ec046de4a368bd2db172786d653b5fdae321a845
reports/prd_3_1_v1/core_regression_v3_b1_dataexp_v1/visualizations/img_300.jpg,76898,a79e8e3aafa39c583f72b1d97ad25c9b9d2fd28f5d7922c3c698356c88619a6c
reports/prd_3_1_v1/core_regression_v3_b1_dataexp_v1/visualizations/img_301.jpg,222856,3730696157dd83c7402ef483d8437f82be43d75be7bc7edad6d95e67498a0a35
reports/prd_3_1_v1/core_regression_v3_b1_dataexp_v1/visualizations/img_302.jpg,139259,51b5dfa23976a476209a5b03210ccedbbf13e64f8c7eb9fba409de03c2c38b44
reports/prd_3_1_v1/core_regression_v3_b1_dataexp_v1/visualizations/img_303.jpg,83380,f3d4282172803db4ae60c5fac4164f7e474f9f8f8098cc8f69d585491000cc04
reports/prd_3_1_v1/core_regression_v3_b1_dataexp_v1/visualizations/img_304.jpg,58670,907de8758c8867b72b244017cfd6e12b9518f8c67b4f027ffe2108c9977e3644
reports/prd_3_1_v1/core_regression_v3_b1_dataexp_v1/visualizations/img_305.jpg,169788,e05d2e6349fe62be221a9701c5a9ba74650ffe6cbf5e754bc96a43fb9b28cc37
reports/prd_3_1_v1/core_regression_v3_b1_dataexp_v1/visualizations/img_306.jpg,150923,44da3a8a0c49271e5d2b06c6e59c22a14de7a2315ec20985cdfba53994fda9be
reports/prd_3_1_v1/core_regression_v3_b1_dataexp_v1/visualizations/img_307.jpg,150222,e7938a1bead5afa7103903022eaba88b0d8c15b79fa3b71ad58b3bb35bdf662e
reports/prd_3_1_v1/core_regression_v3_b1_dataexp_v1/visualizations/img_308.jpg,124979,5470702fc26d1fd2515615da6ed6583beefe886aa7249d4b4a8a7740a04d7a49
reports/prd_3_1_v1/core_regression_v3_b1_dataexp_v1/visualizations/img_309.jpg,83755,a38aa7a0e5c1b77aba4409ff1ce2f225987abfca894a51310d07fcde04ccc719
reports/prd_3_1_v1/core_regression_v3_b1_dataexp_v1/visualizations/img_310.jpg,157704,d116548bc9460b7f54b775ebcd965361c439b26837f46218e1f348acee90a8e7
reports/prd_3_1_v1/core_regression_v3_b1_dataexp_v1/visualizations/img_311.jpg,84636,9bc31d08ef60e2bacf37457f66787f6dc12d2f583dbbd6f977855ce9e7425a01
reports/prd_3_1_v1/core_regression_v3_b1_dataexp_v1/visualizations/img_312.jpg,101580,d7eb6cbe9ffb7f62fef1a817626838060002724533825cbbec7b0c6a834c7ed6
reports/prd_3_1_v1/core_regression_v3_b1_dataexp_v1/visualizations/img_313.jpg,97076,0bf1afee26aa98a8c64ab74eb1aa4c24eb096ef00a1260441e2ef80c3cdc26af
reports/prd_3_1_v1/core_regression_v3_b1_dataexp_v1/visualizations/img_314.jpg,131284,6de056f8c5555b709d62693845a457472cea1b1eeb2079d1decf9868eeba4e59
reports/prd_3_1_v1/core_regression_v3_b1_dataexp_v1/visualizations/img_315.jpg,197900,ecd3d08675a2109cd25a632297529307df3e1a67107f5571dd6dd492a61e0dd6
reports/prd_3_1_v1/core_regression_v3_b1_dataexp_v1/visualizations/img_316.jpg,146811,16dcc4b01d50fcba001da0445bde68dbb6492843f42f833dca2e1edded494165
reports/prd_3_1_v1/core_regression_v3_b1_dataexp_v1/visualizations/img_317.jpg,106368,8850032ca61c7e0f0a4f056c5414e29328bd60204c1ea6be93ac7a2836e92b52
reports/prd_3_1_v1/core_regression_v3_b1_dataexp_v1/visualizations/img_318.jpg,91242,cbc4a0798c020c6a04f8125b1fdcf7c8d481b56df07b58da25c4bb003e6b2c76
reports/prd_3_1_v1/core_regression_v3_b1_dataexp_v1/visualizations/img_319.jpg,112439,022369ee5acb99d4d298c26999fd6a8dca7f96e141dfc296bfb7c141355d7e5e
reports/prd_3_1_v1/core_regression_v3_b1_dataexp_v1/visualizations/img_320.jpg,286768,ef815bcf91cc16799c5953d301275204ebc840274bf04f38e1458dd1bd4f0f6a
reports/prd_3_1_v1/core_regression_v3_b1_dataexp_v1/visualizations/img_321.jpg,234377,49c4f33740984b3d75ddc0420d03f335ab46d218ede0dead51f730c52049281d
reports/prd_3_1_v1/core_regression_v3_b1_dataexp_v1/visualizations/img_322.jpg,114372,b7fb5ae0c3fe5b4922489641bec5f0e4a7eafe90d140212c0de681ee0850f657
reports/prd_3_1_v1/core_regression_v3_b1_dataexp_v1/visualizations/img_323.jpg,217376,94af6e92c0c76054d98e1a585780ed78a76060884a03ede3826af6995a527457
reports/prd_3_1_v1/core_regression_v3_b1_dataexp_v1/visualizations/img_324.jpg,93808,798407145c7536590a61462ab2fa09af842170d7c7901c06c1ed0b9ee0a173b3
reports/prd_3_1_v1/core_regression_v3_b1_dataexp_v1/visualizations/img_325.jpg,166057,e50fa361ff3dc9c950d6dbf483b16fbbc1440fc821358c758f55acc36c7012d0
reports/prd_3_1_v1/core_regression_v3_b1_dataexp_v1/visualizations/img_326.jpg,122224,a2925265e91c3dff0ff889a7d64a8ae62d8406bd516fc71a37c1a378665a755e
reports/prd_3_1_v1/core_regression_v3_b1_dataexp_v1/visualizations/img_327.jpg,68931,2d4063bdf23f04edb8c1d4e8601d5d01cdbe90169fd45e97a557c3dd79e52ada
reports/prd_3_1_v1/core_regression_v3_b1_dataexp_v1/visualizations/img_328.jpg,75024,1f9e24cbba4a7d46fe680db587eccb686da47ff400ccdf24bf2f169298f24276
reports/prd_3_1_v1/core_regression_v3_b1_dataexp_v1/visualizations/img_329.jpg,159134,5321593ebf3b12eb73d239d2836775b897b8a81f9293b2758d7caf0b98c3000b
reports/prd_3_1_v1/core_regression_v3_b1_dataexp_v1/visualizations/img_330.jpg,116388,e68f72dfd35518224709b21c7922f95609936c27a8f5ebc30c9efba0851b3afc
reports/prd_3_1_v1/core_regression_v3_b1_dataexp_v1/visualizations/img_331.jpg,60482,31e8b255a8aa32d939cf3bad95301e17510541617111e58ba3de6cf507f77732
reports/prd_3_1_v1/core_regression_v3_b1_dataexp_v1/visualizations/img_332.jpg,129096,25b9e0a0731802ac99f3db579a8cbc7671295ebf4eb69ea1f0311a362c0acada
reports/prd_3_1_v1/core_regression_v3_b1_dataexp_v1/visualizations/img_333.jpg,139318,20ee0168c01eecc2740ec69a1563078596712c1ae538254cfe096903ea9ea51d
reports/prd_3_1_v1/core_regression_v3_b1_dataexp_v1/visualizations/img_334.jpg,104042,59070348d3c98a4c1d290c7a25989ef2fb83d7558d395a87eff131264c943d81
reports/prd_3_1_v1/core_regression_v3_b1_dataexp_v1/visualizations/img_335.jpg,89795,0a9e5dadf8b64a7cf49f88a0fb8878c7d4b8d2749024b4155b1a874aa96c5d8b
reports/prd_3_1_v1/core_regression_v3_b1_dataexp_v1/visualizations/img_336.jpg,108455,120ee9886dd158a1fee5f571084c56075771e87f17f0a5ec43fe25beeaa012c0
reports/prd_3_1_v1/core_regression_v3_b1_dataexp_v1/visualizations/img_337.jpg,88131,6b3d9d3786bca312d855a311b17fec81242db35c077b1c8a5bcf4a978d2aa643
reports/prd_3_1_v1/core_regression_v3_b1_dataexp_v1/visualizations/img_338.jpg,119656,8b433281763d713a4a1c8fbbee4ddc4e1246df284f502bbe573e4f3c53c09973
reports/prd_3_1_v1/core_regression_v3_b1_dataexp_v1/visualizations/img_339.jpg,131610,9f9efa2e8edb380ff30a6630ec7e20eadb9fb47b80583d284408638c80c14a43
reports/prd_3_1_v1/core_regression_v3_b1_dataexp_v1/visualizations/img_340.jpg,201177,f4bed3953fe3996bf53a2850998cd5cdaec649e781fbb88503993966b9b196c4
reports/prd_3_1_v1/core_regression_v3_b1_dataexp_v1/visualizations/img_341.jpg,94666,4c84309cfca6a6ca48cd41808c71ae4c57dee597a6b3a4c2a19af644b6c05ee8
reports/prd_3_1_v1/core_regression_v3_b1_dataexp_v1/visualizations/img_342.jpg,89932,f1a2e8c951010c54406e7241378e57d665e1503a92b4d65c4c9451c96e4bfcb8
reports/prd_3_1_v1/core_regression_v3_b1_dataexp_v1/visualizations/img_343.jpg,116612,6d0951091798ad6b655743d23eff73ef0758323f9725e969151ad938d5bbf0ca
reports/prd_3_1_v1/core_regression_v3_b1_dataexp_v1/visualizations/img_344.jpg,106448,07468da8bd9552260c9b3457c3df5e54fb6c0e617e1135a303beeacfc3757a2f
reports/prd_3_1_v1/core_regression_v3_b1_dataexp_v1/visualizations/img_345.jpg,91987,91cbb86d90bef8c58cdfede3102b318cc7a4c653ce5695b76ab2650580caebef
reports/prd_3_1_v1/core_regression_v3_b1_dataexp_v1/visualizations/img_346.jpg,86818,0e387b07b7283ee52d87bab350af22ee6f488b3aefc04909df4bc333afb9b94a
reports/prd_3_1_v1/core_regression_v3_b1_dataexp_v1/visualizations/img_347.jpg,98272,fb6acfeaea35a328dcb48173b657354aecaabf3a8fec4bd4c04483e84a557c20
reports/prd_3_1_v1/core_regression_v3_b1_dataexp_v1/visualizations/img_348.jpg,134485,c8817b4b009bd33f4e7396d116ee10fc532a098bdce451ae8edaf0dc474d9bf2
reports/prd_3_1_v1/core_regression_v3_b1_dataexp_v1/visualizations/img_349.jpg,242881,0433f5525cb4021034eb9a2c7595ae9e7e03f64c5f7e7f0be5e4027a732883b6
reports/prd_3_1_v1/core_regression_v3_b1_dataexp_v1/visualizations/img_350.jpg,90018,75b762bba0815b6aa27264733b9a304b483c8a184afcb5535cbb2d70b3aeee95
reports/prd_3_1_v1/core_regression_v3_b1_dataexp_v1/visualizations/img_351.jpg,71914,7585feda21265afeeb895c83d5f7da13b3ef4b4909fec2f516ed4fe6ff177934
reports/prd_3_1_v1/core_regression_v3_b1_dataexp_v1/visualizations/img_352.jpg,112279,96cbf6d8166fc0a1459d37dda7c217c4031edbde236a794ddf4736309c646e24
reports/prd_3_1_v1/core_regression_v3_b1_dataexp_v1/visualizations/img_353.jpg,105254,b4efeead354adfd925e3201025edd49d88da1d2dfa5959b10e13f492b8287108
reports/prd_3_1_v1/core_regression_v3_b1_dataexp_v1/visualizations/img_354.jpg,95698,ff5abfa164f7c3421db8cd6aafa4691c7dceb0074a3c33b7be86f7c0086e83b0
reports/prd_3_1_v1/core_regression_v3_b1_dataexp_v1/visualizations/img_355.jpg,88180,2b73248d2666b0ed8f15a03e4061d1b4b9369c2a713451e14085e6bcb6beee70
reports/prd_3_1_v1/core_regression_v3_b1_dataexp_v1/visualizations/img_356.jpg,129707,e3c171cdb802cc73e0f4e94f5e912e33e994ae6f6fde1837cda223cc4548f4bd
reports/prd_3_1_v1/core_regression_v3_b1_dataexp_v1/visualizations/img_357.jpg,160893,8af704326cc4e7bc4e19b0d8d138ad179c518c7b1a4efc27e9de15f809351679
reports/prd_3_1_v1/core_regression_v3_b1_dataexp_v1/visualizations/img_358.jpg,123358,7e2f769cbf3c2dca7ed4237c6d13f8894c4b12c61929e01afb99bf0da4da17ff
reports/prd_3_1_v1/core_regression_v3_b1_dataexp_v1/visualizations/img_359.jpg,89796,9f04d9dbef0f9bd5b4b315a5a7eb88d958f98c2b8ad879288a40c938e043dbe9
reports/prd_3_1_v1/core_regression_v3_b1_dataexp_v1/visualizations/img_360.jpg,194927,d0004a3c0e366bbb16ad625edd0d973aba237a9a426bcddc40e22a0d702e9034
reports/prd_3_1_v1/core_regression_v3_b1_dataexp_v1/visualizations/img_361.jpg,95214,6fcce3a43a38391d0c554bb02c8f8c20935189df80c8f831a29ccc8605f8e4ae
reports/prd_3_1_v1/core_regression_v3_b1_dataexp_v1/visualizations/img_362.jpg,144759,a784d9200f285692f14dcecf530f97081118f75f981aaee7caa3a056bf1d1328
reports/prd_3_1_v1/core_regression_v3_b1_dataexp_v1/visualizations/img_363.jpg,145052,a507749355dfb187ffb946a33d0b56058f285a4483f64c9e332449286b457ca7
reports/prd_3_1_v1/core_regression_v3_b1_dataexp_v1/visualizations/img_364.jpg,103745,42f2d21cdd0464d4ae209987b21191b444182868f5f1e498e3d4a757ce0a3587
reports/prd_3_1_v1/core_regression_v3_b1_dataexp_v1/visualizations/img_365.jpg,96319,978019cd0627dfdd5008845298d548bfee11c3c518549345fa71ffc061bfd716
reports/prd_3_1_v1/core_regression_v3_b1_dataexp_v1/visualizations/img_366.jpg,108106,835459a91e45fed7588cb82dbf8d06ff90f13d528d3959733589c42f0056d02e
reports/prd_3_1_v1/core_regression_v3_b1_dataexp_v1/visualizations/img_367.jpg,242919,8862069f531e42af19566c19d7617c173246df1b39df1ae7c3fe50b93875b8d5
reports/prd_3_1_v1/core_regression_v3_b1_dataexp_v1/visualizations/img_368.jpg,71490,60ea1b143954e21a8707809fcf1982a388656a25279ae5e6f706bdfe11b86aaa
reports/prd_3_1_v1/core_regression_v3_b1_dataexp_v1/visualizations/img_369.jpg,113551,439580982b53de8e73696fc17b074377f62df6f87aa7e367d8ef7ca93d49d045
reports/prd_3_1_v1/core_regression_v3_b1_dataexp_v1/visualizations/img_370.jpg,169133,65ad050b551ad817ffb01497485fa01f2c5e8443ba99d75b490f9b66d5c41824
reports/prd_3_1_v1/core_regression_v3_b1_dataexp_v1/visualizations/img_371.jpg,93486,917b42557db52cbf254155ff7fc0f50342af590bd1941f397cc4a3d61c0c14e9
reports/prd_3_1_v1/core_regression_v3_b1_dataexp_v1/visualizations/img_372.jpg,146964,df1ded33cb0f574f8add5efcab557b2609bd5c8b37f210fed1e50e63b41433cf
reports/prd_3_1_v1/core_regression_v3_b1_dataexp_v1/visualizations/img_373.jpg,98394,3f7d7abc270ed1a933332e8b0b628ae3e9ea45509b37a7d950efc9171cefa3aa
reports/prd_3_1_v1/core_regression_v3_b1_dataexp_v1/visualizations/img_374.jpg,88604,ee336d589b4413aeb3a9584c7146c6d9b18838069c966b67d2c1ad957baad281
reports/prd_3_1_v1/core_regression_v3_b1_dataexp_v1/visualizations/img_375.jpg,121293,be8aea51605b3396b8d0dcea1d3a668a8f6f4a44d59081ff96f428854d742be6
reports/prd_3_1_v1/core_regression_v3_b1_dataexp_v1/visualizations/img_376.jpg,150596,0e30b8cac7d4756e8aa97f4acbcda7414115b64708f651b9103ef168ac375395
reports/prd_3_1_v1/core_regression_v3_b1_dataexp_v1/visualizations/img_377.jpg,132423,54a2fed5d81378fa3399c1bdbe06c3cd0586b58583e33405b450e2fe18df2ab3
reports/prd_3_1_v1/core_regression_v3_b1_dataexp_v1/visualizations/img_378.jpg,107297,8d691c39c6ee90e8c4caa95da14f87070fc799b247c26c8b1b9243694184cb19
reports/prd_3_1_v1/core_regression_v3_b1_dataexp_v1/visualizations/img_379.jpg,113721,8389dcd49e56aa6e706d0c9c491bea20e6c5389f59aadda99a2c221c723f03a4
reports/prd_3_1_v1/core_regression_v3_b1_dataexp_v1/visualizations/img_380.jpg,164090,faad2cf8dc30c2ec4019b2b70e76873cf1fd581e4e1eadbcdbf8d49a3da246f8
reports/prd_3_1_v1/core_regression_v3_b1_dataexp_v1/visualizations/img_381.jpg,105312,f8d4951a8886aa56bbc296177b6673a7c9fc3453bc3c92b0b29a264e76c05fdd
reports/prd_3_1_v1/core_regression_v3_b1_dataexp_v1/visualizations/img_382.jpg,128655,5c1b01cb668df32a817a1ab1e11d571560c75a1ff2236d147103f1b4be336ea9
reports/prd_3_1_v1/core_regression_v3_b1_dataexp_v1/visualizations/img_383.jpg,189621,3a7472ec0fd8aa68f81b343ef1b743be4bd3961acf825ba62da4b4194144c012
reports/prd_3_1_v1/core_regression_v3_b1_dataexp_v1/visualizations/img_384.jpg,88501,50079677b32188a392c1ec5afe3bfdfaf4dc18418e5df1a61944c7f5c65e45e7
reports/prd_3_1_v1/core_regression_v3_b1_dataexp_v1/visualizations/img_385.jpg,95403,e641203fd3c1c86fddc9162cf6e745123a65479e8de87dedfda0e5c0d7e9b4af
reports/prd_3_1_v1/core_regression_v3_b1_dataexp_v1/visualizations/img_386.jpg,102873,06d4f8385f96270d4abf12cd66c7ff7eebabe04a3138adf54b12ee721c7c9b50
reports/prd_3_1_v1/core_regression_v3_b1_dataexp_v1/visualizations/img_387.jpg,127373,c254e4aec8be2dcfb346bdb91b84a2eed0a24365c843c9aea33ec319e41608a2
reports/prd_3_1_v1/core_regression_v3_b1_dataexp_v1/visualizations/img_388.jpg,127638,0a0e0cbd0a593fa50ac1120c2c564e5f8fec58c66cef523b90948826e3cf5001
reports/prd_3_1_v1/core_regression_v3_b1_dataexp_v1/visualizations/img_389.jpg,63122,e9d54e5b52def024218a75b22fb48c0a559d60535864c91690e7feb5192f8a02
reports/prd_3_1_v1/core_regression_v3_b1_dataexp_v1/visualizations/img_390.jpg,115616,7a87262bdff1d8bc97a2c72fc98d93cf778347f2536f336218f6c064b31c613e
reports/prd_3_1_v1/core_regression_v3_b1_dataexp_v1/visualizations/img_391.jpg,116048,e63880e66cc8cfdb6f329c8353228d4c5c67aa549a7e3e652f4a0ee3533d7f47
reports/prd_3_1_v1/core_regression_v3_b1_dataexp_v1/visualizations/img_392.jpg,227837,9ed283f092c68a154411aa20dbf6884bb6cb24b5c5cc0d2b5f9252d9763d2e60
reports/prd_3_1_v1/core_regression_v3_b1_dataexp_v1/visualizations/img_393.jpg,102418,1202ec63aa6ff1c489cde5e41c5ace861a0f8cb850dea11b4db75701129403f2
reports/prd_3_1_v1/core_regression_v3_b1_dataexp_v1/visualizations/img_394.jpg,82864,73ae6f76f92d8d3734414408a3fc765bc73e727525d66003480c013a4df070d2
reports/prd_3_1_v1/core_regression_v3_b1_dataexp_v1/visualizations/img_395.jpg,76558,c437d3c03eb1a10c18444c38fd52cad6f95ea11f5079f66c70c3a28d6a4b30d2
reports/prd_3_1_v1/core_regression_v3_b1_dataexp_v1/visualizations/img_396.jpg,125927,a4e27770c313aa01ca8a95a0cd5ca640129793cd3827ca771fdb5d6c31bf2173
reports/prd_3_1_v1/core_regression_v3_b1_dataexp_v1/visualizations/img_397.jpg,72899,1515ac2f517c05c214cc324987ef68208c21989e10a8d527ad78fcb8c4352588
reports/prd_3_1_v1/core_regression_v3_b1_dataexp_v1/visualizations/img_398.jpg,127176,e4cd19f816ca2548714978577db03db49cc3711b82b6d7127eec1377afbc7f51
reports/prd_3_1_v1/core_regression_v3_b1_dataexp_v1/visualizations/img_399.jpg,121842,36af8e12b4530a425e4565171680cf3fdc193818baef74ab547771c029601547
reports/prd_3_1_v1/final_3_1_1_v1/FINAL_MODEL_POINTER.txt,523,2b4e907c8d01de13dced9c69e4b114abe0b31199a7bf3427de5fbe3092eac4ae
reports/prd_3_1_v1/final_3_1_1_v1/FINAL_MODEL_SELECTION.md,3580,5c1f6c96089f103d3234daac944dfdb85720166e3607ccc88c5df20ef9e89d5b
reports/prd_3_1_v1/final_3_1_1_v1/ablation_comparison.csv,1238,bc219e8727963a83c91de8f19044c1a1960f555ca14956df6613c8cb5c1a7329
reports/prd_3_1_v1/final_3_1_1_v1/error_analysis/high_quality_cases.csv,13032,44a1447d3bce564df52ae19646647a2c14ae9a356635d112d2112d285c38a416
reports/prd_3_1_v1/final_3_1_1_v1/error_analysis/low_mask_iou_cases.csv,2411,59b5789cb8d7daa9dcc86d677c3a0a524b0ea4b43459b7d2e49e66e19977d376
reports/prd_3_1_v1/final_3_1_1_v1/error_analysis/missed_cases.csv,14034,95ecbbfbb2f3cdbb661859ec5ad8315daee5b8e59354da1353e314e2afe4dd03
reports/prd_3_1_v1/final_3_1_1_v1/selected_model_error_cases.csv,92922,13504e7e6ec1e7b235b3debe9dce85dbfe015b0dfceaa88a685d28e7b955ccc6
reports/prd_3_1_v1/final_3_1_1_v1/selected_model_evaluation_summary.txt,1592,56a4722c466e7c9c7b3fb5d34d3c14c5912e1517a8b57f32ea54acf3dc8370bc
reports/prd_3_1_v1/final_3_1_1_v1/selected_model_per_class_metrics.csv,1358,16bd5bf43ecfb845c366c670bd3f4b54e0cefe287298b633cfb9e653c889bb6a
reports/prd_3_1_v1/final_3_1_1_v1/selected_model_per_gt_results.csv,124405,e2994d966f773cbcf0f257a7d951ea303b708667a06de0f1d651ff507d7dfe22
reports/prd_3_1_v1/final_3_1_1_v1/selected_model_per_image_timing.csv,40750,80d99f053d54318fe7f7deee6466266574947b42c47af839063e84c3f8bc0306
reports/prd_3_1_v1/final_3_1_1_v1/selected_model_per_source_metrics.csv,683,7983d24d3a9ee00a9ce5cc4fb032954f345b51713448b5c537fb91aa7df5bb20
reports/prd_3_1_v1/small_object_analysis/prd8_0175_shoe.jpg,6502,c8c68a158e794708ca6dc5a70d89228e97d4e99498b37f7a0468698f85f66ef2
reports/prd_3_1_v1/small_object_analysis/prd8_0181_bag.jpg,23232,752848743b409064c10419ec9385e9f3b777df31ffbd005ec2e9e559684c0d84
reports/prd_3_1_v1/small_object_analysis/prd8_0192_accessory.jpg,28402,33f8648f3c22f45639969baf329da9ff2fd66902bbc19198b1ece621a2629453
reports/prd_3_1_v1/small_object_analysis/resize640/prd8_0175_shoe.jpg,35510,145fb4b8a48088e111710f29bb879983135730e4b675e6bbdc11d6d2f3ab0f77
reports/prd_3_1_v1/small_object_analysis/resize640/prd8_0181_bag.jpg,44773,1c85111a1fbc6a3379159e34fd491338bbf11867be1a467b3baaa57701a1db0e
reports/prd_3_1_v1/small_object_analysis/resize640/prd8_0192_accessory.jpg,43444,dc4de1a9562c435b8301d5428744232f2c0e910609801d7cdea922aabc1684ea
reports/prd_3_1_v1/small_object_analysis/small_object_crop_result.txt,1228,0a94d8c39f82a26799c936d9d7267bd2f0c8174c5a68fef28189432e15af6327
reports/prd_attribute_extraction/000001_attributes_clip.json,2206,916c76d7454bb613a84f86e35882863f6e3c61ca366dee64256f48a0ea3887b3
reports/prd_attribute_extraction/batch_20/manual_audit_template.csv,1303,08fba8410e8fbe01e913fc59e49419ff9e863361bf078657d38a38cd6506143d
reports/prd_attribute_extraction/batch_20/predictions.csv,16700,15faf3aa650bceda2ba7f9d8d2128fd294b376f8b71db8247c228d10b04f90ff
reports/prd_attribute_extraction/batch_20/run_info.txt,299,6499ac373dddc9405d9658a64fbe9a26116726d64c588775ae01120ebf278ee6
reports/prd_attribute_extraction/color_v1/primary_color_holdout_audit_prefilled.csv,8261,3614d3638ed2e3805a5e57f14c9ce17bce52c765a5dd65d17a316376a52e976f
reports/prd_attribute_extraction/color_v1/primary_color_holdout_audit_template.csv,6868,dcb5c6c71ea95de823830d81d19c764d60166c5e6bdd996c84e4fb216bdd56b7
reports/prd_attribute_extraction/color_v1/primary_color_holdout_review_summary.txt,1267,6163636a130ec2bfbc8ab7b1ce2f68bb21ce4f524666fef71ab2ea844450e25b
reports/prd_attribute_extraction/color_v1/primary_color_predictions.csv,52120,5719df37afac7d7ec1ca79dc032a6ce05cef598209b5bb70f0905b612291c467
reports/prd_attribute_extraction/color_v1/primary_color_summary.txt,965,55c377f0ed96fe21086a58b057778621311e572f4f9c7d97c410258ef007a9eb
reports/prd_attribute_extraction/color_v1/run_info.txt,480,f596acaa5b841f3b220b1a149e608a14e424acb80a75b34f22f58c807b022019
reports/prd_attribute_extraction/continuous_v1/run_info.txt,418,2dd1aa0f8fb9d6f4ed5cedeeb9cb0052c794ab8014b46d20cb68d0f0aafc7c3a
reports/prd_attribute_extraction/continuous_v1/sleeve_continuous_predictions.csv,44456,8cc8b3d3060f152bfc6c8a1366293d7c297b0782c29b6cb25f48f71259cbf200
reports/prd_attribute_extraction/continuous_v1/sleeve_group_summary.csv,326,cdbb27e56c73f7be5da0fa7525e19418e479f444ad7e31cbb3720943f606f812
reports/prd_attribute_extraction/continuous_v1/sleeve_order_diagnostics.txt,861,86d7670f36554eaf5a1a93562acf12b94950829a73a189e9f70eb5606904e067
reports/prd_attribute_extraction/continuous_v2_geometry/feature_group_summary.csv,2587,8bef1b890b7c027aa88bdafdfae8f7dccc41e4e5559c95b067a040b95b66a065
reports/prd_attribute_extraction/continuous_v2_geometry/feature_order_diagnostics.csv,1464,b4f3c107cc79c0476fdbbdfc39c50033ae25894152535d0cbb70fcfd4044e385
reports/prd_attribute_extraction/continuous_v2_geometry/run_info.txt,325,fcbb9ad0f8f10d837b32f0a9d436a6a5fe1474d9710398568dc1fde861881a32
reports/prd_attribute_extraction/continuous_v2_geometry/sleeve_geometry_features.csv,23979,7d3bd8e1b507f74c670fc11baea0ea04b712d912dc4df6a239ee1c9e0c04eaae
reports/prd_attribute_extraction/design_labels_v1/design_attribute_annotation_guideline_v1.md,3626,5bfd5115cd9064282f335a05f8fbb57cb33d32f92b7ddd77152d9c707695c394
reports/prd_attribute_extraction/design_labels_v1/design_attribute_predictions_v1.csv,52579,db8c9e4ade5ac545aaf65e522f77214741764a2306f011bd0cb1a7140a1d83d5
reports/prd_attribute_extraction/design_labels_v1/design_attribute_predictions_v1.json,462063,af8f8b6df27bd4240dbca737dbbcacdbccc227bd74bec774e871f782f0ed5daa
reports/prd_attribute_extraction/design_labels_v1/manual_audit_holdout_v1.csv,7754,af4c4926e02669c6337c135263c3bea0bdad56bef934f0d7d13517bbdc93e7ec
reports/prd_attribute_extraction/design_labels_v1/summary_v1.txt,1044,601273170aa35a6bcff3beb587af279c9f141d925a6b4c39aa7b45292150970e
reports/prd_attribute_extraction/design_labels_v1_fixed/audit_summary_v1_final.txt,941,27a9ef10d7ae2b3f774bcadc7c4479488510e4286f6adc9400948f730f83c462
reports/prd_attribute_extraction/design_labels_v1_fixed/design_attribute_predictions_v1_fixed.csv,83256,9023207b8f8c36d0baff2df6221cfda8a9163f448861dd3b35c36455a56868d9
reports/prd_attribute_extraction/design_labels_v1_fixed/design_attribute_predictions_v1_fixed.json,546869,e495c6f78fa1f1e4ce006b87f8e04370bd4f42f60471dc1773c5fe0b1228a532
reports/prd_attribute_extraction/design_labels_v1_fixed/manual_audit_holdout_v1_final.xlsx,16329,fb5bea0b74f7011767b21e74d9f02b96d0bceec55ba175bda57bac041db65192
reports/prd_attribute_extraction/design_labels_v1_fixed/manual_audit_holdout_v1_fixed.csv,7790,12ca6288ee68aa46e0427469708640f8ceb7bcd28ba7af0342641f5851df9b03
reports/prd_attribute_extraction/design_labels_v1_fixed/summary_v1_fixed.txt,1251,b45d68069aa914f62fff380049ebb40e0dd14aed96b9cdca1cc09f35e89392a0
reports/prd_attribute_extraction/neckline_continuous_v1/neckline_geometry_features.csv,17195,ac064d70a101dbd5b9ac247287b12852fcd281759b96081dab454aa833375f71
reports/prd_attribute_extraction/neckline_continuous_v1/neckline_summary.txt,929,63c0b5d11d994784d797c9bd31a05212324f463ba69fd2f8953fb6c70b9a4b3e
reports/prd_attribute_extraction/neckline_continuous_v1/run_info.txt,358,b60c9ba272d0c9877592058e00698c9415c7066fe23f3a161a6b193972a70be7
reports/prd_attribute_extraction/neckline_semantic_v2/neckline_semantic_predictions.csv,114636,8b018c428dc4d4dcc0f97688bf3ece950ddb154cc00f458edbd80fb6c6217a91
reports/prd_attribute_extraction/neckline_semantic_v2/neckline_semantic_summary.txt,889,40e0e0ce7eceff0cfa3fa0e0089675c111f95a1a0618ebdaf9c12d38f8780632
reports/prd_attribute_extraction/neckline_semantic_v2/run_info.txt,482,1b8a3f910c6b48a0b19179ade8c566d2bec39e35e1550132b575e421506ae140
reports/prd_attribute_extraction/pants_continuous_v1/pants_continuous_predictions.csv,17303,e6cf49d7f9578ef7061ebc4876f0080cad4dde1e2276513e56bba2164ead2db0
reports/prd_attribute_extraction/pants_continuous_v1/pants_group_summary.csv,235,29f6795fa82fd9fa6084c11326913fed47bd62257a572e2d44fd6bb623f5ac2c
reports/prd_attribute_extraction/pants_continuous_v1/pants_order_diagnostics.txt,577,4880c6969751063c5b0856b8406fce5119a2481cc6c4b8bedb5250270df711d6
reports/prd_attribute_extraction/pants_continuous_v1/run_info.txt,394,125f6b61a32942b19f6508b321a66331df1dc4996020246b1c93f9dd1b0366de
reports/prd_attribute_extraction/pants_silhouette_v1/pants_silhouette_features.csv,9078,adf462eaa40d7525adfd8130759f17d18f15b0c44fa1ef4f29b7d279959a145c
reports/prd_attribute_extraction/pants_silhouette_v1/pants_silhouette_summary.txt,1262,ef1d6442d3cf0edf5dfb5f0c193ced95565c31778c97544f3d28d37d4f0d26d8
reports/prd_attribute_extraction/pants_silhouette_v1/run_info.txt,334,ee977af24c5a38d20c3c703ce75ec8150f98db2c18044afb5ff3a6e82452b743
reports/prd_attribute_extraction/pattern_v1/pattern_focus_audit_final_summary.txt,923,e19d3d8488b59b09fd4c94360e5671c61bbd9ed4ad7a822635d1febe6633d3a5
reports/prd_attribute_extraction/pattern_v1/pattern_manual_audit_focus_v1.csv,8084,3db84df4c8f92deac704753e6f6e7b99bb9cf5fc5a084102332d865d8d08736d
reports/prd_attribute_extraction/pattern_v1/pattern_manual_audit_focus_v1_final.csv,10261,6e1a2f88144e1b285da8860585b67141196962199c1a9c7ea888dc8be3172c57
reports/prd_attribute_extraction/pattern_v1/pattern_manual_audit_template.csv,24244,fe3e1e877e1cb448431e4fb1246e36eff8e0d7445c343142ba343107dbae3df2
reports/prd_attribute_extraction/pattern_v1/pattern_predictions.csv,54766,75cb683c14c3c02b3113109263d3f87a8b0ddb733202e3b2b423c842c94edd21
reports/prd_attribute_extraction/pattern_v1/pattern_summary.txt,982,0aaeb1b24094a7ea6cc00696157bad0d585c916b9c2c34ef788a6bb09307c5e5
reports/prd_attribute_extraction/pattern_v1/run_info.txt,413,dea29679792c11523aebba8c2c3d87a59c45e5afb62f9d6d6a8e28a4dc44dce4
reports/prd_attribute_extraction/pattern_v2_hierarchical/pattern_v2_holdout_audit_prefilled.csv,10338,aec9de66e81e836bd4bbc468b9ea58d5e9cd881d5bae3f671a58d067700a88b1
reports/prd_attribute_extraction/pattern_v2_hierarchical/pattern_v2_holdout_audit_template.csv,8526,0fd79780ef363e9d22f45a4cfa5fc7e78250601167c9f4a26710fbae6bb2a854
reports/prd_attribute_extraction/pattern_v2_hierarchical/pattern_v2_holdout_review_summary.txt,1403,5c233d5cd82f4ad51d8de05236a8912e462efa7edf4f4345cf9852106c04ec40
reports/prd_attribute_extraction/pattern_v2_hierarchical/pattern_v2_predictions.csv,75942,2c97c318488ea8dbce0dd9460d62902eb1342044e7a5a9919c2356889df5d750
reports/prd_attribute_extraction/pattern_v2_hierarchical/pattern_v2_summary.txt,1341,d1a48ccaa05dd62636924086f42f0ca9c1d86c8648e2465d051dc1c054d7fc3a
reports/prd_attribute_extraction/pattern_v2_hierarchical/run_info.txt,608,73b250b0ad8d09e04aa6c67654e7c6191c71fa4ff9b3899ac4f97b16a93f41d9
reports/prd_attribute_extraction/pattern_v3_hierarchical/pattern_v3_holdout_audit_final.csv,10281,f6f18ada8c83b44e2f0881eff681bed478e505de582a721264b7830bb0578363
reports/prd_attribute_extraction/pattern_v3_hierarchical/pattern_v3_holdout_audit_prefilled.csv,10252,f22a239347fd83c0df09ccb50896194dc6adbc2fcd08169a9724ec60d878b1a8
reports/prd_attribute_extraction/pattern_v3_hierarchical/pattern_v3_holdout_audit_template.csv,8581,90e840e87f01938d0e76eae23e6c75f899d7c3a503e936c27026058b48102a8c
reports/prd_attribute_extraction/pattern_v3_hierarchical/pattern_v3_holdout_final_summary.txt,750,a4cf4d39683855d3f43edd74f6d46086b568c9b007ff72050e818d2c7be2e442
reports/prd_attribute_extraction/pattern_v3_hierarchical/pattern_v3_holdout_review_summary.txt,1339,0fc0aa1161653cbcd218c0d43d9b7cad56fce1914c27fa3ead129d6b9dfe2083
reports/prd_attribute_extraction/pattern_v3_hierarchical/pattern_v3_predictions.csv,92020,11a8462779cc1b29729b5f0164d29ce37a9e6d2a08458db14cad24b9c5cc612b
reports/prd_attribute_extraction/pattern_v3_hierarchical/pattern_v3_summary.txt,1622,45c0039a1c2f391931c533482cfd252b9a32ea6d79a7112068e7bcbb6807f5c6
reports/prd_attribute_extraction/pattern_v3_hierarchical/run_info.txt,622,5f75a3c5537d9daecec64c219cf3e2883cb0c38d0cfa6507c0bae3e1e9c38fcb
reports/prd_attribute_extraction/per_garment/garment_attribute_predictions.csv,668,db199dcaf8585c3f84a15822cfaa6050aa3aea9281ded73d0b176fd94ecaa5a6
reports/prd_attribute_extraction/per_garment/garment_attribute_predictions.json,4882,ddbe5d80b01f3970109c41c6a53379fc2b04895a5922cb9704d76fec9c81b8b8
reports/prd_attribute_extraction/per_garment/manual_audit_template.csv,570,184daa624b19dcc29f0b2e00ed051ac04c0f44497110cff91b08c17192601365
reports/prd_attribute_extraction/per_garment/run_info.txt,328,98c5653f27874291eed9daaecfdd11bb744d5b90dadbcb5b1584aed591e8d601
reports/prd_attribute_extraction/per_garment_v2/garment_attribute_predictions_v2.csv,427,f321099223799f243b9378750ea427416d250b400bf56c6993753b7d1698492d
reports/prd_attribute_extraction/per_garment_v2/garment_attribute_predictions_v2.json,5290,027fa79ef6213c38dbfa113b1a4ad10d2d684876f0cd46c443f375da5208f913
reports/prd_attribute_extraction/per_garment_v2/manual_audit_template_v2.csv,573,a7844622c54067300eede5b82ef910d2e968a7089902810670170c354afb2bd8
reports/prd_attribute_extraction/per_garment_v2/run_info.txt,241,9a99d3062a36cfd8160c5ce79d0115fbf68f942faf32a6ab819552f1e719ec76
reports/prd_attribute_extraction/per_garment_v3/garment_attribute_predictions_v3.csv,5396,1a53148a2c6a4932495d71b54eb4ee7b1b5d8b2d7551589f487d7f8b61674e85
reports/prd_attribute_extraction/per_garment_v3/garment_attribute_predictions_v3.json,113010,fb71ad4dd0f2cf7c4568408fb520535a8547015f1b8e3c8d485bd1bc13451706
reports/prd_attribute_extraction/per_garment_v3/manual_audit_template_v3.csv,5197,323daf62890af3614bd8fa75db67b5dc11cd1e8abe414b60f52e21453f618b7d
reports/prd_attribute_extraction/per_garment_v3/run_info.txt,441,39e8f0416bc1ac7391605ecb3ed25394368bab52a54c02e493c65b479893e98b
reports/prd_attribute_extraction/per_garment_v3_single/garment_attribute_predictions_v3.csv,452,964b6a39838b9f13f203132b12e7efb4e0f5e7757c9aacdbd2ed87814e2eae98
reports/prd_attribute_extraction/per_garment_v3_single/garment_attribute_predictions_v3.json,6487,4c8564c2cb9324efa5a4e9393ec8348451d896b46ffa0dd4a7e20b0826970f71
reports/prd_attribute_extraction/per_garment_v3_single/manual_audit_template_v3.csv,589,42235c38f829b591bc6a11fe4d8b464363f1be23429c401e81bbe001b03b7eec
reports/prd_attribute_extraction/per_garment_v3_single/run_info.txt,440,17d4a56ccba0351fc87535190fe0425e7cf4431adfb3413ec753806da91ded7d
reports/prd_attribute_extraction/skirt_dress_length_v1/run_info.txt,384,4b555c36be040f5ad74fe1827874fd266629564d1e9c266ec09897538c02a0cf
reports/prd_attribute_extraction/skirt_dress_length_v1/skirt_dress_length_predictions.csv,22577,dca17ec8740934c920ff2ccc1c53516a10b91fbacf17d44901e695529e71f013
reports/prd_attribute_extraction/skirt_dress_length_v1/skirt_dress_length_summary.txt,693,ec6ce1484fd50c5022a27ab2f58c5ebe48cdc871476ddc3d78fdd13782b1bfdb
reports/prd_attribute_extraction/skirt_flare_v1/run_info.txt,318,9f7edc27327ff7ed565c210a4e29391faeb0b75ab2814dc851e3de6efe4369e7
reports/prd_attribute_extraction/skirt_flare_v1/skirt_flare_features.csv,3522,f32efaca4c4dcfd90928954d5ac2589ed1d299fe9e3a83a84e3634b06cc4fc63
reports/prd_attribute_extraction/skirt_flare_v1/skirt_flare_summary.txt,722,5dcc5e80353747ccbc287766a1e1e182bd8e9fbc855675295c37a07f6877d173
reports/prd_attribute_extraction/style_feature_vector_v1/run_info.txt,271,9fb3a34cee5133368170c36983138d8c37660fcdd72757ba5593e50e120a1d03
reports/prd_attribute_extraction/style_feature_vector_v1/source_coverage.csv,962,65806de55ea80a5ed7298096e95164a9ffe8dd827da0da3b7a316ca0e8c06c18
reports/prd_attribute_extraction/style_feature_vector_v1/style_feature_vector_v1.csv,43259,70932d4706e9f00b911eadd8341bdb609205d18ae9240bf6df15a26500de0956
reports/prd_attribute_extraction/style_feature_vector_v1/style_feature_vector_v1.json,118638,4b370b87b3d260e1802d1b9dfbe9a1f1b640ab8798aebcddc03089610b091bf6
reports/prd_attribute_extraction/style_feature_vector_v1/style_feature_vector_v1_gated.csv,43535,1e89e96e042bb8734b70fb4450c651bca2a603dc3727bc854dc9e67a84ecc1c4
reports/prd_attribute_extraction/style_feature_vector_v1/style_feature_vector_v1_gated.json,120421,09922fc670df0956de8e296c457258db0f46c4d369cfc3f904a98713d5b8fb2f
reports/prd_attribute_extraction/style_feature_vector_v1/validity_gating_summary_v1.txt,1433,44f5d80e975495ceeffe089d9a3aaf846559a16bd063ed085f93f118f6560f1b
reports/prd_attribute_extraction/trouser_fit_v2/run_info.txt,399,4b4b6ed7e6ced8dcc54721518707edf3387df9bc97884dbb92a2578fbe7e9fe9
reports/prd_attribute_extraction/trouser_fit_v2/trouser_fit_features_v2.csv,7934,74caa586ef57004dc50de308f574f8403e49ff9b39cd5e311747e45da093f8c0
reports/prd_attribute_extraction/trouser_fit_v2/trouser_fit_summary_v2.txt,1222,25ce7c8a5e29e0820e304f740ba7e203f5e3d389f5fb29c1551e7e163543798d
reports/prd_attribute_extraction/unified_v1/garment_attribute_vector_v1.json,288229,9555893b92dd4143025ca40b55318cd0ff40a47d58111485cbf94d0483f5b360
reports/prd_attribute_extraction/unified_v1/garment_attribute_vector_v1_flat.csv,96441,ab80fcc4193b41dff4a59ac3b73e8be30bce0956f20e73718b4a38a5b1ad9aa9
reports/prd_attribute_extraction/unified_v1/integration_summary.txt,1036,18cb422e8b458ff1a2a5439b670d472cc254dffdc4ad5420804893e9212d8a16
reports/prd_attribute_extraction/unified_v1/run_info.txt,457,273f5ebee645590a09ea45a478fe11b70cb4a6e0b294999517990dda7b52074b
reports/prd_attribute_extraction/unified_v1/unmatched_records.csv,60,a5523d8881661fe4872c3ac99039ac330a4439ba09f6523c6a4ba1ad52f696cb
reports/prd_attribute_extraction/upper_silhouette_v1/run_info.txt,361,8a80cf6ac3897a1573c4528101076435256d02bb5626fa5d363da5aaf3505f21
reports/prd_attribute_extraction/upper_silhouette_v1/upper_silhouette_features.csv,15612,c974bd8c3e8e2e054a628ebb7ccd7a7023eecd339c6aa99eb4d0a899643770c6
reports/prd_attribute_extraction/upper_silhouette_v1/upper_silhouette_summary.txt,1126,44d2ac692466d2587c69d40424bb34c5bcf2b78eede0c8bf31c66613a264a8e0
reports/prd_attribute_extraction/upper_silhouette_v2/run_info.txt,409,2f2b54d5335a3ad77245d802a577680ace59ce155fa1bd9e7dccf5c839c09517
reports/prd_attribute_extraction/upper_silhouette_v2/upper_silhouette_features_v2.csv,17326,590c5156fe331ea3b6f82ce668835d1d2afeeb3f289b8b987c7bd270ba65c09f
reports/prd_attribute_extraction/upper_silhouette_v2/upper_silhouette_summary_v2.txt,1303,647b62278fa5eb05d5f6124797ab4934a39762bacc26b8c1afbf9891c5fdbf67
reports/prd_instance_segmentation/category_coverage_v1/prd_3_1_1_category_coverage_v1.csv,136,fa34d33f9be321b83e2e5ef8fa2ec82b4d5a54f6605acc74ffdc37fd07e0d846
reports/prd_instance_segmentation/category_coverage_v1/prd_3_1_1_category_gap_report_v1.md,1357,db59f570482523c77787e6d3d2456fac73b7755215e6145f3ab1253708dfd72d
reports/prd_instance_segmentation/fashionpedia_missing3_pilot_v1/category_mapping_used.csv,782,b92cc42e936b942b558d487c55d89e6e658d62a161718b4ac4399e038009ad21
reports/prd_instance_segmentation/fashionpedia_missing3_pilot_v1/skipped_annotations.csv,44,35e872a1fd284de06cce556fb65fb40a7177418690617fc669e2c1bda5e8b1fa
reports/prd_instance_segmentation/fashionpedia_missing3_pilot_v1/summary.txt,1196,aae5a0eea290638d24d321af07f6ddf7a0fabe611836899ffbd867f352bc77f4
reports/prd_instance_segmentation/maskrcnn_8class_baseline_v1/data_check.txt,1519,908dbd14d8edecacd91bf431664f0c88579a8d36afbb82b938bf832c8a03eb4c
reports/prd_instance_segmentation/maskrcnn_8class_baseline_v1/summary.txt,588,49ad39e9824457696889d9e0c7ca07079cda5e8f234d950e643e85afeefd7cac
reports/prd_instance_segmentation/maskrcnn_8class_baseline_v1/train_log.csv,2379,2a8606686c20becaf29aaf61a6c82fbe085554f19f0562081aeb7bc152f07ff3
reports/prd_instance_segmentation/maskrcnn_8class_baseline_v2/data_check.txt,1683,ea8480072220bffd972c42e7253f842a09c1c6b46058e9856ee2f1e50a5ee440
reports/prd_instance_segmentation/maskrcnn_8class_baseline_v2/sampler_weights.csv,39111,e4d7ea87449e791481609a7a6196d52dc70a16c697f3428a9b471f739440bb0f
reports/prd_instance_segmentation/maskrcnn_8class_baseline_v2/summary.txt,1003,d14e2abc13ceff2c0368eec70897e0a2ebf69e7232205a78517f80602a01f5a5
reports/prd_instance_segmentation/maskrcnn_8class_baseline_v2/train_log.csv,3134,ed8543b28dcdc624ec1c513753e7df30fcb44301a1479e85cce4ecd1fc12c972
reports/prd_instance_segmentation/maskrcnn_8class_baseline_v2_nobalance/data_check.txt,1694,87bcbd951696fb34535752251b66169805a8496faf08a24681d39a494f45a49d
reports/prd_instance_segmentation/maskrcnn_8class_baseline_v2_nobalance/sampler_weights.csv,39111,e4d7ea87449e791481609a7a6196d52dc70a16c697f3428a9b471f739440bb0f
reports/prd_instance_segmentation/maskrcnn_8class_baseline_v2_nobalance/summary.txt,1014,75f0a5273d270611db945243dc6827c7a2b14ee4696020f8269f575d3f9609dc
reports/prd_instance_segmentation/maskrcnn_8class_baseline_v2_nobalance/train_log.csv,3131,8faafb1bf207b0f814b3c948035a086aa8e6ca7f1d85c0626dbd5cde3e8a6550
reports/prd_instance_segmentation/maskrcnn_8class_eval_v1/error_cases.csv,97676,abf650844f50c367e09154e4dd2ac33ca91be789644e72e62742e7366ccf100d
reports/prd_instance_segmentation/maskrcnn_8class_eval_v1/evaluation_summary.txt,1591,f9dce59b3e77b727da62bdb112a35fe2af5c990d353b7cce3022f94efc2e9bbc
reports/prd_instance_segmentation/maskrcnn_8class_eval_v1/per_class_metrics.csv,1363,e12d25ede5e3d9d571695ce7ae71513444891f0eda99ca6198c42cec86b5c29e
reports/prd_instance_segmentation/maskrcnn_8class_eval_v1/per_gt_results.csv,126806,eb757bc08fe794309ae17291d3438cee792dffa42500532757484d106264ea06
reports/prd_instance_segmentation/maskrcnn_8class_eval_v1/per_image_timing.csv,40743,ee1e7e64de5be63600a0cfd8a96ac82e4dac1fc7326425b2e50e96bb43ea3f16
reports/prd_instance_segmentation/maskrcnn_8class_eval_v1/per_source_metrics.csv,664,2c2727246ffceb368b2a3204cdc4d351d4136ebea341f1a35d806ca70082a0bb
reports/prd_instance_segmentation/maskrcnn_8class_eval_v1/visualizations/img_000.jpg,64900,863d4047ede95f215bb8a330d7b13eee13972c99acfa36bf6f83bb63da5bd2c3
reports/prd_instance_segmentation/maskrcnn_8class_eval_v1/visualizations/img_001.jpg,209638,a2d3fea41b78ab3ce83f765e9275a04444c044e8360d4991b8825e02da4eb963
reports/prd_instance_segmentation/maskrcnn_8class_eval_v1/visualizations/img_002.jpg,199416,a3571d0eda2e48763d37fd11a919316595157d3941e6f4b2732331cfc62b1806
reports/prd_instance_segmentation/maskrcnn_8class_eval_v1/visualizations/img_003.jpg,47163,0e81e899fdb90ca466949bafd43f5cc0bfd7f80a9f6e6ef56a3f018454f2407f
reports/prd_instance_segmentation/maskrcnn_8class_eval_v1/visualizations/img_004.jpg,65904,5cd9173f51a60fd9171c76af089ebdbf793a6a6f9427df0c9891b68bfedccb48
reports/prd_instance_segmentation/maskrcnn_8class_eval_v1/visualizations/img_005.jpg,42963,fd2683c970e556cfdefe5fe2a6e4c3d23315998bd11d5a771555a55763934bbd
reports/prd_instance_segmentation/maskrcnn_8class_eval_v1/visualizations/img_006.jpg,65825,263ea75ff05622ddea5aacb248168ef437611973f67cebbcf2f44c3a20eea8e7
reports/prd_instance_segmentation/maskrcnn_8class_eval_v1/visualizations/img_007.jpg,153068,9a9a282da2d328fbb2b18022339da4c5e49d720ee94ddbb4b010981b4fce9907
reports/prd_instance_segmentation/maskrcnn_8class_eval_v1/visualizations/img_008.jpg,63020,5b3f68727ed2d1551261f153d95875a9d1bb75c60d6a2678c6b50328b8b5d5db
reports/prd_instance_segmentation/maskrcnn_8class_eval_v1/visualizations/img_009.jpg,83463,b68e46466c9970066ba1b7817c14541e4021a1577e9baf88e45742dd5dc621b0
reports/prd_instance_segmentation/maskrcnn_8class_eval_v1/visualizations/img_010.jpg,115348,c88cdf6b25c325dcefb9eb2f182cd277f3e5498ceb8894721098744eb241eab2
reports/prd_instance_segmentation/maskrcnn_8class_eval_v1/visualizations/img_011.jpg,167596,5409adf03f922a4d2cb68e6e1e9de47eba91d3596cf835bae609c8f91148cf4d
reports/prd_instance_segmentation/maskrcnn_8class_eval_v1/visualizations/img_012.jpg,76723,5de033db061d416e696a6b54ec9c82017b73212c80dd45f49afc7358c091a99f
reports/prd_instance_segmentation/maskrcnn_8class_eval_v1/visualizations/img_013.jpg,64883,6746db19780ac098dcfbccd844de7871d6043053feb68b0ae6db187096d05f7a
reports/prd_instance_segmentation/maskrcnn_8class_eval_v1/visualizations/img_014.jpg,64823,51d81cecc748e4237c37595240f2dfb3af6269faf3f948aac8ef7065864e9370
reports/prd_instance_segmentation/maskrcnn_8class_eval_v1/visualizations/img_015.jpg,249103,2adf5c017f88881311d3d4a3affa48d22b83b6142680f68234624d04299facf1
reports/prd_instance_segmentation/maskrcnn_8class_eval_v1/visualizations/img_016.jpg,61743,fd542d95f6b37895963fdfa39c7b277a96fb5d92ff137e18829fdb36bb1d16aa
reports/prd_instance_segmentation/maskrcnn_8class_eval_v1/visualizations/img_017.jpg,116949,945903a94d1481c5f5c0f904c0c3a0dfec3c4d8bb34f1744e0e5eea08a246533
reports/prd_instance_segmentation/maskrcnn_8class_eval_v1/visualizations/img_018.jpg,123519,8960e12dc37ab39d1cb9038b5277d114c75a7220f78903bccf712a66696ff342
reports/prd_instance_segmentation/maskrcnn_8class_eval_v1/visualizations/img_019.jpg,118066,0b963792ded1a19a962eddf94be29741675722094695103961ba9db3a07a13b0
reports/prd_instance_segmentation/maskrcnn_8class_eval_v1/visualizations/img_020.jpg,53145,989b89a3cfbcdc6cca74c955a0c5c9c18930903a94c202e6abe755c4b5b71e7e
reports/prd_instance_segmentation/maskrcnn_8class_eval_v1/visualizations/img_021.jpg,69253,1b59b9cf8eb1f0e6d981b82894146a085f6e661f6fb68a73789954a7d29acc80
reports/prd_instance_segmentation/maskrcnn_8class_eval_v1/visualizations/img_022.jpg,131001,5bd784d0c64a9ac1becc7d388d54a5106c86bca7a87c975a2a30da0d44a02ac6
reports/prd_instance_segmentation/maskrcnn_8class_eval_v1/visualizations/img_023.jpg,115367,c2d59e398071e359ce0cade99129c496d98e3eaf0de016284eb42e3af1dc644c
reports/prd_instance_segmentation/maskrcnn_8class_eval_v1/visualizations/img_024.jpg,88156,32235c521cb0610e68b09a0efa15baffdfa9f447b4799482e27adc9e2429a351
reports/prd_instance_segmentation/maskrcnn_8class_eval_v1/visualizations/img_025.jpg,63473,9b2a898e12a92630812dbc1802e317254a10132864562cd0fbe64c51e40f7fa1
reports/prd_instance_segmentation/maskrcnn_8class_eval_v1/visualizations/img_026.jpg,95440,3a37aa6fc93c55b577eb60c7b1bbd59aec06674ec9eb3995f1ef6eb2bbb02806
reports/prd_instance_segmentation/maskrcnn_8class_eval_v1/visualizations/img_027.jpg,80736,cfe460011c45936e0d2b0dbf3eb6e7e38445569490a5a6e7a7b65ac86dd35965
reports/prd_instance_segmentation/maskrcnn_8class_eval_v1/visualizations/img_028.jpg,66365,022b906717f3181a4c5f977e9df062195fcbf15e528f8299e4bc571c944fa84c
reports/prd_instance_segmentation/maskrcnn_8class_eval_v1/visualizations/img_029.jpg,46695,ff72e1c0b7e8b65463345a8c782ffdfa2c8032fdd1a202b16f4f57c266d8ab95
reports/prd_instance_segmentation/maskrcnn_8class_eval_v1/visualizations/img_030.jpg,109237,3e496130b10332e377160c37b862165daa2e83bbf245b0c071ac979f0891f0b9
reports/prd_instance_segmentation/maskrcnn_8class_eval_v1/visualizations/img_031.jpg,121282,bff2fdc60985697bc4491f096274b83810ab0bf239a1e433925543b46cb05475
reports/prd_instance_segmentation/maskrcnn_8class_eval_v1/visualizations/img_032.jpg,186440,f9346f73ad819cf76a31a13a3d98ccdb4c6b2ec63f892ae0d3272629bf86f946
reports/prd_instance_segmentation/maskrcnn_8class_eval_v1/visualizations/img_033.jpg,84460,98b133f48203044210c0110c4d9572b7be30ba27b6f574fbd46b49891cfc6ffe
reports/prd_instance_segmentation/maskrcnn_8class_eval_v1/visualizations/img_034.jpg,124955,f783b5e489d2b1b6cddecc385f05d87b2c4f9efb8ea4eaeb2347865d0f28631b
reports/prd_instance_segmentation/maskrcnn_8class_eval_v1/visualizations/img_035.jpg,148645,7771cb172d2dcd267926c7ec2e60c2e100536749018c69a7e176bd00aaa2a6c5
reports/prd_instance_segmentation/maskrcnn_8class_eval_v1/visualizations/img_036.jpg,107820,7e3c83c93af2b8289eace0461a98ff3b89940751ec13461d6cc04b5286a7b210
reports/prd_instance_segmentation/maskrcnn_8class_eval_v1/visualizations/img_037.jpg,85650,f890ca884893ef5bb3be8e8cf82f14c85b3d737d2fc57d4017e14eeac67eb260
reports/prd_instance_segmentation/maskrcnn_8class_eval_v1/visualizations/img_038.jpg,33504,262dc9a7536e33625ff2874cf22e549262ec73a36c45a9c4f185dc2f45d4e6de
reports/prd_instance_segmentation/maskrcnn_8class_eval_v1/visualizations/img_039.jpg,110232,d47b3d1852a7251d7d2b2015bfe9a2b4cdc6e9c6803076ac467d03faf148defb
reports/prd_instance_segmentation/maskrcnn_8class_eval_v1/visualizations/img_040.jpg,68251,2c5a58725195406287246edfffe91ce0f47c9053f5a5f34c88786bbf1399c1ad
reports/prd_instance_segmentation/maskrcnn_8class_eval_v1/visualizations/img_041.jpg,78774,1bff5c7cf599b4d2061d5e3942e3fe6f329770904f048ce23bce6dd6bf159e44
reports/prd_instance_segmentation/maskrcnn_8class_eval_v1/visualizations/img_042.jpg,99788,384a4275a5ef9995d114b82d01b23d5b1d61a4fc037ab685988f96a8fd409d64
reports/prd_instance_segmentation/maskrcnn_8class_eval_v1/visualizations/img_043.jpg,54759,770e112da59e37fd5c8ac99f07643fe5a5365e41735e878e4ad61c4c17249941
reports/prd_instance_segmentation/maskrcnn_8class_eval_v1/visualizations/img_044.jpg,115130,c2b64597676f3499c2c93f5d6995ec22db0795f404507f63cdf4d355d758c79e
reports/prd_instance_segmentation/maskrcnn_8class_eval_v1/visualizations/img_045.jpg,84147,fb99ecf270002a655cfb8e7d82cf7bb24819596da156a79cbce7788a28af191e
reports/prd_instance_segmentation/maskrcnn_8class_eval_v1/visualizations/img_046.jpg,67422,931873ebb037a74c501cb171f720142bbf8ab20b6c89c15e9ddbe9bbd9ac5efb
reports/prd_instance_segmentation/maskrcnn_8class_eval_v1/visualizations/img_047.jpg,94945,4c27b89b9304d6ee8a9120d59d83327908462e664dd331c8c748a08274529755
reports/prd_instance_segmentation/maskrcnn_8class_eval_v1/visualizations/img_048.jpg,95191,8b9b29877055f6babcc8101389033decb8ce81454e44a30a9873f16ce38299ad
reports/prd_instance_segmentation/maskrcnn_8class_eval_v1/visualizations/img_049.jpg,91249,132bc8f737723ef9e9bae0ce58f41523852686fe95acee450738b21e37a78d11
reports/prd_instance_segmentation/maskrcnn_8class_eval_v1/visualizations/img_050.jpg,30528,d9925cdcc2acd1af81ba9242e3869ed1dc29631246b582b4e03361c0147533ad
reports/prd_instance_segmentation/maskrcnn_8class_eval_v1/visualizations/img_051.jpg,131447,1fba446eca068704e5642012ed9fb48174c988ceed45f08ff58f6b4c50b66e6c
reports/prd_instance_segmentation/maskrcnn_8class_eval_v1/visualizations/img_052.jpg,102070,b7d52379bde67d384aae6483657d434d6049efd49ca29a4e7ca06e961f616884
reports/prd_instance_segmentation/maskrcnn_8class_eval_v1/visualizations/img_053.jpg,39943,d7d7482fe8cc99c8073458d7082629b38b60478849dc67d5e59d43748de41d95
reports/prd_instance_segmentation/maskrcnn_8class_eval_v1/visualizations/img_054.jpg,98589,e276e25c86c4a86dde69238601d411ec38c37277934f441b78e24213bdbd8924
reports/prd_instance_segmentation/maskrcnn_8class_eval_v1/visualizations/img_055.jpg,63270,758a51e03671bb3f264ea34b953ef86064e71b1317b7ababb8bbf098026cbac0
reports/prd_instance_segmentation/maskrcnn_8class_eval_v1/visualizations/img_056.jpg,66442,64904fe8f0ab2f4b11fe5eac52ee62a647b392f393ac31a417993c1109885305
reports/prd_instance_segmentation/maskrcnn_8class_eval_v1/visualizations/img_057.jpg,81717,100173ceb61dab8be0c59ba7107b3c1a279f4a74950f4a2ef26f3b361f4bf6bb
reports/prd_instance_segmentation/maskrcnn_8class_eval_v1/visualizations/img_058.jpg,90474,59e7c36ca2c2282b019111023861a5b3150590b73f8e25f8cc6b1e2dfda1d606
reports/prd_instance_segmentation/maskrcnn_8class_eval_v1/visualizations/img_059.jpg,79291,8b46675eb6a7ea7f2a96c21feb01abe18bf322e87a7188e94aa74fcc6d06f7d6
reports/prd_instance_segmentation/maskrcnn_8class_eval_v1/visualizations/img_060.jpg,122518,e306b61ffd426003905444566216b8f841b234157b12fc8aba92dbabdda236a4
reports/prd_instance_segmentation/maskrcnn_8class_eval_v1/visualizations/img_061.jpg,94028,0cf082d314f37fb67b1bda4e2d412721d0f3cd802849ebce000e6251f8a819a9
reports/prd_instance_segmentation/maskrcnn_8class_eval_v1/visualizations/img_062.jpg,90268,0b28946359012ad3509fa0936f15df9fd168de1c88b116634c6b2cf227b73c67
reports/prd_instance_segmentation/maskrcnn_8class_eval_v1/visualizations/img_063.jpg,40900,8d0e20d8ed6b7541ae1fd549d9715d823a045fd81a28d0b29eb66d3867f48480
reports/prd_instance_segmentation/maskrcnn_8class_eval_v1/visualizations/img_064.jpg,57835,f6b96a2a98fc4965ebcb05a0102549fd341c669f779ff09bbd967ef59fac44a9
reports/prd_instance_segmentation/maskrcnn_8class_eval_v1/visualizations/img_065.jpg,77324,8c7c425a53a4086098768fdc5f818012775367de925548d9d2b8ed2c51d0421a
reports/prd_instance_segmentation/maskrcnn_8class_eval_v1/visualizations/img_066.jpg,185716,46f4405889463012b529400311b8b2d1568028e850b853af0e7418c4ffaa4655
reports/prd_instance_segmentation/maskrcnn_8class_eval_v1/visualizations/img_067.jpg,76737,d8fa4cfa7350395e919d88312e569237e1304e37fb44aa71947bf6b6144d7b49
reports/prd_instance_segmentation/maskrcnn_8class_eval_v1/visualizations/img_068.jpg,41078,3b3eb790bc7739aed9b18b500a9b735e4bf55a731591b9b8ec1c07b189c548e6
reports/prd_instance_segmentation/maskrcnn_8class_eval_v1/visualizations/img_069.jpg,55719,39534c4d17e2625bcbdc41173db0a6df2c9650bae37a0333b6b666c32bc13351
reports/prd_instance_segmentation/maskrcnn_8class_eval_v1/visualizations/img_070.jpg,84513,8cb915fb557bf28ab00332526f8aa0a0f9d9448f9f3d250789dbba941e5a6fad
reports/prd_instance_segmentation/maskrcnn_8class_eval_v1/visualizations/img_071.jpg,69219,16f681cece4a58c066c66f8b200c3dc57d437c9f5bd0c9543ca150a34d9a799d
reports/prd_instance_segmentation/maskrcnn_8class_eval_v1/visualizations/img_072.jpg,65523,3e5d2d719df8d0de77a43984c1504f45521bdde321d25966ee83ca8b3bfe1d72
reports/prd_instance_segmentation/maskrcnn_8class_eval_v1/visualizations/img_073.jpg,243709,bba61bd262bc48a0e8e4ddd223af0f1429e5499f98066f514c95230d9246b54c
reports/prd_instance_segmentation/maskrcnn_8class_eval_v1/visualizations/img_074.jpg,54083,956c3e947f42cb2232dfb89fc10357a66d11e2037fc359f6756091aea139f563
reports/prd_instance_segmentation/maskrcnn_8class_eval_v1/visualizations/img_075.jpg,53968,b786a199f7ee8a6fd353f1ab7b9557831aaedf710890f3ad134682b93a14ffde
reports/prd_instance_segmentation/maskrcnn_8class_eval_v1/visualizations/img_076.jpg,98921,635d1886d4b851c7da8ad701851f45c435dc6f8d2b8c2f513dad7394950628a8
reports/prd_instance_segmentation/maskrcnn_8class_eval_v1/visualizations/img_077.jpg,36572,5fb43b0939a255035f2efb099e0c210dfb8c014535077ed1aea6a1e4a5ecc47e
reports/prd_instance_segmentation/maskrcnn_8class_eval_v1/visualizations/img_078.jpg,108475,3fdc4c29864bc6fa569360441dcf54d6deb2bd4351ba74775b2bcb27c3a5b399
reports/prd_instance_segmentation/maskrcnn_8class_eval_v1/visualizations/img_079.jpg,36143,b7f256efac878ca221a92d1c971adbbed8b28998c183e39fde24883e8f87fac5
reports/prd_instance_segmentation/maskrcnn_8class_eval_v1/visualizations/img_080.jpg,94468,38f332908ed90d107ecd5ba1e7bca987a42ceb23472bf60fa633c7a6ef3c4c7f
reports/prd_instance_segmentation/maskrcnn_8class_eval_v1/visualizations/img_081.jpg,111524,0911019efe3d5c2a4a40e16135dffe05f7bcf31c42b6251f93865cc9983f2045
reports/prd_instance_segmentation/maskrcnn_8class_eval_v1/visualizations/img_082.jpg,313925,b8808d6b74286cb31b08e4fe7966dab42dea927bed4530c5266eb47a5795c9d6
reports/prd_instance_segmentation/maskrcnn_8class_eval_v1/visualizations/img_083.jpg,99842,4279a11960f65cbaec785d848731360366fc7eb4cb534db55189c16b23b916b9
reports/prd_instance_segmentation/maskrcnn_8class_eval_v1/visualizations/img_084.jpg,93023,88997beaf575fb478d32b84d11a7d7a64224a07582b0f69444df9989e7397489
reports/prd_instance_segmentation/maskrcnn_8class_eval_v1/visualizations/img_085.jpg,64101,28c8d37292ba52bb308b92763a0a248ef7dcf9c7544bd214bdb41d02877eaca3
reports/prd_instance_segmentation/maskrcnn_8class_eval_v1/visualizations/img_086.jpg,63942,a29a58b93b91ed06b5ddee1d6d81123b1891ec8cfa938162185d1cf69273fbfe
reports/prd_instance_segmentation/maskrcnn_8class_eval_v1/visualizations/img_087.jpg,53756,5230c8366fd474c827e2fddcd6f49372cf64a161e024e7d73ed6e0d252224582
reports/prd_instance_segmentation/maskrcnn_8class_eval_v1/visualizations/img_088.jpg,34129,dce7205dfb70c85b9b2c31e6c4c4b3b53e67b21429251fb3b993bd22febf7158
reports/prd_instance_segmentation/maskrcnn_8class_eval_v1/visualizations/img_089.jpg,124877,9c4364b678904806ebeb5c8b715c86f9674647d37c637f63219b03acdedc9398
reports/prd_instance_segmentation/maskrcnn_8class_eval_v1/visualizations/img_090.jpg,100439,eb279e4f28dd8688c555570a2cf7590ad96c232f1847283931c1ce3cb5790d4e
reports/prd_instance_segmentation/maskrcnn_8class_eval_v1/visualizations/img_091.jpg,45771,d2e09eed843be490f7ea4c3153459eecdb8a508750d92cd66a91c460ff69037b
reports/prd_instance_segmentation/maskrcnn_8class_eval_v1/visualizations/img_092.jpg,59880,4522cf89e6449913c091de60c6b68e88b987b1600a935c6df227fe8e9b0f7b09
reports/prd_instance_segmentation/maskrcnn_8class_eval_v1/visualizations/img_093.jpg,53499,2e9268e650550e1d63a06c4294ce113a429209e2421e7c0e9aaa58a30996f019
reports/prd_instance_segmentation/maskrcnn_8class_eval_v1/visualizations/img_094.jpg,73589,cb187b49e329f95372478e1a4df150fbc7ccc3a820fa3b55c9d5b6678ff158f8
reports/prd_instance_segmentation/maskrcnn_8class_eval_v1/visualizations/img_095.jpg,202497,65970fd72cd068a71e56746d92ecb718f38bff0af04a37aa1adb83e17d6ba37c
reports/prd_instance_segmentation/maskrcnn_8class_eval_v1/visualizations/img_096.jpg,72414,a0a8b2ee94fc9b267efedd06eb0ea392587242afe2c39e80844b41400c70a851
reports/prd_instance_segmentation/maskrcnn_8class_eval_v1/visualizations/img_097.jpg,112948,65bf2439b15bf719052b5bc6ecbd5a83cb81d6d65282af8ca4e46fe2853695c8
reports/prd_instance_segmentation/maskrcnn_8class_eval_v1/visualizations/img_098.jpg,111814,906904e5701f10eb40004ecc666676a25e0a05f4b7a6ee4484a34d29139627ce
reports/prd_instance_segmentation/maskrcnn_8class_eval_v1/visualizations/img_099.jpg,42045,1e38c1f4a33e5f9b9ea32237b3f61180059ee41499f6bf556ee78c3bc4aa93b2
reports/prd_instance_segmentation/maskrcnn_8class_eval_v1/visualizations/img_100.jpg,74969,7342da4e5a2c3c54d590385df8dbca9488dec44d4a8fb9a39f3317f800d8ea2a
reports/prd_instance_segmentation/maskrcnn_8class_eval_v1/visualizations/img_101.jpg,113672,bd317c6169543fffbb55a819b3ebde829cd852e30543e8b3458438aead79108f
reports/prd_instance_segmentation/maskrcnn_8class_eval_v1/visualizations/img_102.jpg,132860,e9db8110c04f61c68d2023ec91e97e073c8851a8700eef753a2e223e4075ae63
reports/prd_instance_segmentation/maskrcnn_8class_eval_v1/visualizations/img_103.jpg,60278,b24810ef49295ccb591d6c3267da039866cf2a7a52c3339cf7982655fd819864
reports/prd_instance_segmentation/maskrcnn_8class_eval_v1/visualizations/img_104.jpg,71653,80968ba89397987faa898e174b8ef4851301455d1acacb1034f1e6310a3a2fb4
reports/prd_instance_segmentation/maskrcnn_8class_eval_v1/visualizations/img_105.jpg,129383,7ea14e018c0b372e40de7fd3f7a2d5caa805dab946b9e4cf23717e3e71d2060c
reports/prd_instance_segmentation/maskrcnn_8class_eval_v1/visualizations/img_106.jpg,163518,a8b28b2ae2e86c6626ffcdf15f83b58bf6a7315f7229282c0e74c9cdc46084fd
reports/prd_instance_segmentation/maskrcnn_8class_eval_v1/visualizations/img_107.jpg,38062,7e2494bc1440de61855c0cf02e7b520443c2921fe450cd5bbe5f0a76c950a3f4
reports/prd_instance_segmentation/maskrcnn_8class_eval_v1/visualizations/img_108.jpg,142933,b827421b354d90c0006c4eb0423542a2a86a8df5491ecb67b20a620f1776c266
reports/prd_instance_segmentation/maskrcnn_8class_eval_v1/visualizations/img_109.jpg,193886,24213c80a3735fd006d33b2a371d21d5b9d81628085e2bd857f92dccc53412ca
reports/prd_instance_segmentation/maskrcnn_8class_eval_v1/visualizations/img_110.jpg,158701,d00848a3f8a244efdd905402a5b8aa65045b7b8bb55ef448a73fa25ea18aa588
reports/prd_instance_segmentation/maskrcnn_8class_eval_v1/visualizations/img_111.jpg,121663,f874584e86a2c9bb797307e51d3402fdf51cd5e51a64426cb6cb81a095185176
reports/prd_instance_segmentation/maskrcnn_8class_eval_v1/visualizations/img_112.jpg,48508,d1af3af82c876889d512dcc28b58c264f70c124d6deb8c398816c0fdd714dfe3
reports/prd_instance_segmentation/maskrcnn_8class_eval_v1/visualizations/img_113.jpg,170654,64bd27b5ef4ed83ad43ea059bab5a974a46463e9a3b74f3a71f774f101d38d42
reports/prd_instance_segmentation/maskrcnn_8class_eval_v1/visualizations/img_114.jpg,107922,2d8dd2de75f7f527949a553dc9e3a8d14552a7f455b6a3d85d9cab47a5a3ede6
reports/prd_instance_segmentation/maskrcnn_8class_eval_v1/visualizations/img_115.jpg,103653,015167424ca501d3df292c8e2b1eeb2f9c9b1904fa65c09da152d8ae38343167
reports/prd_instance_segmentation/maskrcnn_8class_eval_v1/visualizations/img_116.jpg,44170,5130d4435f97b3a08c21a7f3b4942812287521605818c9723fb0d23606e6520b
reports/prd_instance_segmentation/maskrcnn_8class_eval_v1/visualizations/img_117.jpg,99881,cd77509aec4931e8c6dc8d7b9ddc1c1d5688082e57069f9c32595191e0adffd1
reports/prd_instance_segmentation/maskrcnn_8class_eval_v1/visualizations/img_118.jpg,67852,89b74c36e92646cc417ddfd2acaed3b07bdeb42c4d065b3fa3776d19ffe04a62
reports/prd_instance_segmentation/maskrcnn_8class_eval_v1/visualizations/img_119.jpg,76968,534163e1b195b627359e0d1e1f5a53b22d510fdeacb627960b10fbd335fe4a66
reports/prd_instance_segmentation/maskrcnn_8class_eval_v1/visualizations/img_120.jpg,86118,48ea7ec0646a975f74130b5ef0129b94f8cab5aaee73a22b30f23f2505dd896e
reports/prd_instance_segmentation/maskrcnn_8class_eval_v1/visualizations/img_121.jpg,47113,108fef1157e99399ce522e339deda31de8ac25528fdc504d559ce02408fda8c4
reports/prd_instance_segmentation/maskrcnn_8class_eval_v1/visualizations/img_122.jpg,72083,cde7619df92eda3e1c1b2004b92f845c15127ea851c0dd47d4071456fd04b87d
reports/prd_instance_segmentation/maskrcnn_8class_eval_v1/visualizations/img_123.jpg,115142,9aeaeb042379830dea0630af93f244db0899710ba419e2e2fa705306c0ecc5ec
reports/prd_instance_segmentation/maskrcnn_8class_eval_v1/visualizations/img_124.jpg,180441,0e515d9ab4c9f3f5fef85f0a8d5d8f894b033a9ddf2090b858c2fda3504f9180
reports/prd_instance_segmentation/maskrcnn_8class_eval_v1/visualizations/img_125.jpg,112479,d17715fe9674de78ccbeb913b460c8aef9d79ad591a96e8d6b511cd0c021b081
reports/prd_instance_segmentation/maskrcnn_8class_eval_v1/visualizations/img_126.jpg,97125,628df3fb3bd477502ee9e8c2429f5526cac4425d0e61c63c79118fd7a7174aee
reports/prd_instance_segmentation/maskrcnn_8class_eval_v1/visualizations/img_127.jpg,68398,ad8929cacbe85a8d87b3ca49f81b17e831da8e7ae421c6865dcc592febaa14c5
reports/prd_instance_segmentation/maskrcnn_8class_eval_v1/visualizations/img_128.jpg,32114,5eb6117cfc044ea01c53fb599ee495b46f34e85f1d81b1ba5accbe0ca3dc2282
reports/prd_instance_segmentation/maskrcnn_8class_eval_v1/visualizations/img_129.jpg,144946,97f919fb44f453b61d1afcc26c26e355c9bde4b511cd727180887033156a4bbf
reports/prd_instance_segmentation/maskrcnn_8class_eval_v1/visualizations/img_130.jpg,183601,c722b3e6a226565fd03adf0fd64d84871d61496f6f855adcb80ef5b99ccf8015
reports/prd_instance_segmentation/maskrcnn_8class_eval_v1/visualizations/img_131.jpg,106995,01f1e7e638b89faddf85116d124a51c06e437cc9147713902f56acbf6f543d68
reports/prd_instance_segmentation/maskrcnn_8class_eval_v1/visualizations/img_132.jpg,63446,8903ef4c96ab4cacfd92cdf0ce3d7391ded2850259a983ceb30eca186450759e
reports/prd_instance_segmentation/maskrcnn_8class_eval_v1/visualizations/img_133.jpg,134025,02fa2cc2fe70ef88b5a1bbabbbd2a525bfbe6d3eb02a24bda290a9a12bccac4e
reports/prd_instance_segmentation/maskrcnn_8class_eval_v1/visualizations/img_134.jpg,155799,d48635d99d2a8a2d838ca59659132a6d290b3be68d547a104a41d1cc7ff269a2
reports/prd_instance_segmentation/maskrcnn_8class_eval_v1/visualizations/img_135.jpg,145957,9b78f32a709d927293b29de9a224627aeb641398d2d47f29645e7d0db15e2e6a
reports/prd_instance_segmentation/maskrcnn_8class_eval_v1/visualizations/img_136.jpg,90200,d002d5869cf10d4fbc022f03e02fa4c4aefe9dd4aa46e12b7b9b43cbe1f215e0
reports/prd_instance_segmentation/maskrcnn_8class_eval_v1/visualizations/img_137.jpg,70064,ea23dcdad9052fe79065b9f60bfd0aa5593e9781fede9de359e38bea8d520ba1
reports/prd_instance_segmentation/maskrcnn_8class_eval_v1/visualizations/img_138.jpg,171325,6d68ec73f08da4093f897fb9a324e9a9b3717ccbdde45f8daab842cf02b1f7d3
reports/prd_instance_segmentation/maskrcnn_8class_eval_v1/visualizations/img_139.jpg,46287,5feb481b7c396408baef62268a237f64449244ede25efda535e673e999c57e04
reports/prd_instance_segmentation/maskrcnn_8class_eval_v1/visualizations/img_140.jpg,272737,6366bbfad8d0112dd5d75cc40b06872cf3d3301d18155d9874c0438c8131a110
reports/prd_instance_segmentation/maskrcnn_8class_eval_v1/visualizations/img_141.jpg,87672,4230f159b5c3ab12fc463a999da1cdbd5af00e5219b72a879c203a04df2cff91
reports/prd_instance_segmentation/maskrcnn_8class_eval_v1/visualizations/img_142.jpg,84434,fa60998b37df2ed442a91e5ef6e41129485c0dfe0677ca7a7b3e0251825176a8
reports/prd_instance_segmentation/maskrcnn_8class_eval_v1/visualizations/img_143.jpg,74708,551a70e84d179c28e0da1bb46bda6e3d338a9f7253ec8504b2bff45644d622f6
reports/prd_instance_segmentation/maskrcnn_8class_eval_v1/visualizations/img_144.jpg,106783,511ea2df25f5452e4ce8cb82c73f59081e6cdfc9be71993f1a14044b993d784b
reports/prd_instance_segmentation/maskrcnn_8class_eval_v1/visualizations/img_145.jpg,102249,0a5338898ac8224b7870f07192605caca0323a3b69f81e58159edf97928f1d48
reports/prd_instance_segmentation/maskrcnn_8class_eval_v1/visualizations/img_146.jpg,66240,6438c79e939fa38f523fcf58ae7c8771b159f9b84af8ae0c32aaa87844761996
reports/prd_instance_segmentation/maskrcnn_8class_eval_v1/visualizations/img_147.jpg,45694,1cfc7226c9bdb2334e4b8d69ac6d307db3c75a703896dc104acb8f438263a486
reports/prd_instance_segmentation/maskrcnn_8class_eval_v1/visualizations/img_148.jpg,108057,790fb3dfba7d4038f47e0dd8c69807c08af7e717aa166e37b9dc5b4668ae1b64
reports/prd_instance_segmentation/maskrcnn_8class_eval_v1/visualizations/img_149.jpg,84824,409a779603faaaff64ffa27f5818fc5c36416a0cc64b641f8f0ab6f3dcd592c8
reports/prd_instance_segmentation/maskrcnn_8class_eval_v1/visualizations/img_150.jpg,81931,9a816a3fa336e5c296294f1b0fa4cfd6bb2f02c68894445199d3f4da7f4ceb6c
reports/prd_instance_segmentation/maskrcnn_8class_eval_v1/visualizations/img_151.jpg,85996,29397b6e80eefb5988710fd1084c6feb579702ce77aecbfb8a871ebb3f2e9a6d
reports/prd_instance_segmentation/maskrcnn_8class_eval_v1/visualizations/img_152.jpg,236232,35c5b0d55fb3a72cbb36cfa02d274a49b90099ffb6cc5172746f4f31bcc26e0b
reports/prd_instance_segmentation/maskrcnn_8class_eval_v1/visualizations/img_153.jpg,69590,f2703cc6b06c20135e575efd0931f808cf39eea851af5586147376468df78670
reports/prd_instance_segmentation/maskrcnn_8class_eval_v1/visualizations/img_154.jpg,78839,bc2facc476fd5214565c4204846c90198b61d0d1b9833f020e3b9e28965b3e0d
reports/prd_instance_segmentation/maskrcnn_8class_eval_v1/visualizations/img_155.jpg,58255,57cd97b22e7b496a14cb5474841f2ee386db240318738782b95fb7909780b4c7
reports/prd_instance_segmentation/maskrcnn_8class_eval_v1/visualizations/img_156.jpg,60695,2313f5ac382d0fdda359e8db190d8954932ffd559273b5be06ee47dc6b9f28df
reports/prd_instance_segmentation/maskrcnn_8class_eval_v1/visualizations/img_157.jpg,147243,da0ab5b5f2449635a922002bab8d39816bdb397191b4a1635cc726fef2a4aa2d
reports/prd_instance_segmentation/maskrcnn_8class_eval_v1/visualizations/img_158.jpg,49480,c3844ba96049a7ee619b455937f0eb29dab4bcddc766d0771e65be7b0c139840
reports/prd_instance_segmentation/maskrcnn_8class_eval_v1/visualizations/img_159.jpg,74159,22f119f262b47874aef9182b5ce60154be29ed80cdd6693ac1cca908230b6c03
reports/prd_instance_segmentation/maskrcnn_8class_eval_v1/visualizations/img_160.jpg,79350,ca703e884b3718717a1495857ff39843ab770b3759554618b0cd55fb1198612e
reports/prd_instance_segmentation/maskrcnn_8class_eval_v1/visualizations/img_161.jpg,91218,37a48069a2a624d5a12f6ea6fb471cee6e2a3768b5c41d21621f1fe0bca8abde
reports/prd_instance_segmentation/maskrcnn_8class_eval_v1/visualizations/img_162.jpg,74331,4f78bd0c5ec688a7f0280d7ada414e9b17b28cbd915b65500380e9c6dcd294e3
reports/prd_instance_segmentation/maskrcnn_8class_eval_v1/visualizations/img_163.jpg,122780,8716c0a294666c99ac6e20f14a4082ae4234632a0cdfbae6148f6f25eeb617f6
reports/prd_instance_segmentation/maskrcnn_8class_eval_v1/visualizations/img_164.jpg,139999,ab258212e14311ba8431f5e7b474200975f374d32483e847aa1559e3fd707484
reports/prd_instance_segmentation/maskrcnn_8class_eval_v1/visualizations/img_165.jpg,85211,d4b9273c45b40eedf965f2f0d0daf6ec3e337683be4ed28c4fc13db674fc8564
reports/prd_instance_segmentation/maskrcnn_8class_eval_v1/visualizations/img_166.jpg,101182,20754bfb6bfbdf032ce016dbd0ad8cd59e698667edfc4285fb41a691020397ac
reports/prd_instance_segmentation/maskrcnn_8class_eval_v1/visualizations/img_167.jpg,52653,313ef3f9c95f10d1b155c9c837766680a201d56f8b900118bc6fdf91d339086b
reports/prd_instance_segmentation/maskrcnn_8class_eval_v1/visualizations/img_168.jpg,72548,c7e8b69dc1c7fd2b3978dd0321315f7eba3af99dbda094e0bc49057ccf6c27d4
reports/prd_instance_segmentation/maskrcnn_8class_eval_v1/visualizations/img_169.jpg,78782,b3f73a0bcac72c0f4a24f729b59ef153fb81b6f1ad6371c28991b861c99561fa
reports/prd_instance_segmentation/maskrcnn_8class_eval_v1/visualizations/img_170.jpg,68913,8cac12f7a8ed3da277a5766e4c525ab3ac498942b149cafeba9a961facd8eed3
reports/prd_instance_segmentation/maskrcnn_8class_eval_v1/visualizations/img_171.jpg,60385,30dadb0586d0354acbc909ade89ce597edadcdd8cf302adc39822d6fcf59d7fd
reports/prd_instance_segmentation/maskrcnn_8class_eval_v1/visualizations/img_172.jpg,100313,0dcd904fc9db665bf0dcff3651a5f6232a88e9789b7d7274082b75428200e7ca
reports/prd_instance_segmentation/maskrcnn_8class_eval_v1/visualizations/img_173.jpg,130653,803879467055008c2ec40200bccfb99d951a4bcf6acd7c5833c9935805b5640a
reports/prd_instance_segmentation/maskrcnn_8class_eval_v1/visualizations/img_174.jpg,73260,efe61693d89c3d38ccc6f5fc44190bbaf63cba860eb0fef7e08e8256558d19c8
reports/prd_instance_segmentation/maskrcnn_8class_eval_v1/visualizations/img_175.jpg,57752,c00f96c8dbd6ef0738d06abfb1a9479b44aac33896b9676948efabb90434e2f5
reports/prd_instance_segmentation/maskrcnn_8class_eval_v1/visualizations/img_176.jpg,116428,6a00248220eb5b278f65a9c0f3c2f868eae2410a78093da94132f84a9e5b3690
reports/prd_instance_segmentation/maskrcnn_8class_eval_v1/visualizations/img_177.jpg,124584,e0fd4fd451cad9430160f9d0953d3b6485ef28dc7f32c1e9587bfb31c0964fdb
reports/prd_instance_segmentation/maskrcnn_8class_eval_v1/visualizations/img_178.jpg,149380,3207e427019653b4bf4a7d4bcd37dcb5161e9cf90e8c148251ebceb83c2d820c
reports/prd_instance_segmentation/maskrcnn_8class_eval_v1/visualizations/img_179.jpg,99203,d866442564b8f6b3a5def552fb6cbf8d2427bd44c340600fa8e3fe57e27e3954
reports/prd_instance_segmentation/maskrcnn_8class_eval_v1/visualizations/img_180.jpg,64485,cabb654e7dc89e01b56c118c10418adc512dc2625645857933e1613676271f81
reports/prd_instance_segmentation/maskrcnn_8class_eval_v1/visualizations/img_181.jpg,169756,c917601d2cdc968cb4432c597efb6c1904fa2453e4dd47fe8285c67cd397290e
reports/prd_instance_segmentation/maskrcnn_8class_eval_v1/visualizations/img_182.jpg,57346,0339feed2c85a9156cd8176b0c6fe65bc1f628de5cfb66f09684b594c3313409
reports/prd_instance_segmentation/maskrcnn_8class_eval_v1/visualizations/img_183.jpg,65734,d85db7cd4e39c53592e050fddc779070bcacf4268d1bf8f4c0fb58780f4ab1b0
reports/prd_instance_segmentation/maskrcnn_8class_eval_v1/visualizations/img_184.jpg,54952,9a48e3a0feb04627a15fc1ee9a338ae659e534e9976d4cbaf3eda34ba0d49acf
reports/prd_instance_segmentation/maskrcnn_8class_eval_v1/visualizations/img_185.jpg,44261,53721035741d61b04b355758526f3cd4bf70e1b013941b887b1a11ce76565bc3
reports/prd_instance_segmentation/maskrcnn_8class_eval_v1/visualizations/img_186.jpg,89691,a6e4fdaad7be1f448edeb06a7a08b358b5fd643520207ca5d8616b6e0caeee57
reports/prd_instance_segmentation/maskrcnn_8class_eval_v1/visualizations/img_187.jpg,188995,b19b8e9fefe00d24c486bd4a103afa84cf95a9baada6a017d6bda7dd62422da6
reports/prd_instance_segmentation/maskrcnn_8class_eval_v1/visualizations/img_188.jpg,105607,897a64f1ecea9ec3fc6b2c2b2c6ac614b89f983d3991e428313db1976bd740db
reports/prd_instance_segmentation/maskrcnn_8class_eval_v1/visualizations/img_189.jpg,131334,725e16b79bd72c84935b154f3d912c19b0e387910443c25b5c941b5e53de8a5c
reports/prd_instance_segmentation/maskrcnn_8class_eval_v1/visualizations/img_190.jpg,50778,c95b814821014d2b8ace7e5810b763b8ad280f20369669be9e571df380efd8af
reports/prd_instance_segmentation/maskrcnn_8class_eval_v1/visualizations/img_191.jpg,87951,bcf83b7a9c79c6ce18d4c12a640e583f9d4c5f4a6fdf1e7dbb2e27b409a2c4a0
reports/prd_instance_segmentation/maskrcnn_8class_eval_v1/visualizations/img_192.jpg,55566,c7f3f1061590340d8001fa585072c15b079eef417130a01f5f48c8f4111dc746
reports/prd_instance_segmentation/maskrcnn_8class_eval_v1/visualizations/img_193.jpg,161096,3e2a4ab6166b70ffd9410830adeb8dca481f5fc5c581b6aeacc866618f13153d
reports/prd_instance_segmentation/maskrcnn_8class_eval_v1/visualizations/img_194.jpg,70553,4132a6eb10d69c3bf3a88d4ca773ceae920a95d2575e3ff2ee3bf2a1e1b27a67
reports/prd_instance_segmentation/maskrcnn_8class_eval_v1/visualizations/img_195.jpg,54062,2eebec00ac1652d87413e1c7e21e39ab446a3528eed9653bb3116d0dbfd9714b
reports/prd_instance_segmentation/maskrcnn_8class_eval_v1/visualizations/img_196.jpg,106147,f6100fad66168e41fd9c24fddcca44adbcfe359ed8abdd5d071bc53c1b8914f7
reports/prd_instance_segmentation/maskrcnn_8class_eval_v1/visualizations/img_197.jpg,40828,b81476857f5799ee0246273f17189f43f7273ba99494c5e539d143b33bafcf99
reports/prd_instance_segmentation/maskrcnn_8class_eval_v1/visualizations/img_198.jpg,87352,9e11223c92c71d5b55bdd0d868c1e3460b9957e1194a81eb3d0c9eba9b1d1062
reports/prd_instance_segmentation/maskrcnn_8class_eval_v1/visualizations/img_199.jpg,60922,91c9312dd5eec9d68898e468750431f3fa5c78fe85b770ee1db716840f51aa28
reports/prd_instance_segmentation/maskrcnn_8class_eval_v1/visualizations/img_200.jpg,41338,37755f385bbcc4e43d25dea8d560e4e7c9b89abd1841f9864c68d611c0a36354
reports/prd_instance_segmentation/maskrcnn_8class_eval_v1/visualizations/img_201.jpg,215087,190d8255112fa0458184ff153557aa0242f343904861e3935ba96817b00b6178
reports/prd_instance_segmentation/maskrcnn_8class_eval_v1/visualizations/img_202.jpg,118066,c36e779a0973ef3c7c48326005334d70811f7d4871873060424b14bf9b52ae97
reports/prd_instance_segmentation/maskrcnn_8class_eval_v1/visualizations/img_203.jpg,118375,edf289bb3068f5ef48ccdcfc97f83aa78648daad7e873b2afc7f06981370f919
reports/prd_instance_segmentation/maskrcnn_8class_eval_v1/visualizations/img_204.jpg,176409,35706df516753fffcf3497ad8169c65c619262291d2ce27a064953263e93d3e0
reports/prd_instance_segmentation/maskrcnn_8class_eval_v1/visualizations/img_205.jpg,108239,0ad63eeaa285bbd1d75a668cbd00acd3d750f8d25ab5de83fb623b7613373e94
reports/prd_instance_segmentation/maskrcnn_8class_eval_v1/visualizations/img_206.jpg,77195,da474e37750d6d412a06f1b78af2a33d081b68cd139f1c556e3663ee7407a398
reports/prd_instance_segmentation/maskrcnn_8class_eval_v1/visualizations/img_207.jpg,221724,865009ec230b7b06c86728d48b6c857eb00f156b7a7312801360586dc30184da
reports/prd_instance_segmentation/maskrcnn_8class_eval_v1/visualizations/img_208.jpg,44989,173999847e6e048c25e6002f72d1ac95899361da7e0f96de0049e6cbcadd679b
reports/prd_instance_segmentation/maskrcnn_8class_eval_v1/visualizations/img_209.jpg,62080,6e123b21de04247b02c4d54920db7525148045b99e0877328134ba2898d82c73
reports/prd_instance_segmentation/maskrcnn_8class_eval_v1/visualizations/img_210.jpg,154239,fb3ab459bb2d3de1b9139004983b89b04d22c802628d6f212c45e0aed85b3db2
reports/prd_instance_segmentation/maskrcnn_8class_eval_v1/visualizations/img_211.jpg,117476,c225f8c677abe8cc2389dadedf1590d3f1760e1e4c7961610e7c7f13beb99154
reports/prd_instance_segmentation/maskrcnn_8class_eval_v1/visualizations/img_212.jpg,81879,7c70eb866b89aa89f23f4f97c9a10e1a070afbf4eedfb9184dcdc137f1b1cfd1
reports/prd_instance_segmentation/maskrcnn_8class_eval_v1/visualizations/img_213.jpg,84612,abe1a303839dd358e97b2ceb3f7c22a60b663c839b811e9fd0fe042a53b192fc
reports/prd_instance_segmentation/maskrcnn_8class_eval_v1/visualizations/img_214.jpg,45193,8277ab8d93692a7eaf268955d11a249b7e368c2aaf2d2d135059dfac85a1bb80
reports/prd_instance_segmentation/maskrcnn_8class_eval_v1/visualizations/img_215.jpg,75753,8fc13ed5e5d751a094639ace0b171958d5fa32a7944a69ce0844559070f701bd
reports/prd_instance_segmentation/maskrcnn_8class_eval_v1/visualizations/img_216.jpg,91229,bc5bada0df35560831ef80242afad03ae3b4d8a3bb0d2e1cff4136ff8691a341
reports/prd_instance_segmentation/maskrcnn_8class_eval_v1/visualizations/img_217.jpg,34942,be41f08e9952b73c64a8d5d4c4f1d22e6a5333aa3d5ba969a59d2d623dfafbaf
reports/prd_instance_segmentation/maskrcnn_8class_eval_v1/visualizations/img_218.jpg,52724,a04cdd97ffa8d9683234e087ce42721334f2f964dd6a26433876f8b15195a235
reports/prd_instance_segmentation/maskrcnn_8class_eval_v1/visualizations/img_219.jpg,47551,5db60b08df22f805df7fa2d3c9b424aca256ff714b210ea55d3b4d5172564307
reports/prd_instance_segmentation/maskrcnn_8class_eval_v1/visualizations/img_220.jpg,49185,78121e108952f4e7bdbb39ece84d3ba0aee1986ba6e4ddc0d5d93d362e4c2949
reports/prd_instance_segmentation/maskrcnn_8class_eval_v1/visualizations/img_221.jpg,59999,2a34e1f16917d60d673df0ada526ea9230d803ffb431136f40aed49782d9f066
reports/prd_instance_segmentation/maskrcnn_8class_eval_v1/visualizations/img_222.jpg,61447,a26ece8d1afb440b725a4d33a8b0aca15eedfc6a22ad042ef3b9559152cf630e
reports/prd_instance_segmentation/maskrcnn_8class_eval_v1/visualizations/img_223.jpg,89846,d9fe2436840f507738e7d6210d4eb3a0203471ea781255b679cadef6526be612
reports/prd_instance_segmentation/maskrcnn_8class_eval_v1/visualizations/img_224.jpg,68124,06a909288e35faadb7e6d42ecb8d5e07d556408edc1fb6d543a3d358a405c6dc
reports/prd_instance_segmentation/maskrcnn_8class_eval_v1/visualizations/img_225.jpg,97437,0a604879c641cac4118a1ec85dd0dbd00f61ffe4c4142bef8d26b6bab7bf7f7b
reports/prd_instance_segmentation/maskrcnn_8class_eval_v1/visualizations/img_226.jpg,95522,77c8327077c4cd4d613f4714f3518623f5b9aea5b8de5332f5adcc8727e746b9
reports/prd_instance_segmentation/maskrcnn_8class_eval_v1/visualizations/img_227.jpg,41946,783ab5ac32319f5c6e25a35a9cddd265043466315c4d811807a30505d4304e20
reports/prd_instance_segmentation/maskrcnn_8class_eval_v1/visualizations/img_228.jpg,158978,f34f9cd357ff25da45fc662914a77860781202611c8f53e43e8a124f77ccca82
reports/prd_instance_segmentation/maskrcnn_8class_eval_v1/visualizations/img_229.jpg,148175,fef458194229eca620417c6416587def95268c049bde50980f2118430a40a202
reports/prd_instance_segmentation/maskrcnn_8class_eval_v1/visualizations/img_230.jpg,75668,ebd5700417ff05299e082b9ed4bfb8bcd231fb34a6e98018f390cef826646db0
reports/prd_instance_segmentation/maskrcnn_8class_eval_v1/visualizations/img_231.jpg,100246,f99f1a3752ff8c9cf90e434c20315029bac1fa55b8cea50e98f2ce7d9c9dc168
reports/prd_instance_segmentation/maskrcnn_8class_eval_v1/visualizations/img_232.jpg,107425,b1e0eb129d64a27d89342a42005531ccccd26ef0a1b84dad57f9218e2dfd7bda
reports/prd_instance_segmentation/maskrcnn_8class_eval_v1/visualizations/img_233.jpg,52572,0272a2ff2f269603169e6ec6dac482e2a8c05cd725a05e25cfc5b2693cad754e
reports/prd_instance_segmentation/maskrcnn_8class_eval_v1/visualizations/img_234.jpg,124508,074f270c8933662ca41af09c8fefb95e8fb7505fbc4a8a32cd8057b102374330
reports/prd_instance_segmentation/maskrcnn_8class_eval_v1/visualizations/img_235.jpg,97969,c16889f00fa6832fdfeed2f2f32354871e6778905149a05432c7edc689ece341
reports/prd_instance_segmentation/maskrcnn_8class_eval_v1/visualizations/img_236.jpg,119010,26b599dbc63dbca37259393c861b00ab415c4589bdad181bc30d2b5f114f690c
reports/prd_instance_segmentation/maskrcnn_8class_eval_v1/visualizations/img_237.jpg,92031,b2221fbe14e4d4c829fb23077ccf23ae7cbc9513c6aa0b33ae8605e59b45a96d
reports/prd_instance_segmentation/maskrcnn_8class_eval_v1/visualizations/img_238.jpg,73094,539685483becc984374a60f90393abf2ccce891aea98e5b08667f61500ad66b6
reports/prd_instance_segmentation/maskrcnn_8class_eval_v1/visualizations/img_239.jpg,46860,ba1ddf00305507a720033e793cc555477b8c9e20f27de97759e3930da3280a20
reports/prd_instance_segmentation/maskrcnn_8class_eval_v1/visualizations/img_240.jpg,140673,f737b95fdb98ce9e359db2cf129bace5cb4c80b08285abd1587afd42cf6fee5b
reports/prd_instance_segmentation/maskrcnn_8class_eval_v1/visualizations/img_241.jpg,77402,c3297a59990ae8114ffbff9ab72e759cbeffeba4de46ecd026b0c362143f68ae
reports/prd_instance_segmentation/maskrcnn_8class_eval_v1/visualizations/img_242.jpg,95830,78236b4c10def3c6698882371d03a45a9f372c02c92d65e675f059fb7459b8cd
reports/prd_instance_segmentation/maskrcnn_8class_eval_v1/visualizations/img_243.jpg,85774,44e7d30a68cfdc7059b7f76eb33acc6b7641bfec5d2afe7303ed0b57f24b3a89
reports/prd_instance_segmentation/maskrcnn_8class_eval_v1/visualizations/img_244.jpg,143394,314383dd0c9a161a614cdd77b71883d4c53e38a025e8ecf0eab268e4bc188cca
reports/prd_instance_segmentation/maskrcnn_8class_eval_v1/visualizations/img_245.jpg,94508,3e0250618bc126d890e4a0cfe5a58a75bf56ca344928556acfe66571f2241839
reports/prd_instance_segmentation/maskrcnn_8class_eval_v1/visualizations/img_246.jpg,109503,1fa8c58ba46ef1a88ef72fc9e559dba76a33e86dfd0161db6d3b1409ba338987
reports/prd_instance_segmentation/maskrcnn_8class_eval_v1/visualizations/img_247.jpg,77044,460f170e6eabf0fd44dd579935b22a6624b65864fea6bd8607947174c2db2b4a
reports/prd_instance_segmentation/maskrcnn_8class_eval_v1/visualizations/img_248.jpg,70171,52ce771ee3ed463c35c0e2728dce6072f08625e8e39a67d30ff88deb87da7c76
reports/prd_instance_segmentation/maskrcnn_8class_eval_v1/visualizations/img_249.jpg,117986,63f2c284f41330b1a763c29163c7411bc00578db32e9a13c3399e84fce5c4fb7
reports/prd_instance_segmentation/maskrcnn_8class_eval_v1/visualizations/img_250.jpg,118783,f207b3d9b0f505d610818d689a3f44fb03dc80e9893d23d339c9b79b2942aec8
reports/prd_instance_segmentation/maskrcnn_8class_eval_v1/visualizations/img_251.jpg,53352,871657f30da528421f0eac55327974771affaca678a35f0c48fc2470d3dc5d4c
reports/prd_instance_segmentation/maskrcnn_8class_eval_v1/visualizations/img_252.jpg,141735,4c8e1e74d21239ba86efed2e87b68365a4780c0d4ca55aa92840b3fb7e27bfb5
reports/prd_instance_segmentation/maskrcnn_8class_eval_v1/visualizations/img_253.jpg,181160,c8f9700a2baeee44a71cb0880401961ff1f82d5209e1926cb9c6916e08c135d4
reports/prd_instance_segmentation/maskrcnn_8class_eval_v1/visualizations/img_254.jpg,55414,71ad7aab59c7b1e9b58b932e92649fdc6a80da1f16e42555ea760b5b790e23a6
reports/prd_instance_segmentation/maskrcnn_8class_eval_v1/visualizations/img_255.jpg,121430,9f81304d8a7b3183729a49b5b99e75b8479068743f33fcdf7042258f57581c03
reports/prd_instance_segmentation/maskrcnn_8class_eval_v1/visualizations/img_256.jpg,97054,3692a03ea2e3320843ab4161e807c407c9c8216662ab7cf0713b0e3a06433f7b
reports/prd_instance_segmentation/maskrcnn_8class_eval_v1/visualizations/img_257.jpg,130958,ab5b809a0463de74f5fa9a9d3c8fce3a6862ab278f2baf52f179147b68ef4854
reports/prd_instance_segmentation/maskrcnn_8class_eval_v1/visualizations/img_258.jpg,175040,fc0abfcb227278a57863722c323b7087c5660c6af94d632d6b974c209477716f
reports/prd_instance_segmentation/maskrcnn_8class_eval_v1/visualizations/img_259.jpg,103562,b6e949ce9795a356e0a205537721dbfbf9cb11e924b2fa9670f0a8fd16b80696
reports/prd_instance_segmentation/maskrcnn_8class_eval_v1/visualizations/img_260.jpg,164632,b6d0731c8458be3cf476df725502cad687003af7b71e8a8810269e86069e7b9e
reports/prd_instance_segmentation/maskrcnn_8class_eval_v1/visualizations/img_261.jpg,83118,6246039355bdcef8b9c103c160fd6576b04a95a97d3ddb0390f7e10fd3544d39
reports/prd_instance_segmentation/maskrcnn_8class_eval_v1/visualizations/img_262.jpg,96747,cd85be99d6164de1b2a6c0eb817f033fbff34f990a4909b89ccfaacd3f3f8a39
reports/prd_instance_segmentation/maskrcnn_8class_eval_v1/visualizations/img_263.jpg,191592,392acd6c4829441c2f9c1e8d3eec3c2142e7e16cb61a975f96161ac744e77733
reports/prd_instance_segmentation/maskrcnn_8class_eval_v1/visualizations/img_264.jpg,76422,9b0374c1443a32a120affa03ff91ef0b4af0f55ca8d2f51d825bf50c44186c5a
reports/prd_instance_segmentation/maskrcnn_8class_eval_v1/visualizations/img_265.jpg,129773,05a557209d2fc80766e88c50e22c8debeedd0b764b584d12c30321c9e0709d6b
reports/prd_instance_segmentation/maskrcnn_8class_eval_v1/visualizations/img_266.jpg,114407,b749435fd3c5869ebfb60187d4da97f4b5ba498da527665f933a35caf3cd5670
reports/prd_instance_segmentation/maskrcnn_8class_eval_v1/visualizations/img_267.jpg,159753,7119d481097c38cfe9df2f8bd1a3a89c99133cde6156d842b74089d64f3999ae
reports/prd_instance_segmentation/maskrcnn_8class_eval_v1/visualizations/img_268.jpg,198985,dfd154deb5f14e94501e76e73149509518140e8ffcd418673f83e44636c86344
reports/prd_instance_segmentation/maskrcnn_8class_eval_v1/visualizations/img_269.jpg,108363,3ab68ca962e4619cd754b3add48bcc8cd175893f508dc01e51c8cb67b9631c4e
reports/prd_instance_segmentation/maskrcnn_8class_eval_v1/visualizations/img_270.jpg,96933,adc68b51371bf9549758ae2095a7f1822dd0bb0c6b9c903f8d340e5105c7c6bd
reports/prd_instance_segmentation/maskrcnn_8class_eval_v1/visualizations/img_271.jpg,154935,c5f0903a104ba724224edced710bf7475b8f8c40e58a20f46ba30d03dc051c12
reports/prd_instance_segmentation/maskrcnn_8class_eval_v1/visualizations/img_272.jpg,63220,0c516d481e2a640436efbc2e50cd6960e8f32fd8c61064b5425e915d330502da
reports/prd_instance_segmentation/maskrcnn_8class_eval_v1/visualizations/img_273.jpg,74674,86241d02b139530322bd2517258b29740f352e4c95f2672d1800002d55db8560
reports/prd_instance_segmentation/maskrcnn_8class_eval_v1/visualizations/img_274.jpg,99459,03ebd9c9b876edd141b326fa1e9d436e88dd587448744ae537eb3767c8ef711c
reports/prd_instance_segmentation/maskrcnn_8class_eval_v1/visualizations/img_275.jpg,139291,d9d632f71e63a801a9b75bbefaebcf92d5d540d705ba999e284ed49dfacccd41
reports/prd_instance_segmentation/maskrcnn_8class_eval_v1/visualizations/img_276.jpg,188264,5ea51946d78b9af01c2879841f5ed01bb516c4c65f31e06213c075e32b4ec1f6
reports/prd_instance_segmentation/maskrcnn_8class_eval_v1/visualizations/img_277.jpg,78660,9a663bf1bc2c85e2ffc2c20b78d0cef5ecacc44081246e11827a33aba61d6396
reports/prd_instance_segmentation/maskrcnn_8class_eval_v1/visualizations/img_278.jpg,88657,b9e4e56f348efeb755c4821881f2073be750c45cdaf98a7bcfa7e67ad0862af7
reports/prd_instance_segmentation/maskrcnn_8class_eval_v1/visualizations/img_279.jpg,91963,918f9d64d53ad8f63c5d888e0f85faa0704fcc73e5cac988c68edb484150ff53
reports/prd_instance_segmentation/maskrcnn_8class_eval_v1/visualizations/img_280.jpg,71789,bf191d4c95d9f6f96a797ade4cdbc8adf8d6f64f22b1e859e1aa8c51bb635d72
reports/prd_instance_segmentation/maskrcnn_8class_eval_v1/visualizations/img_281.jpg,66513,1c7fe603ff78fd047fe431a49177222b0e51c92c439035a7d01882aebd99f7a0
reports/prd_instance_segmentation/maskrcnn_8class_eval_v1/visualizations/img_282.jpg,131801,28943e4d7386b115d3dde09ceb8620f28cb17bfaacff075bc4dc37a344d0e896
reports/prd_instance_segmentation/maskrcnn_8class_eval_v1/visualizations/img_283.jpg,82274,0f221b69864413f58a7bb745b31a7bc9886fa7913dc0b4e1ac81d3a3af546a2f
reports/prd_instance_segmentation/maskrcnn_8class_eval_v1/visualizations/img_284.jpg,92030,b56216edf946ff0554f07959c12120e68700e0f7dd5252b8ed29911a865624e3
reports/prd_instance_segmentation/maskrcnn_8class_eval_v1/visualizations/img_285.jpg,89336,8253309efabcefe331b43f32ae998889d630cd8b934b4494e863cd2cb0b8b68b
reports/prd_instance_segmentation/maskrcnn_8class_eval_v1/visualizations/img_286.jpg,168900,b0e0b6825356ba2174281f12f2b930479b95b88a229e809ab5664fcf7a10ef76
reports/prd_instance_segmentation/maskrcnn_8class_eval_v1/visualizations/img_287.jpg,85543,774b12564772064dd1c88640e3aa6e192c5935d62604bd6e0dbaec26f105f717
reports/prd_instance_segmentation/maskrcnn_8class_eval_v1/visualizations/img_288.jpg,123106,4f2b4430eb91e77c750e68c9a638c5169fafbbbddab97ceb187891e83ab4b7d5
reports/prd_instance_segmentation/maskrcnn_8class_eval_v1/visualizations/img_289.jpg,134783,014535fce898a72ba5a0d1cbb88f9352f72300c0a761211a2e30543843e0aeec
reports/prd_instance_segmentation/maskrcnn_8class_eval_v1/visualizations/img_290.jpg,75555,a812409b6184c4d9c0e8d69c5e1533134f0f76b8401373107280e1b28940d4a4
reports/prd_instance_segmentation/maskrcnn_8class_eval_v1/visualizations/img_291.jpg,83586,4eac68fc90f0cf5b452d3d77fc34c37ecfe0fe5fec1f0420ac0a7213d2fa105c
reports/prd_instance_segmentation/maskrcnn_8class_eval_v1/visualizations/img_292.jpg,84811,5290d210c6a2ba934c0a07342724861d2492b7276304d828e26fed32408f8914
reports/prd_instance_segmentation/maskrcnn_8class_eval_v1/visualizations/img_293.jpg,104612,29da58a6eca0d39cb295d1c2ebafd15901b3d26c2533ab578b04e1e8cf24bbc7
reports/prd_instance_segmentation/maskrcnn_8class_eval_v1/visualizations/img_294.jpg,132858,644b7c5f9984dda327e1f24af18483b76ec6e37e369ae38f39fb198ad4a10987
reports/prd_instance_segmentation/maskrcnn_8class_eval_v1/visualizations/img_295.jpg,82915,3d1a9b9e4de5a22b758d61e236203917179b78a32fcd8cac77f6efdf2710a538
reports/prd_instance_segmentation/maskrcnn_8class_eval_v1/visualizations/img_296.jpg,236256,f604500ca11b8f8e94ea0c8ab443c06babdab6f74df62f092a9bc5ac49dbd677
reports/prd_instance_segmentation/maskrcnn_8class_eval_v1/visualizations/img_297.jpg,85327,3b8cb6ae095615b0e00560127e322c05dc856244e1af9ffb4afbc85151a1ff22
reports/prd_instance_segmentation/maskrcnn_8class_eval_v1/visualizations/img_298.jpg,115211,c18e6c0256134f55d71e9bd5921e93d249ccab74c791e52b735519c4b37d82cd
reports/prd_instance_segmentation/maskrcnn_8class_eval_v1/visualizations/img_299.jpg,85014,f2aa3ddd775b7174840cf9c0ec046de4a368bd2db172786d653b5fdae321a845
reports/prd_instance_segmentation/maskrcnn_8class_eval_v1/visualizations/img_300.jpg,74908,4f25d4ed38092fa62d3087b0dbee2a4ebd507ed48cb2dd7e64c0fec085a91627
reports/prd_instance_segmentation/maskrcnn_8class_eval_v1/visualizations/img_301.jpg,218577,b904b483157091acd4e9200bd76d6248e3fb7c3f3da9ccdefd12c420f5b1d28c
reports/prd_instance_segmentation/maskrcnn_8class_eval_v1/visualizations/img_302.jpg,140302,5d64dcdfebb6d08101bca2ebad102ecaf2eab7671aedae3c0a3b09f4fb8bae46
reports/prd_instance_segmentation/maskrcnn_8class_eval_v1/visualizations/img_303.jpg,85068,9451dc00c4d3ffb682245a989ef59684efbce9cd5c6d6600a876290ec1783e3b
reports/prd_instance_segmentation/maskrcnn_8class_eval_v1/visualizations/img_304.jpg,63686,6ee54abd1f654a961f1ff1400742e2f885227d91225d3da314e3c8cc6349250a
reports/prd_instance_segmentation/maskrcnn_8class_eval_v1/visualizations/img_305.jpg,166251,42831c2b5c21917a0c8a10c59a5f661b11e26691db9d828779d47717ccad85ce
reports/prd_instance_segmentation/maskrcnn_8class_eval_v1/visualizations/img_306.jpg,146507,520694de2fb7a1ca741ec261f923681e655cb1203fb606e7033a8c915c40b6c4
reports/prd_instance_segmentation/maskrcnn_8class_eval_v1/visualizations/img_307.jpg,148461,2455f1244417e9f0154db7a71402d746781fac3f898cd4810a73ed9f69f621f4
reports/prd_instance_segmentation/maskrcnn_8class_eval_v1/visualizations/img_308.jpg,120648,be03b0419544063d758b786c0a1424cbeb57beb2d5293f23b5110982d1b5749c
reports/prd_instance_segmentation/maskrcnn_8class_eval_v1/visualizations/img_309.jpg,75058,867b155eb97a225f70c19008e17876ff7a37ccdbfb71e3a335c4415be434abca
reports/prd_instance_segmentation/maskrcnn_8class_eval_v1/visualizations/img_310.jpg,153807,7cb40e1aa998a0eba4a5bd145e9dfbdfef594344906e3593f83f5eab59d28c90
reports/prd_instance_segmentation/maskrcnn_8class_eval_v1/visualizations/img_311.jpg,83004,95f373e48674679d57d773db2394b772ea51c88fb1b4665e654a71ab01f5822b
reports/prd_instance_segmentation/maskrcnn_8class_eval_v1/visualizations/img_312.jpg,102356,7a937712028f531c3e5871b3867d818d85e74bc7255afd43491dcbcdf1143022
reports/prd_instance_segmentation/maskrcnn_8class_eval_v1/visualizations/img_313.jpg,106091,09c0dd8f4c300880765311b4c053e3e4e3a6315afd31c3149843bc71eb3015d9
reports/prd_instance_segmentation/maskrcnn_8class_eval_v1/visualizations/img_314.jpg,129748,c4b4bffeefc5b7a681a8d25b8faa99edbb37cbb6a2ec1e58aa68f899011f25d8
reports/prd_instance_segmentation/maskrcnn_8class_eval_v1/visualizations/img_315.jpg,195682,ba09e1adfbd14561333291951f6f70ad277a5e854e4c83881f105fe227fa742f
reports/prd_instance_segmentation/maskrcnn_8class_eval_v1/visualizations/img_316.jpg,147145,ec03578e3b0bdacb5dc38943794a177d81b8adc906468d7f706ca802684c9da7
reports/prd_instance_segmentation/maskrcnn_8class_eval_v1/visualizations/img_317.jpg,108397,8bfe01e8714bb9a350a7bb3b840cf3f9e6728d31739a6f69d34e9a5e4f726e8b
reports/prd_instance_segmentation/maskrcnn_8class_eval_v1/visualizations/img_318.jpg,89015,e50ce2d26d14c600d145e44b05c4fd53060edbc1ec5fbf8f34ae4653b48c0240
reports/prd_instance_segmentation/maskrcnn_8class_eval_v1/visualizations/img_319.jpg,113067,bcfbcfd4677436292cc5a4219f6e87ffdafa6de35194840371fe821d5094c40e
reports/prd_instance_segmentation/maskrcnn_8class_eval_v1/visualizations/img_320.jpg,287498,f6ad26720745837c1894af11d5030ecf4a31ca8497b1e03049f11054bd2b7da6
reports/prd_instance_segmentation/maskrcnn_8class_eval_v1/visualizations/img_321.jpg,238454,26d7e57f6a73c24db639958b6811b5fa6e32491c93fa550aa6f6f25fc1bd3c94
reports/prd_instance_segmentation/maskrcnn_8class_eval_v1/visualizations/img_322.jpg,115830,67c5053e1aae1bd651b0fa21c6461219ef9d458acdba33084ac89ad1e9e6751e
reports/prd_instance_segmentation/maskrcnn_8class_eval_v1/visualizations/img_323.jpg,215751,63713de447a19e3772e78bc55bd5fe5da9ae013971a83ad3408ff1cf330118a2
reports/prd_instance_segmentation/maskrcnn_8class_eval_v1/visualizations/img_324.jpg,92859,e7d3bb85b9ea75499723f02632e8d6bbad49f8ecdb18691af2f09bf6461fe2ad
reports/prd_instance_segmentation/maskrcnn_8class_eval_v1/visualizations/img_325.jpg,160950,4aff86576db7c6742fff2f049217035abd476820d07270dd6a5f1d866724f55e
reports/prd_instance_segmentation/maskrcnn_8class_eval_v1/visualizations/img_326.jpg,121767,f20ddbde6a4f4b243c954235a90c69be054f4a6bb91634e4fec46518eb060ade
reports/prd_instance_segmentation/maskrcnn_8class_eval_v1/visualizations/img_327.jpg,66140,621b088663e2eef46e9e037a3f6e52b6e467e6b89057747ce3f200a0538ab996
reports/prd_instance_segmentation/maskrcnn_8class_eval_v1/visualizations/img_328.jpg,72259,9547f529952845c16f532640d0d443b4228eae7fac360b2ad7ae69d08299c3e6
reports/prd_instance_segmentation/maskrcnn_8class_eval_v1/visualizations/img_329.jpg,155202,965c010242f270d1ca34cd3ea363898513af840aa79ba40d2e2ec32220ed55e4
reports/prd_instance_segmentation/maskrcnn_8class_eval_v1/visualizations/img_330.jpg,122015,455577cd81516f09c8d302e4b7807751d75c6e2b729036cdbbb60a0dd0e8ac5d
reports/prd_instance_segmentation/maskrcnn_8class_eval_v1/visualizations/img_331.jpg,56617,b1c69b7b3ea7fe16c2cdf09599d8454fb8385a31cf0cd01c39ef56b1cd41a35b
reports/prd_instance_segmentation/maskrcnn_8class_eval_v1/visualizations/img_332.jpg,129096,25b9e0a0731802ac99f3db579a8cbc7671295ebf4eb69ea1f0311a362c0acada
reports/prd_instance_segmentation/maskrcnn_8class_eval_v1/visualizations/img_333.jpg,137968,1dd4543cd843d711517aaee5ec1f7b883861bc6e74aba06dc207a9648f016b82
reports/prd_instance_segmentation/maskrcnn_8class_eval_v1/visualizations/img_334.jpg,99956,d3bc09026c2f8b3419489d36eec7055e0331140ae0d94c1776ec9cd2375b8145
reports/prd_instance_segmentation/maskrcnn_8class_eval_v1/visualizations/img_335.jpg,86012,3871cef1f6e0407a98aba541e4cc1431886451fad375ea7af1c23678fc69f866
reports/prd_instance_segmentation/maskrcnn_8class_eval_v1/visualizations/img_336.jpg,104632,966a0845a6526eb06c84232d30d9a5c993406fa5b0f8b6ed40ee89f6a49bf938
reports/prd_instance_segmentation/maskrcnn_8class_eval_v1/visualizations/img_337.jpg,82989,2f043e2aca9e4d73d9c467b7c444d0e11760c066d1dbc9e70cd5ef99f0e1e296
reports/prd_instance_segmentation/maskrcnn_8class_eval_v1/visualizations/img_338.jpg,109111,7653f41efa2144649dafe9d5e960b0690817f2af71e7ed3b07358987c0473320
reports/prd_instance_segmentation/maskrcnn_8class_eval_v1/visualizations/img_339.jpg,130485,53dc07fd5d5dd2f7e3af68f222da3083eb46ab524585df60c730639bdd01a132
reports/prd_instance_segmentation/maskrcnn_8class_eval_v1/visualizations/img_340.jpg,199484,2d831ba975cc0f21c97baf7c20c3bd12c7efaef67f3e77df5f9b2bc5c8a57267
reports/prd_instance_segmentation/maskrcnn_8class_eval_v1/visualizations/img_341.jpg,102517,da3eb63e4e302a0403c1c0a60e44da75f20820323b2717a34048fe7a3037350d
reports/prd_instance_segmentation/maskrcnn_8class_eval_v1/visualizations/img_342.jpg,89552,74c9c22072545487414c396960421cfbb1ccdffa0314d5dd5237ae06637c5eb1
reports/prd_instance_segmentation/maskrcnn_8class_eval_v1/visualizations/img_343.jpg,117374,6f2901c567386f4754dd01fc5c62f00ac5931c336c435a4a8d690e52effdc062
reports/prd_instance_segmentation/maskrcnn_8class_eval_v1/visualizations/img_344.jpg,102814,a0807e22f3090634f27f39a69580a3bbaf65695cda5ec2dae479ce18e085d4fc
reports/prd_instance_segmentation/maskrcnn_8class_eval_v1/visualizations/img_345.jpg,88908,8fd3020122aa7ca207544ea94684fc4231e548f2f628f3180422f645e3c4fe82
reports/prd_instance_segmentation/maskrcnn_8class_eval_v1/visualizations/img_346.jpg,78959,a0a1fb93e3c18ef8f8706bc461cb2725955cae4568fce5d1aafc11b6e397394b
reports/prd_instance_segmentation/maskrcnn_8class_eval_v1/visualizations/img_347.jpg,96952,c542422f5dc238c51a3b9a6a0bc4acaab072c5b9f4e1930108c7e60cd2ac427a
reports/prd_instance_segmentation/maskrcnn_8class_eval_v1/visualizations/img_348.jpg,131161,8e8b39be0cd0ec11d23683a1a411e1fd3c36677e2219918f2d5ee888cdf96a79
reports/prd_instance_segmentation/maskrcnn_8class_eval_v1/visualizations/img_349.jpg,237568,494b767115e8f4698da7f83fab1b60ccb3525fe5bcd3eca3bda1d99fa3e1d81b
reports/prd_instance_segmentation/maskrcnn_8class_eval_v1/visualizations/img_350.jpg,91012,5a969faa460b695a426dfb10f0086595536ae4587956c0894d8d5753b7d20014
reports/prd_instance_segmentation/maskrcnn_8class_eval_v1/visualizations/img_351.jpg,69598,9d94ab9b649e1555c09aae49ac0e7fb1bda1643c03d1685066d0bf073a96b8f4
reports/prd_instance_segmentation/maskrcnn_8class_eval_v1/visualizations/img_352.jpg,112500,bffd32c1c10da234c9f721b85909cc5fa8a04f601b37065dc184aafd1d0af300
reports/prd_instance_segmentation/maskrcnn_8class_eval_v1/visualizations/img_353.jpg,107210,ca44dbefbe75782deeaf20a829e9470ca1afdb9bd730fa6d5b06c7fae6d268c4
reports/prd_instance_segmentation/maskrcnn_8class_eval_v1/visualizations/img_354.jpg,95019,1c9ff8dc14b70c780398286ceab4d392456a7cb54ae3b2c0c2267ced37fec82e
reports/prd_instance_segmentation/maskrcnn_8class_eval_v1/visualizations/img_355.jpg,89872,9d0c5277b3944b7b2dd30edfdab48c09bcb3b150fe77f89d52b9c66a5b516778
reports/prd_instance_segmentation/maskrcnn_8class_eval_v1/visualizations/img_356.jpg,129707,e3c171cdb802cc73e0f4e94f5e912e33e994ae6f6fde1837cda223cc4548f4bd
reports/prd_instance_segmentation/maskrcnn_8class_eval_v1/visualizations/img_357.jpg,160926,2e8341440fbdb351cb753a429983beccc3a44b3a2b9e133731ab3f81730caf5f
reports/prd_instance_segmentation/maskrcnn_8class_eval_v1/visualizations/img_358.jpg,120507,49d89bc302263dfb2c77a38fa9ad7c2c027d53a23a06c5dc5655d4ba142c75b1
reports/prd_instance_segmentation/maskrcnn_8class_eval_v1/visualizations/img_359.jpg,87151,6f5b0f92bd4e1281c296ac466870450ab39d9a659e594c1c3e8cced84c1e2c25
reports/prd_instance_segmentation/maskrcnn_8class_eval_v1/visualizations/img_360.jpg,195184,fe4bc4bac3399ab2e49be4687ac5a2977de435cdbeb1433a59d5e67fb2c93583
reports/prd_instance_segmentation/maskrcnn_8class_eval_v1/visualizations/img_361.jpg,83866,c035d2f5166f4a6d24e337e5e1f2d6244be79aa3c42471a5ed59c3bf8235372b
reports/prd_instance_segmentation/maskrcnn_8class_eval_v1/visualizations/img_362.jpg,135835,cbc1a577903a3c31e77a2c9058955ad63233761a7350e97044c77c2569f831bc
reports/prd_instance_segmentation/maskrcnn_8class_eval_v1/visualizations/img_363.jpg,139256,a6bf9cce85aa78d97d50c63f001b7cf4f2981a8a6e2f69df36a5ae0b59377cec
reports/prd_instance_segmentation/maskrcnn_8class_eval_v1/visualizations/img_364.jpg,99711,5ce342bccf06732f7d63946e7f9aea5f7aa0c58219fcd1a5867ecc949159b89a
reports/prd_instance_segmentation/maskrcnn_8class_eval_v1/visualizations/img_365.jpg,89552,2e6cf78da529c1582f0ae6ec72309c7f280728a222d3dd006ca121bcd7ce3c08
reports/prd_instance_segmentation/maskrcnn_8class_eval_v1/visualizations/img_366.jpg,104221,3890b48ee18684701383e2514dc5867c49a2a57e4da49a1a262de41f709f14f0
reports/prd_instance_segmentation/maskrcnn_8class_eval_v1/visualizations/img_367.jpg,239639,895e519cc8cac6642500fbb23518b6f7e3316f86eff52550cf8dbec373e0612d
reports/prd_instance_segmentation/maskrcnn_8class_eval_v1/visualizations/img_368.jpg,68742,e7ff3c61ca14810d522b365e1730709430364785a087a5c3e885ddb64a3519c8
reports/prd_instance_segmentation/maskrcnn_8class_eval_v1/visualizations/img_369.jpg,109898,4987d92d05c6fa2b350b8b35a479a245a4a7be03f0ad64bfe653bf06a9e36bec
reports/prd_instance_segmentation/maskrcnn_8class_eval_v1/visualizations/img_370.jpg,168084,8e7a1f6a100584f1832d8f456beec4e09634fa8a82492c02f71e8ae263f7bab5
reports/prd_instance_segmentation/maskrcnn_8class_eval_v1/visualizations/img_371.jpg,88889,4f12a358ca1eb56ec84ec0cf0c652423c7e94e9c3b6d8e7d3eb3693ef623b6d5
reports/prd_instance_segmentation/maskrcnn_8class_eval_v1/visualizations/img_372.jpg,148484,8f90ffb6d25af41beda7c4000f1bffa31cba378a0d8e8cd63bfafa0d804569f0
reports/prd_instance_segmentation/maskrcnn_8class_eval_v1/visualizations/img_373.jpg,101090,1f39719472e9416fa3abde2b26b5dc77bf68aebafa752334bfd45327742cda92
reports/prd_instance_segmentation/maskrcnn_8class_eval_v1/visualizations/img_374.jpg,83285,2c2411aa323f9b5c83fbc85cea24ee8fb84836b5bb1fdfa4b39608407f98bc65
reports/prd_instance_segmentation/maskrcnn_8class_eval_v1/visualizations/img_375.jpg,121737,094e5f8f6d321c29300b05c588a9fc539d840085cc4589343116ac03f19c15d9
reports/prd_instance_segmentation/maskrcnn_8class_eval_v1/visualizations/img_376.jpg,151378,24744893558899406c037a4c9483c8d31745ea291ee82b7fcdefa704af52da22
reports/prd_instance_segmentation/maskrcnn_8class_eval_v1/visualizations/img_377.jpg,123106,ea1c63aebd35e3a34813639e2bde40d34810fbaa0a88ee53fb16807c73275ddc
reports/prd_instance_segmentation/maskrcnn_8class_eval_v1/visualizations/img_378.jpg,100956,236d889e64b2a0cdedf3025264f428a32ef8bfd99364b0bda59dc8e679896281
reports/prd_instance_segmentation/maskrcnn_8class_eval_v1/visualizations/img_379.jpg,116377,501b06b6554a02ab2cb30c5d71d2a30a1b9943657819c32d3538c4c57d1c501a
reports/prd_instance_segmentation/maskrcnn_8class_eval_v1/visualizations/img_380.jpg,165047,82151404e4b72bbd435b8df786c0cfb2e23d5aaefd955c8a698e0f842b9f008d
reports/prd_instance_segmentation/maskrcnn_8class_eval_v1/visualizations/img_381.jpg,101586,56553a15fef5309dfda9e4dcba0245ce1d9173a8ce1a6cd26f2a20a056d0bd5c
reports/prd_instance_segmentation/maskrcnn_8class_eval_v1/visualizations/img_382.jpg,129876,ce1f76f3dfb8881549c075669bec043236a02dd1da45d8f863371cbfe45dd3fe
reports/prd_instance_segmentation/maskrcnn_8class_eval_v1/visualizations/img_383.jpg,183134,5969611c209166aa56c258a022b882d96223157c2cb863a996cef6a0d6291db7
reports/prd_instance_segmentation/maskrcnn_8class_eval_v1/visualizations/img_384.jpg,84369,73f0ba5d58d5d636fa28f8cd661881c47f2a276e4b96f16742ed04f5e34e0a1b
reports/prd_instance_segmentation/maskrcnn_8class_eval_v1/visualizations/img_385.jpg,91656,65cab8ec044230e973d3afbfcde0d1bd426b52425b06ce01af6feacdeebb5ccd
reports/prd_instance_segmentation/maskrcnn_8class_eval_v1/visualizations/img_386.jpg,104145,af5bd1ae370f0c16621bae0704364b6795ccc2cb277c76e07604e2b7a0918463
reports/prd_instance_segmentation/maskrcnn_8class_eval_v1/visualizations/img_387.jpg,129903,58cc961a26999295b305728fe24d34a063f6e7d023e69d29dbfdbd653801f187
reports/prd_instance_segmentation/maskrcnn_8class_eval_v1/visualizations/img_388.jpg,131560,2fe67164737002e3e4d8fa9f220ccc11ab0a05b880d3bde7b633d5cf29b72cf4
reports/prd_instance_segmentation/maskrcnn_8class_eval_v1/visualizations/img_389.jpg,64219,1871abac4bc3720b9474387bae258846521e1c1e39d2f7aa7445da87e96b9786
reports/prd_instance_segmentation/maskrcnn_8class_eval_v1/visualizations/img_390.jpg,115964,a45923d68af189722b5236da5fe9ec2a783259984f397930917018f72e0b60cb
reports/prd_instance_segmentation/maskrcnn_8class_eval_v1/visualizations/img_391.jpg,114520,1e0316a440d0e4de11ba0350b7a179b294559c0d0352ddb60c0a552a65999ca6
reports/prd_instance_segmentation/maskrcnn_8class_eval_v1/visualizations/img_392.jpg,220234,496d2c78ea096e09ae1b655802f6c7ca32f02b1f50596d198e6c3daab6ed22bd
reports/prd_instance_segmentation/maskrcnn_8class_eval_v1/visualizations/img_393.jpg,100151,2606e634c39aa0301c7afabca1e8890452818e4f8b4676ffe799e5a99d341fda
reports/prd_instance_segmentation/maskrcnn_8class_eval_v1/visualizations/img_394.jpg,81469,fd864ae7e52320d489957b6af23ece62a76a54dee8ca1e5949a5808a53f44ea9
reports/prd_instance_segmentation/maskrcnn_8class_eval_v1/visualizations/img_395.jpg,69149,61627e43b7c2228596af402e53f7158ec9763ebf38f4fccbce74cc7621950a1e
reports/prd_instance_segmentation/maskrcnn_8class_eval_v1/visualizations/img_396.jpg,128165,6fc79f7e3e30168e02fbf6f4138ab76720a608772ff28c09439180ba0dfcc2ce
reports/prd_instance_segmentation/maskrcnn_8class_eval_v1/visualizations/img_397.jpg,70433,34888c4e1e4e6ae03983634e64a0eebeb24c34250c8422ae82fbda3b3544ac60
reports/prd_instance_segmentation/maskrcnn_8class_eval_v1/visualizations/img_398.jpg,126095,ea014b734114201a6055ea673bf17eb74bf348474cdfe702ad7c87fceb76b1c5
reports/prd_instance_segmentation/maskrcnn_8class_eval_v1/visualizations/img_399.jpg,123348,d542e2253abd1e3566d69070c16a5918f252b99052a97acab30f51ff78a36576
reports/prd_instance_segmentation/maskrcnn_8class_eval_v2_balanced_fixed040/error_cases.csv,4084,690f83bbfa0979f2e9957b9d2e1cd4a1bc3d1e2f44c1b653e3f44142bf6d4c91
reports/prd_instance_segmentation/maskrcnn_8class_eval_v2_balanced_fixed040/evaluation_summary.txt,1279,c9b39493ead3ad8d1b6ad31995d611cfa1ee7bac7c08cfa5822ce4c7c2575f0f
reports/prd_instance_segmentation/maskrcnn_8class_eval_v2_balanced_fixed040/per_class_metrics.csv,1326,faf6329115ad50c9269aec35952e9df18714aa7a861d30d3d004dc2d64d80b36
reports/prd_instance_segmentation/maskrcnn_8class_eval_v2_balanced_fixed040/per_gt_results.csv,8744,bffef6b8716b98ad9e48e60311ab9df3c06053b57452e60327b96ce61de51d0c
reports/prd_instance_segmentation/maskrcnn_8class_eval_v2_balanced_fixed040/per_image_timing.csv,3312,4ffb6be51619099dcd81978fb1694dc755ad31acb0e7c71ed548220a6ef805d1
reports/prd_instance_segmentation/maskrcnn_8class_eval_v2_balanced_fixed040/per_source_metrics.csv,662,a61d8b2b6cd20669e9e810a07c1c99acc73b840fa16b45f30ec3212fc4c9c3b1
reports/prd_instance_segmentation/maskrcnn_8class_eval_v2_nobalance_fixed040/error_cases.csv,4893,fd6843bf2d8fa3e4525bbde5565bdf968a9ffc999315c6d0cd4b7d67114de758
reports/prd_instance_segmentation/maskrcnn_8class_eval_v2_nobalance_fixed040/evaluation_summary.txt,1289,9cb01c6d71d7f7f8f9cfa120a1390c8aa5f90994974a47d0e961bdf221d68378
reports/prd_instance_segmentation/maskrcnn_8class_eval_v2_nobalance_fixed040/per_class_metrics.csv,1251,3457b8caae79b4a93f0e459b04dd6dc478ee745ade6602d0f0fb7758265d9bd0
reports/prd_instance_segmentation/maskrcnn_8class_eval_v2_nobalance_fixed040/per_gt_results.csv,8707,3fc2a8bc1bc77ba668be0353c66cce7748e00de6b3495e3c207ebf94d77e38f7
reports/prd_instance_segmentation/maskrcnn_8class_eval_v2_nobalance_fixed040/per_image_timing.csv,3315,1d2f6c61b21fe5902e145c96346ad742953d6a144ac06cff522a2aff1fb715c8
reports/prd_instance_segmentation/maskrcnn_8class_eval_v2_nobalance_fixed040/per_source_metrics.csv,647,e0641e442764c1548a3a03a9e1b472e0842ff4e36355514578a6f05e8af39bce
reports/prd_instance_segmentation/maskrcnn_8class_final_v1/data_check.txt,1683,ea8480072220bffd972c42e7253f842a09c1c6b46058e9856ee2f1e50a5ee440
reports/prd_instance_segmentation/maskrcnn_8class_final_v1/sampler_weights.csv,39111,e4d7ea87449e791481609a7a6196d52dc70a16c697f3428a9b471f739440bb0f
reports/prd_instance_segmentation/maskrcnn_8class_final_v1/summary.txt,1003,9dc3cf6f69a8511c07e580a4cb1d8ca0adef77581928a537717e705e4aa613d3
reports/prd_instance_segmentation/maskrcnn_8class_final_v1/train_log.csv,3140,894f04e4f210cb59caa5beb96445f2a3efaf20149f5e9baefb801c809837833a
reports/prd_instance_segmentation/maskrcnn_8class_threshold_sweep_v1/thr_0p20/error_cases.csv,8756,48debe206c6b8df677cfa50c35fa46ba07fe16b328ae96b3d3984191188221fe
reports/prd_instance_segmentation/maskrcnn_8class_threshold_sweep_v1/thr_0p20/evaluation_summary.txt,1281,9a901bf27f6ef790b4174587ab9ba8275758fe083856faeae5c10f7385b057b8
reports/prd_instance_segmentation/maskrcnn_8class_threshold_sweep_v1/thr_0p20/per_class_metrics.csv,1180,6880ee3117f84367a37273ce6363b041d6a62ac7fa332e63abc066d18cd385b3
reports/prd_instance_segmentation/maskrcnn_8class_threshold_sweep_v1/thr_0p20/per_gt_results.csv,14369,bffbe9dc782fa499a40978c69473fb6e3fbb39466cfb0ffa4325b009d945063a
reports/prd_instance_segmentation/maskrcnn_8class_threshold_sweep_v1/thr_0p20/per_image_timing.csv,3314,4e65a720ed34ae93ab76f3c208ef2d7aa79b5722cddc224a568d51a06d5b412f
reports/prd_instance_segmentation/maskrcnn_8class_threshold_sweep_v1/thr_0p20/per_source_metrics.csv,712,1ce81681767a22411ce3a77a07e1cb6200a5136bd2144a6c457f2c44d7d1a6c2
reports/prd_instance_segmentation/maskrcnn_8class_threshold_sweep_v1/thr_0p20/visualizations/img_000.jpg,40645,b1b2adde267b8b9d566acfa1fc65468a836632b7ee9bad51f5dac651fa2f0601
reports/prd_instance_segmentation/maskrcnn_8class_threshold_sweep_v1/thr_0p20/visualizations/img_001.jpg,77963,8c20d54932e0235755ce2b81941018684f7a5e644ddfff6b8095d5df09082dd4
reports/prd_instance_segmentation/maskrcnn_8class_threshold_sweep_v1/thr_0p20/visualizations/img_002.jpg,41231,d6f81158d7e85eef18a6427490d5453019fca69b3124891212e562149088c481
reports/prd_instance_segmentation/maskrcnn_8class_threshold_sweep_v1/thr_0p20/visualizations/img_003.jpg,72632,70bddca3cea5f454254f68250800796005b7ee19410c6bc84b7a00dadd39d10c
reports/prd_instance_segmentation/maskrcnn_8class_threshold_sweep_v1/thr_0p20/visualizations/img_004.jpg,48748,440528445b966f37c825cd5f3cf862e992c70ae7dbacc4bc28c6d793614c3c89
reports/prd_instance_segmentation/maskrcnn_8class_threshold_sweep_v1/thr_0p20/visualizations/img_005.jpg,56137,f8a92ba042102d0bb5ca7e40c26de4fb254aa0ea88cf526612c7503b4b2916de
reports/prd_instance_segmentation/maskrcnn_8class_threshold_sweep_v1/thr_0p20/visualizations/img_006.jpg,93470,d1a8d4a3487101cef4bddf74140a10d419582d9f528a27cb5b1d590f89141360
reports/prd_instance_segmentation/maskrcnn_8class_threshold_sweep_v1/thr_0p20/visualizations/img_007.jpg,70128,6d989562c0ad2289ed784dbdbf5b5a6400d68c4648af295f85ce12b65a01b30c
reports/prd_instance_segmentation/maskrcnn_8class_threshold_sweep_v1/thr_0p20/visualizations/img_008.jpg,71975,e99761ae0bc7838b1c8e7146771254b6d0966ec2048768868837f098882a60ee
reports/prd_instance_segmentation/maskrcnn_8class_threshold_sweep_v1/thr_0p20/visualizations/img_009.jpg,38550,ff537c32ff2d3c4c438bd5060fbf6b9850b7710b951d629c13d3f47a6654447e
reports/prd_instance_segmentation/maskrcnn_8class_threshold_sweep_v1/thr_0p20/visualizations/img_010.jpg,127828,9d7ac97656fe21da77ef7f5fe2680dd5f08a01905ae3aca9a2ca65a7fafe9b70
reports/prd_instance_segmentation/maskrcnn_8class_threshold_sweep_v1/thr_0p20/visualizations/img_011.jpg,88368,01b95bd00e1d61a12fddd4a7bb09c07713a5c1e2d728832671a5f6b8ac04d741
reports/prd_instance_segmentation/maskrcnn_8class_threshold_sweep_v1/thr_0p20/visualizations/img_012.jpg,123695,39fbdba60ca82b63e055109981ed34900cc851ed3b284ea233efc26911d80254
reports/prd_instance_segmentation/maskrcnn_8class_threshold_sweep_v1/thr_0p20/visualizations/img_013.jpg,165431,ef5e0106b7c1ca1aecfd4c53c0bc06d436e93c095baa5566879f5c73309301ea
reports/prd_instance_segmentation/maskrcnn_8class_threshold_sweep_v1/thr_0p20/visualizations/img_014.jpg,149788,37a38765246b927310ac747139aa6622a8ff58fb688a05889f3e6e4222346bd2
reports/prd_instance_segmentation/maskrcnn_8class_threshold_sweep_v1/thr_0p20/visualizations/img_015.jpg,43025,10aa5adee995c61e921d9e94d22ad155e2657fe0acf8a3986872c437b09d48f0
reports/prd_instance_segmentation/maskrcnn_8class_threshold_sweep_v1/thr_0p20/visualizations/img_016.jpg,83118,d9f7d3aa960cd50855e837254e17d21a147a073ca016a5e49d5938215b55e23e
reports/prd_instance_segmentation/maskrcnn_8class_threshold_sweep_v1/thr_0p20/visualizations/img_017.jpg,112309,d1aeebd3c99237271587ec801e0f4a4527c6cda5ad96f278cbc062d0e27cd086
reports/prd_instance_segmentation/maskrcnn_8class_threshold_sweep_v1/thr_0p20/visualizations/img_018.jpg,91517,450a4639827fb652c2228cd2e79852700ce256fd3359d839abe33e82fddac108
reports/prd_instance_segmentation/maskrcnn_8class_threshold_sweep_v1/thr_0p20/visualizations/img_019.jpg,232437,6bf7d1cd19c4255d2bfeb3dca20481079b2a3530ec8be12c50ff88d9719554af
reports/prd_instance_segmentation/maskrcnn_8class_threshold_sweep_v1/thr_0p20/visualizations/img_020.jpg,92477,0e9dec3aac87028e67f7b91c36db835a5a6ef2947ff6b1bf9a7238df2c672037
reports/prd_instance_segmentation/maskrcnn_8class_threshold_sweep_v1/thr_0p20/visualizations/img_021.jpg,120904,b8ff6d74ffc4e09c351b64d0db51c533a8072cac5e18a5175c3b343efa99a7d8
reports/prd_instance_segmentation/maskrcnn_8class_threshold_sweep_v1/thr_0p20/visualizations/img_022.jpg,87768,e2b6879f27dc11ffc33782147f1c2ff9f5f3ebbb9e4a6dd5b00e3394fc444674
reports/prd_instance_segmentation/maskrcnn_8class_threshold_sweep_v1/thr_0p20/visualizations/img_023.jpg,135137,8668b6039bfe13e54d0ab9b7708242679c4fda6744d9c714c2a6c53135343743
reports/prd_instance_segmentation/maskrcnn_8class_threshold_sweep_v1/thr_0p20/visualizations/img_024.jpg,97215,7214e8cefd9b21fe8d539f7c44c6c9992f1c3840fb94cbf499687a08a16f8f0d
reports/prd_instance_segmentation/maskrcnn_8class_threshold_sweep_v1/thr_0p20/visualizations/img_025.jpg,79319,102fab8e7d21577ea853b02c4642884af21507e571c2f7ff77a3a3ed55346ff7
reports/prd_instance_segmentation/maskrcnn_8class_threshold_sweep_v1/thr_0p20/visualizations/img_026.jpg,294933,9c730739cf97a27ac72d76c621132f0e029eaa328e9ca68a15041a0058fce732
reports/prd_instance_segmentation/maskrcnn_8class_threshold_sweep_v1/thr_0p20/visualizations/img_027.jpg,171370,8bea3d7e998a692b454b27311497680ab5d8ebdc9e832f663ce74116b0652ed7
reports/prd_instance_segmentation/maskrcnn_8class_threshold_sweep_v1/thr_0p20/visualizations/img_028.jpg,151419,c69f225688b1e502629fe50b920b8d07c888bd4339202a2588a5af2b1375c9c9
reports/prd_instance_segmentation/maskrcnn_8class_threshold_sweep_v1/thr_0p20/visualizations/img_029.jpg,116362,c54aeb36ec03e457092fcc4904e15e3e1bcdb2f62dd2dc8b8dc269296a02d742
reports/prd_instance_segmentation/maskrcnn_8class_threshold_sweep_v1/thr_0p20/visualizations/img_030.jpg,92494,b34d56f03d831db966421769f3f472b4695bc0f6ad6edd0f5d0c01791cfee4bf
reports/prd_instance_segmentation/maskrcnn_8class_threshold_sweep_v1/thr_0p20/visualizations/img_031.jpg,141912,37514efc999f91046d6cd34792094c8ea1297a0cd3f20cc35995ca9b4d1f2ea4
reports/prd_instance_segmentation/maskrcnn_8class_threshold_sweep_v1/thr_0p30/error_cases.csv,8048,729f6cd77a573e62c73859c27456b4537cc3c96474e7357b3849a3262d139ef0
reports/prd_instance_segmentation/maskrcnn_8class_threshold_sweep_v1/thr_0p30/evaluation_summary.txt,1280,7b5128c4e70c01d8d3f11cb309090a40e66995c586a98924ddaa3544ade3ab2a
reports/prd_instance_segmentation/maskrcnn_8class_threshold_sweep_v1/thr_0p30/per_class_metrics.csv,1182,3734d56000d660402050d8ba15060c5c2f2135937f998a60c0a323170f2ac005
reports/prd_instance_segmentation/maskrcnn_8class_threshold_sweep_v1/thr_0p30/per_gt_results.csv,14303,818c79b48b254be3a5e55bde4fbf81cabc735eb85a7bbb8a2259b4c94a778dea
reports/prd_instance_segmentation/maskrcnn_8class_threshold_sweep_v1/thr_0p30/per_image_timing.csv,3313,d0956ee4bc1cf1f1eff1ed2364af7c879c9d09babe45b9a4af37e5d5a54217b1
reports/prd_instance_segmentation/maskrcnn_8class_threshold_sweep_v1/thr_0p30/per_source_metrics.csv,710,a794f45afe55156ef3d6b713715932c9627f1fb74bb1efa0b9714df836ef1d04
reports/prd_instance_segmentation/maskrcnn_8class_threshold_sweep_v1/thr_0p30/visualizations/img_000.jpg,40645,b1b2adde267b8b9d566acfa1fc65468a836632b7ee9bad51f5dac651fa2f0601
reports/prd_instance_segmentation/maskrcnn_8class_threshold_sweep_v1/thr_0p30/visualizations/img_001.jpg,77963,8c20d54932e0235755ce2b81941018684f7a5e644ddfff6b8095d5df09082dd4
reports/prd_instance_segmentation/maskrcnn_8class_threshold_sweep_v1/thr_0p30/visualizations/img_002.jpg,41231,d6f81158d7e85eef18a6427490d5453019fca69b3124891212e562149088c481
reports/prd_instance_segmentation/maskrcnn_8class_threshold_sweep_v1/thr_0p30/visualizations/img_003.jpg,72632,70bddca3cea5f454254f68250800796005b7ee19410c6bc84b7a00dadd39d10c
reports/prd_instance_segmentation/maskrcnn_8class_threshold_sweep_v1/thr_0p30/visualizations/img_004.jpg,48748,440528445b966f37c825cd5f3cf862e992c70ae7dbacc4bc28c6d793614c3c89
reports/prd_instance_segmentation/maskrcnn_8class_threshold_sweep_v1/thr_0p30/visualizations/img_005.jpg,56137,f8a92ba042102d0bb5ca7e40c26de4fb254aa0ea88cf526612c7503b4b2916de
reports/prd_instance_segmentation/maskrcnn_8class_threshold_sweep_v1/thr_0p30/visualizations/img_006.jpg,93470,d1a8d4a3487101cef4bddf74140a10d419582d9f528a27cb5b1d590f89141360
reports/prd_instance_segmentation/maskrcnn_8class_threshold_sweep_v1/thr_0p30/visualizations/img_007.jpg,70128,6d989562c0ad2289ed784dbdbf5b5a6400d68c4648af295f85ce12b65a01b30c
reports/prd_instance_segmentation/maskrcnn_8class_threshold_sweep_v1/thr_0p30/visualizations/img_008.jpg,71975,e99761ae0bc7838b1c8e7146771254b6d0966ec2048768868837f098882a60ee
reports/prd_instance_segmentation/maskrcnn_8class_threshold_sweep_v1/thr_0p30/visualizations/img_009.jpg,38550,ff537c32ff2d3c4c438bd5060fbf6b9850b7710b951d629c13d3f47a6654447e
reports/prd_instance_segmentation/maskrcnn_8class_threshold_sweep_v1/thr_0p30/visualizations/img_010.jpg,127828,9d7ac97656fe21da77ef7f5fe2680dd5f08a01905ae3aca9a2ca65a7fafe9b70
reports/prd_instance_segmentation/maskrcnn_8class_threshold_sweep_v1/thr_0p30/visualizations/img_011.jpg,88368,01b95bd00e1d61a12fddd4a7bb09c07713a5c1e2d728832671a5f6b8ac04d741
reports/prd_instance_segmentation/maskrcnn_8class_threshold_sweep_v1/thr_0p30/visualizations/img_012.jpg,123695,39fbdba60ca82b63e055109981ed34900cc851ed3b284ea233efc26911d80254
reports/prd_instance_segmentation/maskrcnn_8class_threshold_sweep_v1/thr_0p30/visualizations/img_013.jpg,165431,ef5e0106b7c1ca1aecfd4c53c0bc06d436e93c095baa5566879f5c73309301ea
reports/prd_instance_segmentation/maskrcnn_8class_threshold_sweep_v1/thr_0p30/visualizations/img_014.jpg,149788,37a38765246b927310ac747139aa6622a8ff58fb688a05889f3e6e4222346bd2
reports/prd_instance_segmentation/maskrcnn_8class_threshold_sweep_v1/thr_0p30/visualizations/img_015.jpg,43025,10aa5adee995c61e921d9e94d22ad155e2657fe0acf8a3986872c437b09d48f0
reports/prd_instance_segmentation/maskrcnn_8class_threshold_sweep_v1/thr_0p30/visualizations/img_016.jpg,83118,d9f7d3aa960cd50855e837254e17d21a147a073ca016a5e49d5938215b55e23e
reports/prd_instance_segmentation/maskrcnn_8class_threshold_sweep_v1/thr_0p30/visualizations/img_017.jpg,112309,d1aeebd3c99237271587ec801e0f4a4527c6cda5ad96f278cbc062d0e27cd086
reports/prd_instance_segmentation/maskrcnn_8class_threshold_sweep_v1/thr_0p30/visualizations/img_018.jpg,91517,450a4639827fb652c2228cd2e79852700ce256fd3359d839abe33e82fddac108
reports/prd_instance_segmentation/maskrcnn_8class_threshold_sweep_v1/thr_0p30/visualizations/img_019.jpg,232437,6bf7d1cd19c4255d2bfeb3dca20481079b2a3530ec8be12c50ff88d9719554af
reports/prd_instance_segmentation/maskrcnn_8class_threshold_sweep_v1/thr_0p30/visualizations/img_020.jpg,92477,0e9dec3aac87028e67f7b91c36db835a5a6ef2947ff6b1bf9a7238df2c672037
reports/prd_instance_segmentation/maskrcnn_8class_threshold_sweep_v1/thr_0p30/visualizations/img_021.jpg,120904,b8ff6d74ffc4e09c351b64d0db51c533a8072cac5e18a5175c3b343efa99a7d8
reports/prd_instance_segmentation/maskrcnn_8class_threshold_sweep_v1/thr_0p30/visualizations/img_022.jpg,87768,e2b6879f27dc11ffc33782147f1c2ff9f5f3ebbb9e4a6dd5b00e3394fc444674
reports/prd_instance_segmentation/maskrcnn_8class_threshold_sweep_v1/thr_0p30/visualizations/img_023.jpg,135137,8668b6039bfe13e54d0ab9b7708242679c4fda6744d9c714c2a6c53135343743
reports/prd_instance_segmentation/maskrcnn_8class_threshold_sweep_v1/thr_0p30/visualizations/img_024.jpg,97215,7214e8cefd9b21fe8d539f7c44c6c9992f1c3840fb94cbf499687a08a16f8f0d
reports/prd_instance_segmentation/maskrcnn_8class_threshold_sweep_v1/thr_0p30/visualizations/img_025.jpg,79319,102fab8e7d21577ea853b02c4642884af21507e571c2f7ff77a3a3ed55346ff7
reports/prd_instance_segmentation/maskrcnn_8class_threshold_sweep_v1/thr_0p30/visualizations/img_026.jpg,294933,9c730739cf97a27ac72d76c621132f0e029eaa328e9ca68a15041a0058fce732
reports/prd_instance_segmentation/maskrcnn_8class_threshold_sweep_v1/thr_0p30/visualizations/img_027.jpg,171370,8bea3d7e998a692b454b27311497680ab5d8ebdc9e832f663ce74116b0652ed7
reports/prd_instance_segmentation/maskrcnn_8class_threshold_sweep_v1/thr_0p30/visualizations/img_028.jpg,151419,c69f225688b1e502629fe50b920b8d07c888bd4339202a2588a5af2b1375c9c9
reports/prd_instance_segmentation/maskrcnn_8class_threshold_sweep_v1/thr_0p30/visualizations/img_029.jpg,116362,c54aeb36ec03e457092fcc4904e15e3e1bcdb2f62dd2dc8b8dc269296a02d742
reports/prd_instance_segmentation/maskrcnn_8class_threshold_sweep_v1/thr_0p30/visualizations/img_030.jpg,92494,b34d56f03d831db966421769f3f472b4695bc0f6ad6edd0f5d0c01791cfee4bf
reports/prd_instance_segmentation/maskrcnn_8class_threshold_sweep_v1/thr_0p30/visualizations/img_031.jpg,141912,37514efc999f91046d6cd34792094c8ea1297a0cd3f20cc35995ca9b4d1f2ea4
reports/prd_instance_segmentation/maskrcnn_8class_threshold_sweep_v1/thr_0p40/error_cases.csv,7770,b19f28864b740bc75573fdf23dd523b022de5bc85eeeb01324c1ff0a930b9b6e
reports/prd_instance_segmentation/maskrcnn_8class_threshold_sweep_v1/thr_0p40/evaluation_summary.txt,1279,78232cf3b86534c61da0de0a9e01bd290929befef0d1fa1d2b6ee3d26749f6eb
reports/prd_instance_segmentation/maskrcnn_8class_threshold_sweep_v1/thr_0p40/per_class_metrics.csv,1121,759c0e28c3c6ecc131e1d01b941a84a951b599570f97a4cd26146a0cd61d12db
reports/prd_instance_segmentation/maskrcnn_8class_threshold_sweep_v1/thr_0p40/per_gt_results.csv,14030,4d6316273fcfafb91be46be7dcf938a8e070cd2087bde420c9350513617203ff
reports/prd_instance_segmentation/maskrcnn_8class_threshold_sweep_v1/thr_0p40/per_image_timing.csv,3308,7b36f00cffcaec7a710d2c736fe192c72a24dc7cf624720d727d6fd9130643ae
reports/prd_instance_segmentation/maskrcnn_8class_threshold_sweep_v1/thr_0p40/per_source_metrics.csv,695,4b8cef306ea04a836ceb4023289d1e70cbbd2082369fe3c585c4685bfd940e0a
reports/prd_instance_segmentation/maskrcnn_8class_threshold_sweep_v1/thr_0p40/visualizations/img_000.jpg,40645,b1b2adde267b8b9d566acfa1fc65468a836632b7ee9bad51f5dac651fa2f0601
reports/prd_instance_segmentation/maskrcnn_8class_threshold_sweep_v1/thr_0p40/visualizations/img_001.jpg,77963,8c20d54932e0235755ce2b81941018684f7a5e644ddfff6b8095d5df09082dd4
reports/prd_instance_segmentation/maskrcnn_8class_threshold_sweep_v1/thr_0p40/visualizations/img_002.jpg,41231,d6f81158d7e85eef18a6427490d5453019fca69b3124891212e562149088c481
reports/prd_instance_segmentation/maskrcnn_8class_threshold_sweep_v1/thr_0p40/visualizations/img_003.jpg,72632,70bddca3cea5f454254f68250800796005b7ee19410c6bc84b7a00dadd39d10c
reports/prd_instance_segmentation/maskrcnn_8class_threshold_sweep_v1/thr_0p40/visualizations/img_004.jpg,48748,440528445b966f37c825cd5f3cf862e992c70ae7dbacc4bc28c6d793614c3c89
reports/prd_instance_segmentation/maskrcnn_8class_threshold_sweep_v1/thr_0p40/visualizations/img_005.jpg,56137,f8a92ba042102d0bb5ca7e40c26de4fb254aa0ea88cf526612c7503b4b2916de
reports/prd_instance_segmentation/maskrcnn_8class_threshold_sweep_v1/thr_0p40/visualizations/img_006.jpg,93470,d1a8d4a3487101cef4bddf74140a10d419582d9f528a27cb5b1d590f89141360
reports/prd_instance_segmentation/maskrcnn_8class_threshold_sweep_v1/thr_0p40/visualizations/img_007.jpg,70128,6d989562c0ad2289ed784dbdbf5b5a6400d68c4648af295f85ce12b65a01b30c
reports/prd_instance_segmentation/maskrcnn_8class_threshold_sweep_v1/thr_0p40/visualizations/img_008.jpg,71975,e99761ae0bc7838b1c8e7146771254b6d0966ec2048768868837f098882a60ee
reports/prd_instance_segmentation/maskrcnn_8class_threshold_sweep_v1/thr_0p40/visualizations/img_009.jpg,38550,ff537c32ff2d3c4c438bd5060fbf6b9850b7710b951d629c13d3f47a6654447e
reports/prd_instance_segmentation/maskrcnn_8class_threshold_sweep_v1/thr_0p40/visualizations/img_010.jpg,127828,9d7ac97656fe21da77ef7f5fe2680dd5f08a01905ae3aca9a2ca65a7fafe9b70
reports/prd_instance_segmentation/maskrcnn_8class_threshold_sweep_v1/thr_0p40/visualizations/img_011.jpg,88368,01b95bd00e1d61a12fddd4a7bb09c07713a5c1e2d728832671a5f6b8ac04d741
reports/prd_instance_segmentation/maskrcnn_8class_threshold_sweep_v1/thr_0p40/visualizations/img_012.jpg,123695,39fbdba60ca82b63e055109981ed34900cc851ed3b284ea233efc26911d80254
reports/prd_instance_segmentation/maskrcnn_8class_threshold_sweep_v1/thr_0p40/visualizations/img_013.jpg,165431,ef5e0106b7c1ca1aecfd4c53c0bc06d436e93c095baa5566879f5c73309301ea
reports/prd_instance_segmentation/maskrcnn_8class_threshold_sweep_v1/thr_0p40/visualizations/img_014.jpg,149788,37a38765246b927310ac747139aa6622a8ff58fb688a05889f3e6e4222346bd2
reports/prd_instance_segmentation/maskrcnn_8class_threshold_sweep_v1/thr_0p40/visualizations/img_015.jpg,43025,10aa5adee995c61e921d9e94d22ad155e2657fe0acf8a3986872c437b09d48f0
reports/prd_instance_segmentation/maskrcnn_8class_threshold_sweep_v1/thr_0p40/visualizations/img_016.jpg,83118,d9f7d3aa960cd50855e837254e17d21a147a073ca016a5e49d5938215b55e23e
reports/prd_instance_segmentation/maskrcnn_8class_threshold_sweep_v1/thr_0p40/visualizations/img_017.jpg,112309,d1aeebd3c99237271587ec801e0f4a4527c6cda5ad96f278cbc062d0e27cd086
reports/prd_instance_segmentation/maskrcnn_8class_threshold_sweep_v1/thr_0p40/visualizations/img_018.jpg,91517,450a4639827fb652c2228cd2e79852700ce256fd3359d839abe33e82fddac108
reports/prd_instance_segmentation/maskrcnn_8class_threshold_sweep_v1/thr_0p40/visualizations/img_019.jpg,232437,6bf7d1cd19c4255d2bfeb3dca20481079b2a3530ec8be12c50ff88d9719554af
reports/prd_instance_segmentation/maskrcnn_8class_threshold_sweep_v1/thr_0p40/visualizations/img_020.jpg,92477,0e9dec3aac87028e67f7b91c36db835a5a6ef2947ff6b1bf9a7238df2c672037
reports/prd_instance_segmentation/maskrcnn_8class_threshold_sweep_v1/thr_0p40/visualizations/img_021.jpg,120904,b8ff6d74ffc4e09c351b64d0db51c533a8072cac5e18a5175c3b343efa99a7d8
reports/prd_instance_segmentation/maskrcnn_8class_threshold_sweep_v1/thr_0p40/visualizations/img_022.jpg,87768,e2b6879f27dc11ffc33782147f1c2ff9f5f3ebbb9e4a6dd5b00e3394fc444674
reports/prd_instance_segmentation/maskrcnn_8class_threshold_sweep_v1/thr_0p40/visualizations/img_023.jpg,135137,8668b6039bfe13e54d0ab9b7708242679c4fda6744d9c714c2a6c53135343743
reports/prd_instance_segmentation/maskrcnn_8class_threshold_sweep_v1/thr_0p40/visualizations/img_024.jpg,97215,7214e8cefd9b21fe8d539f7c44c6c9992f1c3840fb94cbf499687a08a16f8f0d
reports/prd_instance_segmentation/maskrcnn_8class_threshold_sweep_v1/thr_0p40/visualizations/img_025.jpg,79319,102fab8e7d21577ea853b02c4642884af21507e571c2f7ff77a3a3ed55346ff7
reports/prd_instance_segmentation/maskrcnn_8class_threshold_sweep_v1/thr_0p40/visualizations/img_026.jpg,294933,9c730739cf97a27ac72d76c621132f0e029eaa328e9ca68a15041a0058fce732
reports/prd_instance_segmentation/maskrcnn_8class_threshold_sweep_v1/thr_0p40/visualizations/img_027.jpg,171370,8bea3d7e998a692b454b27311497680ab5d8ebdc9e832f663ce74116b0652ed7
reports/prd_instance_segmentation/maskrcnn_8class_threshold_sweep_v1/thr_0p40/visualizations/img_028.jpg,151419,c69f225688b1e502629fe50b920b8d07c888bd4339202a2588a5af2b1375c9c9
reports/prd_instance_segmentation/maskrcnn_8class_threshold_sweep_v1/thr_0p40/visualizations/img_029.jpg,116362,c54aeb36ec03e457092fcc4904e15e3e1bcdb2f62dd2dc8b8dc269296a02d742
reports/prd_instance_segmentation/maskrcnn_8class_threshold_sweep_v1/thr_0p40/visualizations/img_030.jpg,92494,b34d56f03d831db966421769f3f472b4695bc0f6ad6edd0f5d0c01791cfee4bf
reports/prd_instance_segmentation/maskrcnn_8class_threshold_sweep_v1/thr_0p40/visualizations/img_031.jpg,141912,37514efc999f91046d6cd34792094c8ea1297a0cd3f20cc35995ca9b4d1f2ea4
reports/prd_instance_segmentation/maskrcnn_8class_threshold_sweep_v1/thr_0p50/error_cases.csv,8859,fe87436d1c9e2e9f18d3bf8d2d7145ab26bded2560e581f9c0b5f5f5a0f75ab7
reports/prd_instance_segmentation/maskrcnn_8class_threshold_sweep_v1/thr_0p50/evaluation_summary.txt,1279,bbbee36b563583f995e7afd709c829a9b983a3d2e950ae03b576a31bc8dacbe3
reports/prd_instance_segmentation/maskrcnn_8class_threshold_sweep_v1/thr_0p50/per_class_metrics.csv,1164,43461787ef37e53e47b29229e94711509fbce5dafbef4d291cb9ed9530787559
reports/prd_instance_segmentation/maskrcnn_8class_threshold_sweep_v1/thr_0p50/per_gt_results.csv,13794,68cce2ab1830c9f161c40f0184852e5a93d90f3b04e3bdd981d9695769bf6578
reports/prd_instance_segmentation/maskrcnn_8class_threshold_sweep_v1/thr_0p50/per_image_timing.csv,3307,bfc2dda3f13499a6b7d9a8921e1acc41e80f9064e9b66419494285276c83f897
reports/prd_instance_segmentation/maskrcnn_8class_threshold_sweep_v1/thr_0p50/per_source_metrics.csv,667,a6e33aa935f148bd8ef15b1ac79d3cb5aae4782c3f7cefeb25e12bd916565223
reports/prd_instance_segmentation/maskrcnn_8class_threshold_sweep_v1/thr_0p50/visualizations/img_000.jpg,40645,b1b2adde267b8b9d566acfa1fc65468a836632b7ee9bad51f5dac651fa2f0601
reports/prd_instance_segmentation/maskrcnn_8class_threshold_sweep_v1/thr_0p50/visualizations/img_001.jpg,77963,8c20d54932e0235755ce2b81941018684f7a5e644ddfff6b8095d5df09082dd4
reports/prd_instance_segmentation/maskrcnn_8class_threshold_sweep_v1/thr_0p50/visualizations/img_002.jpg,41231,d6f81158d7e85eef18a6427490d5453019fca69b3124891212e562149088c481
reports/prd_instance_segmentation/maskrcnn_8class_threshold_sweep_v1/thr_0p50/visualizations/img_003.jpg,72632,70bddca3cea5f454254f68250800796005b7ee19410c6bc84b7a00dadd39d10c
reports/prd_instance_segmentation/maskrcnn_8class_threshold_sweep_v1/thr_0p50/visualizations/img_004.jpg,48748,440528445b966f37c825cd5f3cf862e992c70ae7dbacc4bc28c6d793614c3c89
reports/prd_instance_segmentation/maskrcnn_8class_threshold_sweep_v1/thr_0p50/visualizations/img_005.jpg,56137,f8a92ba042102d0bb5ca7e40c26de4fb254aa0ea88cf526612c7503b4b2916de
reports/prd_instance_segmentation/maskrcnn_8class_threshold_sweep_v1/thr_0p50/visualizations/img_006.jpg,93470,d1a8d4a3487101cef4bddf74140a10d419582d9f528a27cb5b1d590f89141360
reports/prd_instance_segmentation/maskrcnn_8class_threshold_sweep_v1/thr_0p50/visualizations/img_007.jpg,70128,6d989562c0ad2289ed784dbdbf5b5a6400d68c4648af295f85ce12b65a01b30c
reports/prd_instance_segmentation/maskrcnn_8class_threshold_sweep_v1/thr_0p50/visualizations/img_008.jpg,71975,e99761ae0bc7838b1c8e7146771254b6d0966ec2048768868837f098882a60ee
reports/prd_instance_segmentation/maskrcnn_8class_threshold_sweep_v1/thr_0p50/visualizations/img_009.jpg,38550,ff537c32ff2d3c4c438bd5060fbf6b9850b7710b951d629c13d3f47a6654447e
reports/prd_instance_segmentation/maskrcnn_8class_threshold_sweep_v1/thr_0p50/visualizations/img_010.jpg,127828,9d7ac97656fe21da77ef7f5fe2680dd5f08a01905ae3aca9a2ca65a7fafe9b70
reports/prd_instance_segmentation/maskrcnn_8class_threshold_sweep_v1/thr_0p50/visualizations/img_011.jpg,88368,01b95bd00e1d61a12fddd4a7bb09c07713a5c1e2d728832671a5f6b8ac04d741
reports/prd_instance_segmentation/maskrcnn_8class_threshold_sweep_v1/thr_0p50/visualizations/img_012.jpg,123695,39fbdba60ca82b63e055109981ed34900cc851ed3b284ea233efc26911d80254
reports/prd_instance_segmentation/maskrcnn_8class_threshold_sweep_v1/thr_0p50/visualizations/img_013.jpg,165431,ef5e0106b7c1ca1aecfd4c53c0bc06d436e93c095baa5566879f5c73309301ea
reports/prd_instance_segmentation/maskrcnn_8class_threshold_sweep_v1/thr_0p50/visualizations/img_014.jpg,149788,37a38765246b927310ac747139aa6622a8ff58fb688a05889f3e6e4222346bd2
reports/prd_instance_segmentation/maskrcnn_8class_threshold_sweep_v1/thr_0p50/visualizations/img_015.jpg,43025,10aa5adee995c61e921d9e94d22ad155e2657fe0acf8a3986872c437b09d48f0
reports/prd_instance_segmentation/maskrcnn_8class_threshold_sweep_v1/thr_0p50/visualizations/img_016.jpg,83118,d9f7d3aa960cd50855e837254e17d21a147a073ca016a5e49d5938215b55e23e
reports/prd_instance_segmentation/maskrcnn_8class_threshold_sweep_v1/thr_0p50/visualizations/img_017.jpg,112309,d1aeebd3c99237271587ec801e0f4a4527c6cda5ad96f278cbc062d0e27cd086
reports/prd_instance_segmentation/maskrcnn_8class_threshold_sweep_v1/thr_0p50/visualizations/img_018.jpg,91517,450a4639827fb652c2228cd2e79852700ce256fd3359d839abe33e82fddac108
reports/prd_instance_segmentation/maskrcnn_8class_threshold_sweep_v1/thr_0p50/visualizations/img_019.jpg,232437,6bf7d1cd19c4255d2bfeb3dca20481079b2a3530ec8be12c50ff88d9719554af
reports/prd_instance_segmentation/maskrcnn_8class_threshold_sweep_v1/thr_0p50/visualizations/img_020.jpg,92477,0e9dec3aac87028e67f7b91c36db835a5a6ef2947ff6b1bf9a7238df2c672037
reports/prd_instance_segmentation/maskrcnn_8class_threshold_sweep_v1/thr_0p50/visualizations/img_021.jpg,120904,b8ff6d74ffc4e09c351b64d0db51c533a8072cac5e18a5175c3b343efa99a7d8
reports/prd_instance_segmentation/maskrcnn_8class_threshold_sweep_v1/thr_0p50/visualizations/img_022.jpg,87768,e2b6879f27dc11ffc33782147f1c2ff9f5f3ebbb9e4a6dd5b00e3394fc444674
reports/prd_instance_segmentation/maskrcnn_8class_threshold_sweep_v1/thr_0p50/visualizations/img_023.jpg,135137,8668b6039bfe13e54d0ab9b7708242679c4fda6744d9c714c2a6c53135343743
reports/prd_instance_segmentation/maskrcnn_8class_threshold_sweep_v1/thr_0p50/visualizations/img_024.jpg,97215,7214e8cefd9b21fe8d539f7c44c6c9992f1c3840fb94cbf499687a08a16f8f0d
reports/prd_instance_segmentation/maskrcnn_8class_threshold_sweep_v1/thr_0p50/visualizations/img_025.jpg,79319,102fab8e7d21577ea853b02c4642884af21507e571c2f7ff77a3a3ed55346ff7
reports/prd_instance_segmentation/maskrcnn_8class_threshold_sweep_v1/thr_0p50/visualizations/img_026.jpg,294933,9c730739cf97a27ac72d76c621132f0e029eaa328e9ca68a15041a0058fce732
reports/prd_instance_segmentation/maskrcnn_8class_threshold_sweep_v1/thr_0p50/visualizations/img_027.jpg,171370,8bea3d7e998a692b454b27311497680ab5d8ebdc9e832f663ce74116b0652ed7
reports/prd_instance_segmentation/maskrcnn_8class_threshold_sweep_v1/thr_0p50/visualizations/img_028.jpg,151419,c69f225688b1e502629fe50b920b8d07c888bd4339202a2588a5af2b1375c9c9
reports/prd_instance_segmentation/maskrcnn_8class_threshold_sweep_v1/thr_0p50/visualizations/img_029.jpg,116362,c54aeb36ec03e457092fcc4904e15e3e1bcdb2f62dd2dc8b8dc269296a02d742
reports/prd_instance_segmentation/maskrcnn_8class_threshold_sweep_v1/thr_0p50/visualizations/img_030.jpg,92494,b34d56f03d831db966421769f3f472b4695bc0f6ad6edd0f5d0c01791cfee4bf
reports/prd_instance_segmentation/maskrcnn_8class_threshold_sweep_v1/thr_0p50/visualizations/img_031.jpg,141912,37514efc999f91046d6cd34792094c8ea1297a0cd3f20cc35995ca9b4d1f2ea4
reports/prd_instance_segmentation/maskrcnn_8class_threshold_sweep_v1/threshold_sweep_per_class_recall.csv,2005,b3b6fa9225aca299ee740deef4549a8e54a6ecdf34f10d7de7f1abd81f70dc28
reports/prd_instance_segmentation/maskrcnn_8class_threshold_sweep_v1/threshold_sweep_per_source.csv,1222,c58dff5bacaafbbe0fa0816359d61d66d1de553d6be3729ba2c9c538f2822095
reports/prd_instance_segmentation/maskrcnn_8class_threshold_sweep_v1/threshold_sweep_summary.csv,757,f84dd153c4ef9c4a2e08ae82e2325c60d6c84c64772b59d09c3f2195c7ba3da2
reports/prd_instance_segmentation/maskrcnn_8class_v3_a1_highres/data_check.txt,1683,ea8480072220bffd972c42e7253f842a09c1c6b46058e9856ee2f1e50a5ee440
reports/prd_instance_segmentation/maskrcnn_8class_v3_a1_highres/sampler_weights.csv,39111,e4d7ea87449e791481609a7a6196d52dc70a16c697f3428a9b471f739440bb0f
reports/prd_instance_segmentation/maskrcnn_8class_v3_a1_highres/summary.txt,1003,2113fdef39ebb5b8d5ee1e1f8cd5da4b8e677b25cf9fdf625df90f5d8fc7e713
reports/prd_instance_segmentation/maskrcnn_8class_v3_a1_highres/train_log.csv,3137,965e936227080bdf7cc880d687c05b1f34047c785684052c473e9e991bc90f03
reports/prd_instance_segmentation/maskrcnn_8class_v3_a2_smallanchors/data_check.txt,1683,ea8480072220bffd972c42e7253f842a09c1c6b46058e9856ee2f1e50a5ee440
reports/prd_instance_segmentation/maskrcnn_8class_v3_a2_smallanchors/sampler_weights.csv,39111,e4d7ea87449e791481609a7a6196d52dc70a16c697f3428a9b471f739440bb0f
reports/prd_instance_segmentation/maskrcnn_8class_v3_a2_smallanchors/summary.txt,1003,db75f811025a3e5a303afbd776f05163730d7061da922b0232e8366d2af0e9ef
reports/prd_instance_segmentation/maskrcnn_8class_v3_a2_smallanchors/train_log.csv,3137,f1ad0c35fcf5cd9ffde9b4b08c5ffb2a06012bbbcbb5971e4d1ecad13f958d1e
reports/prd_instance_segmentation/maskrcnn_8class_v3_a2b_p2small/data_check.txt,1683,ea8480072220bffd972c42e7253f842a09c1c6b46058e9856ee2f1e50a5ee440
reports/prd_instance_segmentation/maskrcnn_8class_v3_a2b_p2small/sampler_weights.csv,39111,e4d7ea87449e791481609a7a6196d52dc70a16c697f3428a9b471f739440bb0f
reports/prd_instance_segmentation/maskrcnn_8class_v3_a2b_p2small/summary.txt,1003,3f92f4210cbc9640e71b6cdb0acf1658e235552aa1195da9911943e4d6151dd4
reports/prd_instance_segmentation/maskrcnn_8class_v3_a2b_p2small/train_log.csv,3150,c50d989cc7ac870289ba1325bce901bd3c073d5491e56da2729f65ed5a8c299d
reports/prd_instance_segmentation/maskrcnn_8class_v3_a3_smallsampling/data_check.txt,1683,8037cf376389a8e8132387a703ab905467ed4d2b4b8f9336dd56f840c37289a5
reports/prd_instance_segmentation/maskrcnn_8class_v3_a3_smallsampling/sampler_weights.csv,55622,90666a23ee850ab3d47852fc2c1ef7c698def95ddc81918c57a92bacbc1df67d
reports/prd_instance_segmentation/maskrcnn_8class_v3_a3_smallsampling/summary.txt,1003,1e8a6c6ef4a71ec6bd11a906e0e3f7e33a9cbd4c4b15c066a387d808188212a6
reports/prd_instance_segmentation/maskrcnn_8class_v3_a3_smallsampling/train_log.csv,3141,be976671de0c5cf5e1f4ef22ccef5b2ec420787612b17bd06a4322856ea51983
reports/prd_instance_segmentation/maskrcnn_8class_v3_b1_dataexp/data_check.txt,1692,eda09dccb1f2a5479f4d523f1c50a37290212a39d7724cb908f8e7c29fbf8509
reports/prd_instance_segmentation/maskrcnn_8class_v3_b1_dataexp/sampler_weights.csv,57370,6afb491cde951b0c56f36533be52e9cc187ba918c90c9454c92e255f316cdf18
reports/prd_instance_segmentation/maskrcnn_8class_v3_b1_dataexp/summary.txt,1012,c318e8570f5c5de0d63c57a885fca0af2a2583cb6fbb15cc87a8fab57eb599c1
reports/prd_instance_segmentation/maskrcnn_8class_v3_b1_dataexp/train_log.csv,3126,48ef1f745fdf9735be86f571bd3b8885c40aae79d2da33b427f11fb312f8e23c
reports/prd_instance_segmentation/maskrcnn_balanced_vs_nobalance_v1/diagnosis.txt,1082,c8b97198f3531e6d674a902d0d2e20664764fef156b80c0de9aad60be261a29c
reports/prd_instance_segmentation/maskrcnn_balanced_vs_nobalance_v1/grouped_mask_comparison.csv,472,1b1c95c5fdfa8ba5665bf210a36f63bf5a4e484d8cd405f1566fa462480984a0
reports/prd_instance_segmentation/maskrcnn_balanced_vs_nobalance_v1/overall_comparison.csv,453,4b9a9be5ee818445e53ded6ee5aeaca409a76d71eb2863a164469e55d56818f0
reports/prd_instance_segmentation/maskrcnn_balanced_vs_nobalance_v1/per_class_comparison.csv,1409,a9fa1e61f5bd1c4e79b6481745e7fe5565830e5813062846c5c86e2d8b5b28d3
reports/prd_instance_segmentation/maskrcnn_balanced_vs_nobalance_v1/per_source_comparison.csv,574,1b769a110b8dcc59c14306b3f723db46c6b5b964986c00972def78338f42e630
reports/prd_instance_segmentation/maskrcnn_balanced_vs_nobalance_v1/speed_comparison.csv,152,cc1286b330dd5616825587ded90d23338e37c2cd6fdb65b1e27577cd160205a9
reports/prd_instance_segmentation/prd_8class_split_v1/class_counts_train.csv,184,457bab0f2107043111f96d3d4c736df9da063e891f53ba6b2834e77bbeea353d
reports/prd_instance_segmentation/prd_8class_split_v1/class_counts_val.csv,177,01071a703dcb8b095b9bbdea3b4786dac05fdbbb8dc6c76809df1e384730d4dd
reports/prd_instance_segmentation/prd_8class_split_v1/split_assignments.csv,14913,a34d9d46c8057c519b019c043069000eb9be0f56801e195e4efd00ac98ffd2a4
reports/prd_instance_segmentation/prd_8class_split_v1/summary.txt,1070,534822a6411a38608982dd1973387fa4e31912f7c5560fda84c8a84516ae442d
reports/prd_instance_segmentation/prd_8class_split_v1/validation_issues.csv,50,ad7969e318c12aecfcffe0aee7d23c7a58a10bd971e069ea468ead2a3077f6db
reports/prd_instance_segmentation/prd_8class_train_expansion_v2/class_counts_train_v2.csv,113,e426486b71fcc47b3836989602e30c5a4f2a627864137c23ed46fead645dbdad
reports/prd_instance_segmentation/prd_8class_train_expansion_v2/contact_sheets/accessory.jpg,569796,c0ba335de78e8ce1748bd715ed8b16343316b9e18e82092146a58ef2b525b73f
reports/prd_instance_segmentation/prd_8class_train_expansion_v2/contact_sheets/bag.jpg,586897,927dbb7407bae9652181aabf8e7bdafffa368bec77fe5b469761f283423d3daa
reports/prd_instance_segmentation/prd_8class_train_expansion_v2/contact_sheets/shoe.jpg,479482,44314a88284368b618c974cb98f5e81e369ffc61369f8e6e03b326aa372a4bef
reports/prd_instance_segmentation/prd_8class_train_expansion_v2/selected_fashionpedia_v2.csv,101685,250b71bce7c4cf1c1d0abeb95ca4261e74c3a4f64cf7ea9c0dda0e5a24effac8
reports/prd_instance_segmentation/prd_8class_train_expansion_v2/skipped_annotations.csv,2575,c7bdf35057f48235aadd1d8c42316773ab294148aaafd6d5149f3e6048ee80f4
reports/prd_instance_segmentation/prd_8class_train_expansion_v2/summary.txt,1570,588a461f0c823ebfc43779228bbe4e669e3c85bff677c10aba788160383735ef
reports/prd_instance_segmentation/prd_8class_train_expansion_v2/validation_overlap_check.csv,52,209636312d632884a777b2e7290095e35ae2be98a71fd02c902a006aee0e19f0
reports/prd_instance_segmentation/prd_8class_train_expansion_v3/class_counts_train_v3.csv,183,604306ea3792bce9a30cfe09b702d6a528c39794c9999d900ca828fc4239e5d0
reports/prd_instance_segmentation/prd_8class_train_expansion_v3/contact_sheets/dress.jpg,509735,53a1a89c1804445da7e18898a886194d54f1197dd0b2c10915352c6ffce5c1d0
reports/prd_instance_segmentation/prd_8class_train_expansion_v3/contact_sheets/outerwear.jpg,506972,9c111a5bcfc154b5083314d46ad783ef7554c7707bb8af8ca5ae9912da12a327
reports/prd_instance_segmentation/prd_8class_train_expansion_v3/contact_sheets/pants.jpg,534484,abef88af90101af2e5d56111e6af9db411e80d4339ac466cdc4f01ef39c6a83a
reports/prd_instance_segmentation/prd_8class_train_expansion_v3/contact_sheets/skirt.jpg,509167,b2708e58d43940aefcc98b7cf7fe2bebfb91e0a7aa03d85bc93e840bc725a281
reports/prd_instance_segmentation/prd_8class_train_expansion_v3/contact_sheets/top.jpg,384606,fb454ec1f2600a94680a52c32d49f002983909de74c56e7e4875b017060037be
reports/prd_instance_segmentation/prd_8class_train_expansion_v3/selected_fashionpedia_v3.csv,57688,95fde6509f7547bf1f528f37e42223161d47a46a2b8b1f9b1ecb25e327252c22
reports/prd_instance_segmentation/prd_8class_train_expansion_v3/skipped_annotations.csv,54,f9453d0fc0c5a688ee88f207dcd61c383a13be76c65aaf7eb0ead534e4ad2fb6
reports/prd_instance_segmentation/prd_8class_train_expansion_v3/summary.txt,2733,23e955ac07402a201ac48f8c100c1e17a060893c0ed0d5eafaa9f99b46066cff
reports/prd_instance_segmentation/prd_8class_train_expansion_v3/validation_overlap_check.csv,52,209636312d632884a777b2e7290095e35ae2be98a71fd02c902a006aee0e19f0
reports/prd_instance_segmentation/prd_8class_unified_v1/class_counts.csv,110,55f3fc301b5c71e203083beedf1c75ff0743de870b115e0d972c8fa6fab00bd7
reports/prd_instance_segmentation/prd_8class_unified_v1/summary.txt,842,23a757872db4197e94f84eb8d88364a9178032140d24411c69256c0517b5ff48
reports/prd_instance_segmentation/prd_8class_unified_v1/validation_issues.csv,8836,f035fa19228fd034aa80604d3f899edf4e477edeac7e5a6b8a59d0b4ba8dd15a
reports/prd_instance_segmentation/prd_8class_unified_v2/class_counts.csv,110,55f3fc301b5c71e203083beedf1c75ff0743de870b115e0d972c8fa6fab00bd7
reports/prd_instance_segmentation/prd_8class_unified_v2/summary.txt,961,b7e28bd277cd62b73195fbb709ecfaa570c3946b356a0d77485c6f3f9ab5aa77
reports/prd_instance_segmentation/prd_8class_unified_v2/validation_issues.csv,47,16938f412367fc71972ef4b728f6ec62e0832f2a488e583efbacc089b06b5dcd
reports/prd_instance_segmentation/threshold_sweep_v1/summary.md,405,1018ced32a86f405916910d7a24ceb4c11d02f0c169f6ca186c2a444ef30d036
reports/prd_integration/PRD31_2_local_region_refinement_ablation_v1.md,4933,888e75d40898a2c6fbeccf21d63fad354b768a1af22bcedaed8950f235a146de
reports/prd_integration/PRD31_3_predictedROI_attribute_propagation_report_fullval_v1.md,3288,c8bac184baf81d78e4897bef717b95774f14ed83143081472d3471b377cf39e0
reports/prd_integration/PRD31_3_predicted_ROI_attribute_propagation_report_v2.md,3277,13156b875ebfe10badbf9deb0a31c323b2c0a041b453a3e13d4e36a886c5633b
reports/prd_integration/PRD31_final_progress_summary_v1.md,5765,f7205c9af71a61ef1e66fb70373dd0ae3f2de799afdb20f5635b96ce732779b6
reports/prd_integration/predicted_roi_attributes_fullval_v1/agreement_by_bbox_iou_bin.csv,835,48f7e3a0c6acecd753188bf287472f6e8b2d53431f1fc2cd7003b3b85fd20a65
reports/prd_integration/predicted_roi_attributes_fullval_v1/agreement_by_mask_iou_bin.csv,847,cffc9c91b19c2ed4996f9ddbe7d78441c549202af7fb66b9f001f1d8c7131483
reports/prd_integration/predicted_roi_attributes_fullval_v1/attribute_agreement_summary.csv,234,e9f19f10f35a06e1c4e51caae2a964bb15ce0897ac77c3a30cc728ab68b16a03
reports/prd_integration/predicted_roi_attributes_fullval_v1/color_v1/primary_color_holdout_audit_template.csv,175,fe88594d46b71b237416e6dbf6fd75bd1976bbd2a4ad88960f4e65bb0245ba49
reports/prd_integration/predicted_roi_attributes_fullval_v1/color_v1/primary_color_predictions.csv,7596,2dd0b78209a73d1aa1b002b035e6ba5c4a5a704487d5c329abd1531805d6a165
reports/prd_integration/predicted_roi_attributes_fullval_v1/color_v1/primary_color_summary.txt,922,112a2e99209a075fbdcff83ea04aa6be7223595ca74166d88ccb1e736b8f1489
reports/prd_integration/predicted_roi_attributes_fullval_v1/color_v1/run_info.txt,514,a1fd0c65d986c41062d203da133c09a330957e986af4910df2d83a52e8bc1057
reports/prd_integration/predicted_roi_attributes_fullval_v1/design_labels_v1/design_attribute_predictions_v1.csv,6882,36c0c3ff49a47d1a4630519c56846ddb48c88dfa6506a75318af08f3939accff
reports/prd_integration/predicted_roi_attributes_fullval_v1/design_labels_v1/design_attribute_predictions_v1.json,53824,efda56cc40be02b3f6b9c01c968213365b8561e687931f8819eda0d759ecbb82
reports/prd_integration/predicted_roi_attributes_fullval_v1/design_labels_v1/manual_audit_holdout_v1.csv,11938,395f732d704cd1a4a005e1b06162a46c5e366a5134477de39f3180a9b1768720
reports/prd_integration/predicted_roi_attributes_fullval_v1/design_labels_v1/summary_v1.txt,842,139b379d03fca53aab9d5e7d558a34b90b756f26b3ab1c81ffffe800ccc91eb8
reports/prd_integration/predicted_roi_attributes_fullval_v1/empty_style_for_predicted_roi.json,161,47f5141fb7c1f94c5dd06942526283845aa18bf0879f3de038e20c4eedd402b6
reports/prd_integration/predicted_roi_attributes_fullval_v1/pattern_v3_hierarchical/pattern_v3_holdout_audit_template.csv,243,87968a0927e6bd28ab474cf51991323d3bae0f2ef71c9d4ee7c45090332e34b5
reports/prd_integration/predicted_roi_attributes_fullval_v1/pattern_v3_hierarchical/pattern_v3_predictions.csv,13930,63fddd6e1a3b507245f2b8e2b37ed4f9d7d5543e5f6d5f09de4950038187020a
reports/prd_integration/predicted_roi_attributes_fullval_v1/pattern_v3_hierarchical/pattern_v3_summary.txt,1560,51034e6143c6d7564af504218415fdb55ca0b488e4a22e617e785e7a8582b9bb
reports/prd_integration/predicted_roi_attributes_fullval_v1/pattern_v3_hierarchical/run_info.txt,654,fe69f79a40f35c39646b10e364f414b47c654798518f1a7ee71d64ba0e1a5ee3
reports/prd_integration/predicted_roi_attributes_fullval_v1/per_instance_attribute_comparison.csv,4426,894df975f7452a83561124be238180de3878ee5c419c1a44f4b7893a8f4a4cad
reports/prd_integration/predicted_roi_attributes_fullval_v1/roi_quality_attribute_analysis.csv,2796,889bb8a4e72dd28ae282ac7fee80ce826efaf0c04347af647a12116b61236f96
reports/prd_integration/predicted_roi_attributes_fullval_v1/roi_quality_diagnosis.txt,765,5063e0e2cccb735868c65b8f1170dcb0f4afe70241d09e28bfd3ca0995d25727
reports/prd_integration/predicted_roi_attributes_fullval_v1/summary.txt,1205,fabd273f51b700f5d55846fb7229717ff6fa4350ec5174c42fc25fb35b814314
reports/prd_integration/predicted_roi_attributes_v1/attribute_agreement_summary.csv,230,fda11328e6f00fca5a54262922a334152ba8a48e1c56fb1e758ea4e8be9a1226
reports/prd_integration/predicted_roi_attributes_v1/color_v1/primary_color_holdout_audit_template.csv,175,fe88594d46b71b237416e6dbf6fd75bd1976bbd2a4ad88960f4e65bb0245ba49
reports/prd_integration/predicted_roi_attributes_v1/color_v1/primary_color_predictions.csv,4489,a8589a3e83290b8ea93e9bdb3b005a3fca4f8ccbb138eeb5050ba6976c36c240
reports/prd_integration/predicted_roi_attributes_v1/color_v1/primary_color_summary.txt,922,4d008ec4ddcd5a573a0b9ed9fcca867ae84c5e1ae242315a4eef7633f628217a
reports/prd_integration/predicted_roi_attributes_v1/color_v1/run_info.txt,506,877315153b81bf09326415a60ede8812fa0660cbca00942ae1d490baeee6c72f
reports/prd_integration/predicted_roi_attributes_v1/design_labels_v1/design_attribute_predictions_v1.csv,4875,bc032c91af21b0d83ad172176d92b0cff9c4d3a47c370f9596b111434c186361
reports/prd_integration/predicted_roi_attributes_v1/design_labels_v1/design_attribute_predictions_v1.json,36479,58e8ebd1ac93b33c62d309a21f19d105f2aedad2a0f0a41a01cba17b50156c5b
reports/prd_integration/predicted_roi_attributes_v1/design_labels_v1/manual_audit_holdout_v1.csv,8156,d0bd0853b7012d5a9ff21042e015f2bfc06067054180385ab06a94f331009cd9
reports/prd_integration/predicted_roi_attributes_v1/design_labels_v1/summary_v1.txt,814,6002522ada2a628e162ab7e310e5d1e88cbe03530a62cfd0b96fc6a53f216796
reports/prd_integration/predicted_roi_attributes_v1/empty_style_for_predicted_roi.json,142,f1ce6503cc4984e3ee41f355ce7eb1aa73601081e16283a8546fafaf4fe5a8d5
reports/prd_integration/predicted_roi_attributes_v1/pattern_v3_hierarchical/pattern_v3_holdout_audit_template.csv,243,87968a0927e6bd28ab474cf51991323d3bae0f2ef71c9d4ee7c45090332e34b5
reports/prd_integration/predicted_roi_attributes_v1/pattern_v3_hierarchical/pattern_v3_predictions.csv,8634,aae0e39202610b74c0ff0b7399e7bdb731589d870a48d9e72797a296a8eed345
reports/prd_integration/predicted_roi_attributes_v1/pattern_v3_hierarchical/pattern_v3_summary.txt,1557,bbd7a8d2c1dd1a9310ac13971496707e1f1db246ca08227f322369a30a5c519b
reports/prd_integration/predicted_roi_attributes_v1/pattern_v3_hierarchical/run_info.txt,646,ad9514c517e0693f56d32c1a200f969c19e92a80f7e674e4a3285771877d4dfc
reports/prd_integration/predicted_roi_attributes_v1/per_instance_attribute_comparison.csv,2816,463cf267bf6fe7f728e73e0d5448b65e7c549a137842684839cc4f7172c239e0
reports/prd_integration/predicted_roi_attributes_v1/prd31_attribute_propagation_error_cases_v1.csv,2428,e4a91ace3f57976775488c4c8f7df06316744c1988e1a8a6aa3bfd05e36914a0
reports/prd_integration/predicted_roi_attributes_v1/summary.txt,999,625a59d6c6e73cf83795cfbcb0d47d4894afd54cd8c93018c3463047a258187d
reports/prd_integration/predicted_roi_attributes_v2/attribute_agreement_summary.csv,229,035920fb0fe3e2edff57977d2b7509776a75aea93ea1b01c24d63260d63b33f7
reports/prd_integration/predicted_roi_attributes_v2/color_v1/primary_color_holdout_audit_template.csv,175,fe88594d46b71b237416e6dbf6fd75bd1976bbd2a4ad88960f4e65bb0245ba49
reports/prd_integration/predicted_roi_attributes_v2/color_v1/primary_color_predictions.csv,4118,cff14ea1a31bf30b2b65fec88f3f02f884827a944bc569622b847b0b5d193448
reports/prd_integration/predicted_roi_attributes_v2/color_v1/primary_color_summary.txt,922,19b0d4b9ed14562ad4e31fccc494af0fcdda80d93a4480d47599ca632ca63883
reports/prd_integration/predicted_roi_attributes_v2/color_v1/run_info.txt,506,80afadf914e7236200fc6c50ab4d8031b5d21ffb135a851fcbb27f46fb34fff1
reports/prd_integration/predicted_roi_attributes_v2/design_labels_v1/design_attribute_predictions_v1.csv,4550,b7dd88329f307cd3483c9493630eba4b94e50c49111763fb944e0851d4e2e007
reports/prd_integration/predicted_roi_attributes_v2/design_labels_v1/design_attribute_predictions_v1.json,33638,f8d4991a3acf4382263e7e74be8a3a0f73cbce8df4a2bf0bf1e3bd95d9fd6b49
reports/prd_integration/predicted_roi_attributes_v2/design_labels_v1/manual_audit_holdout_v1.csv,7365,b7fcb92ef47ab8f447a76a4f453ce096743969f2d519b5c8d623cdb5f2d512f7
reports/prd_integration/predicted_roi_attributes_v2/design_labels_v1/summary_v1.txt,834,ee100c6a5f85a32dd1feda38a57a82e38b95752c3930a9bc747d27571e18336b
reports/prd_integration/predicted_roi_attributes_v2/empty_style_for_predicted_roi.json,202,b9495cbc2311cf9f86803ae743bbb61cc140fc255aa19f3b992c6140e5c8f9ae
reports/prd_integration/predicted_roi_attributes_v2/pattern_v3_hierarchical/pattern_v3_holdout_audit_template.csv,243,87968a0927e6bd28ab474cf51991323d3bae0f2ef71c9d4ee7c45090332e34b5
reports/prd_integration/predicted_roi_attributes_v2/pattern_v3_hierarchical/pattern_v3_predictions.csv,8160,8be126ee6e6408443cf85a2fc6d289451ae20a7ffa27c2f6ed0732febc3ea76b
reports/prd_integration/predicted_roi_attributes_v2/pattern_v3_hierarchical/pattern_v3_summary.txt,1557,893f46fffb48a27c0f364cab8516e2577b1845c121476606edbe196a1cb40859
reports/prd_integration/predicted_roi_attributes_v2/pattern_v3_hierarchical/run_info.txt,646,e9a800d98be7a50ce3e0443c8f7a6356952f27872faf0b718c09ab88288efa91
reports/prd_integration/predicted_roi_attributes_v2/per_instance_attribute_comparison.csv,2621,c57a6b779c23914cd456ea9fc69bd8e908c6049b9156763d44cc8252199d6143
reports/prd_integration/predicted_roi_attributes_v2/summary.txt,1222,ac120c8ef4582106ca8e80ab7ae8b1f4876081ebe82a94b127a73dbe68b9302f
reports/prd_integration/predicted_roi_fullval_matched_v1/matched_pairs.csv,6927,070a964d41f6d2918207654cc822ded15ee1d26b7c43764e868f2bf4833cf603
reports/prd_integration/predicted_roi_fullval_matched_v1/summary.txt,959,879bc7a53508f176802fd918717651c6dfbd01bb3e3efae1a8e55de7db2a28ad
reports/prd_integration/predicted_roi_fullval_matched_v1/unmatched_gt.csv,2690,6e19df9ef4f62db6a50d6c71ac14d83e3c3bec3a9e9ef84014a8b115221bd6a7
reports/prd_integration/predicted_roi_fullval_matched_v1/unmatched_predictions.csv,5706,f2548e497addbb18330233652ce1223cc73dd14b323898d57e8bee5f25cd2220
reports/prd_integration/predicted_roi_fullval_v1/gt_match_diagnostic.csv,8602,b750de861b672cdd4f5fb8951ecf022da19b55d27dc67374e5acae8f6036c53b
reports/prd_integration/predicted_roi_fullval_v1/pilot_image_selection.csv,2894,8acf976581cc9ed799d74f0b860b5be1b579359bc1858be4d08b213e6abdcecb
reports/prd_integration/predicted_roi_fullval_v1/predicted_instances.csv,27743,f833278b79739738d36dfe2367fe7484236a21367e7aa79c25802bd67ecae718
reports/prd_integration/predicted_roi_fullval_v1/summary.txt,1163,23fd34e61a0081e407731877126d2f64a73ea8a257a0411aba4910ba0799f8dc
reports/prd_integration/predicted_roi_matched_v1/matched_pairs.csv,3668,645959e04cdce322d025c90fb22ee15782a6ea5a0ca82050307d7b234c71a727
reports/prd_integration/predicted_roi_matched_v1/summary.txt,944,a80a6e821a199aa419a17e7f83c6e23ad902cc6a8aba2164c22220bbe2507729
reports/prd_integration/predicted_roi_matched_v1/unmatched_gt.csv,2389,308a39f223acf7ee927143b3f7cf15ea792c81a4e82cafd406fd5509517e58d9
reports/prd_integration/predicted_roi_matched_v1/unmatched_predictions.csv,4330,9f7279ee77ca14335fa43f16b000cc0b0ef6c991183522d27bea5065ae39e213
reports/prd_integration/predicted_roi_matched_v2/matched_pairs.csv,3668,645959e04cdce322d025c90fb22ee15782a6ea5a0ca82050307d7b234c71a727
reports/prd_integration/predicted_roi_matched_v2/summary.txt,944,a80a6e821a199aa419a17e7f83c6e23ad902cc6a8aba2164c22220bbe2507729
reports/prd_integration/predicted_roi_matched_v2/unmatched_gt.csv,2389,308a39f223acf7ee927143b3f7cf15ea792c81a4e82cafd406fd5509517e58d9
reports/prd_integration/predicted_roi_matched_v2/unmatched_predictions.csv,4330,9f7279ee77ca14335fa43f16b000cc0b0ef6c991183522d27bea5065ae39e213
reports/prd_integration/predicted_roi_pilot20_v1/gt_match_diagnostic.csv,5019,140cc0888c30557c210786863887c5661ffca04d5b495df264dc5ffd3f985b59
reports/prd_integration/predicted_roi_pilot20_v1/pilot_image_selection.csv,1800,4d2acbba12711b354f6c51495a055b8a6483948d33a0b2969873fb2ccb247cd6
reports/prd_integration/predicted_roi_pilot20_v1/predicted_instances.csv,16000,3ab6792a89f04074508df8b4c91794fcb0b2c5d5c2b119b693027cd74758e535
reports/prd_integration/predicted_roi_pilot20_v1/summary.txt,1160,862a1af4ed72f5c8858b69facf37d44e2e9395cd0f26819a5d75052589088d3b
reports/prd_integration/predicted_roi_pilot20_v2/gt_match_diagnostic.csv,10243,2407f809bf7da9f6427609700b7ebb6fb8485aadd6a18b0feed0be94bf888460
reports/prd_integration/predicted_roi_pilot20_v2/pilot_image_selection.csv,2894,8acf976581cc9ed799d74f0b860b5be1b579359bc1858be4d08b213e6abdcecb
reports/prd_integration/predicted_roi_pilot20_v2/predicted_instances.csv,32609,08821d896a0dcf2b3260e782a8b3f8c91488e0e93a670a0334ce2aee412349f5
reports/prd_integration/predicted_roi_pilot20_v2/summary.txt,1168,03c6ecbc5629dc2e46378a48aa668bc8a088758800c74ebdf3514525f8a2e398
reports/prd_integration/roi_mask_isolation_v1/A_gtbbox_gtmask/design_labels_v1/design_attribute_predictions_v1.csv,6866,d47b392d66cca4ca176fde2242ba58de87607d5fb897f05a41cbbedaf47bdfd5
reports/prd_integration/roi_mask_isolation_v1/A_gtbbox_gtmask/design_labels_v1/design_attribute_predictions_v1.json,53790,10f72d7fd215581d06b20f821bcc3bf79d118a7678867bfa406a77c2891ac2c3
reports/prd_integration/roi_mask_isolation_v1/A_gtbbox_gtmask/design_labels_v1/empty_style.json,77,3073f4b6133384552cedafdc16fda76986b346b2d1122118e8a78e5ed9c98f14
reports/prd_integration/roi_mask_isolation_v1/A_gtbbox_gtmask/design_labels_v1/manual_audit_holdout_v1.csv,11924,c48cfdc0806b34566410de1441683c353439b3d03c52dffe54b996e70259ecac
reports/prd_integration/roi_mask_isolation_v1/A_gtbbox_gtmask/design_labels_v1/summary_v1.txt,832,cd5aa6c5bfa039a9adeff2d254a8c14ace3c69e111c15dcf32d05bbdd346966e
reports/prd_integration/roi_mask_isolation_v1/B_predbbox_predmask/design_labels_v1/design_attribute_predictions_v1.csv,6882,36c0c3ff49a47d1a4630519c56846ddb48c88dfa6506a75318af08f3939accff
reports/prd_integration/roi_mask_isolation_v1/B_predbbox_predmask/design_labels_v1/design_attribute_predictions_v1.json,53824,efda56cc40be02b3f6b9c01c968213365b8561e687931f8819eda0d759ecbb82
reports/prd_integration/roi_mask_isolation_v1/B_predbbox_predmask/design_labels_v1/empty_style.json,77,3073f4b6133384552cedafdc16fda76986b346b2d1122118e8a78e5ed9c98f14
reports/prd_integration/roi_mask_isolation_v1/B_predbbox_predmask/design_labels_v1/manual_audit_holdout_v1.csv,11938,395f732d704cd1a4a005e1b06162a46c5e366a5134477de39f3180a9b1768720
reports/prd_integration/roi_mask_isolation_v1/B_predbbox_predmask/design_labels_v1/summary_v1.txt,842,139b379d03fca53aab9d5e7d558a34b90b756f26b3ab1c81ffffe800ccc91eb8
reports/prd_integration/roi_mask_isolation_v1/C_gtbbox_predmask/design_labels_v1/design_attribute_predictions_v1.csv,6862,dd3bfe08825bc85faa264da2ed4b2fc9b83fd503747962d226bb04b1d32040aa
reports/prd_integration/roi_mask_isolation_v1/C_gtbbox_predmask/design_labels_v1/design_attribute_predictions_v1.json,53789,99e29d71c4254c0c9e8d9ed2708c77a7de4960161ae84df0d6c52ed1e88a32d1
reports/prd_integration/roi_mask_isolation_v1/C_gtbbox_predmask/design_labels_v1/empty_style.json,77,3073f4b6133384552cedafdc16fda76986b346b2d1122118e8a78e5ed9c98f14
reports/prd_integration/roi_mask_isolation_v1/C_gtbbox_predmask/design_labels_v1/manual_audit_holdout_v1.csv,11910,a38eda50b3cdb03e57cc18cbe2220ccf16edb15c926c78f6f692b5b1720553b7
reports/prd_integration/roi_mask_isolation_v1/C_gtbbox_predmask/design_labels_v1/summary_v1.txt,823,dfb24bec06b3958a66356e049272b5c047f9d2f786175b9884b398eebcb6586e
reports/prd_integration/roi_mask_isolation_v1/D_predbbox_gtmask/design_labels_v1/design_attribute_predictions_v1.csv,6855,0c52f317b4d23f0d528334df7bff0d615c8ff746343538f5525b67d395bae12d
reports/prd_integration/roi_mask_isolation_v1/D_predbbox_gtmask/design_labels_v1/design_attribute_predictions_v1.json,53756,61dabe5eb479b6df2e5a1c868e17b47d4e1a2770d15028d403f92ca072467530
reports/prd_integration/roi_mask_isolation_v1/D_predbbox_gtmask/design_labels_v1/empty_style.json,77,3073f4b6133384552cedafdc16fda76986b346b2d1122118e8a78e5ed9c98f14
reports/prd_integration/roi_mask_isolation_v1/D_predbbox_gtmask/design_labels_v1/manual_audit_holdout_v1.csv,11911,7d3f02f188cd8a29c7d0493d217d92561860112bf89576d46234654a52868cb7
reports/prd_integration/roi_mask_isolation_v1/D_predbbox_gtmask/design_labels_v1/summary_v1.txt,832,2938cf41b655b188ea6bbe9b3baa70fe2f0e8f027ff81346f2d14e2dcecbefe6
reports/prd_integration/roi_mask_isolation_v1/attribute_agreement_by_condition.csv,618,095adc8f3aae1b22cdeaaa653e4594d7b9ee692c67742ac427971f59894356e1
reports/prd_integration/roi_mask_isolation_v1/per_instance_design_ablation.csv,4844,81bdff3df938a873ad44d2f789da573426c4993e1e243e13a3ee63fe114e122f
reports/prd_integration/roi_mask_isolation_v1/summary.txt,1493,59053240033e2ff0229d450a54a0c5ebc5da48692e0e6dfbfd3d8035d5074a80
reports/prd_region_coverage/all_prd_region_candidates.csv,24490,be54f31b368752c7ce1d1b7602d6a5185097315c2e3bf96754b2027b59315019
reports/prd_region_coverage/collar_candidates.csv,3249,1c74479242b5227e658efc05a69d43ad784317e46ddc9766f4d1192e026dfbf1
reports/prd_region_coverage/core_part_annotation_held_out_cases.csv,640,ac5553f422305a97d4e19d85564e57cce69a5b7dcd25a40d1c0d9bc4992cbd92
reports/prd_region_coverage/core_part_annotation_labels.csv,7134,a29fcffa95001acc6fdfeac41d6e5e203e3a59354bdcbff02bc2a71ecc2b8a52
reports/prd_region_coverage/core_part_annotation_labels_before_semantic_qc.csv,6953,26a9388993350dfa9046a7e08791d19d0c5cfef0b7a56fe0fd8625dadc88f7b3
reports/prd_region_coverage/core_part_annotation_pilot_manifest.csv,7361,bb1d9924883a9474c4ce941727acae2fcf920fa039149b9a0a674d44c1feaca3
reports/prd_region_coverage/core_part_annotation_qc_summary.csv,1917,d68bc7081a3c82e3e6e6683dd1765e9812b6458482417c2ad3182cf5a1181e0c
reports/prd_region_coverage/core_part_annotation_semantic_qc_flags.csv,1709,7cdcd0af101f49006f52c3a6c6020f4e60c94d961f19e08e68cf9bd5514c7c41
reports/prd_region_coverage/core_part_detector_split_v1.csv,2736,1ea66847cc8e82b04289cce75b2a1d381fbe928cad4df14bf4973cb2b743cba2
reports/prd_region_coverage/core_part_detector_topk_diagnostic/checkpoint_info.csv,129,440bef9d66b9324d5e17d2d5a3921a56ff1f92f0fcf6ddd8b0a32014738e6b7c
reports/prd_region_coverage/core_part_detector_topk_diagnostic/experiment_notes.md,1183,c1bac58e8c5e4df6dce42a5094f68f3ca65b4d404bc4e47f4babe513a5680375
reports/prd_region_coverage/core_part_detector_topk_diagnostic/gt_rank_summary.csv,728,9d62885304cc3db198344900ada92f65dd4fd7a534e9176d74654f630697491e
reports/prd_region_coverage/core_part_detector_topk_diagnostic/metrics_by_split_topk.csv,1820,c40441989e8d2a7a2a41ea1812b3c3f317d7cfbcccb8e52245f6f1e4d62cae91
reports/prd_region_coverage/core_part_detector_topk_diagnostic/per_gt_topk_diagnostic.csv,19469,7d9c7b5519d3af88fba231aabc86a925a6d0cc7d8d91edd56661ebe4587c68aa
reports/prd_region_coverage/core_part_detector_train_vs_val_diagnostic/checkpoint_info.csv,129,440bef9d66b9324d5e17d2d5a3921a56ff1f92f0fcf6ddd8b0a32014738e6b7c
reports/prd_region_coverage/core_part_detector_train_vs_val_diagnostic/experiment_notes.md,1063,97a8d949a97a5c865628cd42b11fcaf52684aecd38a100123689300d8ad2d1cd
reports/prd_region_coverage/core_part_detector_train_vs_val_diagnostic/metrics_by_split_threshold.csv,2312,c38b6ea9860d0cbbb80c68687243cfeb9807b2ee0c1c8db43eeefe89761ab243
reports/prd_region_coverage/core_part_detector_train_vs_val_diagnostic/per_gt_diagnostic.csv,46738,38ba44d1d776f767e654b655c1ffbfd321135d639181607074a4acc052acb0c3
reports/prd_region_coverage/core_part_detector_v1/best_val_metrics.csv,225,91fbe3c1cc9219e14efb848db506da43b7af05d52811ac32575631a60fb0eb9c
reports/prd_region_coverage/core_part_detector_v1/experiment_notes.md,1002,2082a0ee76d4f4b86edaf48f9bb8229dcb66e440feea4d2bc775b0cf68e86688
reports/prd_region_coverage/core_part_detector_v1/training_history.csv,260,9583b3e1fe157e3ac259b6c21b05427a4ece3a12c56999446e74dd477506ffce
reports/prd_region_coverage/core_part_detector_v1_diagnostic/experiment_notes.md,359,59a6908d2aa87f9db1ce929690986845652b6e6022739ddf63be3cee7c793c5f
reports/prd_region_coverage/core_part_detector_v1_diagnostic/per_gt_diagnostic.csv,3552,a5ade7cb8a272f2a1bb58f4b3aa6fcd61baf1c91834dd63e39d03d201e8309a1
reports/prd_region_coverage/core_part_detector_v1_diagnostic/summary.csv,161,84208a65128d41fa7d633a68588facf6127b5122db461221d4c0fd365ba7b894
reports/prd_region_coverage/core_region_spatial_hr_15case/case_results.csv,8583,cdaec1db161ece1d47bb410515dc4bfd28a1622e2e88b8e5a60162395126cd00
reports/prd_region_coverage/core_region_spatial_hr_15case/core_region_spatial_hr_manual_audit_final.csv,2728,9b285493b625d4526768f764ee234fe8b3be924a717c4eb8e5a1dcf7380e7554
reports/prd_region_coverage/core_region_spatial_hr_15case/core_region_spatial_hr_manual_summary_final.csv,425,00b870b9c54f3436203775554c2d74e0d50bc78e3033e9530d8c2ca0ab3876f8
reports/prd_region_coverage/core_region_spatial_hr_15case/core_region_spatial_hr_manual_summary_final.md,1579,aa5f35c9016b1da53f38684b1d9fcaa978b84ad2fe31908e38ee56d4c0219d00
reports/prd_region_coverage/core_region_spatial_hr_15case/experiment_notes.md,1226,7c966c8a94fb14b2cfd2ff6e91c1d8283ec157f89079cee4ea9270c0bc1618f1
reports/prd_region_coverage/core_region_spatial_hr_15case/spatial_hr_manual_audit_template.csv,1406,853d9d928a8df5b54cb3aed3cc4286aae9f8f75c4c199cdafddf58868d17b437
reports/prd_region_coverage/core_region_spatial_hr_15case/summary.csv,480,03554ffede691296dc31edaa0cab7a6b9eba568cf50d3237b89d39ac3d1f283c
reports/prd_region_coverage/cuff_candidates.csv,3124,3ac055486e2f4d0db105a5ae8951ef216d9afa7c3725fb64bd6f39ed92446de8
reports/prd_region_coverage/decoration_candidates.csv,3467,50869f0eb76494e92f702896c438e084d8af6099c08f35f46699ac167ba76d4a
reports/prd_region_coverage/formal_case_results.csv,12622,27d60e0e52760646a86ea8822660bad58be9018182cb68cfb4e438c1090e6051
reports/prd_region_coverage/formal_manual_audit_template.csv,3839,aac9e85a8dc7bab7f422c020ab0b34a11f3731221ade2f2bd0195e1e8e8493e8
reports/prd_region_coverage/formal_summary.csv,412,c9b4c127028357316f68a92c2768f6f544da15a0cf778ea5365adfe514e644aa
reports/prd_region_coverage/hem_candidates.csv,2978,ee9a8f16ddc6cd98fd3ea523c82a1fe15cb172bd0338dd3173b0152ba5213196
reports/prd_region_coverage/pattern_candidates.csv,3237,63d10bcfe79b71def84742db43590f83fbf7c4b56211dd9b9b1bd3e53e6afc08
reports/prd_region_coverage/pocket_candidates.csv,3125,7b9384de785647fe05997b65816a78ea15d6f9fca8ae81f2ecd998aa23e7bc76
reports/prd_region_coverage/pocket_decoration_prompt_scale_v1/case_results.csv,3206,5304743325990f640ea1f9911519e64be79ffbe6c6a871bec447a45c692fc5df
reports/prd_region_coverage/pocket_decoration_prompt_scale_v1/condition_results.csv,57742,951e45ef3f40f08542ef6c2003b336c90152dc528f5d6310735dc95388694af1
reports/prd_region_coverage/pocket_decoration_prompt_scale_v1/inference_summary.txt,759,6407d198e9a93d9438a074635c4aec71b86a6ffb1b5b6928123db99876052223
reports/prd_region_coverage/pocket_decoration_prompt_scale_v1/manual_audit_template.csv,1038,76fd2345d15b14b2c485dc40ad5b38d2fbcd3cdf65237b8db5e6d96b5ee1e5e0
reports/prd_region_coverage/pocket_decoration_prompt_scale_v1/parent_crop_resolution.csv,2433,b179942bc5ae277b3f8acb738740f6a3af3537cbdb56e0a475303f50a12326f8
reports/prd_region_coverage/pocket_decoration_prompt_scale_v1/selected_predictions_contact_sheet.jpg,378947,848529bec84b0514be3047208662749d2d20c3afb91a52a4b8c5c4922a5c598b
reports/prd_region_coverage/prd_40case_formal_manual_audit_final.csv,6518,c1c2f3ec55c887bcb6ea104e03200028afa760174cc0475fb3f6383229d02a11
reports/prd_region_coverage/prd_40case_formal_manual_summary_final.csv,526,355b14e6dcf6bb4ff71e841d9c89b72dfbd1b6a61ab6233dba189304a91c89ce
reports/prd_region_coverage/prd_40case_formal_manual_summary_final.md,2039,476b785f783fb19934bb112c46c45171d8659fad6d9ed32caf26c2bd38e27a0b
reports/prd_region_coverage/prd_40case_verified_positive_selection.csv,2203,e4ee80f1ddf28e85da9cdaf72e567dc2facd04450257409f25c02f128bfb982e
reports/prd_region_coverage/prd_region_availability.csv,605,554d29ad8c32d3395db5dee28a29320cdd5287639f72dae468cc32b6206d3fc1
reports/prd_region_coverage/remaining5_diagnostic_v1/cases.csv,8391,6f73540599f237dc1b89a9fe36dd8f226e4e3609d87eeb1e44148fc6e1b36dd2
reports/prd_region_coverage/remaining5_diagnostic_v1/decoration.jpg,76447,09f48f58d07436e00c869a5b1bdbcae0ac17e82153d3ba222a3e5e6a7c846c47
reports/prd_region_coverage/remaining5_diagnostic_v1/pattern.jpg,95643,bf3d4213a4be4d8f711002bc6a753810fa4cec7b2bab8ac0dc3ed340c7a25b39
reports/prd_region_coverage/remaining5_diagnostic_v1/pocket.jpg,73229,21bc21c7842a4b8cbaed30da215dc0856dc5e4a32da889d842dc272e5edc4a82
reports/prd_region_coverage/remaining5_diagnostic_v1/shoulder.jpg,88897,a0793370c7642f7c28bb4a6988310e813e5ebf4e8e1b89b126b24296b6157cbc
reports/prd_region_coverage/remaining5_diagnostic_v1/summary.csv,360,666ea18d08c4a33b4393419d49e0521d1716c3f6a5678eb6222ca7a493cc80ef
reports/prd_region_coverage/remaining5_diagnostic_v1/summary.txt,989,29c7758772925cc3f0019f449fc57070982096c24ead0fe7483131381e0e2213
reports/prd_region_coverage/remaining5_diagnostic_v1/waist.jpg,91694,19102d227a8c5d98782821ad75f869b1404343fbd3564d812eadbeef9cf0a97d
reports/prd_region_coverage/sam_refinement_9case/case_results.csv,1884,5a916bf2915aba6c4ff09524126a493f45ab32efeec5f5a7b2b5e0b78dfe7254
reports/prd_region_coverage/sam_refinement_9case/experiment_notes.md,920,fc2cb38232306d362ccd2afd2550b93d68f1224e3a3b70f2c587e24364cb0d77
reports/prd_region_coverage/sam_refinement_9case/manual_audit_template.csv,743,845f43e74b5d0f9f9863412abdb99007a66aaee938c7185d328743a4e58a8fa7
reports/prd_region_coverage/sam_refinement_9case/sam_refinement_9case_manual_audit_final.csv,1597,1fb2a29325ec03925582bd0b5feec245ed2bbaba0fef3959d14b2fc501c964fa
reports/prd_region_coverage/sam_refinement_9case/sam_refinement_9case_manual_summary_final.csv,482,70dec398b73b8e17842eee1a0819003418a776e32c9bb4e6387e09881eb4b3f5
reports/prd_region_coverage/sam_refinement_9case/sam_refinement_9case_manual_summary_final.md,1723,ccadb0b7414c298973179100fda95e452bf116143a5ab9bdd35f10922e9fbd61
reports/prd_region_coverage/sam_refinement_9case/summary.csv,320,9211ec4681df590887bfafdfaa6d909b51bd987260222528d75d77fc2d56947f
reports/prd_region_coverage/sam_refinement_9case_selection.csv,165,071bba06ceedf9b83c2157946529b73cc019b46e18df4fa94e23c9d9ac1e531a
reports/prd_region_coverage/shoulder_candidates.csv,3377,ab2768a3ba3e563e417f420c0322ffefd01978ec1e175a4aa2fa5531ad833d39
reports/prd_region_coverage/shoulder_waist_pattern_refinement_v1/case_results.csv,5460,7d6b1511fe148d376155805f5dcb0ce7af8438e5c1a8b50c0d96b6d9518bd28d
reports/prd_region_coverage/shoulder_waist_pattern_refinement_v1/inference_summary.txt,695,10f00fdd1ecec6943bda519580f34ffcbe8c1acc91058034372b1969e97bcce0
reports/prd_region_coverage/shoulder_waist_pattern_refinement_v1/manual_audit_template.csv,1315,7a713c9d90313d26d1015ae0b65f384fea2b7d3bbd248f9a71c613879fa3d49b
reports/prd_region_coverage/shoulder_waist_pattern_refinement_v1/parent_crop_resolution.csv,4668,ab277ed1a893ae6c40bae1e3c152fd8b53cbc8fad53db9265e766bbc3556b983
reports/prd_region_coverage/shoulder_waist_pattern_refinement_v1/refinement_manifest.csv,8438,152f3715951976fdb01e79ceb742e5bf37e87059a22f166d6b24d4bcaff988fb
reports/prd_region_coverage/shoulder_waist_pattern_refinement_v1/refinement_windows_contact_sheet.jpg,635496,00ef44b17b1b3a225b39642ad2c59d2ca0a4bfba2347572bd3be355505d670f5
reports/prd_region_coverage/shoulder_waist_pattern_refinement_v1/selected_refinement_contact_sheet.jpg,566896,6902560c4867bbab3733717f4bbb148400cfa9db9816cd2e7d21464406e73b28
reports/prd_region_coverage/shoulder_waist_pattern_refinement_v1/window_results.csv,17826,7c691264689f8c7221a201b8af1d57fa272d408e01fa0c5d7d3bf5e795421dd1
reports/prd_region_coverage/waist_candidates.csv,3088,d1e984aad3a487856f0a51b044ab500a3d2e0de90e83312c723b468449b9a08f
reports/prompt_diagnostic_2026_09_14/case_results.csv,13499,22347b654c2537cb62b1a48cb669909378b93431d3dc315c020e708ecda05b38
reports/prompt_diagnostic_2026_09_14/selected_cases.csv,4789,edd2260eecf81eb30919e85e2bacbdc58e3253a1c0d06b44700338fd189cecf5
reports/prompt_diagnostic_2026_09_14/summary.csv,940,e3de5d6f0e30116dec8257560cc6e9dc4e5a7a3c8cdee6b5346e53b2e7c84ea6
reports/prompt_variant_summary.csv,1092,bf523286e5193d5223004fa7a89a98ae1576f1da184173c3037e1711d3c4a51a
reports/roi_conditioned_grounding/roi_conditioned_audit.csv,1100,def796778351819c1895b71fa1fc6835c7a49089a6cc7b9ed6bcb28d00b0c552
reports/roi_conditioned_grounding/threshold_0.2/roi_conditioned_audit.csv,1260,828fe119c3db8dc0081fd32c0bb61a36e9a4cdb9f14cd5f41ba8ec1e0e3967c9
reports/segmentation_first_diagnostic_2026_09_14/case_results.csv,20655,59124d64c2fbc7ef8468791c50fd61067604c2d0ab1a360a34529a1a5cd42dc9
reports/segmentation_first_diagnostic_2026_09_14/selected_cases.csv,4789,edd2260eecf81eb30919e85e2bacbdc58e3253a1c0d06b44700338fd189cecf5
reports/segmentation_first_diagnostic_2026_09_14/summary.csv,943,82dccb463e1fb8b444efc68614d02b9164a9069a4512f1dabb26d8989d5e6c7a
reports/shirt_area_summary.md,180,93d222d39b8882d54bcf4a59a1474f936ab31be31aa878d6458870d77de04f2d
reports/shirt_collar_area_summary.md,180,bf69bc1385466a9d71b797374449604edfc34fbed8b9e646c9afc911cbf13b3e
reports/shirt_sleeve_summary.md,180,0f70cad3d901727b84bd28d95d154a49fbf0b20768e9bdb440276824cd386ed8
reports/sleeve_cuff_summary.md,180,0beaaa944f0d7badb84e0b30387f47c9e2f5e5fad70d9de4c30060d29a7caefb
reports/small_button_summary.md,180,9ef0ebc4476a3e706f2c811876348bea67c601d19eea49dfef8a5e2ffecbdbd0
reports/target_balanced_candidates/button_candidate_review.csv,15096,587aed24c71931bce0f24a3edb8f683dbbc48d840bb15948ea00b0724a94e257
reports/target_balanced_candidates/candidate_sampling_manifest.json,541,103e3563cc121221b6243c9cb3b7627dea2e006b6e015b4a86282bae617a96ae
reports/target_balanced_candidates/collar_candidate_review.csv,10095,1fecaf9eb881b7b2989896671dba734047ec823b3f6f1eadfe16848a6caf0a54
reports/target_balanced_candidates/sleeve_candidate_review.csv,6407,fca98ca713c38abf064c566c2fff6235d73f562b2d4bccd208f86f720f90d416
reports/target_balanced_candidates/zipper_candidate_review.csv,24728,16335db9eac0cfe330bb8b15783acf1cbbf41a9a64e1fc296b68c631ea11106d
reports/verified_positive_benchmark/verified_positive_benchmark.csv,20251,d9844e63748c08b762912a0a01471cb5cba6ab6abe8aeb2e27fedb69691ec6fb
reports/verified_positive_benchmark/verified_positive_manifest.json,748,a768d51844894e18659df7fab9394d8821e3f9f646bdad09cc733e8f4ed018a5
reports/verified_positive_evaluation/case_results.csv,5841,8f1c3161ce52df97cf9b7a67a66293592b0d3c2fe28b5aec2a4ed711aea3229c
reports/verified_positive_evaluation/evaluation_summary.md,1684,32a61e47cbb9493f310363e13ca2ee20b37598e5b97937d8edeea40ddc713eb8
reports/verified_positive_evaluation/final_analysis/verified_positive_v3_analysis.md,1250,ced16e33a405ddfc934c21725fccaf4e89cd432a5c60b71138a8cae8fc7313d7
reports/verified_positive_evaluation/final_analysis/verified_positive_v3_automatic_summary.csv,1126,6de43e81e881c882e256900f6069a554f004d5026389affeffd076eff97be116
reports/verified_positive_evaluation/final_analysis/verified_positive_v3_preliminary_audit.csv,11672,0629361417ef64b80f81569ccad5afcaac08393e6b2844e0e726df7947cd2d06
reports/verified_positive_evaluation/final_analysis/verified_positive_v3_preliminary_manual_summary.csv,839,c2fff7124788c1ba24c6fdad0ac936a7cf06a5597ffd7c5cf9b370ac0baf78c0
reports/verified_positive_evaluation/scale_group_summary.csv,601,25cfe6ed6a03dbe72508b5959c58e38c76fee3c62580b2e9a9a34f4deaa341e5
reports/verified_positive_evaluation/target_summary.csv,1085,cf6bca92c1410e1af3bfe360c5b5753493c34a861ac3df3a7578f362cd2466dd
reports/verified_positive_evaluation/triplet_manual_audit.csv,1240,c91ac8006c35632d053cd7da437cd278dc10a5468684fd7e277e06f6f003d1b5
reports/verified_positive_evaluation_pilot_v2/case_results.csv,12979,36010fdf429bdfd40a3073dd929963eabbb6b46bf8ae9f8f141b182f27ea5282
reports/verified_positive_evaluation_pilot_v2/evaluation_summary.md,1685,e0a43c9e8dd3ecbbf31bfa6b3dcdf75207914445a0e0d67d06effb54c0bd912a
reports/verified_positive_evaluation_pilot_v2/paired_manual_audit.csv,622,6d594e5c6c9d02de72fd1026d43088f5acc23b799a9b81b31ca4a821a83e7118
reports/verified_positive_evaluation_pilot_v2/scale_group_summary.csv,607,0738026b3e3e2c1c2ca5eea3ab16f757dbeb7d410c315ddaf95114ac3f30c63d
reports/verified_positive_evaluation_pilot_v2/target_summary.csv,1085,0085c2c970a46b3f1bdd048081607d674654cd8a414280f1ab9ca215f1ff7f02
reports/verified_positive_evaluation_pilot_v2/triplet_manual_audit.csv,2614,645c319dfa85d21951c73006cb28c954fc8e02174d3838fc3207a18c3b149c10
reports/zipper_summary.md,180,e79c8f67fb29a12aa9f7f151bff926cdb3ba55c7689f0dc8f2fd82bb9d6981b9
configs/.gitkeep,0,e3b0c44298fc1c149afbf4c8996fb92427ae41e4649b934ca495991b7852b855
configs/attribute_schema_v1.json,1790,8b67528953acebd01309b370824f3d6a70391fc42a5ee32c072f3f147afb5ea9
configs/attribute_schema_v2_per_garment.json,1744,1b7b33ecedf5c08500efa826573edfc009b4dbf30163157f97984d7a2b67e6ce
configs/fashionpedia_missing3_pilot_manifest_v1.csv,41643,185194061e5895d1bde9c66fa720ff39e02ac86f8bcdf3662d0572db9320f0b6
configs/fashionpedia_to_prd_8class_mapping_v1.json,969,c40b58c69c2dc6d49edd2a5ddc7c9555c51db3d6f13f3c1c2e25329f0d58e1de
configs/garment_instances_gt_pilot.csv,802,cd252f10cde89bd7dfab5716d195428900c090c2280088e70049377128789181
configs/garment_instances_gt_pilot_100.csv,50688,e642a60b441c1eb901770dfa2b0b27c1654d220bac8af55018baaabf1982e9a5
configs/garment_instances_gt_pilot_20.csv,11507,8458ad6a378b3291baeb8244199a46bbb0a9e54cf5279f40255a983294c2ebb8
configs/garment_instances_template.csv,295,8e930cd4b1f73dfb3eb401724826a0ff8df2a776df79d77b308dabea9146822e
configs/prd_3_1_ablation_A_gtbbox_gtmask_v1.csv,10872,adf5dd6059e8e94dd5ef4220c193147808a9b422660025eae2399b2ec322bb40
configs/prd_3_1_ablation_B_predbbox_predmask_v1.csv,11317,c3856fee0634b14c0bba0dd337d95471ad25854214cac49d46e1323124eb8d16
configs/prd_3_1_ablation_C_gtbbox_predmask_v1.csv,11092,9bd28a9ae11a8be9a0730087e31dbdc27d071ed96ee0457ad31dc9764507beea
configs/prd_3_1_ablation_D_predbbox_gtmask_v1.csv,11097,5b04e7e88b1bd3f617c7c2dc28d324558e9ac48e2bd86dbcc2aea4dbbb59b5b2
configs/prd_3_1_predicted_roi_fullval_matched_v1.csv,11501,9676e67facec09fc78074669abe45132c79b8be21d2cafe6acca8977eae8281b
configs/prd_3_1_predicted_roi_fullval_v1.csv,27743,f833278b79739738d36dfe2367fe7484236a21367e7aa79c25802bd67ecae718
configs/prd_3_1_predicted_roi_matched_v1.csv,6800,b178e05731a5000341314e81f4c531d199ca69769db966ae8ac6458ecb05e5fc
configs/prd_3_1_predicted_roi_matched_v2.csv,6210,00efd728fd537273f6a19f6b7313df72a98e11c41979d3a02685db50b37bff3a
configs/prd_3_1_predicted_roi_pilot20_v1.csv,16000,3ab6792a89f04074508df8b4c91794fcb0b2c5d5c2b119b693027cd74758e535
configs/prd_3_1_predicted_roi_pilot20_v2.csv,32609,08821d896a0dcf2b3260e782a8b3f8c91488e0e93a670a0334ce2aee412349f5
configs/prd_8class_train_v1.csv,79941,393f0d92eabf2f76feba465be9633fb5b630c960216f6efd42a01ef90e47fd11
configs/prd_8class_train_v2.csv,155372,41655563942eab73bee45beda4002092e18d02c065f6ea1dafb2ba5276cbc253
configs/prd_8class_train_v3.csv,214492,bac77dc5a9afd3a9a80dd60996d741ad40bccb0aa8e0ea307a816acea47f394c
configs/prd_8class_unified_manifest_v1.csv,99742,71c66efd07f274b8ea4558b944320691d6b2cb6686ae4c7ead38248928da5e81
configs/prd_8class_unified_manifest_v2.csv,99742,71c66efd07f274b8ea4558b944320691d6b2cb6686ae4c7ead38248928da5e81
configs/prd_8class_val_core_v1.csv,24098,081fde4c22e8e3ecd7bba44dc5b52031056ab98ca21995637a5dbe5a05a3b268
configs/prd_8class_val_v1.csv,20074,b6984415c31bb2060f230e78e0e8a12dfa011122201e29bdd3dc028928476ba1
configs/small_object_resize640_test.csv,0,e3b0c44298fc1c149afbf4c8996fb92427ae41e4649b934ca495991b7852b855
configs/style_feature_schema_v1.json,3617,c0e845be0d9d464bba409913e5a97eb9c648a1449f5e0ec79339726b5f93ae20
outputs/garment_instances/gt_pilot/002278/item1_sling_dress_mask.png,1462,cc3cc393822213d001f3c5895c50b61254737ddcd0283bac368d0113892b9f90
outputs/garment_instances/gt_pilot/004648/item1_vest_dress_mask.png,2642,94952782bc41ed2c14cd9aebe6c727baae4ab566ad78ad40f2a0a058981807a7
outputs/garment_instances/gt_pilot/006491/item1_sling_dress_mask.png,2391,b951966caec62e657daa67125286f6e4ec78d88647785541df776a89c22e4c5b
outputs/garment_instances/gt_pilot/007984/item1_short_sleeve_dress_mask.png,1432,3c5bdee42f9bbbdb3ea1d723bd2e54bf2342e872eb9d13f9381f7555de9ad828
outputs/garment_instances/gt_pilot/011261/item1_trousers_mask.png,1219,c5c72b0e1a783e5d436d142fec8903292e32096abf09373107d7edc75602a914
outputs/garment_instances/gt_pilot/011261/item2_long_sleeve_top_mask.png,753,3798824d3c92d6648e9a62a79a44ca431f9e5026aea67818cd36d9ba2bd13917
outputs/garment_instances/gt_pilot/012116/item1_short_sleeve_top_mask.png,1060,9bf40a9e7156ad5476dc74dfe6a2490aec85a32f161e2999ee7d76b78d64fc15
outputs/garment_instances/gt_pilot/012116/item2_trousers_mask.png,2096,32e05670d0cf3d6d1209267b8af03e56d886776a83e211609dee2fb8e1a827fa
outputs/garment_instances/gt_pilot/012707/item1_long_sleeve_top_mask.png,509,7757fd112c6e551a20c5c71ca1c1d3a12296c15ff387b10d22e8bb4077b788ef
outputs/garment_instances/gt_pilot/012707/item2_trousers_mask.png,1231,a1929735f2347095e1398dc8a83afb8204390f38e14f2213fa21b7c2a52aa7c6
outputs/garment_instances/gt_pilot/013010/item1_short_sleeve_top_mask.png,585,3774e3f36456784420280a08cc35b836ee3736499167729914b8583fbd5a3504
outputs/garment_instances/gt_pilot/013010/item2_trousers_mask.png,1073,87beb81fced86045cb71e25318329d6d9fe222a5f57e94820ec68130b728c0f7
outputs/garment_instances/gt_pilot/014031/item1_short_sleeve_top_mask.png,1469,4e00735c57fd36fe3571a7fa12087acdfc03c940c83728305b88c3b95f851080
outputs/garment_instances/gt_pilot/014031/item2_skirt_mask.png,2210,994bb9fd796d55ae99985ffcc1436942596c4e862217a705953d856f857c9c73
outputs/garment_instances/gt_pilot/015031/item1_short_sleeve_dress_mask.png,2002,990fe816a9c2fd8e1a5d557809e6bc87dc3b5df45c1a91889c5f0cf5a1004eac
outputs/garment_instances/gt_pilot/019779/item1_short_sleeve_dress_mask.png,2216,adfb5d32c9c934bbbac03f8c4534e2f7742844398a5294efe00946d6d44d25d7
outputs/garment_instances/gt_pilot/019817/item1_short_sleeve_top_mask.png,313,cc84c3a6ee808809992385986b3aa9fbaa0378749a43913ec0b40b8d1e93b6cc
outputs/garment_instances/gt_pilot/024726/item1_vest_dress_mask.png,552,3dda74279a7cebafee47e81f115904f037848671d70265a5ec99cdb2e5e6211e
outputs/garment_instances/gt_pilot/028454/item1_short_sleeve_dress_mask.png,1684,fefe9f018a3dae15f961bac7c5b0f631fe589dea69522d461214fdf190a490a9
outputs/garment_instances/gt_pilot/028454/item2_trousers_mask.png,1006,16d4e031a4e237081731cf362da83c789c3877d6d61a947612d6aa980fd81ca5
outputs/garment_instances/gt_pilot/030559/item1_long_sleeve_dress_mask.png,1013,1d29944c431c67360e2a213a15b10ed0e860a8007eb79932ef8b942ec9f96a16
outputs/garment_instances/gt_pilot/030559/item2_long_sleeve_dress_mask.png,811,c0459c7550c271e4b142baeb768dea63dd247f58497955ddd587846d4fe10acb
outputs/garment_instances/gt_pilot/030847/item1_sling_dress_mask.png,2329,06063d5b3c3d92572428380bcdd438b19a72c397a52e3055e09e19f09ffd4a14
outputs/garment_instances/gt_pilot/032014/item1_skirt_mask.png,2462,254e461a75d44f8c9886ee54a79351ff41bad798f60e85ca201d7bb51fe594b3
outputs/garment_instances/gt_pilot/033528/item1_trousers_mask.png,1623,1eb07a68b26c436e96171e5b3cb47b19c0d2df115d935b3dd374e7f303a7f0a0
outputs/garment_instances/gt_pilot/033528/item2_short_sleeve_top_mask.png,1643,2a81bc07851ee90a23a669feb6260dc5ded2c59637ad4d202f61e598fdad4dd3
outputs/garment_instances/gt_pilot/033828/item1_shorts_mask.png,1091,51efcb89261ec53623388590f8bf721ccc66d93787da9e4ce29106420eae8d55
outputs/garment_instances/gt_pilot/033828/item2_long_sleeve_outwear_mask.png,5663,8a280654f3250028e31296c62c7431321848e7a43b8b91fe75fdd58966c52970
outputs/garment_instances/gt_pilot/039388/item1_trousers_mask.png,1889,5849c44c6a2dd2365087d0cbf63e0dca086528f9928313d0cad394aa09c2cec8
outputs/garment_instances/gt_pilot/039388/item2_short_sleeve_top_mask.png,767,80202fd2b78968659a7c4cb98cbb699a1211124906a588b44b61374132b262c3
outputs/garment_instances/gt_pilot/041727/item1_short_sleeve_top_mask.png,2218,146f92e252704f0729f20100760f5988f8c9f503f534313bd282a09ec872a490
outputs/garment_instances/gt_pilot/041727/item2_trousers_mask.png,1106,9ef79ca5e638769f3d62688888880465731d627a0b4027ede22a6d14f290f8e3
outputs/garment_instances/gt_pilot/043479/item1_vest_dress_mask.png,1498,b597d2abc8a150294771d29ac2036aa3542d98e3b4da8be97b968f7e1074f91c
outputs/garment_instances/gt_pilot/043667/item1_long_sleeve_outwear_mask.png,1328,597e8f714919cc17b3d8a5a3601d447fe65e4f67346ece4b1c8c665a7eab0077
outputs/garment_instances/gt_pilot/043667/item2_shorts_mask.png,423,53d46be4da7d14562389d4f1467c26f534f6a1dd723fb8818637262d26516f62
outputs/garment_instances/gt_pilot/045372/item1_long_sleeve_outwear_mask.png,2734,b549d0c58e451f21fb0affaf4ec1fd71822b22aaaa870cb4b16ff4bc2c2aa51c
outputs/garment_instances/gt_pilot/045372/item2_trousers_mask.png,1485,78cb368866aac30243c978a9eb605deda30e9d119cb1c3554fd9eb3c3ea1a287
outputs/garment_instances/gt_pilot/047774/item1_long_sleeve_dress_mask.png,2790,3ae54ec368e4939e6d70dd539b588c559b6686e6e9eb6150dab4a3a7cb3c04a3
outputs/garment_instances/gt_pilot/049798/item1_skirt_mask.png,439,de999be264f9b29678c16c70f886bd43a0d6ff06c1565a798e02905a5eca4ea3
outputs/garment_instances/gt_pilot/049798/item2_trousers_mask.png,1175,9f558a43301ee5a03f678c1b272a8e49ec4ed4639b2f2d7f623e35987b58e16e
outputs/garment_instances/gt_pilot/051719/item1_trousers_mask.png,3342,7de2d87ed9d868366b29b683d7bac70b923faa13a760f507c7e79f75837212e5
outputs/garment_instances/gt_pilot/056556/item1_long_sleeve_outwear_mask.png,2505,7ba4ff843fab5d5ec328272a1fc1abc17d98670063774947053410941784cc82
outputs/garment_instances/gt_pilot/058225/item1_trousers_mask.png,1766,945afa543087426cfd4893939f88fe53f61b5d8bb25ae579119a150eff18b56a
outputs/garment_instances/gt_pilot/063238/item1_trousers_mask.png,1282,a2589dd601a6c867c2580bde7a94e2ece7915afc2ab2f5ab4661b2da7d7d2f0a
outputs/garment_instances/gt_pilot/063238/item2_long_sleeve_top_mask.png,667,55e5eb910527033450bdcc1fbe194f181d947478b09827df1667b1a463f1ca4c
outputs/garment_instances/gt_pilot/063723/item1_vest_dress_mask.png,2064,6ba39a5884841fb8e1a19ac74097bbac986e7c8c0445b0dada37df7e9f00d013
outputs/garment_instances/gt_pilot/065162/item1_trousers_mask.png,1360,957f356a1d96e6f0eb4ab9058d1c8dce1df23d0085a059c3ae2c044c2f1db5b0
outputs/garment_instances/gt_pilot/068031/item1_long_sleeve_top_mask.png,625,6b34cb9d208540d800185356bd5cc8acb6be1e2d0d67ca3f8e8c33c0f4b20efd
outputs/garment_instances/gt_pilot/068031/item2_trousers_mask.png,660,e08fd9f850899dc00744053538e812c482dc761739d59fa293386f9b4b9e4805
outputs/garment_instances/gt_pilot/070475/item1_shorts_mask.png,711,e26cc68cec7e49d0c5853409db4e97930b47560d274680b73699d6dfb63e4319
outputs/garment_instances/gt_pilot/070475/item2_short_sleeve_top_mask.png,590,753fa727f3c664bb54c9d572b5fd3e85d6ff45103cabef1023b170ec537a4d87
outputs/garment_instances/gt_pilot/073497/item1_trousers_mask.png,1315,5a0ea3453afa7ae48084c4c69ecee63aa48b05e80a77bf4e3f7d82897621dbe7
outputs/garment_instances/gt_pilot/073497/item2_short_sleeve_top_mask.png,453,b04359b4f5723bd88836e568cfb68cb5c72834f509e2b2dd3d92769351f51827
outputs/garment_instances/gt_pilot/078693/item1_short_sleeve_top_mask.png,1165,86c2c51955b6d3491ebaff06eae9c1dd8f8d40900ae09fd56761c74af6286eb2
outputs/garment_instances/gt_pilot/078693/item2_skirt_mask.png,1161,fa92e18a9d01d790c968e3c77dcf6311d09feb78b8eb2b81041c527358d3425e
outputs/garment_instances/gt_pilot/079537/item1_shorts_mask.png,396,bf0f1629e57a00836ffdbc1f542c8a3c7397accb84fad9ef4e2e45870167ab77
outputs/garment_instances/gt_pilot/079537/item2_vest_mask.png,772,7c8f99753b0ee31cf6d6f627dd9687b922fd182f47d6c00e14b9578e7f03853d
outputs/garment_instances/gt_pilot/085026/item1_vest_dress_mask.png,2105,3d6f9a30900f35ff7c6cbfb1820f423aa6f5aa6fc9e18aaec689be6d443d93f7
outputs/garment_instances/gt_pilot/089313/item1_sling_dress_mask.png,2391,4103da103f6e37b06b3bb669f2d8712eeff2f02252e3457211f2f122c6eab36f
outputs/garment_instances/gt_pilot/092719/item1_long_sleeve_outwear_mask.png,2622,2389b8fca9c7eec5bf9fcef5951b9a6a2b9cb7b7604edde0dce18640b69dd223
outputs/garment_instances/gt_pilot/095730/item1_shorts_mask.png,2121,22b5520ccf73af324c12b03cdc3ac0686e44229c7d7199cc90add004d6af9921
outputs/garment_instances/gt_pilot/096778/item1_short_sleeve_top_mask.png,996,28579bf10235da36baf5fa44ab05e04d9cad574fc714758569a2d5526e8f0404
outputs/garment_instances/gt_pilot/096778/item2_sling_dress_mask.png,2256,b08a524eb8535fb9f35ab75d9d76ee870370b93a65fe36b3196b33c07b68184e
outputs/garment_instances/gt_pilot/096870/item1_long_sleeve_top_mask.png,839,99bd69b7118f652cdd79852c22b666fbd855e4206666218fe89cd97d22df16a0
outputs/garment_instances/gt_pilot/096870/item2_trousers_mask.png,527,a6acd8ecd8f76576716c30cf66b5efcb041781e29eb69fd7982a59276c845d01
outputs/garment_instances/gt_pilot/098901/item1_trousers_mask.png,1406,5936096ea3a8c71aa791c2d53a386a3e4925dc5a6d51a81e72b3efda9296917b
outputs/garment_instances/gt_pilot/098901/item2_long_sleeve_dress_mask.png,1723,f001372c0acc1f46938b54070e51e789614324838903f8dbc02897a8571b9089
outputs/garment_instances/gt_pilot/100266/item1_short_sleeve_top_mask.png,1386,bd5ae034a62287777970b1f12b0ba52d4f1dd75b890a45df2cef85c97900ac70
outputs/garment_instances/gt_pilot/100266/item2_skirt_mask.png,1186,c754e6acae6422ba01eb6977b90420f5257f5504026dfb33266bebcdb612de46
outputs/garment_instances/gt_pilot/100840/item1_short_sleeve_dress_mask.png,1390,1d2709ea68bdea4971e18a60327abcf03f4a8f9af888425f0894f4f3d7a1d271
outputs/garment_instances/gt_pilot/100840/item2_short_sleeve_dress_mask.png,791,70660391d90d74a14ac9e09fd4b17c193b066125bd76ca43b04d7e34f46ca33b
outputs/garment_instances/gt_pilot/101034/item1_short_sleeve_top_mask.png,1438,563cb81463e76244e905d2f8459ef7db2dd6e72c7e8080414f6189ebbc40892e
outputs/garment_instances/gt_pilot/101034/item2_sling_dress_mask.png,2492,148b88e8d7640408433ea13a049fdc713b9818ec0bc61e0686d036a50f4a6581
outputs/garment_instances/gt_pilot/106191/item1_short_sleeve_top_mask.png,2403,7b114acee4152e8a8c930272b58015df33041e7547887a56fa2907ca56975699
outputs/garment_instances/gt_pilot/106191/item2_skirt_mask.png,599,80cac4d656701b7491cbce20bb04d8324438d8e852945ad8faff881a6c4ccb47
outputs/garment_instances/gt_pilot/106726/item1_short_sleeve_top_mask.png,1795,2d4a63d7eb5aaffb8d90f9534e8f410e8989a0695313915d24fb7ad4f37a26fa
outputs/garment_instances/gt_pilot/107966/item1_vest_dress_mask.png,1461,c5b02686b6e2ada3789b6a86d152642302bc24d28a57bf4611702e49838eca4c
outputs/garment_instances/gt_pilot/109289/item1_vest_dress_mask.png,1757,69a45e0725d6b2e97c0e0188b0e3acb7a11a719a3f877c99aa50c7ca4f574b34
outputs/garment_instances/gt_pilot/114238/item1_long_sleeve_outwear_mask.png,4792,7bcd6c13955eff8f9e663f513e122c0d550c8ca128b3bf21ec2e923bd47f61d3
outputs/garment_instances/gt_pilot/114238/item2_skirt_mask.png,1987,1a71b32bcc7dc9b48974fc5afab3b80c11b101990e7c0dde2fe0b30621197ab8
outputs/garment_instances/gt_pilot/114612/item1_long_sleeve_outwear_mask.png,1797,21f17288f24ba5d111399122cda96f30c4b527bb259d693e8644e9295fb8dc96
outputs/garment_instances/gt_pilot/114803/item1_short_sleeve_top_mask.png,2193,8dc2959a8567a6e8f08295f47619104e41acbcdcd8c0957d569c19ec327110d7
outputs/garment_instances/gt_pilot/115186/item1_short_sleeve_top_mask.png,1026,6cf2b7af448419bad729b518adbd98222c72d145c8f39a2b2d13d4d15d03eeb7
outputs/garment_instances/gt_pilot/115186/item2_trousers_mask.png,1382,355a48e3e91291dcae0b21552c209ee214d8bbdd0359102b4f84c9224397b8c9
outputs/garment_instances/gt_pilot/117170/item1_long_sleeve_outwear_mask.png,2874,b05640026dddb41077928b042f0c8556d0e73066f7f596d8889d6e1ca16858a5
outputs/garment_instances/gt_pilot/117170/item2_trousers_mask.png,928,db170c9b115ba65d4c564a6a537b5f50d5868158cee14349e873d60c2d15f469
outputs/garment_instances/gt_pilot/117350/item1_trousers_mask.png,1383,c3dc9ebe45c7ff5b49b9acd66dbeaf2b8ce44ba7e122dd5755183fd756c09433
outputs/garment_instances/gt_pilot/117350/item2_short_sleeve_top_mask.png,644,b7c7e11ff0f5519b932238d78b1a4c5418d47b524c170b7ebfbd7e152e61c30e
outputs/garment_instances/gt_pilot/118838/item1_short_sleeve_top_mask.png,634,dffb7e1c16fcc29836c608c516739deb5e5e156547b74175c2eda4c068666db8
outputs/garment_instances/gt_pilot/118838/item2_skirt_mask.png,186,a37e00226fc071e989099c90cd0629797c3a27fc40576032401a96321708b349
outputs/garment_instances/gt_pilot/120729/item1_long_sleeve_top_mask.png,1073,441a629d5ee4ea0c4a798bd629b77e95fd78e473ec41f3cc7ac9e75da93c4d13
outputs/garment_instances/gt_pilot/120729/item2_sling_dress_mask.png,1232,ea8c3b761f2902dd8debaa2dde4125df11cf602b128e14a845333d034dc865aa
outputs/garment_instances/gt_pilot/124892/item1_short_sleeve_top_mask.png,843,0942b5726de36fc753f5b1d0ffbcbb79bd042652710634dfaa5191a4a2a9cc06
outputs/garment_instances/gt_pilot/124892/item2_shorts_mask.png,2717,ba9da8fe99a87c2278888f5444b06425d633f8cd31071e0c3a547f8610ba9a99
outputs/garment_instances/gt_pilot/125082/item1_vest_mask.png,2201,e31e785bee52d56a662ac1273078597f72dd767ffac5294842be8cdab08c906e
outputs/garment_instances/gt_pilot/125605/item1_sling_dress_mask.png,2102,f538af9ed248fb6d8b9742e443102e7d9fb702f5baedd5cea103ea46841c7b55
outputs/garment_instances/gt_pilot/125887/item1_long_sleeve_outwear_mask.png,2396,adb34d6a1b644bc8a12c5ae53b04497215edef9379af9f6de6b0be2aff87df3b
outputs/garment_instances/gt_pilot/127027/item1_long_sleeve_outwear_mask.png,2420,6d66ac4bd4ab0e09cf184a40f5ff7e0cb9f6e1adff502fd800c0bb746bd08645
outputs/garment_instances/gt_pilot/129463/item1_short_sleeve_outwear_mask.png,2090,bef844670346b8a6c33b43cd9d95eb21f893db81c07a07d1f3eb51e84027c598
outputs/garment_instances/gt_pilot/129463/item2_skirt_mask.png,502,4b16547a514acf5a351647e45717d65bcef39163db5eec5f1ada871b93311ca3
outputs/garment_instances/gt_pilot/131316/item1_short_sleeve_top_mask.png,1688,574ccb206775746e8c157c1e71cbc1fe567f4814e1fa50fd0e9db12c4fd4dde8
outputs/garment_instances/gt_pilot/131316/item2_trousers_mask.png,1779,d218826278e4939bd5647c8a5ea29dce8737ae7cb3f97b3adf8a38af97493b38
outputs/garment_instances/gt_pilot/132240/item1_long_sleeve_top_mask.png,919,0b01a03cddd2a989304531eb923d40dc7b0748e873e7120a4815cc9cf94bf77e
outputs/garment_instances/gt_pilot/132240/item2_shorts_mask.png,391,3679f0579f3497c9a9223168a789d39913e2f15999f465cc364e6597b2eb2066
outputs/garment_instances/gt_pilot/138773/item1_skirt_mask.png,1067,5b68c09cc4f941d271f82d3635e245803e9a5565d831151fb7ddb1aca01d549e
outputs/garment_instances/gt_pilot/138773/item2_long_sleeve_top_mask.png,1367,57b34f20f0f0919d7ba51665084bce6eeb9f29eb305070801f56ab6cd7291cfe
outputs/garment_instances/gt_pilot/139090/item1_vest_dress_mask.png,1147,40a0acfcd8a5eb7bd9b621be2bd093d612b6df87a83c16e102e1e5903612a7ec
outputs/garment_instances/gt_pilot/139963/item1_long_sleeve_top_mask.png,412,bd72f18ab28f5cd90397dc0d5ce0f7f2973b17fd13d04f3196cc05a835c34e6a
outputs/garment_instances/gt_pilot/140224/item1_long_sleeve_outwear_mask.png,2055,fe42abd3af52ac2a7c06d5cf85709c07dea36ca81bad6a9a380aa91cea4f9a93
outputs/garment_instances/gt_pilot/140224/item2_skirt_mask.png,595,be786bfffbc39325a1a8568c4aae63de454c9c17cb5b7ed72cf95378cbb17ae8
outputs/garment_instances/gt_pilot/141698/item1_short_sleeve_dress_mask.png,2413,4a860077b585b9d1d5b6c06b4c836e3ea5f26044d832ab2c93b6e730a4f7e1b0
outputs/garment_instances/gt_pilot/142658/item1_long_sleeve_top_mask.png,1252,9baf161c95c1faaee766b06ccaef08409e1f0f55d5ada5173b3806eb3df88f88
outputs/garment_instances/gt_pilot/142658/item2_skirt_mask.png,864,52cbdf2220557d7629b55854b487b72f9b6b1d7acb5ef2bbcb308e891822bf26
outputs/garment_instances/gt_pilot/146128/item1_long_sleeve_outwear_mask.png,1497,ab8adf56f337f0e0afd014747cc778560ceeb1f1eef95f1fcb3748b79694e7b2
outputs/garment_instances/gt_pilot/147222/item1_short_sleeve_top_mask.png,1493,94f78736cd10250dcdd4feee58accc86054c5f88920e6bba9d4e4cdba60c8f08
outputs/garment_instances/gt_pilot/147222/item2_skirt_mask.png,1375,126d6b7275eca326dd567627c02b963bff2c4ef10d3cb613e13c366edcb37800
outputs/garment_instances/gt_pilot/150224/item1_short_sleeve_top_mask.png,889,38889cda89deafe1736a042bab5bee3791b1ce4972253747b5cee74f0374d480
outputs/garment_instances/gt_pilot/150224/item2_trousers_mask.png,849,81487d99c0ba2a2713d17dddf5c6c9a1b060c41583e00c63b0eede709eaa3a4c
outputs/garment_instances/gt_pilot/151092/item1_long_sleeve_top_mask.png,2281,6a5bb76d9c1e86806f77afaf35cf6784572a38e063f5dc74a3d89623806130c8
outputs/garment_instances/gt_pilot/151092/item2_trousers_mask.png,822,0f45fb5fd342b092cb3afea6dc0b634dd9e7b0799e9a263068d0f369b6c40292
outputs/garment_instances/gt_pilot/152326/item1_short_sleeve_top_mask.png,2546,fbd4be070497752859ac5670473412c5dd9dc9e74021985faec0a2037714751a
outputs/garment_instances/gt_pilot/152326/item2_trousers_mask.png,1344,1f91dc4658df47a4634e8eea86930195c12d282310cb233749bec982614fb471
outputs/garment_instances/gt_pilot/153938/item1_vest_dress_mask.png,1901,909cb914bbb80c25229f6ae1f7b18c2e03505cd2c315534da3f31ac8991f877d
outputs/garment_instances/gt_pilot/153938/item2_short_sleeve_top_mask.png,1171,10ce77a65f41d1ba5c541af524961c4f7dd7bd06ba55211033ad7a4361c996bf
outputs/garment_instances/gt_pilot/154649/item1_short_sleeve_top_mask.png,824,94b7dddcf99e8009916c6db4ac3345fa97cb4e44d8741388cf2ff855f5b8123a
outputs/garment_instances/gt_pilot/154649/item2_skirt_mask.png,967,c194b655884543ef7dfcf2c35b5cc6dbe84abfb2df5b9c621b224f0472ee349f
outputs/garment_instances/gt_pilot/156436/item1_short_sleeve_dress_mask.png,1933,05cfc6d657e9887d0bd126674eb0f91afbeef2bc72a629d1c79f5f82e4c769f8
outputs/garment_instances/gt_pilot/158098/item1_long_sleeve_dress_mask.png,1774,38cda8c46bb5c995618a07d15c3b3dcc39b98f4b6dd2c84746ee34194f8617ae
outputs/garment_instances/gt_pilot/159352/item1_short_sleeve_top_mask.png,671,c23f01c3f08611d1471b8b38b5ec800683e4a7104abf1413d27097b913a346e9
outputs/garment_instances/gt_pilot/159352/item2_skirt_mask.png,1156,c0ff1c9066a41bad5736293e1fb560fbdeea342480e562846f832dd8208b3d3b
outputs/garment_instances/gt_pilot/160585/item1_short_sleeve_top_mask.png,1618,fb1cead0d56cda5cb8d3e2a375d36d61b4994d76f05712828047f2c42590726a
outputs/garment_instances/gt_pilot/160585/item2_skirt_mask.png,1302,0d84f9a3a396f1f8c88f57f63664538504c3bcfcb6e92d9dc7d86d199e8828b4
outputs/garment_instances/gt_pilot/160642/item1_long_sleeve_dress_mask.png,2668,369defd913df92db8f1e938cd0b298a9cb6f16f1736debf4fc5fab8c33b70e1b
outputs/garment_instances/gt_pilot/163017/item1_trousers_mask.png,1214,3c6ab4177c2a2588176ec1adfbd7ac8c213e19237abef621979619e9227a58e4
outputs/garment_instances/gt_pilot/163017/item2_vest_mask.png,2499,c3ae56617e1ee1f26990adc7fd8c15ab27cd0c64bf9deebbb95ee53be4cab0bd
outputs/garment_instances/gt_pilot/165021/item1_long_sleeve_top_mask.png,2222,c8c563e89d93437218e7aa4bf359494ca949cea34750e19c2a25d0da8ec72254
outputs/garment_instances/gt_pilot/166948/item1_short_sleeve_dress_mask.png,1098,281a82d8adc5fbe8f2e9aa4126075b6225fe23a4381259963da50b2957426cb2
outputs/garment_instances/gt_pilot/167373/item1_sling_dress_mask.png,1672,577adae97660010302d12fe89951b180e6827a3f8de2e93badbe8d64bdb18b7c
outputs/garment_instances/gt_pilot/168724/item1_short_sleeve_top_mask.png,848,5e12e2620a967b66a9cd847643019527fbb5c2b8cb4384d76d2db6fba032ccfd
outputs/garment_instances/gt_pilot/168724/item2_shorts_mask.png,831,3876cc1c042d7f0cdae162d1e53793fcdad20d1ecad3c3ff6cae4e954fec1a56
outputs/garment_instances/gt_pilot/171259/item1_short_sleeve_top_mask.png,2049,91484e23dea28c17e6b18768b571f0a45d6111ae5373d2a40697bf14db48351d
outputs/garment_instances/gt_pilot/171259/item2_shorts_mask.png,799,b2195132cdc6b471d28a45448d11beb672c9fe54abb100ef64f0a7f7758f931b
outputs/garment_instances/gt_pilot/173201/item1_long_sleeve_top_mask.png,1465,74a084ae1007668a5f8ab1174bb5893674e2f14195ff587b71c47ef32723428a
outputs/garment_instances/gt_pilot/173201/item2_trousers_mask.png,864,0cba663a4ef1de6096f80fdbeb51bfa05d459cb034a382901e21d6f2fa7bc6ad
outputs/garment_instances/gt_pilot/173508/item1_short_sleeve_top_mask.png,2327,e6ef7626b5cd27374ace453d3b56151bad0b871cde6112312008e97673de163b
outputs/garment_instances/gt_pilot/173669/item1_short_sleeve_dress_mask.png,1521,201b6b6162b85d8b796e6bedb727b292f2240f31360f00d7e7856200025ea844
outputs/garment_instances/gt_pilot/174323/item1_long_sleeve_top_mask.png,3653,e4de06f5233e673e86aaf0deb16c17e674f294ace010aaadf87c999f30d200f1
outputs/garment_instances/gt_pilot/174323/item2_trousers_mask.png,1584,0f1c721362dded6a0f5f90b699250f894e329aee6adbe9a6a5ff5ed42be9b3ef
outputs/garment_instances/gt_pilot/175635/item1_trousers_mask.png,1968,d7ca286e3fdb7ec12d0a9d3ebec3572129295ab9dba3850b7dfba21e5cc6f168
outputs/garment_instances/gt_pilot/175635/item2_long_sleeve_top_mask.png,1240,52528474e07f6917c86615644fb6ef1d4aac7eb322990cbef4c0207ab671e6fc
outputs/garment_instances/gt_pilot/178287/item1_short_sleeve_top_mask.png,1382,ba6a9fc4b3804330db07a6bc81b5137aa2e21a3a77b719d6429a81d4674227a0
outputs/garment_instances/gt_pilot/178287/item2_shorts_mask.png,1157,339373a4dc38389755aa4a4c280f4cf976b1bb07be07b6aa06ce09fca65d71d1
outputs/garment_instances/gt_pilot/178920/item1_short_sleeve_top_mask.png,529,84f257dedf51cb20aea46d0209f3cb97e73ba2d5693228b4fdea4dc0660e8edf
outputs/garment_instances/gt_pilot/178920/item2_sling_dress_mask.png,1801,064ca820c2918c5ca2553b913422fd6102e523009ea4547c4d177bd380bdced5
outputs/garment_instances/gt_pilot/184087/item1_long_sleeve_dress_mask.png,5777,47813c20e81254a4443be23a1fc01114a46434345ad450c29117de7af7fab8e2
outputs/garment_instances/gt_pilot/186959/item1_long_sleeve_top_mask.png,1286,e7122e9f3e7f251e42a5f516a512fd36e5a7ef001540c52eedfe8234db0246dc
outputs/prd_integration/predicted_roi_attributes_fullval_v1/color_v1/contact_sheet_low_margin.jpg,532203,fac0e6bc9d1377b216df8811c5d4dfa01b007d1751aff0a224034ede5cd00a61
outputs/prd_integration/predicted_roi_attributes_fullval_v1/color_v1/per_instance/001_fashionpedia_ann_6510.jpg,7503,a57972d61b69f66172e7a627d06d4d07cdb29cf2df5f7fe3c2ad3c8c95be2d83
outputs/prd_integration/predicted_roi_attributes_fullval_v1/color_v1/per_instance/002_item1_short_sleeve_top.jpg,73636,4f93e5d02bd8c9a019454398dbfc5bab54b0558feb2455b524b223d890ee7a97
outputs/prd_integration/predicted_roi_attributes_fullval_v1/color_v1/per_instance/003_item1_short_sleeve_top.jpg,27168,3c4f88385ea5441a33b25b42083d561a9c6b4a99fd0d51b0f7534ae74f5cdad8
outputs/prd_integration/predicted_roi_attributes_fullval_v1/color_v1/per_instance/004_item2_sling_dress.jpg,50894,95a399b0216cefb18f0ad7af3e4f19a5c8d486b282fc1bba7eb2c89c57413bb3
outputs/prd_integration/predicted_roi_attributes_fullval_v1/color_v1/per_instance/005_item2_trousers.jpg,21441,faebb73e938cda937d80b89270e93fb2c79c7b20c8b74b479d28b8eda34a10d2
outputs/prd_integration/predicted_roi_attributes_fullval_v1/color_v1/per_instance/006_item1_long_sleeve_outwear.jpg,77172,52544b7762eb84bf6449f21c189ce013317e04c80923599825cf2c410f8bb312
outputs/prd_integration/predicted_roi_attributes_fullval_v1/color_v1/per_instance/007_item1_trousers.jpg,25503,86b3f19f11baf8ae004d41299c5970150de1fd7d237803a44f0e9c2e2821776b
outputs/prd_integration/predicted_roi_attributes_fullval_v1/color_v1/per_instance/008_item2_trousers.jpg,27288,94ea2deb51f0d6059f2bb8d1a2212881c65ebe82559d4ce4b04de91914b41276
outputs/prd_integration/predicted_roi_attributes_fullval_v1/color_v1/per_instance/009_item2_sling_dress.jpg,68738,5603ff3ac0f64a455d9a95f203a0a293f6cebbc7d0ae0cf9b3976a5397d43d36
outputs/prd_integration/predicted_roi_attributes_fullval_v1/color_v1/per_instance/010_item1_short_sleeve_dress.jpg,44621,d87d81bf783b8ec25449038dce48f147efd6683ad37c6c456494de269fb01957
outputs/prd_integration/predicted_roi_attributes_fullval_v1/color_v1/per_instance/011_item1_long_sleeve_top.jpg,17850,1c196891ca570bd28f959ede3ac065c311518a5853ecf39fb3e1e5a33b435f78
outputs/prd_integration/predicted_roi_attributes_fullval_v1/color_v1/per_instance/012_item1_long_sleeve_dress.jpg,122435,ca24573ec6dd524a6fcfd4b53458ba226c1c2338399277566cab05b7591581ea
outputs/prd_integration/predicted_roi_attributes_fullval_v1/color_v1/per_instance/013_fashionpedia_ann_2759.jpg,6914,627655217ce889150384c1a45ad58b9d9953ce241c4456e7f677a8ede86fda12
outputs/prd_integration/predicted_roi_attributes_fullval_v1/color_v1/per_instance/014_item1_short_sleeve_top.jpg,26567,23d62ff9ff296ccd89b0bb82a2d60203e13f29d94fc63c677ddd3f43a05d6ef1
outputs/prd_integration/predicted_roi_attributes_fullval_v1/color_v1/per_instance/015_fashionpedia_ann_7855.jpg,10724,d9316d504b53f96c4085f568f122161b1508396812555b5204ea4f1e891c6902
outputs/prd_integration/predicted_roi_attributes_fullval_v1/color_v1/per_instance/016_item1_trousers.jpg,54345,ec02d748feb8162f6302da5f1adb4ecea065dc5fc62a825eeca261a9d6e467ba
outputs/prd_integration/predicted_roi_attributes_fullval_v1/color_v1/per_instance/017_item1_vest_dress.jpg,52428,94e8e8cdeca9d493bfe86ee3c4ea0bfa56e5250c29f3671b4bc2e5f72a6b0f5d
outputs/prd_integration/predicted_roi_attributes_fullval_v1/color_v1/per_instance/018_item2_vest.jpg,21062,449421f14b729066f4f458f8bd8e19b5ce5690242d4911cd06ebb18e3dd7ee98
outputs/prd_integration/predicted_roi_attributes_fullval_v1/color_v1/per_instance/019_item2_short_sleeve_top.jpg,11392,0b617815e726183054fc71abc065fa4aebf6810c0ac264448d8bb39596e037c9
outputs/prd_integration/predicted_roi_attributes_fullval_v1/color_v1/per_instance/020_fashionpedia_ann_6080.jpg,12072,14e57a36a7954163595f06e8121f9cd636a338dd2b879484b6893e0028cc6bf5
outputs/prd_integration/predicted_roi_attributes_fullval_v1/color_v1/per_instance/021_item1_short_sleeve_top.jpg,11644,a1769d943f03e8eb8f81b82c926fd71321f82ddfb7bd83ada28dbfff49db78c0
outputs/prd_integration/predicted_roi_attributes_fullval_v1/color_v1/per_instance/022_item2_shorts.jpg,17554,454c1a86f3a86e5d904e8808b36a113322b92919a41918984e77a919dfd8e85a
outputs/prd_integration/predicted_roi_attributes_fullval_v1/pattern_v3_hierarchical/contact_sheet_stage1_ambiguous.jpg,578697,b1ca383988be158925c35cb7e324895cca22d6b4a502cd3ea723a501ce6a8d2e
outputs/prd_integration/predicted_roi_attributes_fullval_v1/pattern_v3_hierarchical/contact_sheet_stage1_texture_structure.jpg,171902,3c03255f700c71d72a2f142eba3db2c80bdd07382b9d42fe8c9e4a62f0ad4588
outputs/prd_integration/predicted_roi_attributes_fullval_v1/pattern_v3_hierarchical/contact_sheet_stage2_ambiguous.jpg,318756,c92eeef4e61017ff47cf3304d41d737f5ceeaadcf620c902a3c755a15a695cfc
outputs/prd_integration/predicted_roi_attributes_fullval_v1/pattern_v3_hierarchical/per_instance/001_fashionpedia_ann_6510.jpg,9658,d4b3332e5625649a00c8cf5782954558c74991b06d9f5f04059731f47a966382
outputs/prd_integration/predicted_roi_attributes_fullval_v1/pattern_v3_hierarchical/per_instance/002_item1_short_sleeve_top.jpg,85526,2776772c05394b5d247cbdc39234c63d07e9761a66ca238fb500240b89066543
outputs/prd_integration/predicted_roi_attributes_fullval_v1/pattern_v3_hierarchical/per_instance/003_item1_short_sleeve_top.jpg,36816,00883505233aeb282e2be505c7e306f2e35744eb86321eb01d3ed464547234a4
outputs/prd_integration/predicted_roi_attributes_fullval_v1/pattern_v3_hierarchical/per_instance/004_item2_sling_dress.jpg,58766,1137891f9c16c5c233831ee0e6261b057db0ddce40762841fc3e4c30686c1849
outputs/prd_integration/predicted_roi_attributes_fullval_v1/pattern_v3_hierarchical/per_instance/005_item2_trousers.jpg,28676,cb1a00f033e1e594ec346f81a4a6888094ab3a4e15f779282d89723ad3c665c7
outputs/prd_integration/predicted_roi_attributes_fullval_v1/pattern_v3_hierarchical/per_instance/006_item1_long_sleeve_outwear.jpg,88233,b50ab51a0ab5275772b055a41c813a5fe977f57127163192eb5f26a6fc299196
outputs/prd_integration/predicted_roi_attributes_fullval_v1/pattern_v3_hierarchical/per_instance/007_item1_trousers.jpg,33387,55a824b45b12397dd2bc7a563fd2d2c8ac29ee60b101750f4779014a018ee434
outputs/prd_integration/predicted_roi_attributes_fullval_v1/pattern_v3_hierarchical/per_instance/008_item2_trousers.jpg,34299,5ed0ad02a912e7f708f2921d74f4072173595511da766c6f71691a7e12f512a1
outputs/prd_integration/predicted_roi_attributes_fullval_v1/pattern_v3_hierarchical/per_instance/009_item2_sling_dress.jpg,75094,1c0b83ce5e76890c6fb6b996e35f6a628395e74750df28bae5ab305c3b281c5c
outputs/prd_integration/predicted_roi_attributes_fullval_v1/pattern_v3_hierarchical/per_instance/010_item1_short_sleeve_dress.jpg,51821,bc389e70f741db254cbb6ce0d4183c251e68984e01397e6d3369da1b9c3da8ad
outputs/prd_integration/predicted_roi_attributes_fullval_v1/pattern_v3_hierarchical/per_instance/011_item1_long_sleeve_top.jpg,23327,a7d99cc6c2884d91924893edd95541cb7d76b8a374331aca7a7e6124739b34d0
outputs/prd_integration/predicted_roi_attributes_fullval_v1/pattern_v3_hierarchical/per_instance/012_item1_long_sleeve_dress.jpg,136547,eaeffb49209bcf83f649fc86c0071369157e16aedbc14f4394a16878ef9256ce
outputs/prd_integration/predicted_roi_attributes_fullval_v1/pattern_v3_hierarchical/per_instance/013_fashionpedia_ann_2759.jpg,10087,a07c7f8873c1fe789d7aa59a59ca802dc40cb66be6426563232eeb1a9e2eb08f
outputs/prd_integration/predicted_roi_attributes_fullval_v1/pattern_v3_hierarchical/per_instance/014_item1_short_sleeve_top.jpg,34174,d231c2b9c71d2f922b7ab3ce2f206f3a6be8f42f0b94c6dfbab4c24f84d782d0
outputs/prd_integration/predicted_roi_attributes_fullval_v1/pattern_v3_hierarchical/per_instance/015_fashionpedia_ann_7855.jpg,15790,72319fc8fb6ece05bd3edf0fd6133efa0ab950479736f43d0c47a18881f28609
outputs/prd_integration/predicted_roi_attributes_fullval_v1/pattern_v3_hierarchical/per_instance/016_item1_trousers.jpg,66945,ea4a613f8385579dd4abac483da6a10c78537f2037a2cab40b3090909c7010c1
outputs/prd_integration/predicted_roi_attributes_fullval_v1/pattern_v3_hierarchical/per_instance/017_item1_vest_dress.jpg,60256,4c8a61e9fa51819319e893cc515e5c40812a37d0ef3e76c6ed60c29e335ea487
outputs/prd_integration/predicted_roi_attributes_fullval_v1/pattern_v3_hierarchical/per_instance/018_item2_vest.jpg,25383,b0842bf477a2399f31c86f1f23e55ed1b44fd5f509722c66b1ed7ae24b5e05b2
outputs/prd_integration/predicted_roi_attributes_fullval_v1/pattern_v3_hierarchical/per_instance/019_item2_short_sleeve_top.jpg,17225,f4e278a96ecd5e032dee6b8692ee8af594519a272744995a8e915ebf888f960f
outputs/prd_integration/predicted_roi_attributes_fullval_v1/pattern_v3_hierarchical/per_instance/020_fashionpedia_ann_6080.jpg,19500,b2820ef99f0132109b72422dee37890d38a238fd33c6406f4b2b3834abebc05d
outputs/prd_integration/predicted_roi_attributes_fullval_v1/pattern_v3_hierarchical/per_instance/021_item1_short_sleeve_top.jpg,15291,6fa9ef2cb8a8b0bb8efa501ddc5cb9b1614c1b28effa2312c08dcf6725190666
outputs/prd_integration/predicted_roi_attributes_fullval_v1/pattern_v3_hierarchical/per_instance/022_item2_shorts.jpg,24056,684ca768eb4cf45275073d4d9bc4baff2302ed5a03ba2c19c4744f6be5547c25
outputs/prd_integration/predicted_roi_attributes_v1/color_v1/contact_sheet_low_margin.jpg,332709,6e711b3a6736aaf4f89cd4781c0390a3f081b9f666b20964a97844c71fa9b25d
outputs/prd_integration/predicted_roi_attributes_v1/color_v1/per_instance/001_item1_short_sleeve_top.jpg,27168,3c4f88385ea5441a33b25b42083d561a9c6b4a99fd0d51b0f7534ae74f5cdad8
outputs/prd_integration/predicted_roi_attributes_v1/color_v1/per_instance/002_item2_sling_dress.jpg,50894,95a399b0216cefb18f0ad7af3e4f19a5c8d486b282fc1bba7eb2c89c57413bb3
outputs/prd_integration/predicted_roi_attributes_v1/color_v1/per_instance/003_item1_long_sleeve_outwear.jpg,77172,52544b7762eb84bf6449f21c189ce013317e04c80923599825cf2c410f8bb312
outputs/prd_integration/predicted_roi_attributes_v1/color_v1/per_instance/004_item1_trousers.jpg,25503,86b3f19f11baf8ae004d41299c5970150de1fd7d237803a44f0e9c2e2821776b
outputs/prd_integration/predicted_roi_attributes_v1/color_v1/per_instance/005_item2_sling_dress.jpg,68738,5603ff3ac0f64a455d9a95f203a0a293f6cebbc7d0ae0cf9b3976a5397d43d36
outputs/prd_integration/predicted_roi_attributes_v1/color_v1/per_instance/006_item1_long_sleeve_top.jpg,17850,1c196891ca570bd28f959ede3ac065c311518a5853ecf39fb3e1e5a33b435f78
outputs/prd_integration/predicted_roi_attributes_v1/color_v1/per_instance/007_item1_long_sleeve_dress.jpg,122435,ca24573ec6dd524a6fcfd4b53458ba226c1c2338399277566cab05b7591581ea
outputs/prd_integration/predicted_roi_attributes_v1/color_v1/per_instance/008_fashionpedia_ann_2759.jpg,6914,627655217ce889150384c1a45ad58b9d9953ce241c4456e7f677a8ede86fda12
outputs/prd_integration/predicted_roi_attributes_v1/color_v1/per_instance/009_item1_short_sleeve_top.jpg,26567,23d62ff9ff296ccd89b0bb82a2d60203e13f29d94fc63c677ddd3f43a05d6ef1
outputs/prd_integration/predicted_roi_attributes_v1/color_v1/per_instance/010_item1_trousers.jpg,54345,ec02d748feb8162f6302da5f1adb4ecea065dc5fc62a825eeca261a9d6e467ba
outputs/prd_integration/predicted_roi_attributes_v1/color_v1/per_instance/011_item2_vest.jpg,21062,449421f14b729066f4f458f8bd8e19b5ce5690242d4911cd06ebb18e3dd7ee98
outputs/prd_integration/predicted_roi_attributes_v1/color_v1/per_instance/012_item2_short_sleeve_top.jpg,11392,0b617815e726183054fc71abc065fa4aebf6810c0ac264448d8bb39596e037c9
outputs/prd_integration/predicted_roi_attributes_v1/color_v1/per_instance/013_item2_shorts.jpg,17554,454c1a86f3a86e5d904e8808b36a113322b92919a41918984e77a919dfd8e85a
outputs/prd_integration/predicted_roi_attributes_v1/pattern_v3_hierarchical/contact_sheet_stage1_ambiguous.jpg,366036,710374fd000ccda03836326f772771dd2881e348755eb82c7c41ff6adb0e6a6a
outputs/prd_integration/predicted_roi_attributes_v1/pattern_v3_hierarchical/contact_sheet_stage1_texture_structure.jpg,76276,b1469344fe6121e6a818d43d8549804c2b3cf1c5fc2706a0232dfffc9a824adb
outputs/prd_integration/predicted_roi_attributes_v1/pattern_v3_hierarchical/contact_sheet_stage2_ambiguous.jpg,216548,02d643822920963bfca14769afe6cd1aba1c2a41c35353735a08ceb9f62c8e6b
outputs/prd_integration/predicted_roi_attributes_v1/pattern_v3_hierarchical/per_instance/001_item1_short_sleeve_top.jpg,36816,00883505233aeb282e2be505c7e306f2e35744eb86321eb01d3ed464547234a4
outputs/prd_integration/predicted_roi_attributes_v1/pattern_v3_hierarchical/per_instance/002_item2_sling_dress.jpg,58766,1137891f9c16c5c233831ee0e6261b057db0ddce40762841fc3e4c30686c1849
outputs/prd_integration/predicted_roi_attributes_v1/pattern_v3_hierarchical/per_instance/003_item1_long_sleeve_outwear.jpg,88233,b50ab51a0ab5275772b055a41c813a5fe977f57127163192eb5f26a6fc299196
outputs/prd_integration/predicted_roi_attributes_v1/pattern_v3_hierarchical/per_instance/004_item1_trousers.jpg,33387,55a824b45b12397dd2bc7a563fd2d2c8ac29ee60b101750f4779014a018ee434
outputs/prd_integration/predicted_roi_attributes_v1/pattern_v3_hierarchical/per_instance/005_item2_sling_dress.jpg,75094,1c0b83ce5e76890c6fb6b996e35f6a628395e74750df28bae5ab305c3b281c5c
outputs/prd_integration/predicted_roi_attributes_v1/pattern_v3_hierarchical/per_instance/006_item1_long_sleeve_top.jpg,23327,a7d99cc6c2884d91924893edd95541cb7d76b8a374331aca7a7e6124739b34d0
outputs/prd_integration/predicted_roi_attributes_v1/pattern_v3_hierarchical/per_instance/007_item1_long_sleeve_dress.jpg,136547,eaeffb49209bcf83f649fc86c0071369157e16aedbc14f4394a16878ef9256ce
outputs/prd_integration/predicted_roi_attributes_v1/pattern_v3_hierarchical/per_instance/008_fashionpedia_ann_2759.jpg,10087,a07c7f8873c1fe789d7aa59a59ca802dc40cb66be6426563232eeb1a9e2eb08f
outputs/prd_integration/predicted_roi_attributes_v1/pattern_v3_hierarchical/per_instance/009_item1_short_sleeve_top.jpg,34174,d231c2b9c71d2f922b7ab3ce2f206f3a6be8f42f0b94c6dfbab4c24f84d782d0
outputs/prd_integration/predicted_roi_attributes_v1/pattern_v3_hierarchical/per_instance/010_item1_trousers.jpg,66945,ea4a613f8385579dd4abac483da6a10c78537f2037a2cab40b3090909c7010c1
outputs/prd_integration/predicted_roi_attributes_v1/pattern_v3_hierarchical/per_instance/011_item2_vest.jpg,25383,b0842bf477a2399f31c86f1f23e55ed1b44fd5f509722c66b1ed7ae24b5e05b2
outputs/prd_integration/predicted_roi_attributes_v1/pattern_v3_hierarchical/per_instance/012_item2_short_sleeve_top.jpg,17225,f4e278a96ecd5e032dee6b8692ee8af594519a272744995a8e915ebf888f960f
outputs/prd_integration/predicted_roi_attributes_v1/pattern_v3_hierarchical/per_instance/013_item2_shorts.jpg,24056,684ca768eb4cf45275073d4d9bc4baff2302ed5a03ba2c19c4744f6be5547c25
outputs/prd_integration/predicted_roi_attributes_v2/color_v1/contact_sheet_low_margin.jpg,358864,7f159dc31b6d65846bcf023dbf48f1233e5a29be0b63447cfab895d6deeb4698
outputs/prd_integration/predicted_roi_attributes_v2/color_v1/per_instance/001_item2_sling_dress.jpg,64894,1728101053db0afe9780efb148987f4deb568eecc1657ad2da8587f58456cb5d
outputs/prd_integration/predicted_roi_attributes_v2/color_v1/per_instance/002_item1_short_sleeve_top.jpg,27020,fa22fb251bbdf9896a4dd029d6d2e7d1788b338ca4fbafcd3298bdc6900dd69b
outputs/prd_integration/predicted_roi_attributes_v2/color_v1/per_instance/003_item2_sling_dress.jpg,49640,7a493109efe4408aa67efae93ab1cb607b0e0cad2039a2a8aa857bd8d24d72a7
outputs/prd_integration/predicted_roi_attributes_v2/color_v1/per_instance/004_item1_long_sleeve_outwear.jpg,83906,793a8bfe0e3a0d12e1dd8bfb1b7952dd14ca2230f3dee94126b8aec033c59ef4
outputs/prd_integration/predicted_roi_attributes_v2/color_v1/per_instance/005_item1_long_sleeve_top.jpg,19297,196e169335bb5ddfb9c5d9596de3ba7e96ee08d98eac7d701807d20eacc91980
outputs/prd_integration/predicted_roi_attributes_v2/color_v1/per_instance/006_item1_trousers.jpg,23815,a46cbe681e012b97244283b33e2bd6735d68ee2ed7b0cc96d4cfa75b3501a0ae
outputs/prd_integration/predicted_roi_attributes_v2/color_v1/per_instance/007_item2_skirt.jpg,21299,9543ea4e032357244bf799de9ae43e6964f32a356f39a83f6e76f549cf0e9b26
outputs/prd_integration/predicted_roi_attributes_v2/color_v1/per_instance/008_item1_long_sleeve_dress.jpg,132339,e2c4795ce4dde691cfc937e0b89c6fafbc73d4c7e5051c487388ca3cdc5b094f
outputs/prd_integration/predicted_roi_attributes_v2/color_v1/per_instance/009_item2_shorts.jpg,135666,2440934e362bbaabec0ddd7e50f864caffeaa560f352511bbfd9117641b6d070
outputs/prd_integration/predicted_roi_attributes_v2/color_v1/per_instance/010_item1_short_sleeve_top.jpg,27123,b21321ba3b262ba5170a4c4068e3db77f9564572470dea0e342f51ab4684ee6c
outputs/prd_integration/predicted_roi_attributes_v2/color_v1/per_instance/011_item1_trousers.jpg,62471,187dabac20b4217858a0d5e974f451b896f1fc91a7828a36e892994e1b4d87f7
outputs/prd_integration/predicted_roi_attributes_v2/color_v1/per_instance/012_item2_shorts.jpg,14118,e6f8a7315fd0d3228cacbbed3a7434b79d775d51004df35844ed1d59e0180dc9
outputs/prd_integration/predicted_roi_attributes_v2/pattern_v3_hierarchical/contact_sheet_stage1_ambiguous.jpg,367566,5bcc9269d8097b33cca1b03f72a729eb7e9573c1153762a8df36d6972257f696
outputs/prd_integration/predicted_roi_attributes_v2/pattern_v3_hierarchical/contact_sheet_stage1_texture_structure.jpg,115372,2495257c4c11a74281676ebbbed5252bef02615490448023078566a97614e3e9
outputs/prd_integration/predicted_roi_attributes_v2/pattern_v3_hierarchical/contact_sheet_stage2_ambiguous.jpg,214776,c285f5dff80437509ef81d973324bd3adb1c2d1d66854b086cfc2f4f6df36ae1
outputs/prd_integration/predicted_roi_attributes_v2/pattern_v3_hierarchical/per_instance/001_item2_sling_dress.jpg,68379,0d1734ac250e139545beeeb10b58bd963b32acb8d658106c815362527fadea67
outputs/prd_integration/predicted_roi_attributes_v2/pattern_v3_hierarchical/per_instance/002_item1_short_sleeve_top.jpg,36335,3c8a9eea550a7c94c47015556b35a0821406d5dd3ddc3fe8e19f878c64489e9f
outputs/prd_integration/predicted_roi_attributes_v2/pattern_v3_hierarchical/per_instance/003_item2_sling_dress.jpg,57229,2cd28e5a1ad1d8045b1f8bf1f27658ecd4d6bfde056241bb938b6fe191cdcdae
outputs/prd_integration/predicted_roi_attributes_v2/pattern_v3_hierarchical/per_instance/004_item1_long_sleeve_outwear.jpg,97732,4c651ed76e350990c92970259f0578b37b605d831e799a481b6bf322bb28a5cf
outputs/prd_integration/predicted_roi_attributes_v2/pattern_v3_hierarchical/per_instance/005_item1_long_sleeve_top.jpg,24567,f754ce3009bb6bbca71e9ceedc59ace39a088218497257374be30befc5950de5
outputs/prd_integration/predicted_roi_attributes_v2/pattern_v3_hierarchical/per_instance/006_item1_trousers.jpg,33232,ed5d0ec48590c7135498c6384e46d22b808fecf427db470bcdd397681ff48e1c
outputs/prd_integration/predicted_roi_attributes_v2/pattern_v3_hierarchical/per_instance/007_item2_skirt.jpg,25416,cb477b8cb6727101cf8c29a4e5618d12147a7d8247a350c37aae269573c58c5f
outputs/prd_integration/predicted_roi_attributes_v2/pattern_v3_hierarchical/per_instance/008_item1_long_sleeve_dress.jpg,139645,1543af0533dc552e657ea3911fbcc6af979588e5c9d4faef07b4614bd86edaa4
outputs/prd_integration/predicted_roi_attributes_v2/pattern_v3_hierarchical/per_instance/009_item2_shorts.jpg,141489,3301ba5a9a48e5e336007793018cabb4b2b67bbef859d6f150859c979f2061e2
outputs/prd_integration/predicted_roi_attributes_v2/pattern_v3_hierarchical/per_instance/010_item1_short_sleeve_top.jpg,34718,aaa6592ea5302a7bcee6d319ccad6ca75711ecc60b72f63f489189ccf460ef16
outputs/prd_integration/predicted_roi_attributes_v2/pattern_v3_hierarchical/per_instance/011_item1_trousers.jpg,71941,8fc86c1492348bf03b7ea8b295b9e5498f76f11a92edfca7d7872a48a07eaa86
outputs/prd_integration/predicted_roi_attributes_v2/pattern_v3_hierarchical/per_instance/012_item2_shorts.jpg,21954,a7acb9904a31271e469a5a7a92b54bdc1bfec8bf5bb265b9d6c280056710ebee
outputs/prd_integration/predicted_roi_fullval_v1/004648/pred_01_top_crop.jpg,37214,b617f99e4281f381346015c24e7ea4bb0659c321aae172c3905fea7967954a05
outputs/prd_integration/predicted_roi_fullval_v1/004648/pred_01_top_mask.png,1850,1c5ccc169168a2ec24f278dd3e1148543061f1832e93d194fa099c122b1f233c
outputs/prd_integration/predicted_roi_fullval_v1/004648/pred_01_top_masked.jpg,29778,893c5a94db826970285465f9363cdf4f5d81353647b62356d904f3f1fd7b97f8
outputs/prd_integration/predicted_roi_fullval_v1/004648/pred_02_dress_crop.jpg,75718,183bdfb4569c7c4eb2ff6f19624b78d9ea7c45bac54fc520f9413845bf1e73ec
outputs/prd_integration/predicted_roi_fullval_v1/004648/pred_02_dress_mask.png,3235,b4a241966efe10ef67bffdc8ae875fa3d6d087d6775d8f31d1858dc3c056fd6b
outputs/prd_integration/predicted_roi_fullval_v1/004648/pred_02_dress_masked.jpg,57524,2c0f4ca03f4ea39a586440a89bd46e371538962bdee5fba85c4742678fc0856a
outputs/prd_integration/predicted_roi_fullval_v1/013010/pred_01_top_crop.jpg,10174,f9c8b1caef36fc705f20af24c880b3297410c06897a61ac55e6b012d4afe43c2
outputs/prd_integration/predicted_roi_fullval_v1/013010/pred_01_top_mask.png,560,3563bfaaf85a545c9c793f7003bb15c05c3d8352f2e215c01969c8385274fbac
outputs/prd_integration/predicted_roi_fullval_v1/013010/pred_01_top_masked.jpg,7871,355df236e391d9095852fdeff3b1a82129108317e3494689cfef097bcb8414cb
outputs/prd_integration/predicted_roi_fullval_v1/013010/pred_02_shoe_crop.jpg,3057,5b89ebc60dae81ec320ea1fb7426685dfaa79c3bac9884310ab6be39f6bffc36
outputs/prd_integration/predicted_roi_fullval_v1/013010/pred_02_shoe_mask.png,408,c74dfa116ded94f0fe312f4d42db21faa270625b707990df7bd1f7b2bda402c9
outputs/prd_integration/predicted_roi_fullval_v1/013010/pred_02_shoe_masked.jpg,2688,fbd2718b51a0fe9c723eb1281c3cf33350c79fb719f6dbd33c3a41297031d997
outputs/prd_integration/predicted_roi_fullval_v1/015031/pred_01_dress_crop.jpg,64865,70e1ddb26d4d0614f2e87a2f3dff303709dd7afeabe99e45c36e7f2746b37884
outputs/prd_integration/predicted_roi_fullval_v1/015031/pred_01_dress_mask.png,1987,b9343d3b266e0decaacbd9b2f1137298226717427585947a98d2721a8e552255
outputs/prd_integration/predicted_roi_fullval_v1/015031/pred_01_dress_masked.jpg,49340,d50886d7a6ed9aa2a1b05855868c12763e2d6be03abce79ecbbebb584cb2e6f7
outputs/prd_integration/predicted_roi_fullval_v1/019779/pred_01_pants_crop.jpg,30189,64f1ae054e8ed19f2b2392145a41e214824fc705872f7570774aa8c1c774d956
outputs/prd_integration/predicted_roi_fullval_v1/019779/pred_01_pants_mask.png,1702,fb5b7a1fefd42dc205c5e0ef191df290d89b67f91ff28d23cef0edbd9b9bca51
outputs/prd_integration/predicted_roi_fullval_v1/019779/pred_01_pants_masked.jpg,23072,4af428599dc3d005458606990c31afe3fa1635c45825d4fa674d2165eb0cb2c8
outputs/prd_integration/predicted_roi_fullval_v1/032014/pred_01_top_crop.jpg,64338,0530ba267804765299cc356a8798e4e2fdff8950cf3ed136695d40e19a638360
outputs/prd_integration/predicted_roi_fullval_v1/032014/pred_01_top_mask.png,2357,5201f845346b38f04f9cfdea1e3c8204c8d514e035651fb8ba2f3c7665a19341
outputs/prd_integration/predicted_roi_fullval_v1/032014/pred_01_top_masked.jpg,55790,8ed6b96561eb0c91008f42f188a6c2666608a267619ed950fb2eab589e2bc965
outputs/prd_integration/predicted_roi_fullval_v1/051719/pred_01_pants_crop.jpg,49424,4a16f6633792c9a59d6bbb695ba64af2b5ffe5079f4c7cb6a4d45a044bb60bb7
outputs/prd_integration/predicted_roi_fullval_v1/051719/pred_01_pants_mask.png,1948,1fe7dd6d9c35eab01c909594a74470a3b584f68d9a4c305f0556bc6de4e5f785
outputs/prd_integration/predicted_roi_fullval_v1/051719/pred_01_pants_masked.jpg,37466,677e69fd197269acacf11ab8ff34174a71e6297f843f8d4af0586686c87a9fb8
outputs/prd_integration/predicted_roi_fullval_v1/051719/pred_02_pants_crop.jpg,46190,5d2a8c607bc690b848be1d3697dc92e6dce59c2f7f8490c709318cf95fadcf20
outputs/prd_integration/predicted_roi_fullval_v1/051719/pred_02_pants_mask.png,2404,b44cf5c55c9aee72efb820616188b2d3e3cb93a699200e6c4e09aef01a22362f
outputs/prd_integration/predicted_roi_fullval_v1/051719/pred_02_pants_masked.jpg,39015,d68f850f2e65543c9382171f8e0fd7dab4fb53677ce94733501ec1980b9d6ba4
outputs/prd_integration/predicted_roi_fullval_v1/051719/pred_03_pants_crop.jpg,97626,a509d68e7530f6ff46d4a8bcdf92c5a8a703f8c415a60b890f7bca1204d14955
outputs/prd_integration/predicted_roi_fullval_v1/051719/pred_03_pants_mask.png,3298,618c6edf7afc1656fe1c8c78dcb9b88baa6f71fcc4a1ad8677346dd720c04699
outputs/prd_integration/predicted_roi_fullval_v1/051719/pred_03_pants_masked.jpg,68365,6bc61943d8b4456c3a4252bf6f76d280c91f6e5d8b387aa68c32d306da82eeb4
outputs/prd_integration/predicted_roi_fullval_v1/073497/pred_01_pants_crop.jpg,32486,313c9a2ed31d0c7aaadc35e9bc45bff7bf5017ae418495b99eaa75c19453c283
outputs/prd_integration/predicted_roi_fullval_v1/073497/pred_01_pants_mask.png,1492,2f8e5128dfcd0da571d51eb5826cc775c8ebfd01214c975040203d993ee4d24b
outputs/prd_integration/predicted_roi_fullval_v1/073497/pred_01_pants_masked.jpg,27988,5f43cebac151810bd65e6359c509d7e22b08dd9cfff20fc78eebd4f4aa88bd2f
outputs/prd_integration/predicted_roi_fullval_v1/073497/pred_02_top_crop.jpg,8676,e0a374b77c3950c770d6c67089180003569c5b6d0eff3bdea500e8741070c465
outputs/prd_integration/predicted_roi_fullval_v1/073497/pred_02_top_mask.png,613,4177a07e26720aabee8b6ef305ecd177764cd6619834de9f5431135fe34936e4
outputs/prd_integration/predicted_roi_fullval_v1/073497/pred_02_top_masked.jpg,8166,0c4fc91a31ac008b3273a92af9c7d3c40d06933677f4be28aab1962d020947af
outputs/prd_integration/predicted_roi_fullval_v1/079537/pred_01_accessory_crop.jpg,4034,f12bd11e6082c16e2f191d18b4e0d9c431408b6fd2d5c1fa4eda3532e41d399f
outputs/prd_integration/predicted_roi_fullval_v1/079537/pred_01_accessory_mask.png,403,89737bf1660bb96050ca2f4807f5ce551b8f5b7a00a3f86a3ffad968aa1e56bf
outputs/prd_integration/predicted_roi_fullval_v1/079537/pred_01_accessory_masked.jpg,3008,afdf5fccc816a68fc59f75ef3d71d6a85a8a33446ecd70a39c0a40c377f5a5e8
outputs/prd_integration/predicted_roi_fullval_v1/079537/pred_02_top_crop.jpg,21527,a83740f2461ddab2e57580c8f933d05e3649ede12aadb8060cf890c500a63ae2
outputs/prd_integration/predicted_roi_fullval_v1/079537/pred_02_top_mask.png,775,0fe7424376497bd8961f0af3904f9cd7a9d6cf86a08b86b9604673d819fde9a4
outputs/prd_integration/predicted_roi_fullval_v1/079537/pred_02_top_masked.jpg,19901,0f62011a94fc0e9b9a3ce11be420e8ef21edf05f7e56b1f537cc54adb9598bea
outputs/prd_integration/predicted_roi_fullval_v1/096778/pred_01_dress_crop.jpg,96295,68aa67d3e3940a8e121f989a11ec8eff1702ddedc225acc7089795dabaffed85
outputs/prd_integration/predicted_roi_fullval_v1/096778/pred_01_dress_mask.png,2701,5f5d35a89a7fd3fe5b185cb8aebe1ae8555770583fde9ba455ffee653a264e84
outputs/prd_integration/predicted_roi_fullval_v1/096778/pred_01_dress_masked.jpg,74624,1ab3c0c434fa64f3b3e0add1110dcb7ee9e42c11fa0413fbe9f6657ca096af42
outputs/prd_integration/predicted_roi_fullval_v1/101034/pred_01_bag_crop.jpg,18531,f4a5d740a3036119b531c38548e6fab8974cb952718cb792ea04d1f9d8e91844
outputs/prd_integration/predicted_roi_fullval_v1/101034/pred_01_bag_mask.png,1157,0884fd672251c491d55917b0b16c1e94482fb7361041605020c2a7a402b9f189
outputs/prd_integration/predicted_roi_fullval_v1/101034/pred_01_bag_masked.jpg,12004,7ca1f132b73b90167d960f38c19be9f54ccc1b4efb50ead94a3d0e380bdc8a05
outputs/prd_integration/predicted_roi_fullval_v1/101034/pred_02_top_crop.jpg,42966,78185e3abcb46ca212775c1531443b8de92eff5d8524e28176b9226d97165b10
outputs/prd_integration/predicted_roi_fullval_v1/101034/pred_02_top_mask.png,1410,4baae51c23c0ac123068734eba17fde7bad3b1fd1c11e97b3cfd35d47a263428
outputs/prd_integration/predicted_roi_fullval_v1/101034/pred_02_top_masked.jpg,26358,ef75a77b98e395ec489dd5da2c8398e368537eb8e87e8b0cab77db8b1714387a
outputs/prd_integration/predicted_roi_fullval_v1/101034/pred_03_dress_crop.jpg,73676,6b3f38fe65c34db0192f0fe1277a878b7895a9621d515fe1cc2a7cbe5219d999
outputs/prd_integration/predicted_roi_fullval_v1/101034/pred_03_dress_mask.png,2441,cb791e4a6655050f79b7b9cafbca3651ff3fe61ecaa4ad5093cfccd8b4926430
outputs/prd_integration/predicted_roi_fullval_v1/101034/pred_03_dress_masked.jpg,55708,99198bab84c9e30ff1111dca7fb89fdcef08aa2d6588f6c866cd6e365cf074e2
outputs/prd_integration/predicted_roi_fullval_v1/101034/pred_04_outerwear_crop.jpg,86165,155fe7d9e28ce0366695aa56367f4634868c465cff178a7d5871fdf791553bcf
outputs/prd_integration/predicted_roi_fullval_v1/101034/pred_04_outerwear_mask.png,2684,cd6e434ab950a24718a2f6c78fd183a3228a49052256f0c4bbfd4768049b9b8c
outputs/prd_integration/predicted_roi_fullval_v1/101034/pred_04_outerwear_masked.jpg,56388,5b00925655ab1e88508b39e0e0cc69e59a578fa8f13efbd029d79f715fc749e4
outputs/prd_integration/predicted_roi_fullval_v1/114238/pred_01_outerwear_crop.jpg,139844,e0bb3a63ceb82737898dcf7f56c1bc43932a807c11c92e0474a80a6bca80fd72
outputs/prd_integration/predicted_roi_fullval_v1/114238/pred_01_outerwear_mask.png,4948,f797d0ab15c8ba7337090b48a95f1d03eff30f93b385e34d3a44c53e5c1e355c
outputs/prd_integration/predicted_roi_fullval_v1/114238/pred_01_outerwear_masked.jpg,91861,5bdb65a031229c282a6e2670a92da43ee0866eaf9591d3e30b9c660b9adbaaa0
outputs/prd_integration/predicted_roi_fullval_v1/124892/pred_01_top_crop.jpg,29242,25697e2a813fb4045b98b74ae714735d3b3a5203ab58008263253b1fe596077c
outputs/prd_integration/predicted_roi_fullval_v1/124892/pred_01_top_mask.png,1216,fef885d438105b62183f0c52cec34cb948c06f4b20112b0e3affe75b2506763c
outputs/prd_integration/predicted_roi_fullval_v1/124892/pred_01_top_masked.jpg,27525,9e63da8b32607cd620a753ecf56992fc76d56648a90bce0690e3c97bce56093d
outputs/prd_integration/predicted_roi_fullval_v1/124892/pred_02_skirt_crop.jpg,169630,7ea572cc18a12654fdd7a78002bfbd6aaa699a0c2091a33f5990eed1e23bdd86
outputs/prd_integration/predicted_roi_fullval_v1/124892/pred_02_skirt_mask.png,2575,c989f862b19def73d6bb3c21b15d4d4f5a05c1ce17a8657f647b63b4468914c4
outputs/prd_integration/predicted_roi_fullval_v1/124892/pred_02_skirt_masked.jpg,159565,ac848fd4c1111db1ec1e50102fb369dd4a7671ec9e96121810d70fecc0b0401e
outputs/prd_integration/predicted_roi_fullval_v1/142658/pred_01_top_crop.jpg,24149,8830e30b2534500cab974f12909100ca5f139b85223b378f75e623cc08327047
outputs/prd_integration/predicted_roi_fullval_v1/142658/pred_01_top_mask.png,1320,61e930bbd51c644ca9d1dcd9af3157440cb61bf1c8b206434ab32571bfedf754
outputs/prd_integration/predicted_roi_fullval_v1/142658/pred_01_top_masked.jpg,14440,efa9b2cc536f118080de92f0ebca3bdad6da4615ea73cec04097307dab5c62a5
outputs/prd_integration/predicted_roi_fullval_v1/142658/pred_02_pants_crop.jpg,41372,70651649abdd30dc25f040137436b21d7e329a84f2fcc6163df6e89d4029398b
outputs/prd_integration/predicted_roi_fullval_v1/142658/pred_02_pants_mask.png,1500,08ce9f84fbaa9f942a5955fe171cd8623acb320586cb1dcd82b455918e510815
outputs/prd_integration/predicted_roi_fullval_v1/142658/pred_02_pants_masked.jpg,25021,3532b8aad9d517720ad1c648d9db737e031d64a333875d408a275be0418b4f62
outputs/prd_integration/predicted_roi_fullval_v1/152326/pred_01_top_crop.jpg,90818,971006f2cd7450f399600dab2648b047675ec29944a2c1a7af3f012c1ef93911
outputs/prd_integration/predicted_roi_fullval_v1/152326/pred_01_top_mask.png,2846,66b9b3fc548c6013ac31e5f5797ad4ab0a43fc880c4264b6cd88a541146beefa
outputs/prd_integration/predicted_roi_fullval_v1/152326/pred_01_top_masked.jpg,85385,ca5eb2a3bb2f2162241d8213f85dcc56115273bb5a2c915e53597e971aaa0437
outputs/prd_integration/predicted_roi_fullval_v1/152326/pred_02_skirt_crop.jpg,28960,4b7a80d26d0fe0b3b5b9cad31d79de5d6dc2ac42d702af658848f110edb5fdf6
outputs/prd_integration/predicted_roi_fullval_v1/152326/pred_02_skirt_mask.png,1237,fa0ca40b32bd36dc5369d0657a1d479e6679060eff3c304fcdfe7f80250d1dca
outputs/prd_integration/predicted_roi_fullval_v1/152326/pred_02_skirt_masked.jpg,26977,559f3109a6161e2266503ae5fb1849ae3a4fd31a5a0d73c3e97462d467749b67
outputs/prd_integration/predicted_roi_fullval_v1/152326/pred_03_pants_crop.jpg,29239,c0b6ab8a7f1dc1a695fa1737983b48ef27ce916be729a81aeb95971850806a65
outputs/prd_integration/predicted_roi_fullval_v1/152326/pred_03_pants_mask.png,1243,45e4d6f23733879882a727d157495379f749e020da1bce4c4b63c6803fe0f1e2
outputs/prd_integration/predicted_roi_fullval_v1/152326/pred_03_pants_masked.jpg,28291,43acce1ed22010069bfab5afeb4a8b0623475668fd0a0a767e4f9adea4db82d8
outputs/prd_integration/predicted_roi_fullval_v1/174323/pred_01_pants_crop.jpg,26433,a8894e663fb4618168622dc9eb9e838341e6819be2a3071cc476f58ea54e7bd0
outputs/prd_integration/predicted_roi_fullval_v1/174323/pred_01_pants_mask.png,1780,d2ee0962c862c61542ac8737034261a883532003123ee3340a92aba1f26aea5e
outputs/prd_integration/predicted_roi_fullval_v1/174323/pred_01_pants_masked.jpg,20837,cf8fa62b76913371c4f1b8773f6947978ccf9818e92c6319a428c0832ac09837
outputs/prd_integration/predicted_roi_fullval_v1/174323/pred_02_skirt_crop.jpg,68247,2e49884c6dffec7ad1ce5d3492ed8f1c58566306a361b125e4ca609fade524d3
outputs/prd_integration/predicted_roi_fullval_v1/174323/pred_02_skirt_mask.png,3092,958d08f37aaf6a21b75cce6af292c558c8e9245ab1f26e6f61907af34e8909ff
outputs/prd_integration/predicted_roi_fullval_v1/174323/pred_02_skirt_masked.jpg,48793,8dd8fbe7472161c495c42de65a1648e4d45bbd5b61b3683fa5eac774377a58c4
outputs/prd_integration/predicted_roi_fullval_v1/174323/pred_03_pants_crop.jpg,84391,219e7a4354d2d1dd1a123a827ca8948efa873a47cc97d0b9f674a874cc6a06a3
outputs/prd_integration/predicted_roi_fullval_v1/174323/pred_03_pants_mask.png,2881,2f56c1186c5fda704efc13b909bbd1b0c48ad9e843ccf762547dd7aeef24ba4c
outputs/prd_integration/predicted_roi_fullval_v1/174323/pred_03_pants_masked.jpg,57138,3324e6b16830a996c335b41d7d482c82dba799bc5bf41cc91533ffebc69f967c
outputs/prd_integration/predicted_roi_fullval_v1/178287/pred_01_pants_crop.jpg,31589,1f0dde59135b49dc041c3f5b79dcaf376dbb4788e3d564f407bbd008f925fe88
outputs/prd_integration/predicted_roi_fullval_v1/178287/pred_01_pants_mask.png,1519,c0082379203a2ec3d858a5924fdad573c616653cebb49e4ac0db1099a080678c
outputs/prd_integration/predicted_roi_fullval_v1/178287/pred_01_pants_masked.jpg,16061,08cbe2cccb7f9a4751534f0c3e3bc9e363f0a2743ce6f8de7e773df2705c4e31
outputs/prd_integration/predicted_roi_fullval_v1/184087/pred_01_dress_crop.jpg,238633,aba91fe1d25bf39189d58459a1d6c30d7da8c140b42095424c81379acc0a417f
outputs/prd_integration/predicted_roi_fullval_v1/184087/pred_01_dress_mask.png,5491,e3953e7d4deee1c0f537352f5825583059dea126a976c7bb98ea89e329f93f0a
outputs/prd_integration/predicted_roi_fullval_v1/184087/pred_01_dress_masked.jpg,152761,2d6cf2f02725295ed09671212e1d0fa611abc9d3ed91a4638c306f32a95ce3bf
outputs/prd_integration/predicted_roi_fullval_v1/311db0d6f5b7be84ac3c952a443ef981/pred_01_shoe_crop.jpg,2138,5cf3f43613782b1c6501b71e51ab160c6c8a22d259ff8a915913039e2d7c254a
outputs/prd_integration/predicted_roi_fullval_v1/311db0d6f5b7be84ac3c952a443ef981/pred_01_shoe_mask.png,211,8894a1f2c81ba321575cbf358c2a466f8fe1d70ecb1cacf3fd2f6c0799fc9422
outputs/prd_integration/predicted_roi_fullval_v1/311db0d6f5b7be84ac3c952a443ef981/pred_01_shoe_masked.jpg,2158,d3145ac93042801391896c8df81d753056fc7f23d194c3411004497ea15521e0
outputs/prd_integration/predicted_roi_fullval_v1/32227cade6d3646824f9c0f3fa9dc9e7/pred_01_pants_crop.jpg,22877,a6e8c4b9ea2eed0b58f536e40abe59b6c9f5a5c8fa0c69bad3a356f80075e582
outputs/prd_integration/predicted_roi_fullval_v1/32227cade6d3646824f9c0f3fa9dc9e7/pred_01_pants_mask.png,1234,5db5d0398a7cef512e24320c121c734e69de293bf192b175f5373d62fa31b17d
outputs/prd_integration/predicted_roi_fullval_v1/32227cade6d3646824f9c0f3fa9dc9e7/pred_01_pants_masked.jpg,14976,bc408e89071516e2284783dd4315001af81472a22038674cb271d7a13e9e2164
outputs/prd_integration/predicted_roi_fullval_v1/32227cade6d3646824f9c0f3fa9dc9e7/pred_02_accessory_crop.jpg,1965,f65e54999e8bfbdc5667f2268aa3cdb4e1c8cef7f4c536394811bc368ebeb21d
outputs/prd_integration/predicted_roi_fullval_v1/32227cade6d3646824f9c0f3fa9dc9e7/pred_02_accessory_mask.png,187,06b75c7f1e384399d31a15ba3ed55f393b5d5b4c8d8f9fbe51bdb927a2a198b2
outputs/prd_integration/predicted_roi_fullval_v1/32227cade6d3646824f9c0f3fa9dc9e7/pred_02_accessory_masked.jpg,2110,12c3256e95183618573701d6cf5c2f99ce462d7a4f6f8ff45852a989547ab980
outputs/prd_integration/predicted_roi_fullval_v1/33846044d27032d3988b9b4b7e22e252/pred_01_shoe_crop.jpg,2295,2f5bd24e049de22981c14e178040dc4dcca66dc3ffcb88396575e3969ab1b7d8
outputs/prd_integration/predicted_roi_fullval_v1/33846044d27032d3988b9b4b7e22e252/pred_01_shoe_mask.png,200,9a8478d40717eff35e3b1aa5b20245302d19c042f9ab3b7a495ef35943eb9adb
outputs/prd_integration/predicted_roi_fullval_v1/33846044d27032d3988b9b4b7e22e252/pred_01_shoe_masked.jpg,2033,0860c96c2120a3be5b87ea1a0c331199fe79cfd3450231965d5d1bcd4490b48e
outputs/prd_integration/predicted_roi_fullval_v1/33cfdcbd48019b09e36a78c428bbae1d/pred_01_top_crop.jpg,52435,92ef9451a8457abcf6888609bca7480aaba7903eb0de8d3e5c67bd7ab5a20e11
outputs/prd_integration/predicted_roi_fullval_v1/33cfdcbd48019b09e36a78c428bbae1d/pred_01_top_mask.png,1487,527c62dc21ed87d26c0ccca906cd5677c13123f950718c9b998037b8af3ecd95
outputs/prd_integration/predicted_roi_fullval_v1/33cfdcbd48019b09e36a78c428bbae1d/pred_01_top_masked.jpg,41731,ec591a9f39a7dc76bb2dd419813c628843e23cb78980dc9d30ef646f0c4f740f
outputs/prd_integration/predicted_roi_fullval_v1/33cfdcbd48019b09e36a78c428bbae1d/pred_02_shoe_crop.jpg,3688,4548c8be6efb21f5bce638af6af02c348d8d1f4a9aa58e3d0d77ea330913597c
outputs/prd_integration/predicted_roi_fullval_v1/33cfdcbd48019b09e36a78c428bbae1d/pred_02_shoe_mask.png,395,cb1d9c20f3bcfa0a044ea5c904814c196c113fb00495a3619bc2d480d4fdf6ce
outputs/prd_integration/predicted_roi_fullval_v1/33cfdcbd48019b09e36a78c428bbae1d/pred_02_shoe_masked.jpg,3495,4a6c6d1e6176f553cb62aa5da3cffd719313dd1fbc4928c89fb7498e5898ce3d
outputs/prd_integration/predicted_roi_fullval_v1/3bf082a96a03a1c8f75e1d1d0ebf42d2/pred_01_accessory_crop.jpg,4874,5e40ec085a8c561ac8cdd78a74125ff74c81b65c3bbffdf0801674cb9b69ea3f
outputs/prd_integration/predicted_roi_fullval_v1/3bf082a96a03a1c8f75e1d1d0ebf42d2/pred_01_accessory_mask.png,587,d55db3d82852dbb0ccdaabdf2e9b9f7d255c3978a0fcdd2716065f5392da3282
outputs/prd_integration/predicted_roi_fullval_v1/3bf082a96a03a1c8f75e1d1d0ebf42d2/pred_01_accessory_masked.jpg,4587,f88db2789fbf34052e5727ab88fbacde00a9f8db4c2a4a05b5f1b6898edef911
outputs/prd_integration/predicted_roi_fullval_v1/4f23f05daee3cbdd96295f84825e3581/pred_01_bag_crop.jpg,23896,330270c2cfa00e809bcc147cfa1668c8d726d4bd6ed5982e0e97fef27a4dd143
outputs/prd_integration/predicted_roi_fullval_v1/4f23f05daee3cbdd96295f84825e3581/pred_01_bag_mask.png,1341,e7c6832ad393edc82e6b6250177c22c6b2ed1d48de685020830d840cdbcbd602
outputs/prd_integration/predicted_roi_fullval_v1/4f23f05daee3cbdd96295f84825e3581/pred_01_bag_masked.jpg,9267,2f685896cdc7c16661ac615cbc1c8aa5375aa68dc86aad0644129626879a9e31
outputs/prd_integration/predicted_roi_fullval_v1/4f23f05daee3cbdd96295f84825e3581/pred_02_shoe_crop.jpg,1896,7061f324701eb029efd13a91be030cffe7ab8c2e123320628862a7dd4372afb0
outputs/prd_integration/predicted_roi_fullval_v1/4f23f05daee3cbdd96295f84825e3581/pred_02_shoe_mask.png,245,64940c37d0cd5b1e92cfe40e7ef6bb3cfea351e5320765c1b9ecdafb32853e85
outputs/prd_integration/predicted_roi_fullval_v1/4f23f05daee3cbdd96295f84825e3581/pred_02_shoe_masked.jpg,2012,83e6f45162ea12f26a80dbfb594e0ec934d1473f4b7406065c36f5435171bb52
outputs/prd_integration/predicted_roi_fullval_v1/4f23f05daee3cbdd96295f84825e3581/pred_03_shoe_crop.jpg,4331,f350f805f4cb7821832e984e10851d2707292caed4947a3acddc231d490cd680
outputs/prd_integration/predicted_roi_fullval_v1/4f23f05daee3cbdd96295f84825e3581/pred_03_shoe_mask.png,399,92acbf9a4ca1b016ffc33887d2f7606fac5f137910f0841f4a885e2137e6906f
outputs/prd_integration/predicted_roi_fullval_v1/4f23f05daee3cbdd96295f84825e3581/pred_03_shoe_masked.jpg,3721,8e37017e8fd2eb255f2c3e8d09deb463a01f8115fba4390f66ac887ed568e10a
outputs/prd_integration/predicted_roi_fullval_v1/4f23f05daee3cbdd96295f84825e3581/pred_04_bag_crop.jpg,9345,20855aa4749d0c504e926b6eb6d838f6d37a2eafc99b9b31acb8f3f5ca878752
outputs/prd_integration/predicted_roi_fullval_v1/4f23f05daee3cbdd96295f84825e3581/pred_04_bag_mask.png,702,6995124f49ae96e0cb13761714a9347b4f0cf4c35641f13ac83e9f0abaa3667b
outputs/prd_integration/predicted_roi_fullval_v1/4f23f05daee3cbdd96295f84825e3581/pred_04_bag_masked.jpg,6079,7586c00c64864101443e164777afe8e829bebcf37a2888e7f92fbfb0e7918e5e
outputs/prd_integration/predicted_roi_fullval_v1/4f23f05daee3cbdd96295f84825e3581/pred_05_shoe_crop.jpg,2590,9eb7537beb73112a629575f35d25ed6df6957bab29dbb9265d56b2e06570bb27
outputs/prd_integration/predicted_roi_fullval_v1/4f23f05daee3cbdd96295f84825e3581/pred_05_shoe_mask.png,278,1edddad55b7d72b7db4e0fabb06d8788860ef2880e2cc472a3d6f949c93cd2e0
outputs/prd_integration/predicted_roi_fullval_v1/4f23f05daee3cbdd96295f84825e3581/pred_05_shoe_masked.jpg,2864,35cfce9a80dcd2bff6a75d83191dab178a21b0889c6f98c41b7dacef5cfce6f0
outputs/prd_integration/predicted_roi_fullval_v1/77435fc234059dcb9e0bb3d73382bcc7/pred_01_bag_crop.jpg,15341,e77e61ac531e25a3e56aecfce196ca230d7ae707f2c471b3d4da8d8fead20169
outputs/prd_integration/predicted_roi_fullval_v1/77435fc234059dcb9e0bb3d73382bcc7/pred_01_bag_mask.png,627,df5498fe424cbe0aef96ce6b5b8416b19ef6a573eacf43a5e7780b35c881b589
outputs/prd_integration/predicted_roi_fullval_v1/77435fc234059dcb9e0bb3d73382bcc7/pred_01_bag_masked.jpg,6652,ea82c6b3eea20d5c6bebd22fc5cf8616596ac9f1ffa28a96fa714ca46b70bdc6
outputs/prd_integration/predicted_roi_fullval_v1/77435fc234059dcb9e0bb3d73382bcc7/pred_02_bag_crop.jpg,18533,bb537c0917c54b9ff7f4fc23672851db73373c98b4607b544df99828e85c600f
outputs/prd_integration/predicted_roi_fullval_v1/77435fc234059dcb9e0bb3d73382bcc7/pred_02_bag_mask.png,242,37e48cf5171800460e17e9dd127f02f30056816415d8c3e6c631bbe4e5353ceb
outputs/prd_integration/predicted_roi_fullval_v1/77435fc234059dcb9e0bb3d73382bcc7/pred_02_bag_masked.jpg,1848,cffcdd2a4496bbe460889db750fdd6695b0e6d9600784b761ed4e8ff157ac4c3
outputs/prd_integration/predicted_roi_fullval_v1/89144779b3e40421facdb2eb70309356/pred_01_bag_crop.jpg,13222,71bdbae7b58f976bab806ae29828e1298c2ed6bd3df1186d78aadd6db557f1ac
outputs/prd_integration/predicted_roi_fullval_v1/89144779b3e40421facdb2eb70309356/pred_01_bag_mask.png,886,917ad9ef495871137b7aa52f85ffeaa968e77a59f94e060eccd150814ab45c75
outputs/prd_integration/predicted_roi_fullval_v1/89144779b3e40421facdb2eb70309356/pred_01_bag_masked.jpg,6358,c0fe72375a82f9793f722b8c35a3ae9174efd8a7e627593192cbc1193f0fd8e4
outputs/prd_integration/predicted_roi_fullval_v1/89144779b3e40421facdb2eb70309356/pred_02_dress_crop.jpg,43050,71f2d0c04dda2a8a391a901f9c35c4527c5e385ea710e47a514028144538d834
outputs/prd_integration/predicted_roi_fullval_v1/89144779b3e40421facdb2eb70309356/pred_02_dress_mask.png,2125,8454ed50d3b5c5dc02100f7dd5badf9668efb5b90574912856a0f21666fa3043
outputs/prd_integration/predicted_roi_fullval_v1/89144779b3e40421facdb2eb70309356/pred_02_dress_masked.jpg,32837,b1c932aa13157a228c58b16c4e4d124227fbbb766be7a25bf13d64a5a86641bc
outputs/prd_integration/predicted_roi_fullval_v1/89144779b3e40421facdb2eb70309356/pred_03_bag_crop.jpg,20438,0480ec4feacbfdf7244e5bb46f280bdea1d24326e56d1a86a66699ceeb3e0a26
outputs/prd_integration/predicted_roi_fullval_v1/89144779b3e40421facdb2eb70309356/pred_03_bag_mask.png,835,e81545e08bbacabcdc28c227f1392223ff996ea072019d50c1057c8f4eb7e5a5
outputs/prd_integration/predicted_roi_fullval_v1/89144779b3e40421facdb2eb70309356/pred_03_bag_masked.jpg,5756,1206e6af513082ab31f415a64d4114ba32ec026c7548caf2f5d63fe006a4ae8f
outputs/prd_integration/predicted_roi_fullval_v1/89f6e3ad94e5493906b4f3d0e16bdae1/pred_01_accessory_crop.jpg,5404,d0747892d510c6d111b866b9abc7282477f66f8be9939fdc843bd74acf641a36
outputs/prd_integration/predicted_roi_fullval_v1/89f6e3ad94e5493906b4f3d0e16bdae1/pred_01_accessory_mask.png,478,c0c176ed0f5658671c9310c5fe553486d4c8615bff211b90e10af9393a6f2f95
outputs/prd_integration/predicted_roi_fullval_v1/89f6e3ad94e5493906b4f3d0e16bdae1/pred_01_accessory_masked.jpg,4697,dafe853e2703f02348ed472ef3dc78dacfd937be16d8540a241c9b3db31ce168
outputs/prd_integration/predicted_roi_fullval_v1/89f6e3ad94e5493906b4f3d0e16bdae1/pred_02_top_crop.jpg,153550,b13705ffa1de8be2b247d999a8e6968fce333dfeaa57e7b61af185bc43b07199
outputs/prd_integration/predicted_roi_fullval_v1/89f6e3ad94e5493906b4f3d0e16bdae1/pred_02_top_mask.png,4223,6c3c5a48bb18bfcb2f865af245a85d073bc07449adb342cba9a2137ffe70a0a8
outputs/prd_integration/predicted_roi_fullval_v1/89f6e3ad94e5493906b4f3d0e16bdae1/pred_02_top_masked.jpg,118752,610209182b93af1aba1eab0ab82cfad48055ef141ecb82c84345bbeef3dbd769
outputs/prd_integration/predicted_roi_fullval_v1/cdd175f26ac87c01ec64fb2f02268654/pred_01_bag_crop.jpg,13517,083214966f1345eaf24204ed823247ec449e1115964d6704c0713d975afac203
outputs/prd_integration/predicted_roi_fullval_v1/cdd175f26ac87c01ec64fb2f02268654/pred_01_bag_mask.png,778,05fea0d73105e666618368f8080469abecfb03514a77126d5ec41f1972d6e297
outputs/prd_integration/predicted_roi_fullval_v1/cdd175f26ac87c01ec64fb2f02268654/pred_01_bag_masked.jpg,7709,dee11568d19e0018ca81bbd900070aab2af30603a0feea2d50ce20d3b158cdea
outputs/prd_integration/predicted_roi_fullval_v1/contact_sheet.jpg,524400,ffd6784ad82672d3f7b794df50de04317fd23cefd47aa37bfc6c23ef137503a0
outputs/prd_integration/predicted_roi_fullval_v1/dd4525a10b6110df29f0a6b19e6b924b/pred_01_shoe_crop.jpg,2317,23a01ad1e773f8ba41a6c443d8436f1904cb0280a3e970050327088ec9d17a2a
outputs/prd_integration/predicted_roi_fullval_v1/dd4525a10b6110df29f0a6b19e6b924b/pred_01_shoe_mask.png,218,ec5a3f2695ffd972bde2da12973cd47edd8d77938af7175f74d971345f501b2b
outputs/prd_integration/predicted_roi_fullval_v1/dd4525a10b6110df29f0a6b19e6b924b/pred_01_shoe_masked.jpg,2341,65e7952917cfcc3fe884c09071bd6e2813baf8cce0af289136d5b7b0d60944b9
outputs/prd_integration/predicted_roi_fullval_v1/dd4525a10b6110df29f0a6b19e6b924b/pred_02_shoe_crop.jpg,1838,10e46b2d889383446f1b7bf3124c58f291c39ce8d086acc9887b282b1103924c
outputs/prd_integration/predicted_roi_fullval_v1/dd4525a10b6110df29f0a6b19e6b924b/pred_02_shoe_mask.png,204,80f4d2d9fda20645397266c733031ad1311b833d769faa8004783c83ef3324d3
outputs/prd_integration/predicted_roi_fullval_v1/dd4525a10b6110df29f0a6b19e6b924b/pred_02_shoe_masked.jpg,2072,98d20cd97bd48cbfec59c2997fc1c970f6450e6965e525d20de5ab6f0eed9c06
outputs/prd_integration/predicted_roi_fullval_v1/dd4525a10b6110df29f0a6b19e6b924b/pred_03_accessory_crop.jpg,2034,4d88ddc27e483a6383a33ebd7167c1f8f77bc5f50e77f713925f7e69af8e0cd0
outputs/prd_integration/predicted_roi_fullval_v1/dd4525a10b6110df29f0a6b19e6b924b/pred_03_accessory_mask.png,137,d3e4540edb0ae4258ddcfd86316342ac4d6164d21095c3117cd9b282b13d0f7c
outputs/prd_integration/predicted_roi_fullval_v1/dd4525a10b6110df29f0a6b19e6b924b/pred_03_accessory_masked.jpg,2298,5083931e503e0866e366cbe8225dab81800f5948b688df56b11a5afd9cd6b8a5
outputs/prd_integration/predicted_roi_fullval_v1/dd4525a10b6110df29f0a6b19e6b924b/pred_04_dress_crop.jpg,39281,9d90e920ea1d3a57b1b4b056cced50188db635d5f7facaa9561baefe4e26dc23
outputs/prd_integration/predicted_roi_fullval_v1/dd4525a10b6110df29f0a6b19e6b924b/pred_04_dress_mask.png,1791,442582dcb7bc895ecc5b908fabd9c6c0a12964c4daaa4d854f24c590eeeeee9d
outputs/prd_integration/predicted_roi_fullval_v1/dd4525a10b6110df29f0a6b19e6b924b/pred_04_dress_masked.jpg,29279,ae5b85fa6bb7dd80b4a629e81b4a49c1b18b046572df47d386933e90da1bad68
outputs/prd_integration/predicted_roi_fullval_v1/fac6412c2873388612c4ec4cda414ac6/pred_01_shoe_crop.jpg,2461,2a925aeab4126efd2bdf77c014b6e2ce478f5a876a2735a0eddfda80f1e14a77
outputs/prd_integration/predicted_roi_fullval_v1/fac6412c2873388612c4ec4cda414ac6/pred_01_shoe_mask.png,219,a9b971d202c399ff06b271044d801eb7ca589613a5c9be3bb603083f2ac74a13
outputs/prd_integration/predicted_roi_fullval_v1/fac6412c2873388612c4ec4cda414ac6/pred_01_shoe_masked.jpg,2262,dec2987c629ccf77c0252a789a31f43906b89c805e80d5b4fd6883aaf6df8250
outputs/prd_integration/predicted_roi_pilot20_v1/019779/pred_01_pants_crop.jpg,30189,64f1ae054e8ed19f2b2392145a41e214824fc705872f7570774aa8c1c774d956
outputs/prd_integration/predicted_roi_pilot20_v1/019779/pred_01_pants_mask.png,1702,fb5b7a1fefd42dc205c5e0ef191df290d89b67f91ff28d23cef0edbd9b9bca51
outputs/prd_integration/predicted_roi_pilot20_v1/019779/pred_01_pants_masked.jpg,23072,4af428599dc3d005458606990c31afe3fa1635c45825d4fa674d2165eb0cb2c8
outputs/prd_integration/predicted_roi_pilot20_v1/032014/pred_01_top_crop.jpg,64338,0530ba267804765299cc356a8798e4e2fdff8950cf3ed136695d40e19a638360
outputs/prd_integration/predicted_roi_pilot20_v1/032014/pred_01_top_mask.png,2357,5201f845346b38f04f9cfdea1e3c8204c8d514e035651fb8ba2f3c7665a19341
outputs/prd_integration/predicted_roi_pilot20_v1/032014/pred_01_top_masked.jpg,55790,8ed6b96561eb0c91008f42f188a6c2666608a267619ed950fb2eab589e2bc965
outputs/prd_integration/predicted_roi_pilot20_v1/051719/pred_01_pants_crop.jpg,49424,4a16f6633792c9a59d6bbb695ba64af2b5ffe5079f4c7cb6a4d45a044bb60bb7
outputs/prd_integration/predicted_roi_pilot20_v1/051719/pred_01_pants_mask.png,1948,1fe7dd6d9c35eab01c909594a74470a3b584f68d9a4c305f0556bc6de4e5f785
outputs/prd_integration/predicted_roi_pilot20_v1/051719/pred_01_pants_masked.jpg,37466,677e69fd197269acacf11ab8ff34174a71e6297f843f8d4af0586686c87a9fb8
outputs/prd_integration/predicted_roi_pilot20_v1/051719/pred_02_pants_crop.jpg,46190,5d2a8c607bc690b848be1d3697dc92e6dce59c2f7f8490c709318cf95fadcf20
outputs/prd_integration/predicted_roi_pilot20_v1/051719/pred_02_pants_mask.png,2404,b44cf5c55c9aee72efb820616188b2d3e3cb93a699200e6c4e09aef01a22362f
outputs/prd_integration/predicted_roi_pilot20_v1/051719/pred_02_pants_masked.jpg,39015,d68f850f2e65543c9382171f8e0fd7dab4fb53677ce94733501ec1980b9d6ba4
outputs/prd_integration/predicted_roi_pilot20_v1/051719/pred_03_pants_crop.jpg,97626,a509d68e7530f6ff46d4a8bcdf92c5a8a703f8c415a60b890f7bca1204d14955
outputs/prd_integration/predicted_roi_pilot20_v1/051719/pred_03_pants_mask.png,3298,618c6edf7afc1656fe1c8c78dcb9b88baa6f71fcc4a1ad8677346dd720c04699
outputs/prd_integration/predicted_roi_pilot20_v1/051719/pred_03_pants_masked.jpg,68365,6bc61943d8b4456c3a4252bf6f76d280c91f6e5d8b387aa68c32d306da82eeb4
outputs/prd_integration/predicted_roi_pilot20_v1/073497/pred_01_pants_crop.jpg,32486,313c9a2ed31d0c7aaadc35e9bc45bff7bf5017ae418495b99eaa75c19453c283
outputs/prd_integration/predicted_roi_pilot20_v1/073497/pred_01_pants_mask.png,1492,2f8e5128dfcd0da571d51eb5826cc775c8ebfd01214c975040203d993ee4d24b
outputs/prd_integration/predicted_roi_pilot20_v1/073497/pred_01_pants_masked.jpg,27988,5f43cebac151810bd65e6359c509d7e22b08dd9cfff20fc78eebd4f4aa88bd2f
outputs/prd_integration/predicted_roi_pilot20_v1/073497/pred_02_top_crop.jpg,8676,e0a374b77c3950c770d6c67089180003569c5b6d0eff3bdea500e8741070c465
outputs/prd_integration/predicted_roi_pilot20_v1/073497/pred_02_top_mask.png,613,4177a07e26720aabee8b6ef305ecd177764cd6619834de9f5431135fe34936e4
outputs/prd_integration/predicted_roi_pilot20_v1/073497/pred_02_top_masked.jpg,8166,0c4fc91a31ac008b3273a92af9c7d3c40d06933677f4be28aab1962d020947af
outputs/prd_integration/predicted_roi_pilot20_v1/079537/pred_01_accessory_crop.jpg,4034,f12bd11e6082c16e2f191d18b4e0d9c431408b6fd2d5c1fa4eda3532e41d399f
outputs/prd_integration/predicted_roi_pilot20_v1/079537/pred_01_accessory_mask.png,403,89737bf1660bb96050ca2f4807f5ce551b8f5b7a00a3f86a3ffad968aa1e56bf
outputs/prd_integration/predicted_roi_pilot20_v1/079537/pred_01_accessory_masked.jpg,3008,afdf5fccc816a68fc59f75ef3d71d6a85a8a33446ecd70a39c0a40c377f5a5e8
outputs/prd_integration/predicted_roi_pilot20_v1/079537/pred_02_top_crop.jpg,21527,a83740f2461ddab2e57580c8f933d05e3649ede12aadb8060cf890c500a63ae2
outputs/prd_integration/predicted_roi_pilot20_v1/079537/pred_02_top_mask.png,775,0fe7424376497bd8961f0af3904f9cd7a9d6cf86a08b86b9604673d819fde9a4
outputs/prd_integration/predicted_roi_pilot20_v1/079537/pred_02_top_masked.jpg,19901,0f62011a94fc0e9b9a3ce11be420e8ef21edf05f7e56b1f537cc54adb9598bea
outputs/prd_integration/predicted_roi_pilot20_v1/096778/pred_01_dress_crop.jpg,96295,68aa67d3e3940a8e121f989a11ec8eff1702ddedc225acc7089795dabaffed85
outputs/prd_integration/predicted_roi_pilot20_v1/096778/pred_01_dress_mask.png,2701,5f5d35a89a7fd3fe5b185cb8aebe1ae8555770583fde9ba455ffee653a264e84
outputs/prd_integration/predicted_roi_pilot20_v1/096778/pred_01_dress_masked.jpg,74624,1ab3c0c434fa64f3b3e0add1110dcb7ee9e42c11fa0413fbe9f6657ca096af42
outputs/prd_integration/predicted_roi_pilot20_v1/101034/pred_01_bag_crop.jpg,18531,f4a5d740a3036119b531c38548e6fab8974cb952718cb792ea04d1f9d8e91844
outputs/prd_integration/predicted_roi_pilot20_v1/101034/pred_01_bag_mask.png,1157,0884fd672251c491d55917b0b16c1e94482fb7361041605020c2a7a402b9f189
outputs/prd_integration/predicted_roi_pilot20_v1/101034/pred_01_bag_masked.jpg,12004,7ca1f132b73b90167d960f38c19be9f54ccc1b4efb50ead94a3d0e380bdc8a05
outputs/prd_integration/predicted_roi_pilot20_v1/101034/pred_02_top_crop.jpg,42966,78185e3abcb46ca212775c1531443b8de92eff5d8524e28176b9226d97165b10
outputs/prd_integration/predicted_roi_pilot20_v1/101034/pred_02_top_mask.png,1410,4baae51c23c0ac123068734eba17fde7bad3b1fd1c11e97b3cfd35d47a263428
outputs/prd_integration/predicted_roi_pilot20_v1/101034/pred_02_top_masked.jpg,26358,ef75a77b98e395ec489dd5da2c8398e368537eb8e87e8b0cab77db8b1714387a
outputs/prd_integration/predicted_roi_pilot20_v1/101034/pred_03_dress_crop.jpg,73676,6b3f38fe65c34db0192f0fe1277a878b7895a9621d515fe1cc2a7cbe5219d999
outputs/prd_integration/predicted_roi_pilot20_v1/101034/pred_03_dress_mask.png,2441,cb791e4a6655050f79b7b9cafbca3651ff3fe61ecaa4ad5093cfccd8b4926430
outputs/prd_integration/predicted_roi_pilot20_v1/101034/pred_03_dress_masked.jpg,55708,99198bab84c9e30ff1111dca7fb89fdcef08aa2d6588f6c866cd6e365cf074e2
outputs/prd_integration/predicted_roi_pilot20_v1/101034/pred_04_outerwear_crop.jpg,86165,155fe7d9e28ce0366695aa56367f4634868c465cff178a7d5871fdf791553bcf
outputs/prd_integration/predicted_roi_pilot20_v1/101034/pred_04_outerwear_mask.png,2684,cd6e434ab950a24718a2f6c78fd183a3228a49052256f0c4bbfd4768049b9b8c
outputs/prd_integration/predicted_roi_pilot20_v1/101034/pred_04_outerwear_masked.jpg,56388,5b00925655ab1e88508b39e0e0cc69e59a578fa8f13efbd029d79f715fc749e4
outputs/prd_integration/predicted_roi_pilot20_v1/114238/pred_01_outerwear_crop.jpg,139844,e0bb3a63ceb82737898dcf7f56c1bc43932a807c11c92e0474a80a6bca80fd72
outputs/prd_integration/predicted_roi_pilot20_v1/114238/pred_01_outerwear_mask.png,4948,f797d0ab15c8ba7337090b48a95f1d03eff30f93b385e34d3a44c53e5c1e355c
outputs/prd_integration/predicted_roi_pilot20_v1/114238/pred_01_outerwear_masked.jpg,91861,5bdb65a031229c282a6e2670a92da43ee0866eaf9591d3e30b9c660b9adbaaa0
outputs/prd_integration/predicted_roi_pilot20_v1/124892/pred_01_top_crop.jpg,29242,25697e2a813fb4045b98b74ae714735d3b3a5203ab58008263253b1fe596077c
outputs/prd_integration/predicted_roi_pilot20_v1/124892/pred_01_top_mask.png,1216,fef885d438105b62183f0c52cec34cb948c06f4b20112b0e3affe75b2506763c
outputs/prd_integration/predicted_roi_pilot20_v1/124892/pred_01_top_masked.jpg,27525,9e63da8b32607cd620a753ecf56992fc76d56648a90bce0690e3c97bce56093d
outputs/prd_integration/predicted_roi_pilot20_v1/124892/pred_02_skirt_crop.jpg,169630,7ea572cc18a12654fdd7a78002bfbd6aaa699a0c2091a33f5990eed1e23bdd86
outputs/prd_integration/predicted_roi_pilot20_v1/124892/pred_02_skirt_mask.png,2575,c989f862b19def73d6bb3c21b15d4d4f5a05c1ce17a8657f647b63b4468914c4
outputs/prd_integration/predicted_roi_pilot20_v1/124892/pred_02_skirt_masked.jpg,159565,ac848fd4c1111db1ec1e50102fb369dd4a7671ec9e96121810d70fecc0b0401e
outputs/prd_integration/predicted_roi_pilot20_v1/142658/pred_01_top_crop.jpg,24149,8830e30b2534500cab974f12909100ca5f139b85223b378f75e623cc08327047
outputs/prd_integration/predicted_roi_pilot20_v1/142658/pred_01_top_mask.png,1320,61e930bbd51c644ca9d1dcd9af3157440cb61bf1c8b206434ab32571bfedf754
outputs/prd_integration/predicted_roi_pilot20_v1/142658/pred_01_top_masked.jpg,14440,efa9b2cc536f118080de92f0ebca3bdad6da4615ea73cec04097307dab5c62a5
outputs/prd_integration/predicted_roi_pilot20_v1/142658/pred_02_pants_crop.jpg,41372,70651649abdd30dc25f040137436b21d7e329a84f2fcc6163df6e89d4029398b
outputs/prd_integration/predicted_roi_pilot20_v1/142658/pred_02_pants_mask.png,1500,08ce9f84fbaa9f942a5955fe171cd8623acb320586cb1dcd82b455918e510815
outputs/prd_integration/predicted_roi_pilot20_v1/142658/pred_02_pants_masked.jpg,25021,3532b8aad9d517720ad1c648d9db737e031d64a333875d408a275be0418b4f62
outputs/prd_integration/predicted_roi_pilot20_v1/178287/pred_01_pants_crop.jpg,31589,1f0dde59135b49dc041c3f5b79dcaf376dbb4788e3d564f407bbd008f925fe88
outputs/prd_integration/predicted_roi_pilot20_v1/178287/pred_01_pants_mask.png,1519,c0082379203a2ec3d858a5924fdad573c616653cebb49e4ac0db1099a080678c
outputs/prd_integration/predicted_roi_pilot20_v1/178287/pred_01_pants_masked.jpg,16061,08cbe2cccb7f9a4751534f0c3e3bc9e363f0a2743ce6f8de7e773df2705c4e31
outputs/prd_integration/predicted_roi_pilot20_v1/184087/pred_01_dress_crop.jpg,238633,aba91fe1d25bf39189d58459a1d6c30d7da8c140b42095424c81379acc0a417f
outputs/prd_integration/predicted_roi_pilot20_v1/184087/pred_01_dress_mask.png,5491,e3953e7d4deee1c0f537352f5825583059dea126a976c7bb98ea89e329f93f0a
outputs/prd_integration/predicted_roi_pilot20_v1/184087/pred_01_dress_masked.jpg,152761,2d6cf2f02725295ed09671212e1d0fa611abc9d3ed91a4638c306f32a95ce3bf
outputs/prd_integration/predicted_roi_pilot20_v1/32227cade6d3646824f9c0f3fa9dc9e7/pred_01_pants_crop.jpg,22877,a6e8c4b9ea2eed0b58f536e40abe59b6c9f5a5c8fa0c69bad3a356f80075e582
outputs/prd_integration/predicted_roi_pilot20_v1/32227cade6d3646824f9c0f3fa9dc9e7/pred_01_pants_mask.png,1234,5db5d0398a7cef512e24320c121c734e69de293bf192b175f5373d62fa31b17d
outputs/prd_integration/predicted_roi_pilot20_v1/32227cade6d3646824f9c0f3fa9dc9e7/pred_01_pants_masked.jpg,14976,bc408e89071516e2284783dd4315001af81472a22038674cb271d7a13e9e2164
outputs/prd_integration/predicted_roi_pilot20_v1/32227cade6d3646824f9c0f3fa9dc9e7/pred_02_accessory_crop.jpg,1965,f65e54999e8bfbdc5667f2268aa3cdb4e1c8cef7f4c536394811bc368ebeb21d
outputs/prd_integration/predicted_roi_pilot20_v1/32227cade6d3646824f9c0f3fa9dc9e7/pred_02_accessory_mask.png,187,06b75c7f1e384399d31a15ba3ed55f393b5d5b4c8d8f9fbe51bdb927a2a198b2
outputs/prd_integration/predicted_roi_pilot20_v1/32227cade6d3646824f9c0f3fa9dc9e7/pred_02_accessory_masked.jpg,2110,12c3256e95183618573701d6cf5c2f99ce462d7a4f6f8ff45852a989547ab980
outputs/prd_integration/predicted_roi_pilot20_v1/33846044d27032d3988b9b4b7e22e252/pred_01_shoe_crop.jpg,2295,2f5bd24e049de22981c14e178040dc4dcca66dc3ffcb88396575e3969ab1b7d8
outputs/prd_integration/predicted_roi_pilot20_v1/33846044d27032d3988b9b4b7e22e252/pred_01_shoe_mask.png,200,9a8478d40717eff35e3b1aa5b20245302d19c042f9ab3b7a495ef35943eb9adb
outputs/prd_integration/predicted_roi_pilot20_v1/33846044d27032d3988b9b4b7e22e252/pred_01_shoe_masked.jpg,2033,0860c96c2120a3be5b87ea1a0c331199fe79cfd3450231965d5d1bcd4490b48e
outputs/prd_integration/predicted_roi_pilot20_v1/3bf082a96a03a1c8f75e1d1d0ebf42d2/pred_01_accessory_crop.jpg,4874,5e40ec085a8c561ac8cdd78a74125ff74c81b65c3bbffdf0801674cb9b69ea3f
outputs/prd_integration/predicted_roi_pilot20_v1/3bf082a96a03a1c8f75e1d1d0ebf42d2/pred_01_accessory_mask.png,587,d55db3d82852dbb0ccdaabdf2e9b9f7d255c3978a0fcdd2716065f5392da3282
outputs/prd_integration/predicted_roi_pilot20_v1/3bf082a96a03a1c8f75e1d1d0ebf42d2/pred_01_accessory_masked.jpg,4587,f88db2789fbf34052e5727ab88fbacde00a9f8db4c2a4a05b5f1b6898edef911
outputs/prd_integration/predicted_roi_pilot20_v1/89144779b3e40421facdb2eb70309356/pred_01_bag_crop.jpg,13222,71bdbae7b58f976bab806ae29828e1298c2ed6bd3df1186d78aadd6db557f1ac
outputs/prd_integration/predicted_roi_pilot20_v1/89144779b3e40421facdb2eb70309356/pred_01_bag_mask.png,886,917ad9ef495871137b7aa52f85ffeaa968e77a59f94e060eccd150814ab45c75
outputs/prd_integration/predicted_roi_pilot20_v1/89144779b3e40421facdb2eb70309356/pred_01_bag_masked.jpg,6358,c0fe72375a82f9793f722b8c35a3ae9174efd8a7e627593192cbc1193f0fd8e4
outputs/prd_integration/predicted_roi_pilot20_v1/89144779b3e40421facdb2eb70309356/pred_02_dress_crop.jpg,43050,71f2d0c04dda2a8a391a901f9c35c4527c5e385ea710e47a514028144538d834
outputs/prd_integration/predicted_roi_pilot20_v1/89144779b3e40421facdb2eb70309356/pred_02_dress_mask.png,2125,8454ed50d3b5c5dc02100f7dd5badf9668efb5b90574912856a0f21666fa3043
outputs/prd_integration/predicted_roi_pilot20_v1/89144779b3e40421facdb2eb70309356/pred_02_dress_masked.jpg,32837,b1c932aa13157a228c58b16c4e4d124227fbbb766be7a25bf13d64a5a86641bc
outputs/prd_integration/predicted_roi_pilot20_v1/89144779b3e40421facdb2eb70309356/pred_03_bag_crop.jpg,20438,0480ec4feacbfdf7244e5bb46f280bdea1d24326e56d1a86a66699ceeb3e0a26
outputs/prd_integration/predicted_roi_pilot20_v1/89144779b3e40421facdb2eb70309356/pred_03_bag_mask.png,835,e81545e08bbacabcdc28c227f1392223ff996ea072019d50c1057c8f4eb7e5a5
outputs/prd_integration/predicted_roi_pilot20_v1/89144779b3e40421facdb2eb70309356/pred_03_bag_masked.jpg,5756,1206e6af513082ab31f415a64d4114ba32ec026c7548caf2f5d63fe006a4ae8f
outputs/prd_integration/predicted_roi_pilot20_v1/contact_sheet.jpg,406600,8acb6a01b60c17d676b7183c66fec26972720b077548361495da552521b59d9f
outputs/prd_integration/predicted_roi_pilot20_v1/dd4525a10b6110df29f0a6b19e6b924b/pred_01_shoe_crop.jpg,2317,23a01ad1e773f8ba41a6c443d8436f1904cb0280a3e970050327088ec9d17a2a
outputs/prd_integration/predicted_roi_pilot20_v1/dd4525a10b6110df29f0a6b19e6b924b/pred_01_shoe_mask.png,218,ec5a3f2695ffd972bde2da12973cd47edd8d77938af7175f74d971345f501b2b
outputs/prd_integration/predicted_roi_pilot20_v1/dd4525a10b6110df29f0a6b19e6b924b/pred_01_shoe_masked.jpg,2341,65e7952917cfcc3fe884c09071bd6e2813baf8cce0af289136d5b7b0d60944b9
outputs/prd_integration/predicted_roi_pilot20_v1/dd4525a10b6110df29f0a6b19e6b924b/pred_02_shoe_crop.jpg,1838,10e46b2d889383446f1b7bf3124c58f291c39ce8d086acc9887b282b1103924c
outputs/prd_integration/predicted_roi_pilot20_v1/dd4525a10b6110df29f0a6b19e6b924b/pred_02_shoe_mask.png,204,80f4d2d9fda20645397266c733031ad1311b833d769faa8004783c83ef3324d3
outputs/prd_integration/predicted_roi_pilot20_v1/dd4525a10b6110df29f0a6b19e6b924b/pred_02_shoe_masked.jpg,2072,98d20cd97bd48cbfec59c2997fc1c970f6450e6965e525d20de5ab6f0eed9c06
outputs/prd_integration/predicted_roi_pilot20_v1/dd4525a10b6110df29f0a6b19e6b924b/pred_03_accessory_crop.jpg,2034,4d88ddc27e483a6383a33ebd7167c1f8f77bc5f50e77f713925f7e69af8e0cd0
outputs/prd_integration/predicted_roi_pilot20_v1/dd4525a10b6110df29f0a6b19e6b924b/pred_03_accessory_mask.png,137,d3e4540edb0ae4258ddcfd86316342ac4d6164d21095c3117cd9b282b13d0f7c
outputs/prd_integration/predicted_roi_pilot20_v1/dd4525a10b6110df29f0a6b19e6b924b/pred_03_accessory_masked.jpg,2298,5083931e503e0866e366cbe8225dab81800f5948b688df56b11a5afd9cd6b8a5
outputs/prd_integration/predicted_roi_pilot20_v1/dd4525a10b6110df29f0a6b19e6b924b/pred_04_dress_crop.jpg,39281,9d90e920ea1d3a57b1b4b056cced50188db635d5f7facaa9561baefe4e26dc23
outputs/prd_integration/predicted_roi_pilot20_v1/dd4525a10b6110df29f0a6b19e6b924b/pred_04_dress_mask.png,1791,442582dcb7bc895ecc5b908fabd9c6c0a12964c4daaa4d854f24c590eeeeee9d
outputs/prd_integration/predicted_roi_pilot20_v1/dd4525a10b6110df29f0a6b19e6b924b/pred_04_dress_masked.jpg,29279,ae5b85fa6bb7dd80b4a629e81b4a49c1b18b046572df47d386933e90da1bad68
outputs/prd_integration/predicted_roi_pilot20_v1/fac6412c2873388612c4ec4cda414ac6/pred_01_shoe_crop.jpg,2461,2a925aeab4126efd2bdf77c014b6e2ce478f5a876a2735a0eddfda80f1e14a77
outputs/prd_integration/predicted_roi_pilot20_v1/fac6412c2873388612c4ec4cda414ac6/pred_01_shoe_mask.png,219,a9b971d202c399ff06b271044d801eb7ca589613a5c9be3bb603083f2ac74a13
outputs/prd_integration/predicted_roi_pilot20_v1/fac6412c2873388612c4ec4cda414ac6/pred_01_shoe_masked.jpg,2262,dec2987c629ccf77c0252a789a31f43906b89c805e80d5b4fd6883aaf6df8250
outputs/prd_integration/predicted_roi_pilot20_v2/002278/pred_01_dress_crop.jpg,22946,e9f8d6983768c588fd57ad996532f258bc0030bdf1f1806ecbc288b8619ffc13
outputs/prd_integration/predicted_roi_pilot20_v2/002278/pred_01_dress_mask.png,1608,ebd22642222d4710c0a62ac1b0117485616e1f8256adb2bbc8193baa6fca49eb
outputs/prd_integration/predicted_roi_pilot20_v2/002278/pred_01_dress_masked.jpg,14433,2ec38091ef493f78ff46092633516cb217520ad6823e3852e6532728fbf37ac4
outputs/prd_integration/predicted_roi_pilot20_v2/004648/pred_01_dress_crop.jpg,74742,2dd4935a445f0d24fee289f27f870de9ce1d56c143062e90f3d31b676e490673
outputs/prd_integration/predicted_roi_pilot20_v2/004648/pred_01_dress_mask.png,2629,fdbc8e804f9dcb34619c9b164dd98f8ff302a96ba01b1f3f5c90a6b8baa2f6ae
outputs/prd_integration/predicted_roi_pilot20_v2/004648/pred_01_dress_masked.jpg,57148,a941bd936fb1a0f645678e075d7302a0cec9faa6ff4c226cad4f5aed8efefc85
outputs/prd_integration/predicted_roi_pilot20_v2/004648/pred_02_skirt_crop.jpg,50475,b73bb831143c19bd5cdfc5b07db2ea0a8888f9a7c18e46d69eb4d04c4a32ae3a
outputs/prd_integration/predicted_roi_pilot20_v2/004648/pred_02_skirt_mask.png,1699,cdee27dc1eb155b4880bb61e26ee800769e951767b21fd2ca5085592b082358b
outputs/prd_integration/predicted_roi_pilot20_v2/004648/pred_02_skirt_masked.jpg,39156,060b9eb07d8ff66eed062768ef9a39fb8e1371da7d41069f6b45fe1deac4112d
outputs/prd_integration/predicted_roi_pilot20_v2/004648/pred_03_top_crop.jpg,29500,96d5b3fd00788336430583e9af64ee0fbb27cec58b98d25d1596307d7066a9a3
outputs/prd_integration/predicted_roi_pilot20_v2/004648/pred_03_top_mask.png,1426,97f6c0f478db9e138d9c58884a0cee3fe337e5014e399168e2234348bfbe4194
outputs/prd_integration/predicted_roi_pilot20_v2/004648/pred_03_top_masked.jpg,22182,0dfe4600fe22616cdefec13e7eecfc007ae7746a4811cb47099ee5305eac318b
outputs/prd_integration/predicted_roi_pilot20_v2/004648/pred_04_top_crop.jpg,48181,a1dc3889a5b0945a09a4d7cb7ebfb45a3bf81d9247ef63f837788211a52058aa
outputs/prd_integration/predicted_roi_pilot20_v2/004648/pred_04_top_mask.png,1788,18a61e9ee20809c96ff201c4f05461df235ca2eb6a788c9ff98a5627f33da92a
outputs/prd_integration/predicted_roi_pilot20_v2/004648/pred_04_top_masked.jpg,39211,aa8ee879d7b28a637af32184014de1dca8caee35494eafc8269848ea314969f7
outputs/prd_integration/predicted_roi_pilot20_v2/013010/pred_01_top_crop.jpg,11858,c4db076d5815c6280151efe174f2702a3a9ba8f306c3041e2ae631180417cebc
outputs/prd_integration/predicted_roi_pilot20_v2/013010/pred_01_top_mask.png,801,c597ccca667c948c0eb27035144d89639ff6214f4ac1165b3777ba223c7d7b29
outputs/prd_integration/predicted_roi_pilot20_v2/013010/pred_01_top_masked.jpg,9641,8e0c1d48a3ee73d9b63c431c1bfed0ebccacc49856c819e48e9bce21be96acc3
outputs/prd_integration/predicted_roi_pilot20_v2/013010/pred_02_pants_crop.jpg,16842,38018453e8980ad93433890c0e93672ed0e358ed869a4368fa92e57710862ab0
outputs/prd_integration/predicted_roi_pilot20_v2/013010/pred_02_pants_mask.png,1265,f1194f857489e9e632732fc564975fd472316d3d4703665566b141a1b1ab2936
outputs/prd_integration/predicted_roi_pilot20_v2/013010/pred_02_pants_masked.jpg,12633,510e2546862e280e4ebe6002bb96c9e85482a9a3a3d2e3948b70e0fe6bbc90df
outputs/prd_integration/predicted_roi_pilot20_v2/013010/pred_03_shoe_crop.jpg,3215,cf881c9ceb8eeed97e31d2751e53788012dc79de499322712b196b60392fde44
outputs/prd_integration/predicted_roi_pilot20_v2/013010/pred_03_shoe_mask.png,392,492eef19f08373a6f4b1d0d1ec5160c11acaa2190329374f1af413fab3af15af
outputs/prd_integration/predicted_roi_pilot20_v2/013010/pred_03_shoe_masked.jpg,2628,e2ef3ca993edf9c9f23fb7226cd8d3206257abdd147049e6c5d02d37a8355e8b
outputs/prd_integration/predicted_roi_pilot20_v2/015031/pred_01_dress_crop.jpg,59344,2dfbf3ea1531b2e8c0c4388295381e67ff0a92ecb0789a7bb661bb11a5a3f547
outputs/prd_integration/predicted_roi_pilot20_v2/015031/pred_01_dress_mask.png,2058,8a18735448edd6cd03a77acd89e8509fb9d04c75e6a3b27996dec4d65f5602dc
outputs/prd_integration/predicted_roi_pilot20_v2/015031/pred_01_dress_masked.jpg,50571,013f1876c5314fbca8dfb7a1b2a94b2ee1a38c0903a024b5a4238e425c164b8a
outputs/prd_integration/predicted_roi_pilot20_v2/015031/pred_02_skirt_crop.jpg,39846,68a95b1b128e455dd4d14e54399b7119257b2890886ce6be8e35cebd27dfde68
outputs/prd_integration/predicted_roi_pilot20_v2/015031/pred_02_skirt_mask.png,1263,ac82beea9c6d6c5656594c637a249a16283e275a56c844a6c5d7037c0b44e743
outputs/prd_integration/predicted_roi_pilot20_v2/015031/pred_02_skirt_masked.jpg,32137,c7b6efa807681a2a7d1a9b6542e599cad789fd449ca5c5cd5dbed42a164b98ed
outputs/prd_integration/predicted_roi_pilot20_v2/019779/pred_01_pants_crop.jpg,29115,d025bddefcd8cc79656ef511d8a89771ceda59dc21fd1308d87e5f91cad5bc8a
outputs/prd_integration/predicted_roi_pilot20_v2/019779/pred_01_pants_mask.png,1754,47ed24e5c3b8b04d4f8e10d0c910fc94cc2301e88fee735385f74f20fc54748e
outputs/prd_integration/predicted_roi_pilot20_v2/019779/pred_01_pants_masked.jpg,22113,40f8dbf776a585e4964b47bbf605e4a907f7a66e656b2d71fd5b36dabc764b88
outputs/prd_integration/predicted_roi_pilot20_v2/019779/pred_02_top_crop.jpg,32620,395bc10238eee93cc3a087fb7f45ff5b2d183d72932f9d62a10981d7416ba831
outputs/prd_integration/predicted_roi_pilot20_v2/019779/pred_02_top_mask.png,1798,2711ba20f0400db78ddf5f582c5956b98c66d3fd90839d38866c70de57f460d0
outputs/prd_integration/predicted_roi_pilot20_v2/019779/pred_02_top_masked.jpg,22394,64ad1d04abc4ffc29b809c6e6c9e95d28a5c1e7f55b7f1b16d55222b9a575750
outputs/prd_integration/predicted_roi_pilot20_v2/032014/pred_01_top_crop.jpg,53108,f20f6a7e4f1a4b0546b8e3108d75899bf0601ce80423676fd46d0efe230166ab
outputs/prd_integration/predicted_roi_pilot20_v2/032014/pred_01_top_mask.png,2103,fd4761a53e3dd73f4b884b3b737d314aca8fb4e2821241ad33e47ae53d0ad451
outputs/prd_integration/predicted_roi_pilot20_v2/032014/pred_01_top_masked.jpg,47395,9044ac632a706fbb8287d18c7313124611d36942750d4f30512b6167e75e0c2e
outputs/prd_integration/predicted_roi_pilot20_v2/051719/pred_01_pants_crop.jpg,89152,7c9c25ea9ca538185149672f328d0161ba79866ba3a3573278b7f697c318d32e
outputs/prd_integration/predicted_roi_pilot20_v2/051719/pred_01_pants_mask.png,3164,c5ce0508cf1dcae85ea37ea07cba429c0e0abe3f54d2f4cbe78dd0d612c47304
outputs/prd_integration/predicted_roi_pilot20_v2/051719/pred_01_pants_masked.jpg,70326,1a46c42af030d3e07c46278fac294a26d4aaeb9c381e1362aad83f1be0d8a75a
outputs/prd_integration/predicted_roi_pilot20_v2/051719/pred_02_pants_crop.jpg,45006,fbdf9d0738f5befa017f86d0de48adbfbed4f639a7f86c51e47ff803b106c7e2
outputs/prd_integration/predicted_roi_pilot20_v2/051719/pred_02_pants_mask.png,1822,5721110757dab5cd988402dd83042c14b9172da2fa4dd546e4fcbab4aea0cbaa
outputs/prd_integration/predicted_roi_pilot20_v2/051719/pred_02_pants_masked.jpg,38068,c1e74b3aac035fc2239de4df83c468b3e59fd9896442b818c987134203d5083f
outputs/prd_integration/predicted_roi_pilot20_v2/073497/pred_01_pants_crop.jpg,29218,c11dab6c60ea9a9a1082681c44ee546a43b2f2c64babeb09e4888d159d00c1a0
outputs/prd_integration/predicted_roi_pilot20_v2/073497/pred_01_pants_mask.png,1482,bf417c580d5b55da0d05575133637f108420f76d95738865acedde213b894289
outputs/prd_integration/predicted_roi_pilot20_v2/073497/pred_01_pants_masked.jpg,27226,0d040bb7e78e9b4c68936503932764771b696bfb8bc06e4c13616b19038704c0
outputs/prd_integration/predicted_roi_pilot20_v2/079537/pred_01_bag_crop.jpg,2139,025b0db285674cef7f5ae942a0cc202d182391e280a6fab0054a91d9f94a0548
outputs/prd_integration/predicted_roi_pilot20_v2/079537/pred_01_bag_mask.png,206,35ee528d3e7491fe6db4806e0c9cb8ec207d01ff92f89496199c0d54e2417409
outputs/prd_integration/predicted_roi_pilot20_v2/079537/pred_01_bag_masked.jpg,2425,a3b8309af7248304332742bf7acaddb6f1971bbca0c4ff352f644a0c8ec0e365
outputs/prd_integration/predicted_roi_pilot20_v2/079537/pred_02_accessory_crop.jpg,3950,fe94f0b5a27f6f38b70dc2e596522722a3db8bc1dd218b3118bf0bc33bd539d5
outputs/prd_integration/predicted_roi_pilot20_v2/079537/pred_02_accessory_mask.png,410,0a8eeae6871e4ca59e4084484ce9bd3c3c1627dff7bffadd293672df3d26ad10
outputs/prd_integration/predicted_roi_pilot20_v2/079537/pred_02_accessory_masked.jpg,2569,28b54f3f778f2957c50742a2165fd4099b0781d69d01874635ff89bd24e7665e
outputs/prd_integration/predicted_roi_pilot20_v2/079537/pred_03_dress_crop.jpg,29101,bcb72cb691a88d9ae61e7addadf58cb82f6ac55d96926cab387910b5261ec0cc
outputs/prd_integration/predicted_roi_pilot20_v2/079537/pred_03_dress_mask.png,1032,5858ccb2d3505968480ac1a6b1bf4d0df05bcb03b4a9ba9d3a6c326cc95bdd84
outputs/prd_integration/predicted_roi_pilot20_v2/079537/pred_03_dress_masked.jpg,23849,a7ec4ed31c5be863ba2acde81d79c0d384d6fab2b5d71878d506cb24f8189a2d
outputs/prd_integration/predicted_roi_pilot20_v2/092719/pred_01_top_crop.jpg,34657,dc870d8b2a021e0cbafebbb51a7a6bf55721584af5c16d60e19dffffde2a039c
outputs/prd_integration/predicted_roi_pilot20_v2/092719/pred_01_top_mask.png,2405,212c28c6041171fa2a1c18620bb87690aa2d1408aefac174519b88ce57ed1bc4
outputs/prd_integration/predicted_roi_pilot20_v2/092719/pred_01_top_masked.jpg,33042,068dcb0a0fd86da40dfbbe6086c80768f1f8856bb9099fb86be861f8d248f0d3
outputs/prd_integration/predicted_roi_pilot20_v2/096778/pred_01_dress_crop.jpg,90889,bfb5d1ea3fff842fbb40aec6c73332c02df303b3f06e81329e3cacf3948b7805
outputs/prd_integration/predicted_roi_pilot20_v2/096778/pred_01_dress_mask.png,2671,7d82de7444d60e3ce8bbbc390d76d44a378d1670c96c47d283aa80696742e70e
outputs/prd_integration/predicted_roi_pilot20_v2/096778/pred_01_dress_masked.jpg,68560,bf68aae99effcddcb8aa5a43abeb21f176999db5f64df147fcad2202836be782
outputs/prd_integration/predicted_roi_pilot20_v2/101034/pred_01_top_crop.jpg,43236,40097024f107598b1706a0599f70196a906ff475c8be3a63687d1984f16b9e9b
outputs/prd_integration/predicted_roi_pilot20_v2/101034/pred_01_top_mask.png,1423,7f7280c7708fe9f6a2eacfd80128b3ca436e564fd0d3e0b8420332be848b73b0
outputs/prd_integration/predicted_roi_pilot20_v2/101034/pred_01_top_masked.jpg,26945,2595ee6899ebbafe0ee28449ef206eb72bb80487b227201e7636dccf96acd3e3
outputs/prd_integration/predicted_roi_pilot20_v2/101034/pred_02_dress_crop.jpg,59887,a52201d0ccab5382e63a965df4f60d3e7b8c764be78b8c66615c4347295bccd9
outputs/prd_integration/predicted_roi_pilot20_v2/101034/pred_02_dress_mask.png,2310,6a0c7e8af158d8f3a14aa22285a41ef0bec14c741606c68ec5d75cd001488261
outputs/prd_integration/predicted_roi_pilot20_v2/101034/pred_02_dress_masked.jpg,48628,41cb24329653266e7c0ebb1a5d21edd665df3510248867b29ef88287f931193a
outputs/prd_integration/predicted_roi_pilot20_v2/101034/pred_03_bag_crop.jpg,18137,98ce6597f387332a60b494d12fd59197b9e223bfef41cd2882f709c1afd27929
outputs/prd_integration/predicted_roi_pilot20_v2/101034/pred_03_bag_mask.png,1043,d78e96e7a6bddacab6b5e16907497990e023e8c5b697176a51347f2ef4dac808
outputs/prd_integration/predicted_roi_pilot20_v2/101034/pred_03_bag_masked.jpg,10931,9e6bde7a0c9fdb6dbc760a33f779b2944aee3e7795eff647212fbce921d8257c
outputs/prd_integration/predicted_roi_pilot20_v2/101034/pred_04_outerwear_crop.jpg,82403,4b111ba31a152a10261d50a98bdcfbda9183f39bffdb5bcbf53a72db4e3c18cc
outputs/prd_integration/predicted_roi_pilot20_v2/101034/pred_04_outerwear_mask.png,2866,0b541dc047792412c46f39e0d281a99a126a802cb6b7d9f18989ffa02ab5b467
outputs/prd_integration/predicted_roi_pilot20_v2/101034/pred_04_outerwear_masked.jpg,54234,4f247a5919fd3a375c0407293d83a3907c8cd26fcb8824b95ef79d808e19919b
outputs/prd_integration/predicted_roi_pilot20_v2/114238/pred_01_outerwear_crop.jpg,140935,1a95717a1c531f270464ba9b3b50338a0c3e63991384ff4df4d9448aff833832
outputs/prd_integration/predicted_roi_pilot20_v2/114238/pred_01_outerwear_mask.png,5434,8589aef0db5bf928a90100b7c2b12825911340b264a82038e25eafef56e6f369
outputs/prd_integration/predicted_roi_pilot20_v2/114238/pred_01_outerwear_masked.jpg,103913,fb33965c99b37238693e3d10d8267dcbdcec70ef046d1616da6884da0c522043
outputs/prd_integration/predicted_roi_pilot20_v2/124892/pred_01_top_crop.jpg,31014,7143eb8b0378b5f038010bc2cb6f6dee332cda7b73a912954a518bec40b7e2c5
outputs/prd_integration/predicted_roi_pilot20_v2/124892/pred_01_top_mask.png,1038,0911b901ac8e6bf2fd645a4c8dcfd1c5dc31f853e962e1c3c1bb178b78d04c77
outputs/prd_integration/predicted_roi_pilot20_v2/124892/pred_01_top_masked.jpg,28005,6dae03d263d3ddddf1632edcb0a8ccb38ed90fae094fb5e19405bda9a064bbd8
outputs/prd_integration/predicted_roi_pilot20_v2/124892/pred_02_skirt_crop.jpg,180672,ced2d2ca1c4865b6cff7be3e002830c15fef80dc900df7b6759352e268799a14
outputs/prd_integration/predicted_roi_pilot20_v2/124892/pred_02_skirt_mask.png,2919,92b610172dd7d4ddda8942ca17cd4849e5464e20bdc41a84467ae0c79e1b3284
outputs/prd_integration/predicted_roi_pilot20_v2/124892/pred_02_skirt_masked.jpg,169839,6ec72ae28c3ad012f32c7b75ef334e2534b78a3263b5aba9444eff5faf611626
outputs/prd_integration/predicted_roi_pilot20_v2/124892/pred_03_pants_crop.jpg,172916,ccbf00d0f9fd1be67e2822be98da92cfa94e1a9ed7e2232d502716f84f2061c1
outputs/prd_integration/predicted_roi_pilot20_v2/124892/pred_03_pants_mask.png,2623,56a4090e60a39fe7145e1dc7c9b26085dad792b586abc0c9486e5165da4adf90
outputs/prd_integration/predicted_roi_pilot20_v2/124892/pred_03_pants_masked.jpg,160301,80cbb124077c7db1ce43b912592a751fcf3924ce2f16fa5192459e24bcbfafdf
outputs/prd_integration/predicted_roi_pilot20_v2/142658/pred_01_top_crop.jpg,26688,ced80a79f3472f55e3523608f177a6e9cfb79419d47552984e224927356a5f53
outputs/prd_integration/predicted_roi_pilot20_v2/142658/pred_01_top_mask.png,1296,580fd8c653283e227caf62dd65d81dee2dca14f076d114fefc3c1207bf75e117
outputs/prd_integration/predicted_roi_pilot20_v2/142658/pred_01_top_masked.jpg,16453,c9a848432ca0c2731af66fa3bee57e9a80ff2f639162a49834a005e77e1ad1cf
outputs/prd_integration/predicted_roi_pilot20_v2/142658/pred_02_skirt_crop.jpg,24816,132c3684e212619b78528ce4787633b9baf588d2933b64bdd62a2857dadd0798
outputs/prd_integration/predicted_roi_pilot20_v2/142658/pred_02_skirt_mask.png,985,e50764a58899f1c76ff079135bc9f524291a9616b1f9f368ecc82814e4e0cc1a
outputs/prd_integration/predicted_roi_pilot20_v2/142658/pred_02_skirt_masked.jpg,21002,0dad5fda28f0b558082ca1093261d004c12bb54e92c8a1817c5b37d6824d3179
outputs/prd_integration/predicted_roi_pilot20_v2/142658/pred_03_pants_crop.jpg,29007,ad69a9edd660bb0b8f2e3e498d713c111344a3337a1a0e3e61c9e0e73da71ec1
outputs/prd_integration/predicted_roi_pilot20_v2/142658/pred_03_pants_mask.png,1061,36bcd5549064715784c46d41f6dc7e782f7361a72ba6b27f48ebf4f85c59ddb4
outputs/prd_integration/predicted_roi_pilot20_v2/142658/pred_03_pants_masked.jpg,22479,c6ec0f41df207b58a0a9d4d3581cc36582763e12baad09f39e63a5f4c1d65cd3
outputs/prd_integration/predicted_roi_pilot20_v2/146128/pred_01_top_crop.jpg,37631,0fa76b8450c8fac8cb18377f349ff596e4e5f77dac781219e2ae6772acc70453
outputs/prd_integration/predicted_roi_pilot20_v2/146128/pred_01_top_mask.png,1487,6547978abdcb5d04fd92a6d21b9e52fe5dedfb841200c30195c3836e9eef8428
outputs/prd_integration/predicted_roi_pilot20_v2/146128/pred_01_top_masked.jpg,30324,7ad58c659831ecaf39105b022b938f7ff140d6500ea709d22a0051aa69d0aac8
outputs/prd_integration/predicted_roi_pilot20_v2/152326/pred_01_pants_crop.jpg,27876,b3969ca15221acec156cb40fb4d3f709b4e3656b6ca51fa11f620740921bbf8e
outputs/prd_integration/predicted_roi_pilot20_v2/152326/pred_01_pants_mask.png,1245,49945e9498b2b3c804c73730bb79724fd3d4f118dbdb42a503099f7d14a5b166
outputs/prd_integration/predicted_roi_pilot20_v2/152326/pred_01_pants_masked.jpg,27785,700721688861160b205ccde7271c55a834810cd4e0a9e3d7574215fd0b161baf
outputs/prd_integration/predicted_roi_pilot20_v2/152326/pred_02_top_crop.jpg,79557,a41b4a4f286f4bd3668462735fd751720ec85d946cb9abf464119856936ebe0c
outputs/prd_integration/predicted_roi_pilot20_v2/152326/pred_02_top_mask.png,2949,790a98125eb836189e95cd193d5ff17fef97f45e21d753ada5833fb207b9bb89
outputs/prd_integration/predicted_roi_pilot20_v2/152326/pred_02_top_masked.jpg,71577,19a67b83106c9a17f97865499add15b799ad11959f1e57bce2ec420754651722
outputs/prd_integration/predicted_roi_pilot20_v2/174323/pred_01_pants_crop.jpg,25774,98ceddb3b5f5ba4d97f2389ec8b5b9af374253f0540f41030dd18391aa8a8886
outputs/prd_integration/predicted_roi_pilot20_v2/174323/pred_01_pants_mask.png,1680,d81bc15b61dff341225498e49ac7eb36745ca2c1340e8227d191e8f63cb65dfc
outputs/prd_integration/predicted_roi_pilot20_v2/174323/pred_01_pants_masked.jpg,17313,00e65e593dde5165c712569b9fd55ee107d08121c73135ab91d61a763db17c07
outputs/prd_integration/predicted_roi_pilot20_v2/174323/pred_02_top_crop.jpg,92253,e49ce5266fc78314ee3cbf39350dc9f394978218b1dacf842065727a01afef3d
outputs/prd_integration/predicted_roi_pilot20_v2/174323/pred_02_top_mask.png,3349,4bdea7873c6ad5b1ce77080f90d09e09c81c36821b023ea796079e33a110556c
outputs/prd_integration/predicted_roi_pilot20_v2/174323/pred_02_top_masked.jpg,61811,2eb1d4dac9cba19620f59109579b38044356daa4fa93eaff6867e2f6a53fb4c1
outputs/prd_integration/predicted_roi_pilot20_v2/174323/pred_03_pants_crop.jpg,89365,f1f34bad3c55c8b14375b3924fca30ca60772dc3284633dc8a73ae183cd062d8
outputs/prd_integration/predicted_roi_pilot20_v2/174323/pred_03_pants_mask.png,3274,e0d0dd6725df3e7df17c8765bba74b20076059f0c9d4269e36da54c3852216be
outputs/prd_integration/predicted_roi_pilot20_v2/174323/pred_03_pants_masked.jpg,59293,990fe798c27b4c94ba5ab044bba2ea20c1e79a31626d61206eb6f89df5699f75
outputs/prd_integration/predicted_roi_pilot20_v2/178287/pred_01_bag_crop.jpg,13996,538d7d94beb8919c1a0285c08bc59b89880016d5cf1d36904324ba3ad86a2dfc
outputs/prd_integration/predicted_roi_pilot20_v2/178287/pred_01_bag_mask.png,747,a29de71d1b3082887772401793d9b270434d17c4702caee60b1337685c4c8ce3
outputs/prd_integration/predicted_roi_pilot20_v2/178287/pred_01_bag_masked.jpg,6458,0c9bd02bae510b27051e779f634732709f07c179600b7f5cebd3999f8bf8073b
outputs/prd_integration/predicted_roi_pilot20_v2/178287/pred_02_pants_crop.jpg,33063,1464d333599d4185f09dd19713b47a681d636a0165e1195535fceed2123a8813
outputs/prd_integration/predicted_roi_pilot20_v2/178287/pred_02_pants_mask.png,1373,452fd358a4e72dc18fcb99ee2b35d31b8464278f1ea461aa0e4b06c43a1cc536
outputs/prd_integration/predicted_roi_pilot20_v2/178287/pred_02_pants_masked.jpg,12961,add8e72ec297035f3811d679f9f8ed0706ff9f3c65a8f3be874040bfdd42174d
outputs/prd_integration/predicted_roi_pilot20_v2/184087/pred_01_dress_crop.jpg,227567,ab22a6c3451c3346c8b4751603228682104b32a773fb557d778a789e9c55d6c8
outputs/prd_integration/predicted_roi_pilot20_v2/184087/pred_01_dress_mask.png,5664,028e21161bb5659f3699afea4ce8c7ed2bfb479b53cb9c63c6587026b41bf267
outputs/prd_integration/predicted_roi_pilot20_v2/184087/pred_01_dress_masked.jpg,157598,702651423a5af8e4d9fec0f9890f86b86270cec455edaf0b1bbf7bc74d1d0bec
outputs/prd_integration/predicted_roi_pilot20_v2/311db0d6f5b7be84ac3c952a443ef981/pred_01_dress_crop.jpg,56994,1cfd0ca56b6b117afbad8c0b5f967d1d76fa47e8f4935f60073b192fc5d589dc
outputs/prd_integration/predicted_roi_pilot20_v2/311db0d6f5b7be84ac3c952a443ef981/pred_01_dress_mask.png,1742,4a1ae24630dab1f748f848a26d40da9e444eee431ba7919272258ca95e552979
outputs/prd_integration/predicted_roi_pilot20_v2/311db0d6f5b7be84ac3c952a443ef981/pred_01_dress_masked.jpg,47908,cca2f33acaa006990499130413618fa8c9d2e680bb71d65502b665904424fe9d
outputs/prd_integration/predicted_roi_pilot20_v2/311db0d6f5b7be84ac3c952a443ef981/pred_02_shoe_crop.jpg,2696,a746a373909835fe34be6294d5c0ecf6a70d859b60b0536e17bb4aa9fdc01d0c
outputs/prd_integration/predicted_roi_pilot20_v2/311db0d6f5b7be84ac3c952a443ef981/pred_02_shoe_mask.png,223,e20330b2e5585b93a58e33d4791f0f3025f4c3dd5e2b8251a59828ea00ea8926
outputs/prd_integration/predicted_roi_pilot20_v2/311db0d6f5b7be84ac3c952a443ef981/pred_02_shoe_masked.jpg,2067,75e000165b996e02967cde11a00989cf7e8d0fe69b654a49803cfb65807b00a4
outputs/prd_integration/predicted_roi_pilot20_v2/32227cade6d3646824f9c0f3fa9dc9e7/pred_01_skirt_crop.jpg,22707,6bebbee3a7bdb93c71dabc7a97167cf2ad7d22608b8bc36aec2112682f321b2d
outputs/prd_integration/predicted_roi_pilot20_v2/32227cade6d3646824f9c0f3fa9dc9e7/pred_01_skirt_mask.png,915,dd7c1b9a8cc953d5ebad73e4a65cae71d32efac316019ff1f9cc8f9a27dd5f54
outputs/prd_integration/predicted_roi_pilot20_v2/32227cade6d3646824f9c0f3fa9dc9e7/pred_01_skirt_masked.jpg,21432,a35ce59e65eae8967349a4cb0416d004824263b099c7b86ab17471b1ee7df91b
outputs/prd_integration/predicted_roi_pilot20_v2/33846044d27032d3988b9b4b7e22e252/pred_01_shoe_crop.jpg,2404,665818f9b0d88fccd3d30c8a4b06db92d31803d2debb6a9ce66afb2be729bbc8
outputs/prd_integration/predicted_roi_pilot20_v2/33846044d27032d3988b9b4b7e22e252/pred_01_shoe_mask.png,196,d7197ca5b8ea0cee330cb9008ad0384bceb23180fb61a0ccfabd4de6a5795dfb
outputs/prd_integration/predicted_roi_pilot20_v2/33846044d27032d3988b9b4b7e22e252/pred_01_shoe_masked.jpg,1949,3b096a9e644db145d7b43bc70205ece773f260f24594e832b5ffd24b8f53a895
outputs/prd_integration/predicted_roi_pilot20_v2/33846044d27032d3988b9b4b7e22e252/pred_02_dress_crop.jpg,42914,0337a7ff8029a748af3f713deee10c8109de62e0f9c772969c44c137ca8c0df5
outputs/prd_integration/predicted_roi_pilot20_v2/33846044d27032d3988b9b4b7e22e252/pred_02_dress_mask.png,2120,ab94241bad82e8659eab01565bef5942a57155d9fde37a61eebc8627e3a34454
outputs/prd_integration/predicted_roi_pilot20_v2/33846044d27032d3988b9b4b7e22e252/pred_02_dress_masked.jpg,38052,960f1b81857ee1e9cd68d4a8ac9ef688ba34b470f347f484ea784b0158ee01d1
outputs/prd_integration/predicted_roi_pilot20_v2/33cfdcbd48019b09e36a78c428bbae1d/pred_01_pants_crop.jpg,39563,3474bb673801f4241b03e71df7bedf49058292f2843c5e15548f9f2b0b148e00
outputs/prd_integration/predicted_roi_pilot20_v2/33cfdcbd48019b09e36a78c428bbae1d/pred_01_pants_mask.png,1734,a1164e8e1383e1a0fcfbdd47836db2ba0f595d10b1cac33d1a0f0e5454a101f9
outputs/prd_integration/predicted_roi_pilot20_v2/33cfdcbd48019b09e36a78c428bbae1d/pred_01_pants_masked.jpg,26939,877e2665e443c5f5e64f7695603d5e4b57c680ae8965e80e8d11efd0e6c67fed
outputs/prd_integration/predicted_roi_pilot20_v2/3bf082a96a03a1c8f75e1d1d0ebf42d2/pred_01_accessory_crop.jpg,5620,57a8441e8e6758dcbd1959c3bcb575f3078a718a4111d3d6ce33a5f1a55d8cdb
outputs/prd_integration/predicted_roi_pilot20_v2/3bf082a96a03a1c8f75e1d1d0ebf42d2/pred_01_accessory_mask.png,594,f04937aa3a4767d8948f7568a3b339b475fb83691559c5533dc969407059d022
outputs/prd_integration/predicted_roi_pilot20_v2/3bf082a96a03a1c8f75e1d1d0ebf42d2/pred_01_accessory_masked.jpg,4729,9efcad2a448f205215dd6bb4ec644b5234c122c7d97b40bd1aff6d9b1ef60197
outputs/prd_integration/predicted_roi_pilot20_v2/3bf082a96a03a1c8f75e1d1d0ebf42d2/pred_02_outerwear_crop.jpg,23589,b0305b426fc4f1b8365eba9e163e917ac7c4e977fb21dc745b02a3404da11eaf
outputs/prd_integration/predicted_roi_pilot20_v2/3bf082a96a03a1c8f75e1d1d0ebf42d2/pred_02_outerwear_mask.png,1446,e1297d18845a8d6f9165ab395e4bf8ce493f40fb79278326b6ffb591ec46a5fc
outputs/prd_integration/predicted_roi_pilot20_v2/3bf082a96a03a1c8f75e1d1d0ebf42d2/pred_02_outerwear_masked.jpg,16730,68cf245e30e755eb4a39f905f943705a7a0f6a3c9928b00f1ca055f74ef354e1
outputs/prd_integration/predicted_roi_pilot20_v2/3bf082a96a03a1c8f75e1d1d0ebf42d2/pred_03_skirt_crop.jpg,9177,d4b1764e8fa4906cf6f8f63984779de5910750d4e3b6e5f1c0f4dcf4e8993f31
outputs/prd_integration/predicted_roi_pilot20_v2/3bf082a96a03a1c8f75e1d1d0ebf42d2/pred_03_skirt_mask.png,369,159b100294a854353e7eac5b4c3dd74c035c303d3a23e095708e0c79a49383f5
outputs/prd_integration/predicted_roi_pilot20_v2/3bf082a96a03a1c8f75e1d1d0ebf42d2/pred_03_skirt_masked.jpg,9476,25e76550a3ff6fcb2953f5039461d9fc3daefc931e36169b32dfd29661bce0db
outputs/prd_integration/predicted_roi_pilot20_v2/3bf082a96a03a1c8f75e1d1d0ebf42d2/pred_04_bag_crop.jpg,9198,eed701b2861b27a9314076c00190d75a2b82df2d0b04851fc662df69c5f3c461
outputs/prd_integration/predicted_roi_pilot20_v2/3bf082a96a03a1c8f75e1d1d0ebf42d2/pred_04_bag_mask.png,385,550122f6e7ecdb776ef2f16808be448fd62766c3ff64931e3a1c588ba5333f9d
outputs/prd_integration/predicted_roi_pilot20_v2/3bf082a96a03a1c8f75e1d1d0ebf42d2/pred_04_bag_masked.jpg,9703,fc4c25d9aa8e3b3da7b6053f5ac2611b9fd9de11e85663e4d04f0d0bb8a4fac2
outputs/prd_integration/predicted_roi_pilot20_v2/4f23f05daee3cbdd96295f84825e3581/pred_01_bag_crop.jpg,20016,a0d476725722488e1c6a56587689dbeaa996a45df385f4712bb34ac0218c0c1b
outputs/prd_integration/predicted_roi_pilot20_v2/4f23f05daee3cbdd96295f84825e3581/pred_01_bag_mask.png,1713,a11db63d63abb0c769e8366d2ce9b82f1a1e169c029e212acbbe8f7a8d3a696f
outputs/prd_integration/predicted_roi_pilot20_v2/4f23f05daee3cbdd96295f84825e3581/pred_01_bag_masked.jpg,12705,f1362d03d65ff0e6975f9555584df495332729f3a081f457e8b577ac96a5dc36
outputs/prd_integration/predicted_roi_pilot20_v2/4f23f05daee3cbdd96295f84825e3581/pred_02_shoe_crop.jpg,1963,4e25f6885825ead111971fd0aa1d507ad8aa3e8c4c878ac57468998b1a571106
outputs/prd_integration/predicted_roi_pilot20_v2/4f23f05daee3cbdd96295f84825e3581/pred_02_shoe_mask.png,255,41888f6ba5e64aea24bca91d48c0a5a405e528ba5e0fdaff3a7fcdea3a02e49b
outputs/prd_integration/predicted_roi_pilot20_v2/4f23f05daee3cbdd96295f84825e3581/pred_02_shoe_masked.jpg,2025,0ad8927948f3fc251702c591452566426a3d8e70e1992451293c125f52b9407a
outputs/prd_integration/predicted_roi_pilot20_v2/4f23f05daee3cbdd96295f84825e3581/pred_03_outerwear_crop.jpg,33021,2e8079a812ce09aa2400bbbcd803cf26edc7e26aaeb3cb7af294ac3ca3463f71
outputs/prd_integration/predicted_roi_pilot20_v2/4f23f05daee3cbdd96295f84825e3581/pred_03_outerwear_mask.png,3648,337efef29531ad1371df3e0266e8060f96f86213e6540754de159badd584f711
outputs/prd_integration/predicted_roi_pilot20_v2/4f23f05daee3cbdd96295f84825e3581/pred_03_outerwear_masked.jpg,38619,486054e346a67bb2aee5d8552d29784b92c34a1a9b7c8393dd9f6b9a6b0a689e
outputs/prd_integration/predicted_roi_pilot20_v2/4f23f05daee3cbdd96295f84825e3581/pred_04_bag_crop.jpg,9919,4e1bdeacb7d73f906223280e9b9f3abdfd2573ae6ca34620eedfb5c6da3ac794
outputs/prd_integration/predicted_roi_pilot20_v2/4f23f05daee3cbdd96295f84825e3581/pred_04_bag_mask.png,812,263859be612fd17fea233bbb3fb3c851ad529f84d0265fe757e32da14f2ee1f1
outputs/prd_integration/predicted_roi_pilot20_v2/4f23f05daee3cbdd96295f84825e3581/pred_04_bag_masked.jpg,6379,572149b41f1102a9da6bed9309d1ef4403be06f475bd4b95f1992bb3ac944758
outputs/prd_integration/predicted_roi_pilot20_v2/77435fc234059dcb9e0bb3d73382bcc7/pred_01_bag_crop.jpg,10227,7b2ea03c9802adf98b287149ddce960b27a42175638ccdb1033bc29315b454ca
outputs/prd_integration/predicted_roi_pilot20_v2/77435fc234059dcb9e0bb3d73382bcc7/pred_01_bag_mask.png,515,f82f60c60fda47a6bc6e3f6509bbc19997ff93a881d7a6b07b34d3226b0feb1c
outputs/prd_integration/predicted_roi_pilot20_v2/77435fc234059dcb9e0bb3d73382bcc7/pred_01_bag_masked.jpg,6640,94142aab222e5d6b563a63ddd6d93aed9666a7f73feed6abc1f208d44f7319ae
outputs/prd_integration/predicted_roi_pilot20_v2/77435fc234059dcb9e0bb3d73382bcc7/pred_02_bag_crop.jpg,15926,957c29be27abb311049eba920cee8867b8301335ccc9d510a041984a289a850c
outputs/prd_integration/predicted_roi_pilot20_v2/77435fc234059dcb9e0bb3d73382bcc7/pred_02_bag_mask.png,603,038ba72b1e29b363c618922af0cc4f1af0529ac69481c6688ddd124c9079a2f3
outputs/prd_integration/predicted_roi_pilot20_v2/77435fc234059dcb9e0bb3d73382bcc7/pred_02_bag_masked.jpg,6412,c9d5f92fe7e16e334f2474090ab79e7eec0a6eb75b2d253e1565130487c4050a
outputs/prd_integration/predicted_roi_pilot20_v2/89144779b3e40421facdb2eb70309356/pred_01_bag_crop.jpg,14457,f9fbcc50e87ce695bc90a6380bc71ff97d3ac9ae02d916c32d7e8e7842b4fe1f
outputs/prd_integration/predicted_roi_pilot20_v2/89144779b3e40421facdb2eb70309356/pred_01_bag_mask.png,810,659504d49dc482832a6f2a98b21a66dfb4164b94716dd34eb7cb6b9d877a7bde
outputs/prd_integration/predicted_roi_pilot20_v2/89144779b3e40421facdb2eb70309356/pred_01_bag_masked.jpg,8296,eaa37e878bc1109a7d9595c0a91c523f4f4010dc1d1e742b2a08d034edaf776b
outputs/prd_integration/predicted_roi_pilot20_v2/89144779b3e40421facdb2eb70309356/pred_02_dress_crop.jpg,39292,f53bb0f72824020376e73b1ba44d7412445ceb747ad396c87e4726630b9bf202
outputs/prd_integration/predicted_roi_pilot20_v2/89144779b3e40421facdb2eb70309356/pred_02_dress_mask.png,1744,924eb1673cd070281e34fca5583eb85f0f6eb7d149be6b8c351556a75f0585a0
outputs/prd_integration/predicted_roi_pilot20_v2/89144779b3e40421facdb2eb70309356/pred_02_dress_masked.jpg,25901,870fb25c61fb07b90e3724aa340c13d3c8a4b401285a0a40baa7aa3a04b167e1
outputs/prd_integration/predicted_roi_pilot20_v2/89f6e3ad94e5493906b4f3d0e16bdae1/pred_01_accessory_crop.jpg,6360,9f9b45099844385d545672ae0aeb8111738f15c3d75ddf4ae2a693088c088290
outputs/prd_integration/predicted_roi_pilot20_v2/89f6e3ad94e5493906b4f3d0e16bdae1/pred_01_accessory_mask.png,597,1655ffa189afb8aeee47ef69d6828b11b2258462e2ab453a31bd1cf724b91ed8
outputs/prd_integration/predicted_roi_pilot20_v2/89f6e3ad94e5493906b4f3d0e16bdae1/pred_01_accessory_masked.jpg,5875,a4b00d430c6128e620164bd646f03bf83991ae41f1d849cbfa08fee0cc944a20
outputs/prd_integration/predicted_roi_pilot20_v2/89f6e3ad94e5493906b4f3d0e16bdae1/pred_02_skirt_crop.jpg,26528,802d92289d247c12c46e254ab61aec0ee3557212d359d06ccf16729e4995aaab
outputs/prd_integration/predicted_roi_pilot20_v2/89f6e3ad94e5493906b4f3d0e16bdae1/pred_02_skirt_mask.png,1292,42ffba19438a496302717bb042084dfcc2facd396d7b41c56d1848740bff9c0b
outputs/prd_integration/predicted_roi_pilot20_v2/89f6e3ad94e5493906b4f3d0e16bdae1/pred_02_skirt_masked.jpg,20215,ead42bf729b2acb65fbfd5b89134bdce7e6e0f0ba5bf532c02f8af23630e072a
outputs/prd_integration/predicted_roi_pilot20_v2/cdd175f26ac87c01ec64fb2f02268654/pred_01_bag_crop.jpg,14222,287ced31e3d1fca54e703b295e61809e94abbdc51dcd2958e6cf8ae4b44709aa
outputs/prd_integration/predicted_roi_pilot20_v2/cdd175f26ac87c01ec64fb2f02268654/pred_01_bag_mask.png,913,b7659da02af0801d6767da93d5581f0090114418b83eed5f097b5ecfffa18521
outputs/prd_integration/predicted_roi_pilot20_v2/cdd175f26ac87c01ec64fb2f02268654/pred_01_bag_masked.jpg,8748,3b05c7867539e9a53e7625b5f748dcf77f5a6c3142d9ac19b60b7e7811d86a1c
outputs/prd_integration/predicted_roi_pilot20_v2/cdd175f26ac87c01ec64fb2f02268654/pred_02_dress_crop.jpg,22516,7dba6d3fe8783da26f86b095d789f6d080962130988e05a077bea83c04137c56
outputs/prd_integration/predicted_roi_pilot20_v2/cdd175f26ac87c01ec64fb2f02268654/pred_02_dress_mask.png,1335,a399bfd13b2f80f9f23b7b8240c7ed939b361cbfdd1742e5c57014d23181d81d
outputs/prd_integration/predicted_roi_pilot20_v2/cdd175f26ac87c01ec64fb2f02268654/pred_02_dress_masked.jpg,14628,32b78e08cfbd0792d9298c7e987fbb96ce1d184384f547a232192c756cbf928e
outputs/prd_integration/predicted_roi_pilot20_v2/contact_sheet.jpg,557858,0eb717134633b9e1fae4647d8b9df2cb7393ae27197e715bdf50a1f5860f8a41
outputs/prd_integration/predicted_roi_pilot20_v2/dd4525a10b6110df29f0a6b19e6b924b/pred_01_dress_crop.jpg,39425,1543c2cd3653caa8f3127aad153f35213fbd9b8789da51e6064dda7fa0b3fee1
outputs/prd_integration/predicted_roi_pilot20_v2/dd4525a10b6110df29f0a6b19e6b924b/pred_01_dress_mask.png,1970,31f7d7f0145a4f3a7c8b007d6921c47b35eaf46500673087176cc2573952a3fe
outputs/prd_integration/predicted_roi_pilot20_v2/dd4525a10b6110df29f0a6b19e6b924b/pred_01_dress_masked.jpg,29977,33aa86e978fb0fcc528a586eefb128eb09f54c36da5a5442e305495d7b622be4
outputs/prd_integration/predicted_roi_pilot20_v2/dd4525a10b6110df29f0a6b19e6b924b/pred_02_shoe_crop.jpg,1722,bc585b0c9726899968838a106855d67edff1daec611ae4c54fd5ba1579373691
outputs/prd_integration/predicted_roi_pilot20_v2/dd4525a10b6110df29f0a6b19e6b924b/pred_02_shoe_mask.png,205,96dc8359f8eb7a75740aec0d231f0615c01c5221fe0f2de86301629c6ca7599e
outputs/prd_integration/predicted_roi_pilot20_v2/dd4525a10b6110df29f0a6b19e6b924b/pred_02_shoe_masked.jpg,1956,abb863e6b9c7c3cf6d6386ca748293c6042213e896ffd829509f465049f5dbd4
outputs/prd_integration/predicted_roi_pilot20_v2/fac6412c2873388612c4ec4cda414ac6/pred_01_shoe_crop.jpg,2532,572ad91930c9f2ae4f177bd415ae627b23f2fd0d007dc2941fe30b39dec10e6e
outputs/prd_integration/predicted_roi_pilot20_v2/fac6412c2873388612c4ec4cda414ac6/pred_01_shoe_mask.png,231,29cc5ae64997c7ab83d8c976f89e65467fe8c52ba5f1bd58dac4ad679e6485a8
outputs/prd_integration/predicted_roi_pilot20_v2/fac6412c2873388612c4ec4cda414ac6/pred_01_shoe_masked.jpg,2577,4339eac1b1c101972365a6355e7bd9756289772518f5b6662451bdd9360d5360
outputs/prd_integration/predicted_roi_pilot20_v2/fac6412c2873388612c4ec4cda414ac6/pred_02_outerwear_crop.jpg,88563,d3b2995af9dbf5aa0181552c75c94eb1f95ae7f880ecca1741626763e0f2cfd8
outputs/prd_integration/predicted_roi_pilot20_v2/fac6412c2873388612c4ec4cda414ac6/pred_02_outerwear_mask.png,2718,1c58d2fe1a921d39b1d2a3bcf2b43b2a15c6f45be3581671a377080665a914a0
outputs/prd_integration/predicted_roi_pilot20_v2/fac6412c2873388612c4ec4cda414ac6/pred_02_outerwear_masked.jpg,34671,da05b182ab40b46c8774bb9f098c47677fd6da1474c017d3f2f95e016c7cc24a
outputs/prd_integration/roi_mask_isolation_v1/A_gtbbox_gtmask/004648/017_item1_vest_dress_crop.jpg,72982,98feef91f9913f2c6e72b65a8ffd08d75e08fd8a572eaafb107ccb44ec40308f
outputs/prd_integration/roi_mask_isolation_v1/A_gtbbox_gtmask/004648/017_item1_vest_dress_mask.png,2980,939e3deca5b64499eee8a92284b867244a688baef5eea223855101501248289c
outputs/prd_integration/roi_mask_isolation_v1/A_gtbbox_gtmask/004648/017_item1_vest_dress_masked.jpg,56304,255c1e7dc7aabf8c7f34e0bec9504403e08cf56f8745ae796201f9f3e03c17df
outputs/prd_integration/roi_mask_isolation_v1/A_gtbbox_gtmask/013010/021_item1_short_sleeve_top_crop.jpg,9794,4a24b199bdbd8e1f495674ab68f2950959f5bc6a992f3223fada58cb70c4bc30
outputs/prd_integration/roi_mask_isolation_v1/A_gtbbox_gtmask/013010/021_item1_short_sleeve_top_mask.png,686,16649d43120bbe93bafad4a5857c3b82e8e1481874a04c8bc79edc8521d7d59b
outputs/prd_integration/roi_mask_isolation_v1/A_gtbbox_gtmask/013010/021_item1_short_sleeve_top_masked.jpg,8105,bb145ab83b10b75c8105037217c5fcd220b922cc5393eee6151e12901210455c
outputs/prd_integration/roi_mask_isolation_v1/A_gtbbox_gtmask/015031/010_item1_short_sleeve_dress_crop.jpg,59401,b057e4335ff60f878c87f5e4f04ea6e376a393d898dc6cbca7a40c878e517a8f
outputs/prd_integration/roi_mask_isolation_v1/A_gtbbox_gtmask/015031/010_item1_short_sleeve_dress_mask.png,2193,20d56447466b0ad36f5773f725b82abbdff12f28ca6d04143e3e57e171fb40ac
outputs/prd_integration/roi_mask_isolation_v1/A_gtbbox_gtmask/015031/010_item1_short_sleeve_dress_masked.jpg,54337,a09392818ec02e2692bec1e52071ce9b042a9c8097721adb58782b520916ff6d
outputs/prd_integration/roi_mask_isolation_v1/A_gtbbox_gtmask/051719/016_item1_trousers_crop.jpg,106194,2cef5c3c3f69dfdd34d526818a250872bc27743da4fa9c9f079c5b1c796fb6d5
outputs/prd_integration/roi_mask_isolation_v1/A_gtbbox_gtmask/051719/016_item1_trousers_mask.png,3711,be05ba2bdf8e311307d922c620068f7b9380e9cf74c3ca93d4ffb272e9df055c
outputs/prd_integration/roi_mask_isolation_v1/A_gtbbox_gtmask/051719/016_item1_trousers_masked.jpg,86628,0a7070c3235ae3bdbb039bc789ae24e08b5007e34b880ebda8504375acb941fe
outputs/prd_integration/roi_mask_isolation_v1/A_gtbbox_gtmask/073497/007_item1_trousers_crop.jpg,34090,dc59409397a28e34593838edc815b4461bd20dda6d8b01a77baf2f6076e13e85
outputs/prd_integration/roi_mask_isolation_v1/A_gtbbox_gtmask/073497/007_item1_trousers_mask.png,1495,6ccc7c0d8a86bf2012224ec7de2b5fd2afc7db4b7e21ab76850732207f880493
outputs/prd_integration/roi_mask_isolation_v1/A_gtbbox_gtmask/073497/007_item1_trousers_masked.jpg,31605,1747bbf7cf65e8339b2b33da9ae464cbc107f5f5acdb9806e87945dcd4e50dc3
outputs/prd_integration/roi_mask_isolation_v1/A_gtbbox_gtmask/073497/019_item2_short_sleeve_top_crop.jpg,10274,fa61113dda586982094e14213f3ff4d80ba501a52c2d5e2f210f460534f8e657
outputs/prd_integration/roi_mask_isolation_v1/A_gtbbox_gtmask/073497/019_item2_short_sleeve_top_mask.png,492,e2de027a742873af8be00144a678f82fc21ec89c26a45ff0cf9a6ee142b3da2e
outputs/prd_integration/roi_mask_isolation_v1/A_gtbbox_gtmask/073497/019_item2_short_sleeve_top_masked.jpg,10246,8ecd7d4012b06bdff2edc344345d0d59e2124761b017102a3298574404a377f3
outputs/prd_integration/roi_mask_isolation_v1/A_gtbbox_gtmask/079537/018_item2_vest_crop.jpg,27348,b8e79b24d81b119dae0001ff48764730b7ac80c379dc6ed9c5f4866a565bd454
outputs/prd_integration/roi_mask_isolation_v1/A_gtbbox_gtmask/079537/018_item2_vest_mask.png,812,0cbdaef35354d494391a5a0bde6b7c563389b37cc40647342cfaee5996dec50d
outputs/prd_integration/roi_mask_isolation_v1/A_gtbbox_gtmask/079537/018_item2_vest_masked.jpg,24980,0855960b33a7c887fa2263e5e1360bb688ed2cd300cf70e8ed4a753c1b8fd8cc
outputs/prd_integration/roi_mask_isolation_v1/A_gtbbox_gtmask/096778/009_item2_sling_dress_crop.jpg,91209,e9c38e4994cca8337de65cff85ceb332518849d78b787c69ff66d2ddf0583117
outputs/prd_integration/roi_mask_isolation_v1/A_gtbbox_gtmask/096778/009_item2_sling_dress_mask.png,2574,9b9a9f8d30fa66fe202439aead43d09e68dd250f43f9a114ec7fe6915897dd34
outputs/prd_integration/roi_mask_isolation_v1/A_gtbbox_gtmask/096778/009_item2_sling_dress_masked.jpg,62912,d9cdcd8c9daba94329c2686cf196d456a2fc2c64fafc089c3ea1c82e022085f3
outputs/prd_integration/roi_mask_isolation_v1/A_gtbbox_gtmask/101034/004_item2_sling_dress_crop.jpg,75088,b3bc04050a5ddc3166e9c8ab207f18f27989f3098101a5668af47ee966afbc6a
outputs/prd_integration/roi_mask_isolation_v1/A_gtbbox_gtmask/101034/004_item2_sling_dress_mask.png,2767,ac6b0e9359916984ad5a5c1e1586ca5067b0b0d4596e3bbf6beff8e5b4f97eda
outputs/prd_integration/roi_mask_isolation_v1/A_gtbbox_gtmask/101034/004_item2_sling_dress_masked.jpg,45953,ea2e3f139c536395e3468b780a9a6905a5d6ca9440bd04c3ba316a5f41abdd2f
outputs/prd_integration/roi_mask_isolation_v1/A_gtbbox_gtmask/101034/014_item1_short_sleeve_top_crop.jpg,35052,165ee317080298e7c67e2d3a44107974b15b37ac6fc7c8f9d35dcbde5212d5e1
outputs/prd_integration/roi_mask_isolation_v1/A_gtbbox_gtmask/101034/014_item1_short_sleeve_top_mask.png,1485,a27593ce28a2d3ff3d2de49fdd29ae636db6d9b1156c1ee331de982da51118a8
outputs/prd_integration/roi_mask_isolation_v1/A_gtbbox_gtmask/101034/014_item1_short_sleeve_top_masked.jpg,27824,3263eb0f631639514f25a6170f90c103cf5a16fedbfc5634e892a044da31b137
outputs/prd_integration/roi_mask_isolation_v1/A_gtbbox_gtmask/114238/006_item1_long_sleeve_outwear_crop.jpg,133843,d3f387a73a17904757fab25e203f61426f5b8265e3bb24c5eca9de85ba46b162
outputs/prd_integration/roi_mask_isolation_v1/A_gtbbox_gtmask/114238/006_item1_long_sleeve_outwear_mask.png,5245,8537c6952a4804310aed33fcc50122db968b5eb1951e3d88ccf42f331b86f132
outputs/prd_integration/roi_mask_isolation_v1/A_gtbbox_gtmask/114238/006_item1_long_sleeve_outwear_masked.jpg,95202,43650d25f0fa49378065512df5c12e53e0cf4108ef36af5f1731df6001d2a8c5
outputs/prd_integration/roi_mask_isolation_v1/A_gtbbox_gtmask/124892/003_item1_short_sleeve_top_crop.jpg,29694,461644f2dd47a0d4a72b9ee9808289fb11ce726f660c00ea38d6896da3e9b244
outputs/prd_integration/roi_mask_isolation_v1/A_gtbbox_gtmask/124892/003_item1_short_sleeve_top_mask.png,898,3f431f6beef899027c59e84b76b9661543c1c80eafaf93a4c364f54e51684470
outputs/prd_integration/roi_mask_isolation_v1/A_gtbbox_gtmask/124892/003_item1_short_sleeve_top_masked.jpg,27218,ec300666dc30a2a237a4587a02873ad49769194427498166c40bab9194b235a2
outputs/prd_integration/roi_mask_isolation_v1/A_gtbbox_gtmask/142658/011_item1_long_sleeve_top_crop.jpg,27174,0a0b1e4b92b69c0c85f7b614684d267ba8b5844e7fb894d490cb02892aae73a9
outputs/prd_integration/roi_mask_isolation_v1/A_gtbbox_gtmask/142658/011_item1_long_sleeve_top_mask.png,1453,4ab0cd09de72723678cee9a43522ee16ac88d58e412d0cc855de8de7739fa46b
outputs/prd_integration/roi_mask_isolation_v1/A_gtbbox_gtmask/142658/011_item1_long_sleeve_top_masked.jpg,16247,15bdb1dd332ade3009412fe7defac8617ff6587976739487864ee15660e7cb4f
outputs/prd_integration/roi_mask_isolation_v1/A_gtbbox_gtmask/152326/002_item1_short_sleeve_top_crop.jpg,72170,a004a53110739c1e0cb5142500d5ca4ba0214d8e052902d6a4ce480070194742
outputs/prd_integration/roi_mask_isolation_v1/A_gtbbox_gtmask/152326/002_item1_short_sleeve_top_mask.png,2725,8e9cdc28a51183f0fa0cf6516900188f8dbb0f719838c08f84628b188bbb121f
outputs/prd_integration/roi_mask_isolation_v1/A_gtbbox_gtmask/152326/002_item1_short_sleeve_top_masked.jpg,70048,6f2b748f928b0fd6f9b2c3aae8b2cb2ad942d1ffae60e5d7e2005dc63bc4796d
outputs/prd_integration/roi_mask_isolation_v1/A_gtbbox_gtmask/152326/008_item2_trousers_crop.jpg,29608,8d6265fc4e902307d3d2ec976c2349dd82e0079e8db60544209387371a580914
outputs/prd_integration/roi_mask_isolation_v1/A_gtbbox_gtmask/152326/008_item2_trousers_mask.png,1418,c0e181c948ec1025b7c8000a5262b2d7313d488416218f00d07f53865824c7fb
outputs/prd_integration/roi_mask_isolation_v1/A_gtbbox_gtmask/152326/008_item2_trousers_masked.jpg,29184,c9ae06574448d8e61b77ba0172b958a5cae996e0a3b0f5a080a2c1d5b348f256
outputs/prd_integration/roi_mask_isolation_v1/A_gtbbox_gtmask/174323/005_item2_trousers_crop.jpg,25488,c16192905990589d984faa951b1a9d9debc449f8040176043b92f58bf1acac9b
outputs/prd_integration/roi_mask_isolation_v1/A_gtbbox_gtmask/174323/005_item2_trousers_mask.png,1833,a85fcc80705e666381eb37988404195c956d94c3620e310dd397e473288d1617
outputs/prd_integration/roi_mask_isolation_v1/A_gtbbox_gtmask/174323/005_item2_trousers_masked.jpg,21554,1d306da7aeefe3a80ad17b468b25b5a8fd0359628dcae5998fdfb55efb081469
outputs/prd_integration/roi_mask_isolation_v1/A_gtbbox_gtmask/178287/022_item2_shorts_crop.jpg,16729,427cf9ec1ec4e63c83321e8dc26f45111ad229c822dc41485592804925e47e72
outputs/prd_integration/roi_mask_isolation_v1/A_gtbbox_gtmask/178287/022_item2_shorts_mask.png,1420,f8a4cb058fc5951cd478dbc2d026baa1832d96a9f0ccf4859b0e16432b5aa2a6
outputs/prd_integration/roi_mask_isolation_v1/A_gtbbox_gtmask/178287/022_item2_shorts_masked.jpg,12366,435f1eb2074341e834eaf7fa7b2b87f41d1eb62a7153e28c66045fe91fb1561e
outputs/prd_integration/roi_mask_isolation_v1/A_gtbbox_gtmask/184087/012_item1_long_sleeve_dress_crop.jpg,277217,052c75f4610d03aa0b560366589252ef7688ed5772ec6bfcd96d769b3274cfc3
outputs/prd_integration/roi_mask_isolation_v1/A_gtbbox_gtmask/184087/012_item1_long_sleeve_dress_mask.png,6322,86876f965beed05d7baa253f1b590d54da47fa7643e3249d18a02fa02b43c9a3
outputs/prd_integration/roi_mask_isolation_v1/A_gtbbox_gtmask/184087/012_item1_long_sleeve_dress_masked.jpg,174260,c16bd8fd5eabf0d0d6b0dcd883007fc91b16faae480f62f5abb39f4f8ddf2942
outputs/prd_integration/roi_mask_isolation_v1/A_gtbbox_gtmask/33cfdcbd48019b09e36a78c428bbae1d/001_fashionpedia_ann_6510_crop.jpg,3298,ad3ed709d88372977ac680ec1f3a24a4069c4217b199cc4e06dfa2f94f2c1aa4
outputs/prd_integration/roi_mask_isolation_v1/A_gtbbox_gtmask/33cfdcbd48019b09e36a78c428bbae1d/001_fashionpedia_ann_6510_mask.png,445,0fc40ede064703d0a4518a8433d1adad458502b9f2f7c41c5b83d6c8a07e6af2
outputs/prd_integration/roi_mask_isolation_v1/A_gtbbox_gtmask/33cfdcbd48019b09e36a78c428bbae1d/001_fashionpedia_ann_6510_masked.jpg,3830,ff24d4c4df17f97b37c09b15377f37b950d07850ff79b28ea470059ec9f98079
outputs/prd_integration/roi_mask_isolation_v1/A_gtbbox_gtmask/4f23f05daee3cbdd96295f84825e3581/020_fashionpedia_ann_6080_crop.jpg,20235,941ee6ba4d61878d65ee95f8d6c14c6aaab2e0d8dac242272543b8eb1a0aeedf
outputs/prd_integration/roi_mask_isolation_v1/A_gtbbox_gtmask/4f23f05daee3cbdd96295f84825e3581/020_fashionpedia_ann_6080_mask.png,1740,4bf93bc3f11d60f920bf480549417f97c47e0dace91775f1d7d9fba8fd941f96
outputs/prd_integration/roi_mask_isolation_v1/A_gtbbox_gtmask/4f23f05daee3cbdd96295f84825e3581/020_fashionpedia_ann_6080_masked.jpg,12375,ea25d92d84ef2f1a8e31323270b7a21e23e6e1546cfca6f996212e572b6ed0c3
outputs/prd_integration/roi_mask_isolation_v1/A_gtbbox_gtmask/cdd175f26ac87c01ec64fb2f02268654/015_fashionpedia_ann_7855_crop.jpg,14205,1fce8d5ba286518046bbe0d14d0104280235c2d1974f9541caac6936923b1d58
outputs/prd_integration/roi_mask_isolation_v1/A_gtbbox_gtmask/cdd175f26ac87c01ec64fb2f02268654/015_fashionpedia_ann_7855_mask.png,1199,b5d1b0b6c225cfe65f6a9c276c0bb061367ed16e41bb5b40d78a95e81f38dc7b
outputs/prd_integration/roi_mask_isolation_v1/A_gtbbox_gtmask/cdd175f26ac87c01ec64fb2f02268654/015_fashionpedia_ann_7855_masked.jpg,9475,357d9d84596f4ae0cb9657dcf84b492a6635b2a6c785469d70cb6c05dea67271
outputs/prd_integration/roi_mask_isolation_v1/A_gtbbox_gtmask/dd4525a10b6110df29f0a6b19e6b924b/013_fashionpedia_ann_2759_crop.jpg,1994,66331449d894eea09adbece9f2fd9f1eb628d607f610c3e613926ece1f276232
outputs/prd_integration/roi_mask_isolation_v1/A_gtbbox_gtmask/dd4525a10b6110df29f0a6b19e6b924b/013_fashionpedia_ann_2759_mask.png,143,e0a19e40e0c002604472a7e6ee67861fbd6b33d5f50576246da69e45b69a010e
outputs/prd_integration/roi_mask_isolation_v1/A_gtbbox_gtmask/dd4525a10b6110df29f0a6b19e6b924b/013_fashionpedia_ann_2759_masked.jpg,2190,16bcb83210cc0fa40348c58c4eceeb17e1ec664b4ae5424ec303a3b62935cada
outputs/prd_integration/roi_mask_isolation_v1/B_predbbox_predmask/004648/017_item1_vest_dress_crop.jpg,75718,183bdfb4569c7c4eb2ff6f19624b78d9ea7c45bac54fc520f9413845bf1e73ec
outputs/prd_integration/roi_mask_isolation_v1/B_predbbox_predmask/004648/017_item1_vest_dress_mask.png,3235,b4a241966efe10ef67bffdc8ae875fa3d6d087d6775d8f31d1858dc3c056fd6b
outputs/prd_integration/roi_mask_isolation_v1/B_predbbox_predmask/004648/017_item1_vest_dress_masked.jpg,57524,2c0f4ca03f4ea39a586440a89bd46e371538962bdee5fba85c4742678fc0856a
outputs/prd_integration/roi_mask_isolation_v1/B_predbbox_predmask/013010/021_item1_short_sleeve_top_crop.jpg,10174,f9c8b1caef36fc705f20af24c880b3297410c06897a61ac55e6b012d4afe43c2
outputs/prd_integration/roi_mask_isolation_v1/B_predbbox_predmask/013010/021_item1_short_sleeve_top_mask.png,560,3563bfaaf85a545c9c793f7003bb15c05c3d8352f2e215c01969c8385274fbac
outputs/prd_integration/roi_mask_isolation_v1/B_predbbox_predmask/013010/021_item1_short_sleeve_top_masked.jpg,7871,355df236e391d9095852fdeff3b1a82129108317e3494689cfef097bcb8414cb
outputs/prd_integration/roi_mask_isolation_v1/B_predbbox_predmask/015031/010_item1_short_sleeve_dress_crop.jpg,64865,70e1ddb26d4d0614f2e87a2f3dff303709dd7afeabe99e45c36e7f2746b37884
outputs/prd_integration/roi_mask_isolation_v1/B_predbbox_predmask/015031/010_item1_short_sleeve_dress_mask.png,1987,b9343d3b266e0decaacbd9b2f1137298226717427585947a98d2721a8e552255
outputs/prd_integration/roi_mask_isolation_v1/B_predbbox_predmask/015031/010_item1_short_sleeve_dress_masked.jpg,49340,d50886d7a6ed9aa2a1b05855868c12763e2d6be03abce79ecbbebb584cb2e6f7
outputs/prd_integration/roi_mask_isolation_v1/B_predbbox_predmask/051719/016_item1_trousers_crop.jpg,97626,a509d68e7530f6ff46d4a8bcdf92c5a8a703f8c415a60b890f7bca1204d14955
outputs/prd_integration/roi_mask_isolation_v1/B_predbbox_predmask/051719/016_item1_trousers_mask.png,3298,618c6edf7afc1656fe1c8c78dcb9b88baa6f71fcc4a1ad8677346dd720c04699
outputs/prd_integration/roi_mask_isolation_v1/B_predbbox_predmask/051719/016_item1_trousers_masked.jpg,68365,6bc61943d8b4456c3a4252bf6f76d280c91f6e5d8b387aa68c32d306da82eeb4
outputs/prd_integration/roi_mask_isolation_v1/B_predbbox_predmask/073497/007_item1_trousers_crop.jpg,32486,313c9a2ed31d0c7aaadc35e9bc45bff7bf5017ae418495b99eaa75c19453c283
outputs/prd_integration/roi_mask_isolation_v1/B_predbbox_predmask/073497/007_item1_trousers_mask.png,1492,2f8e5128dfcd0da571d51eb5826cc775c8ebfd01214c975040203d993ee4d24b
outputs/prd_integration/roi_mask_isolation_v1/B_predbbox_predmask/073497/007_item1_trousers_masked.jpg,27988,5f43cebac151810bd65e6359c509d7e22b08dd9cfff20fc78eebd4f4aa88bd2f
outputs/prd_integration/roi_mask_isolation_v1/B_predbbox_predmask/073497/019_item2_short_sleeve_top_crop.jpg,8676,e0a374b77c3950c770d6c67089180003569c5b6d0eff3bdea500e8741070c465
outputs/prd_integration/roi_mask_isolation_v1/B_predbbox_predmask/073497/019_item2_short_sleeve_top_mask.png,613,4177a07e26720aabee8b6ef305ecd177764cd6619834de9f5431135fe34936e4
outputs/prd_integration/roi_mask_isolation_v1/B_predbbox_predmask/073497/019_item2_short_sleeve_top_masked.jpg,8166,0c4fc91a31ac008b3273a92af9c7d3c40d06933677f4be28aab1962d020947af
outputs/prd_integration/roi_mask_isolation_v1/B_predbbox_predmask/079537/018_item2_vest_crop.jpg,21527,a83740f2461ddab2e57580c8f933d05e3649ede12aadb8060cf890c500a63ae2
outputs/prd_integration/roi_mask_isolation_v1/B_predbbox_predmask/079537/018_item2_vest_mask.png,775,0fe7424376497bd8961f0af3904f9cd7a9d6cf86a08b86b9604673d819fde9a4
outputs/prd_integration/roi_mask_isolation_v1/B_predbbox_predmask/079537/018_item2_vest_masked.jpg,19901,0f62011a94fc0e9b9a3ce11be420e8ef21edf05f7e56b1f537cc54adb9598bea
outputs/prd_integration/roi_mask_isolation_v1/B_predbbox_predmask/096778/009_item2_sling_dress_crop.jpg,96295,68aa67d3e3940a8e121f989a11ec8eff1702ddedc225acc7089795dabaffed85
outputs/prd_integration/roi_mask_isolation_v1/B_predbbox_predmask/096778/009_item2_sling_dress_mask.png,2701,5f5d35a89a7fd3fe5b185cb8aebe1ae8555770583fde9ba455ffee653a264e84
outputs/prd_integration/roi_mask_isolation_v1/B_predbbox_predmask/096778/009_item2_sling_dress_masked.jpg,74624,1ab3c0c434fa64f3b3e0add1110dcb7ee9e42c11fa0413fbe9f6657ca096af42
outputs/prd_integration/roi_mask_isolation_v1/B_predbbox_predmask/101034/004_item2_sling_dress_crop.jpg,73676,6b3f38fe65c34db0192f0fe1277a878b7895a9621d515fe1cc2a7cbe5219d999
outputs/prd_integration/roi_mask_isolation_v1/B_predbbox_predmask/101034/004_item2_sling_dress_mask.png,2441,cb791e4a6655050f79b7b9cafbca3651ff3fe61ecaa4ad5093cfccd8b4926430
outputs/prd_integration/roi_mask_isolation_v1/B_predbbox_predmask/101034/004_item2_sling_dress_masked.jpg,55708,99198bab84c9e30ff1111dca7fb89fdcef08aa2d6588f6c866cd6e365cf074e2
outputs/prd_integration/roi_mask_isolation_v1/B_predbbox_predmask/101034/014_item1_short_sleeve_top_crop.jpg,42966,78185e3abcb46ca212775c1531443b8de92eff5d8524e28176b9226d97165b10
outputs/prd_integration/roi_mask_isolation_v1/B_predbbox_predmask/101034/014_item1_short_sleeve_top_mask.png,1410,4baae51c23c0ac123068734eba17fde7bad3b1fd1c11e97b3cfd35d47a263428
outputs/prd_integration/roi_mask_isolation_v1/B_predbbox_predmask/101034/014_item1_short_sleeve_top_masked.jpg,26358,ef75a77b98e395ec489dd5da2c8398e368537eb8e87e8b0cab77db8b1714387a
outputs/prd_integration/roi_mask_isolation_v1/B_predbbox_predmask/114238/006_item1_long_sleeve_outwear_crop.jpg,139844,e0bb3a63ceb82737898dcf7f56c1bc43932a807c11c92e0474a80a6bca80fd72
outputs/prd_integration/roi_mask_isolation_v1/B_predbbox_predmask/114238/006_item1_long_sleeve_outwear_mask.png,4948,f797d0ab15c8ba7337090b48a95f1d03eff30f93b385e34d3a44c53e5c1e355c
outputs/prd_integration/roi_mask_isolation_v1/B_predbbox_predmask/114238/006_item1_long_sleeve_outwear_masked.jpg,91861,5bdb65a031229c282a6e2670a92da43ee0866eaf9591d3e30b9c660b9adbaaa0
outputs/prd_integration/roi_mask_isolation_v1/B_predbbox_predmask/124892/003_item1_short_sleeve_top_crop.jpg,29242,25697e2a813fb4045b98b74ae714735d3b3a5203ab58008263253b1fe596077c
outputs/prd_integration/roi_mask_isolation_v1/B_predbbox_predmask/124892/003_item1_short_sleeve_top_mask.png,1216,fef885d438105b62183f0c52cec34cb948c06f4b20112b0e3affe75b2506763c
outputs/prd_integration/roi_mask_isolation_v1/B_predbbox_predmask/124892/003_item1_short_sleeve_top_masked.jpg,27525,9e63da8b32607cd620a753ecf56992fc76d56648a90bce0690e3c97bce56093d
outputs/prd_integration/roi_mask_isolation_v1/B_predbbox_predmask/142658/011_item1_long_sleeve_top_crop.jpg,24149,8830e30b2534500cab974f12909100ca5f139b85223b378f75e623cc08327047
outputs/prd_integration/roi_mask_isolation_v1/B_predbbox_predmask/142658/011_item1_long_sleeve_top_mask.png,1320,61e930bbd51c644ca9d1dcd9af3157440cb61bf1c8b206434ab32571bfedf754
outputs/prd_integration/roi_mask_isolation_v1/B_predbbox_predmask/142658/011_item1_long_sleeve_top_masked.jpg,14440,efa9b2cc536f118080de92f0ebca3bdad6da4615ea73cec04097307dab5c62a5
outputs/prd_integration/roi_mask_isolation_v1/B_predbbox_predmask/152326/002_item1_short_sleeve_top_crop.jpg,90818,971006f2cd7450f399600dab2648b047675ec29944a2c1a7af3f012c1ef93911
outputs/prd_integration/roi_mask_isolation_v1/B_predbbox_predmask/152326/002_item1_short_sleeve_top_mask.png,2846,66b9b3fc548c6013ac31e5f5797ad4ab0a43fc880c4264b6cd88a541146beefa
outputs/prd_integration/roi_mask_isolation_v1/B_predbbox_predmask/152326/002_item1_short_sleeve_top_masked.jpg,85385,ca5eb2a3bb2f2162241d8213f85dcc56115273bb5a2c915e53597e971aaa0437
outputs/prd_integration/roi_mask_isolation_v1/B_predbbox_predmask/152326/008_item2_trousers_crop.jpg,29239,c0b6ab8a7f1dc1a695fa1737983b48ef27ce916be729a81aeb95971850806a65
outputs/prd_integration/roi_mask_isolation_v1/B_predbbox_predmask/152326/008_item2_trousers_mask.png,1243,45e4d6f23733879882a727d157495379f749e020da1bce4c4b63c6803fe0f1e2
outputs/prd_integration/roi_mask_isolation_v1/B_predbbox_predmask/152326/008_item2_trousers_masked.jpg,28291,43acce1ed22010069bfab5afeb4a8b0623475668fd0a0a767e4f9adea4db82d8
outputs/prd_integration/roi_mask_isolation_v1/B_predbbox_predmask/174323/005_item2_trousers_crop.jpg,26433,a8894e663fb4618168622dc9eb9e838341e6819be2a3071cc476f58ea54e7bd0
outputs/prd_integration/roi_mask_isolation_v1/B_predbbox_predmask/174323/005_item2_trousers_mask.png,1780,d2ee0962c862c61542ac8737034261a883532003123ee3340a92aba1f26aea5e
outputs/prd_integration/roi_mask_isolation_v1/B_predbbox_predmask/174323/005_item2_trousers_masked.jpg,20837,cf8fa62b76913371c4f1b8773f6947978ccf9818e92c6319a428c0832ac09837
outputs/prd_integration/roi_mask_isolation_v1/B_predbbox_predmask/178287/022_item2_shorts_crop.jpg,31589,1f0dde59135b49dc041c3f5b79dcaf376dbb4788e3d564f407bbd008f925fe88
outputs/prd_integration/roi_mask_isolation_v1/B_predbbox_predmask/178287/022_item2_shorts_mask.png,1519,c0082379203a2ec3d858a5924fdad573c616653cebb49e4ac0db1099a080678c
outputs/prd_integration/roi_mask_isolation_v1/B_predbbox_predmask/178287/022_item2_shorts_masked.jpg,16061,08cbe2cccb7f9a4751534f0c3e3bc9e363f0a2743ce6f8de7e773df2705c4e31
outputs/prd_integration/roi_mask_isolation_v1/B_predbbox_predmask/184087/012_item1_long_sleeve_dress_crop.jpg,238633,aba91fe1d25bf39189d58459a1d6c30d7da8c140b42095424c81379acc0a417f
outputs/prd_integration/roi_mask_isolation_v1/B_predbbox_predmask/184087/012_item1_long_sleeve_dress_mask.png,5491,e3953e7d4deee1c0f537352f5825583059dea126a976c7bb98ea89e329f93f0a
outputs/prd_integration/roi_mask_isolation_v1/B_predbbox_predmask/184087/012_item1_long_sleeve_dress_masked.jpg,152761,2d6cf2f02725295ed09671212e1d0fa611abc9d3ed91a4638c306f32a95ce3bf
outputs/prd_integration/roi_mask_isolation_v1/B_predbbox_predmask/33cfdcbd48019b09e36a78c428bbae1d/001_fashionpedia_ann_6510_crop.jpg,3688,4548c8be6efb21f5bce638af6af02c348d8d1f4a9aa58e3d0d77ea330913597c
outputs/prd_integration/roi_mask_isolation_v1/B_predbbox_predmask/33cfdcbd48019b09e36a78c428bbae1d/001_fashionpedia_ann_6510_mask.png,395,cb1d9c20f3bcfa0a044ea5c904814c196c113fb00495a3619bc2d480d4fdf6ce
outputs/prd_integration/roi_mask_isolation_v1/B_predbbox_predmask/33cfdcbd48019b09e36a78c428bbae1d/001_fashionpedia_ann_6510_masked.jpg,3495,4a6c6d1e6176f553cb62aa5da3cffd719313dd1fbc4928c89fb7498e5898ce3d
outputs/prd_integration/roi_mask_isolation_v1/B_predbbox_predmask/4f23f05daee3cbdd96295f84825e3581/020_fashionpedia_ann_6080_crop.jpg,23896,330270c2cfa00e809bcc147cfa1668c8d726d4bd6ed5982e0e97fef27a4dd143
outputs/prd_integration/roi_mask_isolation_v1/B_predbbox_predmask/4f23f05daee3cbdd96295f84825e3581/020_fashionpedia_ann_6080_mask.png,1341,e7c6832ad393edc82e6b6250177c22c6b2ed1d48de685020830d840cdbcbd602
outputs/prd_integration/roi_mask_isolation_v1/B_predbbox_predmask/4f23f05daee3cbdd96295f84825e3581/020_fashionpedia_ann_6080_masked.jpg,9267,2f685896cdc7c16661ac615cbc1c8aa5375aa68dc86aad0644129626879a9e31
outputs/prd_integration/roi_mask_isolation_v1/B_predbbox_predmask/cdd175f26ac87c01ec64fb2f02268654/015_fashionpedia_ann_7855_crop.jpg,13517,083214966f1345eaf24204ed823247ec449e1115964d6704c0713d975afac203
outputs/prd_integration/roi_mask_isolation_v1/B_predbbox_predmask/cdd175f26ac87c01ec64fb2f02268654/015_fashionpedia_ann_7855_mask.png,778,05fea0d73105e666618368f8080469abecfb03514a77126d5ec41f1972d6e297
outputs/prd_integration/roi_mask_isolation_v1/B_predbbox_predmask/cdd175f26ac87c01ec64fb2f02268654/015_fashionpedia_ann_7855_masked.jpg,7709,dee11568d19e0018ca81bbd900070aab2af30603a0feea2d50ce20d3b158cdea
outputs/prd_integration/roi_mask_isolation_v1/B_predbbox_predmask/dd4525a10b6110df29f0a6b19e6b924b/013_fashionpedia_ann_2759_crop.jpg,2034,4d88ddc27e483a6383a33ebd7167c1f8f77bc5f50e77f713925f7e69af8e0cd0
outputs/prd_integration/roi_mask_isolation_v1/B_predbbox_predmask/dd4525a10b6110df29f0a6b19e6b924b/013_fashionpedia_ann_2759_mask.png,137,d3e4540edb0ae4258ddcfd86316342ac4d6164d21095c3117cd9b282b13d0f7c
outputs/prd_integration/roi_mask_isolation_v1/B_predbbox_predmask/dd4525a10b6110df29f0a6b19e6b924b/013_fashionpedia_ann_2759_masked.jpg,2298,5083931e503e0866e366cbe8225dab81800f5948b688df56b11a5afd9cd6b8a5
outputs/prd_integration/roi_mask_isolation_v1/C_gtbbox_predmask/004648/017_item1_vest_dress_crop.jpg,72982,98feef91f9913f2c6e72b65a8ffd08d75e08fd8a572eaafb107ccb44ec40308f
outputs/prd_integration/roi_mask_isolation_v1/C_gtbbox_predmask/004648/017_item1_vest_dress_mask.png,3226,db10420cd9f409ec842d2c459bdd8916e56ec373f1d2afc3fbcb98f6f108cd17
outputs/prd_integration/roi_mask_isolation_v1/C_gtbbox_predmask/004648/017_item1_vest_dress_masked.jpg,56836,9835ecb9fffae8ec6168b25247bcfea64a261bb9686670193bf6404a5517af02
outputs/prd_integration/roi_mask_isolation_v1/C_gtbbox_predmask/013010/021_item1_short_sleeve_top_crop.jpg,9794,4a24b199bdbd8e1f495674ab68f2950959f5bc6a992f3223fada58cb70c4bc30
outputs/prd_integration/roi_mask_isolation_v1/C_gtbbox_predmask/013010/021_item1_short_sleeve_top_mask.png,619,95ad5cc7ca8925cc5f6c7a02ff614d9a516ffd9062f6e9fb03a6b728fa743663
outputs/prd_integration/roi_mask_isolation_v1/C_gtbbox_predmask/013010/021_item1_short_sleeve_top_masked.jpg,8164,f373f533615f525e97b58ffac7eeb5ecb229314eaea7bab4f800d9df5b01fdb5
outputs/prd_integration/roi_mask_isolation_v1/C_gtbbox_predmask/015031/010_item1_short_sleeve_dress_crop.jpg,59401,b057e4335ff60f878c87f5e4f04ea6e376a393d898dc6cbca7a40c878e517a8f
outputs/prd_integration/roi_mask_isolation_v1/C_gtbbox_predmask/015031/010_item1_short_sleeve_dress_mask.png,1954,6f7213a6146ae0cf40c2642aa7667ccfd83d80b4d32cdf3c4a76d1a72c93f35f
outputs/prd_integration/roi_mask_isolation_v1/C_gtbbox_predmask/015031/010_item1_short_sleeve_dress_masked.jpg,49150,b6d79fd38b7f83669696a1258f6548111c0fa6d536a36b52f83053f2a109dc06
outputs/prd_integration/roi_mask_isolation_v1/C_gtbbox_predmask/051719/016_item1_trousers_crop.jpg,106194,2cef5c3c3f69dfdd34d526818a250872bc27743da4fa9c9f079c5b1c796fb6d5
outputs/prd_integration/roi_mask_isolation_v1/C_gtbbox_predmask/051719/016_item1_trousers_mask.png,3524,c43a662282151f2f8afd29009da4afa775bc211038312028ab9081df494d87f6
outputs/prd_integration/roi_mask_isolation_v1/C_gtbbox_predmask/051719/016_item1_trousers_masked.jpg,64841,803d1015802c0e7d54a43cd2fc2887b85f770eda63171e58d9169d58107f0ae7
outputs/prd_integration/roi_mask_isolation_v1/C_gtbbox_predmask/073497/007_item1_trousers_crop.jpg,34090,dc59409397a28e34593838edc815b4461bd20dda6d8b01a77baf2f6076e13e85
outputs/prd_integration/roi_mask_isolation_v1/C_gtbbox_predmask/073497/007_item1_trousers_mask.png,1492,fd38ae4cab8afba6caeabffcf58b578b2376583fb68b9b4c6594a3b860816c6c
outputs/prd_integration/roi_mask_isolation_v1/C_gtbbox_predmask/073497/007_item1_trousers_masked.jpg,28631,7c9464b2a3837d614363c9481042a229d7df6801459fc88a658080ac772b3177
outputs/prd_integration/roi_mask_isolation_v1/C_gtbbox_predmask/073497/019_item2_short_sleeve_top_crop.jpg,10274,fa61113dda586982094e14213f3ff4d80ba501a52c2d5e2f210f460534f8e657
outputs/prd_integration/roi_mask_isolation_v1/C_gtbbox_predmask/073497/019_item2_short_sleeve_top_mask.png,612,adf39c0abba4feaecf40ac52593d426782f33186c463aaa36e85e9fc1f0cbb20
outputs/prd_integration/roi_mask_isolation_v1/C_gtbbox_predmask/073497/019_item2_short_sleeve_top_masked.jpg,8135,7ed7fa99551d3322d7d8b06ec274c6b3b59c34fba009b8e151561fd3cba1f02d
outputs/prd_integration/roi_mask_isolation_v1/C_gtbbox_predmask/079537/018_item2_vest_crop.jpg,27348,b8e79b24d81b119dae0001ff48764730b7ac80c379dc6ed9c5f4866a565bd454
outputs/prd_integration/roi_mask_isolation_v1/C_gtbbox_predmask/079537/018_item2_vest_mask.png,801,54ae5e52304ee2101e9266efb99a067dc2fda8dd1b4d50c56ced401d9fc95fed
outputs/prd_integration/roi_mask_isolation_v1/C_gtbbox_predmask/079537/018_item2_vest_masked.jpg,21027,23d34fce5ed838379e04d3187288a84dded97b5942400a9a06f704c3dcecce20
outputs/prd_integration/roi_mask_isolation_v1/C_gtbbox_predmask/096778/009_item2_sling_dress_crop.jpg,91209,e9c38e4994cca8337de65cff85ceb332518849d78b787c69ff66d2ddf0583117
outputs/prd_integration/roi_mask_isolation_v1/C_gtbbox_predmask/096778/009_item2_sling_dress_mask.png,2685,c75e2230989115cf1757a25dfd5c7f7767a9d8919e2c82d49032e6d3fb3449d1
outputs/prd_integration/roi_mask_isolation_v1/C_gtbbox_predmask/096778/009_item2_sling_dress_masked.jpg,73879,c023c332282fd5d7e644994f1e4377c8064a46f838f8a955f839ad5fedfdb283
outputs/prd_integration/roi_mask_isolation_v1/C_gtbbox_predmask/101034/004_item2_sling_dress_crop.jpg,75088,b3bc04050a5ddc3166e9c8ab207f18f27989f3098101a5668af47ee966afbc6a
outputs/prd_integration/roi_mask_isolation_v1/C_gtbbox_predmask/101034/004_item2_sling_dress_mask.png,2408,6516560c4ae43cd6099fb983fe1b1c8b390b00c891f1bceec10bf5c969ecddb4
outputs/prd_integration/roi_mask_isolation_v1/C_gtbbox_predmask/101034/004_item2_sling_dress_masked.jpg,57201,7433a1362a554573d762544bc22f34b07e78062edc132e60ca8b6971a26200fe
outputs/prd_integration/roi_mask_isolation_v1/C_gtbbox_predmask/101034/014_item1_short_sleeve_top_crop.jpg,35052,165ee317080298e7c67e2d3a44107974b15b37ac6fc7c8f9d35dcbde5212d5e1
outputs/prd_integration/roi_mask_isolation_v1/C_gtbbox_predmask/101034/014_item1_short_sleeve_top_mask.png,1363,a202603915da8325aac80d4f4a3bab0f307fa1483b1caccba1b8ae2510770cb2
outputs/prd_integration/roi_mask_isolation_v1/C_gtbbox_predmask/101034/014_item1_short_sleeve_top_masked.jpg,24752,529fcc0dafb71a9c0dc1d5a93cef74f2a309469d17f4595dd9ecd9cdcd00d67f
outputs/prd_integration/roi_mask_isolation_v1/C_gtbbox_predmask/114238/006_item1_long_sleeve_outwear_crop.jpg,133843,d3f387a73a17904757fab25e203f61426f5b8265e3bb24c5eca9de85ba46b162
outputs/prd_integration/roi_mask_isolation_v1/C_gtbbox_predmask/114238/006_item1_long_sleeve_outwear_mask.png,5054,1915db58c94a1d83cb898e7b6a09f86223d6812ee16907b7899120ba20095091
outputs/prd_integration/roi_mask_isolation_v1/C_gtbbox_predmask/114238/006_item1_long_sleeve_outwear_masked.jpg,87232,917fc86f35113c22e8c362ccfdb4eaea0de284657fdf2c9f0e1af73ef4d967ae
outputs/prd_integration/roi_mask_isolation_v1/C_gtbbox_predmask/124892/003_item1_short_sleeve_top_crop.jpg,29694,461644f2dd47a0d4a72b9ee9808289fb11ce726f660c00ea38d6896da3e9b244
outputs/prd_integration/roi_mask_isolation_v1/C_gtbbox_predmask/124892/003_item1_short_sleeve_top_mask.png,1234,b38c2b4313f1577d1949594331e3b199377b48350f2fc45b74b6391cdce8f3ef
outputs/prd_integration/roi_mask_isolation_v1/C_gtbbox_predmask/124892/003_item1_short_sleeve_top_masked.jpg,27402,15da5dc77be3fb8c84466569bbfa5a4907cc0c03397fac5ee8d068badc794ab7
outputs/prd_integration/roi_mask_isolation_v1/C_gtbbox_predmask/142658/011_item1_long_sleeve_top_crop.jpg,27174,0a0b1e4b92b69c0c85f7b614684d267ba8b5844e7fb894d490cb02892aae73a9
outputs/prd_integration/roi_mask_isolation_v1/C_gtbbox_predmask/142658/011_item1_long_sleeve_top_mask.png,1260,df54a051238616cdca414bc872eedc0e062223c781a652d3d13ebce61bd19726
outputs/prd_integration/roi_mask_isolation_v1/C_gtbbox_predmask/142658/011_item1_long_sleeve_top_masked.jpg,14545,fd76145cc5eed1f1ce7bab9c80ccb4dfa2449e5fafef2d3c015b2868cfc17b74
outputs/prd_integration/roi_mask_isolation_v1/C_gtbbox_predmask/152326/002_item1_short_sleeve_top_crop.jpg,72170,a004a53110739c1e0cb5142500d5ca4ba0214d8e052902d6a4ce480070194742
outputs/prd_integration/roi_mask_isolation_v1/C_gtbbox_predmask/152326/002_item1_short_sleeve_top_mask.png,2909,7e0716d2ff3baf4c0dd518b7ec0b63f48b805c2bb045220b961ec8e280963f88
outputs/prd_integration/roi_mask_isolation_v1/C_gtbbox_predmask/152326/002_item1_short_sleeve_top_masked.jpg,69885,411247c8f829c9f8fdcab419d6efe1c31dd8d21918b1561b43a52e2597974f5e
outputs/prd_integration/roi_mask_isolation_v1/C_gtbbox_predmask/152326/008_item2_trousers_crop.jpg,29608,8d6265fc4e902307d3d2ec976c2349dd82e0079e8db60544209387371a580914
outputs/prd_integration/roi_mask_isolation_v1/C_gtbbox_predmask/152326/008_item2_trousers_mask.png,1233,c4ddd645925c819a3990d234c84c8f9406def0ae8d11abe5f78c4e74d0e16a9c
outputs/prd_integration/roi_mask_isolation_v1/C_gtbbox_predmask/152326/008_item2_trousers_masked.jpg,27764,27acbd493472512cb68ad7009200e1be2ba03319bbb8bcb17078de4dc6c50cd8
outputs/prd_integration/roi_mask_isolation_v1/C_gtbbox_predmask/174323/005_item2_trousers_crop.jpg,25488,c16192905990589d984faa951b1a9d9debc449f8040176043b92f58bf1acac9b
outputs/prd_integration/roi_mask_isolation_v1/C_gtbbox_predmask/174323/005_item2_trousers_mask.png,1789,44ddf40128e904eb532c0533970ea19d1957a2bb8e1ab4e098b0548530d76b8b
outputs/prd_integration/roi_mask_isolation_v1/C_gtbbox_predmask/174323/005_item2_trousers_masked.jpg,20090,39cb440e998b39abe8b22f49957137f8db207a16d668f296e567baf2e404b7f7
outputs/prd_integration/roi_mask_isolation_v1/C_gtbbox_predmask/178287/022_item2_shorts_crop.jpg,16729,427cf9ec1ec4e63c83321e8dc26f45111ad229c822dc41485592804925e47e72
outputs/prd_integration/roi_mask_isolation_v1/C_gtbbox_predmask/178287/022_item2_shorts_mask.png,1220,0277129a89e2d32007d398ca7b8804dace6cf424f61ba57f514355f372f23c6d
outputs/prd_integration/roi_mask_isolation_v1/C_gtbbox_predmask/178287/022_item2_shorts_masked.jpg,12299,b64f0c4434e584450af2fde3b7601c3a81e6037bff72084e320539004edc33a7
outputs/prd_integration/roi_mask_isolation_v1/C_gtbbox_predmask/184087/012_item1_long_sleeve_dress_crop.jpg,277217,052c75f4610d03aa0b560366589252ef7688ed5772ec6bfcd96d769b3274cfc3
outputs/prd_integration/roi_mask_isolation_v1/C_gtbbox_predmask/184087/012_item1_long_sleeve_dress_mask.png,5486,ec5835b946b82601967ce0c7a6e18cd0b8ca9a4d6e28c4a520612ad6e7be2409
outputs/prd_integration/roi_mask_isolation_v1/C_gtbbox_predmask/184087/012_item1_long_sleeve_dress_masked.jpg,161253,4aa66f799bb0d6252a168d788f0d48e90cb562a477746df7327b32a24a2c62f3
outputs/prd_integration/roi_mask_isolation_v1/C_gtbbox_predmask/33cfdcbd48019b09e36a78c428bbae1d/001_fashionpedia_ann_6510_crop.jpg,3298,ad3ed709d88372977ac680ec1f3a24a4069c4217b199cc4e06dfa2f94f2c1aa4
outputs/prd_integration/roi_mask_isolation_v1/C_gtbbox_predmask/33cfdcbd48019b09e36a78c428bbae1d/001_fashionpedia_ann_6510_mask.png,398,0f88f99263f644787df468d21f1ab36bbc83c16bd42ac96431bf9beb3ae7cf38
outputs/prd_integration/roi_mask_isolation_v1/C_gtbbox_predmask/33cfdcbd48019b09e36a78c428bbae1d/001_fashionpedia_ann_6510_masked.jpg,3443,075f2799dd143b66d191822bf16732aaf065e0ebb43539e6184e6e82ec2bb698
outputs/prd_integration/roi_mask_isolation_v1/C_gtbbox_predmask/4f23f05daee3cbdd96295f84825e3581/020_fashionpedia_ann_6080_crop.jpg,20235,941ee6ba4d61878d65ee95f8d6c14c6aaab2e0d8dac242272543b8eb1a0aeedf
outputs/prd_integration/roi_mask_isolation_v1/C_gtbbox_predmask/4f23f05daee3cbdd96295f84825e3581/020_fashionpedia_ann_6080_mask.png,1300,4495aaf2602596814383913c3d55da4e1ed64a4d1edb1adba8a729fabf0ca489
outputs/prd_integration/roi_mask_isolation_v1/C_gtbbox_predmask/4f23f05daee3cbdd96295f84825e3581/020_fashionpedia_ann_6080_masked.jpg,8639,41584bc00397f3e0b4227f340d6625f3d117f3dff0a713ea71113d4ce27a5599
outputs/prd_integration/roi_mask_isolation_v1/C_gtbbox_predmask/cdd175f26ac87c01ec64fb2f02268654/015_fashionpedia_ann_7855_crop.jpg,14205,1fce8d5ba286518046bbe0d14d0104280235c2d1974f9541caac6936923b1d58
outputs/prd_integration/roi_mask_isolation_v1/C_gtbbox_predmask/cdd175f26ac87c01ec64fb2f02268654/015_fashionpedia_ann_7855_mask.png,706,ff59601a67ba7f957df76f9f1441fb511916bb851f7669554608245abc8000b2
outputs/prd_integration/roi_mask_isolation_v1/C_gtbbox_predmask/cdd175f26ac87c01ec64fb2f02268654/015_fashionpedia_ann_7855_masked.jpg,7537,21657a8ea9aec3f8138176f9b7f766a00e24478f2405110f32b0e654f4421f37
outputs/prd_integration/roi_mask_isolation_v1/C_gtbbox_predmask/dd4525a10b6110df29f0a6b19e6b924b/013_fashionpedia_ann_2759_crop.jpg,1994,66331449d894eea09adbece9f2fd9f1eb628d607f610c3e613926ece1f276232
outputs/prd_integration/roi_mask_isolation_v1/C_gtbbox_predmask/dd4525a10b6110df29f0a6b19e6b924b/013_fashionpedia_ann_2759_mask.png,130,07f553e71baaaf94d074b3d3c512e5991b2250032d99d20b75d19b442e510c1a
outputs/prd_integration/roi_mask_isolation_v1/C_gtbbox_predmask/dd4525a10b6110df29f0a6b19e6b924b/013_fashionpedia_ann_2759_masked.jpg,2172,27cc6214d9348ff6998988ff12b1323ff821a9617b416415f91a5fbf17af4b9c
outputs/prd_integration/roi_mask_isolation_v1/D_predbbox_gtmask/004648/017_item1_vest_dress_crop.jpg,75718,183bdfb4569c7c4eb2ff6f19624b78d9ea7c45bac54fc520f9413845bf1e73ec
outputs/prd_integration/roi_mask_isolation_v1/D_predbbox_gtmask/004648/017_item1_vest_dress_mask.png,2781,a9110223888ab29dd9dfe1583605e18a6fc9c2547da6b2611ab3e5e7f185e9a3
outputs/prd_integration/roi_mask_isolation_v1/D_predbbox_gtmask/004648/017_item1_vest_dress_masked.jpg,54777,9dc473888a826ad963a9ad7f8ea66c1ccc2ebc24a43bf4c3df8591fb09c297d3
outputs/prd_integration/roi_mask_isolation_v1/D_predbbox_gtmask/013010/021_item1_short_sleeve_top_crop.jpg,10174,f9c8b1caef36fc705f20af24c880b3297410c06897a61ac55e6b012d4afe43c2
outputs/prd_integration/roi_mask_isolation_v1/D_predbbox_gtmask/013010/021_item1_short_sleeve_top_mask.png,530,f229070e900516e67038cee3c83b8be7eed17255fda3d50c8f3d59766255633a
outputs/prd_integration/roi_mask_isolation_v1/D_predbbox_gtmask/013010/021_item1_short_sleeve_top_masked.jpg,7825,4eaef5b9a1573aa87c17bc70f9b42c5ad88928b01f6cf8b179c72d1964968ff1
outputs/prd_integration/roi_mask_isolation_v1/D_predbbox_gtmask/015031/010_item1_short_sleeve_dress_crop.jpg,64865,70e1ddb26d4d0614f2e87a2f3dff303709dd7afeabe99e45c36e7f2746b37884
outputs/prd_integration/roi_mask_isolation_v1/D_predbbox_gtmask/015031/010_item1_short_sleeve_dress_mask.png,2266,96221b581de44f8abedcbd673d2ac126ce85b6d79555df7a7c1843d0f9c232d7
outputs/prd_integration/roi_mask_isolation_v1/D_predbbox_gtmask/015031/010_item1_short_sleeve_dress_masked.jpg,54515,1a7edf986bc065d99aabf92dd9cc5817d07df20b05f45915ed054890b5a48831
outputs/prd_integration/roi_mask_isolation_v1/D_predbbox_gtmask/051719/016_item1_trousers_crop.jpg,97626,a509d68e7530f6ff46d4a8bcdf92c5a8a703f8c415a60b890f7bca1204d14955
outputs/prd_integration/roi_mask_isolation_v1/D_predbbox_gtmask/051719/016_item1_trousers_mask.png,3147,1be859b0d952c643da4cdd5a9ea8c0663aab4b56e5bf040ad6090253b19930a1
outputs/prd_integration/roi_mask_isolation_v1/D_predbbox_gtmask/051719/016_item1_trousers_masked.jpg,81756,3a060a9cba943e8b4d2523b8774a170453ebc2972bf1815a05a3f2f4a29d21e3
outputs/prd_integration/roi_mask_isolation_v1/D_predbbox_gtmask/073497/007_item1_trousers_crop.jpg,32486,313c9a2ed31d0c7aaadc35e9bc45bff7bf5017ae418495b99eaa75c19453c283
outputs/prd_integration/roi_mask_isolation_v1/D_predbbox_gtmask/073497/007_item1_trousers_mask.png,1415,4495c23e375c177a7980f9c870be85b6afe7d0d7d10f4386f31d676e166e127d
outputs/prd_integration/roi_mask_isolation_v1/D_predbbox_gtmask/073497/007_item1_trousers_masked.jpg,29867,300d2b6587d9eac73d731ced62479155204c55173cd9ae83c04b48ae9f1db88c
outputs/prd_integration/roi_mask_isolation_v1/D_predbbox_gtmask/073497/019_item2_short_sleeve_top_crop.jpg,8676,e0a374b77c3950c770d6c67089180003569c5b6d0eff3bdea500e8741070c465
outputs/prd_integration/roi_mask_isolation_v1/D_predbbox_gtmask/073497/019_item2_short_sleeve_top_mask.png,382,22d7fe0190dca0236ca2cc60ec48f31d2039520d11fb411a959a5e8e043732bc
outputs/prd_integration/roi_mask_isolation_v1/D_predbbox_gtmask/073497/019_item2_short_sleeve_top_masked.jpg,8206,6df7983c753cac201fc8840af609672fe93332db8515330cf978571db15ede3e
outputs/prd_integration/roi_mask_isolation_v1/D_predbbox_gtmask/079537/018_item2_vest_crop.jpg,21527,a83740f2461ddab2e57580c8f933d05e3649ede12aadb8060cf890c500a63ae2
outputs/prd_integration/roi_mask_isolation_v1/D_predbbox_gtmask/079537/018_item2_vest_mask.png,662,03bad7e5c23555d5acbe11a718e8f180b42497ed92f65a93d1ec30d29a2e384e
outputs/prd_integration/roi_mask_isolation_v1/D_predbbox_gtmask/079537/018_item2_vest_masked.jpg,20378,f5fa1e4d5fd5a21bb504ef90a5eca31bd46f7d283a4ca9b832088aa15baed9ca
outputs/prd_integration/roi_mask_isolation_v1/D_predbbox_gtmask/096778/009_item2_sling_dress_crop.jpg,96295,68aa67d3e3940a8e121f989a11ec8eff1702ddedc225acc7089795dabaffed85
outputs/prd_integration/roi_mask_isolation_v1/D_predbbox_gtmask/096778/009_item2_sling_dress_mask.png,2531,6c3592b9002ea699e7a439615b0b07a38c73f5b66553933e9d81a5104bc62ec8
outputs/prd_integration/roi_mask_isolation_v1/D_predbbox_gtmask/096778/009_item2_sling_dress_masked.jpg,63365,c4f49e96d598ee4095656bf21356f7cd411b498ed56cc39cde4c4d5d853ed471
outputs/prd_integration/roi_mask_isolation_v1/D_predbbox_gtmask/101034/004_item2_sling_dress_crop.jpg,73676,6b3f38fe65c34db0192f0fe1277a878b7895a9621d515fe1cc2a7cbe5219d999
outputs/prd_integration/roi_mask_isolation_v1/D_predbbox_gtmask/101034/004_item2_sling_dress_mask.png,2736,caa9a48e818b14045fc83de1e94176db5e9a9e1ac2468a4345046f9775313e1c
outputs/prd_integration/roi_mask_isolation_v1/D_predbbox_gtmask/101034/004_item2_sling_dress_masked.jpg,44424,02a785ecb6c87e5e9f7b41bc82a4e3d1d738d14c665b0f72527444abf2445c8a
outputs/prd_integration/roi_mask_isolation_v1/D_predbbox_gtmask/101034/014_item1_short_sleeve_top_crop.jpg,42966,78185e3abcb46ca212775c1531443b8de92eff5d8524e28176b9226d97165b10
outputs/prd_integration/roi_mask_isolation_v1/D_predbbox_gtmask/101034/014_item1_short_sleeve_top_mask.png,1513,e04ca54f12f4410ee987716f796b8c753144020ca571f57b2db2a060fe959a55
outputs/prd_integration/roi_mask_isolation_v1/D_predbbox_gtmask/101034/014_item1_short_sleeve_top_masked.jpg,28697,8840801c4991ef88e10e9d1068b0bc6978f112db1e21c9a41a1c717daf50d70c
outputs/prd_integration/roi_mask_isolation_v1/D_predbbox_gtmask/114238/006_item1_long_sleeve_outwear_crop.jpg,139844,e0bb3a63ceb82737898dcf7f56c1bc43932a807c11c92e0474a80a6bca80fd72
outputs/prd_integration/roi_mask_isolation_v1/D_predbbox_gtmask/114238/006_item1_long_sleeve_outwear_mask.png,4999,e8eed0e395050df74da3ee5b39ca5bedb5db2d1f6956f885e58b39798f403137
outputs/prd_integration/roi_mask_isolation_v1/D_predbbox_gtmask/114238/006_item1_long_sleeve_outwear_masked.jpg,96827,e055b4a5557237a330e1b9a136a4544ce602a1128f119b2360e24350a4c43e14
outputs/prd_integration/roi_mask_isolation_v1/D_predbbox_gtmask/124892/003_item1_short_sleeve_top_crop.jpg,29242,25697e2a813fb4045b98b74ae714735d3b3a5203ab58008263253b1fe596077c
outputs/prd_integration/roi_mask_isolation_v1/D_predbbox_gtmask/124892/003_item1_short_sleeve_top_mask.png,876,2dd2b0eedd949dcd030b9328e839541b8246daca26effa51b3ab7234f2e24eec
outputs/prd_integration/roi_mask_isolation_v1/D_predbbox_gtmask/124892/003_item1_short_sleeve_top_masked.jpg,26828,7321a01ade2319a44f260b3ef469ebab510e6823491fc39cf85436fec69fee7d
outputs/prd_integration/roi_mask_isolation_v1/D_predbbox_gtmask/142658/011_item1_long_sleeve_top_crop.jpg,24149,8830e30b2534500cab974f12909100ca5f139b85223b378f75e623cc08327047
outputs/prd_integration/roi_mask_isolation_v1/D_predbbox_gtmask/142658/011_item1_long_sleeve_top_mask.png,1423,e4db2d17c94256ebe01264274559932c2a72c402623a5e9fb7bd7aabcfc61b50
outputs/prd_integration/roi_mask_isolation_v1/D_predbbox_gtmask/142658/011_item1_long_sleeve_top_masked.jpg,15310,e8fe3c3c92be2f2470c11df9541566e6db29319b8fbecf295efc78da9647b205
outputs/prd_integration/roi_mask_isolation_v1/D_predbbox_gtmask/152326/002_item1_short_sleeve_top_crop.jpg,90818,971006f2cd7450f399600dab2648b047675ec29944a2c1a7af3f012c1ef93911
outputs/prd_integration/roi_mask_isolation_v1/D_predbbox_gtmask/152326/002_item1_short_sleeve_top_mask.png,2643,999490360539bc0162b5d38f6e6139a86e18cd6207cb1b21fa17d47566af3eff
outputs/prd_integration/roi_mask_isolation_v1/D_predbbox_gtmask/152326/002_item1_short_sleeve_top_masked.jpg,83719,6e041a7eda07b2ba2d80942767496c11ff453944068400cad52a1e724851de46
outputs/prd_integration/roi_mask_isolation_v1/D_predbbox_gtmask/152326/008_item2_trousers_crop.jpg,29239,c0b6ab8a7f1dc1a695fa1737983b48ef27ce916be729a81aeb95971850806a65
outputs/prd_integration/roi_mask_isolation_v1/D_predbbox_gtmask/152326/008_item2_trousers_mask.png,1234,984f96a2451daf446d4c3285aaae8ff6ff66a0e18639edafd3d4ac8a507a7d76
outputs/prd_integration/roi_mask_isolation_v1/D_predbbox_gtmask/152326/008_item2_trousers_masked.jpg,29040,333b09dfcfc075e0d72ca58f973bfa6f023337e2fc8f43829adcf7ff27990ee2
outputs/prd_integration/roi_mask_isolation_v1/D_predbbox_gtmask/174323/005_item2_trousers_crop.jpg,26433,a8894e663fb4618168622dc9eb9e838341e6819be2a3071cc476f58ea54e7bd0
outputs/prd_integration/roi_mask_isolation_v1/D_predbbox_gtmask/174323/005_item2_trousers_mask.png,1749,fc7b6bccb4cb076a1f1228a84705f67cd4d358d20a8b66e2d28a31dcea9aa469
outputs/prd_integration/roi_mask_isolation_v1/D_predbbox_gtmask/174323/005_item2_trousers_masked.jpg,22272,666a7879f1240d8f847006b8980cb54b3bcea68726437f0bec5042e4dc4642cd
outputs/prd_integration/roi_mask_isolation_v1/D_predbbox_gtmask/178287/022_item2_shorts_crop.jpg,31589,1f0dde59135b49dc041c3f5b79dcaf376dbb4788e3d564f407bbd008f925fe88
outputs/prd_integration/roi_mask_isolation_v1/D_predbbox_gtmask/178287/022_item2_shorts_mask.png,1533,0c053405763f7de3d85cd5b9a07934fc542dce42ca06941b0adf770c6daaee38
outputs/prd_integration/roi_mask_isolation_v1/D_predbbox_gtmask/178287/022_item2_shorts_masked.jpg,13104,3c48e91a8bd9fb5888b756ea3f5d39fa87eb93287da3b7ad423c669c6ebcfbb5
outputs/prd_integration/roi_mask_isolation_v1/D_predbbox_gtmask/184087/012_item1_long_sleeve_dress_crop.jpg,238633,aba91fe1d25bf39189d58459a1d6c30d7da8c140b42095424c81379acc0a417f
outputs/prd_integration/roi_mask_isolation_v1/D_predbbox_gtmask/184087/012_item1_long_sleeve_dress_mask.png,5588,9672108ee134e5347f3f7d938a6a9d88ca3d5e9737ca69f4b1f548973a8ed52f
outputs/prd_integration/roi_mask_isolation_v1/D_predbbox_gtmask/184087/012_item1_long_sleeve_dress_masked.jpg,155769,8b901b6d90147c0c224b97741ccdaa544444383a3df38b5e2d547005c752a1b8
outputs/prd_integration/roi_mask_isolation_v1/D_predbbox_gtmask/33cfdcbd48019b09e36a78c428bbae1d/001_fashionpedia_ann_6510_crop.jpg,3688,4548c8be6efb21f5bce638af6af02c348d8d1f4a9aa58e3d0d77ea330913597c
outputs/prd_integration/roi_mask_isolation_v1/D_predbbox_gtmask/33cfdcbd48019b09e36a78c428bbae1d/001_fashionpedia_ann_6510_mask.png,435,6657d44734e27087bf73969095837e2b248bb8a22cd455d4a9d540e1498245db
outputs/prd_integration/roi_mask_isolation_v1/D_predbbox_gtmask/33cfdcbd48019b09e36a78c428bbae1d/001_fashionpedia_ann_6510_masked.jpg,3929,1634173fa08ea1abf281770691f77908d109db464e3f994e715cfda74e8cd152
outputs/prd_integration/roi_mask_isolation_v1/D_predbbox_gtmask/4f23f05daee3cbdd96295f84825e3581/020_fashionpedia_ann_6080_crop.jpg,23896,330270c2cfa00e809bcc147cfa1668c8d726d4bd6ed5982e0e97fef27a4dd143
outputs/prd_integration/roi_mask_isolation_v1/D_predbbox_gtmask/4f23f05daee3cbdd96295f84825e3581/020_fashionpedia_ann_6080_mask.png,1783,4ff011959b0fa281997e0d4058a2b36d8ff0e983c73a0d25473a3b6405e74552
outputs/prd_integration/roi_mask_isolation_v1/D_predbbox_gtmask/4f23f05daee3cbdd96295f84825e3581/020_fashionpedia_ann_6080_masked.jpg,12401,3473e07e60c228421e6e078b3f4fb61b4bdf537eceb307a38b1fe60bc8b9f337
outputs/prd_integration/roi_mask_isolation_v1/D_predbbox_gtmask/cdd175f26ac87c01ec64fb2f02268654/015_fashionpedia_ann_7855_crop.jpg,13517,083214966f1345eaf24204ed823247ec449e1115964d6704c0713d975afac203
outputs/prd_integration/roi_mask_isolation_v1/D_predbbox_gtmask/cdd175f26ac87c01ec64fb2f02268654/015_fashionpedia_ann_7855_mask.png,1116,e39aa021269cc683b7e9004d861e3fd5ebd07a323d77f64e1c8f9ad75b6d9433
outputs/prd_integration/roi_mask_isolation_v1/D_predbbox_gtmask/cdd175f26ac87c01ec64fb2f02268654/015_fashionpedia_ann_7855_masked.jpg,8808,33d4dfd75ec3b57ab74b9e8f2d0666e2c29da3b4cfd6a48858846926fd16bdfe
outputs/prd_integration/roi_mask_isolation_v1/D_predbbox_gtmask/dd4525a10b6110df29f0a6b19e6b924b/013_fashionpedia_ann_2759_crop.jpg,2034,4d88ddc27e483a6383a33ebd7167c1f8f77bc5f50e77f713925f7e69af8e0cd0
outputs/prd_integration/roi_mask_isolation_v1/D_predbbox_gtmask/dd4525a10b6110df29f0a6b19e6b924b/013_fashionpedia_ann_2759_mask.png,144,26645ce7cbe45962f764292f3c7acf77fbbb9dac4e681135bc4661ff4844f921
outputs/prd_integration/roi_mask_isolation_v1/D_predbbox_gtmask/dd4525a10b6110df29f0a6b19e6b924b/013_fashionpedia_ann_2759_masked.jpg,2278,52dbef4890544b55c4592f8f8b60271689cf7cf2cb026cf9e03a7a9e2cad0018
outputs/prd_region_coverage/pocket_decoration_prompt_scale_v1/decoration/decoration_005/01_full__baseline_prompt.jpg,182932,8759f8b13b36e56678b7cced6c813ff0e76476c6c30e1b53b6b4490d56263768
outputs/prd_region_coverage/pocket_decoration_prompt_scale_v1/decoration/decoration_005/02_full__semantic_prompt.jpg,182932,8759f8b13b36e56678b7cced6c813ff0e76476c6c30e1b53b6b4490d56263768
outputs/prd_region_coverage/pocket_decoration_prompt_scale_v1/decoration/decoration_005/03_tile__semantic_prompt__tile_upper_left.jpg,129589,e67f981d2938b4eb89a56e35800aee7fb74b1137217e039530a260a4d1a73683
outputs/prd_region_coverage/pocket_decoration_prompt_scale_v1/decoration/decoration_005/04_tile__semantic_prompt__tile_upper_right.jpg,141651,d2af8393d24f363a10d4eddf3bc95f05e0e21ba884e9be376ccac6953fbc8707
outputs/prd_region_coverage/pocket_decoration_prompt_scale_v1/decoration/decoration_005/05_tile__semantic_prompt__tile_lower_left.jpg,140804,f91ffb0a995ba9e2a4e22e65ddd950a3b9b84162776ead80beefe6dcb1bf73b1
outputs/prd_region_coverage/pocket_decoration_prompt_scale_v1/decoration/decoration_005/06_tile__semantic_prompt__tile_lower_right.jpg,140363,fd4b320394e86bfa6d9254c8b67ba718fb63f9399259b7a7baa92aae0ab6119a
outputs/prd_region_coverage/pocket_decoration_prompt_scale_v1/decoration/decoration_006/01_full__baseline_prompt.jpg,138627,627cc8e012e3e95d3c999ce8914cf5107ea62db9f1d81004876bafe73d24a7b1
outputs/prd_region_coverage/pocket_decoration_prompt_scale_v1/decoration/decoration_006/02_full__semantic_prompt.jpg,138627,627cc8e012e3e95d3c999ce8914cf5107ea62db9f1d81004876bafe73d24a7b1
outputs/prd_region_coverage/pocket_decoration_prompt_scale_v1/decoration/decoration_006/03_tile__semantic_prompt__tile_upper_left.jpg,115226,648259ce97f09ade7621c8119a180769a999ae24a6e68340808c55de7a301fde
outputs/prd_region_coverage/pocket_decoration_prompt_scale_v1/decoration/decoration_006/04_tile__semantic_prompt__tile_upper_right.jpg,105355,6ea5abc75f6eabe23156d1d785a4bf1351a3e70b9871cb937bdfd9deb492f153
outputs/prd_region_coverage/pocket_decoration_prompt_scale_v1/decoration/decoration_006/05_tile__semantic_prompt__tile_lower_left.jpg,108883,867f2e26723c8d0e40cd51a037db63f1072ccfdeba2e3d1f50bdf3ebd8a3a08c
outputs/prd_region_coverage/pocket_decoration_prompt_scale_v1/decoration/decoration_006/06_tile__semantic_prompt__tile_lower_right.jpg,93508,059b067c4a368ca61b838096c90efa1b076622ceb5c678ac3cdc053377d621c3
outputs/prd_region_coverage/pocket_decoration_prompt_scale_v1/decoration/decoration_007/01_full__baseline_prompt.jpg,132789,a6bd07c53687b3f53e6a7bfa4a648a70f286d6b7d20db7afde73c4d7b942c8ca
outputs/prd_region_coverage/pocket_decoration_prompt_scale_v1/decoration/decoration_007/02_full__semantic_prompt.jpg,132789,a6bd07c53687b3f53e6a7bfa4a648a70f286d6b7d20db7afde73c4d7b942c8ca
outputs/prd_region_coverage/pocket_decoration_prompt_scale_v1/decoration/decoration_007/03_tile__semantic_prompt__tile_upper_left.jpg,96813,91dd040600057b839133328642c773bb8e9253a73d6d6038dda2fda9488b2f75
outputs/prd_region_coverage/pocket_decoration_prompt_scale_v1/decoration/decoration_007/04_tile__semantic_prompt__tile_upper_right.jpg,140996,6ea82ffc8b83b5bd3857b2b0bbd784ea3544e1b5f583bdda57508e14f4c9f2c2
outputs/prd_region_coverage/pocket_decoration_prompt_scale_v1/decoration/decoration_007/05_tile__semantic_prompt__tile_lower_left.jpg,66490,c5a492a9b5bc4165d5f23f6ef20d1e20809f79a7dca859ad093ba06ea52116e1
outputs/prd_region_coverage/pocket_decoration_prompt_scale_v1/decoration/decoration_007/06_tile__semantic_prompt__tile_lower_right.jpg,96584,7af9a0cb41a1ec3084ebc010b7a98e84055f55d04d336f12dca681aae8aa77eb
outputs/prd_region_coverage/pocket_decoration_prompt_scale_v1/decoration/decoration_009/01_full__baseline_prompt.jpg,145254,9b684a238dbd20aa424415cdcd2b0c9ee4c2756def4a08596c04d98f24dcb76b
outputs/prd_region_coverage/pocket_decoration_prompt_scale_v1/decoration/decoration_009/02_full__semantic_prompt.jpg,145254,9b684a238dbd20aa424415cdcd2b0c9ee4c2756def4a08596c04d98f24dcb76b
outputs/prd_region_coverage/pocket_decoration_prompt_scale_v1/decoration/decoration_009/03_tile__semantic_prompt__tile_upper_left.jpg,92738,c6e8e4daba16ab07d37b4b9f3ab8e289b0deb4a16f38b540a32b3a9fd9be8ef8
outputs/prd_region_coverage/pocket_decoration_prompt_scale_v1/decoration/decoration_009/04_tile__semantic_prompt__tile_upper_right.jpg,94521,cd37f3f8b7bda8de000b011da62e5567b0e5a5e9b98d3b75c08236d84819b9c2
outputs/prd_region_coverage/pocket_decoration_prompt_scale_v1/decoration/decoration_009/05_tile__semantic_prompt__tile_lower_left.jpg,111902,e4c0341eae6c3f46b092019120715f62fd981a4b46d3218176f61580b60ee9f7
outputs/prd_region_coverage/pocket_decoration_prompt_scale_v1/decoration/decoration_009/06_tile__semantic_prompt__tile_lower_right.jpg,109896,0aa7e91d33676bf56cab85c49f2fafb74e6fec94e511d4e344bfc3b652ae587e
outputs/prd_region_coverage/pocket_decoration_prompt_scale_v1/decoration/decoration_016/01_full__baseline_prompt.jpg,176315,c5c801b4e6e7842686de03a646e0db00374ba011431be2b7a408a4104f089120
outputs/prd_region_coverage/pocket_decoration_prompt_scale_v1/decoration/decoration_016/02_full__semantic_prompt.jpg,176315,c5c801b4e6e7842686de03a646e0db00374ba011431be2b7a408a4104f089120
outputs/prd_region_coverage/pocket_decoration_prompt_scale_v1/decoration/decoration_016/03_tile__semantic_prompt__tile_upper_left.jpg,122216,b046ef7f3dd8303ab861043aa41a6db8901f5e0d2e704b00dcfebf56aaa71c88
outputs/prd_region_coverage/pocket_decoration_prompt_scale_v1/decoration/decoration_016/04_tile__semantic_prompt__tile_upper_right.jpg,128947,b04d02288b30e0f7274ae788f604833e067de1eae7e3c155e519e8c13ea8a9e2
outputs/prd_region_coverage/pocket_decoration_prompt_scale_v1/decoration/decoration_016/05_tile__semantic_prompt__tile_lower_left.jpg,125847,aaf53ed2f419d019e5b76b916e882e7e6938a54fd47aeada8fbd756567acb079
outputs/prd_region_coverage/pocket_decoration_prompt_scale_v1/decoration/decoration_016/06_tile__semantic_prompt__tile_lower_right.jpg,128240,8b798583bf6e2bee3617de8ae51feea1249c7e2a3c7cd6f8282b2c493c73d55a
outputs/prd_region_coverage/pocket_decoration_prompt_scale_v1/parent_crops/decoration/decoration_005_000366.jpg,73139,ec4d960ed800e52dcd5f6df70c6e5e8d2a7442364f2a6395c0f25754b8a70791
outputs/prd_region_coverage/pocket_decoration_prompt_scale_v1/parent_crops/decoration/decoration_006_000109.jpg,55424,8ef8442ff7fdff3984d638094f526b4feef8833a47b777535f156a9521422d0b
outputs/prd_region_coverage/pocket_decoration_prompt_scale_v1/parent_crops/decoration/decoration_007_000205.jpg,43790,63806fa2357ea36d840b2c4fad35e3d9653d9ab737efc250f4c8410479826487
outputs/prd_region_coverage/pocket_decoration_prompt_scale_v1/parent_crops/decoration/decoration_009_000052.jpg,61312,a40c86b2978c5e765fb0a496a6d9c0d663bba74c80c25e6e77ceb5020aa21935
outputs/prd_region_coverage/pocket_decoration_prompt_scale_v1/parent_crops/decoration/decoration_016_000354.jpg,87229,86d01226aa60d7a6fb0a31ad4849478f1b8b746d4026a6c5a9bb4b4838e51c3f
outputs/prd_region_coverage/pocket_decoration_prompt_scale_v1/parent_crops/pocket/pocket_010_000135.jpg,122732,991dc8dd1f524a069056352cea5a11b4e07878600330a50a3ab1389f1e2149b1
outputs/prd_region_coverage/pocket_decoration_prompt_scale_v1/parent_crops/pocket/pocket_012_000393.jpg,50107,21d033154d223ccfe76aa51802a21954b909c81daae28e5604ede3ed86a6dce7
outputs/prd_region_coverage/pocket_decoration_prompt_scale_v1/parent_crops/pocket/pocket_016_000400.jpg,30127,8041b26195a0bf6adb6a27810d78a0957b7e045b82bba5421c5491df97b6d4fa
outputs/prd_region_coverage/pocket_decoration_prompt_scale_v1/parent_crops/pocket/pocket_020_000098.jpg,65841,83230a0b12599a99465c62746fab8de6758935462cf2a09c402ac9fcc742f6c0
outputs/prd_region_coverage/pocket_decoration_prompt_scale_v1/parent_crops/pocket/pocket_021_000097.jpg,81048,ff7810dfe3853b5f4d8e6cfa8f41879c144ddacdd50c40aa862681d835630a9d
outputs/prd_region_coverage/pocket_decoration_prompt_scale_v1/pocket/pocket_010/01_full__baseline_prompt.jpg,224829,3acae3e0ba196159148a91989699ba511fb6d8fa0628c10387755d97af7bdaf3
outputs/prd_region_coverage/pocket_decoration_prompt_scale_v1/pocket/pocket_010/02_full__concise_prompt.jpg,224829,3acae3e0ba196159148a91989699ba511fb6d8fa0628c10387755d97af7bdaf3
outputs/prd_region_coverage/pocket_decoration_prompt_scale_v1/pocket/pocket_010/03_tile__concise_prompt__tile_upper_left.jpg,155055,2abf35e48b55ab79d61f8832a7861139e32710a008527984ac2c7a2156560ba1
outputs/prd_region_coverage/pocket_decoration_prompt_scale_v1/pocket/pocket_010/04_tile__concise_prompt__tile_upper_right.jpg,174542,1a9cb1136cfc1e89d407fc526bf56efeccccecded48a01d9d948f603fd13b28d
outputs/prd_region_coverage/pocket_decoration_prompt_scale_v1/pocket/pocket_010/05_tile__concise_prompt__tile_lower_left.jpg,184676,618f3f19db9c2883fb537cb4b81c54859472d6078ad437643551e3cd453fb9b5
outputs/prd_region_coverage/pocket_decoration_prompt_scale_v1/pocket/pocket_010/06_tile__concise_prompt__tile_lower_right.jpg,171011,9f3ee2bb25d97289a55715c45add1559e3817ba2b295472b072537cead333e5f
outputs/prd_region_coverage/pocket_decoration_prompt_scale_v1/pocket/pocket_012/01_full__baseline_prompt.jpg,96540,838435fbfa2e774a3d44aaf87ff02ea5051de2d5a02dd6b029ba1acdd30249f3
outputs/prd_region_coverage/pocket_decoration_prompt_scale_v1/pocket/pocket_012/02_full__concise_prompt.jpg,96540,838435fbfa2e774a3d44aaf87ff02ea5051de2d5a02dd6b029ba1acdd30249f3
outputs/prd_region_coverage/pocket_decoration_prompt_scale_v1/pocket/pocket_012/03_tile__concise_prompt__tile_upper_left.jpg,68590,8299b2e091df2d2d1b8b247efdb09b1c56bbfdae213f37f997fd0554a06a54eb
outputs/prd_region_coverage/pocket_decoration_prompt_scale_v1/pocket/pocket_012/04_tile__concise_prompt__tile_upper_right.jpg,77482,d0e432525297afc0c715b8595103644e43ef23706d5a79809f55f70fe629fe34
outputs/prd_region_coverage/pocket_decoration_prompt_scale_v1/pocket/pocket_012/05_tile__concise_prompt__tile_lower_left.jpg,68547,f7be6c8db0ab853648a093ad60e2a0eb1cdc041bbcc4e3beafbc6aeb7b6ef6d5
outputs/prd_region_coverage/pocket_decoration_prompt_scale_v1/pocket/pocket_012/06_tile__concise_prompt__tile_lower_right.jpg,68330,504815b4ebc9c63825571258b53f83be4257fd8ac5329a1fc63fc6ff923e7842
outputs/prd_region_coverage/pocket_decoration_prompt_scale_v1/pocket/pocket_016/01_full__baseline_prompt.jpg,89272,9212639d5479c2d3d7b413eac20ae991429374bbce6a0284d479a4be9cd85fe6
outputs/prd_region_coverage/pocket_decoration_prompt_scale_v1/pocket/pocket_016/02_full__concise_prompt.jpg,89272,9212639d5479c2d3d7b413eac20ae991429374bbce6a0284d479a4be9cd85fe6
outputs/prd_region_coverage/pocket_decoration_prompt_scale_v1/pocket/pocket_016/03_tile__concise_prompt__tile_upper_left.jpg,57696,159288cea1297da1860304650f50d8b039943dca843c7d49075c7855838e1f72
outputs/prd_region_coverage/pocket_decoration_prompt_scale_v1/pocket/pocket_016/04_tile__concise_prompt__tile_upper_right.jpg,54755,127e027e2f0986a709c4b5cdee19bebfb6c0914673e29bf9c5f93107402b0ca2
outputs/prd_region_coverage/pocket_decoration_prompt_scale_v1/pocket/pocket_016/05_tile__concise_prompt__tile_lower_left.jpg,72960,b8ee8e488cbcf2595bb3f5bd10c36bfbbde2d46d50f955749ed25fdfedb32f13
outputs/prd_region_coverage/pocket_decoration_prompt_scale_v1/pocket/pocket_016/06_tile__concise_prompt__tile_lower_right.jpg,75982,a71bb1814eaeb73064247d4800e7564f7f0aa44b0e24c7af69f715b3ec8f28cc
outputs/prd_region_coverage/pocket_decoration_prompt_scale_v1/pocket/pocket_020/01_full__baseline_prompt.jpg,100663,2e9d1f380e1e111885e95dc258c8a2cbf0520b083e32c43dd3b00a3b632c7dcd
outputs/prd_region_coverage/pocket_decoration_prompt_scale_v1/pocket/pocket_020/02_full__concise_prompt.jpg,100663,2e9d1f380e1e111885e95dc258c8a2cbf0520b083e32c43dd3b00a3b632c7dcd
outputs/prd_region_coverage/pocket_decoration_prompt_scale_v1/pocket/pocket_020/03_tile__concise_prompt__tile_upper_left.jpg,81420,a80802deebab70e2cc5bba32c7a4a0b85cc5ca5f7c8276e2330420d4e44ee12c
outputs/prd_region_coverage/pocket_decoration_prompt_scale_v1/pocket/pocket_020/04_tile__concise_prompt__tile_upper_right.jpg,82231,40e68c2fc5b0273999d23b54b7e9fba8e8cc99b0101f1474a400c72f90d55200
outputs/prd_region_coverage/pocket_decoration_prompt_scale_v1/pocket/pocket_020/05_tile__concise_prompt__tile_lower_left.jpg,73844,24b8376a94dcc7fc2cc5ac740cf5b3910937de2544276d4caf9097d11f7534f6
outputs/prd_region_coverage/pocket_decoration_prompt_scale_v1/pocket/pocket_020/06_tile__concise_prompt__tile_lower_right.jpg,65543,0e6ac43bd790f1caed8f96a91d916d6e7e6674dd7de8a12c65b486138474876b
outputs/prd_region_coverage/pocket_decoration_prompt_scale_v1/pocket/pocket_021/01_full__baseline_prompt.jpg,120664,6ee5b633480aaab87b59121f2067453345fef5cef59486839608fce476447030
outputs/prd_region_coverage/pocket_decoration_prompt_scale_v1/pocket/pocket_021/02_full__concise_prompt.jpg,120664,6ee5b633480aaab87b59121f2067453345fef5cef59486839608fce476447030
outputs/prd_region_coverage/pocket_decoration_prompt_scale_v1/pocket/pocket_021/03_tile__concise_prompt__tile_upper_left.jpg,102102,c6f79746f46fb0f3c4aa367086dc44458139db49726e5a01c530170aa55d6b3c
outputs/prd_region_coverage/pocket_decoration_prompt_scale_v1/pocket/pocket_021/04_tile__concise_prompt__tile_upper_right.jpg,85568,0eba8be2d539647174cb001ca99852491d03ad1e51f679ad4de6ae940a67ec37
outputs/prd_region_coverage/pocket_decoration_prompt_scale_v1/pocket/pocket_021/05_tile__concise_prompt__tile_lower_left.jpg,78968,7ac6890d961c62e10e8993e4a64a3dd369e2d5434e4d40fe5e20ac86dbc86782
outputs/prd_region_coverage/pocket_decoration_prompt_scale_v1/pocket/pocket_021/06_tile__concise_prompt__tile_lower_right.jpg,79753,c6875201be3d6b5cc133f7fbe347549293551e6a5851e9f1fc47402215171e1b
outputs/prd_region_coverage/shoulder_waist_pattern_refinement_v1/pattern/pattern_007_garment_center.jpg,156884,a52edf4be8967904bf96bdcdc105e7c90dd55204d5947ecf5272653717737d26
outputs/prd_region_coverage/shoulder_waist_pattern_refinement_v1/pattern/pattern_012_garment_center.jpg,80343,1f02d59bb3d741104c0cddfb025088a2bfcf045a3bd7c5c39463401c0c6a31d0
outputs/prd_region_coverage/shoulder_waist_pattern_refinement_v1/pattern/pattern_018_garment_center.jpg,176303,c3c79e22e20bc0db3778c07cf8cf61e6fc6217acec238742fd03cf9dc63ee7b4
outputs/prd_region_coverage/shoulder_waist_pattern_refinement_v1/pattern/pattern_019_garment_center.jpg,235018,5f22d026868fd1782558d2bc55f7e77be3c14fa30e5522c04666eae3c893c6ce
outputs/prd_region_coverage/shoulder_waist_pattern_refinement_v1/pattern/pattern_021_garment_center.jpg,156422,6b952bafce3810d9b0cc1263b922fef31a0734d11e2efeaa83324290895d6c01
outputs/prd_region_coverage/shoulder_waist_pattern_refinement_v1/rebuilt_parent_crops/pattern/pattern_007_000051.jpg,67411,2293af53faa8ac74ea09c5d90f2d5b12adb92c33f665d3ddeb273a374236659e
outputs/prd_region_coverage/shoulder_waist_pattern_refinement_v1/rebuilt_parent_crops/pattern/pattern_012_000214.jpg,34483,c1a6aa70be5e03bd9907bbe4c3cdcd08c532842c6e31935b89abb29d6d0f5e2a
outputs/prd_region_coverage/shoulder_waist_pattern_refinement_v1/rebuilt_parent_crops/pattern/pattern_018_000059.jpg,64066,82ca04141561c85191214dd591c36d3fd54e290cae03668cfcbe77727fd28b91
outputs/prd_region_coverage/shoulder_waist_pattern_refinement_v1/rebuilt_parent_crops/pattern/pattern_019_000126.jpg,82106,587a03febb36e3d5def294763c2407fd0458e17d3b8f44bcc45e24eb70d3c47f
outputs/prd_region_coverage/shoulder_waist_pattern_refinement_v1/rebuilt_parent_crops/pattern/pattern_021_000195.jpg,31095,decaeea5544496bcab3271e87a15ee7a9a9d1a82819d82f9095099058f6fc989
outputs/prd_region_coverage/shoulder_waist_pattern_refinement_v1/rebuilt_parent_crops/shoulder/shoulder_008_000419.jpg,57215,a01835c62f70b605e53e56a4cab547d689e42a97ea6d5c21d70ac87d3f5a9f33
outputs/prd_region_coverage/shoulder_waist_pattern_refinement_v1/rebuilt_parent_crops/shoulder/shoulder_012_000251.jpg,38198,c5fa892dcd562862e644f687c9e8c0b9e2e57f5edbce0100f730993adf237bb7
outputs/prd_region_coverage/shoulder_waist_pattern_refinement_v1/rebuilt_parent_crops/shoulder/shoulder_015_000006.jpg,87265,73181ff653fca8ee8f80e9aa740c44e8b007bc29b6bb6dbdcf1ee691408338a9
outputs/prd_region_coverage/shoulder_waist_pattern_refinement_v1/rebuilt_parent_crops/shoulder/shoulder_021_000439.jpg,30992,825be43b63653d308ea6f7f4a732d71033e7051dde6ffc18fa2f5cbba5eb983b
outputs/prd_region_coverage/shoulder_waist_pattern_refinement_v1/rebuilt_parent_crops/shoulder/shoulder_024_000207.jpg,64393,1029887d2205a51fa72c28fd132fc1345e01299f5b8cc7005a360821f17cfdba
outputs/prd_region_coverage/shoulder_waist_pattern_refinement_v1/rebuilt_parent_crops/waist/waist_001_000499.jpg,13017,7385cbad4111565ea31f5dac8fd18adcadb0a42abb560f6cc739f8aa9078527e
outputs/prd_region_coverage/shoulder_waist_pattern_refinement_v1/rebuilt_parent_crops/waist/waist_005_000217.jpg,39937,bc7e5f04c7445e8ea8594ffa608b1e99daf85ae721a75757562173c26f9dfe49
outputs/prd_region_coverage/shoulder_waist_pattern_refinement_v1/rebuilt_parent_crops/waist/waist_008_000158.jpg,72029,01ed520fc319135a88b81e781bc3835ad2b2413220df3433143d588220d36b87
outputs/prd_region_coverage/shoulder_waist_pattern_refinement_v1/rebuilt_parent_crops/waist/waist_014_000256.jpg,57151,58e1d28d35c3f3bd390ca7a87183d908965bd8332fd9f3ddf0c38bf0f85d6656
outputs/prd_region_coverage/shoulder_waist_pattern_refinement_v1/rebuilt_parent_crops/waist/waist_019_000277.jpg,45013,d7261ec1189b9fa4e5b8244aa1551e5837170893585834f19237c8a5f97ceb07
outputs/prd_region_coverage/shoulder_waist_pattern_refinement_v1/shoulder/shoulder_008_upper_left.jpg,101730,b639be8714d0677aa9b55b84299cef834dc1eec6765fe8c5fb6cbd0afb7dd230
outputs/prd_region_coverage/shoulder_waist_pattern_refinement_v1/shoulder/shoulder_008_upper_right.jpg,101959,c90c2ed5504e154da1723e2638d1296ca361ac17ce4d92a1b5285f0ce680dd0f
outputs/prd_region_coverage/shoulder_waist_pattern_refinement_v1/shoulder/shoulder_012_upper_left.jpg,73290,14aab2275b4d27963e3b2e6ef5db00cdf4826e979c7d716142447a034af6351d
outputs/prd_region_coverage/shoulder_waist_pattern_refinement_v1/shoulder/shoulder_012_upper_right.jpg,80602,9c13aae88e496d4ba4e5108ddb3ecdae7d567c86b71dbba0d72df3a92090218d
outputs/prd_region_coverage/shoulder_waist_pattern_refinement_v1/shoulder/shoulder_015_upper_left.jpg,144364,d80779aec0a65a18703dda8b29110a4e98d5d7d1e5e54dfbccf0f882881f45e0
outputs/prd_region_coverage/shoulder_waist_pattern_refinement_v1/shoulder/shoulder_015_upper_right.jpg,141643,b344da9b60c3e6474730e7057fa486910e0aac58ac7a54dfd42d351e5ea2cc04
outputs/prd_region_coverage/shoulder_waist_pattern_refinement_v1/shoulder/shoulder_021_upper_left.jpg,86720,8afa0fa292558acaa9591a48f4dc434042e02e389883387aa01e4e18a2b97094
outputs/prd_region_coverage/shoulder_waist_pattern_refinement_v1/shoulder/shoulder_021_upper_right.jpg,74880,60b155ef1d59148b349b8deed27a5a52e3c4104c029cf2d08c970ff66aee95d2
outputs/prd_region_coverage/shoulder_waist_pattern_refinement_v1/shoulder/shoulder_024_upper_left.jpg,129177,f40f37eb4cdbe15739a57be3f06784e2f040cdeb065f6359fbb6bca4ff0f173a
outputs/prd_region_coverage/shoulder_waist_pattern_refinement_v1/shoulder/shoulder_024_upper_right.jpg,136243,b8513dc167665ce2a19d7c683299a7391e639dc770b80932f51f3408ea648e27
outputs/prd_region_coverage/shoulder_waist_pattern_refinement_v1/waist/waist_001_middle_band.jpg,52107,64b048090f898f97af038fd1133bd2cc93c764f73cd0c0214f81997c7377b723
outputs/prd_region_coverage/shoulder_waist_pattern_refinement_v1/waist/waist_005_middle_band.jpg,65040,251d9b1cdcda70b0e28e559b7a75e408b689089c8c9108be3848f44a788a4f80
outputs/prd_region_coverage/shoulder_waist_pattern_refinement_v1/waist/waist_008_middle_band.jpg,86562,2e0956631912eff9625b77cf09a889366089d47d5c5c46bad2f08581cd83bcbe
outputs/prd_region_coverage/shoulder_waist_pattern_refinement_v1/waist/waist_014_middle_band.jpg,121560,ee733bb497f4e6401d9f45913caf51fb6a0bd1a21dbff791d1275479db108d39
outputs/prd_region_coverage/shoulder_waist_pattern_refinement_v1/waist/waist_019_middle_band.jpg,113317,6e80d2e5939df4dcbd9c505cea9d470ce2f183350489b9c337f113e2aba2773e
data/test/test.jpg,43780,247da243a5ec48b3d6f9d3d2b5172b2047c58d3c1a0aa466c8f7a0046c9be363
data/tests/000042.jpg,26243,19ecb10b4cecfa7bf06d374d266b5d0d36e55230bd81a00d73701a9c8404c0c8
data/tests/000058.jpg,38085,1b38f7fc5e3f7863c943984c675560c856798f99b6b42fcb4e6accd78968545c
data/tests/000079.jpg,14590,964a398278a6b431912cae91a5fd17e81d4393b25dde63aa8eb6df4b84792728
data/tests/000205.jpg,47663,45226d68be475167bdc2df8c128e09a6bfc8a29952899564287db2c25bf9c8b5
data/tests/000249.jpg,48690,80269694e60ccfdda37331e25feb533ba24451e40981594043056b2fc6648204
data/tests/000274.jpg,29999,a6d93c033273480aa13abf9ccd2ea70d06aa0dbc41d79b717e388db71dde977b
data/tests/000385.jpg,23660,d0ce2615ffbcda7708ab374f5745a5f0080c3c78ddc8f6173274e50e51f1c957
data/tests/000413.jpg,42816,9b74f29589831cd90e087c319c6417258e2b2afd1cb9a4b68017529eb5c3ff9c
data/tests/000445.jpg,41095,b84181f72c9fae5dcacde10a1c3041bd06d93603e32f85532b1ab2e98cce0a26
data/tests/000701.jpg,35294,af0bd29d22faac807c2fb00feb0281469cab9e6d69e7a08088f514dcfe79b620
