source_image,garment_id,garment_category,source_dataset,usage_roles,appears_in_config_count,source_configs,exclude_from_blind_benchmark_v1
../fashion_data/raw/fashionpedia/images/test/004e9e21cd1aca568a8ffc77a54638ce.jpg,fashionpedia_ann_6173,shoe,Fashionpedia,development_or_diagnostic|train_or_training_source|unknown_or_auxiliary,5,configs/fashionpedia_missing3_pilot_manifest_v1.csv|configs/prd_8class_train_v1.csv|configs/prd_8class_train_v2.csv|configs/prd_8class_unified_manifest_v1.csv|configs/prd_8class_unified_manifest_v2.csv,1
../fashion_data/raw/fashionpedia/images/test/0146a53e12d690914995248fb6872121.jpg,fashionpedia_ann_4128,shoe,Fashionpedia,train_or_training_source,1,configs/prd_8class_train_v2.csv,1
../fashion_data/raw/fashionpedia/images/test/014eadcd4cf28a669232d4b6470e4e01.jpg,fashionpedia_ann_1795,bag,Fashionpedia,train_or_training_source,1,configs/prd_8class_train_v2.csv,1
../fashion_data/raw/fashionpedia/images/test/02916664cd606bb5486353f200a475a3.jpg,fashionpedia_ann_878,shoe,Fashionpedia,development_or_diagnostic|train_or_training_source|unknown_or_auxiliary,5,configs/fashionpedia_missing3_pilot_manifest_v1.csv|configs/prd_8class_train_v1.csv|configs/prd_8class_train_v2.csv|configs/prd_8class_unified_manifest_v1.csv|configs/prd_8class_unified_manifest_v2.csv,1
../fashion_data/raw/fashionpedia/images/test/035b280e6bfd861226dbd2d1c8f89873.jpg,fashionpedia_ann_188,accessory,Fashionpedia,train_or_training_source,1,configs/prd_8class_train_v2.csv,1
../fashion_data/raw/fashionpedia/images/test/041a6b43ed7ddfa1ec6040d27e5ce9a8.jpg,fashionpedia_ann_1353,accessory,Fashionpedia,train_or_training_source,1,configs/prd_8class_train_v2.csv,1
../fashion_data/raw/fashionpedia/images/test/05418f9e1940094003b16deb58b3a01d.jpg,fashionpedia_ann_3980,bag,Fashionpedia,train_or_training_source,1,configs/prd_8class_train_v2.csv,1
../fashion_data/raw/fashionpedia/images/test/05488fcc74f81ae452dd55229003f58f.jpg,fashionpedia_ann_1591,shoe,Fashionpedia,train_or_training_source,1,configs/prd_8class_train_v2.csv,1
../fashion_data/raw/fashionpedia/images/test/05af199570c00b817102c3cb6834a6e4.jpg,fashionpedia_ann_9185,bag,Fashionpedia,train_or_training_source,1,configs/prd_8class_train_v2.csv,1
../fashion_data/raw/fashionpedia/images/test/05b5e806121325fe0b9879c18f146f39.jpg,fashionpedia_ann_1785,bag,Fashionpedia,train_or_training_source,1,configs/prd_8class_train_v2.csv,1
../fashion_data/raw/fashionpedia/images/test/05df3749007ec999df0176b9db7c23e3.jpg,fashionpedia_ann_6572,shoe,Fashionpedia,train_or_training_source,1,configs/prd_8class_train_v2.csv,1
../fashion_data/raw/fashionpedia/images/test/06e324f9ef2c3bc1cc2573562e498499.jpg,fashionpedia_ann_625,shoe,Fashionpedia,train_or_training_source,1,configs/prd_8class_train_v2.csv,1
../fashion_data/raw/fashionpedia/images/test/07729e318fa891baba6eb212220b95a6.jpg,fashionpedia_ann_7358,accessory,Fashionpedia,train_or_training_source,1,configs/prd_8class_train_v2.csv,1
../fashion_data/raw/fashionpedia/images/test/08680e1257c83a5a603ae3ef67ef3dde.jpg,fashionpedia_ann_4944,accessory,Fashionpedia,train_or_training_source,1,configs/prd_8class_train_v2.csv,1
../fashion_data/raw/fashionpedia/images/test/09675496409c85adc6deba11277050e8.jpg,fashionpedia_ann_5421,accessory,Fashionpedia,train_or_training_source,1,configs/prd_8class_train_v2.csv,1
../fashion_data/raw/fashionpedia/images/test/0d5d5e00e589fe5641b919179794994b.jpg,fashionpedia_ann_5003,bag,Fashionpedia,train_or_training_source,1,configs/prd_8class_train_v2.csv,1
../fashion_data/raw/fashionpedia/images/test/0e9775fcd1a3b1d95aed773e684b3f49.jpg,fashionpedia_ann_5843,bag,Fashionpedia,train_or_training_source,1,configs/prd_8class_train_v2.csv,1
../fashion_data/raw/fashionpedia/images/test/0fd47405bde971ea795259fa8790ef40.jpg,fashionpedia_ann_4907,accessory,Fashionpedia,train_or_training_source,1,configs/prd_8class_train_v2.csv,1
../fashion_data/raw/fashionpedia/images/test/112a9c9b9c7a97f3f632b2ec7fd064e5.jpg,fashionpedia_ann_3634,bag,Fashionpedia,train_or_training_source,1,configs/prd_8class_train_v2.csv,1
../fashion_data/raw/fashionpedia/images/test/116c0fd0c6d963e7b68e7af47c4e8cc7.jpg,fashionpedia_ann_4023,accessory,Fashionpedia,train_or_training_source,1,configs/prd_8class_train_v2.csv,1
../fashion_data/raw/fashionpedia/images/test/12416f707a0428adc08bc899bc6d84c8.jpg,fashionpedia_ann_449,accessory,Fashionpedia,train_or_training_source,1,configs/prd_8class_train_v2.csv,1
../fashion_data/raw/fashionpedia/images/test/136ac2a820e9718e52835f815428be82.jpg,fashionpedia_ann_4756,bag,Fashionpedia,development_or_diagnostic|train_or_training_source|unknown_or_auxiliary,4,configs/fashionpedia_missing3_pilot_manifest_v1.csv|configs/prd_8class_train_v1.csv|configs/prd_8class_unified_manifest_v1.csv|configs/prd_8class_unified_manifest_v2.csv,1
../fashion_data/raw/fashionpedia/images/test/138d25e69ff93fda0643ced2fa7feafb.jpg,fashionpedia_ann_458,shoe,Fashionpedia,train_or_training_source,1,configs/prd_8class_train_v2.csv,1
../fashion_data/raw/fashionpedia/images/test/138d25e69ff93fda0643ced2fa7feafb.jpg,fashionpedia_ann_464,bag,Fashionpedia,train_or_training_source,1,configs/prd_8class_train_v2.csv,1
../fashion_data/raw/fashionpedia/images/test/13bd73c2068bc2705f3a0b65e425b965.jpg,fashionpedia_ann_1642,bag,Fashionpedia,train_or_training_source,1,configs/prd_8class_train_v2.csv,1
../fashion_data/raw/fashionpedia/images/test/13bd73c2068bc2705f3a0b65e425b965.jpg,fashionpedia_ann_1646,accessory,Fashionpedia,train_or_training_source,1,configs/prd_8class_train_v2.csv,1
../fashion_data/raw/fashionpedia/images/test/14ce620645bc27f4710e2141432e7139.jpg,fashionpedia_ann_8183,accessory,Fashionpedia,development_or_diagnostic|train_or_training_source|unknown_or_auxiliary,5,configs/fashionpedia_missing3_pilot_manifest_v1.csv|configs/prd_8class_train_v1.csv|configs/prd_8class_train_v2.csv|configs/prd_8class_unified_manifest_v1.csv|configs/prd_8class_unified_manifest_v2.csv,1
../fashion_data/raw/fashionpedia/images/test/15b3536fd4cd5f7c40b1ef1a611402e5.jpg,fashionpedia_ann_7409,accessory,Fashionpedia,train_or_training_source,1,configs/prd_8class_train_v2.csv,1
../fashion_data/raw/fashionpedia/images/test/16b7202138bdbb600ee49eadfe63f5f6.jpg,fashionpedia_ann_1055,accessory,Fashionpedia,train_or_training_source,1,configs/prd_8class_train_v2.csv,1
../fashion_data/raw/fashionpedia/images/test/1744183e925250327f807fdb15907f6a.jpg,fashionpedia_ann_7040,accessory,Fashionpedia,train_or_training_source,1,configs/prd_8class_train_v2.csv,1
../fashion_data/raw/fashionpedia/images/test/1744183e925250327f807fdb15907f6a.jpg,fashionpedia_ann_7043,shoe,Fashionpedia,train_or_training_source,1,configs/prd_8class_train_v2.csv,1
../fashion_data/raw/fashionpedia/images/test/1744183e925250327f807fdb15907f6a.jpg,fashionpedia_ann_7044,accessory,Fashionpedia,development_or_diagnostic|train_or_training_source|unknown_or_auxiliary,4,configs/fashionpedia_missing3_pilot_manifest_v1.csv|configs/prd_8class_train_v1.csv|configs/prd_8class_unified_manifest_v1.csv|configs/prd_8class_unified_manifest_v2.csv,1
../fashion_data/raw/fashionpedia/images/test/1918cddd5d05e007637c1b635eb683f5.jpg,fashionpedia_ann_2303,accessory,Fashionpedia,train_or_training_source,1,configs/prd_8class_train_v2.csv,1
../fashion_data/raw/fashionpedia/images/test/1b94b1ccf1076bf96d656a870f559d0e.jpg,fashionpedia_ann_2539,accessory,Fashionpedia,train_or_training_source,1,configs/prd_8class_train_v2.csv,1
../fashion_data/raw/fashionpedia/images/test/1c1484bd95e170ad133660f8a69419b1.jpg,fashionpedia_ann_7769,shoe,Fashionpedia,train_or_training_source,1,configs/prd_8class_train_v2.csv,1
../fashion_data/raw/fashionpedia/images/test/1dffba470396e2e75841783f4584ed86.jpg,fashionpedia_ann_241,accessory,Fashionpedia,train_or_training_source,1,configs/prd_8class_train_v2.csv,1
../fashion_data/raw/fashionpedia/images/test/1e1550d9c7268ebd65e25e94e8b72575.jpg,fashionpedia_ann_6908,accessory,Fashionpedia,train_or_training_source,1,configs/prd_8class_train_v2.csv,1
../fashion_data/raw/fashionpedia/images/test/2064125f44bafe6b58a8b62750c96e5e.jpg,fashionpedia_ann_4687,bag,Fashionpedia,train_or_training_source,1,configs/prd_8class_train_v2.csv,1
../fashion_data/raw/fashionpedia/images/test/2064125f44bafe6b58a8b62750c96e5e.jpg,fashionpedia_ann_4691,accessory,Fashionpedia,train_or_training_source,1,configs/prd_8class_train_v2.csv,1
../fashion_data/raw/fashionpedia/images/test/20bdefcd48f74c927cca2870e52176b1.jpg,fashionpedia_ann_8119,accessory,Fashionpedia,train_or_training_source,1,configs/prd_8class_train_v2.csv,1
../fashion_data/raw/fashionpedia/images/test/20f9819eaa83ce17d76baf30880cd99f.jpg,fashionpedia_ann_9309,shoe,Fashionpedia,train_or_training_source,1,configs/prd_8class_train_v2.csv,1
../fashion_data/raw/fashionpedia/images/test/216d717f1360e765cdc3e6d4321b2270.jpg,fashionpedia_ann_1292,bag,Fashionpedia,train_or_training_source,1,configs/prd_8class_train_v2.csv,1
../fashion_data/raw/fashionpedia/images/test/2171b137ca967fb6540ce50fc824aaa4.jpg,fashionpedia_ann_9055,accessory,Fashionpedia,train_or_training_source,1,configs/prd_8class_train_v2.csv,1
../fashion_data/raw/fashionpedia/images/test/218f45327eead3c64b19e3ddee2ec238.jpg,fashionpedia_ann_3617,bag,Fashionpedia,train_or_training_source,1,configs/prd_8class_train_v2.csv,1
../fashion_data/raw/fashionpedia/images/test/219e070fdf1a306f0f229db82cd46c5c.jpg,fashionpedia_ann_6855,shoe,Fashionpedia,train_or_training_source,1,configs/prd_8class_train_v2.csv,1
../fashion_data/raw/fashionpedia/images/test/21b019899232d2682e25237d3da5eefc.jpg,fashionpedia_ann_8575,accessory,Fashionpedia,train_or_training_source,1,configs/prd_8class_train_v2.csv,1
../fashion_data/raw/fashionpedia/images/test/228d6f335e7c88d524d4bd4c8bdebd1d.jpg,fashionpedia_ann_5161,shoe,Fashionpedia,train_or_training_source,1,configs/prd_8class_train_v2.csv,1
../fashion_data/raw/fashionpedia/images/test/25b6a7dad9c5df5d9b36d681541500bf.jpg,fashionpedia_ann_2098,bag,Fashionpedia,train_or_training_source,1,configs/prd_8class_train_v2.csv,1
../fashion_data/raw/fashionpedia/images/test/25d405f31851734c949c85172cd41f5b.jpg,fashionpedia_ann_5859,accessory,Fashionpedia,train_or_training_source,1,configs/prd_8class_train_v2.csv,1
../fashion_data/raw/fashionpedia/images/test/265a6f3aee35666b2f62752c49f6dd63.jpg,fashionpedia_ann_6228,accessory,Fashionpedia,train_or_training_source,1,configs/prd_8class_train_v2.csv,1
../fashion_data/raw/fashionpedia/images/test/26759016fd26e02207463675219f7fef.jpg,fashionpedia_ann_2135,shoe,Fashionpedia,development_or_diagnostic|train_or_training_source|unknown_or_auxiliary,4,configs/fashionpedia_missing3_pilot_manifest_v1.csv|configs/prd_8class_train_v1.csv|configs/prd_8class_unified_manifest_v1.csv|configs/prd_8class_unified_manifest_v2.csv,1
../fashion_data/raw/fashionpedia/images/test/26759016fd26e02207463675219f7fef.jpg,fashionpedia_ann_2140,bag,Fashionpedia,development_or_diagnostic|train_or_training_source|unknown_or_auxiliary,4,configs/fashionpedia_missing3_pilot_manifest_v1.csv|configs/prd_8class_train_v1.csv|configs/prd_8class_unified_manifest_v1.csv|configs/prd_8class_unified_manifest_v2.csv,1
../fashion_data/raw/fashionpedia/images/test/28f3172e9e96bb17c1f9ec3697b175bc.jpg,fashionpedia_ann_9023,accessory,Fashionpedia,train_or_training_source,1,configs/prd_8class_train_v2.csv,1
../fashion_data/raw/fashionpedia/images/test/296dee66e4ef01a6453434cdd7062b25.jpg,fashionpedia_ann_3752,shoe,Fashionpedia,train_or_training_source,1,configs/prd_8class_train_v2.csv,1
../fashion_data/raw/fashionpedia/images/test/2a191fe07d0c2f63c5192d7effcec0c1.jpg,fashionpedia_ann_155,shoe,Fashionpedia,train_or_training_source,1,configs/prd_8class_train_v2.csv,1
../fashion_data/raw/fashionpedia/images/test/2ad4ef98177e257b8d57cdfa8e421bde.jpg,fashionpedia_ann_7672,shoe,Fashionpedia,train_or_training_source,1,configs/prd_8class_train_v2.csv,1
../fashion_data/raw/fashionpedia/images/test/2adffb322a52bb5e4111ff76b9883f36.jpg,fashionpedia_ann_3709,shoe,Fashionpedia,development_or_diagnostic|train_or_training_source|unknown_or_auxiliary,4,configs/fashionpedia_missing3_pilot_manifest_v1.csv|configs/prd_8class_train_v1.csv|configs/prd_8class_unified_manifest_v1.csv|configs/prd_8class_unified_manifest_v2.csv,1
../fashion_data/raw/fashionpedia/images/test/2cf13e48204a0e45bb0a58cf05b53c06.jpg,fashionpedia_ann_6804,shoe,Fashionpedia,train_or_training_source,1,configs/prd_8class_train_v2.csv,1
../fashion_data/raw/fashionpedia/images/test/2dfddd4c026c5dfbcf2556557e6290cc.jpg,fashionpedia_ann_6307,bag,Fashionpedia,train_or_training_source,1,configs/prd_8class_train_v2.csv,1
../fashion_data/raw/fashionpedia/images/test/2e279590988cb29535739095a188cd0b.jpg,fashionpedia_ann_5927,bag,Fashionpedia,train_or_training_source,1,configs/prd_8class_train_v2.csv,1
../fashion_data/raw/fashionpedia/images/test/2e783ef225f6afd2c16ceac5482d955c.jpg,fashionpedia_ann_49,bag,Fashionpedia,train_or_training_source,1,configs/prd_8class_train_v2.csv,1
../fashion_data/raw/fashionpedia/images/test/2ed6ea0b7ce46f8d5fc6608776152d5d.jpg,fashionpedia_ann_4410,bag,Fashionpedia,train_or_training_source,1,configs/prd_8class_train_v2.csv,1
../fashion_data/raw/fashionpedia/images/test/2ede08066feaa38aa9127fccf570a4a9.jpg,fashionpedia_ann_8358,bag,Fashionpedia,train_or_training_source,1,configs/prd_8class_train_v2.csv,1
../fashion_data/raw/fashionpedia/images/test/3023783645f6b5b3ddd20648231f85aa.jpg,fashionpedia_ann_4031,accessory,Fashionpedia,train_or_training_source,1,configs/prd_8class_train_v2.csv,1
../fashion_data/raw/fashionpedia/images/test/3109762baa95cfc50b5a454db19d4143.jpg,fashionpedia_ann_7258,bag,Fashionpedia,train_or_training_source,1,configs/prd_8class_train_v2.csv,1
../fashion_data/raw/fashionpedia/images/test/311db0d6f5b7be84ac3c952a443ef981.jpg,fashionpedia_ann_6950,shoe,Fashionpedia,development_or_diagnostic|unknown_or_auxiliary,4,configs/fashionpedia_missing3_pilot_manifest_v1.csv|configs/prd_8class_unified_manifest_v1.csv|configs/prd_8class_unified_manifest_v2.csv|configs/prd_8class_val_v1.csv,1
../fashion_data/raw/fashionpedia/images/test/317eb8142316b0f17e44fbbb5a8f3667.jpg,fashionpedia_ann_3944,shoe,Fashionpedia,train_or_training_source,1,configs/prd_8class_train_v2.csv,1
../fashion_data/raw/fashionpedia/images/test/32227cade6d3646824f9c0f3fa9dc9e7.jpg,fashionpedia_ann_7678,accessory,Fashionpedia,development_or_diagnostic|unknown_or_auxiliary,4,configs/fashionpedia_missing3_pilot_manifest_v1.csv|configs/prd_8class_unified_manifest_v1.csv|configs/prd_8class_unified_manifest_v2.csv|configs/prd_8class_val_v1.csv,1
../fashion_data/raw/fashionpedia/images/test/324c81a1ee14142e21e1377e1680a5f7.jpg,fashionpedia_ann_594,bag,Fashionpedia,train_or_training_source,1,configs/prd_8class_train_v2.csv,1
../fashion_data/raw/fashionpedia/images/test/330629f6ea12a084fa484a2ae181d1ab.jpg,fashionpedia_ann_173,accessory,Fashionpedia,train_or_training_source,1,configs/prd_8class_train_v2.csv,1
../fashion_data/raw/fashionpedia/images/test/33846044d27032d3988b9b4b7e22e252.jpg,fashionpedia_ann_4586,shoe,Fashionpedia,development_or_diagnostic|unknown_or_auxiliary,4,configs/fashionpedia_missing3_pilot_manifest_v1.csv|configs/prd_8class_unified_manifest_v1.csv|configs/prd_8class_unified_manifest_v2.csv|configs/prd_8class_val_v1.csv,1
../fashion_data/raw/fashionpedia/images/test/33a60f6f6d0abe76697705b61564ad30.jpg,fashionpedia_ann_2693,bag,Fashionpedia,train_or_training_source,1,configs/prd_8class_train_v2.csv,1
../fashion_data/raw/fashionpedia/images/test/33cfdcbd48019b09e36a78c428bbae1d.jpg,fashionpedia_ann_6510,shoe,Fashionpedia,development_or_diagnostic|unknown_or_auxiliary,9,configs/fashionpedia_missing3_pilot_manifest_v1.csv|configs/prd_3_1_ablation_A_gtbbox_gtmask_v1.csv|configs/prd_3_1_ablation_B_predbbox_predmask_v1.csv|configs/prd_3_1_ablation_C_gtbbox_predmask_v1.csv|configs/prd_3_1_ablation_D_predbbox_gtmask_v1.csv|configs/prd_3_1_predicted_roi_fullval_matched_v1.csv|configs/prd_8class_unified_manifest_v1.csv|configs/prd_8class_unified_manifest_v2.csv|configs/prd_8class_val_v1.csv,1
../fashion_data/raw/fashionpedia/images/test/350932dd5559f9419cbd1fc1ae0e43e1.jpg,fashionpedia_ann_7582,accessory,Fashionpedia,train_or_training_source,1,configs/prd_8class_train_v2.csv,1
../fashion_data/raw/fashionpedia/images/test/3628ba3d48dfc3c26103dd2056f47bc6.jpg,fashionpedia_ann_7106,accessory,Fashionpedia,development_or_diagnostic|train_or_training_source|unknown_or_auxiliary,4,configs/fashionpedia_missing3_pilot_manifest_v1.csv|configs/prd_8class_train_v1.csv|configs/prd_8class_unified_manifest_v1.csv|configs/prd_8class_unified_manifest_v2.csv,1
../fashion_data/raw/fashionpedia/images/test/3641da2171647a07f88dae8d53c9a6a3.jpg,fashionpedia_ann_2035,bag,Fashionpedia,train_or_training_source,1,configs/prd_8class_train_v2.csv,1
../fashion_data/raw/fashionpedia/images/test/3696956aa43b2641bdb8ee6fd0ea213f.jpg,fashionpedia_ann_8802,shoe,Fashionpedia,train_or_training_source,1,configs/prd_8class_train_v2.csv,1
../fashion_data/raw/fashionpedia/images/test/37428aefea46fee89a2af9dc1ba086e1.jpg,fashionpedia_ann_8521,shoe,Fashionpedia,train_or_training_source,1,configs/prd_8class_train_v2.csv,1
../fashion_data/raw/fashionpedia/images/test/38f9af46bc5456b86585c68acbb089d3.jpg,fashionpedia_ann_6093,bag,Fashionpedia,development_or_diagnostic|train_or_training_source|unknown_or_auxiliary,4,configs/fashionpedia_missing3_pilot_manifest_v1.csv|configs/prd_8class_train_v1.csv|configs/prd_8class_unified_manifest_v1.csv|configs/prd_8class_unified_manifest_v2.csv,1
../fashion_data/raw/fashionpedia/images/test/39598903e7ffcd5d5ce5354c3a4d2764.jpg,fashionpedia_ann_624,bag,Fashionpedia,train_or_training_source,1,configs/prd_8class_train_v2.csv,1
../fashion_data/raw/fashionpedia/images/test/3a251a0d83018173d9eb85dd2f7c64f1.jpg,fashionpedia_ann_3430,accessory,Fashionpedia,train_or_training_source,1,configs/prd_8class_train_v2.csv,1
../fashion_data/raw/fashionpedia/images/test/3a87ce99efb87686869fdb390cc5ef0c.jpg,fashionpedia_ann_587,bag,Fashionpedia,train_or_training_source,1,configs/prd_8class_train_v2.csv,1
../fashion_data/raw/fashionpedia/images/test/3ad8d42ba64449a7617160489b43cffb.jpg,fashionpedia_ann_1505,shoe,Fashionpedia,train_or_training_source,1,configs/prd_8class_train_v2.csv,1
../fashion_data/raw/fashionpedia/images/test/3af3a8c1e0581011f46326d3b837a53d.jpg,fashionpedia_ann_5696,accessory,Fashionpedia,train_or_training_source,1,configs/prd_8class_train_v2.csv,1
../fashion_data/raw/fashionpedia/images/test/3b090c8c5228647a7c486ed9f1b14309.jpg,fashionpedia_ann_1837,accessory,Fashionpedia,train_or_training_source,1,configs/prd_8class_train_v2.csv,1
../fashion_data/raw/fashionpedia/images/test/3b090c8c5228647a7c486ed9f1b14309.jpg,fashionpedia_ann_1843,shoe,Fashionpedia,development_or_diagnostic|train_or_training_source|unknown_or_auxiliary,4,configs/fashionpedia_missing3_pilot_manifest_v1.csv|configs/prd_8class_train_v1.csv|configs/prd_8class_unified_manifest_v1.csv|configs/prd_8class_unified_manifest_v2.csv,1
../fashion_data/raw/fashionpedia/images/test/3b090c8c5228647a7c486ed9f1b14309.jpg,fashionpedia_ann_1848,bag,Fashionpedia,train_or_training_source,1,configs/prd_8class_train_v2.csv,1
../fashion_data/raw/fashionpedia/images/test/3bf082a96a03a1c8f75e1d1d0ebf42d2.jpg,fashionpedia_ann_3414,accessory,Fashionpedia,development_or_diagnostic|unknown_or_auxiliary,4,configs/fashionpedia_missing3_pilot_manifest_v1.csv|configs/prd_8class_unified_manifest_v1.csv|configs/prd_8class_unified_manifest_v2.csv|configs/prd_8class_val_v1.csv,1
../fashion_data/raw/fashionpedia/images/test/3c77bfcabe3495c954793a8f4696be5f.jpg,fashionpedia_ann_1377,bag,Fashionpedia,development_or_diagnostic|train_or_training_source|unknown_or_auxiliary,4,configs/fashionpedia_missing3_pilot_manifest_v1.csv|configs/prd_8class_train_v1.csv|configs/prd_8class_unified_manifest_v1.csv|configs/prd_8class_unified_manifest_v2.csv,1
../fashion_data/raw/fashionpedia/images/test/3c77bfcabe3495c954793a8f4696be5f.jpg,fashionpedia_ann_1381,accessory,Fashionpedia,train_or_training_source,1,configs/prd_8class_train_v2.csv,1
../fashion_data/raw/fashionpedia/images/test/3d1a8d1323ab2feae0530606f883e2c7.jpg,fashionpedia_ann_3189,shoe,Fashionpedia,train_or_training_source,1,configs/prd_8class_train_v2.csv,1
../fashion_data/raw/fashionpedia/images/test/3f18271f3f7d101e2f9a27b0b12b034b.jpg,fashionpedia_ann_6587,shoe,Fashionpedia,development_or_diagnostic|train_or_training_source|unknown_or_auxiliary,5,configs/fashionpedia_missing3_pilot_manifest_v1.csv|configs/prd_8class_train_v1.csv|configs/prd_8class_train_v2.csv|configs/prd_8class_unified_manifest_v1.csv|configs/prd_8class_unified_manifest_v2.csv,1
../fashion_data/raw/fashionpedia/images/test/3fcfa9cf841c43da1cf40ff998939b21.jpg,fashionpedia_ann_206,accessory,Fashionpedia,train_or_training_source,1,configs/prd_8class_train_v2.csv,1
../fashion_data/raw/fashionpedia/images/test/3fe7ee5e245a4e4eaf88181e5186333a.jpg,fashionpedia_ann_8321,shoe,Fashionpedia,train_or_training_source,1,configs/prd_8class_train_v2.csv,1
../fashion_data/raw/fashionpedia/images/test/42e223bd6f6a6b8dce57c4496ca4fcc2.jpg,fashionpedia_ann_7369,shoe,Fashionpedia,train_or_training_source,1,configs/prd_8class_train_v2.csv,1
../fashion_data/raw/fashionpedia/images/test/42fcd15111e080373a8c07201a539ca1.jpg,fashionpedia_ann_5242,shoe,Fashionpedia,train_or_training_source,1,configs/prd_8class_train_v2.csv,1
../fashion_data/raw/fashionpedia/images/test/43778dff8bac7d13784527fdba344468.jpg,fashionpedia_ann_4655,shoe,Fashionpedia,train_or_training_source,1,configs/prd_8class_train_v2.csv,1
../fashion_data/raw/fashionpedia/images/test/44a33562cc61058bfadb2164c829156b.jpg,fashionpedia_ann_1510,shoe,Fashionpedia,train_or_training_source,1,configs/prd_8class_train_v2.csv,1
../fashion_data/raw/fashionpedia/images/test/466e69961de78100fddae84c64fbf542.jpg,fashionpedia_ann_534,accessory,Fashionpedia,train_or_training_source,1,configs/prd_8class_train_v2.csv,1
../fashion_data/raw/fashionpedia/images/test/466e69961de78100fddae84c64fbf542.jpg,fashionpedia_ann_537,bag,Fashionpedia,train_or_training_source,1,configs/prd_8class_train_v2.csv,1
../fashion_data/raw/fashionpedia/images/test/466e69961de78100fddae84c64fbf542.jpg,fashionpedia_ann_540,shoe,Fashionpedia,train_or_training_source,1,configs/prd_8class_train_v2.csv,1
../fashion_data/raw/fashionpedia/images/test/470281287b961aa83407820eaf2cbf5c.jpg,fashionpedia_ann_8278,bag,Fashionpedia,development_or_diagnostic|train_or_training_source|unknown_or_auxiliary,5,configs/fashionpedia_missing3_pilot_manifest_v1.csv|configs/prd_8class_train_v1.csv|configs/prd_8class_train_v2.csv|configs/prd_8class_unified_manifest_v1.csv|configs/prd_8class_unified_manifest_v2.csv,1
../fashion_data/raw/fashionpedia/images/test/473b84b26a91ed22e0c0584cab355068.jpg,fashionpedia_ann_8645,shoe,Fashionpedia,train_or_training_source,1,configs/prd_8class_train_v2.csv,1
../fashion_data/raw/fashionpedia/images/test/473ca12a9a40ada656994abef67bf900.jpg,fashionpedia_ann_147,shoe,Fashionpedia,train_or_training_source,1,configs/prd_8class_train_v2.csv,1
../fashion_data/raw/fashionpedia/images/test/47c2e3e2ff0bfcacd0b42339314862d3.jpg,fashionpedia_ann_3304,bag,Fashionpedia,development_or_diagnostic|train_or_training_source|unknown_or_auxiliary,5,configs/fashionpedia_missing3_pilot_manifest_v1.csv|configs/prd_8class_train_v1.csv|configs/prd_8class_train_v2.csv|configs/prd_8class_unified_manifest_v1.csv|configs/prd_8class_unified_manifest_v2.csv,1
../fashion_data/raw/fashionpedia/images/test/4ba624616f54007236995b5ed5d330e2.jpg,fashionpedia_ann_5463,bag,Fashionpedia,development_or_diagnostic|train_or_training_source|unknown_or_auxiliary,4,configs/fashionpedia_missing3_pilot_manifest_v1.csv|configs/prd_8class_train_v1.csv|configs/prd_8class_unified_manifest_v1.csv|configs/prd_8class_unified_manifest_v2.csv,1
../fashion_data/raw/fashionpedia/images/test/4ba624616f54007236995b5ed5d330e2.jpg,fashionpedia_ann_5467,shoe,Fashionpedia,train_or_training_source,1,configs/prd_8class_train_v2.csv,1
../fashion_data/raw/fashionpedia/images/test/4caf9a623b8931bf6b2f6107af4381fb.jpg,fashionpedia_ann_5029,accessory,Fashionpedia,train_or_training_source,1,configs/prd_8class_train_v2.csv,1
../fashion_data/raw/fashionpedia/images/test/4d3fd642c9d08290f6262759a51d252f.jpg,fashionpedia_ann_6623,accessory,Fashionpedia,train_or_training_source,1,configs/prd_8class_train_v2.csv,1
../fashion_data/raw/fashionpedia/images/test/4d3fd642c9d08290f6262759a51d252f.jpg,fashionpedia_ann_6630,bag,Fashionpedia,train_or_training_source,1,configs/prd_8class_train_v2.csv,1
../fashion_data/raw/fashionpedia/images/test/4d6c4b89ddc23629a730a46aaba04903.jpg,fashionpedia_ann_7207,shoe,Fashionpedia,development_or_diagnostic|train_or_training_source|unknown_or_auxiliary,4,configs/fashionpedia_missing3_pilot_manifest_v1.csv|configs/prd_8class_train_v1.csv|configs/prd_8class_unified_manifest_v1.csv|configs/prd_8class_unified_manifest_v2.csv,1
../fashion_data/raw/fashionpedia/images/test/4e872a7fcd5c125164305d750c8688b6.jpg,fashionpedia_ann_3975,accessory,Fashionpedia,train_or_training_source,1,configs/prd_8class_train_v2.csv,1
../fashion_data/raw/fashionpedia/images/test/4ec22d53051a9c25a134fb154e6ea3b0.jpg,fashionpedia_ann_3053,bag,Fashionpedia,train_or_training_source,1,configs/prd_8class_train_v2.csv,1
../fashion_data/raw/fashionpedia/images/test/4ec22d53051a9c25a134fb154e6ea3b0.jpg,fashionpedia_ann_3054,accessory,Fashionpedia,train_or_training_source,1,configs/prd_8class_train_v2.csv,1
../fashion_data/raw/fashionpedia/images/test/4ec22d53051a9c25a134fb154e6ea3b0.jpg,fashionpedia_ann_3055,shoe,Fashionpedia,development_or_diagnostic|train_or_training_source|unknown_or_auxiliary,4,configs/fashionpedia_missing3_pilot_manifest_v1.csv|configs/prd_8class_train_v1.csv|configs/prd_8class_unified_manifest_v1.csv|configs/prd_8class_unified_manifest_v2.csv,1
../fashion_data/raw/fashionpedia/images/test/4f23f05daee3cbdd96295f84825e3581.jpg,fashionpedia_ann_6080,bag,Fashionpedia,development_or_diagnostic|unknown_or_auxiliary,9,configs/fashionpedia_missing3_pilot_manifest_v1.csv|configs/prd_3_1_ablation_A_gtbbox_gtmask_v1.csv|configs/prd_3_1_ablation_B_predbbox_predmask_v1.csv|configs/prd_3_1_ablation_C_gtbbox_predmask_v1.csv|configs/prd_3_1_ablation_D_predbbox_gtmask_v1.csv|configs/prd_3_1_predicted_roi_fullval_matched_v1.csv|configs/prd_8class_unified_manifest_v1.csv|configs/prd_8class_unified_manifest_v2.csv|configs/prd_8class_val_v1.csv,1
../fashion_data/raw/fashionpedia/images/test/4f2a2c16e1c284c1dc11cb987c9f5ca0.jpg,fashionpedia_ann_2696,accessory,Fashionpedia,development_or_diagnostic|train_or_training_source|unknown_or_auxiliary,4,configs/fashionpedia_missing3_pilot_manifest_v1.csv|configs/prd_8class_train_v1.csv|configs/prd_8class_unified_manifest_v1.csv|configs/prd_8class_unified_manifest_v2.csv,1
../fashion_data/raw/fashionpedia/images/test/4f2a2c16e1c284c1dc11cb987c9f5ca0.jpg,fashionpedia_ann_2703,shoe,Fashionpedia,train_or_training_source,1,configs/prd_8class_train_v2.csv,1
../fashion_data/raw/fashionpedia/images/test/4f2a2c16e1c284c1dc11cb987c9f5ca0.jpg,fashionpedia_ann_2704,bag,Fashionpedia,train_or_training_source,1,configs/prd_8class_train_v2.csv,1
../fashion_data/raw/fashionpedia/images/test/5048b43266b5bcda8b56e559bd845636.jpg,fashionpedia_ann_857,bag,Fashionpedia,train_or_training_source,1,configs/prd_8class_train_v2.csv,1
../fashion_data/raw/fashionpedia/images/test/517a8397f4b67050adbbb77fc38d94f3.jpg,fashionpedia_ann_294,bag,Fashionpedia,train_or_training_source,1,configs/prd_8class_train_v2.csv,1
../fashion_data/raw/fashionpedia/images/test/52df4fde942c5b69a757f82014af85e4.jpg,fashionpedia_ann_8079,shoe,Fashionpedia,train_or_training_source,1,configs/prd_8class_train_v2.csv,1
../fashion_data/raw/fashionpedia/images/test/52df4fde942c5b69a757f82014af85e4.jpg,fashionpedia_ann_8083,accessory,Fashionpedia,development_or_diagnostic|train_or_training_source|unknown_or_auxiliary,4,configs/fashionpedia_missing3_pilot_manifest_v1.csv|configs/prd_8class_train_v1.csv|configs/prd_8class_unified_manifest_v1.csv|configs/prd_8class_unified_manifest_v2.csv,1
../fashion_data/raw/fashionpedia/images/test/54c1a7bfcfd8d0c31311a061ee5a0f8c.jpg,fashionpedia_ann_3094,bag,Fashionpedia,train_or_training_source,1,configs/prd_8class_train_v2.csv,1
../fashion_data/raw/fashionpedia/images/test/5519b067d1037167b0acd664fcbb918e.jpg,fashionpedia_ann_4652,shoe,Fashionpedia,train_or_training_source,1,configs/prd_8class_train_v2.csv,1
../fashion_data/raw/fashionpedia/images/test/551e65e41de6a13025f2542b4886d8f0.jpg,fashionpedia_ann_4644,accessory,Fashionpedia,train_or_training_source,1,configs/prd_8class_train_v2.csv,1
../fashion_data/raw/fashionpedia/images/test/557b6301ca3fefdf29d0609dfe8a74fd.jpg,fashionpedia_ann_4517,accessory,Fashionpedia,train_or_training_source,1,configs/prd_8class_train_v2.csv,1
../fashion_data/raw/fashionpedia/images/test/563c45745e1775a74e3a5b2513079b9d.jpg,fashionpedia_ann_5666,shoe,Fashionpedia,train_or_training_source,1,configs/prd_8class_train_v2.csv,1
../fashion_data/raw/fashionpedia/images/test/59e06fb924b0f433d0aed18b3469beec.jpg,fashionpedia_ann_5503,accessory,Fashionpedia,development_or_diagnostic|train_or_training_source|unknown_or_auxiliary,4,configs/fashionpedia_missing3_pilot_manifest_v1.csv|configs/prd_8class_train_v1.csv|configs/prd_8class_unified_manifest_v1.csv|configs/prd_8class_unified_manifest_v2.csv,1
../fashion_data/raw/fashionpedia/images/test/5a26b076ff580f5b9979ec8371483494.jpg,fashionpedia_ann_4601,bag,Fashionpedia,train_or_training_source,1,configs/prd_8class_train_v2.csv,1
../fashion_data/raw/fashionpedia/images/test/5a45019f91a09b34caad0730b77f281d.jpg,fashionpedia_ann_6222,bag,Fashionpedia,train_or_training_source,1,configs/prd_8class_train_v2.csv,1
../fashion_data/raw/fashionpedia/images/test/5a6a709cdd926e51bdbaba834d0c7207.jpg,fashionpedia_ann_4824,shoe,Fashionpedia,train_or_training_source,1,configs/prd_8class_train_v2.csv,1
../fashion_data/raw/fashionpedia/images/test/5d2a983e1bcdce687150ce6115212283.jpg,fashionpedia_ann_7149,accessory,Fashionpedia,development_or_diagnostic|train_or_training_source|unknown_or_auxiliary,4,configs/fashionpedia_missing3_pilot_manifest_v1.csv|configs/prd_8class_train_v1.csv|configs/prd_8class_unified_manifest_v1.csv|configs/prd_8class_unified_manifest_v2.csv,1
../fashion_data/raw/fashionpedia/images/test/5e9bc1602c42a055f7e8626fc23776a8.jpg,fashionpedia_ann_2521,bag,Fashionpedia,train_or_training_source,1,configs/prd_8class_train_v2.csv,1
../fashion_data/raw/fashionpedia/images/test/5f1a6fc913ba40dee4d94b3428afba15.jpg,fashionpedia_ann_344,bag,Fashionpedia,train_or_training_source,1,configs/prd_8class_train_v2.csv,1
../fashion_data/raw/fashionpedia/images/test/5f5e8dd2003101a233a31bfc1b940085.jpg,fashionpedia_ann_3649,shoe,Fashionpedia,train_or_training_source,1,configs/prd_8class_train_v2.csv,1
../fashion_data/raw/fashionpedia/images/test/5fc499c60fc95671180347cf63b6f31a.jpg,fashionpedia_ann_67,accessory,Fashionpedia,train_or_training_source,1,configs/prd_8class_train_v2.csv,1
../fashion_data/raw/fashionpedia/images/test/6096b12d8fc996b65b4b9947b18502ca.jpg,fashionpedia_ann_3850,accessory,Fashionpedia,development_or_diagnostic|train_or_training_source|unknown_or_auxiliary,5,configs/fashionpedia_missing3_pilot_manifest_v1.csv|configs/prd_8class_train_v1.csv|configs/prd_8class_train_v2.csv|configs/prd_8class_unified_manifest_v1.csv|configs/prd_8class_unified_manifest_v2.csv,1
../fashion_data/raw/fashionpedia/images/test/609b9fc370f7c98fbb6a41baf72664a1.jpg,fashionpedia_ann_5825,accessory,Fashionpedia,train_or_training_source,1,configs/prd_8class_train_v2.csv,1
../fashion_data/raw/fashionpedia/images/test/611939b9f3ac6aba96c64026edc11575.jpg,fashionpedia_ann_5809,shoe,Fashionpedia,train_or_training_source,1,configs/prd_8class_train_v2.csv,1
../fashion_data/raw/fashionpedia/images/test/6129a289fa99fd43988c56cf0271e345.jpg,fashionpedia_ann_8373,accessory,Fashionpedia,development_or_diagnostic|train_or_training_source|unknown_or_auxiliary,4,configs/fashionpedia_missing3_pilot_manifest_v1.csv|configs/prd_8class_train_v1.csv|configs/prd_8class_unified_manifest_v1.csv|configs/prd_8class_unified_manifest_v2.csv,1
../fashion_data/raw/fashionpedia/images/test/614e7297f89c14e73b691d7f76ed77f4.jpg,fashionpedia_ann_976,shoe,Fashionpedia,train_or_training_source,1,configs/prd_8class_train_v2.csv,1
../fashion_data/raw/fashionpedia/images/test/6216b46eeada317d0fbac617c2f09a2f.jpg,fashionpedia_ann_4043,bag,Fashionpedia,train_or_training_source,1,configs/prd_8class_train_v2.csv,1
../fashion_data/raw/fashionpedia/images/test/629df21f84ffc47d37ab1e3818dfad7a.jpg,fashionpedia_ann_2110,accessory,Fashionpedia,train_or_training_source,1,configs/prd_8class_train_v2.csv,1
../fashion_data/raw/fashionpedia/images/test/629df21f84ffc47d37ab1e3818dfad7a.jpg,fashionpedia_ann_2113,shoe,Fashionpedia,train_or_training_source,1,configs/prd_8class_train_v2.csv,1
../fashion_data/raw/fashionpedia/images/test/62c2a58de9a97c754cde718fb409402e.jpg,fashionpedia_ann_4280,accessory,Fashionpedia,train_or_training_source,1,configs/prd_8class_train_v2.csv,1
../fashion_data/raw/fashionpedia/images/test/634b8e06e0d3bc3b8258cdef7ea56251.jpg,fashionpedia_ann_1077,shoe,Fashionpedia,train_or_training_source,1,configs/prd_8class_train_v2.csv,1
../fashion_data/raw/fashionpedia/images/test/634b8e06e0d3bc3b8258cdef7ea56251.jpg,fashionpedia_ann_1079,accessory,Fashionpedia,train_or_training_source,1,configs/prd_8class_train_v2.csv,1
../fashion_data/raw/fashionpedia/images/test/6375bd30773a17a141a35eb4df0e4e16.jpg,fashionpedia_ann_5556,accessory,Fashionpedia,development_or_diagnostic|train_or_training_source|unknown_or_auxiliary,5,configs/fashionpedia_missing3_pilot_manifest_v1.csv|configs/prd_8class_train_v1.csv|configs/prd_8class_train_v2.csv|configs/prd_8class_unified_manifest_v1.csv|configs/prd_8class_unified_manifest_v2.csv,1
../fashion_data/raw/fashionpedia/images/test/6385040ca90ec396e37c2a25c2aafc31.jpg,fashionpedia_ann_4375,bag,Fashionpedia,train_or_training_source,1,configs/prd_8class_train_v2.csv,1
../fashion_data/raw/fashionpedia/images/test/643befc8433653bd7647f45c3c89b02f.jpg,fashionpedia_ann_1244,accessory,Fashionpedia,train_or_training_source,1,configs/prd_8class_train_v2.csv,1
../fashion_data/raw/fashionpedia/images/test/65aba1fc79c8b44c66e8f75be8b7633e.jpg,fashionpedia_ann_2489,shoe,Fashionpedia,train_or_training_source,1,configs/prd_8class_train_v2.csv,1
../fashion_data/raw/fashionpedia/images/test/65d0f53dfbc340ecc3ee3abd6da6b54c.jpg,fashionpedia_ann_7949,bag,Fashionpedia,train_or_training_source,1,configs/prd_8class_train_v2.csv,1
../fashion_data/raw/fashionpedia/images/test/6661e2aa125fb543f39193e0d8423720.jpg,fashionpedia_ann_8892,shoe,Fashionpedia,train_or_training_source,1,configs/prd_8class_train_v2.csv,1
../fashion_data/raw/fashionpedia/images/test/66944533f2aa560438fb0b83b33aa106.jpg,fashionpedia_ann_7385,shoe,Fashionpedia,train_or_training_source,1,configs/prd_8class_train_v2.csv,1
../fashion_data/raw/fashionpedia/images/test/6765044e8079cfe42ae6cac73cbf79c4.jpg,fashionpedia_ann_4109,accessory,Fashionpedia,train_or_training_source,1,configs/prd_8class_train_v2.csv,1
../fashion_data/raw/fashionpedia/images/test/679ab015b49cb5b53d168d3efd956fad.jpg,fashionpedia_ann_4350,bag,Fashionpedia,train_or_training_source,1,configs/prd_8class_train_v2.csv,1
../fashion_data/raw/fashionpedia/images/test/67ec64b00cd3aa7ab1d92c59e5d8fd85.jpg,fashionpedia_ann_2354,bag,Fashionpedia,train_or_training_source,1,configs/prd_8class_train_v2.csv,1
../fashion_data/raw/fashionpedia/images/test/67f807cdadb96ebc9e59beb2222e1d57.jpg,fashionpedia_ann_8918,shoe,Fashionpedia,train_or_training_source,1,configs/prd_8class_train_v2.csv,1
../fashion_data/raw/fashionpedia/images/test/6804c0168b384deb92f498ba8ed5ca4a.jpg,fashionpedia_ann_2826,accessory,Fashionpedia,train_or_training_source,1,configs/prd_8class_train_v2.csv,1
../fashion_data/raw/fashionpedia/images/test/68aefbd5faf3d79453eee3593e815d32.jpg,fashionpedia_ann_1521,shoe,Fashionpedia,train_or_training_source,1,configs/prd_8class_train_v2.csv,1
../fashion_data/raw/fashionpedia/images/test/68d6747a3e74f059dddb6d75f624f21c.jpg,fashionpedia_ann_6291,bag,Fashionpedia,development_or_diagnostic|train_or_training_source|unknown_or_auxiliary,4,configs/fashionpedia_missing3_pilot_manifest_v1.csv|configs/prd_8class_train_v1.csv|configs/prd_8class_unified_manifest_v1.csv|configs/prd_8class_unified_manifest_v2.csv,1
../fashion_data/raw/fashionpedia/images/test/6a0d484572ffd11cc5ea627df2c82b94.jpg,fashionpedia_ann_6466,shoe,Fashionpedia,train_or_training_source,1,configs/prd_8class_train_v2.csv,1
../fashion_data/raw/fashionpedia/images/test/6b6582dc900f463d0fc31a95c3fbeb49.jpg,fashionpedia_ann_7006,bag,Fashionpedia,train_or_training_source,1,configs/prd_8class_train_v2.csv,1
../fashion_data/raw/fashionpedia/images/test/6be62b6a8b3259257de85786c5fd4b76.jpg,fashionpedia_ann_7609,shoe,Fashionpedia,train_or_training_source,1,configs/prd_8class_train_v2.csv,1
../fashion_data/raw/fashionpedia/images/test/6beae9033a9244991b99ac04347ba917.jpg,fashionpedia_ann_6435,accessory,Fashionpedia,development_or_diagnostic|train_or_training_source|unknown_or_auxiliary,4,configs/fashionpedia_missing3_pilot_manifest_v1.csv|configs/prd_8class_train_v1.csv|configs/prd_8class_unified_manifest_v1.csv|configs/prd_8class_unified_manifest_v2.csv,1
../fashion_data/raw/fashionpedia/images/test/6c25f5b9177191c25b74f167d361e114.jpg,fashionpedia_ann_633,accessory,Fashionpedia,train_or_training_source,1,configs/prd_8class_train_v2.csv,1
../fashion_data/raw/fashionpedia/images/test/6c25f5b9177191c25b74f167d361e114.jpg,fashionpedia_ann_636,bag,Fashionpedia,train_or_training_source,1,configs/prd_8class_train_v2.csv,1
../fashion_data/raw/fashionpedia/images/test/6de0db96e14807a6824c20a3e4985fa9.jpg,fashionpedia_ann_245,accessory,Fashionpedia,train_or_training_source,1,configs/prd_8class_train_v2.csv,1
../fashion_data/raw/fashionpedia/images/test/6df68986984a942712bff893699d9167.jpg,fashionpedia_ann_1019,shoe,Fashionpedia,development_or_diagnostic|train_or_training_source|unknown_or_auxiliary,4,configs/fashionpedia_missing3_pilot_manifest_v1.csv|configs/prd_8class_train_v1.csv|configs/prd_8class_unified_manifest_v1.csv|configs/prd_8class_unified_manifest_v2.csv,1
../fashion_data/raw/fashionpedia/images/test/72a138c47a27759553ebb2b2c1a94707.jpg,fashionpedia_ann_393,accessory,Fashionpedia,train_or_training_source,1,configs/prd_8class_train_v2.csv,1
../fashion_data/raw/fashionpedia/images/test/73b8457583eb2fc453caef8b8307bff9.jpg,fashionpedia_ann_8737,bag,Fashionpedia,train_or_training_source,1,configs/prd_8class_train_v2.csv,1
../fashion_data/raw/fashionpedia/images/test/73d2b7e13c0b34f9d0572b57ea56be63.jpg,fashionpedia_ann_3323,accessory,Fashionpedia,train_or_training_source,1,configs/prd_8class_train_v2.csv,1
../fashion_data/raw/fashionpedia/images/test/75ec98a0e2afc332e276815266db0a4a.jpg,fashionpedia_ann_1753,bag,Fashionpedia,train_or_training_source,1,configs/prd_8class_train_v2.csv,1
../fashion_data/raw/fashionpedia/images/test/76fd87d84ee7cdffcb33e05d74bb663c.jpg,fashionpedia_ann_2578,accessory,Fashionpedia,train_or_training_source,1,configs/prd_8class_train_v2.csv,1
../fashion_data/raw/fashionpedia/images/test/76fd87d84ee7cdffcb33e05d74bb663c.jpg,fashionpedia_ann_2581,shoe,Fashionpedia,train_or_training_source,1,configs/prd_8class_train_v2.csv,1
../fashion_data/raw/fashionpedia/images/test/77435fc234059dcb9e0bb3d73382bcc7.jpg,fashionpedia_ann_2422,accessory,Fashionpedia,development_or_diagnostic|unknown_or_auxiliary,4,configs/fashionpedia_missing3_pilot_manifest_v1.csv|configs/prd_8class_unified_manifest_v1.csv|configs/prd_8class_unified_manifest_v2.csv|configs/prd_8class_val_v1.csv,1
../fashion_data/raw/fashionpedia/images/test/77e9eefca9b24d5d5b2ca7a43d1fc1ce.jpg,fashionpedia_ann_169,bag,Fashionpedia,train_or_training_source,1,configs/prd_8class_train_v2.csv,1
../fashion_data/raw/fashionpedia/images/test/79a404d13384b4e687f5927f1d28e2e3.jpg,fashionpedia_ann_9213,bag,Fashionpedia,development_or_diagnostic|train_or_training_source|unknown_or_auxiliary,4,configs/fashionpedia_missing3_pilot_manifest_v1.csv|configs/prd_8class_train_v1.csv|configs/prd_8class_unified_manifest_v1.csv|configs/prd_8class_unified_manifest_v2.csv,1
../fashion_data/raw/fashionpedia/images/test/7a65f8ca901b6307715350452dff10b6.jpg,fashionpedia_ann_4910,accessory,Fashionpedia,train_or_training_source,1,configs/prd_8class_train_v2.csv,1
../fashion_data/raw/fashionpedia/images/test/7c3c0cd188f831a4533f8aa2f5902b64.jpg,fashionpedia_ann_2227,shoe,Fashionpedia,train_or_training_source,1,configs/prd_8class_train_v2.csv,1
../fashion_data/raw/fashionpedia/images/test/7e726464437432e79c18a5dba42562f8.jpg,fashionpedia_ann_4206,shoe,Fashionpedia,train_or_training_source,1,configs/prd_8class_train_v2.csv,1
../fashion_data/raw/fashionpedia/images/test/7f5cd5f13122b4bc95fe1a7bf0df56aa.jpg,fashionpedia_ann_3555,bag,Fashionpedia,train_or_training_source,1,configs/prd_8class_train_v2.csv,1
../fashion_data/raw/fashionpedia/images/test/7f9007ed8484e01e26dee5e2e7a633bf.jpg,fashionpedia_ann_8708,accessory,Fashionpedia,train_or_training_source,1,configs/prd_8class_train_v2.csv,1
../fashion_data/raw/fashionpedia/images/test/7fbd864b06b76fda165ca6d60c5cf879.jpg,fashionpedia_ann_4233,shoe,Fashionpedia,development_or_diagnostic|train_or_training_source|unknown_or_auxiliary,4,configs/fashionpedia_missing3_pilot_manifest_v1.csv|configs/prd_8class_train_v1.csv|configs/prd_8class_unified_manifest_v1.csv|configs/prd_8class_unified_manifest_v2.csv,1
../fashion_data/raw/fashionpedia/images/test/80206b9ade4e359369a5b9c6bbdf4321.jpg,fashionpedia_ann_8328,shoe,Fashionpedia,train_or_training_source,1,configs/prd_8class_train_v2.csv,1
../fashion_data/raw/fashionpedia/images/test/809906ce0fd1e001d613c9b13e7e8a4e.jpg,fashionpedia_ann_9128,accessory,Fashionpedia,development_or_diagnostic|train_or_training_source|unknown_or_auxiliary,4,configs/fashionpedia_missing3_pilot_manifest_v1.csv|configs/prd_8class_train_v1.csv|configs/prd_8class_unified_manifest_v1.csv|configs/prd_8class_unified_manifest_v2.csv,1
../fashion_data/raw/fashionpedia/images/test/80b493e0dccaca4fcb11fe5d81c47e83.jpg,fashionpedia_ann_4989,bag,Fashionpedia,train_or_training_source,1,configs/prd_8class_train_v2.csv,1
../fashion_data/raw/fashionpedia/images/test/81d5078514e93327f0ef0461be35faa6.jpg,fashionpedia_ann_6881,bag,Fashionpedia,train_or_training_source,1,configs/prd_8class_train_v2.csv,1
../fashion_data/raw/fashionpedia/images/test/82d90f72c9745665b559a423f5e4e101.jpg,fashionpedia_ann_5127,shoe,Fashionpedia,train_or_training_source,1,configs/prd_8class_train_v2.csv,1
../fashion_data/raw/fashionpedia/images/test/845197179e9ea35e1dd58144a1e03f36.jpg,fashionpedia_ann_2595,shoe,Fashionpedia,train_or_training_source,1,configs/prd_8class_train_v2.csv,1
../fashion_data/raw/fashionpedia/images/test/84a4f4463d6e730c24bc14c5db844e0f.jpg,fashionpedia_ann_414,bag,Fashionpedia,train_or_training_source,1,configs/prd_8class_train_v2.csv,1
../fashion_data/raw/fashionpedia/images/test/84cb2045d51adaff87124e9dfb703c46.jpg,fashionpedia_ann_7971,accessory,Fashionpedia,train_or_training_source,1,configs/prd_8class_train_v2.csv,1
../fashion_data/raw/fashionpedia/images/test/84fae07c92d39a7347fadf145330f4bc.jpg,fashionpedia_ann_4420,bag,Fashionpedia,train_or_training_source,1,configs/prd_8class_train_v2.csv,1
../fashion_data/raw/fashionpedia/images/test/858f141535ac0b2aeef9278577da78b6.jpg,fashionpedia_ann_7454,shoe,Fashionpedia,train_or_training_source,1,configs/prd_8class_train_v2.csv,1
../fashion_data/raw/fashionpedia/images/test/85aa83033214755fefff61b7615c7a48.jpg,fashionpedia_ann_850,accessory,Fashionpedia,train_or_training_source,1,configs/prd_8class_train_v2.csv,1
../fashion_data/raw/fashionpedia/images/test/86184f05dab0caa5e96ab1db699e91e7.jpg,fashionpedia_ann_1341,shoe,Fashionpedia,train_or_training_source,1,configs/prd_8class_train_v2.csv,1
../fashion_data/raw/fashionpedia/images/test/88baae46c4883251a3430a88966aca9a.jpg,fashionpedia_ann_2390,shoe,Fashionpedia,train_or_training_source,1,configs/prd_8class_train_v2.csv,1
../fashion_data/raw/fashionpedia/images/test/89144779b3e40421facdb2eb70309356.jpg,fashionpedia_ann_8519,shoe,Fashionpedia,development_or_diagnostic|unknown_or_auxiliary,4,configs/fashionpedia_missing3_pilot_manifest_v1.csv|configs/prd_8class_unified_manifest_v1.csv|configs/prd_8class_unified_manifest_v2.csv|configs/prd_8class_val_v1.csv,1
../fashion_data/raw/fashionpedia/images/test/89f6e3ad94e5493906b4f3d0e16bdae1.jpg,fashionpedia_ann_4505,bag,Fashionpedia,development_or_diagnostic|unknown_or_auxiliary,4,configs/fashionpedia_missing3_pilot_manifest_v1.csv|configs/prd_8class_unified_manifest_v1.csv|configs/prd_8class_unified_manifest_v2.csv|configs/prd_8class_val_v1.csv,1
../fashion_data/raw/fashionpedia/images/test/8cca49fbcf6adea78b6fe875c06edf48.jpg,fashionpedia_ann_1970,shoe,Fashionpedia,train_or_training_source,1,configs/prd_8class_train_v2.csv,1
../fashion_data/raw/fashionpedia/images/test/8d6cc2330f9c370096ac3f33147b2b83.jpg,fashionpedia_ann_949,shoe,Fashionpedia,train_or_training_source,1,configs/prd_8class_train_v2.csv,1
../fashion_data/raw/fashionpedia/images/test/8dd3fc43988364a48cd559387c10e029.jpg,fashionpedia_ann_1163,shoe,Fashionpedia,train_or_training_source,1,configs/prd_8class_train_v2.csv,1
../fashion_data/raw/fashionpedia/images/test/8e3d327c799e1a524cd9691b42964efa.jpg,fashionpedia_ann_9287,bag,Fashionpedia,train_or_training_source,1,configs/prd_8class_train_v2.csv,1
../fashion_data/raw/fashionpedia/images/test/8f691c0c5426690c44b91691db150c9c.jpg,fashionpedia_ann_482,accessory,Fashionpedia,train_or_training_source,1,configs/prd_8class_train_v2.csv,1
../fashion_data/raw/fashionpedia/images/test/8f691c0c5426690c44b91691db150c9c.jpg,fashionpedia_ann_484,bag,Fashionpedia,train_or_training_source,1,configs/prd_8class_train_v2.csv,1
../fashion_data/raw/fashionpedia/images/test/9078e17f7b8381d1600608b588ccbd45.jpg,fashionpedia_ann_2991,shoe,Fashionpedia,train_or_training_source,1,configs/prd_8class_train_v2.csv,1
../fashion_data/raw/fashionpedia/images/test/90ffd404d1eb433fc6bb4065d9c96a37.jpg,fashionpedia_ann_2367,accessory,Fashionpedia,train_or_training_source,1,configs/prd_8class_train_v2.csv,1
../fashion_data/raw/fashionpedia/images/test/926e547ae973c4ff47a63ac941fe6be1.jpg,fashionpedia_ann_1442,bag,Fashionpedia,train_or_training_source,1,configs/prd_8class_train_v2.csv,1
../fashion_data/raw/fashionpedia/images/test/94351b1b66b1e37756eef9206883dd83.jpg,fashionpedia_ann_1959,accessory,Fashionpedia,train_or_training_source,1,configs/prd_8class_train_v2.csv,1
../fashion_data/raw/fashionpedia/images/test/9466c1ebff0cc438549ceae3e46a14f5.jpg,fashionpedia_ann_130,bag,Fashionpedia,train_or_training_source,1,configs/prd_8class_train_v2.csv,1
../fashion_data/raw/fashionpedia/images/test/947b6ea8d5e30914a55992708fbf5b99.jpg,fashionpedia_ann_7759,bag,Fashionpedia,train_or_training_source,1,configs/prd_8class_train_v2.csv,1
../fashion_data/raw/fashionpedia/images/test/963999a4ce820148817057ade3cc956d.jpg,fashionpedia_ann_9098,shoe,Fashionpedia,train_or_training_source,1,configs/prd_8class_train_v2.csv,1
../fashion_data/raw/fashionpedia/images/test/9737a08c0d581734111e8d0d60a8d6ec.jpg,fashionpedia_ann_5582,accessory,Fashionpedia,train_or_training_source,1,configs/prd_8class_train_v2.csv,1
../fashion_data/raw/fashionpedia/images/test/9737a08c0d581734111e8d0d60a8d6ec.jpg,fashionpedia_ann_5586,shoe,Fashionpedia,train_or_training_source,1,configs/prd_8class_train_v2.csv,1
../fashion_data/raw/fashionpedia/images/test/9797ab044e643d98dce52db59e6625f7.jpg,fashionpedia_ann_647,shoe,Fashionpedia,train_or_training_source,1,configs/prd_8class_train_v2.csv,1
../fashion_data/raw/fashionpedia/images/test/97cb9ef6e3eb1e4870201eb60ea875ac.jpg,fashionpedia_ann_7388,shoe,Fashionpedia,train_or_training_source,1,configs/prd_8class_train_v2.csv,1
../fashion_data/raw/fashionpedia/images/test/97cb9ef6e3eb1e4870201eb60ea875ac.jpg,fashionpedia_ann_7390,accessory,Fashionpedia,train_or_training_source,1,configs/prd_8class_train_v2.csv,1
../fashion_data/raw/fashionpedia/images/test/9947f3f56aa4fab3b07bca98b09d7bfe.jpg,fashionpedia_ann_1693,shoe,Fashionpedia,train_or_training_source,1,configs/prd_8class_train_v2.csv,1
../fashion_data/raw/fashionpedia/images/test/99601fa457d157b81154d089966c2e3a.jpg,fashionpedia_ann_6,accessory,Fashionpedia,train_or_training_source,1,configs/prd_8class_train_v2.csv,1
../fashion_data/raw/fashionpedia/images/test/99e576a9859dbbfa7bbf1ca6a8200960.jpg,fashionpedia_ann_5760,shoe,Fashionpedia,development_or_diagnostic|train_or_training_source|unknown_or_auxiliary,4,configs/fashionpedia_missing3_pilot_manifest_v1.csv|configs/prd_8class_train_v1.csv|configs/prd_8class_unified_manifest_v1.csv|configs/prd_8class_unified_manifest_v2.csv,1
../fashion_data/raw/fashionpedia/images/test/9a886a145d0a9f81b15e79666a5c51b1.jpg,fashionpedia_ann_8100,bag,Fashionpedia,train_or_training_source,1,configs/prd_8class_train_v2.csv,1
../fashion_data/raw/fashionpedia/images/test/9ad7fa911ef3602db892724c8cd679ee.jpg,fashionpedia_ann_5309,shoe,Fashionpedia,train_or_training_source,1,configs/prd_8class_train_v2.csv,1
../fashion_data/raw/fashionpedia/images/test/9c2944165b3d4390a3aa62dc0a07fe7e.jpg,fashionpedia_ann_6599,shoe,Fashionpedia,train_or_training_source,1,configs/prd_8class_train_v2.csv,1
../fashion_data/raw/fashionpedia/images/test/9ce7b758976ec102f8c3ec502e523969.jpg,fashionpedia_ann_6011,shoe,Fashionpedia,train_or_training_source,1,configs/prd_8class_train_v2.csv,1
../fashion_data/raw/fashionpedia/images/test/9dd731f00f648ab2ce0f52747e26f539.jpg,fashionpedia_ann_5361,bag,Fashionpedia,train_or_training_source,1,configs/prd_8class_train_v2.csv,1
../fashion_data/raw/fashionpedia/images/test/9e35bff1f530e353ce2844823e27fe28.jpg,fashionpedia_ann_1015,shoe,Fashionpedia,train_or_training_source,1,configs/prd_8class_train_v2.csv,1
../fashion_data/raw/fashionpedia/images/test/9f8e805a62be868379e13cfa24658106.jpg,fashionpedia_ann_3265,bag,Fashionpedia,train_or_training_source,1,configs/prd_8class_train_v2.csv,1
../fashion_data/raw/fashionpedia/images/test/a1678fa388b815b80f71ac94878eef47.jpg,fashionpedia_ann_8784,shoe,Fashionpedia,train_or_training_source,1,configs/prd_8class_train_v2.csv,1
../fashion_data/raw/fashionpedia/images/test/a2d2041ec86da596439a8fd74575ce0b.jpg,fashionpedia_ann_5773,accessory,Fashionpedia,train_or_training_source,1,configs/prd_8class_train_v2.csv,1
../fashion_data/raw/fashionpedia/images/test/a2f2fb31d3d5ee496df28eb7c43304da.jpg,fashionpedia_ann_223,bag,Fashionpedia,train_or_training_source,1,configs/prd_8class_train_v2.csv,1
../fashion_data/raw/fashionpedia/images/test/a38445479f8dcc4074a291d8eb99e97a.jpg,fashionpedia_ann_2235,accessory,Fashionpedia,train_or_training_source,1,configs/prd_8class_train_v2.csv,1
../fashion_data/raw/fashionpedia/images/test/a3f881917b1e3e8875dfe97f9ae98bee.jpg,fashionpedia_ann_1919,accessory,Fashionpedia,train_or_training_source,1,configs/prd_8class_train_v2.csv,1
../fashion_data/raw/fashionpedia/images/test/a419c030ecf1f588302b7db62ee2bb21.jpg,fashionpedia_ann_1488,shoe,Fashionpedia,train_or_training_source,1,configs/prd_8class_train_v2.csv,1
../fashion_data/raw/fashionpedia/images/test/a4f806e6b45ed0ac339db298ee287b44.jpg,fashionpedia_ann_4092,accessory,Fashionpedia,train_or_training_source,1,configs/prd_8class_train_v2.csv,1
../fashion_data/raw/fashionpedia/images/test/a4f8de55929c1ccdfa38c3091f9ea800.jpg,fashionpedia_ann_6352,bag,Fashionpedia,train_or_training_source,1,configs/prd_8class_train_v2.csv,1
../fashion_data/raw/fashionpedia/images/test/a5ec3cfe2bc9cfb48dea272edef4adeb.jpg,fashionpedia_ann_7957,shoe,Fashionpedia,development_or_diagnostic|train_or_training_source|unknown_or_auxiliary,4,configs/fashionpedia_missing3_pilot_manifest_v1.csv|configs/prd_8class_train_v1.csv|configs/prd_8class_unified_manifest_v1.csv|configs/prd_8class_unified_manifest_v2.csv,1
../fashion_data/raw/fashionpedia/images/test/a62022b349b66f249a0ffbc07f9aa013.jpg,fashionpedia_ann_2742,accessory,Fashionpedia,development_or_diagnostic|train_or_training_source|unknown_or_auxiliary,4,configs/fashionpedia_missing3_pilot_manifest_v1.csv|configs/prd_8class_train_v1.csv|configs/prd_8class_unified_manifest_v1.csv|configs/prd_8class_unified_manifest_v2.csv,1
../fashion_data/raw/fashionpedia/images/test/a6507cc61e40a08435a5a210450a47c1.jpg,fashionpedia_ann_3284,shoe,Fashionpedia,train_or_training_source,1,configs/prd_8class_train_v2.csv,1
../fashion_data/raw/fashionpedia/images/test/a8741d59e6609bfc5f6abfa00fd6b431.jpg,fashionpedia_ann_8059,accessory,Fashionpedia,train_or_training_source,1,configs/prd_8class_train_v2.csv,1
../fashion_data/raw/fashionpedia/images/test/a89e8cd2564a7e5050c8aa5c5c24c18d.jpg,fashionpedia_ann_2611,accessory,Fashionpedia,train_or_training_source,1,configs/prd_8class_train_v2.csv,1
../fashion_data/raw/fashionpedia/images/test/a93069c5bcf17729bce9cab2513a3f67.jpg,fashionpedia_ann_4253,bag,Fashionpedia,train_or_training_source,1,configs/prd_8class_train_v2.csv,1
../fashion_data/raw/fashionpedia/images/test/a9718c7da26a2118ce906a8561d79997.jpg,fashionpedia_ann_8879,shoe,Fashionpedia,train_or_training_source,1,configs/prd_8class_train_v2.csv,1
../fashion_data/raw/fashionpedia/images/test/a99f0561c41b1b00721572e7b3ec9c38.jpg,fashionpedia_ann_3929,accessory,Fashionpedia,train_or_training_source,1,configs/prd_8class_train_v2.csv,1
../fashion_data/raw/fashionpedia/images/test/aa2b2c6923621af9d2ba884f02006cd6.jpg,fashionpedia_ann_6968,accessory,Fashionpedia,train_or_training_source,1,configs/prd_8class_train_v2.csv,1
../fashion_data/raw/fashionpedia/images/test/aa2b2c6923621af9d2ba884f02006cd6.jpg,fashionpedia_ann_6979,shoe,Fashionpedia,train_or_training_source,1,configs/prd_8class_train_v2.csv,1
../fashion_data/raw/fashionpedia/images/test/aa2b2c6923621af9d2ba884f02006cd6.jpg,fashionpedia_ann_6981,bag,Fashionpedia,train_or_training_source,1,configs/prd_8class_train_v2.csv,1
../fashion_data/raw/fashionpedia/images/test/aa95964ff3b249168fcda1504434d04b.jpg,fashionpedia_ann_7448,bag,Fashionpedia,train_or_training_source,1,configs/prd_8class_train_v2.csv,1
../fashion_data/raw/fashionpedia/images/test/ab52c9490015a4b79249fe7076319b54.jpg,fashionpedia_ann_5855,shoe,Fashionpedia,development_or_diagnostic|train_or_training_source|unknown_or_auxiliary,4,configs/fashionpedia_missing3_pilot_manifest_v1.csv|configs/prd_8class_train_v1.csv|configs/prd_8class_unified_manifest_v1.csv|configs/prd_8class_unified_manifest_v2.csv,1
../fashion_data/raw/fashionpedia/images/test/abe7f00720ada9f255b8d1355579dc0e.jpg,fashionpedia_ann_8901,accessory,Fashionpedia,train_or_training_source,1,configs/prd_8class_train_v2.csv,1
../fashion_data/raw/fashionpedia/images/test/ac453fbad1af6923ae38db5e33512e2b.jpg,fashionpedia_ann_6203,accessory,Fashionpedia,development_or_diagnostic|train_or_training_source|unknown_or_auxiliary,4,configs/fashionpedia_missing3_pilot_manifest_v1.csv|configs/prd_8class_train_v1.csv|configs/prd_8class_unified_manifest_v1.csv|configs/prd_8class_unified_manifest_v2.csv,1
../fashion_data/raw/fashionpedia/images/test/ad1a3b0fb188342ec29f22275b434f04.jpg,fashionpedia_ann_8679,bag,Fashionpedia,train_or_training_source,1,configs/prd_8class_train_v2.csv,1
../fashion_data/raw/fashionpedia/images/test/ae97534d312305c3b2ce4c956d54d3a9.jpg,fashionpedia_ann_1553,bag,Fashionpedia,train_or_training_source,1,configs/prd_8class_train_v2.csv,1
../fashion_data/raw/fashionpedia/images/test/af496316395f8375383561f51fd5c731.jpg,fashionpedia_ann_7547,bag,Fashionpedia,development_or_diagnostic|train_or_training_source|unknown_or_auxiliary,4,configs/fashionpedia_missing3_pilot_manifest_v1.csv|configs/prd_8class_train_v1.csv|configs/prd_8class_unified_manifest_v1.csv|configs/prd_8class_unified_manifest_v2.csv,1
../fashion_data/raw/fashionpedia/images/test/afb8182ab6475db9830b0afafb442f55.jpg,fashionpedia_ann_1670,accessory,Fashionpedia,train_or_training_source,1,configs/prd_8class_train_v2.csv,1
../fashion_data/raw/fashionpedia/images/test/b00ba458be2f204c127cbd76d7410a84.jpg,fashionpedia_ann_1861,bag,Fashionpedia,train_or_training_source,1,configs/prd_8class_train_v2.csv,1
../fashion_data/raw/fashionpedia/images/test/b110cb98c64f949796705e916be76c8e.jpg,fashionpedia_ann_5292,shoe,Fashionpedia,train_or_training_source,1,configs/prd_8class_train_v2.csv,1
../fashion_data/raw/fashionpedia/images/test/b1682bc7e7fb2a0d868f75a9fcc03b82.jpg,fashionpedia_ann_8268,shoe,Fashionpedia,development_or_diagnostic|train_or_training_source|unknown_or_auxiliary,4,configs/fashionpedia_missing3_pilot_manifest_v1.csv|configs/prd_8class_train_v1.csv|configs/prd_8class_unified_manifest_v1.csv|configs/prd_8class_unified_manifest_v2.csv,1
../fashion_data/raw/fashionpedia/images/test/b2006174759a811aca6bd63e861dc741.jpg,fashionpedia_ann_4580,bag,Fashionpedia,train_or_training_source,1,configs/prd_8class_train_v2.csv,1
../fashion_data/raw/fashionpedia/images/test/b24d298f9856f105bb3f3bb645b59dd9.jpg,fashionpedia_ann_2346,accessory,Fashionpedia,train_or_training_source,1,configs/prd_8class_train_v2.csv,1
../fashion_data/raw/fashionpedia/images/test/b2514d07946f182a890908a7ba436bd5.jpg,fashionpedia_ann_7247,accessory,Fashionpedia,train_or_training_source,1,configs/prd_8class_train_v2.csv,1
../fashion_data/raw/fashionpedia/images/test/b4968dc30b419476fcc4a72938113609.jpg,fashionpedia_ann_1481,bag,Fashionpedia,train_or_training_source,1,configs/prd_8class_train_v2.csv,1
../fashion_data/raw/fashionpedia/images/test/b57c1abdc520418a85d2c94514304670.jpg,fashionpedia_ann_663,bag,Fashionpedia,train_or_training_source,1,configs/prd_8class_train_v2.csv,1
../fashion_data/raw/fashionpedia/images/test/b66d836caa14d17a8b7de99d0a4e8a5d.jpg,fashionpedia_ann_4815,shoe,Fashionpedia,train_or_training_source,1,configs/prd_8class_train_v2.csv,1
../fashion_data/raw/fashionpedia/images/test/bbb7c11a2a4fe731a371cdf9e223c360.jpg,fashionpedia_ann_9134,accessory,Fashionpedia,train_or_training_source,1,configs/prd_8class_train_v2.csv,1
../fashion_data/raw/fashionpedia/images/test/bbb7c11a2a4fe731a371cdf9e223c360.jpg,fashionpedia_ann_9136,bag,Fashionpedia,train_or_training_source,1,configs/prd_8class_train_v2.csv,1
../fashion_data/raw/fashionpedia/images/test/bbd80ae0b10ae91b4f1f900484d36e8a.jpg,fashionpedia_ann_5062,shoe,Fashionpedia,train_or_training_source,1,configs/prd_8class_train_v2.csv,1
../fashion_data/raw/fashionpedia/images/test/bedd4c227a48bc3f89431058fa77c82b.jpg,fashionpedia_ann_4724,accessory,Fashionpedia,train_or_training_source,1,configs/prd_8class_train_v2.csv,1
../fashion_data/raw/fashionpedia/images/test/bf3ef97f28c83839cbf4da20ed9bd704.jpg,fashionpedia_ann_7518,bag,Fashionpedia,train_or_training_source,1,configs/prd_8class_train_v2.csv,1
../fashion_data/raw/fashionpedia/images/test/bfabcacd46568489e6ae0d4952ecccf9.jpg,fashionpedia_ann_24,bag,Fashionpedia,train_or_training_source,1,configs/prd_8class_train_v2.csv,1
../fashion_data/raw/fashionpedia/images/test/bfdb81a5f9bebef69b5cda7f59a8daab.jpg,fashionpedia_ann_4665,accessory,Fashionpedia,train_or_training_source,1,configs/prd_8class_train_v2.csv,1
../fashion_data/raw/fashionpedia/images/test/c035ab1c7504b8e89f22f3b2f06abec4.jpg,fashionpedia_ann_4948,accessory,Fashionpedia,train_or_training_source,1,configs/prd_8class_train_v2.csv,1
../fashion_data/raw/fashionpedia/images/test/c0e92f68b8ce834a9929e537d5f8228c.jpg,fashionpedia_ann_6096,shoe,Fashionpedia,train_or_training_source,1,configs/prd_8class_train_v2.csv,1
../fashion_data/raw/fashionpedia/images/test/c20cd495aea72107c49299e4f957ef2b.jpg,fashionpedia_ann_6987,bag,Fashionpedia,train_or_training_source,1,configs/prd_8class_train_v2.csv,1
../fashion_data/raw/fashionpedia/images/test/c59652d40810f10a443756d41bfa1287.jpg,fashionpedia_ann_3509,accessory,Fashionpedia,train_or_training_source,1,configs/prd_8class_train_v2.csv,1
../fashion_data/raw/fashionpedia/images/test/c5e12ba6c5f039031bd14b4670d581c3.jpg,fashionpedia_ann_2917,accessory,Fashionpedia,train_or_training_source,1,configs/prd_8class_train_v2.csv,1
../fashion_data/raw/fashionpedia/images/test/c650f80f25497fb2b0f1231d1e487878.jpg,fashionpedia_ann_4697,shoe,Fashionpedia,train_or_training_source,1,configs/prd_8class_train_v2.csv,1
../fashion_data/raw/fashionpedia/images/test/c658c6a2698fc988c5e25000814cb2b0.jpg,fashionpedia_ann_6113,shoe,Fashionpedia,train_or_training_source,1,configs/prd_8class_train_v2.csv,1
../fashion_data/raw/fashionpedia/images/test/c7154df1a2a7d442ba4a2f9579622a31.jpg,fashionpedia_ann_5208,accessory,Fashionpedia,train_or_training_source,1,configs/prd_8class_train_v2.csv,1
../fashion_data/raw/fashionpedia/images/test/c727d3096d448818302663fda2fedb2c.jpg,fashionpedia_ann_3007,shoe,Fashionpedia,train_or_training_source,1,configs/prd_8class_train_v2.csv,1
../fashion_data/raw/fashionpedia/images/test/c8183194c22ace7c7bbe6f224ea525bb.jpg,fashionpedia_ann_6045,shoe,Fashionpedia,train_or_training_source,1,configs/prd_8class_train_v2.csv,1
../fashion_data/raw/fashionpedia/images/test/c8183194c22ace7c7bbe6f224ea525bb.jpg,fashionpedia_ann_6051,bag,Fashionpedia,development_or_diagnostic|train_or_training_source|unknown_or_auxiliary,4,configs/fashionpedia_missing3_pilot_manifest_v1.csv|configs/prd_8class_train_v1.csv|configs/prd_8class_unified_manifest_v1.csv|configs/prd_8class_unified_manifest_v2.csv,1
../fashion_data/raw/fashionpedia/images/test/c87fb99e4cbb5a408e8fa1f4d86f9204.jpg,fashionpedia_ann_2485,bag,Fashionpedia,development_or_diagnostic|train_or_training_source|unknown_or_auxiliary,5,configs/fashionpedia_missing3_pilot_manifest_v1.csv|configs/prd_8class_train_v1.csv|configs/prd_8class_train_v2.csv|configs/prd_8class_unified_manifest_v1.csv|configs/prd_8class_unified_manifest_v2.csv,1
../fashion_data/raw/fashionpedia/images/test/c891be8bf301ed615ca18b5b71380794.jpg,fashionpedia_ann_2272,shoe,Fashionpedia,train_or_training_source,1,configs/prd_8class_train_v2.csv,1
../fashion_data/raw/fashionpedia/images/test/cade19169e79b91b610ce5a6f7576a5b.jpg,fashionpedia_ann_2259,accessory,Fashionpedia,train_or_training_source,1,configs/prd_8class_train_v2.csv,1
../fashion_data/raw/fashionpedia/images/test/cd0f34921f96592811ff3a3776fa0444.jpg,fashionpedia_ann_7982,bag,Fashionpedia,train_or_training_source,1,configs/prd_8class_train_v2.csv,1
../fashion_data/raw/fashionpedia/images/test/cd9737f2cf0967f12cc001d57568e913.jpg,fashionpedia_ann_3547,accessory,Fashionpedia,train_or_training_source,1,configs/prd_8class_train_v2.csv,1
../fashion_data/raw/fashionpedia/images/test/cdd175f26ac87c01ec64fb2f02268654.jpg,fashionpedia_ann_7855,bag,Fashionpedia,development_or_diagnostic|unknown_or_auxiliary,9,configs/fashionpedia_missing3_pilot_manifest_v1.csv|configs/prd_3_1_ablation_A_gtbbox_gtmask_v1.csv|configs/prd_3_1_ablation_B_predbbox_predmask_v1.csv|configs/prd_3_1_ablation_C_gtbbox_predmask_v1.csv|configs/prd_3_1_ablation_D_predbbox_gtmask_v1.csv|configs/prd_3_1_predicted_roi_fullval_matched_v1.csv|configs/prd_8class_unified_manifest_v1.csv|configs/prd_8class_unified_manifest_v2.csv|configs/prd_8class_val_v1.csv,1
../fashion_data/raw/fashionpedia/images/test/ce25fc2ea56c29c024e96686099373b5.jpg,fashionpedia_ann_1542,accessory,Fashionpedia,train_or_training_source,1,configs/prd_8class_train_v2.csv,1
../fashion_data/raw/fashionpedia/images/test/cef7317d699eb4899f181a570b1502e0.jpg,fashionpedia_ann_1263,bag,Fashionpedia,development_or_diagnostic|train_or_training_source|unknown_or_auxiliary,4,configs/fashionpedia_missing3_pilot_manifest_v1.csv|configs/prd_8class_train_v1.csv|configs/prd_8class_unified_manifest_v1.csv|configs/prd_8class_unified_manifest_v2.csv,1
../fashion_data/raw/fashionpedia/images/test/cf2b90efe608a262ab09c367feddc352.jpg,fashionpedia_ann_3874,accessory,Fashionpedia,train_or_training_source,1,configs/prd_8class_train_v2.csv,1
../fashion_data/raw/fashionpedia/images/test/cf8fbb58ce182fb9976486509e220efd.jpg,fashionpedia_ann_371,shoe,Fashionpedia,train_or_training_source,1,configs/prd_8class_train_v2.csv,1
../fashion_data/raw/fashionpedia/images/test/cfe1c4de7beeb5eef7cdc05e8be73d57.jpg,fashionpedia_ann_4791,accessory,Fashionpedia,development_or_diagnostic|train_or_training_source|unknown_or_auxiliary,4,configs/fashionpedia_missing3_pilot_manifest_v1.csv|configs/prd_8class_train_v1.csv|configs/prd_8class_unified_manifest_v1.csv|configs/prd_8class_unified_manifest_v2.csv,1
../fashion_data/raw/fashionpedia/images/test/d15a9ee27ee2180fee5ba2447d6c7939.jpg,fashionpedia_ann_7787,bag,Fashionpedia,train_or_training_source,1,configs/prd_8class_train_v2.csv,1
../fashion_data/raw/fashionpedia/images/test/d286a435e6e15637c797d692d07fd385.jpg,fashionpedia_ann_3890,shoe,Fashionpedia,train_or_training_source,1,configs/prd_8class_train_v2.csv,1
../fashion_data/raw/fashionpedia/images/test/d286a435e6e15637c797d692d07fd385.jpg,fashionpedia_ann_3892,bag,Fashionpedia,train_or_training_source,1,configs/prd_8class_train_v2.csv,1
../fashion_data/raw/fashionpedia/images/test/d2eb58326f2ae516be70ba3132c4fd59.jpg,fashionpedia_ann_1070,shoe,Fashionpedia,train_or_training_source,1,configs/prd_8class_train_v2.csv,1
../fashion_data/raw/fashionpedia/images/test/d47fd4ffb3f8559ed563d59f03507e98.jpg,fashionpedia_ann_3899,accessory,Fashionpedia,train_or_training_source,1,configs/prd_8class_train_v2.csv,1
../fashion_data/raw/fashionpedia/images/test/d47fd4ffb3f8559ed563d59f03507e98.jpg,fashionpedia_ann_3901,bag,Fashionpedia,train_or_training_source,1,configs/prd_8class_train_v2.csv,1
../fashion_data/raw/fashionpedia/images/test/d47fd4ffb3f8559ed563d59f03507e98.jpg,fashionpedia_ann_3903,shoe,Fashionpedia,train_or_training_source,1,configs/prd_8class_train_v2.csv,1
../fashion_data/raw/fashionpedia/images/test/d50d3a6538824799818bb76fd16dbeef.jpg,fashionpedia_ann_1536,bag,Fashionpedia,train_or_training_source,1,configs/prd_8class_train_v2.csv,1
../fashion_data/raw/fashionpedia/images/test/d5c1ce96e0780de7d0255958db531baf.jpg,fashionpedia_ann_4456,bag,Fashionpedia,train_or_training_source,1,configs/prd_8class_train_v2.csv,1
../fashion_data/raw/fashionpedia/images/test/d5d759731757fdef16a804321d4375ae.jpg,fashionpedia_ann_1391,bag,Fashionpedia,train_or_training_source,1,configs/prd_8class_train_v2.csv,1
../fashion_data/raw/fashionpedia/images/test/d683721cb2d79128cdb41958953d67c3.jpg,fashionpedia_ann_8595,bag,Fashionpedia,train_or_training_source,1,configs/prd_8class_train_v2.csv,1
../fashion_data/raw/fashionpedia/images/test/d7da3cf290a8f293ed39dff8ed1ef376.jpg,fashionpedia_ann_8049,bag,Fashionpedia,train_or_training_source,1,configs/prd_8class_train_v2.csv,1
../fashion_data/raw/fashionpedia/images/test/d9ff0d53e1e06bdb6e954700cbaea4c1.jpg,fashionpedia_ann_420,bag,Fashionpedia,train_or_training_source,1,configs/prd_8class_train_v2.csv,1
../fashion_data/raw/fashionpedia/images/test/d9ff0d53e1e06bdb6e954700cbaea4c1.jpg,fashionpedia_ann_423,shoe,Fashionpedia,development_or_diagnostic|train_or_training_source|unknown_or_auxiliary,4,configs/fashionpedia_missing3_pilot_manifest_v1.csv|configs/prd_8class_train_v1.csv|configs/prd_8class_unified_manifest_v1.csv|configs/prd_8class_unified_manifest_v2.csv,1
../fashion_data/raw/fashionpedia/images/test/dae66883f57f31d10cc286784a042c35.jpg,fashionpedia_ann_6470,shoe,Fashionpedia,train_or_training_source,1,configs/prd_8class_train_v2.csv,1
../fashion_data/raw/fashionpedia/images/test/dd4525a10b6110df29f0a6b19e6b924b.jpg,fashionpedia_ann_2759,accessory,Fashionpedia,development_or_diagnostic|unknown_or_auxiliary,10,configs/fashionpedia_missing3_pilot_manifest_v1.csv|configs/prd_3_1_ablation_A_gtbbox_gtmask_v1.csv|configs/prd_3_1_ablation_B_predbbox_predmask_v1.csv|configs/prd_3_1_ablation_C_gtbbox_predmask_v1.csv|configs/prd_3_1_ablation_D_predbbox_gtmask_v1.csv|configs/prd_3_1_predicted_roi_fullval_matched_v1.csv|configs/prd_3_1_predicted_roi_matched_v1.csv|configs/prd_8class_unified_manifest_v1.csv|configs/prd_8class_unified_manifest_v2.csv|configs/prd_8class_val_v1.csv,1
../fashion_data/raw/fashionpedia/images/test/dd705f8d03d3937ebce0f547737b5bb1.jpg,fashionpedia_ann_1253,bag,Fashionpedia,train_or_training_source,1,configs/prd_8class_train_v2.csv,1
../fashion_data/raw/fashionpedia/images/test/de3b47ed616028f8ca462583f6f30059.jpg,fashionpedia_ann_3218,shoe,Fashionpedia,train_or_training_source,1,configs/prd_8class_train_v2.csv,1
../fashion_data/raw/fashionpedia/images/test/de8af016793ce1f2170e1ae785ed78ee.jpg,fashionpedia_ann_6545,bag,Fashionpedia,development_or_diagnostic|train_or_training_source|unknown_or_auxiliary,5,configs/fashionpedia_missing3_pilot_manifest_v1.csv|configs/prd_8class_train_v1.csv|configs/prd_8class_train_v2.csv|configs/prd_8class_unified_manifest_v1.csv|configs/prd_8class_unified_manifest_v2.csv,1
../fashion_data/raw/fashionpedia/images/test/deab9c33ce187b69cff3e1b226ddd8ac.jpg,fashionpedia_ann_1106,bag,Fashionpedia,train_or_training_source,1,configs/prd_8class_train_v2.csv,1
../fashion_data/raw/fashionpedia/images/test/deab9c33ce187b69cff3e1b226ddd8ac.jpg,fashionpedia_ann_1107,shoe,Fashionpedia,train_or_training_source,1,configs/prd_8class_train_v2.csv,1
../fashion_data/raw/fashionpedia/images/test/df9a2621439cbb8c39ed47a9072864c4.jpg,fashionpedia_ann_952,shoe,Fashionpedia,train_or_training_source,1,configs/prd_8class_train_v2.csv,1
../fashion_data/raw/fashionpedia/images/test/e1f4adf88b71b15a4aaa6a32c6fa0d4a.jpg,fashionpedia_ann_1742,shoe,Fashionpedia,train_or_training_source,1,configs/prd_8class_train_v2.csv,1
../fashion_data/raw/fashionpedia/images/test/e2da13e8901b9733a8af384bf519762c.jpg,fashionpedia_ann_6487,accessory,Fashionpedia,train_or_training_source,1,configs/prd_8class_train_v2.csv,1
../fashion_data/raw/fashionpedia/images/test/e3336eb784f1530704eebfbd1fc94f07.jpg,fashionpedia_ann_2751,accessory,Fashionpedia,train_or_training_source,1,configs/prd_8class_train_v2.csv,1
../fashion_data/raw/fashionpedia/images/test/e4198845aa3c0139539ddf8714f9ecf8.jpg,fashionpedia_ann_655,shoe,Fashionpedia,train_or_training_source,1,configs/prd_8class_train_v2.csv,1
../fashion_data/raw/fashionpedia/images/test/e57c17d89b576bfd05ccce0c247dc6bd.jpg,fashionpedia_ann_5095,bag,Fashionpedia,development_or_diagnostic|train_or_training_source|unknown_or_auxiliary,4,configs/fashionpedia_missing3_pilot_manifest_v1.csv|configs/prd_8class_train_v1.csv|configs/prd_8class_unified_manifest_v1.csv|configs/prd_8class_unified_manifest_v2.csv,1
../fashion_data/raw/fashionpedia/images/test/e57c17d89b576bfd05ccce0c247dc6bd.jpg,fashionpedia_ann_5098,shoe,Fashionpedia,train_or_training_source,1,configs/prd_8class_train_v2.csv,1
../fashion_data/raw/fashionpedia/images/test/e712b9ad744015f1208a2b6eee27afcf.jpg,fashionpedia_ann_782,bag,Fashionpedia,train_or_training_source,1,configs/prd_8class_train_v2.csv,1
../fashion_data/raw/fashionpedia/images/test/e7bd5aa16c1acc64616bf60ea3aa0c36.jpg,fashionpedia_ann_6039,accessory,Fashionpedia,train_or_training_source,1,configs/prd_8class_train_v2.csv,1
../fashion_data/raw/fashionpedia/images/test/ec3d4bc8f46f26f1012ea9f2f43060b0.jpg,fashionpedia_ann_7356,bag,Fashionpedia,development_or_diagnostic|train_or_training_source|unknown_or_auxiliary,4,configs/fashionpedia_missing3_pilot_manifest_v1.csv|configs/prd_8class_train_v1.csv|configs/prd_8class_unified_manifest_v1.csv|configs/prd_8class_unified_manifest_v2.csv,1
../fashion_data/raw/fashionpedia/images/test/ef9dae290756a8dbcb1cde404da00a1a.jpg,fashionpedia_ann_2160,accessory,Fashionpedia,train_or_training_source,1,configs/prd_8class_train_v2.csv,1
../fashion_data/raw/fashionpedia/images/test/ef9dae290756a8dbcb1cde404da00a1a.jpg,fashionpedia_ann_2163,bag,Fashionpedia,train_or_training_source,1,configs/prd_8class_train_v2.csv,1
../fashion_data/raw/fashionpedia/images/test/ef9dae290756a8dbcb1cde404da00a1a.jpg,fashionpedia_ann_2164,shoe,Fashionpedia,train_or_training_source,1,configs/prd_8class_train_v2.csv,1
../fashion_data/raw/fashionpedia/images/test/efd0bee7ed5502dcf4e482ddd63c7042.jpg,fashionpedia_ann_6250,shoe,Fashionpedia,train_or_training_source,1,configs/prd_8class_train_v2.csv,1
../fashion_data/raw/fashionpedia/images/test/f06777ee045a0762aad3a7ec3111b864.jpg,fashionpedia_ann_3444,accessory,Fashionpedia,train_or_training_source,1,configs/prd_8class_train_v2.csv,1
../fashion_data/raw/fashionpedia/images/test/f084bd0f4fe67b11b0e3a8a64db58e7f.jpg,fashionpedia_ann_3822,bag,Fashionpedia,train_or_training_source,1,configs/prd_8class_train_v2.csv,1
../fashion_data/raw/fashionpedia/images/test/f17fd9050a7d16a084f93c11b8506bb5.jpg,fashionpedia_ann_5111,shoe,Fashionpedia,train_or_training_source,1,configs/prd_8class_train_v2.csv,1
../fashion_data/raw/fashionpedia/images/test/f34e07c4b4f56e31d7ccc19ad83de29b.jpg,fashionpedia_ann_312,shoe,Fashionpedia,train_or_training_source,1,configs/prd_8class_train_v2.csv,1
../fashion_data/raw/fashionpedia/images/test/f417b7fde41f52411bd9b4eca0e65db4.jpg,fashionpedia_ann_4853,accessory,Fashionpedia,train_or_training_source,1,configs/prd_8class_train_v2.csv,1
../fashion_data/raw/fashionpedia/images/test/f4bf2404ce69fae4d8308a0c12c9c6fa.jpg,fashionpedia_ann_8062,accessory,Fashionpedia,train_or_training_source,1,configs/prd_8class_train_v2.csv,1
../fashion_data/raw/fashionpedia/images/test/f71e5303f0a10b85bf4bbc6c9cbee1ab.jpg,fashionpedia_ann_1775,accessory,Fashionpedia,train_or_training_source,1,configs/prd_8class_train_v2.csv,1
../fashion_data/raw/fashionpedia/images/test/f767f960131554afda3064a73f90e9f8.jpg,fashionpedia_ann_8242,bag,Fashionpedia,train_or_training_source,1,configs/prd_8class_train_v2.csv,1
../fashion_data/raw/fashionpedia/images/test/f85cf6884f138a76a79ee883372007a8.jpg,fashionpedia_ann_7627,shoe,Fashionpedia,development_or_diagnostic|train_or_training_source|unknown_or_auxiliary,4,configs/fashionpedia_missing3_pilot_manifest_v1.csv|configs/prd_8class_train_v1.csv|configs/prd_8class_unified_manifest_v1.csv|configs/prd_8class_unified_manifest_v2.csv,1
../fashion_data/raw/fashionpedia/images/test/f89405533537dc196ae40e5ec36b2b08.jpg,fashionpedia_ann_4478,accessory,Fashionpedia,train_or_training_source,1,configs/prd_8class_train_v2.csv,1
../fashion_data/raw/fashionpedia/images/test/f89405533537dc196ae40e5ec36b2b08.jpg,fashionpedia_ann_4488,bag,Fashionpedia,train_or_training_source,1,configs/prd_8class_train_v2.csv,1
../fashion_data/raw/fashionpedia/images/test/f94473431eecc5ca5f6434ee413fc2d0.jpg,fashionpedia_ann_6387,shoe,Fashionpedia,train_or_training_source,1,configs/prd_8class_train_v2.csv,1
../fashion_data/raw/fashionpedia/images/test/fa6fe8a772afec21850eaf4cf5fc72fd.jpg,fashionpedia_ann_6160,bag,Fashionpedia,train_or_training_source,1,configs/prd_8class_train_v2.csv,1
../fashion_data/raw/fashionpedia/images/test/fa9d0d5edd31d61640e21fafc6aaa2c2.jpg,fashionpedia_ann_2276,bag,Fashionpedia,train_or_training_source,1,configs/prd_8class_train_v2.csv,1
../fashion_data/raw/fashionpedia/images/test/fac6412c2873388612c4ec4cda414ac6.jpg,fashionpedia_ann_7326,bag,Fashionpedia,development_or_diagnostic|unknown_or_auxiliary,4,configs/fashionpedia_missing3_pilot_manifest_v1.csv|configs/prd_8class_unified_manifest_v1.csv|configs/prd_8class_unified_manifest_v2.csv|configs/prd_8class_val_v1.csv,1
../fashion_data/raw/fashionpedia/images/test/fad1a9c9583ecdcf383d47d322fbc53a.jpg,fashionpedia_ann_7092,bag,Fashionpedia,train_or_training_source,1,configs/prd_8class_train_v2.csv,1
../fashion_data/raw/fashionpedia/images/test/fb24ea2a89e0ec6dc4b093ccbb2fc743.jpg,fashionpedia_ann_5070,accessory,Fashionpedia,train_or_training_source,1,configs/prd_8class_train_v2.csv,1
../fashion_data/raw/fashionpedia/images/test/fb24ea2a89e0ec6dc4b093ccbb2fc743.jpg,fashionpedia_ann_5071,accessory,Fashionpedia,development_or_diagnostic|train_or_training_source|unknown_or_auxiliary,4,configs/fashionpedia_missing3_pilot_manifest_v1.csv|configs/prd_8class_train_v1.csv|configs/prd_8class_unified_manifest_v1.csv|configs/prd_8class_unified_manifest_v2.csv,1
../fashion_data/raw/fashionpedia/images/test/fcc71ab647c43d3bdae6ba5e9349464d.jpg,fashionpedia_ann_516,accessory,Fashionpedia,train_or_training_source,1,configs/prd_8class_train_v2.csv,1
../fashion_data/raw/fashionpedia/images/test/fd860a8100f35a28da87cec4c565ecdd.jpg,fashionpedia_ann_1408,accessory,Fashionpedia,train_or_training_source,1,configs/prd_8class_train_v2.csv,1
../fashion_data/raw/fashionpedia/images/test/feaf57ce6d6018c613fc1e6646eb8d61.jpg,fashionpedia_ann_3067,bag,Fashionpedia,train_or_training_source,1,configs/prd_8class_train_v2.csv,1
../fashion_data/raw/fashionpedia/images/test/fffea54b50ac7e4bf24688c8614a5f27.jpg,fashionpedia_ann_6336,bag,Fashionpedia,train_or_training_source,1,configs/prd_8class_train_v2.csv,1
../fashion_data/raw/train/train/image/000001.jpg,garment_01,top,,unknown_or_auxiliary,1,configs/garment_instances_template.csv,1
../fashion_data/raw/train/train/image/000001.jpg,garment_02,pants,,unknown_or_auxiliary,1,configs/garment_instances_template.csv,1
../fashion_data/raw/train/train/image/000001.jpg,item1_short_sleeve_top,top,,development_or_diagnostic,1,configs/garment_instances_gt_pilot.csv,1
../fashion_data/raw/train/train/image/000001.jpg,item2_trousers,pants,,development_or_diagnostic,1,configs/garment_instances_gt_pilot.csv,1
../fashion_data/raw/train/train/image/002278.jpg,item1_sling_dress,dress,DeepFashion2,development_or_diagnostic|unknown_or_auxiliary,4,configs/garment_instances_gt_pilot_100.csv|configs/prd_8class_unified_manifest_v1.csv|configs/prd_8class_unified_manifest_v2.csv|configs/prd_8class_val_v1.csv,1
../fashion_data/raw/train/train/image/004462.jpg,item1_vest_dress,dress,,development_or_diagnostic,1,configs/garment_instances_gt_pilot_20.csv,1
../fashion_data/raw/train/train/image/004648.jpg,item1_vest_dress,dress,DeepFashion2,development_or_diagnostic|unknown_or_auxiliary,9,configs/garment_instances_gt_pilot_100.csv|configs/prd_3_1_ablation_A_gtbbox_gtmask_v1.csv|configs/prd_3_1_ablation_B_predbbox_predmask_v1.csv|configs/prd_3_1_ablation_C_gtbbox_predmask_v1.csv|configs/prd_3_1_ablation_D_predbbox_gtmask_v1.csv|configs/prd_3_1_predicted_roi_fullval_matched_v1.csv|configs/prd_8class_unified_manifest_v1.csv|configs/prd_8class_unified_manifest_v2.csv|configs/prd_8class_val_v1.csv,1
../fashion_data/raw/train/train/image/006491.jpg,item1_sling_dress,dress,DeepFashion2,development_or_diagnostic|train_or_training_source|unknown_or_auxiliary,5,configs/garment_instances_gt_pilot_100.csv|configs/prd_8class_train_v1.csv|configs/prd_8class_train_v2.csv|configs/prd_8class_unified_manifest_v1.csv|configs/prd_8class_unified_manifest_v2.csv,1
../fashion_data/raw/train/train/image/007984.jpg,item1_short_sleeve_dress,dress,DeepFashion2,development_or_diagnostic|train_or_training_source|unknown_or_auxiliary,5,configs/garment_instances_gt_pilot_100.csv|configs/prd_8class_train_v1.csv|configs/prd_8class_train_v2.csv|configs/prd_8class_unified_manifest_v1.csv|configs/prd_8class_unified_manifest_v2.csv,1
../fashion_data/raw/train/train/image/010492.jpg,item1_short_sleeve_top,top,,development_or_diagnostic,1,configs/garment_instances_gt_pilot_20.csv,1
../fashion_data/raw/train/train/image/010492.jpg,item2_shorts,pants,,development_or_diagnostic,1,configs/garment_instances_gt_pilot_20.csv,1
../fashion_data/raw/train/train/image/011261.jpg,item1_trousers,pants,DeepFashion2,development_or_diagnostic|train_or_training_source|unknown_or_auxiliary,5,configs/garment_instances_gt_pilot_100.csv|configs/prd_8class_train_v1.csv|configs/prd_8class_train_v2.csv|configs/prd_8class_unified_manifest_v1.csv|configs/prd_8class_unified_manifest_v2.csv,1
../fashion_data/raw/train/train/image/011261.jpg,item2_long_sleeve_top,top,DeepFashion2,development_or_diagnostic|train_or_training_source|unknown_or_auxiliary,5,configs/garment_instances_gt_pilot_100.csv|configs/prd_8class_train_v1.csv|configs/prd_8class_train_v2.csv|configs/prd_8class_unified_manifest_v1.csv|configs/prd_8class_unified_manifest_v2.csv,1
../fashion_data/raw/train/train/image/012116.jpg,item1_short_sleeve_top,top,DeepFashion2,development_or_diagnostic|train_or_training_source|unknown_or_auxiliary,5,configs/garment_instances_gt_pilot_100.csv|configs/prd_8class_train_v1.csv|configs/prd_8class_train_v2.csv|configs/prd_8class_unified_manifest_v1.csv|configs/prd_8class_unified_manifest_v2.csv,1
../fashion_data/raw/train/train/image/012116.jpg,item2_trousers,pants,DeepFashion2,development_or_diagnostic|train_or_training_source|unknown_or_auxiliary,5,configs/garment_instances_gt_pilot_100.csv|configs/prd_8class_train_v1.csv|configs/prd_8class_train_v2.csv|configs/prd_8class_unified_manifest_v1.csv|configs/prd_8class_unified_manifest_v2.csv,1
../fashion_data/raw/train/train/image/012707.jpg,item1_long_sleeve_top,top,DeepFashion2,development_or_diagnostic|train_or_training_source|unknown_or_auxiliary,5,configs/garment_instances_gt_pilot_100.csv|configs/prd_8class_train_v1.csv|configs/prd_8class_train_v2.csv|configs/prd_8class_unified_manifest_v1.csv|configs/prd_8class_unified_manifest_v2.csv,1
../fashion_data/raw/train/train/image/012707.jpg,item2_trousers,pants,DeepFashion2,development_or_diagnostic|train_or_training_source|unknown_or_auxiliary,5,configs/garment_instances_gt_pilot_100.csv|configs/prd_8class_train_v1.csv|configs/prd_8class_train_v2.csv|configs/prd_8class_unified_manifest_v1.csv|configs/prd_8class_unified_manifest_v2.csv,1
../fashion_data/raw/train/train/image/013010.jpg,item1_short_sleeve_top,top,DeepFashion2,development_or_diagnostic|unknown_or_auxiliary,9,configs/garment_instances_gt_pilot_100.csv|configs/prd_3_1_ablation_A_gtbbox_gtmask_v1.csv|configs/prd_3_1_ablation_B_predbbox_predmask_v1.csv|configs/prd_3_1_ablation_C_gtbbox_predmask_v1.csv|configs/prd_3_1_ablation_D_predbbox_gtmask_v1.csv|configs/prd_3_1_predicted_roi_fullval_matched_v1.csv|configs/prd_8class_unified_manifest_v1.csv|configs/prd_8class_unified_manifest_v2.csv|configs/prd_8class_val_v1.csv,1
../fashion_data/raw/train/train/image/013010.jpg,item2_trousers,pants,DeepFashion2,development_or_diagnostic|unknown_or_auxiliary,4,configs/garment_instances_gt_pilot_100.csv|configs/prd_8class_unified_manifest_v1.csv|configs/prd_8class_unified_manifest_v2.csv|configs/prd_8class_val_v1.csv,1
../fashion_data/raw/train/train/image/014031.jpg,item1_short_sleeve_top,top,DeepFashion2,development_or_diagnostic|train_or_training_source|unknown_or_auxiliary,5,configs/garment_instances_gt_pilot_100.csv|configs/prd_8class_train_v1.csv|configs/prd_8class_train_v2.csv|configs/prd_8class_unified_manifest_v1.csv|configs/prd_8class_unified_manifest_v2.csv,1
../fashion_data/raw/train/train/image/014031.jpg,item2_skirt,skirt,DeepFashion2,development_or_diagnostic|train_or_training_source|unknown_or_auxiliary,5,configs/garment_instances_gt_pilot_100.csv|configs/prd_8class_train_v1.csv|configs/prd_8class_train_v2.csv|configs/prd_8class_unified_manifest_v1.csv|configs/prd_8class_unified_manifest_v2.csv,1
../fashion_data/raw/train/train/image/015031.jpg,item1_short_sleeve_dress,dress,DeepFashion2,development_or_diagnostic|unknown_or_auxiliary,9,configs/garment_instances_gt_pilot_100.csv|configs/prd_3_1_ablation_A_gtbbox_gtmask_v1.csv|configs/prd_3_1_ablation_B_predbbox_predmask_v1.csv|configs/prd_3_1_ablation_C_gtbbox_predmask_v1.csv|configs/prd_3_1_ablation_D_predbbox_gtmask_v1.csv|configs/prd_3_1_predicted_roi_fullval_matched_v1.csv|configs/prd_8class_unified_manifest_v1.csv|configs/prd_8class_unified_manifest_v2.csv|configs/prd_8class_val_v1.csv,1
../fashion_data/raw/train/train/image/016342.jpg,item1_long_sleeve_top,top,,development_or_diagnostic,1,configs/garment_instances_gt_pilot_20.csv,1
../fashion_data/raw/train/train/image/016342.jpg,item2_trousers,pants,,development_or_diagnostic,1,configs/garment_instances_gt_pilot_20.csv,1
../fashion_data/raw/train/train/image/019779.jpg,item1_short_sleeve_dress,dress,DeepFashion2,development_or_diagnostic|unknown_or_auxiliary,4,configs/garment_instances_gt_pilot_100.csv|configs/prd_8class_unified_manifest_v1.csv|configs/prd_8class_unified_manifest_v2.csv|configs/prd_8class_val_v1.csv,1
../fashion_data/raw/train/train/image/019817.jpg,item1_short_sleeve_top,top,DeepFashion2,development_or_diagnostic|train_or_training_source|unknown_or_auxiliary,5,configs/garment_instances_gt_pilot_100.csv|configs/prd_8class_train_v1.csv|configs/prd_8class_train_v2.csv|configs/prd_8class_unified_manifest_v1.csv|configs/prd_8class_unified_manifest_v2.csv,1
../fashion_data/raw/train/train/image/024726.jpg,item1_vest_dress,dress,DeepFashion2,development_or_diagnostic|train_or_training_source|unknown_or_auxiliary,5,configs/garment_instances_gt_pilot_100.csv|configs/prd_8class_train_v1.csv|configs/prd_8class_train_v2.csv|configs/prd_8class_unified_manifest_v1.csv|configs/prd_8class_unified_manifest_v2.csv,1
../fashion_data/raw/train/train/image/026915.jpg,item1_short_sleeve_top,top,,development_or_diagnostic,1,configs/garment_instances_gt_pilot_20.csv,1
../fashion_data/raw/train/train/image/026915.jpg,item2_trousers,pants,,development_or_diagnostic,1,configs/garment_instances_gt_pilot_20.csv,1
../fashion_data/raw/train/train/image/027157.jpg,item1_long_sleeve_top,top,,development_or_diagnostic,1,configs/garment_instances_gt_pilot_20.csv,1
../fashion_data/raw/train/train/image/028454.jpg,item1_short_sleeve_dress,dress,DeepFashion2,development_or_diagnostic|train_or_training_source|unknown_or_auxiliary,5,configs/garment_instances_gt_pilot_100.csv|configs/prd_8class_train_v1.csv|configs/prd_8class_train_v2.csv|configs/prd_8class_unified_manifest_v1.csv|configs/prd_8class_unified_manifest_v2.csv,1
../fashion_data/raw/train/train/image/028454.jpg,item2_trousers,pants,DeepFashion2,development_or_diagnostic|train_or_training_source|unknown_or_auxiliary,5,configs/garment_instances_gt_pilot_100.csv|configs/prd_8class_train_v1.csv|configs/prd_8class_train_v2.csv|configs/prd_8class_unified_manifest_v1.csv|configs/prd_8class_unified_manifest_v2.csv,1
../fashion_data/raw/train/train/image/029899.jpg,item1_short_sleeve_dress,dress,,development_or_diagnostic,1,configs/garment_instances_gt_pilot_20.csv,1
../fashion_data/raw/train/train/image/030559.jpg,item1_long_sleeve_dress,dress,DeepFashion2,development_or_diagnostic|train_or_training_source|unknown_or_auxiliary,5,configs/garment_instances_gt_pilot_100.csv|configs/prd_8class_train_v1.csv|configs/prd_8class_train_v2.csv|configs/prd_8class_unified_manifest_v1.csv|configs/prd_8class_unified_manifest_v2.csv,1
../fashion_data/raw/train/train/image/030559.jpg,item2_long_sleeve_dress,dress,DeepFashion2,development_or_diagnostic|train_or_training_source|unknown_or_auxiliary,5,configs/garment_instances_gt_pilot_100.csv|configs/prd_8class_train_v1.csv|configs/prd_8class_train_v2.csv|configs/prd_8class_unified_manifest_v1.csv|configs/prd_8class_unified_manifest_v2.csv,1
../fashion_data/raw/train/train/image/030847.jpg,item1_sling_dress,dress,DeepFashion2,development_or_diagnostic|train_or_training_source|unknown_or_auxiliary,5,configs/garment_instances_gt_pilot_100.csv|configs/prd_8class_train_v1.csv|configs/prd_8class_train_v2.csv|configs/prd_8class_unified_manifest_v1.csv|configs/prd_8class_unified_manifest_v2.csv,1
../fashion_data/raw/train/train/image/032014.jpg,item1_skirt,skirt,DeepFashion2,development_or_diagnostic|unknown_or_auxiliary,4,configs/garment_instances_gt_pilot_100.csv|configs/prd_8class_unified_manifest_v1.csv|configs/prd_8class_unified_manifest_v2.csv|configs/prd_8class_val_v1.csv,1
../fashion_data/raw/train/train/image/033528.jpg,item1_trousers,pants,DeepFashion2,development_or_diagnostic|train_or_training_source|unknown_or_auxiliary,5,configs/garment_instances_gt_pilot_100.csv|configs/prd_8class_train_v1.csv|configs/prd_8class_train_v2.csv|configs/prd_8class_unified_manifest_v1.csv|configs/prd_8class_unified_manifest_v2.csv,1
../fashion_data/raw/train/train/image/033528.jpg,item2_short_sleeve_top,top,DeepFashion2,development_or_diagnostic|train_or_training_source|unknown_or_auxiliary,5,configs/garment_instances_gt_pilot_100.csv|configs/prd_8class_train_v1.csv|configs/prd_8class_train_v2.csv|configs/prd_8class_unified_manifest_v1.csv|configs/prd_8class_unified_manifest_v2.csv,1
../fashion_data/raw/train/train/image/033828.jpg,item1_shorts,pants,DeepFashion2,development_or_diagnostic|train_or_training_source|unknown_or_auxiliary,5,configs/garment_instances_gt_pilot_100.csv|configs/prd_8class_train_v1.csv|configs/prd_8class_train_v2.csv|configs/prd_8class_unified_manifest_v1.csv|configs/prd_8class_unified_manifest_v2.csv,1
../fashion_data/raw/train/train/image/033828.jpg,item2_long_sleeve_outwear,outerwear,DeepFashion2,development_or_diagnostic|train_or_training_source|unknown_or_auxiliary,5,configs/garment_instances_gt_pilot_100.csv|configs/prd_8class_train_v1.csv|configs/prd_8class_train_v2.csv|configs/prd_8class_unified_manifest_v1.csv|configs/prd_8class_unified_manifest_v2.csv,1
../fashion_data/raw/train/train/image/034287.jpg,item1_long_sleeve_outwear,outerwear,,development_or_diagnostic,1,configs/garment_instances_gt_pilot_20.csv,1
../fashion_data/raw/train/train/image/034287.jpg,item2_trousers,pants,,development_or_diagnostic,1,configs/garment_instances_gt_pilot_20.csv,1
../fashion_data/raw/train/train/image/039388.jpg,item1_trousers,pants,DeepFashion2,development_or_diagnostic|train_or_training_source|unknown_or_auxiliary,5,configs/garment_instances_gt_pilot_100.csv|configs/prd_8class_train_v1.csv|configs/prd_8class_train_v2.csv|configs/prd_8class_unified_manifest_v1.csv|configs/prd_8class_unified_manifest_v2.csv,1
../fashion_data/raw/train/train/image/039388.jpg,item2_short_sleeve_top,top,DeepFashion2,development_or_diagnostic|train_or_training_source|unknown_or_auxiliary,5,configs/garment_instances_gt_pilot_100.csv|configs/prd_8class_train_v1.csv|configs/prd_8class_train_v2.csv|configs/prd_8class_unified_manifest_v1.csv|configs/prd_8class_unified_manifest_v2.csv,1
../fashion_data/raw/train/train/image/040285.jpg,item1_skirt,skirt,,development_or_diagnostic,1,configs/garment_instances_gt_pilot_20.csv,1
../fashion_data/raw/train/train/image/040285.jpg,item2_long_sleeve_top,top,,development_or_diagnostic,1,configs/garment_instances_gt_pilot_20.csv,1
../fashion_data/raw/train/train/image/041727.jpg,item1_short_sleeve_top,top,DeepFashion2,development_or_diagnostic|train_or_training_source|unknown_or_auxiliary,5,configs/garment_instances_gt_pilot_100.csv|configs/prd_8class_train_v1.csv|configs/prd_8class_train_v2.csv|configs/prd_8class_unified_manifest_v1.csv|configs/prd_8class_unified_manifest_v2.csv,1
../fashion_data/raw/train/train/image/041727.jpg,item2_trousers,pants,DeepFashion2,development_or_diagnostic|train_or_training_source|unknown_or_auxiliary,5,configs/garment_instances_gt_pilot_100.csv|configs/prd_8class_train_v1.csv|configs/prd_8class_train_v2.csv|configs/prd_8class_unified_manifest_v1.csv|configs/prd_8class_unified_manifest_v2.csv,1
../fashion_data/raw/train/train/image/041765.jpg,item1_short_sleeve_top,top,,development_or_diagnostic,1,configs/garment_instances_gt_pilot_20.csv,1
../fashion_data/raw/train/train/image/041765.jpg,item2_skirt,skirt,,development_or_diagnostic,1,configs/garment_instances_gt_pilot_20.csv,1
../fashion_data/raw/train/train/image/043479.jpg,item1_vest_dress,dress,DeepFashion2,development_or_diagnostic|train_or_training_source|unknown_or_auxiliary,5,configs/garment_instances_gt_pilot_100.csv|configs/prd_8class_train_v1.csv|configs/prd_8class_train_v2.csv|configs/prd_8class_unified_manifest_v1.csv|configs/prd_8class_unified_manifest_v2.csv,1
../fashion_data/raw/train/train/image/043667.jpg,item1_long_sleeve_outwear,outerwear,DeepFashion2,development_or_diagnostic|train_or_training_source|unknown_or_auxiliary,5,configs/garment_instances_gt_pilot_100.csv|configs/prd_8class_train_v1.csv|configs/prd_8class_train_v2.csv|configs/prd_8class_unified_manifest_v1.csv|configs/prd_8class_unified_manifest_v2.csv,1
../fashion_data/raw/train/train/image/043667.jpg,item2_shorts,pants,DeepFashion2,development_or_diagnostic|train_or_training_source|unknown_or_auxiliary,5,configs/garment_instances_gt_pilot_100.csv|configs/prd_8class_train_v1.csv|configs/prd_8class_train_v2.csv|configs/prd_8class_unified_manifest_v1.csv|configs/prd_8class_unified_manifest_v2.csv,1
../fashion_data/raw/train/train/image/045372.jpg,item1_long_sleeve_outwear,outerwear,DeepFashion2,development_or_diagnostic|train_or_training_source|unknown_or_auxiliary,5,configs/garment_instances_gt_pilot_100.csv|configs/prd_8class_train_v1.csv|configs/prd_8class_train_v2.csv|configs/prd_8class_unified_manifest_v1.csv|configs/prd_8class_unified_manifest_v2.csv,1
../fashion_data/raw/train/train/image/045372.jpg,item2_trousers,pants,DeepFashion2,development_or_diagnostic|train_or_training_source|unknown_or_auxiliary,5,configs/garment_instances_gt_pilot_100.csv|configs/prd_8class_train_v1.csv|configs/prd_8class_train_v2.csv|configs/prd_8class_unified_manifest_v1.csv|configs/prd_8class_unified_manifest_v2.csv,1
../fashion_data/raw/train/train/image/047774.jpg,item1_long_sleeve_dress,dress,DeepFashion2,development_or_diagnostic|train_or_training_source|unknown_or_auxiliary,5,configs/garment_instances_gt_pilot_100.csv|configs/prd_8class_train_v1.csv|configs/prd_8class_train_v2.csv|configs/prd_8class_unified_manifest_v1.csv|configs/prd_8class_unified_manifest_v2.csv,1
../fashion_data/raw/train/train/image/049798.jpg,item1_skirt,skirt,DeepFashion2,development_or_diagnostic|train_or_training_source|unknown_or_auxiliary,5,configs/garment_instances_gt_pilot_100.csv|configs/prd_8class_train_v1.csv|configs/prd_8class_train_v2.csv|configs/prd_8class_unified_manifest_v1.csv|configs/prd_8class_unified_manifest_v2.csv,1
../fashion_data/raw/train/train/image/049798.jpg,item2_trousers,pants,DeepFashion2,development_or_diagnostic|train_or_training_source|unknown_or_auxiliary,5,configs/garment_instances_gt_pilot_100.csv|configs/prd_8class_train_v1.csv|configs/prd_8class_train_v2.csv|configs/prd_8class_unified_manifest_v1.csv|configs/prd_8class_unified_manifest_v2.csv,1
../fashion_data/raw/train/train/image/051719.jpg,item1_trousers,pants,DeepFashion2,development_or_diagnostic|unknown_or_auxiliary,10,configs/garment_instances_gt_pilot_100.csv|configs/prd_3_1_ablation_A_gtbbox_gtmask_v1.csv|configs/prd_3_1_ablation_B_predbbox_predmask_v1.csv|configs/prd_3_1_ablation_C_gtbbox_predmask_v1.csv|configs/prd_3_1_ablation_D_predbbox_gtmask_v1.csv|configs/prd_3_1_predicted_roi_fullval_matched_v1.csv|configs/prd_3_1_predicted_roi_matched_v1.csv|configs/prd_8class_unified_manifest_v1.csv|configs/prd_8class_unified_manifest_v2.csv|configs/prd_8class_val_v1.csv,1
../fashion_data/raw/train/train/image/054092.jpg,item1_shorts,pants,,development_or_diagnostic,1,configs/garment_instances_gt_pilot_20.csv,1
../fashion_data/raw/train/train/image/054092.jpg,item2_short_sleeve_top,top,,development_or_diagnostic,1,configs/garment_instances_gt_pilot_20.csv,1
../fashion_data/raw/train/train/image/056556.jpg,item1_long_sleeve_outwear,outerwear,DeepFashion2,development_or_diagnostic|train_or_training_source|unknown_or_auxiliary,5,configs/garment_instances_gt_pilot_100.csv|configs/prd_8class_train_v1.csv|configs/prd_8class_train_v2.csv|configs/prd_8class_unified_manifest_v1.csv|configs/prd_8class_unified_manifest_v2.csv,1
../fashion_data/raw/train/train/image/058225.jpg,item1_trousers,pants,DeepFashion2,development_or_diagnostic|train_or_training_source|unknown_or_auxiliary,5,configs/garment_instances_gt_pilot_100.csv|configs/prd_8class_train_v1.csv|configs/prd_8class_train_v2.csv|configs/prd_8class_unified_manifest_v1.csv|configs/prd_8class_unified_manifest_v2.csv,1
../fashion_data/raw/train/train/image/063238.jpg,item1_trousers,pants,DeepFashion2,development_or_diagnostic|train_or_training_source|unknown_or_auxiliary,5,configs/garment_instances_gt_pilot_100.csv|configs/prd_8class_train_v1.csv|configs/prd_8class_train_v2.csv|configs/prd_8class_unified_manifest_v1.csv|configs/prd_8class_unified_manifest_v2.csv,1
../fashion_data/raw/train/train/image/063238.jpg,item2_long_sleeve_top,top,DeepFashion2,development_or_diagnostic|train_or_training_source|unknown_or_auxiliary,5,configs/garment_instances_gt_pilot_100.csv|configs/prd_8class_train_v1.csv|configs/prd_8class_train_v2.csv|configs/prd_8class_unified_manifest_v1.csv|configs/prd_8class_unified_manifest_v2.csv,1
../fashion_data/raw/train/train/image/063723.jpg,item1_vest_dress,dress,DeepFashion2,development_or_diagnostic|train_or_training_source|unknown_or_auxiliary,5,configs/garment_instances_gt_pilot_100.csv|configs/prd_8class_train_v1.csv|configs/prd_8class_train_v2.csv|configs/prd_8class_unified_manifest_v1.csv|configs/prd_8class_unified_manifest_v2.csv,1
../fashion_data/raw/train/train/image/065162.jpg,item1_trousers,pants,DeepFashion2,development_or_diagnostic|train_or_training_source|unknown_or_auxiliary,5,configs/garment_instances_gt_pilot_100.csv|configs/prd_8class_train_v1.csv|configs/prd_8class_train_v2.csv|configs/prd_8class_unified_manifest_v1.csv|configs/prd_8class_unified_manifest_v2.csv,1
../fashion_data/raw/train/train/image/068031.jpg,item1_long_sleeve_top,top,DeepFashion2,development_or_diagnostic|train_or_training_source|unknown_or_auxiliary,5,configs/garment_instances_gt_pilot_100.csv|configs/prd_8class_train_v1.csv|configs/prd_8class_train_v2.csv|configs/prd_8class_unified_manifest_v1.csv|configs/prd_8class_unified_manifest_v2.csv,1
../fashion_data/raw/train/train/image/068031.jpg,item2_trousers,pants,DeepFashion2,development_or_diagnostic|train_or_training_source|unknown_or_auxiliary,5,configs/garment_instances_gt_pilot_100.csv|configs/prd_8class_train_v1.csv|configs/prd_8class_train_v2.csv|configs/prd_8class_unified_manifest_v1.csv|configs/prd_8class_unified_manifest_v2.csv,1
../fashion_data/raw/train/train/image/070475.jpg,item1_shorts,pants,DeepFashion2,development_or_diagnostic|train_or_training_source|unknown_or_auxiliary,5,configs/garment_instances_gt_pilot_100.csv|configs/prd_8class_train_v1.csv|configs/prd_8class_train_v2.csv|configs/prd_8class_unified_manifest_v1.csv|configs/prd_8class_unified_manifest_v2.csv,1
../fashion_data/raw/train/train/image/070475.jpg,item2_short_sleeve_top,top,DeepFashion2,development_or_diagnostic|train_or_training_source|unknown_or_auxiliary,5,configs/garment_instances_gt_pilot_100.csv|configs/prd_8class_train_v1.csv|configs/prd_8class_train_v2.csv|configs/prd_8class_unified_manifest_v1.csv|configs/prd_8class_unified_manifest_v2.csv,1
../fashion_data/raw/train/train/image/073497.jpg,item1_trousers,pants,DeepFashion2,development_or_diagnostic|unknown_or_auxiliary,10,configs/garment_instances_gt_pilot_100.csv|configs/prd_3_1_ablation_A_gtbbox_gtmask_v1.csv|configs/prd_3_1_ablation_B_predbbox_predmask_v1.csv|configs/prd_3_1_ablation_C_gtbbox_predmask_v1.csv|configs/prd_3_1_ablation_D_predbbox_gtmask_v1.csv|configs/prd_3_1_predicted_roi_fullval_matched_v1.csv|configs/prd_3_1_predicted_roi_matched_v1.csv|configs/prd_8class_unified_manifest_v1.csv|configs/prd_8class_unified_manifest_v2.csv|configs/prd_8class_val_v1.csv,1
../fashion_data/raw/train/train/image/073497.jpg,item2_short_sleeve_top,top,DeepFashion2,development_or_diagnostic|unknown_or_auxiliary,10,configs/garment_instances_gt_pilot_100.csv|configs/prd_3_1_ablation_A_gtbbox_gtmask_v1.csv|configs/prd_3_1_ablation_B_predbbox_predmask_v1.csv|configs/prd_3_1_ablation_C_gtbbox_predmask_v1.csv|configs/prd_3_1_ablation_D_predbbox_gtmask_v1.csv|configs/prd_3_1_predicted_roi_fullval_matched_v1.csv|configs/prd_3_1_predicted_roi_matched_v1.csv|configs/prd_8class_unified_manifest_v1.csv|configs/prd_8class_unified_manifest_v2.csv|configs/prd_8class_val_v1.csv,1
../fashion_data/raw/train/train/image/077117.jpg,item1_long_sleeve_top,top,,development_or_diagnostic,1,configs/garment_instances_gt_pilot_20.csv,1
../fashion_data/raw/train/train/image/077117.jpg,item2_trousers,pants,,development_or_diagnostic,1,configs/garment_instances_gt_pilot_20.csv,1
../fashion_data/raw/train/train/image/078693.jpg,item1_short_sleeve_top,top,DeepFashion2,development_or_diagnostic|train_or_training_source|unknown_or_auxiliary,5,configs/garment_instances_gt_pilot_100.csv|configs/prd_8class_train_v1.csv|configs/prd_8class_train_v2.csv|configs/prd_8class_unified_manifest_v1.csv|configs/prd_8class_unified_manifest_v2.csv,1
../fashion_data/raw/train/train/image/078693.jpg,item2_skirt,skirt,DeepFashion2,development_or_diagnostic|train_or_training_source|unknown_or_auxiliary,5,configs/garment_instances_gt_pilot_100.csv|configs/prd_8class_train_v1.csv|configs/prd_8class_train_v2.csv|configs/prd_8class_unified_manifest_v1.csv|configs/prd_8class_unified_manifest_v2.csv,1
../fashion_data/raw/train/train/image/079537.jpg,item1_shorts,pants,DeepFashion2,development_or_diagnostic|unknown_or_auxiliary,4,configs/garment_instances_gt_pilot_100.csv|configs/prd_8class_unified_manifest_v1.csv|configs/prd_8class_unified_manifest_v2.csv|configs/prd_8class_val_v1.csv,1
../fashion_data/raw/train/train/image/079537.jpg,item2_vest,top,DeepFashion2,development_or_diagnostic|unknown_or_auxiliary,10,configs/garment_instances_gt_pilot_100.csv|configs/prd_3_1_ablation_A_gtbbox_gtmask_v1.csv|configs/prd_3_1_ablation_B_predbbox_predmask_v1.csv|configs/prd_3_1_ablation_C_gtbbox_predmask_v1.csv|configs/prd_3_1_ablation_D_predbbox_gtmask_v1.csv|configs/prd_3_1_predicted_roi_fullval_matched_v1.csv|configs/prd_3_1_predicted_roi_matched_v1.csv|configs/prd_8class_unified_manifest_v1.csv|configs/prd_8class_unified_manifest_v2.csv|configs/prd_8class_val_v1.csv,1
../fashion_data/raw/train/train/image/085026.jpg,item1_vest_dress,dress,DeepFashion2,development_or_diagnostic|train_or_training_source|unknown_or_auxiliary,5,configs/garment_instances_gt_pilot_100.csv|configs/prd_8class_train_v1.csv|configs/prd_8class_train_v2.csv|configs/prd_8class_unified_manifest_v1.csv|configs/prd_8class_unified_manifest_v2.csv,1
../fashion_data/raw/train/train/image/087339.jpg,item1_trousers,pants,,development_or_diagnostic,1,configs/garment_instances_gt_pilot_20.csv,1
../fashion_data/raw/train/train/image/087339.jpg,item2_long_sleeve_top,top,,development_or_diagnostic,1,configs/garment_instances_gt_pilot_20.csv,1
../fashion_data/raw/train/train/image/089313.jpg,item1_sling_dress,dress,DeepFashion2,development_or_diagnostic|train_or_training_source|unknown_or_auxiliary,5,configs/garment_instances_gt_pilot_100.csv|configs/prd_8class_train_v1.csv|configs/prd_8class_train_v2.csv|configs/prd_8class_unified_manifest_v1.csv|configs/prd_8class_unified_manifest_v2.csv,1
../fashion_data/raw/train/train/image/092719.jpg,item1_long_sleeve_outwear,outerwear,DeepFashion2,development_or_diagnostic|unknown_or_auxiliary,4,configs/garment_instances_gt_pilot_100.csv|configs/prd_8class_unified_manifest_v1.csv|configs/prd_8class_unified_manifest_v2.csv|configs/prd_8class_val_v1.csv,1
../fashion_data/raw/train/train/image/095730.jpg,item1_shorts,pants,DeepFashion2,development_or_diagnostic|train_or_training_source|unknown_or_auxiliary,5,configs/garment_instances_gt_pilot_100.csv|configs/prd_8class_train_v1.csv|configs/prd_8class_train_v2.csv|configs/prd_8class_unified_manifest_v1.csv|configs/prd_8class_unified_manifest_v2.csv,1
../fashion_data/raw/train/train/image/096778.jpg,item1_short_sleeve_top,top,DeepFashion2,development_or_diagnostic|unknown_or_auxiliary,4,configs/garment_instances_gt_pilot_100.csv|configs/prd_8class_unified_manifest_v1.csv|configs/prd_8class_unified_manifest_v2.csv|configs/prd_8class_val_v1.csv,1
../fashion_data/raw/train/train/image/096778.jpg,item2_sling_dress,dress,DeepFashion2,development_or_diagnostic|unknown_or_auxiliary,10,configs/garment_instances_gt_pilot_100.csv|configs/prd_3_1_ablation_A_gtbbox_gtmask_v1.csv|configs/prd_3_1_ablation_B_predbbox_predmask_v1.csv|configs/prd_3_1_ablation_C_gtbbox_predmask_v1.csv|configs/prd_3_1_ablation_D_predbbox_gtmask_v1.csv|configs/prd_3_1_predicted_roi_fullval_matched_v1.csv|configs/prd_3_1_predicted_roi_matched_v1.csv|configs/prd_8class_unified_manifest_v1.csv|configs/prd_8class_unified_manifest_v2.csv|configs/prd_8class_val_v1.csv,1
../fashion_data/raw/train/train/image/096870.jpg,item1_long_sleeve_top,top,DeepFashion2,development_or_diagnostic|train_or_training_source|unknown_or_auxiliary,5,configs/garment_instances_gt_pilot_100.csv|configs/prd_8class_train_v1.csv|configs/prd_8class_train_v2.csv|configs/prd_8class_unified_manifest_v1.csv|configs/prd_8class_unified_manifest_v2.csv,1
../fashion_data/raw/train/train/image/096870.jpg,item2_trousers,pants,DeepFashion2,development_or_diagnostic|train_or_training_source|unknown_or_auxiliary,5,configs/garment_instances_gt_pilot_100.csv|configs/prd_8class_train_v1.csv|configs/prd_8class_train_v2.csv|configs/prd_8class_unified_manifest_v1.csv|configs/prd_8class_unified_manifest_v2.csv,1
../fashion_data/raw/train/train/image/098901.jpg,item1_trousers,pants,DeepFashion2,development_or_diagnostic|train_or_training_source|unknown_or_auxiliary,5,configs/garment_instances_gt_pilot_100.csv|configs/prd_8class_train_v1.csv|configs/prd_8class_train_v2.csv|configs/prd_8class_unified_manifest_v1.csv|configs/prd_8class_unified_manifest_v2.csv,1
../fashion_data/raw/train/train/image/098901.jpg,item2_long_sleeve_dress,dress,DeepFashion2,development_or_diagnostic|train_or_training_source|unknown_or_auxiliary,5,configs/garment_instances_gt_pilot_100.csv|configs/prd_8class_train_v1.csv|configs/prd_8class_train_v2.csv|configs/prd_8class_unified_manifest_v1.csv|configs/prd_8class_unified_manifest_v2.csv,1
../fashion_data/raw/train/train/image/100266.jpg,item1_short_sleeve_top,top,DeepFashion2,development_or_diagnostic|train_or_training_source|unknown_or_auxiliary,5,configs/garment_instances_gt_pilot_100.csv|configs/prd_8class_train_v1.csv|configs/prd_8class_train_v2.csv|configs/prd_8class_unified_manifest_v1.csv|configs/prd_8class_unified_manifest_v2.csv,1
../fashion_data/raw/train/train/image/100266.jpg,item2_skirt,skirt,DeepFashion2,development_or_diagnostic|train_or_training_source|unknown_or_auxiliary,5,configs/garment_instances_gt_pilot_100.csv|configs/prd_8class_train_v1.csv|configs/prd_8class_train_v2.csv|configs/prd_8class_unified_manifest_v1.csv|configs/prd_8class_unified_manifest_v2.csv,1
../fashion_data/raw/train/train/image/100840.jpg,item1_short_sleeve_dress,dress,DeepFashion2,development_or_diagnostic|train_or_training_source|unknown_or_auxiliary,5,configs/garment_instances_gt_pilot_100.csv|configs/prd_8class_train_v1.csv|configs/prd_8class_train_v2.csv|configs/prd_8class_unified_manifest_v1.csv|configs/prd_8class_unified_manifest_v2.csv,1
../fashion_data/raw/train/train/image/100840.jpg,item2_short_sleeve_dress,dress,DeepFashion2,development_or_diagnostic|train_or_training_source|unknown_or_auxiliary,5,configs/garment_instances_gt_pilot_100.csv|configs/prd_8class_train_v1.csv|configs/prd_8class_train_v2.csv|configs/prd_8class_unified_manifest_v1.csv|configs/prd_8class_unified_manifest_v2.csv,1
../fashion_data/raw/train/train/image/101034.jpg,item1_short_sleeve_top,top,DeepFashion2,development_or_diagnostic|unknown_or_auxiliary,10,configs/garment_instances_gt_pilot_100.csv|configs/prd_3_1_ablation_A_gtbbox_gtmask_v1.csv|configs/prd_3_1_ablation_B_predbbox_predmask_v1.csv|configs/prd_3_1_ablation_C_gtbbox_predmask_v1.csv|configs/prd_3_1_ablation_D_predbbox_gtmask_v1.csv|configs/prd_3_1_predicted_roi_fullval_matched_v1.csv|configs/prd_3_1_predicted_roi_matched_v1.csv|configs/prd_8class_unified_manifest_v1.csv|configs/prd_8class_unified_manifest_v2.csv|configs/prd_8class_val_v1.csv,1
../fashion_data/raw/train/train/image/101034.jpg,item2_sling_dress,dress,DeepFashion2,development_or_diagnostic|unknown_or_auxiliary,10,configs/garment_instances_gt_pilot_100.csv|configs/prd_3_1_ablation_A_gtbbox_gtmask_v1.csv|configs/prd_3_1_ablation_B_predbbox_predmask_v1.csv|configs/prd_3_1_ablation_C_gtbbox_predmask_v1.csv|configs/prd_3_1_ablation_D_predbbox_gtmask_v1.csv|configs/prd_3_1_predicted_roi_fullval_matched_v1.csv|configs/prd_3_1_predicted_roi_matched_v1.csv|configs/prd_8class_unified_manifest_v1.csv|configs/prd_8class_unified_manifest_v2.csv|configs/prd_8class_val_v1.csv,1
../fashion_data/raw/train/train/image/105966.jpg,item1_long_sleeve_outwear,outerwear,,development_or_diagnostic,1,configs/garment_instances_gt_pilot_20.csv,1
../fashion_data/raw/train/train/image/105966.jpg,item2_trousers,pants,,development_or_diagnostic,1,configs/garment_instances_gt_pilot_20.csv,1
../fashion_data/raw/train/train/image/106191.jpg,item1_short_sleeve_top,top,DeepFashion2,development_or_diagnostic|train_or_training_source|unknown_or_auxiliary,5,configs/garment_instances_gt_pilot_100.csv|configs/prd_8class_train_v1.csv|configs/prd_8class_train_v2.csv|configs/prd_8class_unified_manifest_v1.csv|configs/prd_8class_unified_manifest_v2.csv,1
../fashion_data/raw/train/train/image/106191.jpg,item2_skirt,skirt,DeepFashion2,development_or_diagnostic|train_or_training_source|unknown_or_auxiliary,5,configs/garment_instances_gt_pilot_100.csv|configs/prd_8class_train_v1.csv|configs/prd_8class_train_v2.csv|configs/prd_8class_unified_manifest_v1.csv|configs/prd_8class_unified_manifest_v2.csv,1
../fashion_data/raw/train/train/image/106726.jpg,item1_short_sleeve_top,top,DeepFashion2,development_or_diagnostic|train_or_training_source|unknown_or_auxiliary,5,configs/garment_instances_gt_pilot_100.csv|configs/prd_8class_train_v1.csv|configs/prd_8class_train_v2.csv|configs/prd_8class_unified_manifest_v1.csv|configs/prd_8class_unified_manifest_v2.csv,1
../fashion_data/raw/train/train/image/107966.jpg,item1_vest_dress,dress,DeepFashion2,development_or_diagnostic|train_or_training_source|unknown_or_auxiliary,5,configs/garment_instances_gt_pilot_100.csv|configs/prd_8class_train_v1.csv|configs/prd_8class_train_v2.csv|configs/prd_8class_unified_manifest_v1.csv|configs/prd_8class_unified_manifest_v2.csv,1
../fashion_data/raw/train/train/image/109289.jpg,item1_vest_dress,dress,DeepFashion2,development_or_diagnostic|train_or_training_source|unknown_or_auxiliary,5,configs/garment_instances_gt_pilot_100.csv|configs/prd_8class_train_v1.csv|configs/prd_8class_train_v2.csv|configs/prd_8class_unified_manifest_v1.csv|configs/prd_8class_unified_manifest_v2.csv,1
../fashion_data/raw/train/train/image/114238.jpg,item1_long_sleeve_outwear,outerwear,DeepFashion2,development_or_diagnostic|unknown_or_auxiliary,10,configs/garment_instances_gt_pilot_100.csv|configs/prd_3_1_ablation_A_gtbbox_gtmask_v1.csv|configs/prd_3_1_ablation_B_predbbox_predmask_v1.csv|configs/prd_3_1_ablation_C_gtbbox_predmask_v1.csv|configs/prd_3_1_ablation_D_predbbox_gtmask_v1.csv|configs/prd_3_1_predicted_roi_fullval_matched_v1.csv|configs/prd_3_1_predicted_roi_matched_v1.csv|configs/prd_8class_unified_manifest_v1.csv|configs/prd_8class_unified_manifest_v2.csv|configs/prd_8class_val_v1.csv,1
../fashion_data/raw/train/train/image/114238.jpg,item2_skirt,skirt,DeepFashion2,development_or_diagnostic|unknown_or_auxiliary,4,configs/garment_instances_gt_pilot_100.csv|configs/prd_8class_unified_manifest_v1.csv|configs/prd_8class_unified_manifest_v2.csv|configs/prd_8class_val_v1.csv,1
../fashion_data/raw/train/train/image/114612.jpg,item1_long_sleeve_outwear,outerwear,DeepFashion2,development_or_diagnostic|train_or_training_source|unknown_or_auxiliary,5,configs/garment_instances_gt_pilot_100.csv|configs/prd_8class_train_v1.csv|configs/prd_8class_train_v2.csv|configs/prd_8class_unified_manifest_v1.csv|configs/prd_8class_unified_manifest_v2.csv,1
../fashion_data/raw/train/train/image/114803.jpg,item1_short_sleeve_top,top,DeepFashion2,development_or_diagnostic|train_or_training_source|unknown_or_auxiliary,5,configs/garment_instances_gt_pilot_100.csv|configs/prd_8class_train_v1.csv|configs/prd_8class_train_v2.csv|configs/prd_8class_unified_manifest_v1.csv|configs/prd_8class_unified_manifest_v2.csv,1
../fashion_data/raw/train/train/image/115186.jpg,item1_short_sleeve_top,top,DeepFashion2,development_or_diagnostic|train_or_training_source|unknown_or_auxiliary,5,configs/garment_instances_gt_pilot_100.csv|configs/prd_8class_train_v1.csv|configs/prd_8class_train_v2.csv|configs/prd_8class_unified_manifest_v1.csv|configs/prd_8class_unified_manifest_v2.csv,1
../fashion_data/raw/train/train/image/115186.jpg,item2_trousers,pants,DeepFashion2,development_or_diagnostic|train_or_training_source|unknown_or_auxiliary,5,configs/garment_instances_gt_pilot_100.csv|configs/prd_8class_train_v1.csv|configs/prd_8class_train_v2.csv|configs/prd_8class_unified_manifest_v1.csv|configs/prd_8class_unified_manifest_v2.csv,1
../fashion_data/raw/train/train/image/117170.jpg,item1_long_sleeve_outwear,outerwear,DeepFashion2,development_or_diagnostic|train_or_training_source|unknown_or_auxiliary,5,configs/garment_instances_gt_pilot_100.csv|configs/prd_8class_train_v1.csv|configs/prd_8class_train_v2.csv|configs/prd_8class_unified_manifest_v1.csv|configs/prd_8class_unified_manifest_v2.csv,1
../fashion_data/raw/train/train/image/117170.jpg,item2_trousers,pants,DeepFashion2,development_or_diagnostic|train_or_training_source|unknown_or_auxiliary,5,configs/garment_instances_gt_pilot_100.csv|configs/prd_8class_train_v1.csv|configs/prd_8class_train_v2.csv|configs/prd_8class_unified_manifest_v1.csv|configs/prd_8class_unified_manifest_v2.csv,1
../fashion_data/raw/train/train/image/117350.jpg,item1_trousers,pants,DeepFashion2,development_or_diagnostic|train_or_training_source|unknown_or_auxiliary,5,configs/garment_instances_gt_pilot_100.csv|configs/prd_8class_train_v1.csv|configs/prd_8class_train_v2.csv|configs/prd_8class_unified_manifest_v1.csv|configs/prd_8class_unified_manifest_v2.csv,1
../fashion_data/raw/train/train/image/117350.jpg,item2_short_sleeve_top,top,DeepFashion2,development_or_diagnostic|train_or_training_source|unknown_or_auxiliary,5,configs/garment_instances_gt_pilot_100.csv|configs/prd_8class_train_v1.csv|configs/prd_8class_train_v2.csv|configs/prd_8class_unified_manifest_v1.csv|configs/prd_8class_unified_manifest_v2.csv,1
../fashion_data/raw/train/train/image/117462.jpg,item1_short_sleeve_dress,dress,,development_or_diagnostic,1,configs/garment_instances_gt_pilot_20.csv,1
../fashion_data/raw/train/train/image/118838.jpg,item1_short_sleeve_top,top,DeepFashion2,development_or_diagnostic|train_or_training_source|unknown_or_auxiliary,5,configs/garment_instances_gt_pilot_100.csv|configs/prd_8class_train_v1.csv|configs/prd_8class_train_v2.csv|configs/prd_8class_unified_manifest_v1.csv|configs/prd_8class_unified_manifest_v2.csv,1
../fashion_data/raw/train/train/image/118838.jpg,item2_skirt,skirt,DeepFashion2,development_or_diagnostic|train_or_training_source|unknown_or_auxiliary,5,configs/garment_instances_gt_pilot_100.csv|configs/prd_8class_train_v1.csv|configs/prd_8class_train_v2.csv|configs/prd_8class_unified_manifest_v1.csv|configs/prd_8class_unified_manifest_v2.csv,1
../fashion_data/raw/train/train/image/120729.jpg,item1_long_sleeve_top,top,DeepFashion2,development_or_diagnostic|train_or_training_source|unknown_or_auxiliary,5,configs/garment_instances_gt_pilot_100.csv|configs/prd_8class_train_v1.csv|configs/prd_8class_train_v2.csv|configs/prd_8class_unified_manifest_v1.csv|configs/prd_8class_unified_manifest_v2.csv,1
../fashion_data/raw/train/train/image/120729.jpg,item2_sling_dress,dress,DeepFashion2,development_or_diagnostic|train_or_training_source|unknown_or_auxiliary,5,configs/garment_instances_gt_pilot_100.csv|configs/prd_8class_train_v1.csv|configs/prd_8class_train_v2.csv|configs/prd_8class_unified_manifest_v1.csv|configs/prd_8class_unified_manifest_v2.csv,1
../fashion_data/raw/train/train/image/124892.jpg,item1_short_sleeve_top,top,DeepFashion2,development_or_diagnostic|unknown_or_auxiliary,10,configs/garment_instances_gt_pilot_100.csv|configs/prd_3_1_ablation_A_gtbbox_gtmask_v1.csv|configs/prd_3_1_ablation_B_predbbox_predmask_v1.csv|configs/prd_3_1_ablation_C_gtbbox_predmask_v1.csv|configs/prd_3_1_ablation_D_predbbox_gtmask_v1.csv|configs/prd_3_1_predicted_roi_fullval_matched_v1.csv|configs/prd_3_1_predicted_roi_matched_v1.csv|configs/prd_8class_unified_manifest_v1.csv|configs/prd_8class_unified_manifest_v2.csv|configs/prd_8class_val_v1.csv,1
../fashion_data/raw/train/train/image/124892.jpg,item2_shorts,pants,DeepFashion2,development_or_diagnostic|unknown_or_auxiliary,4,configs/garment_instances_gt_pilot_100.csv|configs/prd_8class_unified_manifest_v1.csv|configs/prd_8class_unified_manifest_v2.csv|configs/prd_8class_val_v1.csv,1
../fashion_data/raw/train/train/image/125082.jpg,item1_vest,top,DeepFashion2,development_or_diagnostic|train_or_training_source|unknown_or_auxiliary,5,configs/garment_instances_gt_pilot_100.csv|configs/prd_8class_train_v1.csv|configs/prd_8class_train_v2.csv|configs/prd_8class_unified_manifest_v1.csv|configs/prd_8class_unified_manifest_v2.csv,1
../fashion_data/raw/train/train/image/125605.jpg,item1_sling_dress,dress,DeepFashion2,development_or_diagnostic|train_or_training_source|unknown_or_auxiliary,5,configs/garment_instances_gt_pilot_100.csv|configs/prd_8class_train_v1.csv|configs/prd_8class_train_v2.csv|configs/prd_8class_unified_manifest_v1.csv|configs/prd_8class_unified_manifest_v2.csv,1
../fashion_data/raw/train/train/image/125887.jpg,item1_long_sleeve_outwear,outerwear,DeepFashion2,development_or_diagnostic|train_or_training_source|unknown_or_auxiliary,5,configs/garment_instances_gt_pilot_100.csv|configs/prd_8class_train_v1.csv|configs/prd_8class_train_v2.csv|configs/prd_8class_unified_manifest_v1.csv|configs/prd_8class_unified_manifest_v2.csv,1
../fashion_data/raw/train/train/image/127027.jpg,item1_long_sleeve_outwear,outerwear,DeepFashion2,development_or_diagnostic|train_or_training_source|unknown_or_auxiliary,5,configs/garment_instances_gt_pilot_100.csv|configs/prd_8class_train_v1.csv|configs/prd_8class_train_v2.csv|configs/prd_8class_unified_manifest_v1.csv|configs/prd_8class_unified_manifest_v2.csv,1
../fashion_data/raw/train/train/image/129463.jpg,item1_short_sleeve_outwear,outerwear,DeepFashion2,development_or_diagnostic|train_or_training_source|unknown_or_auxiliary,5,configs/garment_instances_gt_pilot_100.csv|configs/prd_8class_train_v1.csv|configs/prd_8class_train_v2.csv|configs/prd_8class_unified_manifest_v1.csv|configs/prd_8class_unified_manifest_v2.csv,1
../fashion_data/raw/train/train/image/129463.jpg,item2_skirt,skirt,DeepFashion2,development_or_diagnostic|train_or_training_source|unknown_or_auxiliary,5,configs/garment_instances_gt_pilot_100.csv|configs/prd_8class_train_v1.csv|configs/prd_8class_train_v2.csv|configs/prd_8class_unified_manifest_v1.csv|configs/prd_8class_unified_manifest_v2.csv,1
../fashion_data/raw/train/train/image/131316.jpg,item1_short_sleeve_top,top,DeepFashion2,development_or_diagnostic|train_or_training_source|unknown_or_auxiliary,5,configs/garment_instances_gt_pilot_100.csv|configs/prd_8class_train_v1.csv|configs/prd_8class_train_v2.csv|configs/prd_8class_unified_manifest_v1.csv|configs/prd_8class_unified_manifest_v2.csv,1
../fashion_data/raw/train/train/image/131316.jpg,item2_trousers,pants,DeepFashion2,development_or_diagnostic|train_or_training_source|unknown_or_auxiliary,5,configs/garment_instances_gt_pilot_100.csv|configs/prd_8class_train_v1.csv|configs/prd_8class_train_v2.csv|configs/prd_8class_unified_manifest_v1.csv|configs/prd_8class_unified_manifest_v2.csv,1
../fashion_data/raw/train/train/image/132240.jpg,item1_long_sleeve_top,top,DeepFashion2,development_or_diagnostic|train_or_training_source|unknown_or_auxiliary,5,configs/garment_instances_gt_pilot_100.csv|configs/prd_8class_train_v1.csv|configs/prd_8class_train_v2.csv|configs/prd_8class_unified_manifest_v1.csv|configs/prd_8class_unified_manifest_v2.csv,1
../fashion_data/raw/train/train/image/132240.jpg,item2_shorts,pants,DeepFashion2,development_or_diagnostic|train_or_training_source|unknown_or_auxiliary,5,configs/garment_instances_gt_pilot_100.csv|configs/prd_8class_train_v1.csv|configs/prd_8class_train_v2.csv|configs/prd_8class_unified_manifest_v1.csv|configs/prd_8class_unified_manifest_v2.csv,1
../fashion_data/raw/train/train/image/138773.jpg,item1_skirt,skirt,DeepFashion2,development_or_diagnostic|train_or_training_source|unknown_or_auxiliary,5,configs/garment_instances_gt_pilot_100.csv|configs/prd_8class_train_v1.csv|configs/prd_8class_train_v2.csv|configs/prd_8class_unified_manifest_v1.csv|configs/prd_8class_unified_manifest_v2.csv,1
../fashion_data/raw/train/train/image/138773.jpg,item2_long_sleeve_top,top,DeepFashion2,development_or_diagnostic|train_or_training_source|unknown_or_auxiliary,5,configs/garment_instances_gt_pilot_100.csv|configs/prd_8class_train_v1.csv|configs/prd_8class_train_v2.csv|configs/prd_8class_unified_manifest_v1.csv|configs/prd_8class_unified_manifest_v2.csv,1
../fashion_data/raw/train/train/image/139090.jpg,item1_vest_dress,dress,DeepFashion2,development_or_diagnostic|train_or_training_source|unknown_or_auxiliary,5,configs/garment_instances_gt_pilot_100.csv|configs/prd_8class_train_v1.csv|configs/prd_8class_train_v2.csv|configs/prd_8class_unified_manifest_v1.csv|configs/prd_8class_unified_manifest_v2.csv,1
../fashion_data/raw/train/train/image/139963.jpg,item1_long_sleeve_top,top,DeepFashion2,development_or_diagnostic|train_or_training_source|unknown_or_auxiliary,5,configs/garment_instances_gt_pilot_100.csv|configs/prd_8class_train_v1.csv|configs/prd_8class_train_v2.csv|configs/prd_8class_unified_manifest_v1.csv|configs/prd_8class_unified_manifest_v2.csv,1
../fashion_data/raw/train/train/image/140224.jpg,item1_long_sleeve_outwear,outerwear,DeepFashion2,development_or_diagnostic|train_or_training_source|unknown_or_auxiliary,5,configs/garment_instances_gt_pilot_100.csv|configs/prd_8class_train_v1.csv|configs/prd_8class_train_v2.csv|configs/prd_8class_unified_manifest_v1.csv|configs/prd_8class_unified_manifest_v2.csv,1
../fashion_data/raw/train/train/image/140224.jpg,item2_skirt,skirt,DeepFashion2,development_or_diagnostic|train_or_training_source|unknown_or_auxiliary,5,configs/garment_instances_gt_pilot_100.csv|configs/prd_8class_train_v1.csv|configs/prd_8class_train_v2.csv|configs/prd_8class_unified_manifest_v1.csv|configs/prd_8class_unified_manifest_v2.csv,1
../fashion_data/raw/train/train/image/141698.jpg,item1_short_sleeve_dress,dress,DeepFashion2,development_or_diagnostic|train_or_training_source|unknown_or_auxiliary,5,configs/garment_instances_gt_pilot_100.csv|configs/prd_8class_train_v1.csv|configs/prd_8class_train_v2.csv|configs/prd_8class_unified_manifest_v1.csv|configs/prd_8class_unified_manifest_v2.csv,1
../fashion_data/raw/train/train/image/142658.jpg,item1_long_sleeve_top,top,DeepFashion2,development_or_diagnostic|unknown_or_auxiliary,10,configs/garment_instances_gt_pilot_100.csv|configs/prd_3_1_ablation_A_gtbbox_gtmask_v1.csv|configs/prd_3_1_ablation_B_predbbox_predmask_v1.csv|configs/prd_3_1_ablation_C_gtbbox_predmask_v1.csv|configs/prd_3_1_ablation_D_predbbox_gtmask_v1.csv|configs/prd_3_1_predicted_roi_fullval_matched_v1.csv|configs/prd_3_1_predicted_roi_matched_v1.csv|configs/prd_8class_unified_manifest_v1.csv|configs/prd_8class_unified_manifest_v2.csv|configs/prd_8class_val_v1.csv,1
../fashion_data/raw/train/train/image/142658.jpg,item2_skirt,skirt,DeepFashion2,development_or_diagnostic|unknown_or_auxiliary,4,configs/garment_instances_gt_pilot_100.csv|configs/prd_8class_unified_manifest_v1.csv|configs/prd_8class_unified_manifest_v2.csv|configs/prd_8class_val_v1.csv,1
../fashion_data/raw/train/train/image/146128.jpg,item1_long_sleeve_outwear,outerwear,DeepFashion2,development_or_diagnostic|unknown_or_auxiliary,4,configs/garment_instances_gt_pilot_100.csv|configs/prd_8class_unified_manifest_v1.csv|configs/prd_8class_unified_manifest_v2.csv|configs/prd_8class_val_v1.csv,1
../fashion_data/raw/train/train/image/146629.jpg,item1_long_sleeve_outwear,outerwear,,development_or_diagnostic,1,configs/garment_instances_gt_pilot_20.csv,1
../fashion_data/raw/train/train/image/146629.jpg,item2_shorts,pants,,development_or_diagnostic,1,configs/garment_instances_gt_pilot_20.csv,1
../fashion_data/raw/train/train/image/147222.jpg,item1_short_sleeve_top,top,DeepFashion2,development_or_diagnostic|train_or_training_source|unknown_or_auxiliary,5,configs/garment_instances_gt_pilot_100.csv|configs/prd_8class_train_v1.csv|configs/prd_8class_train_v2.csv|configs/prd_8class_unified_manifest_v1.csv|configs/prd_8class_unified_manifest_v2.csv,1
../fashion_data/raw/train/train/image/147222.jpg,item2_skirt,skirt,DeepFashion2,development_or_diagnostic|train_or_training_source|unknown_or_auxiliary,5,configs/garment_instances_gt_pilot_100.csv|configs/prd_8class_train_v1.csv|configs/prd_8class_train_v2.csv|configs/prd_8class_unified_manifest_v1.csv|configs/prd_8class_unified_manifest_v2.csv,1
../fashion_data/raw/train/train/image/150224.jpg,item1_short_sleeve_top,top,DeepFashion2,development_or_diagnostic|train_or_training_source|unknown_or_auxiliary,5,configs/garment_instances_gt_pilot_100.csv|configs/prd_8class_train_v1.csv|configs/prd_8class_train_v2.csv|configs/prd_8class_unified_manifest_v1.csv|configs/prd_8class_unified_manifest_v2.csv,1
../fashion_data/raw/train/train/image/150224.jpg,item2_trousers,pants,DeepFashion2,development_or_diagnostic|train_or_training_source|unknown_or_auxiliary,5,configs/garment_instances_gt_pilot_100.csv|configs/prd_8class_train_v1.csv|configs/prd_8class_train_v2.csv|configs/prd_8class_unified_manifest_v1.csv|configs/prd_8class_unified_manifest_v2.csv,1
../fashion_data/raw/train/train/image/151092.jpg,item1_long_sleeve_top,top,DeepFashion2,development_or_diagnostic|train_or_training_source|unknown_or_auxiliary,5,configs/garment_instances_gt_pilot_100.csv|configs/prd_8class_train_v1.csv|configs/prd_8class_train_v2.csv|configs/prd_8class_unified_manifest_v1.csv|configs/prd_8class_unified_manifest_v2.csv,1
../fashion_data/raw/train/train/image/151092.jpg,item2_trousers,pants,DeepFashion2,development_or_diagnostic|train_or_training_source|unknown_or_auxiliary,5,configs/garment_instances_gt_pilot_100.csv|configs/prd_8class_train_v1.csv|configs/prd_8class_train_v2.csv|configs/prd_8class_unified_manifest_v1.csv|configs/prd_8class_unified_manifest_v2.csv,1
../fashion_data/raw/train/train/image/151501.jpg,item1_trousers,pants,,development_or_diagnostic,1,configs/garment_instances_gt_pilot_20.csv,1
../fashion_data/raw/train/train/image/151501.jpg,item2_short_sleeve_top,top,,development_or_diagnostic,1,configs/garment_instances_gt_pilot_20.csv,1
../fashion_data/raw/train/train/image/152326.jpg,item1_short_sleeve_top,top,DeepFashion2,development_or_diagnostic|unknown_or_auxiliary,9,configs/garment_instances_gt_pilot_100.csv|configs/prd_3_1_ablation_A_gtbbox_gtmask_v1.csv|configs/prd_3_1_ablation_B_predbbox_predmask_v1.csv|configs/prd_3_1_ablation_C_gtbbox_predmask_v1.csv|configs/prd_3_1_ablation_D_predbbox_gtmask_v1.csv|configs/prd_3_1_predicted_roi_fullval_matched_v1.csv|configs/prd_8class_unified_manifest_v1.csv|configs/prd_8class_unified_manifest_v2.csv|configs/prd_8class_val_v1.csv,1
../fashion_data/raw/train/train/image/152326.jpg,item2_trousers,pants,DeepFashion2,development_or_diagnostic|unknown_or_auxiliary,9,configs/garment_instances_gt_pilot_100.csv|configs/prd_3_1_ablation_A_gtbbox_gtmask_v1.csv|configs/prd_3_1_ablation_B_predbbox_predmask_v1.csv|configs/prd_3_1_ablation_C_gtbbox_predmask_v1.csv|configs/prd_3_1_ablation_D_predbbox_gtmask_v1.csv|configs/prd_3_1_predicted_roi_fullval_matched_v1.csv|configs/prd_8class_unified_manifest_v1.csv|configs/prd_8class_unified_manifest_v2.csv|configs/prd_8class_val_v1.csv,1
../fashion_data/raw/train/train/image/153938.jpg,item1_vest_dress,dress,DeepFashion2,development_or_diagnostic|train_or_training_source|unknown_or_auxiliary,5,configs/garment_instances_gt_pilot_100.csv|configs/prd_8class_train_v1.csv|configs/prd_8class_train_v2.csv|configs/prd_8class_unified_manifest_v1.csv|configs/prd_8class_unified_manifest_v2.csv,1
../fashion_data/raw/train/train/image/153938.jpg,item2_short_sleeve_top,top,DeepFashion2,development_or_diagnostic|train_or_training_source|unknown_or_auxiliary,5,configs/garment_instances_gt_pilot_100.csv|configs/prd_8class_train_v1.csv|configs/prd_8class_train_v2.csv|configs/prd_8class_unified_manifest_v1.csv|configs/prd_8class_unified_manifest_v2.csv,1
../fashion_data/raw/train/train/image/154649.jpg,item1_short_sleeve_top,top,DeepFashion2,development_or_diagnostic|train_or_training_source|unknown_or_auxiliary,5,configs/garment_instances_gt_pilot_100.csv|configs/prd_8class_train_v1.csv|configs/prd_8class_train_v2.csv|configs/prd_8class_unified_manifest_v1.csv|configs/prd_8class_unified_manifest_v2.csv,1
../fashion_data/raw/train/train/image/154649.jpg,item2_skirt,skirt,DeepFashion2,development_or_diagnostic|train_or_training_source|unknown_or_auxiliary,5,configs/garment_instances_gt_pilot_100.csv|configs/prd_8class_train_v1.csv|configs/prd_8class_train_v2.csv|configs/prd_8class_unified_manifest_v1.csv|configs/prd_8class_unified_manifest_v2.csv,1
../fashion_data/raw/train/train/image/156436.jpg,item1_short_sleeve_dress,dress,DeepFashion2,development_or_diagnostic|train_or_training_source|unknown_or_auxiliary,5,configs/garment_instances_gt_pilot_100.csv|configs/prd_8class_train_v1.csv|configs/prd_8class_train_v2.csv|configs/prd_8class_unified_manifest_v1.csv|configs/prd_8class_unified_manifest_v2.csv,1
../fashion_data/raw/train/train/image/158098.jpg,item1_long_sleeve_dress,dress,DeepFashion2,development_or_diagnostic|train_or_training_source|unknown_or_auxiliary,5,configs/garment_instances_gt_pilot_100.csv|configs/prd_8class_train_v1.csv|configs/prd_8class_train_v2.csv|configs/prd_8class_unified_manifest_v1.csv|configs/prd_8class_unified_manifest_v2.csv,1
../fashion_data/raw/train/train/image/159352.jpg,item1_short_sleeve_top,top,DeepFashion2,development_or_diagnostic|train_or_training_source|unknown_or_auxiliary,5,configs/garment_instances_gt_pilot_100.csv|configs/prd_8class_train_v1.csv|configs/prd_8class_train_v2.csv|configs/prd_8class_unified_manifest_v1.csv|configs/prd_8class_unified_manifest_v2.csv,1
../fashion_data/raw/train/train/image/159352.jpg,item2_skirt,skirt,DeepFashion2,development_or_diagnostic|train_or_training_source|unknown_or_auxiliary,5,configs/garment_instances_gt_pilot_100.csv|configs/prd_8class_train_v1.csv|configs/prd_8class_train_v2.csv|configs/prd_8class_unified_manifest_v1.csv|configs/prd_8class_unified_manifest_v2.csv,1
../fashion_data/raw/train/train/image/160585.jpg,item1_short_sleeve_top,top,DeepFashion2,development_or_diagnostic|train_or_training_source|unknown_or_auxiliary,5,configs/garment_instances_gt_pilot_100.csv|configs/prd_8class_train_v1.csv|configs/prd_8class_train_v2.csv|configs/prd_8class_unified_manifest_v1.csv|configs/prd_8class_unified_manifest_v2.csv,1
../fashion_data/raw/train/train/image/160585.jpg,item2_skirt,skirt,DeepFashion2,development_or_diagnostic|train_or_training_source|unknown_or_auxiliary,5,configs/garment_instances_gt_pilot_100.csv|configs/prd_8class_train_v1.csv|configs/prd_8class_train_v2.csv|configs/prd_8class_unified_manifest_v1.csv|configs/prd_8class_unified_manifest_v2.csv,1
../fashion_data/raw/train/train/image/160642.jpg,item1_long_sleeve_dress,dress,DeepFashion2,development_or_diagnostic|train_or_training_source|unknown_or_auxiliary,5,configs/garment_instances_gt_pilot_100.csv|configs/prd_8class_train_v1.csv|configs/prd_8class_train_v2.csv|configs/prd_8class_unified_manifest_v1.csv|configs/prd_8class_unified_manifest_v2.csv,1
../fashion_data/raw/train/train/image/163017.jpg,item1_trousers,pants,DeepFashion2,development_or_diagnostic|train_or_training_source|unknown_or_auxiliary,5,configs/garment_instances_gt_pilot_100.csv|configs/prd_8class_train_v1.csv|configs/prd_8class_train_v2.csv|configs/prd_8class_unified_manifest_v1.csv|configs/prd_8class_unified_manifest_v2.csv,1
../fashion_data/raw/train/train/image/163017.jpg,item2_vest,top,DeepFashion2,development_or_diagnostic|train_or_training_source|unknown_or_auxiliary,5,configs/garment_instances_gt_pilot_100.csv|configs/prd_8class_train_v1.csv|configs/prd_8class_train_v2.csv|configs/prd_8class_unified_manifest_v1.csv|configs/prd_8class_unified_manifest_v2.csv,1
../fashion_data/raw/train/train/image/165021.jpg,item1_long_sleeve_top,top,DeepFashion2,development_or_diagnostic|train_or_training_source|unknown_or_auxiliary,5,configs/garment_instances_gt_pilot_100.csv|configs/prd_8class_train_v1.csv|configs/prd_8class_train_v2.csv|configs/prd_8class_unified_manifest_v1.csv|configs/prd_8class_unified_manifest_v2.csv,1
../fashion_data/raw/train/train/image/166948.jpg,item1_short_sleeve_dress,dress,DeepFashion2,development_or_diagnostic|train_or_training_source|unknown_or_auxiliary,5,configs/garment_instances_gt_pilot_100.csv|configs/prd_8class_train_v1.csv|configs/prd_8class_train_v2.csv|configs/prd_8class_unified_manifest_v1.csv|configs/prd_8class_unified_manifest_v2.csv,1
../fashion_data/raw/train/train/image/167373.jpg,item1_sling_dress,dress,DeepFashion2,development_or_diagnostic|train_or_training_source|unknown_or_auxiliary,5,configs/garment_instances_gt_pilot_100.csv|configs/prd_8class_train_v1.csv|configs/prd_8class_train_v2.csv|configs/prd_8class_unified_manifest_v1.csv|configs/prd_8class_unified_manifest_v2.csv,1
../fashion_data/raw/train/train/image/168120.jpg,item1_long_sleeve_top,top,,development_or_diagnostic,1,configs/garment_instances_gt_pilot_20.csv,1
../fashion_data/raw/train/train/image/168120.jpg,item2_trousers,pants,,development_or_diagnostic,1,configs/garment_instances_gt_pilot_20.csv,1
../fashion_data/raw/train/train/image/168724.jpg,item1_short_sleeve_top,top,DeepFashion2,development_or_diagnostic|train_or_training_source|unknown_or_auxiliary,5,configs/garment_instances_gt_pilot_100.csv|configs/prd_8class_train_v1.csv|configs/prd_8class_train_v2.csv|configs/prd_8class_unified_manifest_v1.csv|configs/prd_8class_unified_manifest_v2.csv,1
../fashion_data/raw/train/train/image/168724.jpg,item2_shorts,pants,DeepFashion2,development_or_diagnostic|train_or_training_source|unknown_or_auxiliary,5,configs/garment_instances_gt_pilot_100.csv|configs/prd_8class_train_v1.csv|configs/prd_8class_train_v2.csv|configs/prd_8class_unified_manifest_v1.csv|configs/prd_8class_unified_manifest_v2.csv,1
../fashion_data/raw/train/train/image/171259.jpg,item1_short_sleeve_top,top,DeepFashion2,development_or_diagnostic|train_or_training_source|unknown_or_auxiliary,5,configs/garment_instances_gt_pilot_100.csv|configs/prd_8class_train_v1.csv|configs/prd_8class_train_v2.csv|configs/prd_8class_unified_manifest_v1.csv|configs/prd_8class_unified_manifest_v2.csv,1
../fashion_data/raw/train/train/image/171259.jpg,item2_shorts,pants,DeepFashion2,development_or_diagnostic|train_or_training_source|unknown_or_auxiliary,5,configs/garment_instances_gt_pilot_100.csv|configs/prd_8class_train_v1.csv|configs/prd_8class_train_v2.csv|configs/prd_8class_unified_manifest_v1.csv|configs/prd_8class_unified_manifest_v2.csv,1
../fashion_data/raw/train/train/image/173201.jpg,item1_long_sleeve_top,top,DeepFashion2,development_or_diagnostic|train_or_training_source|unknown_or_auxiliary,5,configs/garment_instances_gt_pilot_100.csv|configs/prd_8class_train_v1.csv|configs/prd_8class_train_v2.csv|configs/prd_8class_unified_manifest_v1.csv|configs/prd_8class_unified_manifest_v2.csv,1
../fashion_data/raw/train/train/image/173201.jpg,item2_trousers,pants,DeepFashion2,development_or_diagnostic|train_or_training_source|unknown_or_auxiliary,5,configs/garment_instances_gt_pilot_100.csv|configs/prd_8class_train_v1.csv|configs/prd_8class_train_v2.csv|configs/prd_8class_unified_manifest_v1.csv|configs/prd_8class_unified_manifest_v2.csv,1
../fashion_data/raw/train/train/image/173508.jpg,item1_short_sleeve_top,top,DeepFashion2,development_or_diagnostic|train_or_training_source|unknown_or_auxiliary,5,configs/garment_instances_gt_pilot_100.csv|configs/prd_8class_train_v1.csv|configs/prd_8class_train_v2.csv|configs/prd_8class_unified_manifest_v1.csv|configs/prd_8class_unified_manifest_v2.csv,1
../fashion_data/raw/train/train/image/173669.jpg,item1_short_sleeve_dress,dress,DeepFashion2,development_or_diagnostic|train_or_training_source|unknown_or_auxiliary,5,configs/garment_instances_gt_pilot_100.csv|configs/prd_8class_train_v1.csv|configs/prd_8class_train_v2.csv|configs/prd_8class_unified_manifest_v1.csv|configs/prd_8class_unified_manifest_v2.csv,1
../fashion_data/raw/train/train/image/174323.jpg,item1_long_sleeve_top,top,DeepFashion2,development_or_diagnostic|unknown_or_auxiliary,4,configs/garment_instances_gt_pilot_100.csv|configs/prd_8class_unified_manifest_v1.csv|configs/prd_8class_unified_manifest_v2.csv|configs/prd_8class_val_v1.csv,1
../fashion_data/raw/train/train/image/174323.jpg,item2_trousers,pants,DeepFashion2,development_or_diagnostic|unknown_or_auxiliary,9,configs/garment_instances_gt_pilot_100.csv|configs/prd_3_1_ablation_A_gtbbox_gtmask_v1.csv|configs/prd_3_1_ablation_B_predbbox_predmask_v1.csv|configs/prd_3_1_ablation_C_gtbbox_predmask_v1.csv|configs/prd_3_1_ablation_D_predbbox_gtmask_v1.csv|configs/prd_3_1_predicted_roi_fullval_matched_v1.csv|configs/prd_8class_unified_manifest_v1.csv|configs/prd_8class_unified_manifest_v2.csv|configs/prd_8class_val_v1.csv,1
../fashion_data/raw/train/train/image/175635.jpg,item1_trousers,pants,DeepFashion2,development_or_diagnostic|train_or_training_source|unknown_or_auxiliary,5,configs/garment_instances_gt_pilot_100.csv|configs/prd_8class_train_v1.csv|configs/prd_8class_train_v2.csv|configs/prd_8class_unified_manifest_v1.csv|configs/prd_8class_unified_manifest_v2.csv,1
../fashion_data/raw/train/train/image/175635.jpg,item2_long_sleeve_top,top,DeepFashion2,development_or_diagnostic|train_or_training_source|unknown_or_auxiliary,5,configs/garment_instances_gt_pilot_100.csv|configs/prd_8class_train_v1.csv|configs/prd_8class_train_v2.csv|configs/prd_8class_unified_manifest_v1.csv|configs/prd_8class_unified_manifest_v2.csv,1
../fashion_data/raw/train/train/image/178287.jpg,item1_short_sleeve_top,top,DeepFashion2,development_or_diagnostic|unknown_or_auxiliary,4,configs/garment_instances_gt_pilot_100.csv|configs/prd_8class_unified_manifest_v1.csv|configs/prd_8class_unified_manifest_v2.csv|configs/prd_8class_val_v1.csv,1
../fashion_data/raw/train/train/image/178287.jpg,item2_shorts,pants,DeepFashion2,development_or_diagnostic|unknown_or_auxiliary,10,configs/garment_instances_gt_pilot_100.csv|configs/prd_3_1_ablation_A_gtbbox_gtmask_v1.csv|configs/prd_3_1_ablation_B_predbbox_predmask_v1.csv|configs/prd_3_1_ablation_C_gtbbox_predmask_v1.csv|configs/prd_3_1_ablation_D_predbbox_gtmask_v1.csv|configs/prd_3_1_predicted_roi_fullval_matched_v1.csv|configs/prd_3_1_predicted_roi_matched_v1.csv|configs/prd_8class_unified_manifest_v1.csv|configs/prd_8class_unified_manifest_v2.csv|configs/prd_8class_val_v1.csv,1
../fashion_data/raw/train/train/image/178920.jpg,item1_short_sleeve_top,top,DeepFashion2,development_or_diagnostic|train_or_training_source|unknown_or_auxiliary,5,configs/garment_instances_gt_pilot_100.csv|configs/prd_8class_train_v1.csv|configs/prd_8class_train_v2.csv|configs/prd_8class_unified_manifest_v1.csv|configs/prd_8class_unified_manifest_v2.csv,1
../fashion_data/raw/train/train/image/178920.jpg,item2_sling_dress,dress,DeepFashion2,development_or_diagnostic|train_or_training_source|unknown_or_auxiliary,5,configs/garment_instances_gt_pilot_100.csv|configs/prd_8class_train_v1.csv|configs/prd_8class_train_v2.csv|configs/prd_8class_unified_manifest_v1.csv|configs/prd_8class_unified_manifest_v2.csv,1
../fashion_data/raw/train/train/image/183818.jpg,item1_short_sleeve_top,top,,development_or_diagnostic,1,configs/garment_instances_gt_pilot_20.csv,1
../fashion_data/raw/train/train/image/183818.jpg,item2_shorts,pants,,development_or_diagnostic,1,configs/garment_instances_gt_pilot_20.csv,1
../fashion_data/raw/train/train/image/184087.jpg,item1_long_sleeve_dress,dress,DeepFashion2,development_or_diagnostic|unknown_or_auxiliary,10,configs/garment_instances_gt_pilot_100.csv|configs/prd_3_1_ablation_A_gtbbox_gtmask_v1.csv|configs/prd_3_1_ablation_B_predbbox_predmask_v1.csv|configs/prd_3_1_ablation_C_gtbbox_predmask_v1.csv|configs/prd_3_1_ablation_D_predbbox_gtmask_v1.csv|configs/prd_3_1_predicted_roi_fullval_matched_v1.csv|configs/prd_3_1_predicted_roi_matched_v1.csv|configs/prd_8class_unified_manifest_v1.csv|configs/prd_8class_unified_manifest_v2.csv|configs/prd_8class_val_v1.csv,1
../fashion_data/raw/train/train/image/186959.jpg,item1_long_sleeve_top,top,DeepFashion2,development_or_diagnostic|train_or_training_source|unknown_or_auxiliary,5,configs/garment_instances_gt_pilot_100.csv|configs/prd_8class_train_v1.csv|configs/prd_8class_train_v2.csv|configs/prd_8class_unified_manifest_v1.csv|configs/prd_8class_unified_manifest_v2.csv,1
../fashion_data/raw/train/train/image/187443.jpg,item1_short_sleeve_top,top,,development_or_diagnostic,1,configs/garment_instances_gt_pilot_20.csv,1
../fashion_data/raw/train/train/image/187443.jpg,item2_sling_dress,dress,,development_or_diagnostic,1,configs/garment_instances_gt_pilot_20.csv,1
../fashion_data/raw/train/train/image/188639.jpg,item1_short_sleeve_top,top,,development_or_diagnostic,1,configs/garment_instances_gt_pilot_20.csv,1
/workspace/fashion_data/raw/fashionpedia/images/test/311db0d6f5b7be84ac3c952a443ef981.jpg,pred_21_01_shoe,shoe,Fashionpedia,development_or_diagnostic,1,configs/prd_3_1_predicted_roi_fullval_v1.csv,1
/workspace/fashion_data/raw/fashionpedia/images/test/32227cade6d3646824f9c0f3fa9dc9e7.jpg,pred_15_01_pants,pants,Fashionpedia,development_or_diagnostic,1,configs/prd_3_1_predicted_roi_pilot20_v1.csv,1
/workspace/fashion_data/raw/fashionpedia/images/test/32227cade6d3646824f9c0f3fa9dc9e7.jpg,pred_15_02_accessory,accessory,Fashionpedia,development_or_diagnostic,1,configs/prd_3_1_predicted_roi_pilot20_v1.csv,1
/workspace/fashion_data/raw/fashionpedia/images/test/32227cade6d3646824f9c0f3fa9dc9e7.jpg,pred_22_01_pants,pants,Fashionpedia,development_or_diagnostic,1,configs/prd_3_1_predicted_roi_fullval_v1.csv,1
/workspace/fashion_data/raw/fashionpedia/images/test/32227cade6d3646824f9c0f3fa9dc9e7.jpg,pred_22_02_accessory,accessory,Fashionpedia,development_or_diagnostic,1,configs/prd_3_1_predicted_roi_fullval_v1.csv,1
/workspace/fashion_data/raw/fashionpedia/images/test/33846044d27032d3988b9b4b7e22e252.jpg,pred_16_01_shoe,shoe,Fashionpedia,development_or_diagnostic,1,configs/prd_3_1_predicted_roi_pilot20_v1.csv,1
/workspace/fashion_data/raw/fashionpedia/images/test/33846044d27032d3988b9b4b7e22e252.jpg,pred_23_01_shoe,shoe,Fashionpedia,development_or_diagnostic,1,configs/prd_3_1_predicted_roi_fullval_v1.csv,1
/workspace/fashion_data/raw/fashionpedia/images/test/33cfdcbd48019b09e36a78c428bbae1d.jpg,pred_24_01_top,top,Fashionpedia,development_or_diagnostic,1,configs/prd_3_1_predicted_roi_fullval_v1.csv,1
/workspace/fashion_data/raw/fashionpedia/images/test/33cfdcbd48019b09e36a78c428bbae1d.jpg,pred_24_02_shoe,shoe,Fashionpedia,development_or_diagnostic,1,configs/prd_3_1_predicted_roi_fullval_v1.csv,1
/workspace/fashion_data/raw/fashionpedia/images/test/3bf082a96a03a1c8f75e1d1d0ebf42d2.jpg,pred_17_01_accessory,accessory,Fashionpedia,development_or_diagnostic,1,configs/prd_3_1_predicted_roi_pilot20_v1.csv,1
/workspace/fashion_data/raw/fashionpedia/images/test/3bf082a96a03a1c8f75e1d1d0ebf42d2.jpg,pred_25_01_accessory,accessory,Fashionpedia,development_or_diagnostic,1,configs/prd_3_1_predicted_roi_fullval_v1.csv,1
/workspace/fashion_data/raw/fashionpedia/images/test/4f23f05daee3cbdd96295f84825e3581.jpg,pred_26_01_bag,bag,Fashionpedia,development_or_diagnostic,1,configs/prd_3_1_predicted_roi_fullval_v1.csv,1
/workspace/fashion_data/raw/fashionpedia/images/test/4f23f05daee3cbdd96295f84825e3581.jpg,pred_26_02_shoe,shoe,Fashionpedia,development_or_diagnostic,1,configs/prd_3_1_predicted_roi_fullval_v1.csv,1
/workspace/fashion_data/raw/fashionpedia/images/test/4f23f05daee3cbdd96295f84825e3581.jpg,pred_26_03_shoe,shoe,Fashionpedia,development_or_diagnostic,1,configs/prd_3_1_predicted_roi_fullval_v1.csv,1
/workspace/fashion_data/raw/fashionpedia/images/test/4f23f05daee3cbdd96295f84825e3581.jpg,pred_26_04_bag,bag,Fashionpedia,development_or_diagnostic,1,configs/prd_3_1_predicted_roi_fullval_v1.csv,1
/workspace/fashion_data/raw/fashionpedia/images/test/4f23f05daee3cbdd96295f84825e3581.jpg,pred_26_05_shoe,shoe,Fashionpedia,development_or_diagnostic,1,configs/prd_3_1_predicted_roi_fullval_v1.csv,1
/workspace/fashion_data/raw/fashionpedia/images/test/77435fc234059dcb9e0bb3d73382bcc7.jpg,pred_27_01_bag,bag,Fashionpedia,development_or_diagnostic,1,configs/prd_3_1_predicted_roi_fullval_v1.csv,1
/workspace/fashion_data/raw/fashionpedia/images/test/77435fc234059dcb9e0bb3d73382bcc7.jpg,pred_27_02_bag,bag,Fashionpedia,development_or_diagnostic,1,configs/prd_3_1_predicted_roi_fullval_v1.csv,1
/workspace/fashion_data/raw/fashionpedia/images/test/89144779b3e40421facdb2eb70309356.jpg,pred_18_01_bag,bag,Fashionpedia,development_or_diagnostic,1,configs/prd_3_1_predicted_roi_pilot20_v1.csv,1
/workspace/fashion_data/raw/fashionpedia/images/test/89144779b3e40421facdb2eb70309356.jpg,pred_18_02_dress,dress,Fashionpedia,development_or_diagnostic,1,configs/prd_3_1_predicted_roi_pilot20_v1.csv,1
/workspace/fashion_data/raw/fashionpedia/images/test/89144779b3e40421facdb2eb70309356.jpg,pred_18_03_bag,bag,Fashionpedia,development_or_diagnostic,1,configs/prd_3_1_predicted_roi_pilot20_v1.csv,1
/workspace/fashion_data/raw/fashionpedia/images/test/89144779b3e40421facdb2eb70309356.jpg,pred_28_01_bag,bag,Fashionpedia,development_or_diagnostic,1,configs/prd_3_1_predicted_roi_fullval_v1.csv,1
/workspace/fashion_data/raw/fashionpedia/images/test/89144779b3e40421facdb2eb70309356.jpg,pred_28_02_dress,dress,Fashionpedia,development_or_diagnostic,1,configs/prd_3_1_predicted_roi_fullval_v1.csv,1
/workspace/fashion_data/raw/fashionpedia/images/test/89144779b3e40421facdb2eb70309356.jpg,pred_28_03_bag,bag,Fashionpedia,development_or_diagnostic,1,configs/prd_3_1_predicted_roi_fullval_v1.csv,1
/workspace/fashion_data/raw/fashionpedia/images/test/89f6e3ad94e5493906b4f3d0e16bdae1.jpg,pred_29_01_accessory,accessory,Fashionpedia,development_or_diagnostic,1,configs/prd_3_1_predicted_roi_fullval_v1.csv,1
/workspace/fashion_data/raw/fashionpedia/images/test/89f6e3ad94e5493906b4f3d0e16bdae1.jpg,pred_29_02_top,top,Fashionpedia,development_or_diagnostic,1,configs/prd_3_1_predicted_roi_fullval_v1.csv,1
/workspace/fashion_data/raw/fashionpedia/images/test/cdd175f26ac87c01ec64fb2f02268654.jpg,pred_30_01_bag,bag,Fashionpedia,development_or_diagnostic,1,configs/prd_3_1_predicted_roi_fullval_v1.csv,1
/workspace/fashion_data/raw/fashionpedia/images/test/dd4525a10b6110df29f0a6b19e6b924b.jpg,pred_19_01_shoe,shoe,Fashionpedia,development_or_diagnostic,1,configs/prd_3_1_predicted_roi_pilot20_v1.csv,1
/workspace/fashion_data/raw/fashionpedia/images/test/dd4525a10b6110df29f0a6b19e6b924b.jpg,pred_19_02_shoe,shoe,Fashionpedia,development_or_diagnostic,1,configs/prd_3_1_predicted_roi_pilot20_v1.csv,1
/workspace/fashion_data/raw/fashionpedia/images/test/dd4525a10b6110df29f0a6b19e6b924b.jpg,pred_19_03_accessory,accessory,Fashionpedia,development_or_diagnostic,1,configs/prd_3_1_predicted_roi_pilot20_v1.csv,1
/workspace/fashion_data/raw/fashionpedia/images/test/dd4525a10b6110df29f0a6b19e6b924b.jpg,pred_19_04_dress,dress,Fashionpedia,development_or_diagnostic,1,configs/prd_3_1_predicted_roi_pilot20_v1.csv,1
/workspace/fashion_data/raw/fashionpedia/images/test/dd4525a10b6110df29f0a6b19e6b924b.jpg,pred_31_01_shoe,shoe,Fashionpedia,development_or_diagnostic,1,configs/prd_3_1_predicted_roi_fullval_v1.csv,1
/workspace/fashion_data/raw/fashionpedia/images/test/dd4525a10b6110df29f0a6b19e6b924b.jpg,pred_31_02_shoe,shoe,Fashionpedia,development_or_diagnostic,1,configs/prd_3_1_predicted_roi_fullval_v1.csv,1
/workspace/fashion_data/raw/fashionpedia/images/test/dd4525a10b6110df29f0a6b19e6b924b.jpg,pred_31_03_accessory,accessory,Fashionpedia,development_or_diagnostic,1,configs/prd_3_1_predicted_roi_fullval_v1.csv,1
/workspace/fashion_data/raw/fashionpedia/images/test/dd4525a10b6110df29f0a6b19e6b924b.jpg,pred_31_04_dress,dress,Fashionpedia,development_or_diagnostic,1,configs/prd_3_1_predicted_roi_fullval_v1.csv,1
/workspace/fashion_data/raw/fashionpedia/images/test/fac6412c2873388612c4ec4cda414ac6.jpg,pred_20_01_shoe,shoe,Fashionpedia,development_or_diagnostic,1,configs/prd_3_1_predicted_roi_pilot20_v1.csv,1
/workspace/fashion_data/raw/fashionpedia/images/test/fac6412c2873388612c4ec4cda414ac6.jpg,pred_32_01_shoe,shoe,Fashionpedia,development_or_diagnostic,1,configs/prd_3_1_predicted_roi_fullval_v1.csv,1
/workspace/fashion_data/raw/train/train/image/004648.jpg,pred_02_01_top,top,DeepFashion2,development_or_diagnostic,1,configs/prd_3_1_predicted_roi_fullval_v1.csv,1
/workspace/fashion_data/raw/train/train/image/004648.jpg,pred_02_02_dress,dress,DeepFashion2,development_or_diagnostic,1,configs/prd_3_1_predicted_roi_fullval_v1.csv,1
/workspace/fashion_data/raw/train/train/image/013010.jpg,pred_03_01_top,top,DeepFashion2,development_or_diagnostic,1,configs/prd_3_1_predicted_roi_fullval_v1.csv,1
/workspace/fashion_data/raw/train/train/image/013010.jpg,pred_03_02_shoe,shoe,DeepFashion2,development_or_diagnostic,1,configs/prd_3_1_predicted_roi_fullval_v1.csv,1
/workspace/fashion_data/raw/train/train/image/015031.jpg,pred_04_01_dress,dress,DeepFashion2,development_or_diagnostic,1,configs/prd_3_1_predicted_roi_fullval_v1.csv,1
/workspace/fashion_data/raw/train/train/image/019779.jpg,pred_01_01_pants,pants,DeepFashion2,development_or_diagnostic,1,configs/prd_3_1_predicted_roi_pilot20_v1.csv,1
/workspace/fashion_data/raw/train/train/image/019779.jpg,pred_05_01_pants,pants,DeepFashion2,development_or_diagnostic,1,configs/prd_3_1_predicted_roi_fullval_v1.csv,1
/workspace/fashion_data/raw/train/train/image/032014.jpg,pred_02_01_top,top,DeepFashion2,development_or_diagnostic,1,configs/prd_3_1_predicted_roi_pilot20_v1.csv,1
/workspace/fashion_data/raw/train/train/image/032014.jpg,pred_06_01_top,top,DeepFashion2,development_or_diagnostic,1,configs/prd_3_1_predicted_roi_fullval_v1.csv,1
/workspace/fashion_data/raw/train/train/image/051719.jpg,pred_03_01_pants,pants,DeepFashion2,development_or_diagnostic,1,configs/prd_3_1_predicted_roi_pilot20_v1.csv,1
/workspace/fashion_data/raw/train/train/image/051719.jpg,pred_03_02_pants,pants,DeepFashion2,development_or_diagnostic,1,configs/prd_3_1_predicted_roi_pilot20_v1.csv,1
/workspace/fashion_data/raw/train/train/image/051719.jpg,pred_03_03_pants,pants,DeepFashion2,development_or_diagnostic,1,configs/prd_3_1_predicted_roi_pilot20_v1.csv,1
/workspace/fashion_data/raw/train/train/image/051719.jpg,pred_07_01_pants,pants,DeepFashion2,development_or_diagnostic,1,configs/prd_3_1_predicted_roi_fullval_v1.csv,1
/workspace/fashion_data/raw/train/train/image/051719.jpg,pred_07_02_pants,pants,DeepFashion2,development_or_diagnostic,1,configs/prd_3_1_predicted_roi_fullval_v1.csv,1
/workspace/fashion_data/raw/train/train/image/051719.jpg,pred_07_03_pants,pants,DeepFashion2,development_or_diagnostic,1,configs/prd_3_1_predicted_roi_fullval_v1.csv,1
/workspace/fashion_data/raw/train/train/image/073497.jpg,pred_04_01_pants,pants,DeepFashion2,development_or_diagnostic,1,configs/prd_3_1_predicted_roi_pilot20_v1.csv,1
/workspace/fashion_data/raw/train/train/image/073497.jpg,pred_04_02_top,top,DeepFashion2,development_or_diagnostic,1,configs/prd_3_1_predicted_roi_pilot20_v1.csv,1
/workspace/fashion_data/raw/train/train/image/073497.jpg,pred_08_01_pants,pants,DeepFashion2,development_or_diagnostic,1,configs/prd_3_1_predicted_roi_fullval_v1.csv,1
/workspace/fashion_data/raw/train/train/image/073497.jpg,pred_08_02_top,top,DeepFashion2,development_or_diagnostic,1,configs/prd_3_1_predicted_roi_fullval_v1.csv,1
/workspace/fashion_data/raw/train/train/image/079537.jpg,pred_05_01_accessory,accessory,DeepFashion2,development_or_diagnostic,1,configs/prd_3_1_predicted_roi_pilot20_v1.csv,1
/workspace/fashion_data/raw/train/train/image/079537.jpg,pred_05_02_top,top,DeepFashion2,development_or_diagnostic,1,configs/prd_3_1_predicted_roi_pilot20_v1.csv,1
/workspace/fashion_data/raw/train/train/image/079537.jpg,pred_09_01_accessory,accessory,DeepFashion2,development_or_diagnostic,1,configs/prd_3_1_predicted_roi_fullval_v1.csv,1
/workspace/fashion_data/raw/train/train/image/079537.jpg,pred_09_02_top,top,DeepFashion2,development_or_diagnostic,1,configs/prd_3_1_predicted_roi_fullval_v1.csv,1
/workspace/fashion_data/raw/train/train/image/096778.jpg,pred_07_01_dress,dress,DeepFashion2,development_or_diagnostic,1,configs/prd_3_1_predicted_roi_pilot20_v1.csv,1
/workspace/fashion_data/raw/train/train/image/096778.jpg,pred_11_01_dress,dress,DeepFashion2,development_or_diagnostic,1,configs/prd_3_1_predicted_roi_fullval_v1.csv,1
/workspace/fashion_data/raw/train/train/image/101034.jpg,pred_08_01_bag,bag,DeepFashion2,development_or_diagnostic,1,configs/prd_3_1_predicted_roi_pilot20_v1.csv,1
/workspace/fashion_data/raw/train/train/image/101034.jpg,pred_08_02_top,top,DeepFashion2,development_or_diagnostic,1,configs/prd_3_1_predicted_roi_pilot20_v1.csv,1
/workspace/fashion_data/raw/train/train/image/101034.jpg,pred_08_03_dress,dress,DeepFashion2,development_or_diagnostic,1,configs/prd_3_1_predicted_roi_pilot20_v1.csv,1
/workspace/fashion_data/raw/train/train/image/101034.jpg,pred_08_04_outerwear,outerwear,DeepFashion2,development_or_diagnostic,1,configs/prd_3_1_predicted_roi_pilot20_v1.csv,1
/workspace/fashion_data/raw/train/train/image/101034.jpg,pred_12_01_bag,bag,DeepFashion2,development_or_diagnostic,1,configs/prd_3_1_predicted_roi_fullval_v1.csv,1
/workspace/fashion_data/raw/train/train/image/101034.jpg,pred_12_02_top,top,DeepFashion2,development_or_diagnostic,1,configs/prd_3_1_predicted_roi_fullval_v1.csv,1
/workspace/fashion_data/raw/train/train/image/101034.jpg,pred_12_03_dress,dress,DeepFashion2,development_or_diagnostic,1,configs/prd_3_1_predicted_roi_fullval_v1.csv,1
/workspace/fashion_data/raw/train/train/image/101034.jpg,pred_12_04_outerwear,outerwear,DeepFashion2,development_or_diagnostic,1,configs/prd_3_1_predicted_roi_fullval_v1.csv,1
/workspace/fashion_data/raw/train/train/image/114238.jpg,pred_09_01_outerwear,outerwear,DeepFashion2,development_or_diagnostic,1,configs/prd_3_1_predicted_roi_pilot20_v1.csv,1
/workspace/fashion_data/raw/train/train/image/114238.jpg,pred_13_01_outerwear,outerwear,DeepFashion2,development_or_diagnostic,1,configs/prd_3_1_predicted_roi_fullval_v1.csv,1
/workspace/fashion_data/raw/train/train/image/124892.jpg,pred_10_01_top,top,DeepFashion2,development_or_diagnostic,1,configs/prd_3_1_predicted_roi_pilot20_v1.csv,1
/workspace/fashion_data/raw/train/train/image/124892.jpg,pred_10_02_skirt,skirt,DeepFashion2,development_or_diagnostic,1,configs/prd_3_1_predicted_roi_pilot20_v1.csv,1
/workspace/fashion_data/raw/train/train/image/124892.jpg,pred_14_01_top,top,DeepFashion2,development_or_diagnostic,1,configs/prd_3_1_predicted_roi_fullval_v1.csv,1
/workspace/fashion_data/raw/train/train/image/124892.jpg,pred_14_02_skirt,skirt,DeepFashion2,development_or_diagnostic,1,configs/prd_3_1_predicted_roi_fullval_v1.csv,1
/workspace/fashion_data/raw/train/train/image/142658.jpg,pred_11_01_top,top,DeepFashion2,development_or_diagnostic,1,configs/prd_3_1_predicted_roi_pilot20_v1.csv,1
/workspace/fashion_data/raw/train/train/image/142658.jpg,pred_11_02_pants,pants,DeepFashion2,development_or_diagnostic,1,configs/prd_3_1_predicted_roi_pilot20_v1.csv,1
/workspace/fashion_data/raw/train/train/image/142658.jpg,pred_15_01_top,top,DeepFashion2,development_or_diagnostic,1,configs/prd_3_1_predicted_roi_fullval_v1.csv,1
/workspace/fashion_data/raw/train/train/image/142658.jpg,pred_15_02_pants,pants,DeepFashion2,development_or_diagnostic,1,configs/prd_3_1_predicted_roi_fullval_v1.csv,1
/workspace/fashion_data/raw/train/train/image/152326.jpg,pred_17_01_top,top,DeepFashion2,development_or_diagnostic,1,configs/prd_3_1_predicted_roi_fullval_v1.csv,1
/workspace/fashion_data/raw/train/train/image/152326.jpg,pred_17_02_skirt,skirt,DeepFashion2,development_or_diagnostic,1,configs/prd_3_1_predicted_roi_fullval_v1.csv,1
/workspace/fashion_data/raw/train/train/image/152326.jpg,pred_17_03_pants,pants,DeepFashion2,development_or_diagnostic,1,configs/prd_3_1_predicted_roi_fullval_v1.csv,1
/workspace/fashion_data/raw/train/train/image/174323.jpg,pred_18_01_pants,pants,DeepFashion2,development_or_diagnostic,1,configs/prd_3_1_predicted_roi_fullval_v1.csv,1
/workspace/fashion_data/raw/train/train/image/174323.jpg,pred_18_02_skirt,skirt,DeepFashion2,development_or_diagnostic,1,configs/prd_3_1_predicted_roi_fullval_v1.csv,1
/workspace/fashion_data/raw/train/train/image/174323.jpg,pred_18_03_pants,pants,DeepFashion2,development_or_diagnostic,1,configs/prd_3_1_predicted_roi_fullval_v1.csv,1
/workspace/fashion_data/raw/train/train/image/178287.jpg,pred_13_01_pants,pants,DeepFashion2,development_or_diagnostic,1,configs/prd_3_1_predicted_roi_pilot20_v1.csv,1
/workspace/fashion_data/raw/train/train/image/178287.jpg,pred_19_01_pants,pants,DeepFashion2,development_or_diagnostic,1,configs/prd_3_1_predicted_roi_fullval_v1.csv,1
/workspace/fashion_data/raw/train/train/image/184087.jpg,pred_14_01_dress,dress,DeepFashion2,development_or_diagnostic,1,configs/prd_3_1_predicted_roi_pilot20_v1.csv,1
/workspace/fashion_data/raw/train/train/image/184087.jpg,pred_20_01_dress,dress,DeepFashion2,development_or_diagnostic,1,configs/prd_3_1_predicted_roi_fullval_v1.csv,1
